x,y,z,alpha,beta,gamma,time
0.7544441223144531,3.264280319213867,0.5013171434402466,-0.00044212956744335704,0.00031123538876875816,0.4082141859345215,1766201316.7259967
0.7545134425163269,3.2642126083374023,0.501380980014801,-0.0001620445127561975,0.00010958738769929744,0.40754511577367225,1766201316.7360933
0.754356324672699,3.2643182277679443,0.5009446740150452,-0.0003678113354499841,0.0009815701286236924,0.40888785776046943,1766201316.7361143
0.7545123100280762,3.2643697261810303,0.5010870099067688,0.0002064330569062698,0.0007237857877496803,0.40809050677233866,1766201316.7460086
0.7544277906417847,3.264282703399658,0.5012091398239136,-0.000521296386225222,0.0004930767420067427,0.4080722535960925,1766201316.7559574
0.7544287443161011,3.264467716217041,0.5012032985687256,-0.00027176326162713175,0.00011610571108253246,0.40786700695730815,1766201316.765991
0.7543613314628601,3.264450788497925,0.5011711716651917,-1.672317574820622e-05,0.00017150548537274782,0.4081862495072966,1766201316.7759883
0.7544645071029663,3.264451265335083,0.5009080767631531,-3.4573814510585215e-05,0.0007864231451215535,0.40792412065579153,1766201316.7860324
0.7544257640838623,3.264381170272827,0.5009763240814209,0.00011216312900465874,0.0007352101231319424,0.40822642352171323,1766201316.786107
0.7544885277748108,3.264296054840088,0.5013146996498108,5.345763849955706e-05,7.55583118140962e-05,0.40743932977576247,1766201316.7961237
0.7544559240341187,3.264352321624756,0.501308798789978,-1.9391136067419262e-05,4.644025443751044e-05,0.40762252782119623,1766201316.8060992
0.7545515894889832,3.264174222946167,0.5013530850410461,-0.0001279117625898599,8.200291461045056e-05,0.4071415285630317,1766201316.8161094
0.754558801651001,3.2642951011657715,0.5011183023452759,0.00027552736849914664,0.0006257412089455757,0.4076347661785963,1766201316.825987
0.7545126080513,3.26436185836792,0.5010495185852051,7.845667483324001e-06,0.0008327059287368696,0.4080832630522111,1766201316.8361185
0.7545817494392395,3.2643418312072754,0.5010192394256592,0.00022975433250417907,0.0006171913277464973,0.4079431889954981,1766201316.846042
0.7544764280319214,3.2644033432006836,0.5009347796440125,-0.0002993875188615902,0.0008901597614346888,0.4082824951299588,1766201316.8461804
0.7545832991600037,3.264277458190918,0.5012974739074707,-0.00025563751740282194,0.00016276082874415392,0.4071501978696203,1766201316.8560548
0.7544657588005066,3.2642805576324463,0.5012818574905396,-0.00040475273759197055,0.0003186103978532895,0.4079947338637049,1766201316.8659656
0.7545323371887207,3.264357805252075,0.5009454488754272,-0.00018404248565113076,0.0007112555598125126,0.4076891055281364,1766201316.8760445
0.7543834447860718,3.264482021331787,0.5011155009269714,-0.0003816449005111592,0.00040908328522937243,0.4079730474640694,1766201316.886055
0.7539211511611938,3.2649359703063965,0.5009474158287048,-0.00011143357317349695,0.0007690939319769213,0.41085680919748924,1766201316.8860824
0.7542786002159119,3.264406681060791,0.501219630241394,-0.000525843633829591,0.000540211469196391,0.40853710469585536,1766201316.8960266
0.7543336153030396,3.2644875049591064,0.5008735060691833,-0.0001079590996257898,0.0008691642809920089,0.4089649622691679,1766201316.906061
0.7545855641365051,3.264169692993164,0.501289963722229,-0.00021533835732506348,0.00014907895979287912,0.40711509898772363,1766201316.9161162
0.7544122338294983,3.2643189430236816,0.5012446641921997,-0.00042496967886887597,0.00048383755814557043,0.40817960784695667,1766201316.926043
0.7545080184936523,3.2642946243286133,0.5012956261634827,-0.00024929391776926525,0.00020276889904660345,0.4077349569163955,1766201316.9361
0.7544469833374023,3.2642550468444824,0.5010339021682739,-9.985207018590448e-05,0.0007508500600188858,0.4085549432201124,1766201316.9361491
0.7544784545898438,3.2641940116882324,0.5010825395584106,-0.0002290060457768891,0.0008182895255890104,0.40854571110277504,1766201316.945949
0.7545148134231567,3.264284133911133,0.5011939406394958,0.0002333217637712084,0.0005951990241442744,0.4081689507396719,1766201316.9561188
0.7544677257537842,3.2642037868499756,0.5010895729064941,-0.0002510922118133816,0.0010004351726124044,0.40848218740687836,1766201316.9660933
0.7544530034065247,3.2642271518707275,0.5009709000587463,-0.00035594560814247744,0.0009504892788477213,0.40848487202475703,1766201316.9760723
0.7544780969619751,3.264253854751587,0.5010156631469727,-4.272210610965235e-05,0.000745266255954951,0.4082237549009497,1766201316.986131
0.7545324563980103,3.2644107341766357,0.5012208819389343,-0.00031454710830495396,9.933803052994456e-05,0.4074152714124374,1766201316.9861808
0.7544007897377014,3.264444589614868,0.5012192726135254,-0.0001833594195427606,0.0002906344153801938,0.40817030380242053,1766201317.0060968
0.7544216513633728,3.2644851207733154,0.5011399388313293,-0.0002680773277229802,0.00032467695275344274,0.4080612858221471,1766201317.006121
0.7544958591461182,3.2642440795898438,0.5012305974960327,-0.00027024802987846163,9.500041692605807e-05,0.4072379718852772,1766201317.0160594
0.7544288039207458,3.2644665241241455,0.5011746287345886,-0.000380773816286873,0.0003368178333174334,0.40790060298127023,1766201317.0259914
0.7544273138046265,3.2644059658050537,0.5009065270423889,2.0108436978629565e-05,0.0008178729940574835,0.4085418549969981,1766201317.0361488
0.7545091509819031,3.26432728767395,0.5012336373329163,-0.0003257518145376791,0.00018980102682782904,0.40763931252193386,1766201317.0362089
0.7543534636497498,3.264385461807251,0.5012920498847961,-0.0002474940716387687,0.00031885731000092616,0.4083452736157711,1766201317.0460563
0.7544111013412476,3.264287233352661,0.5011141896247864,0.0001857580313701456,0.0008256457019578037,0.40860453476583525,1766201317.056073
0.7544180750846863,3.2642860412597656,0.5011407732963562,0.00031866380929327905,0.0007490769892730631,0.4085533982812428,1766201317.0660565
0.7544270753860474,3.264291286468506,0.5011157393455505,2.1672351952197938e-05,0.0007540633668160981,0.4086365598347953,1766201317.0761566
0.7547193765640259,3.264130115509033,0.5013751983642578,-0.00018333609679725186,-6.928612009516462e-05,0.40643075099095316,1766201317.0860686
0.7545213103294373,3.264418125152588,0.5012867450714111,1.0458134240940702e-05,5.773751938473796e-05,0.4076549914859335,1766201317.08612
0.7545082569122314,3.2643771171569824,0.5010306239128113,5.900545148809865e-06,0.0007514411155199866,0.40797367721175876,1766201317.1060925
0.7543091773986816,3.264453649520874,0.5012460947036743,-0.00029096152878983734,0.0003842134917916433,0.40888664998359947,1766201317.1061172
0.7546309232711792,3.2642080783843994,0.5012391209602356,-0.000261533395117382,0.00013829883465045595,0.40657069820760044,1766201317.116057
0.7542293071746826,3.264604330062866,0.5011353492736816,-4.562007228710389e-05,0.0003783910448071302,0.4091469803895467,1766201317.1260748
0.7543633580207825,3.264512538909912,0.500888466835022,2.59867326682421e-05,0.0008832568621647278,0.40855699078792196,1766201317.136148
0.7545432448387146,3.2644362449645996,0.5011700391769409,-0.00027906474470884774,0.0001885311009077495,0.40722930274051167,1766201317.1362128
0.7544201612472534,3.2644619941711426,0.5009970664978027,0.00010691696214289303,0.0009056905726350694,0.40843158583990635,1766201317.1459885
0.7546310424804688,3.264270067214966,0.5012500882148743,-0.0003312344034313729,6.086618285650399e-05,0.40693242472829916,1766201317.1560788
0.7544496655464172,3.264343738555908,0.5012696981430054,-0.00027587944331444454,0.00021726583319333164,0.40785697047432506,1766201317.1659539
0.7543991804122925,3.264397382736206,0.5010861158370972,0.00017175339716622378,0.0007532554080499924,0.40854445453578303,1766201317.1760695
0.7544686198234558,3.264288902282715,0.5013222694396973,-0.00036248660476128383,0.0002994558033943444,0.4077157397749861,1766201317.1859496
0.7541936039924622,3.26477313041687,0.5011649131774902,-0.00012133370217585965,0.0004887773785811587,0.4093596177710703,1766201317.185964
0.7544311881065369,3.26425838470459,0.5014313459396362,-0.0001985720780402473,0.0002395319999974862,0.40799064147184605,1766201317.1959865
0.7544496059417725,3.2644431591033936,0.5012537837028503,-0.0001944630643381762,0.00021767386335894715,0.40803625099607427,1766201317.206103
0.7545357942581177,3.264230251312256,0.5012463331222534,-0.0003856519498559155,0.00022283070652127479,0.4074847407166969,1766201317.2160912
0.7544350028038025,3.2642245292663574,0.5013364553451538,-0.0005189032940421311,0.00039558624496177945,0.40834008509582875,1766201317.2260897
0.7544013857841492,3.264427423477173,0.5009897351264954,6.6074001141635e-05,0.000852605429941258,0.40861621022775896,1766201317.236107
0.7545792460441589,3.2642173767089844,0.5012328028678894,-0.0003843008138061003,4.704019450111092e-05,0.4069198997457265,1766201317.2361577
0.7546667456626892,3.264275312423706,0.5013059377670288,-0.00012265427011741987,-2.429187847837731e-05,0.40629867640236883,1766201317.2459815
0.7545474171638489,3.2643048763275146,0.501275360584259,-0.0003916737636407095,0.00019901403607728454,0.40708871058088725,1766201317.256078
0.7545021176338196,3.264378786087036,0.5010197162628174,0.00015662672074027146,0.0007846030152711461,0.40801170412449694,1766201317.266168
0.7544673681259155,3.2645561695098877,0.5009735822677612,0.0004604661094114014,0.0005654903173443678,0.4083262259649353,1766201317.276126
0.754404604434967,3.264479398727417,0.5009044408798218,-7.637403944751571e-05,0.00094506504787371,0.40886624181818565,1766201317.2860756
0.7544342875480652,3.2643744945526123,0.5013859868049622,-2.0576158245528237e-05,0.00019747861532929886,0.4081619454826797,1766201317.2861338
0.7543638348579407,3.264284610748291,0.5013210773468018,-0.00047178136320510055,0.00047062976141189477,0.4086961153055397,1766201317.2959454
0.7544131278991699,3.2642831802368164,0.5010778903961182,0.00011528757315972804,0.000752425069286263,0.40860085943399305,1766201317.306116
0.754572868347168,3.264068365097046,0.5013597011566162,-0.00046286524013376283,0.00014594270493673367,0.4068015418658342,1766201317.3160355
0.7545033693313599,3.264220714569092,0.5013871192932129,-0.00024273831800293512,0.00023630247225098065,0.40772976472193395,1766201317.3261178
0.7544593811035156,3.2643532752990723,0.5012637376785278,-0.0002249833764797333,0.0002613701271351963,0.4079560233466238,1766201317.3360977
0.7543092966079712,3.2646796703338623,0.5011423230171204,0.00032964726304255646,0.00015546100517256308,0.4086621305847121,1766201317.3361487
0.7545152902603149,3.264472007751465,0.5013356804847717,0.00016575177990033697,2.1489056605914983e-05,0.40731790902452913,1766201317.34598
0.7543215751647949,3.2646045684814453,0.5010844469070435,-9.529924298695983e-05,0.0003551784593269844,0.40845250294133295,1766201317.356067
0.7544382810592651,3.264519691467285,0.5011969208717346,-0.0001644831834941795,0.0002333735023008744,0.4078456467176494,1766201317.3660638
0.7538347244262695,3.2650222778320312,0.5008436441421509,-6.762644881235179e-05,0.0009027135036165269,0.41149232107555883,1766201317.3761733
0.7542819976806641,3.2645411491394043,0.5012855529785156,0.00011843153705389099,0.00019995262810327465,0.408651005654601,1766201317.3861144
0.7544191479682922,3.2645483016967773,0.5012341737747192,-0.00015729100177953544,0.00020363043111580964,0.4078947236814524,1766201317.3861694
0.7540823221206665,3.2647011280059814,0.5011181831359863,7.244386709244834e-05,0.0004901142470866813,0.40981809135682445,1766201317.3960605
0.7540098428726196,3.264726400375366,0.5010349154472351,-7.182049642045214e-05,0.0006594972241488422,0.41030222382463766,1766201317.4160807
0.7544742226600647,3.264345645904541,0.5010808110237122,0.00014494808866044346,0.0007541099341741144,0.4082168282894399,1766201317.4161086
0.7543597221374512,3.264392852783203,0.500992476940155,-1.654337102782276e-05,0.0010262806800950064,0.40906540957339843,1766201317.426112
0.754410982131958,3.2643275260925293,0.5010215044021606,-0.0003222952312194009,0.0009043295868291705,0.40872185237365155,1766201317.4361336
0.7545052170753479,3.2643489837646484,0.5010151267051697,-8.542364953881375e-05,0.0007795245990627448,0.40832218198892195,1766201317.4361837
0.7546548247337341,3.264218807220459,0.5012412071228027,-0.000572787993094779,0.00013584651044936337,0.4067251102132294,1766201317.4459908
0.7544302344322205,3.2644972801208496,0.5013235807418823,0.00016833071540084868,6.263188340889202e-05,0.4077611194336311,1766201317.4560778
0.7538663148880005,3.2648751735687256,0.5010159015655518,-5.231501546200398e-05,0.0007562799226792405,0.41136747844447735,1766201317.4661155
0.7543627023696899,3.2643837928771973,0.5009596943855286,1.8381565955475944e-05,0.0008912627107313914,0.4085806539301137,1766201317.4760273
0.7545925378799438,3.2643117904663086,0.5011990666389465,-0.0001379991174500929,1.3190109053155848e-05,0.40676332024359435,1766201317.4861643
0.7543933391571045,3.2644124031066895,0.5012260675430298,3.2203998455622146e-05,0.0002513298851376845,0.40783299292397523,1766201317.4862275
0.7543918490409851,3.2642860412597656,0.5012540817260742,-0.0004173254188034415,0.0003659053846414497,0.4079921447211836,1766201317.4960582
0.7542703151702881,3.2643649578094482,0.5012137293815613,-0.00047542443046345124,0.0004985723366865571,0.4087762830072436,1766201317.5060675
0.7545620203018188,3.264214038848877,0.5013171434402466,-0.00014349680764049337,-1.5650548793731828e-06,0.40727988127842285,1766201317.5160563
0.7542453408241272,3.2645647525787354,0.5012343525886536,-0.00019610670237275995,0.00036028276130296437,0.4089430191720603,1766201317.526066
0.7544260025024414,3.264432191848755,0.5015352964401245,0.00024823503855537804,-2.568080958205167e-05,0.40818520216035015,1766201317.536088
0.7543841600418091,3.2643024921417236,0.501366138458252,-0.00033099386891292443,0.0003390363283758346,0.4085801668854085,1766201317.5361226
0.7539280652999878,3.264791965484619,0.5011590719223022,0.0002268676577546875,0.0005541965619811462,0.4109696748727966,1766201317.546071
0.7544399499893188,3.2644379138946533,0.5013263821601868,-8.823974915020638e-05,0.0001235905575172189,0.40797691301939343,1766201317.5559776
0.7545852661132812,3.2644565105438232,0.5014197826385498,-4.525345478770321e-06,-7.954688944225574e-05,0.4072735212512018,1766201317.5661213
0.7544776797294617,3.2646241188049316,0.5010156631469727,0.0001391792898197295,0.0007774641356423149,0.408388741998479,1766201317.5760846
0.7543419003486633,3.26454758644104,0.5009805560112,6.98885360010597e-05,0.000897419945788407,0.4086673975744165,1766201317.5861118
0.7544437050819397,3.264427423477173,0.5013223886489868,-0.0001187292947687612,0.0002502635376744801,0.40793190454175365,1766201317.5861619
0.7543484568595886,3.264463424682617,0.5009749531745911,-4.5715573335649104e-05,0.0010520425768081923,0.4089151234128617,1766201317.5960612
0.7543484568595886,3.264453172683716,0.5010330080986023,0.00011853072101408819,0.0008537858333577075,0.4086579298920128,1766201317.605968
0.7537703514099121,3.2649431228637695,0.5009470582008362,-0.00013452041777569764,0.0010178024877524692,0.4117918078221582,1766201317.6160233
0.7543544769287109,3.2643141746520996,0.5010138154029846,-0.0002118843394083219,0.001066381728896354,0.40887344899744454,1766201317.6261292
0.7538372278213501,3.2648980617523193,0.5011283755302429,5.03878645631172e-05,0.000809434982998055,0.41120473172632027,1766201317.6361282
0.754214882850647,3.2644896507263184,0.5012681484222412,-0.00018101538642839737,0.00037397995067760107,0.4089703874926083,1766201317.6361783
0.7543567419052124,3.2642321586608887,0.5014477968215942,-0.00015357123363942364,0.00037417890045177924,0.40830045536523735,1766201317.6461253
0.7538290619850159,3.264805793762207,0.5011709928512573,3.902257695548384e-05,0.0007813826101758345,0.4114315740165167,1766201317.6561286
0.7543569803237915,3.2643914222717285,0.50138920545578,-0.00038026088987321813,0.00043932966246549746,0.4084952375103182,1766201317.6661084
0.7543078660964966,3.2643237113952637,0.501392126083374,-0.00017522008012809358,0.0004416527168499524,0.40871652805077563,1766201317.6761308
0.7537751197814941,3.2647786140441895,0.5011380910873413,5.263218333162516e-05,0.0009050663118581771,0.41185165710252253,1766201317.686089
0.7543997764587402,3.26432204246521,0.5010477304458618,3.925262653559387e-06,0.0007694659376890758,0.40848614664136884,1766201317.6861944
0.7543334364891052,3.2642436027526855,0.5010878443717957,-2.3566196702227333e-05,0.0009437427772911812,0.4088211218307085,1766201317.696056
0.754442036151886,3.2644498348236084,0.5010201930999756,4.7564534868538505e-05,0.000710440156904451,0.40816765836510505,1766201317.7060418
0.754479706287384,3.264284610748291,0.5014296174049377,1.7487147606351533e-05,-5.26227072046759e-06,0.4071136658188908,1766201317.7160516
0.7543111443519592,3.2643585205078125,0.5010292530059814,3.0743296671890966e-05,0.0008369041369365853,0.40877606919091003,1766201317.7261212
0.7543848156929016,3.264356851577759,0.5009793639183044,4.5038415324719845e-05,0.0009258001494081132,0.408283573068139,1766201317.7361145
0.7544026374816895,3.264446496963501,0.501350462436676,0.00024366696003648935,0.00012497856553914268,0.40795496903840234,1766201317.7362092
0.7545063495635986,3.2642757892608643,0.5012930631637573,-0.00028512043646435536,0.00027073381744300494,0.4077278830234975,1766201317.7460563
0.7544571757316589,3.264378309249878,0.5013388991355896,0.0001722514569562884,2.1216309593321802e-05,0.40807096900948264,1766201317.7560453
0.7545158863067627,3.2642710208892822,0.5013483762741089,-0.0003272406397267395,0.00022467998881254308,0.4077194284477856,1766201317.7660973
0.7545618414878845,3.2642500400543213,0.5013940334320068,-0.00015831736221234613,5.0303364429312535e-05,0.4074006708176288,1766201317.7761037
0.7545489072799683,3.2642836570739746,0.501236081123352,-0.0005110358249169596,0.00018446756461221813,0.4074787799762205,1766201317.7861242
0.7540917992591858,3.264556407928467,0.5010928511619568,-0.0003331646978228129,0.0006206207438917388,0.4100062860469604,1766201317.7861717
0.7543299794197083,3.2644729614257812,0.5011267066001892,-1.3367077476430718e-05,0.0002936157541796317,0.4084177936960026,1766201317.7960544
0.7543460726737976,3.264331102371216,0.5009153485298157,-0.00013516803921718605,0.0009542304242648623,0.4088024981618873,1766201317.8061068
0.7543880939483643,3.2644851207733154,0.5011524558067322,-0.0001438465319002309,0.00021670573522052116,0.40793570179726213,1766201317.8161283
0.7544437646865845,3.264437198638916,0.5008962750434875,-6.74977304407763e-06,0.0008063197740993831,0.4082285774465933,1766201317.82611
0.7543554306030273,3.2643914222717285,0.5010179877281189,0.0004886312522660371,0.0007024545459755223,0.4083377478925216,1766201317.8361053
0.7543707489967346,3.2645819187164307,0.5008350610733032,-1.7753921984897135e-05,0.0008352429909459103,0.40845780287419814,1766201317.8361566
0.7544987201690674,3.2643015384674072,0.5012313723564148,-0.00012355906206085968,0.0001499560262542712,0.4076511115196689,1766201317.846011
0.754490077495575,3.264366865158081,0.5012568235397339,7.189879480807773e-05,0.000213985161790993,0.4078500693465627,1766201317.8560972
0.7543110251426697,3.264434576034546,0.5011981129646301,-0.00029871304872762316,0.00046208553511179677,0.40904373458445303,1766201317.8660862
0.7543650269508362,3.2644612789154053,0.5011449456214905,-0.0002912928042504531,0.00034054427010523914,0.40869961946273314,1766201317.8761184
0.754525363445282,3.2641189098358154,0.5010441541671753,-0.0003376463515005745,0.0008590382174251589,0.408379104307402,1766201317.886069
0.7544584274291992,3.2642054557800293,0.5013309121131897,-0.0002836628137152188,0.00028136473682421724,0.4081096970249289,1766201317.8861225
0.754531741142273,3.264174461364746,0.5013605356216431,-0.00027081744756703966,0.00027761130706331817,0.4074776030293976,1766201317.8960094
0.7545909881591797,3.264223575592041,0.5013611316680908,-0.0001185969660775619,9.239387126832629e-05,0.40713458450518136,1766201317.9060352
0.7544540762901306,3.2643237113952637,0.5012197494506836,-0.0005044597312972256,0.00023738578412460038,0.4075840438487699,1766201317.9160743
0.7543213367462158,3.2643802165985107,0.5009822845458984,0.00023961538048477467,0.0008422575323512495,0.40884695726153775,1766201317.926088
0.7543794512748718,3.264524459838867,0.5008580684661865,8.861431591495281e-05,0.0008755459457744476,0.4084663587901977,1766201317.9361086
0.7545565366744995,3.264441728591919,0.5011887550354004,-6.853593039105045e-05,2.2941276269492156e-05,0.40693269671067867,1766201317.9361596
0.7543588280677795,3.264492988586426,0.500867486000061,-8.751817225917819e-05,0.0008932786134731155,0.4088488450426767,1766201317.9460058
0.7544244527816772,3.264509916305542,0.5008811354637146,5.617187905846402e-05,0.0008099802691948869,0.4085825845419981,1766201317.9560425
0.7545499801635742,3.264301061630249,0.5012431144714355,-0.000428841731795884,0.000265412258789684,0.4072889710223094,1766201317.966036
0.7546014785766602,3.264341354370117,0.501358687877655,2.5112899376984616e-05,-5.565325408909237e-05,0.4072238628807143,1766201317.9761152
0.7543452382087708,3.2646775245666504,0.5011407732963562,6.153493554652547e-05,0.00021260122615337191,0.4085200637629403,1766201317.9860992
0.7544841766357422,3.2643134593963623,0.5012875199317932,-0.0005153079452826824,0.00030199821627281296,0.4078598158967412,1766201317.9861486
0.7544627785682678,3.264279365539551,0.5010460019111633,2.3202590801401324e-05,0.0008355508481704792,0.4085687079873108,1766201317.9961214
0.7543638348579407,3.26422119140625,0.5013672113418579,-0.00030046801003892447,0.00036115561899029754,0.4084207513994186,1766201318.0061045
0.7544385194778442,3.2641966342926025,0.5012975931167603,-0.0007802931817289725,0.00032238483472424073,0.40805225608173756,1766201318.0160983
0.7544007301330566,3.264346122741699,0.5012474060058594,-0.0002583026852651763,0.00022034234878163598,0.4080741771693756,1766201318.0260727
0.7542759776115417,3.2643983364105225,0.5008841753005981,-6.76063005556206e-05,0.0010486609821040921,0.4093729061713053,1766201318.036114
0.754414439201355,3.264324188232422,0.5009520649909973,-2.1193987097883214e-05,0.0008509847065896664,0.40825863193044293,1766201318.036164
0.7544400095939636,3.264512062072754,0.5009798407554626,0.00043105873450817396,0.0007704399002886928,0.4082485613264359,1766201318.0460587
0.7542662024497986,3.264469623565674,0.500862181186676,-0.00010050849547283151,0.0010114356013726825,0.409259469621376,1766201318.056052
0.754111647605896,3.2646164894104004,0.5010507106781006,-9.119393562621151e-05,0.0005002352590147325,0.40968159521234254,1766201318.0660937
0.7544398307800293,3.264486074447632,0.5010054707527161,0.00041804208647813187,0.0006884832485340556,0.40808522217560617,1766201318.0761178
0.754550576210022,3.264281749725342,0.501236617565155,-0.00038553592812923417,0.0001305826489136008,0.40711364069275024,1766201318.0860493
0.7545379996299744,3.2642438411712646,0.5012507438659668,-0.0004202144879819879,0.00021285568864204207,0.40738673228121386,1766201318.0860639
0.7543165683746338,3.264378786087036,0.5012674331665039,-0.0002676167560589095,0.000319585939892522,0.40884679935349716,1766201318.096115
0.7545066475868225,3.2642836570739746,0.5013391971588135,-0.0002434426212687674,0.0001806024916832796,0.4077368129060459,1766201318.1061375
0.7544400095939636,3.264211654663086,0.5011094808578491,8.786418932630241e-05,0.0008416292046976995,0.40829172453928736,1766201318.1160593
0.7546301484107971,3.264221668243408,0.5013664960861206,-0.00027598283762441013,5.303980422722353e-05,0.4070955503030511,1766201318.1261358
0.7544525861740112,3.2643277645111084,0.5009936690330505,7.40572809903846e-05,0.0008175979432458297,0.4084225377006589,1766201318.1361175
0.7545545697212219,3.2642428874969482,0.5013883113861084,-0.00042577941902777823,0.0001974016496725218,0.40746856857930425,1766201318.1361663
0.7545356154441833,3.2642757892608643,0.5012765526771545,-0.00035794521009261255,0.00023245967436236217,0.40736375935547064,1766201318.1460974
0.7544800043106079,3.264461040496826,0.5009692907333374,0.00047353895983511354,0.0005760149322085446,0.4079734370156556,1766201318.156115
0.754369854927063,3.2644665241241455,0.5009225606918335,9.904506315221983e-05,0.0007256485581160164,0.4084460155166993,1766201318.1661785
0.7544635534286499,3.2646079063415527,0.5009623765945435,0.0005716185476008655,0.000545486366158914,0.4078737380284882,1766201318.1760843
0.7543845772743225,3.264430046081543,0.5009154677391052,9.5699930602847e-05,0.0008934314009422217,0.4085036008460163,1766201318.1860971
0.7543362975120544,3.264772653579712,0.5009968280792236,-2.2937289592566738e-05,0.00011415049023802145,0.40866477344732605,1766201318.1861482
0.7544729113578796,3.2646102905273438,0.5009101033210754,0.00020517131100927105,0.0007060978557207902,0.40839040373084967,1766201318.1960554
0.7544167041778564,3.2646303176879883,0.5011003613471985,-0.00033579299628736257,0.00035017639890084785,0.40864908233071584,1766201318.2059894
0.754599928855896,3.264268636703491,0.5013899207115173,1.0805934622932523e-05,5.250666579925602e-05,0.40707003375872886,1766201318.2160573
0.7544689178466797,3.2642664909362793,0.5012781023979187,-0.0002955766675906678,0.00021447890817787775,0.4078354177146,1766201318.2260945
0.7540736198425293,3.264634609222412,0.5011345148086548,-2.5046512757596986e-05,0.0005191492760646245,0.4103121413857861,1766201318.2361064
0.7544076442718506,3.264309883117676,0.5013837814331055,-0.00022267028289333593,0.0003095057055666411,0.40815608729290864,1766201318.236156
0.7544873952865601,3.2642383575439453,0.501400351524353,-0.00030012023505009356,0.00021204813393003872,0.40741857612898363,1766201318.246072
0.7544328570365906,3.264249563217163,0.5013666749000549,-0.0002903405715779734,0.00023819967076753687,0.4078478825290351,1766201318.2561243
0.7545081973075867,3.264225482940674,0.5012621879577637,-0.0005104245035810698,0.0001356311860815042,0.4074791960331042,1766201318.266104
0.7542129755020142,3.2646193504333496,0.5011047720909119,-0.00014433207543265228,0.0004624506331469536,0.4087073916424802,1766201318.276125
0.7545543313026428,3.2641489505767822,0.5013294219970703,-0.00013519017196048755,9.273560201118285e-05,0.4070579579874038,1766201318.2860985
0.7545456886291504,3.2643356323242188,0.5012755393981934,0.00010221767656002814,-8.554292683532626e-05,0.407172208161683,1766201318.2861474
0.754429280757904,3.264296293258667,0.5009914040565491,9.622809440797631e-05,0.0007832040410634416,0.40818717825409695,1766201318.2960613
0.754464328289032,3.264437198638916,0.5013183355331421,0.00029067911278484186,-6.715991049888993e-05,0.40767824932151825,1766201318.3061001
0.7546987533569336,3.2644081115722656,0.5013167858123779,9.132276486598438e-05,-0.00016460921000476013,0.40655623737201074,1766201318.3161006
0.7546527981758118,3.264397621154785,0.5012435913085938,-5.01255663570495e-05,6.110242357870285e-05,0.4067259699688179,1766201318.3260984
0.7544763088226318,3.2643847465515137,0.5010073781013489,0.000210092761151423,0.0007651538265887186,0.40833303243578895,1766201318.336106
0.754340410232544,3.264533281326294,0.5012950897216797,0.0001254324684069584,0.00020202920538829104,0.4084663960389677,1766201318.336155
0.754571259021759,3.2642250061035156,0.5013300180435181,-0.00012609210926624943,0.00012235794774833104,0.4071045507438078,1766201318.346066
0.753972589969635,3.264646053314209,0.501151978969574,2.273542494150253e-06,0.0007471010609602429,0.41079044856871966,1766201318.3560505
0.754714846611023,3.264232635498047,0.5014063119888306,-0.00017923903489276403,6.835147020237309e-05,0.4065694361096837,1766201318.366052
0.7542453408241272,3.2644288539886475,0.5012779235839844,-0.00027332785771955317,0.0004049690006253581,0.40927787522604875,1766201318.3761148
0.7544957995414734,3.2642481327056885,0.5009936690330505,-1.3385708154445048e-05,0.0006747612933814802,0.4080295230676888,1766201318.3861167
0.7544021606445312,3.2642600536346436,0.5010409951210022,0.00018068237007094705,0.0007970572311804542,0.40865256332907246,1766201318.3861656
0.7540875673294067,3.2647788524627686,0.5010434985160828,5.5390971099218295e-05,0.0005460347323838895,0.41006618596023625,1766201318.3960605
0.7543976902961731,3.2645883560180664,0.5008789300918579,0.0001191611527753194,0.0009446752462129316,0.4086877337400074,1766201318.4060962
0.7543442249298096,3.264500856399536,0.500907301902771,4.17183032997433e-05,0.000945182995599555,0.4088188430353929,1766201318.416098
0.7542771100997925,3.2645037174224854,0.5011745691299438,-8.644542879908159e-05,0.000308046425150645,0.4086181723444984,1766201318.426083
0.7545608282089233,3.264364004135132,0.5013182163238525,2.6259038217951902e-05,-0.0001402542347471817,0.4070759932750718,1766201318.436102
0.7542499899864197,3.2646920680999756,0.5011250972747803,1.8854934412205542e-05,0.000396464140559794,0.40904838317602055,1766201318.436151
0.7545732259750366,3.264285087585449,0.5012938380241394,-0.00039274950462665856,0.00015653401556433357,0.4073862792852942,1766201318.4460647
0.7544469237327576,3.264301300048828,0.5011205673217773,0.00039876735689202604,0.000648346318549919,0.4085330285964223,1766201318.4560783
0.7545009851455688,3.264310836791992,0.5010632276535034,6.672644090085341e-05,0.0006977486608663558,0.40809609595479734,1766201318.4661145
0.754498302936554,3.2642834186553955,0.5014228820800781,-0.00018310269799191018,0.0002436495243027483,0.40778568206863475,1766201318.476111
0.7543768882751465,3.2643637657165527,0.5012739300727844,-0.00046336590833683227,0.00044005547714875216,0.40835009798295485,1766201318.486088
0.7544107437133789,3.2643094062805176,0.5009868144989014,-0.0002753939270403303,0.0009294782358288881,0.40844107144574765,1766201318.4861615
0.7545729279518127,3.2642624378204346,0.5013589262962341,-0.00022377438889968032,7.139459894333627e-05,0.4072546167911129,1766201318.4960527
0.7543375492095947,3.264502763748169,0.5013136267662048,0.00013755348725592414,0.00015160069499015955,0.4085544758454935,1766201318.506025
0.7543944120407104,3.2645020484924316,0.5011366009712219,-0.0002664956054975179,0.0002927349183918819,0.40789883881315103,1766201318.5160146
0.7544511556625366,3.2642035484313965,0.5012899041175842,-0.00015750297053695027,0.00020540048436606045,0.40755222235861194,1766201318.5260942
0.7542971968650818,3.2644495964050293,0.5009486675262451,0.00019677276406648037,0.0008389410160462753,0.4087716263655249,1766201318.5361025
0.7544354200363159,3.2642974853515625,0.5012921690940857,-0.00018592982004428954,0.00017681520233460847,0.4075883662794146,1766201318.536152
0.7542215585708618,3.264450788497925,0.5011821389198303,-0.0003157910671868942,0.00043089879455807676,0.409116218177397,1766201318.5460732
0.7544893026351929,3.2641520500183105,0.501293957233429,-0.0004156856703286233,0.0002623543065180558,0.407652077633478,1766201318.5560443
0.75437992811203,3.2644104957580566,0.5012673735618591,-0.0003076365311733943,0.00036628278124250754,0.40833515697787925,1766201318.566109
0.7544938325881958,3.26430082321167,0.5010290145874023,0.00015317271283362554,0.0008093911928372839,0.40846380973108104,1766201318.5761003
0.7545174956321716,3.2643237113952637,0.501011312007904,-2.7063498707783906e-05,0.0007350798457941943,0.4081831042134429,1766201318.586101
0.7545396685600281,3.264373779296875,0.5013258457183838,8.836486019082632e-06,2.5572503709309796e-05,0.4076774571679345,1766201318.58615
0.754432737827301,3.264256000518799,0.5012533664703369,-0.00034539411061986126,0.000265091818863798,0.4079972130957449,1766201318.5960531
0.7545545101165771,3.2642018795013428,0.5010954737663269,0.0003270926212284099,0.0007021633146976589,0.40774529837882617,1766201318.6060417
0.7544869184494019,3.264390230178833,0.5010007619857788,-7.067236336427225e-06,0.0007815972081069365,0.40793197500579265,1766201318.616066
0.7543017864227295,3.2643826007843018,0.5009518265724182,0.00021271300061300106,0.0009167550302965753,0.4087662875351438,1766201318.6260629
0.7544896602630615,3.264164447784424,0.5013089776039124,-9.611451443383911e-05,0.00019808747463678626,0.40734591159420563,1766201318.6361165
0.7543659210205078,3.264369010925293,0.501173734664917,-0.00031924485919298645,0.0005076209703172717,0.4078809994385591,1766201318.6460915
0.7543593645095825,3.2643141746520996,0.5010311603546143,0.00019291804198423842,0.0008294252873690431,0.408242834665767,1766201318.6461437
0.7545861005783081,3.264279842376709,0.5012184977531433,-0.00013686184220316566,-3.96561129313067e-06,0.4065271907178606,1766201318.6560087
0.7544586062431335,3.2645483016967773,0.5013251304626465,0.0002205242326005073,-2.715705273182331e-05,0.4081448375354426,1766201318.6661146
0.7544076442718506,3.26462721824646,0.5012006759643555,-0.00011738779595400693,0.0002683767146534871,0.4085986416023907,1766201318.6760554
0.7547008991241455,3.264458656311035,0.5013496279716492,2.374901269034733e-05,3.673696714425203e-05,0.406969882679203,1766201318.686065
0.7546128034591675,3.2642412185668945,0.5013583898544312,-0.00043971435039252707,0.00034163224612872024,0.4075791024789402,1766201318.6860976
0.7545809745788574,3.264315128326416,0.5010714530944824,0.0003314592601489234,0.0006824379667530415,0.40807908884214367,1766201318.6961172
0.7545085549354553,3.2643003463745117,0.5010902285575867,-0.00013349211260777779,0.0009606605123117351,0.40857123561468667,1766201318.706089
0.7547321319580078,3.2642288208007812,0.5013832449913025,-8.652373745489369e-05,0.00011504942416146999,0.4065746210525126,1766201318.7161276
0.75454181432724,3.2641372680664062,0.5013698935508728,-0.0002723739039994647,0.0002005046907782214,0.4076336463467168,1766201318.7260768
0.7543812990188599,3.264503002166748,0.5012865662574768,0.0003389955990372477,0.00021083755861205447,0.4080614818145425,1766201318.7360635
0.7540233731269836,3.2649619579315186,0.5010697245597839,0.0004394971248907297,0.0005879554801968105,0.41035269539997976,1766201318.746115
0.7543851733207703,3.2645013332366943,0.5012714266777039,1.4450186824950808e-05,1.1934351915932953e-05,0.40808453894297675,1766201318.7461655
0.7541933059692383,3.2644877433776855,0.5013123750686646,3.588908741765564e-05,0.00039081862108043597,0.40887508145363355,1766201318.7559798
0.7543804049491882,3.2642414569854736,0.5012664794921875,-0.00029731686596948676,0.00036680557936387946,0.4077707698915566,1766201318.7660291
0.754321277141571,3.2646050453186035,0.501019299030304,-0.0003394116434273505,0.00030927464512765297,0.408101349831255,1766201318.776047
0.7540944218635559,3.26461124420166,0.5010507106781006,0.00011624312661893283,0.000544302250910629,0.4097172295091153,1766201318.7859802
0.7544493079185486,3.2643351554870605,0.5012619495391846,-0.00038973308127933365,0.0002866402248188852,0.4078468206857012,1766201318.7860196
0.7545187473297119,3.26438570022583,0.5009939670562744,0.00012715094201774704,0.0006745216910980489,0.40817703035266567,1766201318.7959986
0.7542393803596497,3.2645716667175293,0.5012868046760559,2.626225777516561e-05,0.0005190916440141875,0.4091877983869049,1766201318.806119
0.7544103860855103,3.2642548084259033,0.5013864040374756,-0.0003179308325009477,0.00025978994623349424,0.4081900317672596,1766201318.8161042
0.7544330358505249,3.2642791271209717,0.5014683604240417,2.643072299895803e-05,5.568064325937022e-05,0.40794297794503703,1766201318.8261054
0.7543114423751831,3.2646727561950684,0.5011086463928223,-9.731148261157085e-06,0.0004005851197865461,0.4091513052405811,1766201318.8360996
0.7543541193008423,3.2645010948181152,0.5012621283531189,-4.2942038729023484e-05,0.00022470191062996198,0.40865472355222365,1766201318.8461041
0.7544447183609009,3.2642822265625,0.5012800097465515,-0.00038009460234618794,0.00028816579442529297,0.4078478039738119,1766201318.8461533
0.7543631792068481,3.264594078063965,0.5012933015823364,4.9772958487891836e-05,0.00029479983577291913,0.40828640448837883,1766201318.8560157
0.753851056098938,3.265000343322754,0.5009284615516663,2.2454692256547952e-05,0.0006799179895636028,0.41123643315263425,1766201318.8661253
0.7543025016784668,3.2645087242126465,0.5009592771530151,0.00015941837694866614,0.0008073394687847984,0.40901018930315625,1766201318.876064
0.7544618248939514,3.2644946575164795,0.5008950233459473,0.00021179021020205742,0.0008557229597370977,0.40817900828635134,1766201318.8860676
0.7544374465942383,3.264547109603882,0.5009033679962158,0.0001743059681307704,0.000692770735073607,0.4081547088245232,1766201318.886191
0.754503607749939,3.2644031047821045,0.5011712908744812,-0.00019640764456031883,0.00033891810169436886,0.4073064468496472,1766201318.8960807
0.7541769742965698,3.264714002609253,0.5011257529258728,0.0001053348165338602,0.0003760220323454538,0.4095478955167206,1766201318.9061012
0.7544795274734497,3.264427423477173,0.5010715126991272,0.0002349942908061565,0.0007240192555514979,0.4082341307493352,1766201318.9161015
0.7543191909790039,3.2644360065460205,0.5012847185134888,-8.56648983838482e-05,0.0003159763256871332,0.40855994659263506,1766201318.926129
0.7543619871139526,3.2643423080444336,0.501406192779541,-4.94954894551709e-06,0.00021755115336464668,0.4085801299103671,1766201318.9360602
0.754539966583252,3.26417875289917,0.5014073848724365,-0.0002514139710898363,0.00020583708063107175,0.40747902965719524,1766201318.9360752
0.7544857859611511,3.2642745971679688,0.5013799667358398,0.00013039596212368552,0.00013321731071199092,0.4076978353201012,1766201318.9460545
0.7543678283691406,3.264420747756958,0.5012953877449036,0.0003036920296575246,0.00014560713078182863,0.40840240342032574,1766201318.9560564
0.7542449831962585,3.264540910720825,0.5011171698570251,-0.00020186454099164062,0.0003745771938591215,0.40877917941172726,1766201318.9660883
0.7544052600860596,3.2644989490509033,0.5009323358535767,0.0001624360783686887,0.00088733325937359,0.40830391636522484,1766201318.9760773
0.75429767370224,3.2644410133361816,0.5008864998817444,-0.00019848888608228787,0.0009692761149623592,0.40917047669768775,1766201318.9861271
0.7543904781341553,3.2644238471984863,0.5008750557899475,9.363896598018325e-05,0.0009298767448591297,0.40831455621308843,1766201318.9861765
0.7543976306915283,3.2643885612487793,0.5009042620658875,0.0001879770409145164,0.0008059770886949339,0.40819320211885796,1766201318.996025
0.754607081413269,3.2642908096313477,0.5012220740318298,-0.0002120825580333978,0.00025390449740905427,0.4067802794407087,1766201319.0060923
0.7546325325965881,3.264335870742798,0.5013133883476257,-4.242305419707986e-05,0.0001199527410879039,0.40660685794662116,1766201319.0161214
0.7536159753799438,3.2649362087249756,0.500889778137207,-0.00027034449919720923,0.001214332560285488,0.4128317552751104,1766201319.026107
0.7540919184684753,3.264533758163452,0.5010779500007629,-0.0002876294227886256,0.0006159934369778386,0.41022635023801235,1766201319.0360925
0.7543649673461914,3.2643041610717773,0.5010895729064941,0.0004340462594291503,0.0008522212883993725,0.408984552347318,1766201319.0361423
0.754377007484436,3.2643065452575684,0.5010812282562256,-4.628714260190899e-05,0.0008874038174363166,0.40900069507264003,1766201319.0460606
0.7545191645622253,3.264179229736328,0.501064658164978,0.00011068761818415761,0.0007528806930668659,0.40807102797439904,1766201319.056052
0.7542746067047119,3.2642595767974854,0.501369833946228,-0.0004124004938886404,0.00046917376228238595,0.408925072875229,1766201319.0660334
0.754402220249176,3.2643556594848633,0.5013285875320435,-0.0001025361117402928,0.00032603982803799725,0.4084136408205073,1766201319.076055
0.7543425559997559,3.2642738819122314,0.5012614727020264,-0.00023631482003435946,0.0005021109671510896,0.40850240983226255,1766201319.0860615
0.7544683814048767,3.264190912246704,0.501003086566925,0.00017110487519638004,0.0008254404922867569,0.4081570920458502,1766201319.0860884
0.7540363073348999,3.2644951343536377,0.5010779500007629,-0.0002754135105737014,0.0006464652433014773,0.41028879106774013,1766201319.096065
0.754461944103241,3.264474391937256,0.5009625554084778,0.00037061602275264714,0.0005962105600527966,0.40811471010998235,1766201319.106032
0.7544928193092346,3.2643749713897705,0.5013278722763062,-8.699256583763246e-05,0.00010687986831301191,0.40773338751003213,1766201319.1160738
0.7544695734977722,3.2642221450805664,0.5012267231941223,-0.00024635677223162666,0.0001789368609317457,0.40756414483061604,1766201319.1261005
0.7539379000663757,3.2648379802703857,0.501020073890686,0.0002798040660701228,0.0005780572813869333,0.41072579701101514,1766201319.1360693
0.754482626914978,3.264272689819336,0.5012418627738953,-0.0004202353630590968,0.0003210606556990838,0.4075846974137857,1766201319.1361384
0.7543851137161255,3.2643887996673584,0.5011838674545288,-0.00020411555992491976,0.00032610557305574493,0.40825400762483766,1766201319.1560423
0.754499614238739,3.264268636703491,0.5009323954582214,-0.00018059181178504592,0.0007894506534476199,0.40821496639252997,1766201319.1560583
0.7545130252838135,3.2642157077789307,0.5009844899177551,8.483454302749058e-05,0.0008020741156053887,0.408137371195303,1766201319.165994
0.7544401288032532,3.264176368713379,0.5010250210762024,2.3092561712985663e-05,0.0009180203743084758,0.4086741213740786,1766201319.1761231
0.7543455362319946,3.2642362117767334,0.5013304948806763,3.936514337378448e-05,0.00024101706241481125,0.408696921457858,1766201319.1860936
0.7544918060302734,3.264261245727539,0.5013110637664795,8.007845662641759e-05,5.435232209638373e-05,0.4077426185415261,1766201319.186144
0.7544348239898682,3.2644286155700684,0.5012671947479248,-0.00011467246452003029,0.00016841160307139974,0.4076300753400847,1766201319.1960065
0.7543194890022278,3.264730453491211,0.5011884570121765,0.0002505391859413452,0.0001675160912519694,0.4081607769850727,1766201319.2060926
0.7543483376502991,3.2645676136016846,0.5012600421905518,-7.054175149525098e-05,0.00011845596896291566,0.40809049128419367,1766201319.2160501
0.7543644309043884,3.2646021842956543,0.5008863210678101,0.00021613278208909882,0.0008250990893922948,0.4083234033890801,1766201319.2260957
0.7536788582801819,3.26509165763855,0.5008448362350464,6.343592261878623e-05,0.00094241672357196,0.41221272961053823,1766201319.2361093
0.7543883323669434,3.2644286155700684,0.5009639263153076,0.00019091096446928785,0.0007920890372612949,0.40859362682053196,1766201319.2361572
0.7544651031494141,3.2643704414367676,0.5010156631469727,0.00029548055511258083,0.0006074075166050718,0.4081451878984692,1766201319.246058
0.7544209361076355,3.2643768787384033,0.5009750723838806,0.00035245186218557423,0.0008031055753452177,0.40858510048448055,1766201319.2561247
0.754426896572113,3.2643303871154785,0.5012789368629456,0.00014756478795705552,0.00019702001139100498,0.4077742283658528,1766201319.266115
0.7540594935417175,3.264678478240967,0.5011057257652283,0.00012408322181291386,0.0005045631631708309,0.41050477411581665,1766201319.2761064
0.7544090747833252,3.2642266750335693,0.5010769963264465,-0.00023538251398036328,0.0009842896121394372,0.40857743235072913,1766201319.2860959
0.7544448971748352,3.2643301486968994,0.5010174512863159,-0.00014885981314222095,0.0007714240073772374,0.40839270021435403,1766201319.2861445
0.7545364499092102,3.264169454574585,0.5013976693153381,-0.00041754255227784343,0.00018528635911522524,0.40735554440078414,1766201319.2960536
0.7544878721237183,3.2643203735351562,0.5013135671615601,-0.0001441882396001516,0.0001715475616460416,0.40753052923263655,1766201319.3061082
0.7542622089385986,3.264537811279297,0.5011861324310303,-7.965737230264615e-05,0.0003800943037689315,0.4090365627432341,1766201319.3161223
0.7543240189552307,3.264554738998413,0.500928521156311,0.00033321309865252523,0.0008810760188767832,0.4090230797299523,1766201319.3261225
0.7545335292816162,3.2643308639526367,0.501241147518158,-0.0002272071468841358,0.0001358106220443609,0.40740175830313147,1766201319.3361084
0.7541294693946838,3.264624834060669,0.5011354088783264,-0.00013669230585330497,0.0005360455277388273,0.4094857623478622,1766201319.3361573
0.7543328404426575,3.2645747661590576,0.5008780360221863,0.0001667140368303602,0.0009527987019752103,0.40886155300945703,1766201319.3460755
0.7544233798980713,3.2644248008728027,0.5012986063957214,-0.000182141785336865,0.0002545172419280025,0.4076420967776425,1766201319.3560536
0.7543602585792542,3.264441728591919,0.5009671449661255,0.0001845900872148579,0.0009675601325190022,0.40855249775021907,1766201319.3660686
0.754382312297821,3.2643632888793945,0.5009964108467102,0.00024773135057679,0.0008345748135651745,0.40854327755155445,1766201319.3761032
0.7545251846313477,3.26436710357666,0.5009647011756897,4.623732136971766e-06,0.000760635508380701,0.4076939428313596,1766201319.3860772
0.7544675469398499,3.264418125152588,0.5009781718254089,2.4376894336216387e-05,0.000831224885360016,0.4084040056598679,1766201319.3861272
0.7544577717781067,3.2643330097198486,0.5010335445404053,-6.694242062036184e-06,0.0007779243001995616,0.4086503250097688,1766201319.3960288
0.7544794678688049,3.2643444538116455,0.5010685920715332,0.00015572647333307436,0.0007083691592788934,0.40823291936477973,1766201319.4060462
0.7541917562484741,3.2646472454071045,0.5011399984359741,-0.0002670251466004797,0.0005131510053872128,0.40958125243087323,1766201319.41603
0.7544896006584167,3.2641868591308594,0.5013388395309448,-0.0003398499333546051,0.00022908554323997055,0.40747114895955944,1766201319.4260495
0.7546112537384033,3.2641892433166504,0.5012423396110535,-0.0004557585654371517,0.00025923672519728437,0.4070851601947186,1766201319.436093
0.7544797658920288,3.2642390727996826,0.5012890100479126,-0.00011238152873077477,0.00018575586464642842,0.40756571727730845,1766201319.4361315
0.7544701099395752,3.264291286468506,0.5012497901916504,-0.00028997322992687117,0.0003713439673081834,0.40740501161779313,1766201319.44602
0.7543964982032776,3.2645809650421143,0.5009632706642151,0.0004979179026254832,0.0005786720894547739,0.4080975199675981,1766201319.456027
0.7539328932762146,3.2648253440856934,0.5008939504623413,-0.00035609546801109647,0.0008850367783765239,0.41054170668326323,1766201319.4660318
0.7543834447860718,3.264464855194092,0.501267671585083,2.8880830474048723e-05,0.00011077284066624558,0.40789091916301545,1766201319.475989
0.7544684410095215,3.264406204223633,0.5012746453285217,-0.00015274804204364417,0.00014169258565299115,0.40790725494331415,1766201319.4860775
0.7544792294502258,3.2644083499908447,0.5012855529785156,9.317027591543608e-05,4.115804968799403e-05,0.4075917740514667,1766201319.4861028
0.7544038891792297,3.2643415927886963,0.5008853077888489,-0.00017871984898500473,0.0009292172530074485,0.4085867527970476,1766201319.4960248
0.754460871219635,3.264357566833496,0.5013153553009033,-0.0001467909277446417,0.00015527856835006917,0.4078320536537074,1766201319.5061076
0.7545047402381897,3.264246702194214,0.5013712644577026,-0.00014260286999173274,0.00021090817501213005,0.4075467338907778,1766201319.516095
0.7543809413909912,3.264425277709961,0.5014172792434692,6.226902522615376e-05,0.00012012276967847102,0.4086710903131566,1766201319.526082
0.754377007484436,3.2643306255340576,0.5013589262962341,-0.00022297349322974154,0.00027453539176905726,0.4084735542428414,1766201319.5361161
0.7547000646591187,3.2641990184783936,0.5013189315795898,-0.0002043763769528457,-3.078547474698616e-05,0.40621096526652395,1766201319.5361664
0.7545018196105957,3.264373540878296,0.5010468363761902,0.00023885694738247544,0.0006473971943887643,0.4080062152443476,1766201319.5460894
0.754371166229248,3.264382839202881,0.5012708306312561,-0.00012112120594056748,0.0002658949345459939,0.4083105727645298,1766201319.5661085
0.7543521523475647,3.264439821243286,0.5012348294258118,0.0001307132326855682,0.0001909393881892949,0.4081534160689149,1766201319.5661576
0.754365861415863,3.264451265335083,0.5009134411811829,0.0003134966356169093,0.0008472797121741119,0.408657608542358,1766201319.5759776
0.7543780207633972,3.264538288116455,0.5009072422981262,8.58162014240531e-05,0.0008530021753944103,0.40847208476593017,1766201319.5860322
0.7545051574707031,3.264347553253174,0.5013024806976318,-0.00015504386822977516,9.577952208164082e-05,0.4072120496201171,1766201319.5860455
0.7543355226516724,3.2644309997558594,0.5009439587593079,0.00022568528551947362,0.0009103658099359967,0.4087471922027035,1766201319.595995
0.7544630765914917,3.2642929553985596,0.5013067126274109,-0.00026617138153210083,0.00024600594895400976,0.40773777929364613,1766201319.6060839
0.7544450759887695,3.264390230178833,0.5011982917785645,-0.00016779738739480332,0.00035874670765987645,0.4077762407240953,1766201319.616106
0.7545343041419983,3.2643752098083496,0.501081645488739,0.0004086350847555155,0.0005556685796255256,0.4079613157883179,1766201319.6261058
0.754421591758728,3.264317512512207,0.5014027953147888,-0.0002968660299228759,0.0003117322205252568,0.40823029903950675,1766201319.6361017
0.7544202208518982,3.2643494606018066,0.5013949871063232,0.0001308041479404541,0.00021681296155082636,0.4079464874534097,1766201319.6361504
0.7544205784797668,3.2643778324127197,0.5010356307029724,-0.00013545458108022847,0.0009090067463539113,0.408268591589285,1766201319.6460004
0.7543516755104065,3.2643911838531494,0.5012022852897644,-0.0006143972323719965,0.000567274098644906,0.40865194267919036,1766201319.6560283
0.7543034553527832,3.2644317150115967,0.5012368559837341,-0.0003027514284640263,0.00036818388703608825,0.40868126651606373,1766201319.6660264
0.7542966604232788,3.2644271850585938,0.501234769821167,-0.00010390269161961765,0.0002931543726368862,0.40871484473568076,1766201319.6760445
0.7544349431991577,3.2644786834716797,0.5009450912475586,0.000268215291977099,0.0008733693108892763,0.4085087130077067,1766201319.68606
0.7544142007827759,3.2644386291503906,0.5011801719665527,-0.0004054974621117993,0.0004410408351922885,0.40813036228411337,1766201319.6861095
0.754247784614563,3.2647204399108887,0.5010461211204529,-5.122484343266264e-05,0.0003253630320669448,0.40871878547845586,1766201319.6960244
0.7542827725410461,3.2645010948181152,0.5012040138244629,-0.0002776998523635564,0.0004828328734755928,0.40842762909741637,1766201319.7060397
0.7544554471969604,3.2642579078674316,0.5013017058372498,-0.0003468801938033149,0.00016359756986191815,0.40764457624912426,1766201319.716077
0.754416823387146,3.264246702194214,0.5013611912727356,-0.0002393007186777417,0.00017721404063202354,0.40780455027647605,1766201319.726133
0.754576563835144,3.264160394668579,0.5013653039932251,-0.0003293715580149803,0.00015569441139837604,0.4070064918838448,1766201319.7360582
0.7543459534645081,3.264374017715454,0.5013580322265625,-0.00013300306228789926,0.00022121607970463595,0.40858989947915697,1766201319.7361093
0.7545313835144043,3.26427960395813,0.5010835528373718,-1.022975103788829e-05,0.0008236653955702025,0.40804040103936395,1766201319.7460346
0.7545099854469299,3.2642617225646973,0.5013784766197205,-0.00019983977442828755,0.00019976231056537352,0.4078139267026834,1766201319.756106
0.7544783353805542,3.2643566131591797,0.5012745261192322,-0.0002898938509869069,0.0002753030539003422,0.4078908243304038,1766201319.7660592
0.7545459270477295,3.264359712600708,0.5011178851127625,0.0004910449255166199,0.0006425429616340721,0.407600166837785,1766201319.7760718
0.7543440461158752,3.2642571926116943,0.5013095140457153,-0.00036346448474804674,0.00038944347637356695,0.4085975651912925,1766201319.7860613
0.7543284296989441,3.2645511627197266,0.5012342929840088,-0.0001770747154457483,0.00040389447660575103,0.4084877577829437,1766201319.786117
0.7544419765472412,3.264378786087036,0.5013638138771057,3.2276524919287325e-05,0.00013428646260417275,0.4075761697515561,1766201319.7959867
0.7541327476501465,3.264653444290161,0.5011921525001526,7.668481362261668e-05,0.00037521090309464785,0.40920355129842634,1766201319.806065
0.7543601989746094,3.264508008956909,0.5012133121490479,-3.5800802673253495e-06,0.00022975665190357996,0.4080330524264946,1766201319.8161008
0.7544757723808289,3.264385223388672,0.501216471195221,8.834470675372833e-05,-3.0831428575291484e-05,0.40738958134454034,1766201319.826089
0.754120409488678,3.264723539352417,0.501031756401062,-0.00019021599705711356,0.0005896738743251467,0.40994212203987257,1766201319.8360856
0.7543203830718994,3.2646427154541016,0.5012161135673523,0.0003185852791478449,0.0003306708767845147,0.408902708181375,1766201319.8361368
0.7542675733566284,3.2644221782684326,0.5012598037719727,-0.0003886556367597569,0.0004206160908103823,0.409266329157215,1766201319.8460405
0.7545408010482788,3.2643494606018066,0.5013521909713745,-0.000279275567794057,0.00016226541797667403,0.4076170642566649,1766201319.856121
0.7543298006057739,3.2643485069274902,0.5013644695281982,-0.00012020295613929638,0.0004764221137153437,0.40869044033589946,1766201319.86606
0.7544670104980469,3.264281749725342,0.5013242959976196,-0.0004215965393556875,0.00036461496972297084,0.40809198448490863,1766201319.87613
0.7543451189994812,3.2643439769744873,0.501362681388855,0.0003092506450679987,0.00020007752916936696,0.40906600840938445,1766201319.8860598
0.7544237375259399,3.264286994934082,0.5014347434043884,-0.00011267114839779079,0.00018831618343724993,0.40816042436906286,1766201319.886109
0.7538763284683228,3.26481032371521,0.5010613799095154,-2.1596248097547692e-05,0.0007944305898413697,0.4113318999217064,1766201319.8960557
0.7543022036552429,3.2645621299743652,0.5012823343276978,4.478820420126531e-05,0.00021626066832681166,0.4086038942638981,1766201319.9060454
0.7543619275093079,3.264407157897949,0.5009236931800842,-9.379616169723165e-05,0.0008816038678123375,0.4086477381947809,1766201319.9160743
0.7544049024581909,3.264396905899048,0.5013331174850464,-0.00011806684516628921,0.00016749573933435487,0.4080399918168641,1766201319.926116
0.7540181875228882,3.2647180557250977,0.50107342004776,-6.258054111087799e-05,0.0004883712685425441,0.4101625331971043,1766201319.9360983
0.7543849945068359,3.264453411102295,0.501283586025238,-8.492308318987406e-05,0.00029271753944383727,0.40831133019165405,1766201319.936149
0.7540833950042725,3.264665365219116,0.5010592937469482,-9.159220627938551e-05,0.0006168065328060276,0.4102090217578039,1766201319.946066
0.7543258666992188,3.264313220977783,0.5012522339820862,-0.00014430636576921708,0.00038115571285766834,0.408376017571374,1766201319.956042
0.7544220685958862,3.2643625736236572,0.5013301372528076,7.183186288210526e-05,0.00021239157069191604,0.4080370043631256,1766201319.9661086
0.7545285224914551,3.2644946575164795,0.501281201839447,0.0003889474249771806,-0.00010832207924569057,0.40742778694769183,1766201319.9760926
0.7544492483139038,3.26435923576355,0.501113772392273,0.00012847649389420953,0.0007838249846654076,0.4082637874621747,1766201319.9861097
0.754479706287384,3.264333963394165,0.501095712184906,0.00020258144829040116,0.0006807021859946323,0.4081370367823388,1766201319.9861598
0.7544352412223816,3.2642946243286133,0.5010752081871033,2.4785659970333914e-05,0.0008349457328639975,0.4083452016747779,1766201319.9960237
0.7543279528617859,3.26434588432312,0.5009893178939819,-0.0002644136083070764,0.0009222855601179358,0.409151355379105,1766201320.0159883
0.7544803619384766,3.264305591583252,0.5010021328926086,0.0001068485155045014,0.0007939693270293726,0.40815083453122253,1766201320.0160081
0.7544822096824646,3.264320135116577,0.5012783408164978,-0.0003934189026423565,0.00019320450016636125,0.40723754318475175,1766201320.0260296
0.754518449306488,3.2644011974334717,0.5012521743774414,-7.091074077962396e-06,3.8059599242805635e-06,0.4073912945348853,1766201320.0360413
0.7544106245040894,3.2644457817077637,0.5012105703353882,0.00018902825946457962,0.00021589059045457065,0.4079801481344995,1766201320.0360563
0.7542296648025513,3.2646400928497314,0.5008254051208496,5.7724543014955793e-05,0.0010027109962781355,0.4094287355237504,1766201320.0461383
0.7542553544044495,3.2644622325897217,0.5012036561965942,-0.00021793116106567177,0.00043753025104362593,0.4087387413618316,1766201320.0560544
0.7542499303817749,3.264427423477173,0.5012577772140503,-0.00021561880224372243,0.0003565071611843438,0.4089029672524853,1766201320.0660381
0.7544657588005066,3.264333486557007,0.5009657740592957,0.000129823156840277,0.0008342856091855206,0.408352767974748,1766201320.076117
0.7544369697570801,3.264301061630249,0.5009868741035461,-3.824574312744095e-05,0.000922493636825881,0.4085577104203877,1766201320.0861096
0.7541657090187073,3.264725685119629,0.5011776685714722,0.00030843633465815816,0.00038900481595043756,0.4095388424352905,1766201320.08616
0.7544827461242676,3.2643489837646484,0.5013404488563538,-8.645206841305484e-05,0.0001680667670959528,0.40790019792789023,1766201320.095978
0.7544696927070618,3.2644095420837402,0.5013412833213806,-6.35481609643805e-05,8.528179883519846e-05,0.4077089350643465,1766201320.1060853
0.753980278968811,3.2647666931152344,0.5010184645652771,-0.00018408281284250415,0.0007209593042488523,0.4106808891028937,1766201320.1160421
0.7544293999671936,3.2643866539001465,0.5010151863098145,8.253001115143085e-05,0.0007385108201951062,0.4085240215392581,1766201320.1261203
0.7545357346534729,3.2642505168914795,0.5013444423675537,-0.00010677247643965762,0.0001394861246250735,0.4072691762733325,1766201320.136123
0.754167377948761,3.2646117210388184,0.5011072754859924,-0.00020098162812412244,0.0005281558149922307,0.40927304400004594,1766201320.1361737
0.7544528841972351,3.2643980979919434,0.5009114146232605,2.444328340456924e-05,0.0008471366602877348,0.4079584652668584,1766201320.1460042
0.7542603611946106,3.264554262161255,0.5008350610733032,-2.4792229717778104e-05,0.0009635434699093397,0.40909352671301535,1766201320.1561167
0.7544081807136536,3.26450777053833,0.5012208819389343,1.6970001291848615e-05,0.00025604770634336853,0.40790101949525726,1766201320.166062
0.7543563842773438,3.2643990516662598,0.5009212493896484,0.0002210296040383957,0.0009467049231384846,0.4086862503956616,1766201320.1761184
0.7544357180595398,3.264282703399658,0.5009342432022095,0.00011064083432507254,0.0007319654366116108,0.4085286899674317,1766201320.1861396
0.754685640335083,3.2642791271209717,0.5012974739074707,-0.00015176772971579644,4.13749046921799e-06,0.40656296512478424,1766201320.186189
0.7546799182891846,3.2641870975494385,0.5013835430145264,7.264813283904926e-05,3.47673434350613e-05,0.4065832143749985,1766201320.1960607
0.7545733451843262,3.2642056941986084,0.50127774477005,-0.000260266503940379,3.458805208902999e-05,0.4070955772186111,1766201320.2060664
0.7543627619743347,3.2643532752990723,0.5010089874267578,-0.00013528099374122607,0.0008473574413394932,0.40876069137751775,1766201320.2161205
0.7542216777801514,3.2645041942596436,0.5012403726577759,-8.668781951324976e-05,0.0005387501804059367,0.40894409593448616,1766201320.226122
0.7542906999588013,3.2643532752990723,0.5013201236724854,-9.220766839643281e-05,0.00031519798951735534,0.40854401094346343,1766201320.236116
0.7544565796852112,3.264331817626953,0.5009956359863281,-0.00012131423094803534,0.0007550393990943829,0.4081907417937017,1766201320.2361665
0.7543671131134033,3.264390707015991,0.5011485815048218,-0.0002640807109819391,0.00039993479413102473,0.40824436029931116,1766201320.2459881
0.7543557286262512,3.264509677886963,0.5012475848197937,0.00024006286849014466,7.17085809208616e-05,0.408176568366032,1766201320.2560427
0.7539451718330383,3.2648069858551025,0.5009773373603821,-0.00014803967674438165,0.000696600578179688,0.41096722150118636,1766201320.266056
0.7543244361877441,3.2643895149230957,0.5008626580238342,-0.00014884415142184238,0.0009746762214928104,0.4088672751323023,1766201320.2761183
0.7545161843299866,3.2645161151885986,0.5011256337165833,-7.059992430799659e-05,0.00010002396594697379,0.40725233074685646,1766201320.2861195
0.7544430494308472,3.264385461807251,0.5011841058731079,-0.00047070385881389933,0.0003565369637308696,0.4079540919927192,1766201320.2861698
0.7542929649353027,3.264583110809326,0.5011937618255615,-0.000323558613657453,0.00026453078046099706,0.40889410301698265,1766201320.296055
0.7545125484466553,3.264294385910034,0.5011245012283325,0.00037896974227789274,0.000638292363101064,0.4080106012872162,1766201320.3060546
0.7542697787284851,3.2643048763275146,0.501254677772522,-0.0004914621099509779,0.0004383653625597469,0.40885960570520274,1766201320.3160882
0.7543381452560425,3.264305591583252,0.5014210343360901,0.00010024213736380094,0.00013363209785685382,0.4083991687181205,1766201320.3261068
0.7542438507080078,3.2646241188049316,0.5012333393096924,-0.0002551030810459957,0.00046404703003524814,0.40915608149723576,1766201320.3361158
0.7544355988502502,3.2643330097198486,0.5010362863540649,-5.4223466632190196e-05,0.0009140501232917636,0.4083912645482883,1766201320.3361654
0.7544795870780945,3.2642056941986084,0.5014036893844604,7.623836731243132e-05,0.00011314956398690622,0.40769288068948417,1766201320.3460314
0.7543230056762695,3.264376163482666,0.5012766122817993,5.97941120031435e-05,0.00024218056547294835,0.40827204978022985,1766201320.3560474
0.7546718716621399,3.26430606842041,0.5014001131057739,0.00029728712745071055,-0.00010471276995696808,0.4061215321463561,1766201320.3660846
0.7544857859611511,3.264115810394287,0.5011170506477356,0.00019805136191798834,0.0007886899140482265,0.40813041306934,1766201320.3760817
0.7543255090713501,3.2643797397613525,0.5009377002716064,1.60444041097475e-05,0.0010013075357516964,0.40872742328410616,1766201320.386113
0.7541932463645935,3.264709234237671,0.5010586380958557,0.00020117786414599825,0.0004453041512383851,0.4089239161736423,1766201320.3861637
0.7544050216674805,3.2644498348236084,0.5009297132492065,0.00020224598934653033,0.0007520173034999231,0.4082300419696683,1766201320.3960605
0.7546043992042542,3.2642123699188232,0.5013129711151123,-1.7513786024465185e-05,0.00016916639534798574,0.4064846796002757,1766201320.4059877
0.7544416189193726,3.2642884254455566,0.5012638568878174,-0.000172064161639373,0.0002732996303995397,0.4078448886365681,1766201320.4160647
0.7545270919799805,3.2643206119537354,0.5010045766830444,3.0439650438912327e-05,0.0006606018316017348,0.407939014171869,1766201320.4261312
0.7545340061187744,3.264277458190918,0.5013337135314941,-0.00026437703571003816,0.00021438582610020757,0.4073163180661963,1766201320.436093
0.7544856071472168,3.2643373012542725,0.5012935996055603,-3.622122018299264e-05,0.00020803956659298524,0.4076635555180631,1766201320.436143
0.7544454336166382,3.264334201812744,0.5010519027709961,0.00026951549839126674,0.0007373081426192031,0.408565811837366,1766201320.4460776
0.7545437812805176,3.2642643451690674,0.5013098120689392,-0.00022543216516662234,0.00027948952342054514,0.4074497462485543,1766201320.4560683
0.7546430230140686,3.2641685009002686,0.5015047788619995,-0.0002971757435058588,6.817301563175339e-05,0.4069165675823635,1766201320.4661329
0.7545403838157654,3.264291286468506,0.5010991096496582,0.00020653623249145483,0.0008088615967760707,0.4079275437744653,1766201320.4761238
0.7544674873352051,3.264348268508911,0.5010876655578613,0.0001426430309261384,0.000769834726925818,0.4081663831021814,1766201320.486131
0.75435870885849,3.264469623565674,0.5012460350990295,-0.0003645030967703126,0.0003210621644787963,0.4085640689173522,1766201320.4861822
0.7538652420043945,3.2649917602539062,0.5009751915931702,0.00020314331106914172,0.0008059593019887704,0.4112897193399038,1766201320.4960663
0.7544856667518616,3.2644753456115723,0.5009353160858154,0.000137195339933125,0.0007775150797801957,0.4080358585488274,1766201320.5060556
0.7545576095581055,3.2645270824432373,0.5009507536888123,0.00036808417132477297,0.0006542579002628052,0.40761761592301,1766201320.5160558
0.7544803023338318,3.2645134925842285,0.5012236833572388,1.04271187871195e-06,0.0001166671738475506,0.4074735368092949,1766201320.5261095
0.75447016954422,3.2643425464630127,0.5013723969459534,3.204134657677612e-05,7.511758063352826e-05,0.40760846670217005,1766201320.5360675
0.7545613646507263,3.2644248008728027,0.5010489821434021,0.0002562879711787117,0.000734357020532554,0.407651093090345,1766201320.536117
0.7544052600860596,3.2644214630126953,0.5009661912918091,-0.00038391852474619476,0.001047439875861378,0.4089013455406174,1766201320.5460787
0.7544382810592651,3.264458417892456,0.5010372996330261,-8.43548237122546e-05,0.0009720099132496657,0.4090758803795282,1766201320.5560167
0.7544345855712891,3.2643160820007324,0.5010765194892883,-0.00020824583576175074,0.0008442197634937848,0.40898546598200763,1766201320.5659983
0.7544487714767456,3.2642388343811035,0.5011093616485596,-0.00036672728516602037,0.0011275579728971736,0.40851595998457085,1766201320.576119
0.7544857859611511,3.2642369270324707,0.5010630488395691,-0.0002086429024196013,0.0011547502726499163,0.40835287516289565,1766201320.5861495
0.7543939352035522,3.2643022537231445,0.5012506246566772,-0.0003671022425646413,0.0004177471636511103,0.40807501856842765,1766201320.5861993
0.7545238137245178,3.2642409801483154,0.501396894454956,-0.000181907170825484,-7.806724153223461e-05,0.4073700323758245,1766201320.5960457
0.7543259263038635,3.264416217803955,0.5009843707084656,0.00012690329339341938,0.0007767742246807143,0.408622654901505,1766201320.6061103
0.7545266151428223,3.2641987800598145,0.5012977123260498,-0.0002857232523274945,0.00012206419348543441,0.4069717175096868,1766201320.616103
0.7544845342636108,3.2641260623931885,0.5012432932853699,-0.0004944862711340745,0.0002263128003918659,0.40740897758118005,1766201320.6260836
0.7543795704841614,3.264298439025879,0.5009763240814209,7.514078525251673e-05,0.0009633826313561294,0.40809371173420506,1766201320.6361256
0.7544004321098328,3.2644834518432617,0.5011774897575378,1.3240400957496018e-05,0.0002182017278238111,0.40789765854887344,1766201320.646054
0.7543978691101074,3.2643425464630127,0.5012893080711365,0.0001727242032679744,0.00014734143323112296,0.4083229817620191,1766201320.6461048
0.7540284991264343,3.2646141052246094,0.5010278224945068,-0.00022749374063282384,0.0008262949266179412,0.41071604273141077,1766201320.656065
0.7546990513801575,3.264185905456543,0.5014114379882812,-2.5255279360723974e-05,-2.594422932929959e-05,0.4065758420371772,1766201320.6660187
0.7544381618499756,3.264248847961426,0.5010955333709717,-0.00012241296948211491,0.0009327405818326334,0.4084555211282116,1766201320.676118
0.7545815110206604,3.264202833175659,0.5014651417732239,-4.723704563340681e-06,5.687811865199179e-05,0.4075613026610992,1766201320.6860862
0.7544454336166382,3.2643895149230957,0.5013378262519836,-0.0003079997995572105,0.00042011737549210856,0.4081475181525242,1766201320.6861362
0.7543836236000061,3.2642505168914795,0.5011039972305298,-6.657222519939046e-06,0.0007954072580269785,0.4088766326640736,1766201320.696023
0.7544392347335815,3.264315366744995,0.5013548731803894,7.533987927496739e-05,0.00017803625488557192,0.4077957232869425,1766201320.7060604
0.7544378638267517,3.264392375946045,0.5012022256851196,-0.0001089861093234319,0.00019446457773002461,0.40788598589733477,1766201320.7161033
0.7544195055961609,3.2643661499023438,0.5012696981430054,9.070728688952178e-05,0.00012604729380790675,0.40795982726358143,1766201320.7261212
0.7545236349105835,3.26434326171875,0.5013296604156494,1.7449009464506353e-05,2.4059438403396286e-05,0.4073401056155948,1766201320.7361052
0.7544633150100708,3.264431953430176,0.501172661781311,-0.0002639570537412871,0.0002774342066737262,0.4073094484473595,1766201320.736156
0.7545070648193359,3.264429807662964,0.5012585520744324,-5.1143713839751776e-05,0.0001127285716782517,0.40723063448270275,1766201320.7466385
0.7544364929199219,3.264559507369995,0.5009652972221375,0.0003418444715864209,0.0007455935922097988,0.40794634308863614,1766201320.7559927
0.7544218897819519,3.2644851207733154,0.5009937286376953,0.00033878009711970996,0.0007934895754268264,0.40835921842724276,1766201320.766088
0.7543216943740845,3.264671564102173,0.5012291669845581,4.160995492331182e-05,0.00024456891014132273,0.40811926815034927,1766201320.7760932
0.7544194459915161,3.264263868331909,0.5014373660087585,0.0001623884297879069,0.00015953684168145248,0.40788563508780573,1766201320.7859633
0.7544634342193604,3.2643837928771973,0.501096785068512,0.000316843869995069,0.0006461765499306637,0.408226426291202,1766201320.7960544
0.7545251250267029,3.2642853260040283,0.5011740922927856,0.0001930941997423444,0.0006158822926044379,0.4078341422302791,1766201320.7960691
0.7545747756958008,3.2643613815307617,0.5011640787124634,0.0006803063026359879,0.00034626207192606885,0.4074599902292974,1766201320.8060684
0.7544169425964355,3.2642838954925537,0.5014042258262634,-0.00016891751831513344,0.00024525532832098183,0.4080786390319561,1766201320.8161056
0.7546151876449585,3.264307737350464,0.5012899041175842,-0.00047409666951011024,0.00022981175178202868,0.4068308915645458,1766201320.8261144
0.7545756697654724,3.264287233352661,0.5010717511177063,0.000376740079360042,0.0007610139352654517,0.40768930422488664,1766201320.8361073
0.7543293237686157,3.2644190788269043,0.501136839389801,-0.0005101839468304369,0.0004697832643913115,0.4081754476712417,1766201320.836158
0.7543907165527344,3.264430046081543,0.5012476444244385,-0.00014568757109890317,0.00026975093668099457,0.4078029567510948,1766201320.8460908
0.754449725151062,3.264460325241089,0.5009653568267822,0.00032170379185536124,0.0006143392023058413,0.4076804440815547,1766201320.8560648
0.7542951107025146,3.2644996643066406,0.5009938478469849,0.0002733886474032319,0.0007945777645489238,0.4089132090714332,1766201320.8660986
0.7544664740562439,3.264342784881592,0.5012972950935364,-0.0003557999063383583,0.00015683017794272994,0.40732728371021665,1766201320.8761017
0.7545060515403748,3.264394760131836,0.5013841390609741,0.00027712914636212954,1.1248876286745526e-05,0.40732358365399124,1766201320.8861184
0.7537261247634888,3.2649152278900146,0.5010727047920227,0.00017607123680482307,0.0008095111640930723,0.4119530276575929,1766201320.8961196
0.754390299320221,3.264256000518799,0.5011575222015381,0.00039380861116004233,0.0006447812274130946,0.4082517415381497,1766201320.8961697
0.7544391751289368,3.264193296432495,0.5014607906341553,7.373636849375894e-05,3.3032890255382215e-05,0.40761937355742894,1766201320.906077
0.7544856667518616,3.2641332149505615,0.5015313625335693,1.1910577634924704e-05,-3.214759888261802e-05,0.40740058197891416,1766201320.9160066
0.7546208500862122,3.264246940612793,0.5014190673828125,-0.00016358140014065986,-0.00011020629561086955,0.4067396689432356,1766201320.9261277
0.7544941902160645,3.264275312423706,0.5013317465782166,-0.0003517695000961805,0.000297303801872068,0.407966683905112,1766201320.9361
0.7543221116065979,3.2645177841186523,0.5013911724090576,0.0003549136070830936,0.00017506345787902578,0.40899849539640476,1766201320.9361522
0.7543521523475647,3.2644474506378174,0.5010131597518921,-8.185608555486081e-05,0.0008720834329915774,0.4090449543962439,1766201320.9460156
0.754375159740448,3.264406681060791,0.5012549161911011,-0.00011381224296058028,0.00025145399861963724,0.40790604082054455,1766201320.9560587
0.7544980049133301,3.264460563659668,0.5012239217758179,-7.453425797794647e-06,-3.556360824023324e-06,0.40711086526803897,1766201320.966097
0.7543262243270874,3.26432204246521,0.5012714862823486,-6.795411605954877e-05,0.00029633466080079834,0.4081614996879832,1766201320.9761221
0.7543587684631348,3.264542818069458,0.5012063980102539,7.862042243816256e-05,0.00013815270652010352,0.40814782175255915,1766201320.9861228
0.7544426321983337,3.264533758163452,0.501316249370575,-4.36404847967362e-05,9.581085484822651e-05,0.4078747423800296,1766201320.9960952
0.7543626427650452,3.2644424438476562,0.5009641647338867,-1.9573560670580757e-05,0.0008906707859544952,0.4088143896464871,1766201320.9961464
0.7543165683746338,3.26446795463562,0.5012151002883911,-0.0001273151287048433,0.0002775695412624301,0.4086211779869161,1766201321.0060833
0.754491925239563,3.264404535293579,0.5014075040817261,-5.974236975890646e-05,0.00014213879965986996,0.40777244444034955,1766201321.0161123
0.7546280026435852,3.2645134925842285,0.5010654926300049,0.00011425391704511005,0.0006627573986030767,0.4080168541998438,1766201321.0261059
0.754625141620636,3.2647759914398193,0.5009900331497192,0.00020030027722543986,0.0008335101934453356,0.4081860909021746,1766201321.0361288
0.7545981407165527,3.264479160308838,0.5010153651237488,0.00015694736252878084,0.0008249321157117512,0.4082734588318011,1766201321.0361798
0.7545484900474548,3.2644548416137695,0.5013190507888794,-0.00023357740931677568,0.00024362506980352724,0.4076492446876057,1766201321.0460105
0.7543584108352661,3.264348030090332,0.501285195350647,-0.0003130427346978447,0.0004898191831317035,0.4083926276077474,1766201321.0561128
0.7544112801551819,3.264408588409424,0.5012452602386475,-0.0003079385824511751,0.00035473171070978687,0.40785405760521104,1766201321.066127
0.7543558478355408,3.2644240856170654,0.5011372566223145,-0.0008161787926094479,0.0005024332713049132,0.40837803290468455,1766201321.0760717
0.7543789744377136,3.2645013332366943,0.5012580752372742,5.410411620074069e-05,0.0002059184854992531,0.40804883802116837,1766201321.0861056
0.7542920112609863,3.2645556926727295,0.500843346118927,0.00019079952304145963,0.0008321342045066798,0.4091245542983286,1766201321.0861576
0.7543575763702393,3.2643470764160156,0.5009178519248962,0.00010836986571973953,0.0009189755007395382,0.4085138535576388,1766201321.0960186
0.7541805505752563,3.26458740234375,0.5010986328125,-0.0004561331719494236,0.0005228675218978676,0.4095009047680811,1766201321.1061296
0.7542978525161743,3.264402151107788,0.5013092160224915,-0.00020538815525219042,0.00030040161964884195,0.40848692139399395,1766201321.116119
0.7543656229972839,3.264362335205078,0.5013811588287354,0.00012314872315118716,0.00018323884371774807,0.40832665652305056,1766201321.1261039
0.7545223236083984,3.2642810344696045,0.5010741949081421,0.00011152692372442173,0.0007122597785706975,0.4079177212337668,1766201321.136108
0.7544667720794678,3.2644388675689697,0.5013691186904907,5.0954961675990286e-05,9.685509412983189e-05,0.4079185544820502,1766201321.1361582
0.75445157289505,3.264317750930786,0.5013809204101562,2.537061527906111e-05,3.458328624760646e-05,0.4080283123481439,1766201321.1460335
0.7545751929283142,3.264286994934082,0.5010380148887634,0.00015164287606669858,0.0007778987776040793,0.407868399003039,1766201321.1561253
0.7546061873435974,3.264112949371338,0.5013364553451538,-0.00025456545105435077,0.00019302709005683395,0.4068963878975585,1766201321.1661088
0.7546468377113342,3.264216423034668,0.5013321042060852,-5.710955780178484e-05,-5.620339128628028e-05,0.40649284218123594,1766201321.1761243
0.7543641328811646,3.2643444538116455,0.5012957453727722,-0.0002598964692457601,0.0003016986632572303,0.4082643983105085,1766201321.186114
0.7544668912887573,3.264423370361328,0.5012632608413696,-0.00012142762450436936,7.575480862503884e-05,0.407665932721827,1766201321.1861646
0.7543147802352905,3.264443874359131,0.5008810758590698,-0.00016618831661260007,0.0011002006815582289,0.40893042203651797,1766201321.206053
0.7541764378547668,3.264558792114258,0.5011840462684631,2.598649451618658e-05,0.00038194861261320686,0.40942588652772144,1766201321.2060688
0.7545773983001709,3.264291763305664,0.5013339519500732,7.124387936539934e-05,-7.264218920445252e-05,0.40664771376004905,1766201321.216109
0.7542321681976318,3.2645912170410156,0.5011880397796631,-5.7582238356649283e-05,0.00034599338232887776,0.40890262134334626,1766201321.2261217
0.7544069290161133,3.264265537261963,0.5013517141342163,-0.00010923984701308368,0.00014118624564660686,0.4078191176407527,1766201321.2361188
0.7545294761657715,3.2641680240631104,0.501363217830658,-0.00020733102264687683,0.00015562813941358486,0.4073068142366236,1766201321.236169
0.7545539736747742,3.26409912109375,0.5014748573303223,5.481238035853752e-05,-7.473750637901358e-05,0.40723787100803743,1766201321.2460804
0.7544360756874084,3.2644004821777344,0.5010936260223389,0.00013936860820117455,0.0007825746639683193,0.4084497053085305,1766201321.2560608
0.7544346451759338,3.2643442153930664,0.5011449456214905,0.00040249495698612407,0.0007406834932564729,0.4085868197930037,1766201321.266124
0.7545530796051025,3.264434337615967,0.5011014342308044,6.428748160231582e-05,0.0006544800010234244,0.4079525193523022,1766201321.2761116
0.7544768452644348,3.2643744945526123,0.5011802315711975,0.0004308921704964613,0.0007463735848666784,0.40837466918802784,1766201321.2861128
0.7545244693756104,3.264340400695801,0.5011272430419922,0.0003385752486625553,0.0006714717720439735,0.408057756745639,1766201321.2861662
0.7545148730278015,3.2644271850585938,0.5010148286819458,0.0004004785166815938,0.0006350267018812633,0.4079570212190021,1766201321.3060122
0.7543616890907288,3.2645175457000732,0.5008769035339355,1.3548644294340044e-05,0.0010410826341379928,0.4089903068934995,1766201321.30603
0.7544223070144653,3.2644238471984863,0.5012234449386597,-0.00010025733994832451,0.00021662573958695363,0.40775189313342136,1766201321.3159776
0.7544726729393005,3.264439344406128,0.5011837482452393,-0.00014390693428673588,0.00024119980287007304,0.40753810003509733,1766201321.3261116
0.7543660402297974,3.264373540878296,0.5012493133544922,-5.114197114657795e-05,0.0002507077928022552,0.4081025582398117,1766201321.3361242
0.7544149160385132,3.2644760608673096,0.5012723207473755,-7.251518578113739e-05,0.00014165528871484462,0.4084063341887041,1766201321.3361747
0.754500687122345,3.264303684234619,0.5013462901115417,-0.00016791682493643996,0.0002480316409836797,0.40783417868366384,1766201321.3460824
0.754410982131958,3.264333486557007,0.501032829284668,5.069426731342897e-05,0.0008437822899522704,0.4085881896217646,1766201321.3561213
0.7542130947113037,3.2646002769470215,0.5012279748916626,0.00012822306186988447,0.00025634411719347333,0.4091346302031222,1766201321.3661304
0.7546497583389282,3.2642290592193604,0.5013974905014038,4.0151443624894987e-05,-5.5896656275963425e-05,0.40643363677302985,1766201321.3761208
0.7544462084770203,3.264274835586548,0.5010433197021484,-0.00011148596507681078,0.0009741093681023702,0.40834296331825626,1766201321.3861263
0.7543593645095825,3.2643871307373047,0.5009961128234863,-3.633233514808388e-05,0.0008501626703345166,0.40913565816089287,1766201321.3861778
0.7545517086982727,3.2642478942871094,0.5013543367385864,-0.00022124774066924682,0.00012285888355676735,0.4074162556324096,1766201321.3960698
0.7544760704040527,3.264294385910034,0.5013427138328552,1.2388518335524171e-05,0.0001788916121201141,0.40752912273171193,1766201321.4060633
0.7544271349906921,3.264444589614868,0.5012362003326416,-0.0001774065193812393,0.00025674560678429475,0.40793389524379814,1766201321.4160435
0.7543918490409851,3.264366865158081,0.5009679794311523,4.628993858955734e-05,0.0009107895865396045,0.408632784810932,1766201321.4260757
0.7544565796852112,3.2643346786499023,0.501245379447937,-0.00018099953267299953,0.00016385665868527777,0.40765330887863643,1766201321.4360862
0.7541807293891907,3.2647221088409424,0.5010958909988403,1.5609900609976443e-05,0.00041230293091231124,0.40915156807213166,1766201321.4361174
0.7544773817062378,3.264413356781006,0.5009940266609192,0.0006197880541369123,0.0005458966279157912,0.4079557891882327,1766201321.4460802
0.7544682621955872,3.2644243240356445,0.5009481906890869,0.00030934583383732643,0.0007647619541485391,0.40787844133108625,1766201321.4560447
0.7544852495193481,3.2643239498138428,0.5010693073272705,0.00042090946637847,0.000634339357507938,0.4081253481428683,1766201321.466068
0.754147469997406,3.2644505500793457,0.501297652721405,-0.00014924942561646032,0.0003999937582680635,0.4096257406294875,1766201321.4761217
0.7543075084686279,3.264289617538452,0.5013668537139893,-0.00033840417651981937,0.0003327353897643421,0.4087409356125333,1766201321.48613
0.7542828917503357,3.2643604278564453,0.5012914538383484,-0.00021987833649431967,0.00046970834032425743,0.4093305364541713,1766201321.4861798
0.7544448375701904,3.2643604278564453,0.5013226866722107,-0.00019898484208201952,0.0001731039679210926,0.4082926917633459,1766201321.4960675
0.7544863224029541,3.2643792629241943,0.5010709166526794,0.0002456864734261987,0.0006809981580088552,0.4082086102299728,1766201321.506125
0.7544469833374023,3.2643043994903564,0.5011016130447388,8.367091302858784e-05,0.000785573008980273,0.40833992876296865,1766201321.5161226
0.7544304132461548,3.2644715309143066,0.5012708902359009,0.00014663594805148695,0.000220042126863413,0.4079035523593404,1766201321.5260642
0.754497766494751,3.2643439769744873,0.5012694001197815,-0.00011994313008281926,0.00014879035553106077,0.40764306909652953,1766201321.5361466
0.754440426826477,3.264411449432373,0.5009370446205139,-1.9179135759107505e-05,0.0007434515879266982,0.4083981676737015,1766201321.536198
0.7544773817062378,3.264427423477173,0.5011888742446899,-0.00025101159109938085,0.00018884306037538574,0.4074269531239282,1766201321.5460331
0.7543121576309204,3.2645065784454346,0.5011904835700989,5.690717092527178e-06,0.00036791330378686143,0.40845996086274855,1766201321.5560145
0.754309892654419,3.2643795013427734,0.5012639760971069,-0.0002490583296617742,0.00031294285002967737,0.4085666365357966,1766201321.5661118
0.7540975213050842,3.2645862102508545,0.5010362863540649,-0.0003520901263398835,0.0007809097155878879,0.409743051345737,1766201321.5761259
0.754514753818512,3.264294385910034,0.5010460019111633,0.0005246094738335769,0.0006523772143608082,0.40781802242899173,1766201321.5860925
0.7544986009597778,3.2644028663635254,0.5010421276092529,0.00043310652124012045,0.0007104336764180476,0.4080452416597769,1766201321.586151
0.7545151114463806,3.2642695903778076,0.5010439157485962,-0.00012190189527391838,0.000776111392562867,0.40816909162941334,1766201321.5960453
0.7545363903045654,3.264336585998535,0.5014363527297974,9.914841141512506e-05,-1.6791644916012939e-06,0.40781177789344786,1766201321.6160922
0.7545174956321716,3.264277696609497,0.5013591051101685,8.026004961417833e-05,0.00014577427760686332,0.40792478719970243,1766201321.6161656
0.7546490430831909,3.2643401622772217,0.5013170838356018,-0.00017021218919715557,6.4877229607068e-05,0.40679578871234423,1766201321.6259687
0.7544955611228943,3.264277696609497,0.5010323524475098,-0.00013727544836631585,0.0008734816598908729,0.40812222721367025,1766201321.6360605
0.7543904781341553,3.264247417449951,0.5013320446014404,2.2939075004655253e-05,0.00014479872870496612,0.4079898598215462,1766201321.6360734
0.7544373869895935,3.2643375396728516,0.5012487173080444,-8.143696768835841e-05,0.0001626609143613128,0.40750755893388374,1766201321.645986
0.7545620203018188,3.264235734939575,0.5012819766998291,-0.00015952733338026458,1.1244483003373225e-05,0.4067433834121021,1766201321.656054
0.7540847063064575,3.2647311687469482,0.501046359539032,-7.863345024788127e-05,0.0005647913561027908,0.4097722986659955,1766201321.6661325
0.7544974684715271,3.2643966674804688,0.5012463927268982,2.371861036853894e-05,4.5782849613718846e-05,0.40705541669383305,1766201321.676122
0.7543410062789917,3.26446270942688,0.5009096264839172,1.2045038465104937e-05,0.0009173479789857124,0.4088362760013679,1766201321.686132
0.7544832229614258,3.2644941806793213,0.5012212991714478,3.574336207959306e-07,0.00013930495975044227,0.4076184193579168,1766201321.6861825
0.7542381286621094,3.2644004821777344,0.5012929439544678,-0.00013327629680789425,0.0004532593086419637,0.4091146659530024,1766201321.6960595
0.7545840740203857,3.2643091678619385,0.5013002157211304,-0.00021443416437385974,-1.1732029442492468e-05,0.4071066116401086,1766201321.7161062
0.7543726563453674,3.2641918659210205,0.5013782978057861,-0.00017840827112112952,0.00036183805788431167,0.4084007831627177,1766201321.7161582
0.7545971870422363,3.2642805576324463,0.5013360977172852,-0.00039043064332029654,0.0002797203333540182,0.40710452286146126,1766201321.7260513
0.7543662786483765,3.264273166656494,0.5010769367218018,-4.928588626555677e-05,0.0008640635009425083,0.40867380265080006,1766201321.7360413
0.7545138001441956,3.264228105545044,0.5014173984527588,-7.367121599610248e-05,3.947266765921147e-05,0.40756985932456363,1766201321.7460551
0.7544348239898682,3.264352560043335,0.501342236995697,-2.608153523528446e-05,0.0002016491113580094,0.4081059514142648,1766201321.7460752
0.7542575597763062,3.264528512954712,0.5012317895889282,-4.3631384836397e-05,0.0004155315686649536,0.4088127700646921,1766201321.756027
0.7544205784797668,3.264444351196289,0.5009843111038208,0.0004216161402259844,0.0007180736870357952,0.4082824053883021,1766201321.7661152
0.7542188167572021,3.2645530700683594,0.5011032819747925,-0.00033690341268113655,0.0005294902779710634,0.4088320481444144,1766201321.7760658
0.754406213760376,3.2644360065460205,0.5012173652648926,-0.00018816897596282822,0.0002821870641116654,0.40784627638354104,1766201321.7861097
0.7544083595275879,3.264507532119751,0.5009528994560242,9.739844979061719e-05,0.0007352541023921222,0.4084680625807528,1766201321.7861624
0.7543487548828125,3.2644972801208496,0.500991940498352,0.00035071079663711566,0.0007398862343332241,0.4087773675724169,1766201321.7960513
0.7543361186981201,3.264414072036743,0.5012681484222412,-0.00023975844124001007,0.00019923021618826537,0.40833354603915406,1766201321.8061042
0.7544286847114563,3.2643234729766846,0.5013415813446045,-8.953339278309501e-05,0.0001296362459144005,0.4078032966777497,1766201321.8161163
0.7544568777084351,3.264307737350464,0.5011652112007141,0.00033650004412133207,0.0006494880467885191,0.40797303554738384,1766201321.8261354
0.7544326782226562,3.2643253803253174,0.5010127425193787,8.363273361416655e-05,0.0008701776985655075,0.40848397863265556,1766201321.8361113
0.7545061111450195,3.26434326171875,0.5010094046592712,-7.699256860646638e-05,0.000748950486759722,0.4079884626979604,1766201321.8361619
0.7545236349105835,3.264183759689331,0.5014402866363525,-0.00026854208962629947,0.00017438318618095755,0.40740301929546935,1766201321.8461218
0.7544714212417603,3.2643933296203613,0.5014068484306335,-0.00018937684935229487,0.00033306870257413104,0.40763248481013725,1766201321.856121
0.7543444633483887,3.264657735824585,0.5011594891548157,-7.229833114970716e-05,0.0003036730894157347,0.4085131074058188,1766201321.8660872
0.7544281482696533,3.2644102573394775,0.5010164380073547,5.079198861954926e-05,0.0008649634431913696,0.40851160366687805,1766201321.876129
0.7546417713165283,3.264347553253174,0.501239001750946,-4.782782925380673e-06,-0.00010958731612985483,0.40685152528148083,1766201321.8861024
0.7543692588806152,3.264406681060791,0.5011314153671265,-0.0006118230651357307,0.0004008759607584762,0.4083074170215163,1766201321.886153
0.7544330358505249,3.264436960220337,0.500924825668335,-4.7740307218124835e-05,0.0008745387601767367,0.40826576819605975,1766201321.8960183
0.7544229626655579,3.2645084857940674,0.5013142228126526,-1.749426619331381e-05,0.00016032619616218979,0.40776736119826423,1766201321.90611
0.7543168663978577,3.264601230621338,0.5011851191520691,-3.5513218674580454e-05,0.00024126796501659127,0.4087447221882752,1766201321.9161067
0.7544703483581543,3.264413595199585,0.5012394785881042,-0.00013889266983850449,0.00020052490850342822,0.4078088416026539,1766201321.9261262
0.7544489502906799,3.2645251750946045,0.5012835264205933,8.6625758731705e-05,6.335756551321136e-05,0.40792026657135494,1766201321.9361076
0.7542162537574768,3.2646141052246094,0.5011460781097412,0.00024330860447183,0.00032759325024863854,0.4092639902288848,1766201321.9361577
0.7544552683830261,3.264385938644409,0.5009986162185669,7.886332336708435e-05,0.0008362860962242474,0.4082067068559027,1766201321.9460735
0.7545142769813538,3.2643110752105713,0.5010660886764526,0.000203917935008905,0.0007343767628759366,0.4076803859013213,1766201321.9561198
0.7544501423835754,3.2643046379089355,0.5010861754417419,0.00019157156107132284,0.000780109699292383,0.40814071373721195,1766201321.9661174
0.7544094920158386,3.2642951011657715,0.500987708568573,-0.0001492450638296009,0.0008396917118299158,0.40844544999284593,1766201321.9761262
0.7543662786483765,3.2644259929656982,0.5012794733047485,-0.00012134178622578364,0.00027412207576862425,0.40837570742645996,1766201321.98612
0.7544844746589661,3.264254570007324,0.5013239979743958,-0.0002707183983258537,0.00022705853191438716,0.40757990568068275,1766201321.9861705
0.7542133927345276,3.2645349502563477,0.5012072920799255,4.475431523079173e-05,0.00040825811263929475,0.4091988584543113,1766201321.9960494
0.7544206380844116,3.2643415927886963,0.5013173818588257,5.938198031930312e-05,0.0001445673268300129,0.4076759779499096,1766201322.006121
0.7545312643051147,3.264263868331909,0.5013232827186584,-1.5390459697447785e-05,9.380496919313181e-06,0.4070007258392414,1766201322.0161202
0.7543553113937378,3.264425277709961,0.5009773969650269,0.00013085025705378208,0.0009165339839166891,0.4085174231963055,1766201322.0261319
0.75445955991745,3.264286994934082,0.5012673735618591,-6.449480945906119e-05,9.468059031107286e-05,0.40735792382518543,1766201322.0361075
0.7539419531822205,3.2647807598114014,0.5010693669319153,0.00020129526406292782,0.0006798358367274105,0.4106044323067466,1766201322.0361588
0.75437992811203,3.264420747756958,0.5010125041007996,0.00032865569036016093,0.0006921710824361341,0.408603507061085,1766201322.0460684
0.7545262575149536,3.2643113136291504,0.5012575387954712,-0.00024932642382200724,0.00016489712407853873,0.40733875242673145,1766201322.0560422
0.7544028162956238,3.26428484916687,0.5012684464454651,-0.0003654931868480673,0.00026199583096943503,0.40830967551613817,1766201322.0661185
0.7543909549713135,3.264529228210449,0.5012891292572021,-3.902461293458318e-06,0.00011420416522045046,0.4083311967205145,1766201322.0761042
0.7544851899147034,3.264392614364624,0.5011226534843445,0.0002724777970684424,0.0007283134192100933,0.40796234204801873,1766201322.0861018
0.7543975710868835,3.2643089294433594,0.5012488961219788,-0.0003683949764351037,0.0003508633585637844,0.40839976359488017,1766201322.086153
0.7541988492012024,3.264441728591919,0.5011953115463257,-0.00011947036322244575,0.000518733176414824,0.40920726469630786,1766201322.0960631
0.7543517351150513,3.2643086910247803,0.5014222264289856,0.00013944928092893096,0.0002453239056517739,0.40808747841068155,1766201322.1060615
0.7539100050926208,3.264789342880249,0.5011118054389954,-1.9593566344590728e-05,0.000743164543845476,0.41076005861100817,1766201322.1161144
0.7546203136444092,3.264267921447754,0.5013147592544556,-0.0002973340671383847,0.0001213371382492869,0.4067732569434045,1766201322.1261573
0.7544974088668823,3.2643280029296875,0.5012264847755432,-0.000270400061033162,0.0001833165298012219,0.4072307534330961,1766201322.136128
0.7543933987617493,3.264453172683716,0.5009243488311768,4.987844073751879e-05,0.0007813781563715197,0.408262832759661,1766201322.136179
0.7542457580566406,3.2646751403808594,0.5010806322097778,5.5174490833576634e-05,0.0002016660526179723,0.4088413529615706,1766201322.146063
0.7544919848442078,3.2643959522247314,0.5012588500976562,-7.441390782461204e-05,3.4733396059075626e-05,0.4073569433993367,1766201322.1560454
0.7543713450431824,3.264465808868408,0.5011356472969055,-9.900399006587684e-05,0.0002426967961009395,0.40807902209618174,1766201322.1660292
0.7544859647750854,3.264434814453125,0.5012591481208801,8.09719681476435e-05,0.0001318846678934428,0.40728318837742866,1766201322.1760962
0.7544947862625122,3.2643117904663086,0.5010667443275452,0.0005574047582011375,0.0005789309221813262,0.40795806175794447,1766201322.1861
0.7545008659362793,3.264341115951538,0.5010595917701721,3.895566945177718e-05,0.0007146134199305538,0.4082750030746724,1766201322.1861508
0.7545050382614136,3.2642180919647217,0.501357913017273,-1.8484592533838755e-05,7.041501186323867e-05,0.40745851525708515,1766201322.1960604
0.7543563842773438,3.264331817626953,0.5013635158538818,2.7670225075494193e-05,0.00019914563006702114,0.4082496821072454,1766201322.2061317
0.7545118927955627,3.2642993927001953,0.5010110139846802,8.058917900295304e-05,0.0007231759648268602,0.40808586619442916,1766201322.2160907
0.7543535232543945,3.2643375396728516,0.5009645819664001,-3.760042874818262e-05,0.0008794741779725047,0.40878367901753376,1766201322.226112
0.7545011043548584,3.2643189430236816,0.5009970664978027,1.683264387849072e-05,0.000792530036077072,0.40795458108376614,1766201322.236133
0.754523754119873,3.2644379138946533,0.5010060667991638,0.00020013226495343707,0.0005824697466049962,0.4077305521310531,1766201322.236184
0.7545204758644104,3.2644407749176025,0.5010207295417786,0.0004017593431511406,0.000548263641862865,0.4075830806807517,1766201322.2460692
0.754374086856842,3.2645199298858643,0.5009615421295166,0.0004293365394643488,0.0006729255997212871,0.40827435067350176,1766201322.2560515
0.7542977929115295,3.2644970417022705,0.5009372234344482,0.0002878828373054085,0.0008788147629262025,0.4088720742159668,1766201322.2661054
0.7544817924499512,3.264493465423584,0.5010074973106384,0.00039979434102428295,0.0006668842945905697,0.4079327189133314,1766201322.2760959
0.754397988319397,3.264455556869507,0.5009814500808716,0.00019370204868280624,0.0008308423837706984,0.40856502001392325,1766201322.2861054
0.7545196413993835,3.264371871948242,0.5010641813278198,0.0001795633554932857,0.0006254028443306722,0.4078800326385178,1766201322.2861567
0.7545220255851746,3.2642321586608887,0.5010325908660889,-0.00012606655299493813,0.0008297219589271364,0.40796873081174545,1766201322.2960553
0.7544429898262024,3.264333963394165,0.5013173222541809,-3.573221032360354e-05,0.0001741311675837419,0.40782956717509544,1766201322.3060145
0.7545211315155029,3.264326333999634,0.5014523267745972,2.709615864475016e-05,0.00012735825089231208,0.4072234566914008,1766201322.3161035
0.7545732855796814,3.2641913890838623,0.5013574361801147,-0.00023319241136087092,0.00010232378666896717,0.4071459226839216,1766201322.3261278
0.7545207738876343,3.264176368713379,0.5013582110404968,-0.00022743598897444865,1.80518190441482e-05,0.4074466197631958,1766201322.336106
0.7545401453971863,3.264089822769165,0.5013669729232788,-0.0003394214183445806,0.0001986833359881622,0.40706273487519623,1766201322.3361578
0.753768801689148,3.264946222305298,0.5009766817092896,0.00015606289525867034,0.0011263742736999868,0.4116417034739076,1766201322.346047
0.7544074654579163,3.2643039226531982,0.5012184977531433,-0.00024092642977040219,0.00031651792166772266,0.4080469124422013,1766201322.3560627
0.7542116641998291,3.2646327018737793,0.5010337829589844,-5.92882336714349e-05,0.000409465022333181,0.4090452747323368,1766201322.3661294
0.7545503377914429,3.264270544052124,0.5012726783752441,-6.396373932692262e-05,8.783820804525474e-05,0.40703096402764577,1766201322.376108
0.754601240158081,3.2642662525177,0.5012972950935364,-0.00015967887778437623,-1.3783792027082542e-05,0.4069435470422622,1766201322.3861141
0.7544776797294617,3.2643959522247314,0.5009504556655884,0.00018138889546604712,0.0006710013357002326,0.4079807913880236,1766201322.3861642
0.7544795870780945,3.264218807220459,0.5013076066970825,-0.00017225613692031872,0.00019003457017857794,0.40757815490494154,1766201322.3960311
0.7546054124832153,3.2641992568969727,0.5012404918670654,-0.00035625633297953094,0.00011171554384531517,0.40669605581768975,1766201322.406048
0.7544806599617004,3.2642111778259277,0.5013320446014404,-0.00023508142421226308,0.00031449654239654857,0.40767484281087024,1766201322.41606
0.7545735836029053,3.2642149925231934,0.5013961791992188,0.00013161626327205678,-5.566652071032827e-05,0.407385902826222,1766201322.4259984
0.7545372843742371,3.264155149459839,0.501428484916687,2.215730409734516e-05,6.109005398737814e-06,0.40767226832722764,1766201322.4361148
0.7543953061103821,3.2642931938171387,0.501340925693512,-0.00021005678540497833,0.00035076440763375015,0.4084332415502669,1766201322.4361646
0.7546874284744263,3.2641208171844482,0.5013811588287354,-0.00018603193605606282,0.0001370926349085309,0.40645914417188866,1766201322.4460685
0.7544493675231934,3.2646901607513428,0.501128613948822,-0.00018645018919199283,0.0004585970014769418,0.40815303981432205,1766201322.4560466
0.7545548677444458,3.264404058456421,0.501196563243866,-0.0003721838045485088,0.00011768458351682429,0.40745976298908937,1766201322.4661038
0.754353940486908,3.2644612789154053,0.5009496808052063,0.00011454453555949173,0.0008484218333726957,0.4087493359519067,1766201322.4761086
0.7543736696243286,3.2645184993743896,0.5009738206863403,0.00020382213785287778,0.0007052356353359293,0.40839734700650226,1766201322.4860916
0.754362940788269,3.264448881149292,0.5012131929397583,-0.00014202571330031467,0.0003221598129876231,0.40811260731886095,1766201322.486158
0.7545329332351685,3.264374017715454,0.5012431740760803,-0.00011477901104277126,-2.849498722056947e-05,0.4071416572773045,1766201322.496057
0.7545901536941528,3.2642228603363037,0.5012946724891663,-0.00030282706789422115,-2.8408330574813284e-05,0.406795681783309,1766201322.506043
0.754684329032898,3.2643520832061768,0.501335859298706,-5.020213584084534e-05,-5.101321617621106e-05,0.4063570667005894,1766201322.5160432
0.7545856833457947,3.264347791671753,0.5010609030723572,0.00015767726820475856,0.0006611127439641382,0.4075885173357711,1766201322.5261197
0.7544233202934265,3.264378786087036,0.5012909173965454,-0.00018504422007656652,0.00034697536853588873,0.4080411560918854,1766201322.5361028
0.7545596957206726,3.2642083168029785,0.501364529132843,-0.0005051186481607833,0.00028107690961815896,0.4074422667731952,1766201322.5361528
0.7544218897819519,3.264286756515503,0.5010521411895752,-0.0001715518259071944,0.0011103886571165464,0.40882778226150757,1766201322.5460017
0.7542216181755066,3.2648088932037354,0.501201331615448,0.00027230093232662227,0.0004658920631468229,0.4092874517753173,1766201322.5560327
0.7545020580291748,3.264334201812744,0.5013328790664673,-0.00023684803642139794,0.0002873888345514612,0.40766329682380825,1766201322.5661116
0.7544369101524353,3.2643933296203613,0.5009831786155701,0.00010077785841071515,0.0008212271465261893,0.4086319054511816,1766201322.5761158
0.7544869184494019,3.264376640319824,0.5009605884552002,6.418446352368143e-05,0.0007847951345356872,0.4083163714016756,1766201322.5861192
0.7544568777084351,3.264479160308838,0.5008931159973145,0.00010545270494724318,0.0007828177881581693,0.40805065799112217,1766201322.5861697
0.754436194896698,3.2643208503723145,0.5012325048446655,-0.0002218528419439913,0.00028880673884003794,0.4076565884739956,1766201322.5960517
0.7538855671882629,3.264906406402588,0.5009673833847046,-5.4506691470145786e-05,0.0008195129373688117,0.41107731193975566,1766201322.6060152
0.7545095682144165,3.264364719390869,0.5009402632713318,7.894090711200461e-05,0.0007883810101318152,0.40786466574452657,1766201322.6159818
0.7544728517532349,3.264272451400757,0.501378059387207,-0.00020759408516526025,0.00019463881289410654,0.407703587905033,1766201322.6260598
0.7545912861824036,3.2642743587493896,0.5013143420219421,2.4509677600569027e-06,1.7352611684199897e-05,0.407041562807507,1766201322.63608
0.7540662288665771,3.26466965675354,0.5010415315628052,-0.0001509073675759259,0.0006960145328988013,0.4102412903441449,1766201322.63613
0.7543908357620239,3.2642712593078613,0.5010119080543518,-0.00031781054700787446,0.0010605055799882692,0.40886578838845017,1766201322.646062
0.7543784976005554,3.26423716545105,0.5013588666915894,-0.0002929901050062197,0.0004119838787527504,0.4085731020698896,1766201322.6560447
0.7545433640480042,3.2641777992248535,0.5013592839241028,-0.000239338482103076,0.00016000999432510028,0.40752617496461163,1766201322.6661355
0.7544997930526733,3.2642152309417725,0.5011084675788879,0.0002993103262650554,0.0007480077200284879,0.4081430072014263,1766201322.6761096
0.7544268369674683,3.2642123699188232,0.5010876655578613,4.2035437090991385e-05,0.0008246367477241164,0.4084947788945414,1766201322.6861115
0.7545908689498901,3.2642650604248047,0.5012785196304321,-0.00030610018376452206,5.052692079630092e-05,0.40716358339480807,1766201322.686162
0.7544745206832886,3.264348268508911,0.5013318657875061,-2.921311497681058e-06,5.9589370618930255e-05,0.407808072494206,1766201322.6960325
0.7544673085212708,3.264399528503418,0.5012117624282837,-0.00024487564835441977,0.00024953451141383515,0.40770381608955447,1766201322.7060552
0.7540913820266724,3.2646546363830566,0.501118004322052,-9.404110552082961e-05,0.0005493780936979129,0.4099229157125563,1766201322.7161176
0.7543126940727234,3.264409065246582,0.5009493827819824,-0.00013616175620460193,0.0009785788822936688,0.40876872485776755,1766201322.7260883
0.7545687556266785,3.2642738819122314,0.5013657212257385,0.00026089941260766704,-8.676569709429563e-05,0.40703735496883964,1766201322.736053
0.7543780207633972,3.2643613815307617,0.5013351440429688,-0.00017714887350198309,0.0003743027230316985,0.4083943587344293,1766201322.736106
0.7543091177940369,3.264387607574463,0.5013940930366516,0.00025667581929260353,0.0003254061869431264,0.40853651055975415,1766201322.7459898
0.7545546293258667,3.264328956604004,0.5013365149497986,-8.774316070586908e-05,6.569404060655413e-05,0.4070683581028062,1766201322.7559946
0.754418134689331,3.264263391494751,0.5010554790496826,-0.00022121167910013316,0.0008908076600643198,0.40890735632076197,1766201322.7661161
0.7544832825660706,3.2643229961395264,0.501099169254303,3.060354499874016e-05,0.0008752838810185508,0.4083693672540029,1766201322.7761333
0.7544956803321838,3.264265298843384,0.5013619065284729,-8.630840987120084e-05,0.00013580828471269058,0.4076930748124958,1766201322.7860823
0.7546005845069885,3.264422655105591,0.5012614727020264,-0.00018487751658012773,4.7232553902911525e-05,0.4070524601509895,1766201322.786156
0.754461407661438,3.2645418643951416,0.5012286901473999,-4.7558291557417065e-05,0.0001479001289349491,0.4077658807429625,1766201322.7960436
0.7545902729034424,3.264251708984375,0.5013073086738586,-0.0005045595771197101,0.0002476041401633537,0.4066822664448534,1766201322.8060968
0.7544487118721008,3.2644155025482178,0.5010102391242981,2.4607594889086383e-05,0.000800281482419647,0.40804139226794217,1766201322.8160498
0.7544209361076355,3.2644076347351074,0.5013306140899658,1.769630296348502e-05,0.000361606760476231,0.4075669123445506,1766201322.826087
0.7538810968399048,3.264889717102051,0.5009756088256836,-0.00030896960133569264,0.0008302894010708909,0.4108372780507898,1766201322.8361154
0.7543303370475769,3.264403820037842,0.5011558532714844,-0.00036391597813310693,0.00045584963872471595,0.408311604861379,1766201322.8361595
0.7544305920600891,3.264310121536255,0.5013386011123657,-3.003163562559548e-05,0.00017094271711075402,0.4076864452076309,1766201322.8460312
0.7544662356376648,3.264410972595215,0.5012516975402832,-9.070949668378023e-05,0.00015355206502161613,0.40767524716797493,1766201322.8560362
0.7545984387397766,3.2642481327056885,0.5012954473495483,-0.0002624302708594567,0.0001596210029597253,0.4071519285986675,1766201322.866041
0.754555881023407,3.264163017272949,0.5012499690055847,-0.00040467362134009394,0.00016477118378878657,0.40731055573122565,1766201322.8761106
0.7544344067573547,3.264174699783325,0.5011516213417053,0.00031208966383397633,0.0008083317463356181,0.40833212015845705,1766201322.886125
0.7543631196022034,3.264460325241089,0.5012857913970947,0.0002282869920054909,0.00019480703128804298,0.4083032878805098,1766201322.8861754
0.7543788552284241,3.264270067214966,0.5013725161552429,-0.00015190203040304899,0.0002275074792678835,0.4082974618332055,1766201322.8960302
0.7543882131576538,3.2643394470214844,0.5013653635978699,9.482798352870851e-05,4.88519303483052e-05,0.40826204268672156,1766201322.9061093
0.7543826699256897,3.264321804046631,0.5012850165367126,-0.00038688230543486123,0.00036070866820406126,0.40817483152875983,1766201322.916097
0.7543985843658447,3.264345169067383,0.5013112425804138,-0.00022168177699766556,0.00029904886572864925,0.40817793652608547,1766201322.9261
0.7546430826187134,3.264397382736206,0.5012983679771423,8.556541446947764e-05,-0.00011321701508610368,0.4066826159497729,1766201322.936127
0.7544203996658325,3.264451742172241,0.5008959174156189,0.0003340558634962027,0.0007530985894999933,0.4087549954114904,1766201322.9461184
0.7544708251953125,3.264327049255371,0.5009933710098267,0.00035612480603836093,0.0007159954579765088,0.4084416187540918,1766201322.9461703
0.754370927810669,3.2644920349121094,0.5012090802192688,5.226889549306991e-05,0.00015028296287797699,0.4080837014745699,1766201322.9560256
0.7542272806167603,3.2645020484924316,0.5012185573577881,-0.0002991360664557329,0.0004372506681400776,0.40901550088684724,1766201322.96613
0.7544713020324707,3.264286994934082,0.5013266205787659,-0.00014996500366013424,0.00013668318757538547,0.4075827902428495,1766201322.976092
0.7544099688529968,3.26448130607605,0.5010826587677002,0.0003629667976658328,0.0006193196700883046,0.4083656149550479,1766201322.9861073
0.7543997764587402,3.2644202709198,0.5010273456573486,8.290208342909622e-05,0.0008692910133567026,0.40839614885189407,1766201322.986157
0.7545204162597656,3.264408826828003,0.5011146068572998,0.00031237397852289245,0.0006078195622728904,0.4078130302155699,1766201322.9960544
0.7544864416122437,3.2644026279449463,0.5013407468795776,1.5972141730858717e-05,7.52179502921423e-05,0.4077879904014628,1766201323.0060124
0.7544512152671814,3.2644307613372803,0.5012838840484619,-0.0002687013407981991,0.00042227853117299946,0.4078745659566888,1766201323.0160923
0.7544452548027039,3.264432668685913,0.5014051795005798,0.00020740482655614534,7.677515622368691e-05,0.4077668210948568,1766201323.0261338
0.7545769214630127,3.2641854286193848,0.5013219714164734,-0.00037937512627029245,0.0002006166513506006,0.40738372894322095,1766201323.0361187
0.754514217376709,3.2643017768859863,0.5010047554969788,0.000130026586014845,0.0007057139739638262,0.4079151501237711,1766201323.0461028
0.7545900940895081,3.2642433643341064,0.5013650059700012,-0.00028233577809214544,0.00017924037104871625,0.4069105856655805,1766201323.0461884
0.7545368075370789,3.2642691135406494,0.5013719201087952,8.724869989451893e-05,2.9231719647001707e-05,0.4071152914362134,1766201323.056026
0.7544134259223938,3.264418363571167,0.5010176301002502,0.0004551688974751708,0.0007435649703303688,0.4083099701391299,1766201323.0661182
0.7541855573654175,3.2647523880004883,0.5010932683944702,0.00016326536884691065,0.0003443024731552027,0.409231982384267,1766201323.0761201
0.7544357180595398,3.264343500137329,0.5013148784637451,-0.0001781365171659327,0.00021415543205212162,0.4078061183001093,1766201323.0860727
0.7542303800582886,3.2645187377929688,0.5011290311813354,-0.00044473593652826816,0.0005958690590848216,0.4092142821129384,1766201323.086122
0.7545929551124573,3.2641332149505615,0.5013061165809631,-0.00021498739362294783,0.00021723211849564885,0.40687798391168173,1766201323.0960565
0.7545236945152283,3.2642595767974854,0.5009961128234863,-0.00014479819486343205,0.0008396720741173035,0.40822217835535785,1766201323.1061087
0.7544658184051514,3.264312744140625,0.500946581363678,-0.0003496185102438591,0.0009418025349744744,0.4085639527969321,1766201323.1161025
0.7544782757759094,3.2642271518707275,0.5014175772666931,3.185831098327615e-05,0.00019753351742654584,0.40790148238346186,1766201323.126059
0.7545837163925171,3.2641592025756836,0.501349151134491,-0.00030771211939416943,0.0001355660136363936,0.4073792628531854,1766201323.1360605
0.7546055316925049,3.264225482940674,0.5013382434844971,-0.00014755364810255302,6.937725118491946e-05,0.40706904108464825,1766201323.136078
0.7545127272605896,3.2643003463745117,0.5014085173606873,-0.00018728916358713306,9.670160639976263e-05,0.4077818198608726,1766201323.1460683
0.7544556856155396,3.264364242553711,0.501314103603363,2.9413193386674053e-05,6.947964937288731e-05,0.4075474745315423,1766201323.1560655
0.7544168829917908,3.2642595767974854,0.50127774477005,-0.0003600374469641935,0.00032034250460498994,0.4079601040199333,1766201323.166102
0.7543694376945496,3.264465093612671,0.5009089708328247,-4.043160042994375e-05,0.0007577614201580744,0.4084083125960688,1766201323.1761115
0.7543795108795166,3.2644708156585693,0.5012184381484985,-0.00026970665187996075,0.0003341755934183825,0.40808675003568384,1766201323.1860628
0.754536509513855,3.264453411102295,0.5011828541755676,-0.00027757762670739533,0.00011292412816424017,0.4071067647430385,1766201323.186113
0.7544174790382385,3.2644221782684326,0.5008780360221863,-0.0001395294867112483,0.0008322537276440127,0.4084689801045997,1766201323.1960592
0.7545138597488403,3.264364719390869,0.5012853145599365,-0.00020955335834390874,0.00030169503666013634,0.40733150568313414,1766201323.2060962
0.7544177770614624,3.264411211013794,0.5012789964675903,-6.785915801078484e-05,0.0001392814716110176,0.40781481243886475,1766201323.2161098
0.7545130848884583,3.2643520832061768,0.501060426235199,0.00011736272481041224,0.0007521612835422326,0.40800621124886377,1766201323.2261295
0.7546012997627258,3.2642781734466553,0.5010764598846436,0.00018449506380038437,0.00048412103138934805,0.4075819746421983,1766201323.2360983
0.754581093788147,3.264263153076172,0.5011141300201416,0.00018867214139906753,0.0006305567795410387,0.4074632579155729,1766201323.23615
0.7546390891075134,3.264103651046753,0.5010647177696228,-7.134787061270319e-05,0.000620324057618374,0.40750328349606585,1766201323.2460706
0.7545542120933533,3.2641310691833496,0.5010928511619568,1.8480733383002614e-05,0.0007488070978241766,0.40780914925112166,1766201323.2560449
0.7545577883720398,3.2641680240631104,0.5010773539543152,0.0001418031116120147,0.0005938589126972725,0.40784234275197856,1766201323.2660296
0.7544938921928406,3.2642507553100586,0.5010225772857666,0.00026953054269441087,0.0008141392197255375,0.40819905179912025,1766201323.276121
0.754203736782074,3.264491081237793,0.5012422204017639,0.0004049060752154994,0.00042701873797980426,0.40942526769543536,1766201323.2861178
0.7546543478965759,3.264334201812744,0.5013980865478516,0.00043500417208254956,-0.00018303083046298404,0.40659440630686117,1766201323.2861688
0.7545034885406494,3.26436185836792,0.501262903213501,-1.4688736695930644e-05,0.00015798746610442362,0.4073771963591796,1766201323.2960079
0.7544748783111572,3.2644121646881104,0.5009796619415283,0.00016260489406567043,0.000744209471542521,0.4082316456543487,1766201323.3061128
0.7543289065361023,3.2643628120422363,0.5013067126274109,0.000176160772844022,0.00010523654130180632,0.408256890092679,1766201323.3161213
0.7545596957206726,3.2641100883483887,0.5013233423233032,-0.00025393989669798096,0.0001560383238189335,0.4072175953417298,1766201323.3260663
0.7545720338821411,3.2642126083374023,0.5013700127601624,2.7998308414475994e-05,9.828574218737169e-05,0.4072026540549543,1766201323.3360622
0.7545652389526367,3.2641043663024902,0.5013912320137024,-0.0002681189907832274,0.00027032283894567235,0.40676340166664626,1766201323.336079
0.7545486688613892,3.264378309249878,0.5012971758842468,5.810209154752927e-05,-3.500732261666704e-05,0.4073184556923735,1766201323.356045
0.7543041110038757,3.264586925506592,0.5012569427490234,0.00021264870377913318,0.0002847222751213749,0.408711856049823,1766201323.3560615
0.7545100450515747,3.264253616333008,0.501347541809082,-2.338175150358806e-05,5.992750586215659e-05,0.4073026623587616,1766201323.3661115
0.7543946504592896,3.2643046379089355,0.5013376474380493,-0.0004557998079969408,0.0003626403767179911,0.4082292170736076,1766201323.3761187
0.7543642520904541,3.264408588409424,0.501169741153717,-0.00046992212236541257,0.00032431012455521767,0.4084400584810832,1766201323.3861291
0.7543590664863586,3.264458417892456,0.5011427998542786,-0.000549575390356159,0.0003579656861729961,0.4082739085856723,1766201323.3861794
0.7544424533843994,3.2644834518432617,0.5011818408966064,-0.00019147305186829446,0.00020554060852525106,0.4079621698130274,1766201323.3961222
0.7544849514961243,3.264507293701172,0.5011911988258362,-8.380570417670637e-05,0.00020816046886997446,0.407408217741988,1766201323.4061074
0.7544955015182495,3.264392137527466,0.50096595287323,0.00023148693251320607,0.0007454986519313396,0.4080584539342388,1766201323.4161205
0.7545703649520874,3.2644944190979004,0.5010890960693359,-0.0003252491382620457,0.0001478584643304838,0.40672498935697615,1766201323.426098
0.754348635673523,3.264335870742798,0.5012537240982056,-0.00035457215006898056,0.00032558327746430154,0.4082813600032221,1766201323.436065
0.7543679475784302,3.264249086380005,0.5009949207305908,0.00010543735135346927,0.0008702750823030125,0.4085916618502518,1766201323.4361532
0.7544771432876587,3.264310359954834,0.5012807846069336,-0.00013108398360782105,0.00016926756207116453,0.40759503371450917,1766201323.4560423
0.7547566890716553,3.264075994491577,0.5013202428817749,-0.0004881442677380824,0.00010033496134114329,0.40605111156570495,1766201323.45606
0.7544153332710266,3.2642340660095215,0.5011048316955566,1.7990241314273745e-05,0.0008914726459368948,0.40851821254929893,1766201323.4660354
0.7545095086097717,3.2642459869384766,0.5010571479797363,7.785786467220872e-07,0.0008347350876037123,0.407944854377808,1766201323.4759943
0.7541793584823608,3.2645103931427,0.5012245774269104,-2.3171853832671075e-07,0.00040264199522176055,0.4094925484151276,1766201323.4860609
0.7544450163841248,3.264193296432495,0.5013364553451538,-0.00022997734915526142,0.00021668117432995039,0.40789245853844985,1766201323.4861002
0.7545953392982483,3.2641799449920654,0.5013817548751831,-0.00026053158302237684,-1.1085944352763334e-05,0.4069651669107951,1766201323.4960299
0.7544202208518982,3.2643883228302,0.5010411143302917,0.0001715532583070104,0.0006889486083476771,0.40812324593996185,1766201323.5059845
0.7544222474098206,3.2643587589263916,0.5011425614356995,-0.0005202333505152675,0.0003463759712374171,0.40756028381686255,1766201323.5159783
0.7543636560440063,3.2643849849700928,0.5012017488479614,-0.00019077194318974013,0.00023900743050743483,0.40803456674082267,1766201323.5260942
0.7545201182365417,3.2642526626586914,0.50125652551651,-0.00016605418894165733,0.0001361755802695095,0.40695406711696475,1766201323.536024
0.7543841004371643,3.2644379138946533,0.50090092420578,-0.0001153163239713062,0.0008010198452328473,0.40835474878154343,1766201323.5459955
0.7545265555381775,3.2643749713897705,0.5009477734565735,0.00018426617589656832,0.0006765981161609345,0.4076762936086763,1766201323.5460095
0.7543294429779053,3.264352321624756,0.5012375712394714,-0.00017259164886900618,0.00033188920610910123,0.40829265116176794,1766201323.5560338
0.7544647455215454,3.2642908096313477,0.5013340711593628,-0.0002280904954967104,0.00023010250769852917,0.40746957161754216,1766201323.5659876
0.7544552683830261,3.264394998550415,0.5012992024421692,-0.0001904940218805942,0.00020024223059347847,0.40804198124895746,1766201323.5760329
0.7545015215873718,3.264331579208374,0.50141841173172,-0.0001077665303855923,0.00016031197716278805,0.4076893958228676,1766201323.586003
0.7544732689857483,3.26419734954834,0.5013866424560547,-0.00041293350533694757,0.00021007718759462752,0.40795667558092186,1766201323.5860217
0.7544436454772949,3.264272451400757,0.5010948777198792,-4.405542723756331e-05,0.0008082220028816037,0.408515954659516,1766201323.595977
0.7545665502548218,3.2642462253570557,0.501320481300354,-0.00036299818404946817,0.00010620660103304532,0.40741187326411754,1766201323.606009
0.7544560432434082,3.2642574310302734,0.5012843012809753,-0.0003445711314396025,0.00017966721200632528,0.40774620325256367,1766201323.6160655
0.7544137835502625,3.264310836791992,0.5009771585464478,4.954987607445536e-05,0.0008648446723687213,0.40859065018764773,1766201323.6260393
0.7544199824333191,3.2645559310913086,0.5009595155715942,0.00024196598121776786,0.000732284778405807,0.4085652807851596,1766201323.6360059
0.7543649673461914,3.2644550800323486,0.5012321472167969,-0.00012450703899729285,0.00020253633748416172,0.4079833294139914,1766201323.6360264
0.7543883919715881,3.2645835876464844,0.5011202692985535,-0.00016015707292327773,0.0002632735713288957,0.40796778486610497,1766201323.6461108
0.7537503242492676,3.265014171600342,0.5009273290634155,0.00024165135739738857,0.0009063556878613682,0.4119221685583409,1766201323.6560516
0.754386305809021,3.264420747756958,0.5009268522262573,0.00010595667048397071,0.0008570655889670092,0.4085834726799597,1766201323.6659799
0.7545342445373535,3.264417886734009,0.5009673833847046,0.0002419729165950074,0.0007724293424643503,0.4079555675492248,1766201323.6760023
0.7544807195663452,3.2643914222717285,0.5009962320327759,0.00013593243593820268,0.0007570010947152515,0.4083786929469774,1766201323.6860783
0.7545048594474792,3.264542818069458,0.5012909770011902,-0.00016394195964483614,0.00010602174220999594,0.4082845357677012,1766201323.6861308
0.7546647787094116,3.2645788192749023,0.5012543797492981,7.497297192257144e-05,-5.83658274873758e-05,0.4071748701109943,1766201323.6959805
0.7545058131217957,3.26448130607605,0.5010339021682739,-0.0001493818975604492,0.0009618098361320249,0.40892298245903064,1766201323.7060914
0.7545080184936523,3.264522075653076,0.5010924339294434,0.0002576348894629861,0.0007730964653544346,0.40856306471342935,1766201323.716131
0.7545013427734375,3.264525890350342,0.5010569095611572,0.0001953499738379301,0.0008516499359065447,0.40872648205047246,1766201323.726049
0.7544653415679932,3.264540433883667,0.5010415315628052,0.00024053326531317613,0.0007210123045899482,0.4085881773960609,1766201323.736064
0.7545167803764343,3.2644498348236084,0.5009965300559998,-0.00027036490415581645,0.0010390779188478164,0.40828972358960064,1766201323.7360818
0.7543308734893799,3.2644758224487305,0.5009600520133972,-0.000143349927298171,0.0009249494398444927,0.40941807861097534,1766201323.746039
0.7545278072357178,3.2644293308258057,0.5012683272361755,-0.00023410893940635293,0.00022165295463071128,0.40726834563005904,1766201323.7661598
0.7543659210205078,3.264559745788574,0.5011863112449646,7.878439541358634e-05,0.00031862397995194536,0.408103612744177,1766201323.7662165
0.7542976140975952,3.264535665512085,0.5009269714355469,-0.00023859465074168505,0.0009443556650055363,0.40905722846071624,1766201323.7760756
0.7545434236526489,3.264453172683716,0.5012840628623962,-0.00020617399619117724,8.21403059374937e-05,0.40715376459245106,1766201323.786093
0.7545361518859863,3.264312744140625,0.501280665397644,-0.00024174042596451542,0.0002463945174381357,0.4072025886276112,1766201323.7861679
0.7544634938240051,3.264354944229126,0.5010435581207275,-2.1457253810503896e-05,0.0008564500934780226,0.40831618609581044,1766201323.796043
0.7544646859169006,3.264453172683716,0.5009874105453491,-0.00017658390753380035,0.0009284861544960305,0.408498671793016,1766201323.8060443
0.7545980215072632,3.26431941986084,0.501039981842041,-0.00032138551741525597,0.0008265992480597671,0.40786557659184053,1766201323.8159792
0.7544136047363281,3.2643895149230957,0.5012913346290588,-0.0004234702565485108,0.0003055092551541103,0.40822131401067374,1766201323.8260078
0.7545032501220703,3.2644033432006836,0.5013105869293213,-0.0004891803773670345,0.00030975512953469877,0.4081013607656788,1766201323.836054
0.7543855905532837,3.264434814453125,0.5013141632080078,-0.00029999474150549523,0.0003180499967789098,0.4086622373417768,1766201323.836104
0.7546539306640625,3.264333963394165,0.5013289451599121,-0.0002838736140104307,0.00010194744427546912,0.40697776458545293,1766201323.846038
0.7543871402740479,3.2643113136291504,0.5012853145599365,-0.0002530108982440352,0.00028133903762229235,0.40818320032733213,1766201323.8560095
0.7544556856155396,3.2642807960510254,0.5011849403381348,-0.00042778250431236187,0.00020043516981858435,0.4074359589012975,1766201323.8661153
0.7544113993644714,3.264242649078369,0.5011926293373108,-0.00022993626883510297,0.00021315288761709127,0.40749370670217866,1766201323.876131
0.7544505596160889,3.264302968978882,0.500959575176239,6.455460743681255e-05,0.0007136037692903639,0.40775024438874874,1766201323.8860888
0.7543724775314331,3.2644500732421875,0.5008173584938049,-2.7483399240761786e-05,0.0008733055308235173,0.4085855789763607,1766201323.8861606
0.7545056343078613,3.26435923576355,0.5009565353393555,0.0001952844681730958,0.0006469821759577959,0.40788148377294825,1766201323.8960533
0.754639744758606,3.264538049697876,0.5013062357902527,0.000162661310166981,-0.00028241484106521393,0.4072053821192282,1766201323.9060974
0.7546572685241699,3.264551877975464,0.5012922883033752,-9.429639727761916e-05,1.6027420541311587e-05,0.40706418782644543,1766201323.916083
0.7545965313911438,3.264479637145996,0.5012778639793396,-0.0003135071924660759,0.0001960130678170599,0.4078635442343561,1766201323.9260688
0.754505455493927,3.2645390033721924,0.50101238489151,-3.933281640432822e-05,0.0009506972942737358,0.4087255388757611,1766201323.9360914
0.7546302676200867,3.2645139694213867,0.5010619163513184,0.00036871180512774564,0.0006628274634024121,0.4078606529262535,1766201323.936142
0.7545104026794434,3.264446258544922,0.5010486245155334,0.0001951281880522458,0.0008779965952705208,0.4085197343238486,1766201323.9460697
0.754480242729187,3.264334201812744,0.5010397434234619,-7.884071297996495e-05,0.000783769045998457,0.4085416991466379,1766201323.9560409
0.7545328140258789,3.264303207397461,0.5010327100753784,-8.189772745966818e-07,0.0006578640809879971,0.4080764324169846,1766201323.9659822
0.7544154524803162,3.2643041610717773,0.5012843608856201,-0.00038021457716608004,0.0003234709106440996,0.4081848811995478,1766201323.975955
0.7544212937355042,3.264375686645508,0.5011966228485107,-0.00044617051138933324,0.0004522862932196616,0.408169043059323,1766201323.9859877
0.7543522119522095,3.264354705810547,0.5009152293205261,-0.00020578578026254964,0.0010336902458545308,0.4087192561263675,1766201323.9859989
0.7545486688613892,3.264411687850952,0.5013101100921631,4.163163728145105e-05,-3.012742826441731e-05,0.40722704299795304,1766201323.996021
0.754676342010498,3.264357089996338,0.5012447834014893,-0.0002047488972063447,4.5545548873923605e-05,0.4060305575274106,1766201324.0059843
0.7543619871139526,3.2645342350006104,0.5008910894393921,0.00018062937079619688,0.0008636804846442735,0.4088597864470298,1766201324.0159996
0.7544533014297485,3.2645199298858643,0.5009835362434387,0.00010840915348841078,0.0007211482187584469,0.4083210145310346,1766201324.0259826
0.7545587420463562,3.264413595199585,0.5010710954666138,0.00018907270731779584,0.0006400144349073448,0.4074755273791294,1766201324.0359805
0.754518449306488,3.2643487453460693,0.5013880133628845,-0.00022690187807902234,0.0002697777419868963,0.40759891378273433,1766201324.035991
0.754562258720398,3.26436448097229,0.5012902617454529,-0.000401425487195943,0.00018817741490238744,0.4071635774599006,1766201324.0459795
0.7547122836112976,3.2643826007843018,0.501379132270813,-0.0001246503469081942,6.304121679196445e-05,0.4066943650223404,1766201324.055977
0.7543511390686035,3.2644214630126953,0.5013774037361145,-0.00026218934922332324,0.0005931113444602415,0.4089651648839457,1766201324.0660634
0.753912091255188,3.264909267425537,0.5011093020439148,-2.6305806367156193e-05,0.0009648807456933422,0.41126716425568566,1766201324.0760126
0.7543994188308716,3.2643849849700928,0.501338541507721,-0.00018197788976515304,0.00029615596303910233,0.4082988479552371,1766201324.0860677
0.7542945146560669,3.2644729614257812,0.501266360282898,-0.00027509941740525424,0.0004136195993472275,0.4085068663971686,1766201324.0860834
0.7543762922286987,3.26434588432312,0.5009933114051819,-0.00026545075947620114,0.0009628277347609726,0.40856078536334733,1766201324.0960457
0.754450798034668,3.2644197940826416,0.5013184547424316,-0.00021879165469513564,0.0002685343470682919,0.40755414941479723,1766201324.1060083
0.754510760307312,3.2644457817077637,0.5009629130363464,5.847093532367882e-05,0.0006664556091298716,0.4074951072329001,1766201324.1160147
0.7543849349021912,3.264455556869507,0.5009775161743164,3.056605570265898e-05,0.0008128037454483504,0.408413723315652,1766201324.1259773
0.7540442943572998,3.2649474143981934,0.5010371804237366,0.00023200462890431912,0.0005492531551429978,0.41005239538084876,1766201324.135997
0.754152238368988,3.2646067142486572,0.5011304616928101,-0.00023942697148252495,0.00045656973673979714,0.40935475432073554,1766201324.1360183
0.7540712952613831,3.2646803855895996,0.5011266469955444,7.1671374681049e-05,0.000502146579933219,0.4099210193260578,1766201324.1460304
0.7545425295829773,3.264267921447754,0.5013939142227173,-0.00031389510261377844,0.00020617134767309716,0.40755840129998533,1766201324.1559758
0.7543835639953613,3.264411449432373,0.5013033151626587,-0.00038475550561853226,0.0003837838359106823,0.4083271792453471,1766201324.1660028
0.754508912563324,3.2643094062805176,0.5010269284248352,-0.0002847476307766154,0.0009258700581158635,0.4081651558058704,1766201324.1759868
0.7545876502990723,3.2641732692718506,0.5014801025390625,-8.473719256952367e-05,-3.09292981292623e-05,0.40713346317746935,1766201324.1859834
0.754432201385498,3.264310836791992,0.5013887286186218,-0.00013005279479749986,0.00022632630754501121,0.40796237402850294,1766201324.1860032
0.7544793486595154,3.264324426651001,0.5010207891464233,-0.00014151882680718563,0.0008590364438066406,0.4083684276014416,1766201324.195986
0.7546068429946899,3.264340877532959,0.5010474920272827,0.0002523500197311329,0.0006754174879208497,0.4074903635700798,1766201324.206014
0.7545608282089233,3.2643516063690186,0.5010156035423279,-1.5038211637068458e-05,0.0008459664163914963,0.4076680945892997,1766201324.215997
0.7545429468154907,3.2643749713897705,0.5012152194976807,-0.0003687040202007749,0.00023801586977628025,0.4074341927510307,1766201324.2260098
0.7544367909431458,3.2643840312957764,0.501240611076355,-0.00031567213206964143,0.0002614583923456215,0.4080300015684789,1766201324.2360017
0.7543588280677795,3.264455795288086,0.5009167790412903,3.410078020878858e-05,0.0008757609909854852,0.4088685540716944,1766201324.236022
0.7544736862182617,3.2642946243286133,0.5009675025939941,-0.0001096404034205871,0.0008713131423829889,0.40841910447276547,1766201324.2460275
0.7544475793838501,3.264315605163574,0.5011637210845947,-0.0006083306977375441,0.00020298445807448857,0.4076244309149046,1766201324.2560039
0.7543667554855347,3.2643024921417236,0.5012432932853699,-0.00020607963140469891,0.00034575536044437395,0.40826644883221497,1766201324.2660103
0.7544030547142029,3.2642641067504883,0.5009704828262329,-0.0002894203850199358,0.0009756787160889299,0.40871572019097097,1766201324.2760296
0.7544105052947998,3.264285087585449,0.5010920166969299,0.0002531885775178564,0.0008369593012649617,0.4085989575920431,1766201324.2860448
0.754576563835144,3.2642416954040527,0.501410186290741,-0.0001625734451918938,0.00010191961589768505,0.40722492503886365,1766201324.2860634
0.7543081045150757,3.264387845993042,0.5011968016624451,-0.00036053984278980637,0.0005301250810503359,0.4091306377465484,1766201324.2959762
0.7542622089385986,3.2644095420837402,0.5013733506202698,6.626771905942533e-05,0.00032760867125010315,0.40918508920138064,1766201324.3060179
0.7544262409210205,3.264240264892578,0.501323401927948,-0.00022032716870649862,0.00027462392498428463,0.4079496623506831,1766201324.3159728
0.7544523477554321,3.26419734954834,0.5013119578361511,-0.0005033153719995371,0.00035279677870886345,0.40766887761789333,1766201324.326039
0.7544446587562561,3.2644569873809814,0.5008952021598816,-7.720893495886542e-06,0.0007993853563806078,0.4081215353510363,1766201324.3359773
0.7544006705284119,3.2643368244171143,0.5012001991271973,-0.00039300488715178554,0.0004224535741022153,0.40812586122909383,1766201324.3360047
0.7545092701911926,3.264491081237793,0.5009816884994507,0.0003919686585172901,0.0006336401483041632,0.40768631434363906,1766201324.3459888
0.7544587850570679,3.264346122741699,0.5012795925140381,3.844409498107379e-05,9.74189166115328e-05,0.40737752551271,1766201324.356015
0.7542952299118042,3.264418125152588,0.5009769797325134,1.7100057260243285e-05,0.0009297886031072851,0.4090376406848282,1766201324.365977
0.7545386552810669,3.264423370361328,0.5012479424476624,0.00012640903862769906,-2.58932139439337e-06,0.40720355222158866,1766201324.3760273
0.7539820075035095,3.26473069190979,0.50098717212677,-0.00028138123271183427,0.0008525072053151327,0.410665989852076,1766201324.3860612
0.7544599175453186,3.2644143104553223,0.5012809634208679,-8.375292740863564e-05,0.00021243950458857885,0.4080996624895845,1766201324.3860812
0.7545135617256165,3.264307975769043,0.5013553500175476,6.863664618684425e-05,2.8159697437007322e-05,0.40781912631872846,1766201324.3960118
0.754500150680542,3.264214515686035,0.5010882616043091,0.00011700290475864919,0.0007659674128875458,0.4084150881090005,1766201324.4059875
0.7547152042388916,3.2641797065734863,0.501380205154419,-0.00010873019534726263,-9.928533622758163e-05,0.4067121717154927,1766201324.41603
0.754490077495575,3.264310121536255,0.5013541579246521,-3.711678331678289e-05,0.00014302431397696105,0.40766885711483875,1766201324.4259877
0.7546010613441467,3.2641141414642334,0.5013953447341919,-0.0003543665077425962,0.0002743670824876087,0.4068868909087521,1766201324.4359958
0.7546591758728027,3.2642786502838135,0.5013335943222046,-0.00018511082040184473,8.66107294160777e-05,0.4064415901791225,1766201324.4360158
0.7543745040893555,3.2643814086914062,0.5012387037277222,-0.0003139842766326336,0.00030275333153053697,0.40808775895600286,1766201324.4460075
0.7543721199035645,3.264366865158081,0.5012971758842468,-0.00032693646306647785,0.0003056318687009916,0.40826589004568914,1766201324.456008
0.7545007467269897,3.26420521736145,0.5012139081954956,-0.000505201108319067,0.0003168525556378385,0.40711951828235227,1766201324.465993
0.7543999552726746,3.2644479274749756,0.5012144446372986,3.62382459190629e-05,0.00010006714794973467,0.4079579364426665,1766201324.4759967
0.7544395327568054,3.264401912689209,0.5009760856628418,0.0002176138869461299,0.0007128437119153454,0.4079891718947478,1766201324.4860022
0.7541642189025879,3.264608383178711,0.5011321306228638,7.686266896924173e-05,0.0006568645618122822,0.40949531613583673,1766201324.4860392
0.7543490529060364,3.264507293701172,0.501265823841095,2.1965699804689355e-06,0.0003704012511901534,0.40850359268804065,1766201324.4960275
0.7545427680015564,3.2643649578094482,0.500958263874054,-0.00014421687363761347,0.0008517052003631833,0.40778505421295164,1766201324.5060499
0.7544623017311096,3.2643003463745117,0.5009671449661255,-0.00018018892186755898,0.0009015464019687396,0.40855191866739626,1766201324.5160449
0.7544764280319214,3.2644288539886475,0.5009805560112,0.00016116159341769402,0.0008156437412790848,0.4083442114665148,1766201324.5260043
0.7546094059944153,3.2643661499023438,0.5011056661605835,0.00042492756244182626,0.0005606612932211569,0.40748311354124017,1766201324.5360284
0.7545874118804932,3.2642669677734375,0.501075804233551,0.0002928048923858584,0.0008400500545402819,0.40792610489428155,1766201324.5360467
0.7543118000030518,3.264295816421509,0.5013824701309204,-0.0001546710527182434,0.00039775169797456536,0.4089550879233734,1766201324.5460067
0.7545191049575806,3.2643468379974365,0.5012702345848083,-0.00026688752364503434,0.00016282055906932118,0.4075520175684214,1766201324.555973
0.7540717720985413,3.2648861408233643,0.5011279582977295,0.0005205879796809619,0.0003895374968623142,0.4098798333454149,1766201324.5660493
0.7545928359031677,3.264315366744995,0.5012984871864319,-0.00012231172661880568,2.8046865913527495e-05,0.4069840600440397,1766201324.5760033
0.7541189193725586,3.2648777961730957,0.5012158155441284,0.0005636978100128101,0.0002167318088024662,0.4095556002634053,1766201324.5859525
0.7545520663261414,3.264364719390869,0.5012322068214417,-0.00037566835102292997,0.00023439276368434847,0.4070657878579195,1766201324.5859678
0.7539986371994019,3.2648613452911377,0.5009836554527283,5.166271257441081e-07,0.000515804177952248,0.4103649904565607,1766201324.596003
0.7546717524528503,3.2643580436706543,0.5012932419776917,6.584125245797683e-05,-0.00010987359546213328,0.40630978242116295,1766201324.606086
0.7540668845176697,3.2646477222442627,0.5011134743690491,-0.00020694751517814837,0.0005790686285596886,0.40994312962104407,1766201324.615977
0.7544940710067749,3.2642507553100586,0.50139319896698,-0.00035766057887924135,0.0002174152862727979,0.4073984570993009,1766201324.6260474
0.7544630169868469,3.26427960395813,0.5013530850410461,-0.00028080966546018747,9.056211850330091e-05,0.40783700258979916,1766201324.6359458
0.7544135451316833,3.264370918273926,0.5013664364814758,-4.880161079431432e-05,0.00015333785725640215,0.40828819275302425,1766201324.6359587
0.7544567584991455,3.264349937438965,0.5010288953781128,-6.9047685853381764e-06,0.0007937819135013702,0.4084250577714749,1766201324.646093
0.7544654607772827,3.264326572418213,0.5013543963432312,6.910528564679919e-05,0.00013209901253577756,0.40775700978827245,1766201324.6560664
0.7545294165611267,3.264166831970215,0.501364529132843,-6.669326044585892e-05,5.303633740593893e-05,0.4071700078196727,1766201324.6659904
0.7544617056846619,3.264345645904541,0.5012810826301575,6.086493521404285e-05,5.7485418798614585e-05,0.40774959113143555,1766201324.6760361
0.7544945478439331,3.2642130851745605,0.5012845396995544,-0.000181514010965988,6.14663508721887e-05,0.40722749995195606,1766201324.6860006
0.7543761730194092,3.264441728591919,0.5009747743606567,-3.618275921405284e-05,0.0008792804142967275,0.40870106811058055,1766201324.6860144
0.754374086856842,3.2643189430236816,0.5012158751487732,-0.0004904193289981954,0.00037413319575375567,0.4083471273791144,1766201324.6960468
0.7545571327209473,3.264277219772339,0.501270592212677,-8.058837088210475e-05,0.00010147020899074373,0.4069485556032325,1766201324.7060444
0.754319965839386,3.2644145488739014,0.5012064576148987,-0.00026294831303050624,0.0004550204001027771,0.40851247990656003,1766201324.7160249
0.7545966506004333,3.264289617538452,0.5013464689254761,1.17116545015448e-05,3.361614950854801e-05,0.4068659382354331,1766201324.72608
0.7543928623199463,3.2643368244171143,0.500949501991272,-0.00024575541039246855,0.0010030424134941603,0.40859674897077974,1766201324.7360556
0.7544797658920288,3.2643184661865234,0.5010378360748291,-6.317547424582798e-05,0.0007226823829483036,0.4082878184487257,1766201324.7360687
0.7545675039291382,3.2643308639526367,0.5012887120246887,-0.00017963191614318936,0.00010661571770303063,0.40708128605933636,1766201324.7459788
0.7546604871749878,3.2641823291778564,0.5013837218284607,-0.00031043228629396084,2.1100317164975884e-05,0.40646497960579014,1766201324.7559686
0.7543530464172363,3.264362335205078,0.5012904405593872,-0.000435150672014879,0.0005126342472917611,0.4087091611781691,1766201324.7659543
0.7545377016067505,3.264272451400757,0.5013831853866577,-0.0002883455052298441,0.00013052573773307655,0.4073615017916874,1766201324.7760303
0.7544597387313843,3.2643253803253174,0.5011256337165833,0.00014570872996695164,0.0007089825070492844,0.40843998705966894,1766201324.7859652
0.7543259263038635,3.264505624771118,0.50130295753479,-8.999609090878859e-05,0.0002842967347912525,0.4087732719797804,1766201324.7859924
0.7544054985046387,3.2643353939056396,0.5013550519943237,-6.262229024578704e-05,0.00012417162892150942,0.4077672952943589,1766201324.7959962
0.7545762062072754,3.2645511627197266,0.5012772083282471,8.499574270239256e-06,-4.6218620447962005e-06,0.4073154225728553,1766201324.805979
0.7546231150627136,3.2646400928497314,0.5011030435562134,0.00012294345864926823,-0.00013233304521429807,0.4073668612032899,1766201324.8159866
0.7546721696853638,3.2643773555755615,0.501156210899353,-0.00023967036653681613,-2.6975708982235054e-05,0.4069417599430763,1766201324.8260732
0.7544010877609253,3.264573574066162,0.5011804699897766,-0.00016982073552659858,0.00028585784372619946,0.40814935793007207,1766201324.8360748
0.7541738748550415,3.26473069190979,0.5009925365447998,-0.0002332094800868999,0.00042712996721470513,0.40937316433508075,1766201324.836096
0.7544386982917786,3.2643654346466064,0.5012572407722473,-1.4665212027662012e-05,0.00017057246797878256,0.407862352991961,1766201324.8460052
0.7546501755714417,3.264110803604126,0.5013648271560669,-0.00033117160856951873,0.0001346932351426963,0.4066294588490093,1766201324.8560529
0.7545377612113953,3.2641937732696533,0.5013971328735352,-0.00020379497112959697,0.00015347120563604925,0.40756061588676895,1766201324.8660114
0.7544102668762207,3.2643918991088867,0.5013129115104675,-3.7262803485606245e-05,0.00024778907278124056,0.4080027298286674,1766201324.8760426
0.7542905211448669,3.264362335205078,0.5013232827186584,-0.00041486509979548854,0.00032059917461263774,0.4087415916092341,1766201324.8860419
0.7543057203292847,3.2644436359405518,0.5012830495834351,-0.000382350012550637,0.00025048710865259216,0.408727921825284,1766201324.886064
0.7543299794197083,3.2644155025482178,0.5009697675704956,4.8689514178893894e-05,0.0008949879919865054,0.4086535928580116,1766201324.895986
0.7544568777084351,3.2643635272979736,0.5012471675872803,-0.0004561869094945608,0.00033933252751744544,0.4076743062269785,1766201324.90602
0.7542644739151001,3.2643840312957764,0.5012414455413818,-0.0002503651934861519,0.00043295494899320925,0.4084187870425458,1766201324.9159794
0.7544536590576172,3.26446270942688,0.5011433362960815,-0.0003159637269212574,0.0002141368402635475,0.407629929367914,1766201324.9259937
0.7542527914047241,3.2646982669830322,0.501114547252655,5.1999324773529984e-05,0.00028668822865075415,0.4088728889865603,1766201324.9359813
0.7540229558944702,3.2647616863250732,0.5010949373245239,9.868593097299988e-05,0.00047959495462305884,0.41000768220765355,1766201324.9360032
0.754500687122345,3.264364242553711,0.5012697577476501,-6.713951837447217e-05,5.6840703188836645e-05,0.4077240734394636,1766201324.946033
0.7543505430221558,3.2644593715667725,0.5008779764175415,-0.00033351761859131454,0.0009469767109757987,0.40882965982345676,1766201324.9560509
0.7545073628425598,3.2643022537231445,0.5013115406036377,0.00012310280078061328,-2.8715333811486074e-05,0.4073782946840853,1766201324.9660025
0.7545157670974731,3.2643656730651855,0.50139319896698,0.000147182487621469,3.07200763366182e-05,0.40718251378291204,1766201324.9760277
0.7544450163841248,3.264319658279419,0.5010420680046082,-0.00012746906411928148,0.0008902301410115824,0.4080843311691196,1766201324.9860594
0.7542428374290466,3.2644379138946533,0.5013810992240906,0.00018486477321505947,0.00010858726227123097,0.4087259811490863,1766201324.9860814
0.7544837594032288,3.2643954753875732,0.5014294981956482,0.00011253908549825488,6.981914013399258e-05,0.4076894959455289,1766201324.9960275
0.7543799877166748,3.2644741535186768,0.5014198422431946,9.678087834819727e-05,0.0001430988655647891,0.4084638130332573,1766201325.0060394
0.7539443373680115,3.264800548553467,0.5010219812393188,-0.00014048676791778838,0.000694873767936154,0.4109626776851467,1766201325.016023
0.7543966770172119,3.264317750930786,0.5010093450546265,0.00010649792624619868,0.0007387804805911787,0.40827300571722946,1766201325.026032
0.7544686794281006,3.264315366744995,0.5010020732879639,-0.00015084600209720793,0.0008545993377168808,0.4079435739216745,1766201325.0359743
0.7543439269065857,3.264374017715454,0.5012213587760925,-0.00040582076584969463,0.00030480723061565394,0.4082541249757816,1766201325.0359945
0.7547370791435242,3.2641921043395996,0.5013611316680908,-4.035545038632588e-05,-0.00013210764257502372,0.40593532959796874,1766201325.0460618
0.7544952630996704,3.264394998550415,0.5012332797050476,-0.00037588809074395093,0.00010162118599762175,0.4074984872569623,1766201325.056016
0.7546476125717163,3.2643699645996094,0.5011751055717468,-0.0005591496480741737,0.00014780124404313195,0.40647222538473504,1766201325.0659945
0.7546826004981995,3.264406442642212,0.5013501644134521,3.362870479006983e-05,-0.0001375013037646841,0.4064719243824217,1766201325.0759618
0.7544838786125183,3.2642951011657715,0.5012900829315186,-0.0002799322751769429,0.00031005166548726923,0.40764586951461995,1766201325.0859635
0.7545821666717529,3.264263153076172,0.5010546445846558,0.0003012649914850439,0.0005559410595700068,0.4075974038581903,1766201325.0960784
0.7546507120132446,3.2641050815582275,0.5014137029647827,-0.00021603514318614393,1.3188448095462655e-06,0.40717487215646575,1766201325.0961094
0.7544578313827515,3.26410174369812,0.5014666318893433,-0.00017283353479069548,0.0002431817014159096,0.4080022223304908,1766201325.105992
0.754672646522522,3.2641561031341553,0.5013381242752075,-0.00026606894065502333,1.5781609666586e-05,0.4068908471480799,1766201325.116004
0.7544304728507996,3.264110565185547,0.5010557174682617,-0.0003665958331780336,0.000964967897462694,0.40849336400970415,1766201325.1260092
0.7543218731880188,3.2644548416137695,0.5012588500976562,-7.605912492815827e-05,0.0003766370904634529,0.4086732359596037,1766201325.1359994
0.7546079754829407,3.2641544342041016,0.5013543367385864,-3.1744282252343025e-05,7.025085982843133e-05,0.4066068250679357,1766201325.136034
0.7543582916259766,3.2643826007843018,0.5009521842002869,2.1125750587842827e-05,0.0008045663222571362,0.40837579092264176,1766201325.1459675
0.7540268301963806,3.2647509574890137,0.5009976029396057,-2.44609489008272e-07,0.0005525503927656027,0.4103730865354059,1766201325.1560032
0.7543883919715881,3.2644145488739014,0.500925600528717,0.0001643117725454209,0.0007453424159606409,0.40826142034720087,1766201325.1659994
0.7544122338294983,3.2643721103668213,0.5008991956710815,0.00023788292614537518,0.0008150991325464947,0.40840697572605617,1766201325.1759834
0.7540556192398071,3.264683246612549,0.5011385083198547,-0.00023960334819306798,0.0005838804578949747,0.40993941423415664,1766201325.1859667
0.754476010799408,3.264413833618164,0.5012379288673401,-0.00023792256073934423,0.00015419408042123482,0.4076674556925936,1766201325.1960242
0.7543378472328186,3.2642483711242676,0.5012661814689636,-0.0003734502862406713,0.0004629288434765783,0.4083016425130837,1766201325.1960576
0.7545042634010315,3.264232873916626,0.5010790228843689,0.00015744829823541518,0.0007913063157732563,0.407978653321618,1766201325.2060194
0.7544995546340942,3.264310598373413,0.5011079907417297,0.0004297660306722882,0.0007666037063320031,0.40810937634916294,1766201325.2160778
0.7544158697128296,3.2642385959625244,0.501071572303772,0.00021961731135605373,0.0008294164500221248,0.4089630141246772,1766201325.2260695
0.7545516490936279,3.2642486095428467,0.5014367699623108,-0.00022488696343338032,5.2303090747429554e-05,0.4078889130618144,1766201325.2359915
0.7545982003211975,3.2642507553100586,0.5013538002967834,-0.0003664367296519853,0.00016163670049656147,0.40716242322534235,1766201325.2360208
0.7545426487922668,3.2643396854400635,0.5011309385299683,0.00031038634105716586,0.0005788207190744719,0.40767586424321034,1766201325.2460542
0.7544444799423218,3.264342784881592,0.5010008811950684,-4.522398490296018e-05,0.0008214271050427612,0.4082036744889099,1766201325.256016
0.7544529438018799,3.264263868331909,0.501018226146698,-1.9058555303251765e-05,0.0008119517852258332,0.40831488933821036,1766201325.2660763
0.7546075582504272,3.2643346786499023,0.5012131929397583,-0.00014950560336280676,-2.818691797410508e-05,0.4068110404899179,1766201325.276007
0.7541448473930359,3.2645957469940186,0.5010353326797485,-0.00019109898992572468,0.0005687515074961085,0.4095914489407235,1766201325.2860186
0.7544947266578674,3.26419997215271,0.5012228488922119,-0.0004005551079380928,0.00024319495613154085,0.4074962597836327,1766201325.2860477
0.7544997334480286,3.2642064094543457,0.5012549757957458,-0.00015656569480563176,0.00024261597901944863,0.4074344511254534,1766201325.296025
0.7544160485267639,3.264305591583252,0.501289427280426,-0.0003196977093033742,0.00029288296313391334,0.40819496644945163,1766201325.306012
0.7545350790023804,3.2644495964050293,0.5010223388671875,0.00029034259945882684,0.0006618803456378274,0.40785197116636673,1766201325.3160608
0.7543908357620239,3.2642040252685547,0.5013774633407593,-0.0005057563642569482,0.0004206555643076412,0.4082164921592845,1766201325.3260033
0.7545582056045532,3.264049530029297,0.5013648867607117,-0.0003895774513293268,0.00023264389707307163,0.40729103454604215,1766201325.3360136
0.7544601559638977,3.264301061630249,0.5013684630393982,-0.0003078567971194129,0.00021239572054087313,0.40790182090350546,1766201325.3360376
0.7545536756515503,3.2642571926116943,0.5014114379882812,-9.982403567965507e-05,0.00017132767595035277,0.407338939550045,1766201325.3460667
0.7545244097709656,3.2642250061035156,0.501397430896759,-8.81470491356834e-05,0.00019047285686504603,0.4076197433561402,1766201325.3560364
0.754464328289032,3.264155864715576,0.5010607242584229,-4.433807444516755e-05,0.0008201291142860112,0.4084287376993992,1766201325.3660862
0.7544856071472168,3.2642202377319336,0.5012315511703491,-0.0003033431185984012,0.00027890578649242324,0.407452997993681,1766201325.375997
0.7543628215789795,3.264181613922119,0.5013668537139893,-0.00011790233813500644,0.0003137771319817859,0.4081186608849067,1766201325.386051
0.7543776035308838,3.264314651489258,0.5012259483337402,-0.000345535499250595,0.0003044138065386169,0.4079746680055219,1766201325.386073
0.7543445825576782,3.2642760276794434,0.5012221336364746,-0.0002675025614829784,0.0003107647161556121,0.4082256453370384,1766201325.3960452
0.7541521787643433,3.26444673538208,0.5011501312255859,-0.000323215407666366,0.0004573029406251497,0.4091546468479394,1766201325.4060204
0.7546094655990601,3.2642505168914795,0.5012302398681641,-0.000534825446909117,0.00017079679256893593,0.4065805901359887,1766201325.4160788
0.7544305324554443,3.264327049255371,0.5009660124778748,0.00012361626336739316,0.0007767810085312984,0.40825701638549117,1766201325.4259999
0.7542625665664673,3.264526844024658,0.5011019110679626,-0.0001638727015613295,0.0003911131608121893,0.4091347760598824,1766201325.4360752
0.7543973922729492,3.2642953395843506,0.5013102889060974,-0.00020443936045332303,0.0002720008323892087,0.4084599903779711,1766201325.4361043
0.7544488906860352,3.2643351554870605,0.5010835528373718,0.0002513656926500111,0.000776205607045914,0.40836666987142317,1766201325.4460607
0.7545828223228455,3.264230489730835,0.5011482238769531,0.00020821314332672072,0.0005399724608369263,0.4076922663826296,1766201325.4560611
0.7543910145759583,3.2641196250915527,0.5011250972747803,-0.00028937907515997843,0.0008457793359637856,0.40872421952553156,1766201325.4660602
0.7544937133789062,3.2642526626586914,0.5011907815933228,0.0004577030233104906,0.0006665999657691486,0.40811220409575283,1766201325.4759967
0.7543706297874451,3.264314889907837,0.5013394355773926,-0.0001233321992989766,0.00029138061286617127,0.40833429568067425,1766201325.4859505
0.7544195652008057,3.264307975769043,0.5012814402580261,-0.00023897760530591658,0.0002734190660686403,0.4082905076200874,1766201325.4960783
0.7544047236442566,3.264275312423706,0.5009576082229614,-8.218420449579787e-05,0.0007964673314711446,0.4085451108698187,1766201325.5060565
0.7543460726737976,3.2644026279449463,0.5009240508079529,-0.00013667593862913297,0.0009285600837349819,0.40875118833465746,1766201325.506078
0.7543654441833496,3.264376640319824,0.5009604692459106,-5.1867400770545924e-05,0.0008300338361341676,0.40846893409711854,1766201325.5160084
0.7544442415237427,3.2644224166870117,0.5012092590332031,-0.00010891579813057045,6.653461717961134e-05,0.40792722818343374,1766201325.5260494
0.7543804049491882,3.2643864154815674,0.5009378790855408,0.00031296457999600277,0.0008415838252481356,0.40859819540224346,1766201325.5360177
0.7544981241226196,3.2643961906433105,0.5013107657432556,-0.0002959169528506056,0.00016619479573336282,0.40757047827270804,1766201325.5360384
0.7544187307357788,3.264432430267334,0.5012348890304565,-0.00015470908425876877,0.00014760655548849173,0.40813880911026246,1766201325.5459826
0.7544493675231934,3.2643346786499023,0.5011048316955566,0.0003330587424873362,0.000736173947269736,0.40832381118786176,1766201325.5559769
0.7545106410980225,3.2642948627471924,0.501367449760437,-5.856980234065851e-05,6.677644397513966e-05,0.4075959324291295,1766201325.5660632
0.7545305490493774,3.264293670654297,0.5014864802360535,-8.979593653663095e-05,0.0002354748801158213,0.4073344250571265,1766201325.5759811
0.7545217275619507,3.264395236968994,0.501415491104126,0.00018655633871688003,-0.0001640918559608892,0.4076489609245565,1766201325.5860074
0.7546342611312866,3.2642605304718018,0.5013440847396851,-0.0002449283685709195,-1.80843213174609e-05,0.40655647548993806,1766201325.58602
0.7543779015541077,3.2643918991088867,0.5013012886047363,-0.00018459927917147814,0.00037974981752730673,0.4083929026894125,1766201325.6060364
0.7544593214988708,3.2643260955810547,0.5012865662574768,-2.3496301354005003e-05,0.0001453891477884713,0.4075826236700349,1766201325.6060615
0.7540491819381714,3.264724016189575,0.5011253952980042,9.437591032354243e-05,0.00048605745674317597,0.410304098832703,1766201325.616069
0.7543643712997437,3.2644476890563965,0.5012004375457764,-0.00011603880829567719,0.0002967272842167378,0.4080500258779859,1766201325.6260588
0.7544212341308594,3.264420747756958,0.5009825825691223,0.0004432079662165968,0.0007007399445844583,0.40823243582280166,1766201325.636018
0.7545315027236938,3.264342784881592,0.5012620687484741,8.936009733812957e-05,7.845766139253592e-05,0.4069414391530702,1766201325.6360397
0.754514217376709,3.2644455432891846,0.5013011693954468,0.00018041604829109847,-8.292534984547851e-05,0.4071594696244869,1766201325.6460125
0.7545342445373535,3.264425039291382,0.5013090968132019,6.502177712545027e-06,7.676586412973738e-05,0.4071513813130666,1766201325.6560497
0.7544826865196228,3.2644641399383545,0.5012214183807373,-0.00031950513841906634,0.0002544147161805922,0.40743378738162467,1766201325.666011
0.7543935775756836,3.2642221450805664,0.5010710954666138,4.998860956608658e-05,0.0008428929859752382,0.4087272270545815,1766201325.6760669
0.7544026374816895,3.2643210887908936,0.501060426235199,0.0001394294091832715,0.0009518976775355303,0.40874741348656946,1766201325.686049
0.7544820308685303,3.2644031047821045,0.5013842582702637,-0.00021319870897954077,0.00036663438915943863,0.40808666846514474,1766201325.6860688
0.7545901536941528,3.2643308639526367,0.5013672113418579,-0.00012725917829885583,0.00018269854880583223,0.40721806543409966,1766201325.705986
0.7543963193893433,3.2642982006073,0.5010486245155334,7.686210174838371e-05,0.0009658403135372715,0.4089565899983019,1766201325.7060134
0.7543709874153137,3.264289140701294,0.5012685060501099,-0.0003621739600091647,0.00042480042942766706,0.4083147034161228,1766201325.7160664
0.7543977499008179,3.2644851207733154,0.5013835430145264,1.5097367909789587e-06,0.000269948424566807,0.408322828338386,1766201325.7260525
0.754420816898346,3.264456033706665,0.5009335279464722,6.655177988658167e-05,0.0007554985239264497,0.4084163132946169,1766201325.736048
0.7543275952339172,3.2643909454345703,0.5009258985519409,0.00013557422687884336,0.0008578130826318566,0.4088520739850465,1766201325.7360754
0.7543646693229675,3.264312982559204,0.50117427110672,-0.00048313502125572574,0.00035252124309763497,0.4076038094923448,1766201325.746051
0.7542710900306702,3.264362096786499,0.5013283491134644,-2.2849934264225564e-05,0.00024353552579831588,0.40858111987436185,1766201325.7560024
0.7544161677360535,3.264522075653076,0.5009709000587463,0.00043193054200780693,0.0007216639308697288,0.4082970512980525,1766201325.766046
0.7544686198234558,3.264353036880493,0.500992476940155,4.1777243592728376e-05,0.000832694546657749,0.40855149199735724,1766201325.7760136
0.754505455493927,3.2642717361450195,0.5010707974433899,0.00013269628220366266,0.000805890534576364,0.4081358539455383,1766201325.7860553
0.7544489502906799,3.264333486557007,0.501379668712616,-0.00010716111327135517,0.00030065059546132935,0.40796419614865415,1766201325.7861335
0.7544496655464172,3.2642860412597656,0.5013574361801147,-0.0001086812236506067,0.00030586322552172187,0.40806186218939905,1766201325.796006
0.754401445388794,3.264382839202881,0.501122236251831,0.00016760193198420614,0.0008205750984672628,0.40888888996716555,1766201325.8060184
0.7544198036193848,3.264294385910034,0.5010929107666016,-5.405879370636873e-05,0.0009950994193014913,0.40873617490960085,1766201325.8160074
0.754421591758728,3.2644217014312744,0.5010433197021484,8.18354632344693e-05,0.0008520947634351032,0.40881752578681735,1766201325.826077
0.7543567419052124,3.264374256134033,0.5012940168380737,-0.0005985387475212583,0.0005435871970155943,0.4086225304822806,1766201325.836009
0.7544718980789185,3.2642710208892822,0.5013183355331421,-0.00023576754221562964,0.00013062361019089218,0.4076755889577389,1766201325.8360295
0.7542946338653564,3.2644248008728027,0.5010122060775757,-2.618705442522082e-05,0.0009223271831353208,0.4090180339690461,1766201325.8460548
0.7543783187866211,3.264394760131836,0.5012156367301941,-0.00043361194989656124,0.00029824406313096056,0.4083370547040946,1766201325.8560944
0.7542558312416077,3.2645301818847656,0.500856876373291,0.0001805132388512062,0.0008064062312282058,0.4093854678414988,1766201325.8660715
0.7545512318611145,3.2643401622772217,0.5011588931083679,-0.0002944127619368415,5.7631001918267165e-05,0.40687098637764074,1766201325.8760521
0.7543245553970337,3.2646431922912598,0.5011822581291199,-4.132546042176118e-05,0.00023906456971215507,0.4085099817117439,1766201325.886027
0.7543889880180359,3.2643651962280273,0.5010267496109009,8.282400362618219e-05,0.0008370784286422002,0.4085256207779062,1766201325.8860552
0.7547097206115723,3.264147996902466,0.5014330148696899,-0.00015555962929222835,-4.6255128046420435e-05,0.4061833845177276,1766201325.9160533
0.7542622089385986,3.264331340789795,0.5014594197273254,0.00044413423941887676,0.00019268688708197062,0.40869464488915325,1766201325.9160714
0.7544155120849609,3.264233112335205,0.501091718673706,0.0002294506783549918,0.000867557269197719,0.4085776235397474,1766201325.91615
0.7544357180595398,3.2642078399658203,0.5010948777198792,0.00019961413187059266,0.000812651043171847,0.4085083901651922,1766201325.9260817
0.7544832229614258,3.2643349170684814,0.5010600686073303,0.00037267547876590777,0.0007580472649608269,0.40840045557033616,1766201325.9360647
0.7544084191322327,3.2642760276794434,0.5010355114936829,0.00019718633449872317,0.0007933181861738647,0.4089784548031805,1766201325.9360867
0.754427433013916,3.2643332481384277,0.5012005567550659,-0.00030982413405928634,0.00031344483471426707,0.40810561364731796,1766201325.9460883
0.7543224692344666,3.2643401622772217,0.5011401772499084,-0.0005294763251790499,0.0004676386737084444,0.40855708897092063,1766201325.9560125
0.7544078230857849,3.2644693851470947,0.5009399056434631,0.00018653149564219618,0.0008677755549087915,0.4084705974192649,1766201325.9660563
0.7543008327484131,3.2644670009613037,0.5008749961853027,0.00028504687635214635,0.0007250179820973917,0.4088046012345182,1766201325.9760563
0.7543948292732239,3.264493942260742,0.5011470317840576,0.0001309968308181187,0.00016619379006073526,0.40779911687329057,1766201325.9860084
0.7543712258338928,3.2644786834716797,0.5010905861854553,-0.00025342954260779876,0.0002857884312058076,0.4080540524202066,1766201325.9860384
0.7542629837989807,3.2643558979034424,0.5009267330169678,-0.0003289591821324717,0.0010955899822560754,0.40939891757925956,1766201325.9960113
0.7545629739761353,3.264328956604004,0.5013023018836975,6.934566680851046e-05,-3.970374306485626e-05,0.4069705762678551,1766201326.006046
0.7544406652450562,3.2643048763275146,0.5013154745101929,-0.0002899317928030559,0.00025672417416167315,0.4078521347550483,1766201326.0160134
0.7544667720794678,3.264277458190918,0.5013836622238159,-0.00025774192305745894,0.00024878575048560455,0.4080374557738308,1766201326.0260625
0.754387378692627,3.2643818855285645,0.5014119744300842,0.00012231855063747613,0.0002604886137532584,0.40862014182808637,1766201326.0359795
0.7544836401939392,3.2643086910247803,0.5010644197463989,-3.0902464556299546e-05,0.0007793982981113741,0.4083915107524007,1766201326.0359929
0.7542629241943359,3.2642834186553955,0.5012872815132141,-0.0006098570815993846,0.0006234340967292799,0.4090653980777929,1766201326.0460765
0.7545021772384644,3.264328718185425,0.5013325214385986,-0.00012914487905714233,0.0001994824237124362,0.4078566423882934,1766201326.0560036
0.7545579075813293,3.264220952987671,0.5013636946678162,-0.0003205994571551823,0.00012297891579364116,0.40710476206297935,1766201326.065989
0.7545932531356812,3.264251947402954,0.5012414455413818,-0.00045780616969969733,0.00018019904579652808,0.40661309172278864,1766201326.0760744
0.7543630599975586,3.2643837928771973,0.5009225010871887,-6.69188965210911e-05,0.0009372800878935463,0.408436135289017,1766201326.0860384
0.7543202042579651,3.264554977416992,0.500933825969696,-0.00019381419656535974,0.0010033079306534598,0.408806885396613,1766201326.0860512
0.7543172240257263,3.264347791671753,0.5012760162353516,-0.00029054886572605807,0.00036564993023977075,0.40823677912968953,1766201326.0960069
0.7544865012168884,3.2643237113952637,0.5012071132659912,-0.00027431700859083713,0.00018109422836163627,0.40731996352251265,1766201326.106053
0.754440188407898,3.26431941986084,0.501242995262146,-0.0002924506667717978,0.00022606271630576117,0.40824924274436714,1766201326.1160464
0.7545418739318848,3.264254331588745,0.5013135075569153,2.746171224119718e-05,1.078375940828077e-05,0.40759492821446097,1766201326.1259854
0.7545897364616394,3.2644283771514893,0.5010061264038086,9.856808456889396e-05,0.0006253799972934169,0.40778321629069997,1766201326.1360626
0.7544071078300476,3.264275550842285,0.5012416839599609,-0.00029141013456679177,0.00037712955948523275,0.40845145352397494,1766201326.1360822
0.7546815276145935,3.2642312049865723,0.5013370513916016,-0.00017360818964192007,-4.5843116075317375e-05,0.4066963080889128,1766201326.146012
0.7543585300445557,3.2642953395843506,0.5010185241699219,-0.0004473067857745132,0.0010964892470029116,0.40885835928516234,1766201326.1560075
0.7545576095581055,3.264249563217163,0.5011159181594849,-3.63326912633887e-05,0.0007030815110470409,0.4078382081199475,1766201326.1660664
0.7543523907661438,3.2643883228302,0.5009709000587463,-0.0001560420102558266,0.0009705937506381743,0.4087712880197446,1766201326.1760921
0.7543842196464539,3.2643380165100098,0.5009421110153198,-0.00034372163687830716,0.0010737221792732111,0.40865462639933176,1766201326.1860447
0.7544208765029907,3.2643587589263916,0.501283586025238,-0.00019046245360165715,0.00015830036398545733,0.407819951593886,1766201326.1860738
0.7542508840560913,3.2644708156585693,0.5012520551681519,0.0002038961303622893,0.00026449773159046154,0.40871358371240063,1766201326.196064
0.7541685104370117,3.2646210193634033,0.501197874546051,6.273946059706701e-05,0.0003459064765011268,0.40933482955739675,1766201326.2059963
0.7544576525688171,3.264380931854248,0.500952959060669,0.00012316415673851744,0.0007541998728533405,0.4080748498503946,1766201326.2160716
0.7542539834976196,3.264608383178711,0.5011016726493835,-0.0002153816721464201,0.0003664844949779173,0.40915844005386914,1766201326.2260394
0.7544516921043396,3.2643308639526367,0.5012656450271606,-0.00014909532386459068,0.00020867920064423622,0.4080055195664996,1766201326.2360635
0.7544305920600891,3.264357089996338,0.5009821653366089,-0.00019340698123752103,0.0008304510276163714,0.4086692019548319,1766201326.2460077
0.7545031309127808,3.264294385910034,0.5010380148887634,-6.950381886405903e-05,0.0007835178909054387,0.40840796050656997,1766201326.2460322
0.7545189261436462,3.2641866207122803,0.5013176202774048,-0.0002521883141424785,0.00028329574876727564,0.4076470344944131,1766201326.25604
0.7543940544128418,3.2643840312957764,0.5013510584831238,0.00013382413676223063,0.00016157031323768377,0.40846243115496156,1766201326.266062
0.7545428276062012,3.264335870742798,0.5011752843856812,0.0003718550312444134,0.0007262574604876078,0.4078909066712972,1766201326.2760086
0.7544263601303101,3.2643167972564697,0.5010736584663391,0.0001757393918451464,0.0007087507612298836,0.4085133507553498,1766201326.2860396
0.7542943358421326,3.264423370361328,0.5012391805648804,-0.00028360599871715626,0.0005196811564642888,0.4087662330680451,1766201326.2860599
0.754289448261261,3.264477014541626,0.5012673139572144,-2.1775160305382847e-05,0.0003939500054816657,0.40859543379282265,1766201326.2960496
0.7543671131134033,3.2645914554595947,0.5009973645210266,0.00043498563715298265,0.0008455006425126712,0.4086822499035323,1766201326.3060696
0.7542197704315186,3.264645576477051,0.5010749101638794,-0.00019532610978168557,0.00040059375872069335,0.4090843677295559,1766201326.3260486
0.7543061971664429,3.2644970417022705,0.5009369254112244,4.7446828093319406e-05,0.0009143216467124311,0.40883606369555314,1766201326.3260703
0.7542272806167603,3.264493942260742,0.5008963346481323,-0.0002538238759143458,0.0011854529239945944,0.40954631970152267,1766201326.3360102
0.7539458870887756,3.2649216651916504,0.501091480255127,0.00031430014475056163,0.0006316012392912732,0.41070993885679585,1766201326.3360312
0.7542065978050232,3.2646255493164062,0.5011084675788879,0.00015919767905703028,0.0002934252808146096,0.40901475332824705,1766201326.3460517
0.7541897296905518,3.2645702362060547,0.5011535286903381,-0.00017853122742575745,0.0005274861020571518,0.40911797508993863,1766201326.3560522
0.7539409399032593,3.264803886413574,0.501092255115509,0.00016412860103951664,0.0006403809175240854,0.41077087948445085,1766201326.3659847
0.7539821267127991,3.2648322582244873,0.5010996460914612,-8.104116729053722e-06,0.0005933332589469841,0.4104563570409501,1766201326.3760679
0.7544732093811035,3.2643930912017822,0.5013341307640076,1.3732022040749727e-05,6.43885506636266e-05,0.40775963121464437,1766201326.3859844
0.7543531656265259,3.2643988132476807,0.5012394189834595,-0.0006234430259423085,0.0004247689862427737,0.4085043253501916,1766201326.3860044
0.7545308470726013,3.264359951019287,0.5013296604156494,-0.00026079935190545804,0.00015562398128597676,0.4074018359261321,1766201326.3960705
0.7544562220573425,3.2643628120422363,0.501428484916687,0.00015126168368632072,0.00013842165878423065,0.4076816589644974,1766201326.40598
0.754101574420929,3.2648818492889404,0.5011328458786011,0.00032350358965538024,0.00042962404393618773,0.40983125282008404,1766201326.4160783
0.7543525695800781,3.2644505500793457,0.5009968280792236,0.0001540707215746564,0.0008126331403513449,0.40830972261469956,1766201326.4260828
0.7543280124664307,3.2643635272979736,0.5009773373603821,6.542755140274034e-05,0.0008822671228186985,0.40866754098866925,1766201326.4360077
0.7541651725769043,3.264613628387451,0.5011590123176575,0.00014107951668698078,0.0002976457341681953,0.4089639070306985,1766201326.4360275
0.75438392162323,3.264461040496826,0.5012307167053223,-4.360503037618292e-05,0.00015141749407571056,0.40779508130299863,1766201326.4460516
0.7545299530029297,3.2644152641296387,0.501273512840271,-9.91642756978157e-05,6.542881898020384e-05,0.4072623775047554,1766201326.4560747
0.7545018196105957,3.264414072036743,0.5010027289390564,0.00017320273502175978,0.0008278516098378312,0.407820461000386,1766201326.4659839
0.7544081211090088,3.2643768787384033,0.5010215640068054,6.906218757325002e-06,0.0008657628564455778,0.408507704210235,1766201326.4760563
0.7544798851013184,3.264360189437866,0.5009926557540894,-9.955253236747633e-05,0.0007625444993500313,0.4081771195927618,1766201326.4860632
0.7544726729393005,3.2642786502838135,0.5011576414108276,0.00012759707196325216,0.0009264643064751594,0.4082378393578031,1766201326.4860854
0.7545433640480042,3.2642781734466553,0.501071035861969,6.619694754949353e-05,0.0007179929116246091,0.40786096308126163,1766201326.4960468
0.7543743252754211,3.2643678188323975,0.5010014176368713,-0.00020362461186574794,0.00090460613248171,0.4089870518393406,1766201326.5060782
0.7543543577194214,3.264469623565674,0.500984251499176,0.0002608122185552457,0.0007791333052007268,0.40911737004027854,1766201326.5160203
0.7545196413993835,3.2643582820892334,0.5010177493095398,-4.1959021393270275e-07,0.0007242763911517976,0.40799184655771414,1766201326.5260139
0.7543710470199585,3.2644152641296387,0.5009633898735046,5.01247657633254e-05,0.000927082243439758,0.4087706382222168,1766201326.5360143
0.7544320821762085,3.2644460201263428,0.5009860992431641,0.0001492770020713061,0.0008517130397995268,0.4083755541626076,1766201326.5360448
0.7539815306663513,3.2647762298583984,0.5010324120521545,-0.0003321873864269592,0.0006720722855913013,0.4106805228955431,1766201326.5460787
0.7543606758117676,3.2645373344421387,0.5008655786514282,-3.3386986196186504e-05,0.0010491178635841402,0.4088687159369264,1766201326.5560193
0.7545708417892456,3.2643885612487793,0.5012207627296448,-0.0003374556200166522,0.00017875593494357924,0.40731791134474865,1766201326.5660675
0.7543787956237793,3.2645766735076904,0.5009437799453735,0.00029796940820248335,0.0008713001240219434,0.40889641514821695,1766201326.5760448
0.7545468211174011,3.264383554458618,0.5012078285217285,-0.00027752917838747503,0.00025932035582385026,0.4075360294678049,1766201326.5860538
0.7544416189193726,3.26444411277771,0.5013149976730347,-8.534174972774031e-05,0.00023077917165684002,0.4078127795099723,1766201326.586075
0.7544573545455933,3.2644217014312744,0.50099778175354,4.071200791988979e-05,0.0008693074658678171,0.40838248131019245,1766201326.59607
0.7545211911201477,3.2642815113067627,0.5013625621795654,-0.00015013423940786174,7.146930583342925e-05,0.4075736483702598,1766201326.6060812
0.7545458078384399,3.2641689777374268,0.5013881921768188,-0.0004735158067804199,0.0002679018286642769,0.4075444242009871,1766201326.6160634
0.7544186115264893,3.2642641067504883,0.5010886192321777,4.954804839716329e-05,0.0007825920253040462,0.4086795764951987,1766201326.6260104
0.7545739412307739,3.2642040252685547,0.5014065504074097,-0.0001442538968258649,0.00010709398655785422,0.40713059006988367,1766201326.6360507
0.754400908946991,3.264336585998535,0.5012935400009155,-0.0001881352397564746,0.00025198975405630746,0.40804938236853183,1766201326.6360712
0.7544654607772827,3.2643210887908936,0.5012236833572388,-0.0002311781596811273,0.0002584457708852314,0.4075496948126691,1766201326.6460106
0.7544176578521729,3.264434576034546,0.5009930729866028,0.0002458461298887331,0.0007175474824301606,0.4085313441190771,1766201326.656071
0.7542198896408081,3.2644829750061035,0.5012306571006775,-0.00034842092520110616,0.0005389539410361008,0.40926660385213326,1766201326.6660175
0.7546256184577942,3.264288902282715,0.5012906789779663,-0.00020716610332779942,-2.7489719405970888e-05,0.40670949918763005,1766201326.6760285
0.7542965412139893,3.264400005340576,0.5009703040122986,-5.8283702973762626e-05,0.000924666979558233,0.40910454028363813,1766201326.6860316
0.7543144226074219,3.2645909786224365,0.5011941194534302,-2.0422120614107557e-05,0.00021981305987821156,0.4086931023439186,1766201326.6860578
0.754443347454071,3.2644097805023193,0.501259446144104,-0.00022578151560599503,0.0002329161241602168,0.4079960169077288,1766201326.6960273
0.7544013261795044,3.2643990516662598,0.5010337829589844,0.00019738698084226442,0.0008168797534624998,0.40869994397607984,1766201326.7060418
0.754517674446106,3.264453411102295,0.5010442733764648,0.0005163591012513349,0.0005298722552126824,0.40779967047169025,1766201326.7160244
0.7544874548912048,3.2643353939056396,0.5010502934455872,0.0003125840277303901,0.0007065913286423949,0.40804765878055027,1766201326.726029
0.7544304132461548,3.2643275260925293,0.5010814070701599,0.00016114909499364088,0.0007403911367112429,0.40861966026902014,1766201326.7359774
0.7544569969177246,3.2642788887023926,0.5010839700698853,7.422878947223576e-06,0.0007413155562960073,0.4082470414525781,1766201326.7460322
0.7543167471885681,3.264390468597412,0.5009839534759521,-0.00023500093913459043,0.0009069211408866666,0.408767756078655,1766201326.7460587
0.7544119954109192,3.264378547668457,0.5010270476341248,5.9326961226767406e-05,0.0009049681902011004,0.40860662944099335,1766201326.7559698
0.7543514370918274,3.2643635272979736,0.5010285973548889,-8.851829766277287e-05,0.0009390408148661671,0.40869377261789697,1766201326.7660363
0.7544799447059631,3.264479637145996,0.500872790813446,-1.7867499090700984e-05,0.0009985841196819038,0.4080068002450589,1766201326.776069
0.7542401552200317,3.264559268951416,0.5011329650878906,5.906605952769238e-05,0.0004248468344360296,0.4089522963247578,1766201326.7859857
0.7544125318527222,3.264610528945923,0.5011226534843445,-0.00028963963137286947,0.00026949090767613564,0.4078279704095137,1766201326.7860088
0.7545418739318848,3.264378070831299,0.5011789202690125,-0.0003540247176647317,0.00018353352934977887,0.4070985592398257,1766201326.7959719
0.7543927431106567,3.2644355297088623,0.5011960864067078,-0.00028292976229686215,0.00031518332333505087,0.4082474660701914,1766201326.8059826
0.7544727325439453,3.2642669677734375,0.5009978413581848,-6.874330641847801e-05,0.0007226411489809281,0.408217643450726,1766201326.8160543
0.75445955991745,3.2644238471984863,0.5009611248970032,-1.348085087438392e-05,0.0007437284705670679,0.4085188898997526,1766201326.8260055
0.7544479966163635,3.2644264698028564,0.5012898445129395,-0.00015384412395725162,0.00027336784554631656,0.4083821024092965,1766201326.836016
0.754388153553009,3.2644453048706055,0.5012321472167969,-0.00038219108010263545,0.0004397867721397214,0.4087857852010846,1766201326.8360326
0.7543776035308838,3.2645342350006104,0.5013046264648438,6.181008226157663e-06,0.00028278364124509543,0.40875942215491096,1766201326.8460562
0.7543095350265503,3.264633893966675,0.5012012124061584,-4.723924137006477e-06,0.0003308259316781706,0.409212998859146,1766201326.8560765
0.7545906901359558,3.264301061630249,0.501337468624115,-6.143038567491388e-05,0.00020914360013312515,0.4071968013614808,1766201326.8660252
0.7542992830276489,3.2645740509033203,0.5011840462684631,-0.00023290248228578195,0.00041415034886964754,0.40883961160768045,1766201326.8760762
0.7545371055603027,3.264383554458618,0.5012436509132385,-0.00016390164369712256,0.00023069209726005966,0.4072590015978598,1766201326.885984
0.7544175982475281,3.2644762992858887,0.5012457370758057,-0.00014392195117043528,0.0001856402759540567,0.4079827208264644,1766201326.8859973
0.7545543909072876,3.264465093612671,0.5012068748474121,-1.9217959554232203e-05,1.4564004546896422e-05,0.40715881075245597,1766201326.8960328
0.754371166229248,3.2644901275634766,0.5009266138076782,0.0001871282922716484,0.0008164919318665208,0.40884737047377406,1766201326.906045
0.7545011043548584,3.2644057273864746,0.5012497901916504,-0.00011236496290761474,0.00013141676862234427,0.40748133863839675,1766201326.9160752
0.7544045448303223,3.2645251750946045,0.5012251734733582,5.0017984617431044e-05,0.0001735945981966733,0.40787176799415403,1766201326.9260445
0.7544671297073364,3.264538049697876,0.5009887218475342,0.0005222006333121152,0.0006270443216723624,0.4081268275103477,1766201326.9360154
0.7544407248497009,3.2643635272979736,0.5010454058647156,0.00011098220801469933,0.0008083849100446429,0.4080474814983903,1766201326.9460866
0.7544123530387878,3.2643649578094482,0.5010106563568115,3.899110414162542e-05,0.0008848650966281521,0.40877693407831506,1766201326.9461057
0.7543417811393738,3.2643849849700928,0.5010477304458618,-7.973777436891624e-05,0.0009269917810532037,0.4090178631810833,1766201326.9560332
0.7544195652008057,3.2643375396728516,0.5010352730751038,7.968404614094522e-05,0.0008263201232012102,0.4085108025067548,1766201326.9660926
0.7544628381729126,3.264443874359131,0.5010218620300293,6.224510958206664e-05,0.0007013166735220532,0.4084237499336868,1766201326.975999
0.754392683506012,3.2642974853515625,0.5010311603546143,5.997525934980811e-05,0.0008787683187002035,0.40863420503677694,1766201326.986019
0.7545464634895325,3.2644145488739014,0.5010058879852295,0.00026864565570594036,0.0007066414973084596,0.4077803579391781,1766201326.9860327
0.7543667554855347,3.2644667625427246,0.5009467601776123,-6.661756300909648e-06,0.0008280456560061973,0.40865217754558736,1766201326.996016
0.7544369697570801,3.2643110752105713,0.5009742975234985,-8.225297631636723e-05,0.0008207960553995475,0.40814248713607787,1766201327.0060565
0.7543931007385254,3.2644457817077637,0.5011659264564514,-0.0004998933005575812,0.00031442459223941484,0.40799066918322535,1766201327.0160496
0.754525899887085,3.2644641399383545,0.5012450814247131,-6.109867313905367e-05,-4.7790367638549325e-05,0.40722192477653363,1766201327.0259833
0.7544053792953491,3.2645249366760254,0.5009233951568604,-8.17671980875898e-05,0.0008112121261947891,0.40842085503308395,1766201327.0360107
0.754133939743042,3.264763355255127,0.5011290311813354,2.8331000865446766e-05,0.0004736212239309837,0.4096314420798331,1766201327.0360258
0.7543478608131409,3.264392137527466,0.5012227892875671,-0.0005233386097740639,0.00044346324702593037,0.40829093951999007,1766201327.04607
0.754439651966095,3.264435052871704,0.5009620189666748,-8.481158305919226e-06,0.0009004002828468191,0.40832365559168343,1766201327.0560312
0.7543656826019287,3.264497995376587,0.5011427402496338,-0.0001995242908967405,0.00033948406337952215,0.4085725740862102,1766201327.0660834
0.754588782787323,3.264235258102417,0.5013542771339417,-0.0002789763155494497,0.0001723310459772675,0.4075356328137361,1766201327.0760295
0.7544599175453186,3.2643308639526367,0.5012564659118652,-0.0005679456997507438,0.00042423981928266767,0.40835549162589657,1766201327.0860171
0.7545133829116821,3.264235496520996,0.5013517141342163,-0.0003601739206188101,0.00023281920060768907,0.40758477625833817,1766201327.0860326
0.7544956207275391,3.264349937438965,0.501305341720581,-0.0001336931282312387,0.00010249918823984305,0.4077133025276308,1766201327.09608
0.7544996738433838,3.2643790245056152,0.5012626647949219,-0.00016638229056983959,0.00022967247245078023,0.4076979775868918,1766201327.106032
0.7539001703262329,3.2648231983184814,0.5009604692459106,-6.524278232996434e-05,0.0008500523212418483,0.41108883099069704,1766201327.1160853
0.7533835172653198,3.265238046646118,0.5007443428039551,0.00022544076428595542,0.001470482093093386,0.4143277989981921,1766201327.126033
0.7544845938682556,3.2644155025482178,0.5012907981872559,-7.279036760023924e-06,4.5780146939756375e-05,0.40747839928760526,1766201327.1360195
0.7544547319412231,3.2645022869110107,0.5009901523590088,0.0005472905053977348,0.000615227790730256,0.40822061317424163,1766201327.1360354
0.7544153332710266,3.264462947845459,0.5012081265449524,-5.7525656707964696e-05,6.844417999178737e-05,0.4077958605364742,1766201327.146071
0.7544630169868469,3.2644236087799072,0.5012514591217041,-0.0003699053423633728,0.00017894101746958072,0.40768155702932474,1766201327.1560347
0.7545114755630493,3.2643752098083496,0.501384437084198,0.00011661522429242103,7.620885776013763e-05,0.4073886100341096,1766201327.1660695
0.7544646263122559,3.2644035816192627,0.501273512840271,-5.676723986905605e-07,0.0001269556263051642,0.40799723469007726,1766201327.1760075
0.7544730305671692,3.264275312423706,0.5012999773025513,-0.00035918868488514467,0.00034125236210046415,0.40774489382430856,1766201327.186011
0.7545748949050903,3.264244318008423,0.5013424158096313,-0.0002639278903474193,0.00018129472807765378,0.4072076031290503,1766201327.1860278
0.754429280757904,3.264378786087036,0.5010566711425781,-9.802383936827613e-05,0.0009152135945107316,0.4084367829887957,1766201327.1960804
0.7543215751647949,3.2643520832061768,0.5013154149055481,-0.00023464247263188943,0.00025790257219177217,0.40884822682076444,1766201327.2060463
0.7544175386428833,3.2643821239471436,0.501309335231781,-8.773084537639932e-05,0.00015731592265868737,0.4080507366137436,1766201327.2160292
0.7544294595718384,3.264448642730713,0.5010423064231873,0.0001375172850260868,0.0006967617590311217,0.4085262076729364,1766201327.2260067
0.7544987201690674,3.264551877975464,0.5009501576423645,0.0002903855703962173,0.0006469465277109888,0.4079052785627324,1766201327.2360156
0.7544917464256287,3.2644567489624023,0.5012335181236267,-0.0001241926562602887,0.00016731169120053998,0.4073214030292043,1766201327.2460046
0.7544499635696411,3.2642970085144043,0.5013041496276855,-0.00011213892405026234,0.00012307784562787778,0.40745408409053324,1766201327.2460246
0.7545640468597412,3.2642464637756348,0.50128573179245,-0.00030543073434161473,3.961556557623141e-05,0.4067815794791316,1766201327.2560296
0.7545146942138672,3.2643022537231445,0.5012844800949097,6.992279770979175e-05,1.589540088088333e-05,0.40710565794341963,1766201327.266081
0.7542685270309448,3.264599084854126,0.5011810064315796,-7.889207988925873e-05,0.0002668730850434611,0.40840560923789504,1766201327.2760346
0.7544397115707397,3.2643041610717773,0.5010257363319397,4.379972270873397e-05,0.0007314780559344916,0.40842854344339236,1766201327.2860415
0.7545661926269531,3.2643895149230957,0.5011224746704102,0.0005649238084312746,0.0005196261052086078,0.4077183912577023,1766201327.2860587
0.7544375061988831,3.264333963394165,0.5011142492294312,0.0002445065920534916,0.00073855011672909,0.4083617757419575,1766201327.2960837
0.7543985247612,3.2642643451690674,0.501397967338562,-0.00022811570867293181,0.0004724796211926354,0.40813746341260515,1766201327.306048
0.7544599175453186,3.264186143875122,0.5014538168907166,6.380087738168276e-05,6.092265216309854e-05,0.4081038939766445,1766201327.3160877
0.754459798336029,3.2643330097198486,0.5009726285934448,-8.219966352432288e-05,0.0008923259591621759,0.40840968702075275,1766201327.3260329
0.7545457482337952,3.2642641067504883,0.5010635256767273,-1.93774769463483e-05,0.0006891522952559111,0.40811531249645605,1766201327.3360124
0.7546248435974121,3.2643768787384033,0.5013020038604736,-0.0002643767009339196,8.079903995795086e-05,0.40734240425933904,1766201327.346039
0.7544282674789429,3.2646310329437256,0.5013060569763184,6.629787603965303e-05,0.00021425449574901233,0.4077443886106115,1766201327.3460574
0.7543535232543945,3.2643980979919434,0.5012952089309692,-0.0002177365537314894,0.00044164252471361453,0.4082879441294303,1766201327.3560348
0.7543500065803528,3.2644264698028564,0.5009468793869019,-0.00016852365559139686,0.0008214357897545829,0.4088684065798458,1766201327.366039
0.754371702671051,3.264413833618164,0.5010020732879639,-3.073707275972695e-05,0.0008088247840038847,0.4085861380135399,1766201327.3760047
0.7543768882751465,3.2644619941711426,0.5009827017784119,4.3869776187652254e-05,0.0009132636167736198,0.40848604843202624,1766201327.3860147
0.7544326782226562,3.2641961574554443,0.5013269782066345,-0.0002339829437355429,0.00020078892461278732,0.4077267408236307,1766201327.38603
0.7543158531188965,3.264219284057617,0.5013265013694763,-0.00032846460462111976,0.0004993250898897738,0.4084334298494488,1766201327.3960047
0.7542635202407837,3.264347553253174,0.5013578534126282,-0.0002473216500765716,0.0004596151468095232,0.4089317648124642,1766201327.406048
0.7544509172439575,3.2643392086029053,0.5013628005981445,-4.1869481219033285e-05,0.00016683601861479182,0.4077990974488875,1766201327.4160876
0.7545130252838135,3.2641799449920654,0.5013479590415955,-0.0006116016794798608,0.0004693318253625295,0.40758948405661694,1766201327.4259815
0.7546745538711548,3.264272451400757,0.5013907551765442,-8.126544092578486e-05,-2.4296495236576902e-05,0.40681492501728006,1766201327.436017
0.7545886039733887,3.2642669677734375,0.5013644099235535,-0.00021568507540037956,0.00014948898508932443,0.4071048824033676,1766201327.4360344
0.7545037269592285,3.264378547668457,0.5010730624198914,0.0001024681622885623,0.0006439304450415325,0.40810875350923265,1766201327.4460914
0.7545638084411621,3.264414072036743,0.5010387897491455,0.00023215798745413968,0.0006306730244195186,0.4076310427266712,1766201327.4560275
0.7545256614685059,3.264402151107788,0.5013299584388733,-0.00015930993485518375,7.892589529474342e-05,0.4076562639989095,1766201327.4660723
0.7545555233955383,3.2644641399383545,0.5011994242668152,-0.00018964173463779525,2.9100700120213163e-05,0.4072312665502227,1766201327.4760299
0.7544357180595398,3.2643871307373047,0.5009755492210388,0.00012601171023767928,0.0007874108167556448,0.4083262571013484,1766201327.4860125
0.754328191280365,3.264523506164551,0.5009112358093262,-0.00011226107176155002,0.00091420156997575,0.40879660807354457,1766201327.4860294
0.7544292211532593,3.264366865158081,0.5010645985603333,0.0004959250376023788,0.0008078870910436086,0.40827677952336294,1766201327.4960313
0.7544110417366028,3.264353036880493,0.5012992024421692,-3.4844722743345677e-06,0.00018083434156510698,0.40817461417469136,1766201327.5060353
0.754412055015564,3.264343023300171,0.5012744069099426,3.494962481807807e-05,0.00014677863594505654,0.4082057868132984,1766201327.5160255
0.7544444799423218,3.2643675804138184,0.5010307431221008,-4.057490388781925e-05,0.0008266510042982628,0.40857868872939257,1766201327.526002
0.7545217275619507,3.26434588432312,0.5010460019111633,0.00011256307216101677,0.0007839863468480748,0.4081781546928767,1766201327.5360098
0.7544458508491516,3.2642745971679688,0.5010654330253601,-1.4220857398701167e-05,0.0008418511626953786,0.4088279882475698,1766201327.546029
0.7545089721679688,3.2642178535461426,0.5012069344520569,0.0003867308270196146,0.0006859882242210368,0.40809406581428087,1766201327.5460482
0.7544654011726379,3.264237642288208,0.5011024475097656,9.680187482277039e-05,0.0007654414426481281,0.4084087201691302,1766201327.5560048
0.7544043660163879,3.2642996311187744,0.5011235475540161,0.00010807124160862223,0.0007673033127004794,0.4086226712623251,1766201327.5660703
0.7544011473655701,3.2643203735351562,0.5011347532272339,0.0002795693829190109,0.0006436592739481645,0.4086769481045003,1766201327.576005
0.7543917298316956,3.2643940448760986,0.5013322830200195,0.00019979517232869405,0.00019643031720259808,0.40823534938195266,1766201327.5860298
0.7545798420906067,3.264146327972412,0.501335084438324,-8.394731367908977e-05,6.610734446316578e-05,0.4068961178151173,1766201327.626008
0.7545232772827148,3.2642343044281006,0.5012348294258118,-0.0003174418946807273,0.0001512681243464097,0.4074189049865904,1766201327.6260562
0.754632830619812,3.264160394668579,0.5013354420661926,-0.00048347560221561714,0.00019155800843517813,0.4069316588128888,1766201327.6359944
0.7545178532600403,3.2642297744750977,0.5013079047203064,-0.0004240920014019397,0.0001957007378399052,0.40738260245372715,1766201327.6360111
0.7545544505119324,3.2641782760620117,0.5013523697853088,-0.00023625781568007432,0.00015312255864792382,0.4072846433055065,1766201327.696028
0.7542963624000549,3.264456272125244,0.5013301968574524,-9.930657446033554e-05,0.000371842698075955,0.40890119289968146,1766201327.6960704
0.7543898224830627,3.264431953430176,0.5012707114219666,-0.0002554476668930685,0.0003294681315009415,0.40831624576813774,1766201327.696132
0.754462480545044,3.2643110752105713,0.5012591481208801,-0.00037351532483474725,0.0003710870880332904,0.4077055323774422,1766201327.706008
0.7544625997543335,3.2643909454345703,0.5013387203216553,5.115436411429015e-05,0.0001650080712166752,0.40751020543103317,1766201327.7160027
0.7545484900474548,3.2642922401428223,0.5013070106506348,-0.00020015716524808015,0.00019398523603386496,0.40704689208239975,1766201327.726024
0.7540931701660156,3.2645394802093506,0.5011314749717712,-0.00016817933303759145,0.0006598295728858804,0.4093954343669684,1766201327.735979
0.7542396783828735,3.264435291290283,0.5012472867965698,-9.812799640687193e-05,0.00044647129336992844,0.40853461838262495,1766201327.7359934
0.754347562789917,3.2643754482269287,0.5013316869735718,8.741332996272123e-05,0.00021454755312104516,0.4081689299114243,1766201327.7560248
0.754334032535553,3.264498233795166,0.5013706684112549,0.00017716539738749906,0.00014581468080686224,0.4083430697438163,1766201327.7560441
0.7542802691459656,3.264492988586426,0.5009724497795105,-0.00018585268282596422,0.0009873842359048065,0.4093413690955589,1766201327.7660315
0.7544430494308472,3.2644505500793457,0.501010000705719,-0.00014986486892720424,0.0009304187537500693,0.4081162266302006,1766201327.7760124
0.7543402910232544,3.2644591331481934,0.5010323524475098,0.0002472477790551913,0.0009175275455711181,0.408831749692254,1766201327.7859914
0.7543727159500122,3.26442289352417,0.5009769201278687,-0.00011916296173678152,0.0009417360006833089,0.408865813253179,1766201327.7860074
0.7545292377471924,3.264249324798584,0.5010749697685242,0.00010864874618543714,0.0006467946062332202,0.4076570782625776,1766201327.796052
0.7544570565223694,3.264275550842285,0.5010812282562256,6.969060353820056e-05,0.0007493849653438879,0.40834145870030397,1766201327.8060017
0.7541554570198059,3.2645349502563477,0.5012151002883911,2.7249577700245012e-05,0.0002619127448710885,0.409441713056155,1766201327.8159957
0.7545310854911804,3.2642366886138916,0.50135338306427,2.8429218381780912e-05,0.00018143081215871504,0.40679597194058753,1766201327.8260067
0.7545970678329468,3.2642836570739746,0.5012854933738708,8.641908073700892e-06,0.00013403612270110048,0.4064454450091999,1766201327.836018
0.7543920278549194,3.2645325660705566,0.5009676814079285,0.000701535003640095,0.0007079718605434398,0.4083172849216237,1766201327.8360322
0.7543519139289856,3.2643566131591797,0.500959575176239,1.5582931943623188e-05,0.0008820472986038368,0.40859969980648225,1766201327.84603
0.7543430328369141,3.2643611431121826,0.5010135173797607,0.0002918435373807722,0.0008689851458773324,0.40901811448688336,1766201327.8560307
0.7540290951728821,3.264676809310913,0.5010792016983032,-0.00011978877081344683,0.000628045547551026,0.4101164519058642,1766201327.866002
0.7543792128562927,3.2643232345581055,0.5012527704238892,-2.249893210812539e-05,0.0002151587396303943,0.4080105121376836,1766201327.8760345
0.7542577385902405,3.264478921890259,0.5012975931167603,4.1343619306993844e-05,0.0002897678481049337,0.40853479219196154,1766201327.8860006
0.7543642520904541,3.264509677886963,0.5013593435287476,0.00037285513655811975,7.336986288264093e-05,0.4079145734921251,1766201327.8860197
0.7544275522232056,3.2642977237701416,0.5012784600257874,-0.0002428083857258065,0.0003604830626379122,0.4077283347164992,1766201327.8960495
0.7542085647583008,3.2644710540771484,0.5013458728790283,-0.00023062545031082474,0.0004904444924305431,0.40940478425275045,1766201327.9060476
0.7542422413825989,3.2645251750946045,0.5012056827545166,-0.0001502558854752362,0.0004659954088582973,0.4089351176312832,1766201327.9160383
0.7544195652008057,3.2643468379974365,0.5009742975234985,-0.00018925438653271656,0.0009393941197084196,0.4085000848310349,1766201327.925969
0.7545853853225708,3.2642629146575928,0.5012624859809875,-0.00019855496246258463,5.5227406776891445e-05,0.40687515669122887,1766201327.9360104
0.7539231777191162,3.264821767807007,0.5010089874267578,0.00013406648726429143,0.0005943902171036088,0.41085550603550763,1766201327.9360256
0.7542337775230408,3.264669895172119,0.5009949803352356,-0.00019856526845024082,0.00044617354902978476,0.4091057485349677,1766201327.946034
0.7544114589691162,3.2644219398498535,0.5009410381317139,6.17995562797888e-05,0.0008605235286328797,0.4085114865564917,1766201327.956012
0.7544162273406982,3.264479160308838,0.5009405016899109,7.767784131257318e-05,0.0008495287233899726,0.40853108463154053,1766201327.9660711
0.7545151710510254,3.2644081115722656,0.501362144947052,-8.95029198742527e-06,9.893369705341944e-05,0.40752211898080376,1766201327.976008
0.7542294263839722,3.2645599842071533,0.5012412071228027,4.2057107253593506e-05,0.0003542681910229061,0.4092647407432171,1766201327.986039
0.7544574737548828,3.264407157897949,0.5010724663734436,0.0002616834663293619,0.0006961410170863024,0.4082480586418474,1766201327.9860568
0.7542347311973572,3.2645504474639893,0.5012602806091309,-3.7389459536834425e-05,0.000328319952950238,0.4092189793480789,1766201327.9960105
0.75418621301651,3.2645368576049805,0.5013555288314819,-2.8842248231685088e-05,0.00034191792363292287,0.40967422661813274,1766201328.0060062
0.7544906139373779,3.2641406059265137,0.5010868906974792,-8.582728557246248e-05,0.0009141549377117062,0.4084993273807493,1766201328.0160818
0.754457414150238,3.2641494274139404,0.5011956691741943,0.000212869189092799,0.0008321999401658309,0.4084245362424981,1766201328.0260062
0.7544885277748108,3.264301300048828,0.5010695457458496,-0.00014211701901320636,0.0008190381546589794,0.4084427654673502,1766201328.0360699
0.7544113993644714,3.2645423412323,0.5010502934455872,0.0003324174265691978,0.0006568119373928686,0.40866299705888054,1766201328.0360866
0.7544320821762085,3.2645254135131836,0.501270592212677,-0.00018743287756867394,0.00035693240144011625,0.408270511615378,1766201328.0460887
0.7544770240783691,3.2643990516662598,0.501230001449585,-0.00032509645393332363,0.00030317187844673227,0.40765338105862664,1766201328.0660782
0.7544403076171875,3.264653444290161,0.5009520649909973,0.000519503697742999,0.0006783818299241927,0.4084418667473773,1766201328.0660968
0.7544631361961365,3.264472484588623,0.5009769797325134,0.0002570812511507045,0.0007364683556851354,0.4081478526200591,1766201328.0760472
0.7543174624443054,3.2643940448760986,0.500935971736908,-0.00011444740960220706,0.0010221071029972567,0.4091412849326579,1766201328.086023
0.7544305920600891,3.264432430267334,0.5009369254112244,-0.00015215699153343237,0.000846151148913875,0.4084363357402,1766201328.0860405
0.7538182735443115,3.26474928855896,0.5010234713554382,7.831142128219486e-05,0.0009399178720366991,0.4116304876969906,1766201328.0959697
0.7544717192649841,3.2643282413482666,0.5013118386268616,-0.00010945053125114634,0.0001398973975602918,0.4079388072831748,1766201328.106008
0.7545511722564697,3.2644288539886475,0.5013819932937622,0.0003362664086184145,2.603542150898631e-05,0.40736762748517213,1766201328.1160703
0.7544695138931274,3.2642159461975098,0.5013113021850586,-0.0003807626057382255,0.00030826363816446076,0.407909696796254,1766201328.126047
0.7543655633926392,3.264305353164673,0.501336932182312,-9.908719651982771e-05,0.0003704274953416771,0.4089006969230372,1766201328.13601
0.7544803023338318,3.2641713619232178,0.5011402368545532,7.38274992288659e-07,0.0008629229153553296,0.4084685473805064,1766201328.1360245
0.7543776035308838,3.264239549636841,0.5014021396636963,-0.000386242880910207,0.0003735422222074444,0.4086016727661793,1766201328.1460986
0.7543764114379883,3.2643566131591797,0.501386284828186,0.0001356995439909891,0.0002582047447484386,0.40818146413338086,1766201328.1559994
0.7543967366218567,3.2644107341766357,0.5013113617897034,3.8373016755938285e-05,0.00024287506192491356,0.40830706324126687,1766201328.1660314
0.7544635534286499,3.264328718185425,0.5012674927711487,-0.0004980667465274437,0.0003090283235218901,0.4077746622013021,1766201328.1760333
0.7542837858200073,3.2645535469055176,0.5011993050575256,-4.0133946466219434e-05,0.00030525022339021585,0.4087880368072839,1766201328.1859944
0.7542092800140381,3.264557123184204,0.5011012554168701,-0.0005348460179326457,0.0005299163899730156,0.4092952602481523,1766201328.1860104
0.7543259859085083,3.2644662857055664,0.5008984208106995,8.089652551216804e-05,0.0009159286484155707,0.40905228700683516,1766201328.1960323
0.7542924284934998,3.2645013332366943,0.5012184381484985,-0.0002228274296018991,0.0005272841416663153,0.4087359829334776,1766201328.2060533
0.7544609308242798,3.2644219398498535,0.5012231469154358,-0.00015345197707905873,0.00011487679267697038,0.40782797143823996,1766201328.216033
0.7544394731521606,3.264387369155884,0.5009153485298157,4.01549638300212e-05,0.0007117558763144989,0.4084082938566822,1766201328.2260487
0.7543885707855225,3.26438045501709,0.5010160803794861,0.00016425330527244277,0.0008583964816647745,0.40855586331910776,1766201328.2360346
0.7545090317726135,3.264385223388672,0.501076877117157,-5.1413197289229296e-05,0.0008218417613310436,0.4077444187517738,1766201328.2360523
0.7544516921043396,3.264277458190918,0.5010842680931091,3.7928452925266553e-06,0.0008999235482406637,0.4085644985137299,1766201328.2460358
0.7545393705368042,3.2643370628356934,0.501059353351593,0.0003666416095921624,0.0006551793188863934,0.407773084028913,1766201328.256031
0.754456639289856,3.264432430267334,0.5012760162353516,-0.0001800976445048525,0.000259194618624664,0.4075694047141523,1766201328.2660756
0.7544386982917786,3.264312505722046,0.501369833946228,-1.1332253703241813e-05,0.0001998577665222679,0.4079424849775054,1766201328.276032
0.7544544339179993,3.264352798461914,0.5010343790054321,0.0002575953855998125,0.0007149170723633329,0.4084369541150298,1766201328.2859952
0.7544480562210083,3.264333963394165,0.5009987354278564,-9.018696997915325e-05,0.00087751640037768,0.407930693338059,1766201328.2860112
0.7535022497177124,3.2651939392089844,0.5008127093315125,0.0002543914839534704,0.0013994473598205436,0.41357826207502685,1766201328.2960699
0.7542312741279602,3.2644879817962646,0.5012312531471252,0.00010331224420245389,0.00034687494408685253,0.40882801713485073,1766201328.3060048
0.7538126707077026,3.264925956726074,0.5008872747421265,-0.00014456049333833574,0.000941632320765431,0.41138901546379936,1766201328.3160813
0.75437992811203,3.264446496963501,0.500939667224884,6.834324096251713e-05,0.0008587545930200272,0.40823363726958295,1766201328.3260667
0.7540271878242493,3.2647323608398438,0.5010040998458862,2.487339415580567e-05,0.0005748764326142427,0.4099316527755266,1766201328.3360128
0.7540209889411926,3.264862537384033,0.5010431408882141,0.00020990642585040484,0.0005548678492041717,0.4105241300754109,1766201328.3360279
0.7543882727622986,3.264413595199585,0.5012251734733582,-0.0003536539625067983,0.0003053327687631427,0.40835891830582166,1766201328.346005
0.7543350458145142,3.264432668685913,0.5012227296829224,-0.000207775882106187,0.00040604606951668377,0.4084882474681724,1766201328.3560352
0.7544586062431335,3.2643191814422607,0.5010374784469604,4.704156262386264e-05,0.0006972579469817736,0.4083223192340085,1766201328.3660758
0.7545021772384644,3.264246940612793,0.5012866258621216,-0.0005302288510055282,0.0003595321804366724,0.4076128534738742,1766201328.3760476
0.7546249032020569,3.2641124725341797,0.5012953281402588,-0.0003235902582912815,9.395754674333233e-05,0.4068773499309274,1766201328.3860009
0.7543584704399109,3.2641894817352295,0.5010034441947937,-0.00017927011352178752,0.0010548529237138589,0.4089911291459712,1766201328.3860176
0.7544463872909546,3.2643826007843018,0.5013349652290344,2.1332868140825654e-05,0.000177887016564375,0.40766385303678687,1766201328.3960505
0.7543480396270752,3.2645037174224854,0.5010155439376831,0.0002206738788829167,0.0008218839810624429,0.4085909237232659,1766201328.4060314
0.7541105151176453,3.2647294998168945,0.5010607838630676,-0.0001792596613697771,0.0006265828873693197,0.40961445233638855,1766201328.4160867
0.7543319463729858,3.2644169330596924,0.5008666515350342,-0.00020566095052246193,0.001063052954506203,0.4087681035123692,1766201328.4260693
0.7541666030883789,3.2645421028137207,0.5010921955108643,-0.00012386266697941378,0.0004660954749401344,0.40918018184124977,1766201328.4360385
0.7541486024856567,3.264657497406006,0.5011098384857178,0.00024848827079700195,0.00031542416256272556,0.4094163071803103,1766201328.4360564
0.7543505430221558,3.264448881149292,0.5009271502494812,0.00020505333704747713,0.0008403089287182349,0.408861214541265,1766201328.446005
0.7544069886207581,3.264364242553711,0.5010037422180176,0.00012864540084996803,0.0006857783479464735,0.40833007873441673,1766201328.4560034
0.7542175054550171,3.2646031379699707,0.5011640191078186,-2.020984887055451e-05,0.0004776880980408216,0.4093287889434447,1766201328.4660914
0.7544050216674805,3.2642693519592285,0.501329243183136,-0.00018656138961592445,0.00032661430005443814,0.4083000550929477,1766201328.4760008
0.7545211315155029,3.264249563217163,0.5010820031166077,-0.0001444629370842562,0.0007446001396508985,0.4081135052738129,1766201328.486038
0.7544934153556824,3.264336109161377,0.5010274648666382,0.00011173758108197155,0.0007120134903528658,0.4082416421523466,1766201328.486054
0.7546243071556091,3.264120578765869,0.5013629794120789,-0.0004601615497739686,0.0002153290919027028,0.40693119877470424,1766201328.4959989
0.7542805075645447,3.264364004135132,0.5012457370758057,-0.00013992171617955678,0.0005077000339184741,0.40893424167585596,1766201328.5060034
0.7544468641281128,3.264324426651001,0.5010153651237488,0.00028154713217655865,0.0007081759647879058,0.4083334311349962,1766201328.5160763
0.7545434832572937,3.264280319213867,0.5012903809547424,-0.0004167706065599462,0.0002772766623290476,0.407207048994459,1766201328.5260127
0.7545126676559448,3.2645537853240967,0.5012773871421814,0.000398038067684621,-3.8791054519890096e-05,0.40751774009305847,1766201328.5359662
0.7544214129447937,3.2645509243011475,0.5009644627571106,0.0004754940755406533,0.0006725737293623937,0.4084025845513313,1766201328.5460021
0.7544080018997192,3.26446533203125,0.5009180307388306,2.4500859336637577e-05,0.0008910592710689963,0.408399513114942,1766201328.546021
0.7544283866882324,3.264343738555908,0.5010160207748413,0.00012843044147761352,0.0008291674007767793,0.40836474368472453,1766201328.5559857
0.754145622253418,3.2646000385284424,0.5011671781539917,0.00041170424207195427,0.0004266436989380864,0.409686733730455,1766201328.5660548
0.7547093033790588,3.264153480529785,0.5013632774353027,3.625130704440751e-05,-0.00014057851872074762,0.40623755346493906,1766201328.576061
0.75456702709198,3.264143466949463,0.5014033317565918,-0.00016844365244612244,0.0001651727907836244,0.40706712630456615,1766201328.585985
0.7544589638710022,3.2643022537231445,0.5012921094894409,-0.00020317210888538562,0.00024579777604038654,0.40789787065216815,1766201328.5859976
0.7544618844985962,3.2642152309417725,0.5014227628707886,0.00024899142982264455,7.088061304389213e-05,0.40783091656941023,1766201328.5960455
0.7544581890106201,3.2644031047821045,0.5012854337692261,-0.00019790071739622943,0.00021936283912606441,0.4081660880909323,1766201328.6060119
0.7546075582504272,3.264282464981079,0.5014864802360535,0.00020216500687322104,-7.871487941045008e-05,0.4069357528246603,1766201328.6160731
0.7544893026351929,3.2642617225646973,0.5014038681983948,-4.228044675323695e-05,0.000118094252953675,0.4079369305615544,1766201328.6261113
0.7543721199035645,3.264324426651001,0.5010988712310791,0.00012637692408063697,0.0008705838065886234,0.4087242268083843,1766201328.6359758
0.7544062733650208,3.2643609046936035,0.5013814568519592,2.3946863420320488e-05,0.00020899293872182469,0.40798603349865303,1766201328.6359894
0.754439115524292,3.264484405517578,0.5011634826660156,-0.00017843805906202751,0.0002391817619709212,0.4076673359547761,1766201328.646086
0.7542141079902649,3.2646665573120117,0.5010636448860168,-0.00017612179293345948,0.0004066675926122582,0.4091866617737672,1766201328.6560237
0.7544700503349304,3.2642550468444824,0.5009763240814209,2.7794983570786268e-05,0.0007672914239850716,0.4079218252639292,1766201328.6660783
0.7544219493865967,3.2645628452301025,0.5010517835617065,-0.0003167490133361738,0.00020956865308430783,0.4078429920329704,1766201328.676051
0.7545474767684937,3.2644309997558594,0.5012128353118896,-0.00020551501676542325,0.000214822812568574,0.40757968085560686,1766201328.6860921
0.754468560218811,3.2643144130706787,0.5009939074516296,-0.00010220922228204522,0.0008718786627781752,0.40848357667623797,1766201328.686105
0.7544282078742981,3.2643277645111084,0.5013818144798279,-0.00017055172467105536,0.00035724134073722007,0.4081222959403074,1766201328.6959834
0.7543778419494629,3.2643208503723145,0.5013631582260132,-0.0002025994972190525,0.00028348647233460324,0.40834580965567635,1766201328.7060766
0.754480242729187,3.264341115951538,0.5010462999343872,7.239433385352252e-05,0.0007963934704945005,0.4084057894986876,1766201328.716012
0.7546342015266418,3.2642557621002197,0.5014345645904541,-9.803428692767001e-05,1.3412362006629742e-05,0.4066209809735823,1766201328.7260025
0.7544629573822021,3.2641713619232178,0.5013484954833984,-0.00028233537683520344,0.000221349986963618,0.4078285517978917,1766201328.735947
0.7539699077606201,3.2646825313568115,0.5011237263679504,0.00016220769646574704,0.0006952027230880565,0.41077742844174453,1766201328.7359605
0.7545227408409119,3.264392137527466,0.5010535717010498,0.00017602149410431337,0.0008453646959179733,0.40800870204557255,1766201328.7460663
0.7544986009597778,3.264338493347168,0.5013303756713867,-8.118660417603111e-05,7.27683567211868e-05,0.40732514505497863,1766201328.7559736
0.7543699741363525,3.264369010925293,0.5013334155082703,0.00011914427078732828,0.00011792312584592936,0.40776168974252314,1766201328.7659817
0.7544633150100708,3.2644684314727783,0.5013063549995422,0.00018720561230594796,7.783705714050504e-05,0.40754150903337344,1766201328.7762425
0.7545381784439087,3.2644314765930176,0.5009707808494568,0.000228653293234942,0.0006393389000035363,0.40771534686064187,1766201328.7859635
0.7544218301773071,3.2643258571624756,0.5012765526771545,-0.00012072185519031837,6.84348743346135e-05,0.40776801962939596,1766201328.7859888
0.7543613910675049,3.2644286155700684,0.5012719035148621,0.0001671184579045475,0.00018133669957457257,0.40839796650938126,1766201328.7959802
0.7543904185295105,3.2643120288848877,0.5009957551956177,-4.721874055190806e-05,0.0009244448377585111,0.40851650010789436,1766201328.806007
0.7545523643493652,3.2643449306488037,0.5010188221931458,0.0002653693881896734,0.0005847608475251378,0.40787250744847636,1766201328.8160825
0.7544711828231812,3.264181137084961,0.5014044046401978,-0.0002079931551380914,0.00010052990976971276,0.4080806187228735,1766201328.8260164
0.7545735836029053,3.2641518115997314,0.5013760924339294,-0.00012269585321230845,9.988069746503236e-05,0.4072689682078318,1766201328.8359993
0.7544292211532593,3.2642078399658203,0.5014464855194092,-0.000135033079865781,0.00021867719177394082,0.4080778670690516,1766201328.8360188
0.7544921636581421,3.264298439025879,0.5013309717178345,-0.0003540457118452938,0.00015980755401909092,0.4076785467776668,1766201328.8460612
0.7542899250984192,3.264493703842163,0.5013406872749329,0.0001303350257649301,0.00029460770915577426,0.4085214671895671,1766201328.8560226
0.7545769214630127,3.2642927169799805,0.5013182759284973,-0.00011980934290834667,-9.821429849151427e-05,0.40663644108809927,1766201328.8660426
0.7542800903320312,3.264399290084839,0.5012569427490234,-0.0002414068287113355,0.0004094225791348803,0.408639230407645,1766201328.8759868
0.7544384598731995,3.2643816471099854,0.5009735822677612,6.306966102231351e-05,0.0007550037304385369,0.4083238875023924,1766201328.8859646
0.7543843984603882,3.2644145488739014,0.5008676648139954,-6.30061743728557e-05,0.0009290704170945537,0.40846101947673674,1766201328.886054
0.7543995380401611,3.2644426822662354,0.5009345412254333,0.0002598610459472897,0.0008423621192321828,0.4083207296752663,1766201328.8960407
0.75449138879776,3.264569044113159,0.5012001395225525,1.9817803299428522e-05,0.00013674601266781066,0.40733952810852375,1766201328.9060082
0.7544803023338318,3.2644202709198,0.5012005567550659,-4.733626463200237e-05,0.00016122832415057533,0.4074640118222536,1766201328.9160266
0.7547170519828796,3.264190196990967,0.5013121366500854,-0.0002587538739073313,-1.5501354970440584e-05,0.40624401588882564,1766201328.9260051
0.7539898753166199,3.2647223472595215,0.5010405778884888,-0.00029677032137024174,0.0007732378295829363,0.41056753128900664,1766201328.935984
0.7543336749076843,3.264416217803955,0.5013642311096191,-0.00019405701697256664,0.00033668132148845074,0.4088509717701215,1766201328.9460027
0.7546182870864868,3.264132022857666,0.5013399720191956,-0.0004230863766020047,9.460371412641352e-05,0.4069133725646383,1766201328.9460206
0.7545401453971863,3.2642860412597656,0.5013547539710999,-0.00014810011649124568,7.452630693460106e-05,0.4075946306920717,1766201328.9560018
0.7543149590492249,3.264402151107788,0.5012775659561157,-0.00019717064061752302,0.0005617574791581016,0.40872849298469033,1766201328.9660528
0.754359245300293,3.264359712600708,0.5010473728179932,0.00027274208682819565,0.0008345145060239121,0.4089158399176704,1766201328.976009
0.7546181678771973,3.2642786502838135,0.5012214183807373,-0.00028881973062425354,0.0001235838613218779,0.40682971251530226,1766201328.9859955
0.754539966583252,3.2643001079559326,0.5012530088424683,-0.00023304423856253278,0.00013248533256028294,0.40717054361593713,1766201328.9860134
0.7545298337936401,3.2644190788269043,0.5010140538215637,0.00028734712506020213,0.0006171049220412743,0.4077704270324573,1766201328.9959996
0.7545053958892822,3.2642548084259033,0.5013233423233032,-1.257497569392469e-05,0.00012708435099057012,0.40747977931524404,1766201329.0060084
0.7544514536857605,3.264352560043335,0.5012701153755188,-0.00016937959945758662,0.0002832969837372976,0.40760821308019246,1766201329.0160372
0.7544149160385132,3.264300584793091,0.5010014176368713,-4.7956506752586934e-05,0.0008708023685353352,0.4083942442556204,1766201329.0260472
0.7544050812721252,3.264336347579956,0.501044511795044,0.0004537188674170953,0.0006756789810907211,0.4084735096756589,1766201329.0359938
0.7544702887535095,3.2642910480499268,0.5012973546981812,-4.0157345256401094e-05,0.00016251760882976163,0.4077220150898243,1766201329.036011
0.7544727325439453,3.264173984527588,0.5013557076454163,-8.280134761163851e-05,0.0001451947169989447,0.407569106061509,1766201329.0460622
0.7544244527816772,3.2642831802368164,0.5010784268379211,0.00019663428456139523,0.0007384413613093234,0.40891883789246464,1766201329.056006
0.7545245885848999,3.2642719745635986,0.5014150142669678,-9.228628949156607e-05,0.00012522682502193527,0.4077119128142036,1766201329.0660024
0.7543886303901672,3.264486074447632,0.5013798475265503,0.00016074631444369406,0.00015078421140909108,0.4083376517707912,1766201329.0759711
0.7544484734535217,3.264246702194214,0.5013810992240906,-0.0002099389953733958,0.0003305500325286925,0.407718740170179,1766201329.0860524
0.7544774413108826,3.2642924785614014,0.5010512471199036,0.00010306315583207836,0.0007368673089561727,0.4080634726059696,1766201329.086069
0.754487156867981,3.264340400695801,0.5013790130615234,-1.326993354088238e-06,7.52815668646351e-05,0.4073863784903472,1766201329.09604
0.7545628547668457,3.2643587589263916,0.5012698173522949,-8.422395102852066e-05,1.9240053704149274e-05,0.4067694330370277,1766201329.1060023
0.7544805407524109,3.264402389526367,0.5011961460113525,-0.000318642544343484,0.00021859797671277054,0.40753035578130686,1766201329.1160684
0.7543966174125671,3.264535665512085,0.5009080171585083,5.2557908813350197e-05,0.0009229523746700662,0.4086037577687453,1766201329.1259785
0.7542953491210938,3.2645373344421387,0.5011681914329529,-0.00021878197225354748,0.0004325310654381146,0.40870743606511944,1766201329.1359668
0.7546876668930054,3.264211416244507,0.5013095736503601,-2.534618686350745e-05,-0.00018654473927610262,0.4066149690926784,1766201329.135983
0.7542980313301086,3.264216899871826,0.5012761354446411,-0.0004597445942821103,0.0005072781315022546,0.40849151822336854,1766201329.1460576
0.7542433142662048,3.26450777053833,0.5011158585548401,-0.00024998980013146965,0.0004390024948527622,0.40940762084490234,1766201329.1560447
0.7544732093811035,3.2643003463745117,0.5013079047203064,-0.00014447844469521188,9.076988322389942e-05,0.4076357723511963,1766201329.1660566
0.754237174987793,3.2645645141601562,0.5013602375984192,0.00032060901057508667,0.0003131312896245757,0.4092951410805711,1766201329.1760032
0.7544711232185364,3.2641940116882324,0.501430332660675,0.00012093545894731084,0.00012292562993997667,0.40789405677816065,1766201329.1860712
0.7544560432434082,3.264213800430298,0.5014424324035645,-0.00020585976199399033,0.00020949214430002972,0.4079723260551443,1766201329.1860895
0.7545298337936401,3.264194965362549,0.5013647675514221,-0.00026813546525489697,0.0002239409894928936,0.40719235285350147,1766201329.1959996
0.7544642090797424,3.2641408443450928,0.5013791918754578,-0.0005231376136629648,0.00042587816434561804,0.4077571997166498,1766201329.2059917
0.7544018626213074,3.264442205429077,0.501344621181488,0.00021040457140928276,9.793056858309752e-05,0.4080341137729729,1766201329.2160032
0.7544481754302979,3.2644383907318115,0.5009315609931946,0.0002282975468435616,0.0007567592203082567,0.408127294614921,1766201329.2259822
0.7544283866882324,3.264401435852051,0.5011362433433533,-0.0002713502156132359,0.0002851313997026406,0.4080984462105866,1766201329.235979
0.7544302940368652,3.264486074447632,0.5011204481124878,-0.00043658053463774114,0.0003154168714839254,0.4080583038255905,1766201329.2359922
0.7542407512664795,3.264645576477051,0.5011705756187439,3.408567116234415e-05,0.00022824469153749362,0.40904578187079993,1766201329.2459998
0.7544478178024292,3.2643957138061523,0.5012841820716858,7.94523631065873e-05,4.522520871088797e-05,0.4075985134611973,1766201329.2560441
0.7545302510261536,3.2642228603363037,0.5012856721878052,-0.0004525073664782685,0.00025930513172222697,0.407392738346939,1766201329.2660115
0.754485011100769,3.2643964290618896,0.5011109709739685,0.00046182005055942697,0.000559385074133294,0.40815393128263183,1766201329.276001
0.754509687423706,3.2642662525177,0.5010577440261841,-0.00012147659092927716,0.0007619694954480146,0.40799622536171715,1766201329.2860072
0.7544952034950256,3.264219045639038,0.5010847449302673,8.690606602835939e-05,0.0007616121233208235,0.40823578554933315,1766201329.2860243
0.7544842958450317,3.264403820037842,0.5011118650436401,0.000649276323696705,0.0005768216528411809,0.4083832536989137,1766201329.295999
0.7545719742774963,3.264312982559204,0.5011282563209534,0.0002478285452489265,0.0006464778408184726,0.40778447620540825,1766201329.3060102
0.7544500827789307,3.2643516063690186,0.5013386607170105,0.00012118494219331891,0.00012135362305583476,0.4080299435164123,1766201329.3160582
0.7543790340423584,3.2643558979034424,0.5013795495033264,9.827544647405177e-05,0.0002118350060360728,0.4082493395580644,1766201329.3259838
0.7544087767601013,3.26436448097229,0.5010040998458862,7.87916852104016e-05,0.0008040211776936847,0.4084743360880652,1766201329.336039
0.754366397857666,3.2644472122192383,0.5013185739517212,2.672948305535803e-05,0.00011879539314727864,0.40826854804236073,1766201329.336052
0.7542803883552551,3.264575719833374,0.5011035203933716,-0.00020686372538136958,0.00036480848873520855,0.40846883034136383,1766201329.3459816
0.7542412877082825,3.26462984085083,0.501047670841217,-0.00034728171516151785,0.00042091352473901843,0.40913755067388113,1766201329.3560677
0.7543901801109314,3.264425039291382,0.5009333491325378,8.693434021632556e-05,0.000834774343183943,0.4087658519381307,1766201329.3660781
0.7544881701469421,3.2644946575164795,0.5011810064315796,-4.995539622605157e-05,0.00021651834779623066,0.40750307179507,1766201329.3760805
0.754450798034668,3.2643656730651855,0.5012841820716858,-0.00026075667070813276,0.00031064596107462555,0.4076012134392237,1766201329.3860452
0.7544315457344055,3.2643983364105225,0.5010144114494324,-3.450293259238562e-05,0.0009215702485218697,0.408518241995355,1766201329.39606
0.7545480728149414,3.2641372680664062,0.5013797879219055,-0.0002943092671053306,0.0001680564338647683,0.40734458807330853,1766201329.3960762
0.7545768022537231,3.2642345428466797,0.5013960599899292,0.00012107801472998926,1.6874762103285808e-05,0.40730243058938703,1766201329.406093
0.7545852661132812,3.2643015384674072,0.5013599395751953,-6.616137391941227e-05,0.0001677627167296592,0.4072294745116072,1766201329.4159741
0.7544105052947998,3.264315128326416,0.5013477206230164,-0.00014505480992198425,0.0001757598093025437,0.4084511847260243,1766201329.4261136
0.754406213760376,3.264375686645508,0.501321017742157,6.694499476667308e-05,0.00010851768143187132,0.40828669261897843,1766201329.4360094
0.7544153332710266,3.264479875564575,0.5012478828430176,-8.5982264351685e-05,0.00032834355833700774,0.40805376355329814,1766201329.4360232
0.7543948292732239,3.264460563659668,0.5012884140014648,0.00017650749911463993,0.00015020884626241868,0.40821623742310903,1766201329.4460983
0.7542458772659302,3.264491319656372,0.5011997222900391,-0.00018503405356515905,0.00043549498672764645,0.4089578499609699,1766201329.456041
0.7544899582862854,3.2644035816192627,0.5012147426605225,-9.914487884444443e-05,4.849497561264279e-05,0.4076195209203395,1766201329.4660778
0.7546291351318359,3.264331579208374,0.5012315511703491,-0.00031383186659569406,-3.9688781302307157e-05,0.4066332905973974,1766201329.4760537
0.7544048428535461,3.264436960220337,0.5009185671806335,-0.00011724799421566892,0.0008479335212694108,0.40843032539955554,1766201329.4860585
0.7543935775756836,3.264470338821411,0.5012374520301819,-2.9238448438022786e-05,0.000170870198949145,0.4082019938325713,1766201329.4960399
0.7544342279434204,3.2644286155700684,0.5012614130973816,-8.33550920877325e-06,0.00023615841106846931,0.40775121266455405,1766201329.4960537
0.7545375227928162,3.2642929553985596,0.50131756067276,-0.0003252066133264528,0.0002198984210955107,0.40721846893951535,1766201329.5060427
0.7545129656791687,3.2643561363220215,0.5010901689529419,0.00016183653962197268,0.0005831178419505212,0.4077918591213693,1766201329.516016
0.7544463872909546,3.264411449432373,0.501072347164154,0.00026842698942081215,0.0007757722148143904,0.40809959034492665,1766201329.52598
0.754534900188446,3.264308452606201,0.501274585723877,-0.0004169216639560307,0.0001866179068419529,0.40742204096014306,1766201329.5360146
0.7547056674957275,3.264059066772461,0.501410722732544,-0.0004121840100827178,0.00016222128160338733,0.4062535788573423,1766201329.5360272
0.7544090151786804,3.2643706798553467,0.5010630488395691,5.621210312497082e-05,0.0008631491243358809,0.4085100642741309,1766201329.545984
0.7543810606002808,3.2643518447875977,0.5010117292404175,-8.225491169053858e-05,0.0008481700537503179,0.4082549006775482,1766201329.5560536
0.75453120470047,3.2642626762390137,0.5011966824531555,-0.0005404234188131225,0.00030854300145398205,0.4071247862768764,1766201329.566011
0.7544955015182495,3.2643868923187256,0.5011732578277588,-0.000375797636935068,0.0002111533161894302,0.4076690434678328,1766201329.5760455
0.75445955991745,3.2644765377044678,0.5008238554000854,-0.0002860265490173282,0.0008595965898838104,0.40817048930525524,1766201329.5860527
0.7544413805007935,3.264446258544922,0.5009362101554871,0.00035849570763462913,0.0007623167152836297,0.4081047190383898,1766201329.5860646
0.754502534866333,3.2643144130706787,0.5011629462242126,-0.00038211795309039644,0.00023250007265131252,0.4075446475076485,1766201329.5960457
0.7540575861930847,3.2647154331207275,0.5009180903434753,-0.00043021694931251876,0.000760251088513479,0.41009166254193496,1766201329.6059825
0.7544726729393005,3.2643275260925293,0.5009667277336121,0.0001700212935370513,0.0008192614464292006,0.40823214589647167,1766201329.616052
0.754253625869751,3.264589548110962,0.501187264919281,-9.49697729156443e-05,0.0003619703577017958,0.4091542366698463,1766201329.6260695
0.754252552986145,3.2644033432006836,0.5012882947921753,3.6053674604071764e-05,0.0003593166213034912,0.4089479770454033,1766201329.6360056
0.7545664310455322,3.264098882675171,0.5013289451599121,-0.0004341774334699915,0.0002502530264368598,0.4070641634421637,1766201329.636018
0.7545865178108215,3.2641756534576416,0.5013091564178467,-0.00041359498475466625,0.00016310371899158746,0.40688069166518387,1766201329.6460865
0.7543462514877319,3.2645134925842285,0.5011791586875916,-0.00020593824494445455,0.00020810012191726325,0.4084450343101693,1766201329.6560428
0.7546834945678711,3.264165163040161,0.501449465751648,-6.63743480338477e-05,-0.00018059973823449153,0.40634373325074674,1766201329.665978
0.7544376850128174,3.2644379138946533,0.5012351274490356,-0.0003511498086781149,0.00029442139052467006,0.4080813020580801,1766201329.6760194
0.7545138597488403,3.264409065246582,0.5012950897216797,-0.00012646567770839144,0.00010340840434507696,0.4072484281873676,1766201329.6860714
0.7545434236526489,3.264345407485962,0.5012930035591125,-0.00026385063581706733,0.000147564045354205,0.4071837077323683,1766201329.6860833
0.754400372505188,3.2644236087799072,0.5009433031082153,0.0001810534198279721,0.0007311353105916643,0.40868682478572166,1766201329.695946
0.7545039653778076,3.264399528503418,0.5012829303741455,-0.00035017574810702835,0.0001290389768784231,0.4074740585554249,1766201329.7060456
0.7544984817504883,3.264400005340576,0.5011938214302063,-0.0004320123185017368,0.00031121241061029387,0.4075284123129833,1766201329.716041
0.7543912529945374,3.264394760131836,0.5009976625442505,-5.29016779021029e-05,0.0009055133211347654,0.4082281184614234,1766201329.7260907
0.7544045448303223,3.2643184661865234,0.5009760856628418,-8.885754283606575e-05,0.0007935562731187238,0.4083363303552435,1766201329.736028
0.754352331161499,3.264148473739624,0.5013512372970581,-0.0005191335032900347,0.0004591611369902298,0.4083901003897168,1766201329.7461064
0.7545373439788818,3.2641494274139404,0.5014183521270752,-0.00034539862599967936,8.82159611206856e-05,0.4075767360619976,1766201329.7461195
0.7544798254966736,3.264329433441162,0.5011367797851562,0.00022900829111980152,0.0006093101680732423,0.40829387267788075,1766201329.756045
0.7545329928398132,3.264185667037964,0.5011332631111145,4.214933890864967e-05,0.0007747037473796245,0.4078241452592658,1766201329.7660072
0.7544950246810913,3.264328718185425,0.5010174512863159,-0.0001514916417598404,0.0008764122621996227,0.4081071516465464,1766201329.7760434
0.7545270323753357,3.2642433643341064,0.5013747215270996,-0.00023200230543969416,0.00016489638557544504,0.4073648807631421,1766201329.7859826
0.7544564604759216,3.2642951011657715,0.5013447999954224,-0.00041589293948653057,0.0002730737707736017,0.4081088680214312,1766201329.7859948
0.7545117735862732,3.264392852783203,0.5012809634208679,-8.41357560729339e-05,8.33156976833393e-05,0.4076560675382566,1766201329.8060098
0.754436731338501,3.2644712924957275,0.5012927651405334,-0.00011850543553725605,8.025359627623678e-05,0.40791224044751645,1766201329.8060231
0.7544694542884827,3.264401435852051,0.5011019110679626,0.000552115534076442,0.000532905324469956,0.40789754659537963,1766201329.816054
0.75456702709198,3.264239549636841,0.501417875289917,-0.00014230025923464811,0.00012707189778993024,0.40703523676335684,1766201329.8259814
0.7545738220214844,3.2643346786499023,0.5013290047645569,0.0001436719159953343,-9.331434331815512e-05,0.4066632267111274,1766201329.8360457
0.7543118596076965,3.264373779296875,0.5013314485549927,-0.0003267122793477221,0.00027323259955001677,0.40870795404453186,1766201329.836059
0.7544685006141663,3.2640914916992188,0.5014680624008179,-0.0002885112542989408,0.0002870587648877878,0.40759221676099033,1766201329.8460715
0.7540762424468994,3.264655351638794,0.5011468529701233,-3.7785432805789515e-06,0.0005588654188321732,0.40979871433991644,1766201329.8560524
0.7542601227760315,3.264230728149414,0.5014310479164124,-0.00010887297944522176,0.0003597123480671209,0.4087251152271327,1766201329.8660655
0.7545217871665955,3.2640128135681152,0.5013912916183472,-0.00031626455813574467,0.000365610262136908,0.40698831209728786,1766201329.8760517
0.7543715834617615,3.2643420696258545,0.5012177228927612,-0.0003618823381049587,0.0005543849167305194,0.408521119219482,1766201329.8860435
0.754711389541626,3.264434337615967,0.5009012222290039,-2.6573312968080408e-05,0.0008656951980533895,0.4076076126743221,1766201329.8860564
0.7544053196907043,3.264840602874756,0.5011395215988159,0.0003279716624292929,0.00027933685409914567,0.40927325464830405,1766201329.8960433
0.7544616460800171,3.264538049697876,0.5012386441230774,-2.4222060927782076e-05,0.0001403532833193484,0.4084626229247488,1766201329.9060516
0.7543831467628479,3.264387607574463,0.5012701749801636,-6.998599614182165e-05,0.00026230970011401175,0.408708597335546,1766201329.915981
0.7531231045722961,3.265627384185791,0.5008441209793091,0.0014169659163058325,0.0018447900689343424,0.41545182735137914,1766201329.9260638
0.7545435428619385,3.2642626762390137,0.5013378858566284,4.722908656754959e-05,0.0001242493554182285,0.40731779850794336,1766201329.935979
0.7544088959693909,3.2643115520477295,0.5012553930282593,-0.00021363478027400774,0.0004272093689831393,0.40828678927060924,1766201329.9359915
0.7544910311698914,3.264284610748291,0.5012478232383728,-0.00018624452052137645,0.00021672592980410144,0.40780258186063795,1766201329.9460657
0.7544572353363037,3.264228582382202,0.5013030171394348,-0.00028685388517609914,0.00017031725673192556,0.4077270800066691,1766201329.9559784
0.7544847130775452,3.2642831802368164,0.5013154149055481,-9.72962423035504e-05,0.00013215108207790505,0.40751056913329936,1766201329.966066
0.75450199842453,3.264371395111084,0.5010311007499695,0.00023499231849915498,0.000714259513552781,0.4079806443834178,1766201329.9760447
0.7545313835144043,3.2641243934631348,0.5014047622680664,-0.00024523179090127204,0.0002280830786455618,0.4076320214140509,1766201329.9860437
0.754571795463562,3.264291763305664,0.5013461709022522,-0.0003024166317769174,0.00016227246561670075,0.40716060987203506,1766201329.9860563
0.7545973658561707,3.264273166656494,0.5013529658317566,-0.0001419065066233779,0.00013775620976294955,0.40710775282305783,1766201329.996042
0.7544642090797424,3.2643487453460693,0.5013080835342407,-0.0001740670919178795,0.0002723442894358686,0.40814273568596243,1766201330.0060537
0.754468560218811,3.2643673419952393,0.5009613037109375,-3.0062501663183137e-05,0.0008568609143331213,0.40866350703629667,1766201330.0160391
0.7544845938682556,3.2644100189208984,0.5013076066970825,-0.0001668808855127004,0.00016909077323158436,0.40749988303855783,1766201330.0260112
0.7544059753417969,3.264413595199585,0.5012949705123901,-8.992793616773171e-05,0.00029274860439164183,0.40783444900846044,1766201330.0359447
0.754546046257019,3.264293909072876,0.5012824535369873,-0.00029892485947381357,0.00025198734271303564,0.40680429040469657,1766201330.0460086
0.7544684410095215,3.264340877532959,0.5012271404266357,-0.0001441786747110874,0.00027505524325760353,0.4073873700852046,1766201330.0460222
0.7544431090354919,3.264410972595215,0.500983476638794,0.0002524014273915916,0.0007393984268101505,0.4080165061039669,1766201330.0559762
0.7545015811920166,3.264397621154785,0.5012674331665039,-0.00017863751804406253,0.00010438604429528332,0.40723621025565454,1766201330.0660014
0.7543970942497253,3.2642903327941895,0.5013193488121033,-1.790690346267815e-05,0.00020479636315068125,0.40788382597298506,1766201330.076044
0.7545396089553833,3.2643022537231445,0.501061737537384,0.0003397989714303609,0.0006232635545327912,0.40786425446269714,1766201330.0860915
0.7545514106750488,3.2641115188598633,0.5013971328735352,-0.00029064673171091536,0.00017128182270043522,0.40759267612214783,1766201330.0861044
0.7545071840286255,3.264157772064209,0.5014017820358276,-0.00029705354292103753,0.0002556164707890455,0.4077665416868325,1766201330.095976
0.7546151280403137,3.2643609046936035,0.5010484457015991,0.00041495251029879287,0.0006030611777810131,0.4076355296748026,1766201330.1160493
0.7545118927955627,3.2642948627471924,0.5010820031166077,2.1387363580680415e-05,0.0008033008681790112,0.4079839876344962,1766201330.1160624
0.7544163465499878,3.2643961906433105,0.501096248626709,6.2033129086768e-05,0.0007267540662171626,0.4084933933342822,1766201330.1259773
0.7544941902160645,3.264218807220459,0.5011710524559021,0.00023938546954167296,0.0006840430581963572,0.4084955096395184,1766201330.1359987
0.7547386884689331,3.264104127883911,0.5014067888259888,-0.00020452341539295042,-3.883704276670827e-05,0.4062027774113629,1766201330.1360161
0.7545021176338196,3.264482021331787,0.5013768076896667,0.00014454494775890142,0.00012949453674578518,0.4075519610976171,1766201330.1460881
0.754368782043457,3.2645461559295654,0.5012702345848083,-0.00016260820552639632,0.00035172103818737523,0.4081457991611243,1766201330.1559849
0.7543684244155884,3.2645578384399414,0.5009232759475708,0.0003211460258949502,0.0007465660440122182,0.40847795958219263,1766201330.1660748
0.7543033957481384,3.264469861984253,0.5010091066360474,4.767204900059471e-05,0.0009841460840715886,0.40881452858100686,1766201330.175999
0.7540658116340637,3.2647759914398193,0.501075267791748,-5.028476759015813e-05,0.0006534988875270718,0.40988011910325706,1766201330.1860783
0.7545164227485657,3.2643587589263916,0.5012810826301575,-0.0004345108452650748,0.0002568971545114206,0.407427698898148,1766201330.1860933
0.754313051700592,3.264646530151367,0.5011964440345764,-6.153226070937703e-05,0.0002423453015945716,0.4086237020956853,1766201330.196077
0.754562258720398,3.2642645835876465,0.5013711452484131,-0.00043201316781079973,0.0002618471679844918,0.40772485505511186,1766201330.216052
0.754609227180481,3.26415753364563,0.5013963580131531,-0.00046053400394835403,0.0003020813062657745,0.4069793870766798,1766201330.2160654
0.7546384930610657,3.264275312423706,0.5014015436172485,-0.00034942237352408303,0.0001170190912473101,0.4069076972654042,1766201330.2259681
0.7545719742774963,3.264280319213867,0.5013521313667297,-0.00024800912009020085,0.0001978659624492639,0.4072593411264689,1766201330.236049
0.7546128630638123,3.2643275260925293,0.5014198422431946,-0.000128449240827958,4.894828515222795e-06,0.4068541552730234,1766201330.2360644
0.7545486688613892,3.264326333999634,0.5013548731803894,-0.00021092414357032978,0.00011901126420031183,0.40724517867536186,1766201330.2460449
0.754499077796936,3.264352798461914,0.5013272762298584,-0.00010594547268950688,0.00021080108218746578,0.4075896164119802,1766201330.2560549
0.7544868588447571,3.26432204246521,0.5012916326522827,-0.00025437962239035377,0.00022635589181560487,0.40727733854007836,1766201330.2659924
0.7544857263565063,3.264500856399536,0.5010096430778503,0.00013248132048573644,0.0006449434377711583,0.4077481588115107,1766201330.2760522
0.754452109336853,3.264594793319702,0.5012071132659912,-0.000292265489168741,0.00017115172147485577,0.4076340813672183,1766201330.2859857
0.75438392162323,3.2644755840301514,0.5012461543083191,-0.00044641766176917066,0.00033757830579505963,0.4080823431253471,1766201330.2859993
0.7545398473739624,3.2643966674804688,0.5011951923370361,-0.0006482480934562127,0.00032127053546549255,0.40703351737318555,1766201330.296041
0.754525363445282,3.2644574642181396,0.5012795925140381,-0.00021963380884524493,0.00016632827378005197,0.4073816676127348,1766201330.3060443
0.7546145915985107,3.2644450664520264,0.5012611150741577,1.746204773256977e-05,-0.00012602776223115769,0.40700350132072494,1766201330.3160446
0.7544091939926147,3.264490842819214,0.5009735226631165,3.9652300762318614e-05,0.0008317045236573629,0.4089039410529004,1766201330.3259995
0.7544766068458557,3.26442551612854,0.5010054707527161,0.00018583648106391157,0.0006997668701417356,0.4085122837403546,1766201330.3360386
0.7545920014381409,3.2643790245056152,0.5010602474212646,7.468045110076636e-05,0.0007865964360595516,0.4077977928517636,1766201330.3360517
0.7545275688171387,3.2643332481384277,0.501034677028656,8.517229207125149e-05,0.0007069349232429361,0.40843327430571363,1766201330.3460653
0.7544784545898438,3.2643542289733887,0.5010454058647156,0.00017755150549580198,0.0007442700246192054,0.40834158621082906,1766201330.3560529
0.754318356513977,3.264488697052002,0.5012438297271729,-0.00017824715804903214,0.00041845410128971453,0.4089630999731768,1766201330.3660574
0.7545232772827148,3.2643518447875977,0.5012786388397217,-0.0003716093102809532,0.0001854094745828292,0.40771810339493725,1766201330.3760452
0.7543914318084717,3.26448655128479,0.5009872913360596,0.00024015000211842778,0.0007576187806581698,0.40855290297768554,1766201330.3860412
0.7544026374816895,3.2645158767700195,0.5012179613113403,-0.00012976048638765834,0.00030163008109157437,0.4080730871193924,1766201330.3959818
0.7544177174568176,3.2644248008728027,0.5012794137001038,-0.0002428706854340102,0.00025156212178266727,0.4079387260215127,1766201330.3959935
0.7544481754302979,3.26444673538208,0.5012850761413574,-0.00028407871454907415,0.00012998618639201246,0.4075637981807253,1766201330.40609
0.7545783519744873,3.264307737350464,0.5012409687042236,-0.00013371656092950543,-1.4468170592353661e-06,0.40663441258051924,1766201330.4159808
0.7545320391654968,3.2642788887023926,0.5013277530670166,-0.0001818408891820438,7.666355392037372e-05,0.4072665651969153,1766201330.4260733
0.75441575050354,3.264388084411621,0.501381516456604,2.5542384839778744e-05,0.00018498664228081983,0.40799063843215894,1766201330.436008
0.7544792294502258,3.2643492221832275,0.5010378360748291,0.00010694478709293427,0.0008220627692879741,0.40830200637866876,1766201330.4360213
0.7544370889663696,3.264258623123169,0.5013221502304077,-0.0003168899646295949,0.0003801425451624422,0.40818497001340237,1766201330.446068
0.7545570731163025,3.2641780376434326,0.5014150142669678,-0.0001498004522717613,0.0002683007758887285,0.4075811903666348,1766201330.4560046
0.7544636726379395,3.2641711235046387,0.5014187693595886,-0.0005011233658033107,0.0003721581466139404,0.4078275367853394,1766201330.466074
0.7543318271636963,3.2643535137176514,0.501361608505249,1.000493560180292e-06,0.00023200224706879387,0.4087495892736377,1766201330.4760504
0.7546496987342834,3.2640624046325684,0.5013741254806519,-0.0002716654038430212,1.2576868433448354e-05,0.40648329881374445,1766201330.4860454
0.7545260190963745,3.2641215324401855,0.5013949871063232,-0.00024238872401227994,0.00018658130203017242,0.40735292481257473,1766201330.486059
0.7545287609100342,3.2641406059265137,0.5013319253921509,-0.0003249484584518404,0.0003366413605825985,0.40716395897947116,1766201330.4960518
0.7544687986373901,3.264317274093628,0.5009649991989136,5.940196863663894e-05,0.000875026443919941,0.4081836654577518,1766201330.506083
0.7544177770614624,3.264272451400757,0.5009564757347107,0.0002616945129274075,0.0007798097132096225,0.40838967957897787,1766201330.5160449
0.7542867660522461,3.264519214630127,0.5010687708854675,-9.111889928034262e-05,0.00032730652107416057,0.4087585067128819,1766201330.5259852
0.7543632984161377,3.264338493347168,0.5012235045433044,-0.00021731554125641104,0.0002766885991358866,0.4084521446115644,1766201330.5360415
0.7542154788970947,3.264594316482544,0.5010515451431274,-9.356287127726619e-05,0.00043786049640726624,0.40951859659903533,1766201330.536054
0.7544227242469788,3.2642247676849365,0.501308262348175,-0.00013892388214560927,0.00027014262214092164,0.40785409345837104,1766201330.5460074
0.7544924020767212,3.2644550800323486,0.5010049939155579,-3.3516085190013486e-05,0.0008171259685142856,0.4080910553934063,1766201330.5560026
0.7546038031578064,3.264038562774658,0.5014077425003052,-0.0002824331886898209,0.0001310232388620047,0.40709148855626365,1766201330.56607
0.7542898058891296,3.2643401622772217,0.5013477802276611,-2.429774677424499e-05,0.00033039189037586844,0.4093091496503133,1766201330.5760279
0.7546077966690063,3.2641685009002686,0.5013604760169983,-0.0002431564396897163,0.00017357160313089426,0.40713089774831723,1766201330.5860648
0.7544218301773071,3.264270782470703,0.5011206269264221,0.0003252487853123313,0.0007700994920961915,0.4085704961270073,1766201330.586077
0.7546428442001343,3.264132499694824,0.5013297200202942,-0.00039444737494198466,9.146711667745211e-05,0.4070716003644904,1766201330.596077
0.7545585632324219,3.2641403675079346,0.5013173222541809,-0.00027949976144020185,0.0001151277481774191,0.40709953372212015,1766201330.6060512
0.754378616809845,3.264385461807251,0.5013231039047241,3.834754046468489e-05,0.00021612133529601567,0.4086280560945191,1766201330.6160548
0.7544397115707397,3.264326333999634,0.5012375116348267,-0.00017984684269132262,0.00023106755966011928,0.40804232472224417,1766201330.6260812
0.7543495893478394,3.264407157897949,0.5009013414382935,0.00014404056004912132,0.0009213595895915758,0.40894467675193724,1766201330.6360226
0.7545747756958008,3.264249801635742,0.5012233257293701,-0.00023153639785948127,0.00014017603305394713,0.40705832236954087,1766201330.6360357
0.7543587684631348,3.2643308639526367,0.5012120604515076,-0.000247976145469719,0.00034437365633623686,0.40834448743885754,1766201330.6460297
0.7544148564338684,3.2643158435821533,0.5010443925857544,0.00025698242979201356,0.0007709341885748165,0.40864012264320454,1766201330.6560116
0.754440188407898,3.264277219772339,0.5010154247283936,1.5823390976108376e-05,0.000816036914998537,0.40842300498650325,1766201330.6660726
0.7539783716201782,3.264627695083618,0.5011704564094543,0.0001774213261064775,0.0005581271220155757,0.41064608143292747,1766201330.67602
0.7544679641723633,3.264096736907959,0.5014684796333313,0.00022912594363340468,0.00013857153364373406,0.40781949144615937,1766201330.6860926
0.7546354532241821,3.2641549110412598,0.5014244318008423,-1.9164569485561747e-05,1.544345145738387e-05,0.40716277374773235,1766201330.686105
0.7545042037963867,3.264265537261963,0.5010866522789001,0.0003674610086312324,0.0006333457915960628,0.40820406706006335,1766201330.6960666
0.7545588612556458,3.264162063598633,0.5014152526855469,-0.00010200913591669064,6.0706963720043144e-05,0.4075522988707166,1766201330.706065
0.7544437646865845,3.2642083168029785,0.5012878179550171,-0.0004742807948817744,0.00030322232985821216,0.4077998361213022,1766201330.716055
0.7545270323753357,3.264127016067505,0.5012573599815369,-0.00048710328857091837,0.0002395315978570928,0.4076160755702468,1766201330.726009
0.7546510100364685,3.2641184329986572,0.5013614892959595,-0.00012432310777686235,0.00011429673768887023,0.40668498667085157,1766201330.7360592
0.7546302080154419,3.264131546020508,0.501293420791626,-0.0002653692267385122,5.3768700456097995e-05,0.40670758834862475,1766201330.736072
0.7544164061546326,3.2642605304718018,0.5010094046592712,-0.00017498000409131632,0.0009802164675488164,0.4086135190446111,1766201330.7460136
0.7544658184051514,3.264324903488159,0.5010077953338623,0.00016601597911995947,0.0007771027696543352,0.40807282098549585,1766201330.7560585
0.7543123960494995,3.2643518447875977,0.500881016254425,-0.00023530182455028546,0.0010336012884836826,0.4092500528392077,1766201330.7660146
0.754669189453125,3.2641217708587646,0.5013028383255005,-0.00015163685528962222,-7.889782159842495e-05,0.4067896875241956,1766201330.775973
0.7546156048774719,3.2641966342926025,0.5013412237167358,-2.8529797111095765e-05,2.7074781577717943e-05,0.40693391278912916,1766201330.7860055
0.7546132802963257,3.264190196990967,0.5010037422180176,0.00013992576669043545,0.0006662718089118984,0.4075725379844514,1766201330.7860215
0.7545753121376038,3.2641303539276123,0.5011060237884521,-4.8762231069356166e-05,0.0008111664101308242,0.4078843232717981,1766201330.795972
0.7545279264450073,3.264160633087158,0.501105010509491,0.00022813152616858585,0.0007047033116077395,0.40804913624479683,1766201330.8060286
0.7545831799507141,3.264289140701294,0.5010432004928589,7.245721826511731e-05,0.0006399548389643507,0.40763210175078973,1766201330.8160224
0.7544805407524109,3.26422119140625,0.5010808706283569,0.0001375438761575535,0.0008734184110412582,0.4081580828322977,1766201330.8259928
0.754320502281189,3.264378786087036,0.5013492107391357,-5.6995574964314683e-05,0.0003955952792748257,0.40863926855275884,1766201330.8360314
0.7545226812362671,3.264204978942871,0.5013864040374756,3.483593350376206e-05,7.668157492687964e-05,0.4072742419130742,1766201330.8360443
0.7544724941253662,3.264439821243286,0.5012660622596741,1.0863837113886067e-05,0.00016166589909284568,0.4080084292657628,1766201330.8459985
0.7544736862182617,3.2645254135131836,0.5008573532104492,5.0542119410922744e-05,0.0008174894231044658,0.408491047655092,1766201330.8560238
0.7544845342636108,3.2644762992858887,0.500960111618042,0.0004252882023994835,0.0006608337643589343,0.4082867319258426,1766201330.8659964
0.7544757723808289,3.2645699977874756,0.5009639263153076,0.0004647377392836433,0.000661716317057068,0.4078578204132888,1766201330.875949
0.754460871219635,3.2645180225372314,0.5011206865310669,-0.00034758954145622565,0.0003821345181543404,0.4076097315038339,1766201330.8860312
0.7542989253997803,3.2644505500793457,0.5012127757072449,-0.0003588935168335387,0.0004915606233885498,0.40854540058124794,1766201330.8860438
0.7543433904647827,3.2644829750061035,0.5012916326522827,8.101475096839196e-05,0.0001703453716115607,0.4083986536430734,1766201330.8959906
0.7541984915733337,3.264526128768921,0.5012235641479492,-0.0001788434101902261,0.0005100981664010307,0.4094562469483012,1766201330.9060507
0.7545499801635742,3.264089345932007,0.5014345049858093,-0.0002239698234688595,0.00018974844085261857,0.4072284182549601,1766201330.9160588
0.7544323205947876,3.26431941986084,0.5010412335395813,-0.00012263903826981818,0.0008249386138553772,0.40863161420371863,1766201330.9260144
0.7544653415679932,3.264211416244507,0.501086413860321,6.992897282598254e-05,0.0008802275597661632,0.4083319956158213,1766201330.936069
0.7544378638267517,3.264286994934082,0.5010882019996643,3.2526518710990854e-05,0.0007542074699493688,0.4081928860225259,1766201330.9360864
0.7544974088668823,3.26432728767395,0.5013017058372498,-0.0003780128742405592,0.00011702694388187404,0.40793621554832377,1766201330.9460437
0.7540786266326904,3.2647905349731445,0.5011180639266968,-0.0005192090335112958,0.0007704900150340246,0.4099698069652615,1766201330.9560132
0.7543061971664429,3.2645928859710693,0.5011294484138489,-0.00021408279148828354,0.00046430971398546335,0.40847509601220217,1766201330.9660852
0.7539234161376953,3.264827013015747,0.5009723901748657,-0.0001607247249559045,0.0008045800456545055,0.4106113889679539,1766201330.9760745
0.7544060945510864,3.2645514011383057,0.5009250640869141,0.00042825286689207896,0.0006251407837079989,0.4081582542249306,1766201330.9860256
0.7543476223945618,3.2645063400268555,0.5008677244186401,2.5763565659120734e-05,0.0008527966037355912,0.4082730307133022,1766201330.9860923
0.7540712356567383,3.264655590057373,0.5011464357376099,-0.0002690115766804121,0.000609732840119998,0.40977305094550037,1766201330.9960763
0.7542222738265991,3.264596939086914,0.5011305212974548,-0.00035270957522676166,0.00054434469532943,0.40879769650078523,1766201331.0059838
0.7543964385986328,3.2644875049591064,0.5011771321296692,-0.0002451173867725045,0.00022726367676926146,0.4080371922922017,1766201331.0160506
0.7544951438903809,3.264319896697998,0.501297116279602,-0.0004947693914422862,0.00027597457499257505,0.40780045263955594,1766201331.026021
0.7545140385627747,3.2643275260925293,0.5009578466415405,-0.00020897122020464617,0.000802986866939975,0.4081891378126298,1766201331.036022
0.7545186281204224,3.2643330097198486,0.5010150074958801,-0.00016750376594395775,0.0008466479371988806,0.4082196493401509,1766201331.0360386
0.754455029964447,3.2643485069274902,0.501028835773468,0.0001314609724925438,0.0008154814302629932,0.4086858541773222,1766201331.0460882
0.7544354200363159,3.264237642288208,0.5013783574104309,-0.00028838891187736115,0.00024993795966035134,0.40827042147557047,1766201331.0560076
0.7543746829032898,3.264317035675049,0.5013768672943115,-0.0001603706032810938,0.000299488430966058,0.40837602105840176,1766201331.0660703
0.7543401122093201,3.264352560043335,0.5012764930725098,-0.000280379043950348,0.00034066528906170196,0.4085720349090957,1766201331.0760713
0.7543935775756836,3.264284372329712,0.5013284683227539,-8.451676754201641e-05,0.0001413167947028663,0.40800961393931645,1766201331.0860913
0.7544763088226318,3.264371156692505,0.5013042092323303,9.84589033686702e-05,-3.2895134510034836e-06,0.40764953059141856,1766201331.0861042
0.7546001672744751,3.264122486114502,0.501250147819519,-0.0006165418281897662,0.0003459472224152689,0.4066490537722782,1766201331.096058
0.7543901801109314,3.2644131183624268,0.5009869933128357,0.00020749599436967046,0.000796114567068348,0.4082645684426292,1766201331.1060836
0.7545053958892822,3.2643239498138428,0.5009822845458984,-6.79255817122758e-05,0.0006760883491582197,0.40791478943511067,1766201331.1159823
0.7544688582420349,3.264289617538452,0.5013811588287354,4.7668403145481894e-05,0.00014176808453159121,0.4075492902795736,1766201331.1260407
0.7544057965278625,3.2644248008728027,0.5012583136558533,-9.70199819372339e-05,0.00013442911685799177,0.408120472214856,1766201331.1360009
0.7546429634094238,3.2644243240356445,0.5010088682174683,0.00024237926374824954,0.000592931061442478,0.4073929856174782,1766201331.1360133
0.7544646263122559,3.2642903327941895,0.5010056495666504,-0.00028389576936476476,0.0008458073068917752,0.408520107255771,1766201331.1460905
0.7545264363288879,3.264286518096924,0.5013096928596497,-0.00015172316743728708,0.0002661106932621677,0.40796642920033854,1766201331.1560116
0.7545628547668457,3.2640767097473145,0.501370370388031,-0.000534345234616229,0.0003074870106511274,0.4073424444588946,1766201331.1660671
0.7546643614768982,3.2641170024871826,0.501431405544281,-0.00029397480598044776,0.0001534217966928064,0.40682192775505965,1766201331.1760602
0.7543817162513733,3.2644612789154053,0.5014142990112305,0.0004566066642415662,8.158572873605807e-05,0.408440965425063,1766201331.186081
0.7545173764228821,3.2642996311187744,0.5013031959533691,-0.0001833826420915294,0.00019831910362890924,0.4073616673970907,1766201331.186093
0.7542760372161865,3.264524221420288,0.5011064410209656,-0.00012526506742290507,0.000334317761569035,0.4088310416539548,1766201331.196056
0.7543063759803772,3.264577865600586,0.5011993646621704,-0.00021130812405156473,0.00036230665119473524,0.4085422754180424,1766201331.206087
0.7543779611587524,3.264446496963501,0.500899612903595,-8.012876363826229e-05,0.000902412642707758,0.40883435245172056,1766201331.2160728
0.7544832825660706,3.2644729614257812,0.5008845329284668,6.11749387099254e-05,0.0007632167466100223,0.40817573677312236,1766201331.2260492
0.7544265389442444,3.264387845993042,0.5008683204650879,6.042987841939642e-06,0.0009066271181288549,0.40825824013589745,1766201331.2360106
0.7542886734008789,3.2645397186279297,0.5011431574821472,-0.0002677008591580427,0.00039631810188776753,0.40884805812196523,1766201331.236023
0.7542600035667419,3.264409303665161,0.5011776089668274,-0.00037806053484310594,0.00043658589534263095,0.40907980685040435,1766201331.2460058
0.7543647289276123,3.2642719745635986,0.5012899041175842,-0.00022395412621990308,0.0003852389116084287,0.4083809179823406,1766201331.2560515
0.7542105913162231,3.2644712924957275,0.5012074112892151,-8.424072943947744e-05,0.0005344810712418724,0.40931343444684243,1766201331.2660081
0.7543694972991943,3.264425754547119,0.501290500164032,-3.426478922753436e-05,0.00018384039055656035,0.4085453155448941,1766201331.2760653
0.7544867992401123,3.264289379119873,0.5013412237167358,-5.15027761004276e-05,0.00010874724804544031,0.4075305387998146,1766201331.2860084
0.7545236349105835,3.264373779296875,0.5012336373329163,-2.1755803859270928e-05,8.026281011260818e-05,0.40746525962759145,1766201331.2860215
0.7543264031410217,3.2642905712127686,0.5009676814079285,-0.00024191109652454151,0.001054343907888697,0.40928661884515616,1766201331.2960033
0.754409670829773,3.264457941055298,0.501008152961731,0.00028817049440093813,0.000730550360422667,0.40838473256297425,1766201331.306053
0.7541537284851074,3.2646000385284424,0.5012021064758301,-0.0001296439300765579,0.0004831013325121572,0.40940958462553445,1766201331.3160615
0.7543599009513855,3.2643942832946777,0.5012359619140625,-0.0005848082932239828,0.00043830301768164973,0.4082701784186098,1766201331.3260086
0.7544659376144409,3.26455020904541,0.5009545683860779,0.00013913288129677675,0.0005309749771367822,0.40783165917143593,1766201331.3360848
0.7543838024139404,3.2644999027252197,0.5009759068489075,0.00015943878391045809,0.0007033182734683645,0.408324323314641,1766201331.3360975
0.7544243931770325,3.264415979385376,0.5010185837745667,7.46630769833058e-05,0.0007064268276856952,0.4082581178507047,1766201331.3460915
0.7544481158256531,3.264498710632324,0.5009444355964661,-2.5568299797768262e-05,0.0008147686996541183,0.40814589484303426,1766201331.356008
0.7540034055709839,3.26493763923645,0.500953733921051,-0.00012662428542431812,0.0005667829284883441,0.41026934990051284,1766201331.366072
0.7544361352920532,3.2643754482269287,0.5012154579162598,-0.0005187229616646055,0.00027500278056744276,0.40770857459675663,1766201331.376009
0.7545811533927917,3.264476776123047,0.5009776949882507,0.0003185997098844294,0.0006872793003661965,0.4075960438681693,1766201331.3860586
0.7542663216590881,3.264561891555786,0.5012425780296326,-0.00015289093952366916,0.00042485331828030423,0.4095362068504284,1766201331.3860712
0.7544477581977844,3.2644693851470947,0.5013172626495361,-6.050802732802559e-05,0.00020966216107769995,0.40816566569621393,1766201331.396009
0.7544558048248291,3.264352321624756,0.5012797117233276,-0.00040657929922682757,0.0003381831116537192,0.4077688788360372,1766201331.406067
0.7544848918914795,3.264160394668579,0.5012855529785156,-0.0003927123224132854,0.00025359414991830916,0.40758358696021313,1766201331.4160767
0.7541825175285339,3.2644264698028564,0.5011763572692871,-0.0003968838547799986,0.0006320230548660131,0.4091818746493947,1766201331.4259834
0.7543489336967468,3.2643535137176514,0.5012487173080444,-4.636232329406355e-05,0.00035523765451361616,0.40816022748026104,1766201331.4360566
0.7543977499008179,3.2644364833831787,0.5009505152702332,-7.191931743556591e-05,0.0007655588729489543,0.4083809335910261,1766201331.4460874
0.7543636560440063,3.2645204067230225,0.5009528398513794,0.0002545077684153894,0.0008316348547254,0.4084393458505929,1766201331.4461002
0.7542769908905029,3.264432668685913,0.5012302398681641,-0.00027503367250378616,0.0003402961720468863,0.4086641151309886,1766201331.4560778
0.7543596029281616,3.264554023742676,0.5011062622070312,-0.0001477969992915309,0.000206715412947477,0.4081640375395873,1766201331.466066
0.7542724013328552,3.2645483016967773,0.5012614130973816,7.116878817389824e-05,0.0002547535890620249,0.40883779201363457,1766201331.4760623
0.7544480562210083,3.2641761302948,0.5014006495475769,-0.00022878931947884813,0.0003161516759438547,0.40762816188857176,1766201331.4860811
0.7544070482254028,3.264349937438965,0.5012648105621338,-0.00034568295998534956,0.00026662821837694346,0.40784917425361156,1766201331.4860938
0.7543774843215942,3.2644872665405273,0.5012087225914001,-1.4257767273899454e-05,0.00029701552220200107,0.40806925326044313,1766201331.496014
0.7544869184494019,3.2643449306488037,0.5010953545570374,0.00019505570845033948,0.0006376864621159292,0.407769209024499,1766201331.506014
0.7545177340507507,3.264251232147217,0.5014961361885071,8.793429024079261e-05,-8.743330329324931e-05,0.4071653181544117,1766201331.5160563
0.7542754411697388,3.2644758224487305,0.5013524293899536,-0.00026672379329399415,0.00036483188241376107,0.40886562639808544,1766201331.5259848
0.7544310092926025,3.264153480529785,0.5014479160308838,-0.0004791690720479248,0.0002758940399358709,0.4079517901561924,1766201331.5360625
0.754269003868103,3.2645459175109863,0.5013189911842346,-0.00015684798913785794,0.0003178996817273893,0.40881087232836594,1766201331.5460653
0.7543328404426575,3.2645297050476074,0.5012315511703491,-0.00028103285730912437,0.0005090476403626764,0.40856752782261047,1766201331.5460782
0.7543032765388489,3.2644827365875244,0.5012223124504089,-0.00053564787832694,0.00046262970457386257,0.40822775585678667,1766201331.556011
0.7544280886650085,3.2643778324127197,0.5012155771255493,-0.0004142931747140926,0.00025304399609381523,0.40752863141994483,1766201331.5660503
0.754228949546814,3.2644827365875244,0.5012352466583252,-0.00011410516371314239,0.0003677400646405111,0.40854928992270867,1766201331.5760148
0.7543665766716003,3.264476776123047,0.5012089610099792,-0.0002989266125675204,0.0003458501946067094,0.4083686168051675,1766201331.586066
0.7545810341835022,3.2644710540771484,0.5012390613555908,-0.00018479659053162418,0.00018221618973144707,0.40730261195967565,1766201331.5860784
0.7546969652175903,3.264381170272827,0.5012519955635071,-0.00015188443828850558,-7.257749835181224e-05,0.4064013213819656,1766201331.596013
0.7546072602272034,3.264437675476074,0.5011739730834961,-0.0004137925182204424,0.00023358720310268075,0.40692714432766086,1766201331.606077
0.7543535232543945,3.2643518447875977,0.5010361671447754,0.000187866956423167,0.0008471689483612241,0.40906801652348895,1766201331.6160157
0.7544295191764832,3.2643089294433594,0.501026451587677,0.00011733796849999718,0.0008045825542010508,0.4085276269202285,1766201331.6260512
0.7545170187950134,3.2642924785614014,0.5010725259780884,0.00012824170335056604,0.000641705271744634,0.40822474584465895,1766201331.636091
0.7545008659362793,3.2643492221832275,0.5011471509933472,0.00019462936445905412,0.0007458996236274902,0.4080677037126732,1766201331.6460953
0.7543946504592896,3.264206647872925,0.5014622211456299,-5.1533545508829415e-05,0.00021618264568006224,0.40811277557308573,1766201331.6461082
0.7543846368789673,3.264362335205078,0.5013347864151001,1.2183373465571072e-05,0.00022971730764640073,0.40823570050657754,1766201331.656077
0.754402220249176,3.264251232147217,0.5012558698654175,-0.0004293731576885662,0.00023772084972285297,0.40828692476954304,1766201331.6660037
0.7543641924858093,3.2644100189208984,0.5010605454444885,0.00014127145027149354,0.0007942584430829555,0.4086388106459478,1766201331.6760678
0.7543781399726868,3.264458179473877,0.5012611150741577,-0.00024912749953595316,0.00027625994211505524,0.40800121666601713,1766201331.6860712
0.7543249130249023,3.26444673538208,0.5009371042251587,0.0002275356438900901,0.0008540285350539762,0.4090167232672801,1766201331.6860838
0.7543580532073975,3.2643895149230957,0.50096595287323,1.6943582556658905e-05,0.0008859703591854824,0.40851792521053243,1766201331.6959882
0.7545283436775208,3.264404773712158,0.5012854337692261,-0.0003712257280025731,0.00012373300085549764,0.4070318676760086,1766201331.7060437
0.7545153498649597,3.2642593383789062,0.5013464093208313,-0.000328343852341164,0.0001226493126102794,0.40728192311665223,1766201331.7161002
0.7543557286262512,3.264411687850952,0.501022219657898,0.0003053572059573477,0.0008120440633369909,0.4088067955739471,1766201331.7260118
0.7544519901275635,3.2642648220062256,0.5014238357543945,-0.00016409576917174692,0.00020440172238535937,0.4077259937799131,1766201331.7359912
0.7546123266220093,3.2640626430511475,0.5014007091522217,-0.0003465708114789343,-4.9564908479313447e-05,0.40678350009190634,1766201331.736007
0.7543521523475647,3.264263153076172,0.5012273788452148,-0.0004625206796407026,0.0003395777537751607,0.40833507642133215,1766201331.7460446
0.7543323040008545,3.26432204246521,0.5012248754501343,-0.000359608174653726,0.00045639565947044257,0.4088449849479974,1766201331.7560267
0.7544360160827637,3.2642009258270264,0.5013658404350281,-0.00038275953592351025,0.00034150059011329087,0.4077856098337826,1766201331.7660115
0.754473865032196,3.2642529010772705,0.5013975501060486,-0.00017166485034538157,9.574873552490803e-05,0.40773774544490227,1766201331.7760837
0.75449138879776,3.2641773223876953,0.5012871026992798,-0.0003953484229068549,0.0003427116035885828,0.4073511729095617,1766201331.7861063
0.7545236945152283,3.264272451400757,0.5013086199760437,-3.539884718245531e-05,7.84064234006312e-05,0.406871232078787,1766201331.7861226
0.7544357776641846,3.2643561363220215,0.5012120008468628,-0.0003201043055917868,0.0001840765111527455,0.4077216386689437,1766201331.7960353
0.7544629573822021,3.264293670654297,0.5012315511703491,-0.000321983363559405,0.0002238660328977132,0.4075012760197045,1766201331.8060114
0.7544998526573181,3.2644035816192627,0.5009669065475464,0.00019577213199505083,0.0006252535098508482,0.40749687984462857,1766201331.81601
0.7544203400611877,3.2644200325012207,0.5012341141700745,-7.670659542267126e-05,0.00020646757333162117,0.4079559623131229,1766201331.826085
0.7545955181121826,3.264284372329712,0.5013655424118042,-6.917762907227965e-05,6.780289772090827e-05,0.4066368896392847,1766201331.8360767
0.7545759081840515,3.2641608715057373,0.5013766884803772,-3.5453924686958616e-05,5.889508793593177e-06,0.4072523049866971,1766201331.8360934
0.7544382810592651,3.2643094062805176,0.5010262131690979,4.133743320159694e-05,0.0008946812161487327,0.40844061509453405,1766201331.846068
0.7544125914573669,3.264209270477295,0.5010760426521301,2.204475575335436e-05,0.0008450893378556466,0.40869553027255406,1766201331.85598
0.754603922367096,3.2642478942871094,0.5014078617095947,0.00013127806962476738,-3.9135900032059725e-06,0.40689108249218625,1766201331.86607
0.7544137239456177,3.2644827365875244,0.5013832449913025,0.0002698780626199053,6.111091461215355e-05,0.4081436622861362,1766201331.8759794
0.7542692422866821,3.2643821239471436,0.5013238787651062,-0.00010214780318088597,0.0004438964962174048,0.408608461798052,1766201331.8860705
0.7543743848800659,3.264435291290283,0.5013272166252136,7.70367987129145e-05,0.00016378156656628786,0.40810873688124577,1766201331.8860834
0.7545194625854492,3.264341115951538,0.5012761354446411,-9.122269139759617e-05,8.532000240588086e-05,0.40710958731131136,1766201331.8960104
0.7538643479347229,3.2650744915008545,0.5009331703186035,0.00033848370832293963,0.000608398622744595,0.41143203617520135,1766201331.9060638
0.7543133497238159,3.2644500732421875,0.5011842846870422,-0.00018960237021974668,0.00036796295926021423,0.4083213149277753,1766201331.916073
0.7543389797210693,3.2645719051361084,0.5008801221847534,0.00015921759934529642,0.0008439586877458554,0.4088469285211296,1766201331.926042
0.754460871219635,3.2642898559570312,0.5013138055801392,-8.150468371777082e-05,0.00021193486554022412,0.40757663097747265,1766201331.9360554
0.7543163895606995,3.2645297050476074,0.5012148022651672,-0.00010019522791593605,0.00019403543411362036,0.40879255069852094,1766201331.936068
0.7546082139015198,3.264104127883911,0.5013335347175598,-0.0003512761366349367,0.00010584511186240737,0.406866731601849,1766201331.9560556
0.7545839548110962,3.264193534851074,0.5014125108718872,-0.00017365855148313906,0.00020457606006640247,0.40709692556978344,1766201331.9560688
0.7543949484825134,3.2643067836761475,0.5013703107833862,-0.00021160601659698042,0.00026327925711027675,0.40800053286590765,1766201331.9660316
0.7545379996299744,3.2642436027526855,0.5013719201087952,-0.0001619771703397989,1.9516370409226736e-05,0.40755542207263873,1766201331.9760585
0.7545568346977234,3.2641844749450684,0.501400887966156,-0.0005688590990130654,0.00028612541165998553,0.4073709210072021,1766201331.9860184
0.7543349266052246,3.2643113136291504,0.5013512372970581,-0.0006234210412856085,0.0003436671048469833,0.408693425214679,1766201331.9860313
0.7544674873352051,3.2643961906433105,0.501323938369751,-0.00040950005908883835,0.00026319802003428084,0.407696381957646,1766201331.9960265
0.7542309165000916,3.2645363807678223,0.5012284517288208,-0.00016199460172376743,0.00039288759208392824,0.4087726693095976,1766201332.00601
0.7543892860412598,3.264406442642212,0.5010400414466858,0.0002793000673925189,0.0007377530788734054,0.4082131954378178,1766201332.0160248
0.7543892860412598,3.26444673538208,0.5009705424308777,0.00012213637681395773,0.0008101057297237298,0.4082977812039287,1766201332.0260668
0.754284679889679,3.264583110809326,0.5011603236198425,-4.0758832865739115e-05,0.0003044335211851595,0.4084691536992778,1766201332.0360105
0.7544114589691162,3.2644028663635254,0.5012716054916382,-0.00013765316737062182,0.00012117869636361042,0.40790483111469616,1766201332.0360231
0.7543025016784668,3.2644007205963135,0.5012701153755188,-0.0003636769782328014,0.00037199511329605447,0.40862757575337894,1766201332.0460877
0.754478394985199,3.2643539905548096,0.5012502670288086,-0.00023140549755783004,0.0003162835907443611,0.40730850054492734,1766201332.0560274
0.7544649839401245,3.264328956604004,0.5010114908218384,0.00011687280921234332,0.0009068676677506731,0.40830308517121666,1766201332.0659842
0.7543870210647583,3.2643918991088867,0.5012655258178711,-0.0005652840854903917,0.0004377637588357782,0.4085777796522704,1766201332.0760658
0.7545221447944641,3.2641444206237793,0.5013335943222046,-0.0004392023208247676,0.00029377566786158757,0.40741437612509035,1766201332.0860498
0.754421591758728,3.2643237113952637,0.5010802745819092,0.0001803525506693434,0.0007340561765832276,0.40847503680955827,1766201332.0860624
0.754486620426178,3.264251708984375,0.5011281371116638,0.00035596583405512566,0.0006162803267387521,0.4081334304991116,1766201332.0960083
0.754569411277771,3.264192581176758,0.5014216303825378,-0.00017346764176789383,0.00011298363458337088,0.4070209981132081,1766201332.1060717
0.7545382976531982,3.264331102371216,0.5013720393180847,-1.5770947766872965e-05,-2.0114298432489134e-05,0.40696324944765805,1766201332.1159797
0.7544438242912292,3.264303207397461,0.5013154149055481,-0.00035350178318366987,0.0003191804239534376,0.40768153370951865,1766201332.1260555
0.754429280757904,3.2644827365875244,0.5009992718696594,0.000564891948413652,0.0006422143798236361,0.4082653626255819,1766201332.1360588
0.7544708847999573,3.2644052505493164,0.5009797811508179,0.00016357088797581067,0.0006805369614720934,0.4078458624492742,1766201332.1360717
0.7544034719467163,3.264324426651001,0.5012874603271484,-0.000163178480318282,0.00021962792324866916,0.40804174892842837,1766201332.1460772
0.7545156478881836,3.264333724975586,0.5012531876564026,-0.00034382581657768716,0.00017540075207357674,0.40743362782380127,1766201332.1560273
0.7544800043106079,3.2642955780029297,0.5012257695198059,-0.000429385002622507,0.0002211222280197775,0.40771227466058385,1766201332.1660511
0.7544428110122681,3.2643444538116455,0.5009719133377075,-9.917132360284864e-06,0.0008733781483892889,0.40836556160611487,1766201332.1760707
0.7544365525245667,3.264448404312134,0.5010021328926086,0.00023252831727785196,0.0008077529184372478,0.4086601127249287,1766201332.186012
0.7542768716812134,3.264573097229004,0.5012222528457642,-0.00021430400530888458,0.00027972118188036307,0.4089510915219297,1766201332.1860247
0.7543801069259644,3.2643978595733643,0.501378059387207,0.00016490923524172625,0.00021934990318387063,0.40842942100198243,1766201332.1960757
0.754529595375061,3.264256715774536,0.5013112425804138,-0.00021047109844177323,-6.810219976686706e-05,0.4074077323967795,1766201332.2060242
0.7544113397598267,3.2643513679504395,0.5010268688201904,0.00016284149600821678,0.00089086745104662,0.4088614051944757,1766201332.2160604
0.7544475793838501,3.2643587589263916,0.5012902617454529,-0.0003988591544657454,0.0003920232721378071,0.4080187659592296,1766201332.2259815
0.7544130682945251,3.2644574642181396,0.5009487271308899,-5.4922927517329e-05,0.0008859479629698163,0.40871034732808975,1766201332.2360668
0.7544119954109192,3.264594316482544,0.5011157393455505,-0.00025854465366738794,0.0001847830996267624,0.4081555192113687,1766201332.2360802
0.7543364763259888,3.2645111083984375,0.5008498430252075,-0.00018238954043101914,0.0009711338417312201,0.40892525116875295,1766201332.246012
0.7544891238212585,3.2644684314727783,0.501122772693634,-0.0002305335399265307,0.00014716510322691396,0.4075346335750684,1766201332.256018
0.7543681263923645,3.2643847465515137,0.5010782480239868,0.00019345298537609131,0.0008062151368116916,0.4084565558664166,1766201332.2660365
0.7543694376945496,3.264451742172241,0.5009684562683105,0.00014172270590750264,0.0006439307526905447,0.408645106996745,1766201332.2760599
0.754314661026001,3.264500617980957,0.5010335445404053,0.00022996386955724115,0.0008627982056396242,0.4089392632890092,1766201332.286067
0.754340410232544,3.264400005340576,0.5012329816818237,-0.0003975200304022411,0.0003634300141394,0.40833583647003713,1766201332.2860796
0.7542099356651306,3.2645156383514404,0.5011249780654907,-0.0006026384612833287,0.0005225057871736113,0.4093721278829319,1766201332.2959754
0.7543944120407104,3.2644259929656982,0.5013033747673035,7.594183206342326e-05,0.00017997672222519253,0.4081646725101892,1766201332.30607
0.7544628977775574,3.264373540878296,0.501375675201416,1.1485856406075744e-05,7.392179779597936e-05,0.4079000063648691,1766201332.3160272
0.7544066905975342,3.2644155025482178,0.5013325810432434,-0.00010446370563658521,0.00021483124399915561,0.4081182696390179,1766201332.3259845
0.7543209791183472,3.264512062072754,0.5012688040733337,-0.00022201619645021922,0.00034488189178104333,0.40886688660143033,1766201332.3360114
0.7543096542358398,3.2644824981689453,0.5013202428817749,-0.00020611926010272766,0.0003757209182234101,0.40894694962772554,1766201332.3360236
0.754159152507782,3.2645623683929443,0.5012133717536926,-0.00027755647136257694,0.0006236377014110802,0.40959000174914423,1766201332.3460538
0.754523515701294,3.2644543647766113,0.5013386607170105,-8.684519951380664e-05,4.301877971393849e-05,0.4073037893091603,1766201332.3660474
0.7542173862457275,3.2643861770629883,0.5009719133377075,-0.0003078732129976255,0.0010190715975824086,0.40930204303491463,1766201332.3660598
0.7544224858283997,3.264453172683716,0.5013052225112915,-0.00011681670994953062,0.00014023293190392296,0.40784229245568143,1766201332.37598
0.7542450428009033,3.2646613121032715,0.501146137714386,-0.00013706611761315842,0.00031370750053044466,0.4089073849432948,1766201332.3860445
0.7543736696243286,3.264451503753662,0.5012058019638062,-0.00029636140326931077,0.00023307818614868567,0.40805882924080655,1766201332.386057
0.7543807029724121,3.2644219398498535,0.5012534260749817,-0.0002851266201958657,0.00032338618398742864,0.40810236759980173,1766201332.3960276
0.7544466853141785,3.2644410133361816,0.5012146234512329,-0.0003691220211413574,0.00022185996063425742,0.407643002831718,1766201332.406006
0.7545478940010071,3.264364004135132,0.5012184381484985,-0.0004399112642534113,0.00025422719485182217,0.4072566207895978,1766201332.4160302
0.7541565895080566,3.264652967453003,0.5012049674987793,-8.27964239628979e-05,0.0004339298987594897,0.4097770537846483,1766201332.4260385
0.7543843984603882,3.2643282413482666,0.5014011859893799,-3.867122929609988e-05,0.00027445214660654625,0.4085226583563457,1766201332.4360304
0.7544496655464172,3.264280319213867,0.5011414885520935,0.00024261579998198913,0.0006695774574553916,0.40831425373037156,1766201332.4360425
0.7545480728149414,3.264117956161499,0.5013793110847473,-2.713795916203875e-05,3.3526809629900405e-05,0.4071628077130243,1766201332.4460864
0.7545110583305359,3.264238119125366,0.501367449760437,-0.00016854487878705993,3.363795296518424e-05,0.4071494620653545,1766201332.4560227
0.75388103723526,3.2646095752716064,0.5010977387428284,-0.00038135602215893524,0.0007357428922241371,0.41088576608027483,1766201332.4659503
0.7542663812637329,3.2642662525177,0.5010236501693726,-0.0001258335160734945,0.00083017756509993,0.40920104838083976,1766201332.4760091
0.754509449005127,3.2641916275024414,0.5013463497161865,-0.00017251216247059762,-3.7701486240161264e-05,0.40706268937587275,1766201332.4860086
0.7541411519050598,3.2647454738616943,0.5010718703269958,-2.8514585790672458e-05,0.0004120515143618117,0.4095921344233139,1766201332.4860215
0.7535821795463562,3.26507830619812,0.5008596777915955,2.6386736984388096e-05,0.0011725808925916665,0.4129866158429075,1766201332.496018
0.7543830871582031,3.2644810676574707,0.5008851289749146,0.000132417208564525,0.0009545666236061965,0.40842514287974874,1766201332.506084
0.7544472217559814,3.2644693851470947,0.5011286735534668,-0.000321310919371582,0.00021447788951687934,0.4078756096982467,1766201332.5160756
0.7545981407165527,3.264340877532959,0.501312255859375,-0.00035057123165184006,0.00018447590792597843,0.4071249781600563,1766201332.5260546
0.7543689012527466,3.264500617980957,0.5013074278831482,0.00010709210876173528,0.00013101205459303735,0.4084824175801976,1766201332.5360599
0.7544975280761719,3.264289140701294,0.5013037323951721,-0.0002186602514662075,0.00028151445288154944,0.40761054503202104,1766201332.5360723
0.7545241117477417,3.264240026473999,0.5013248920440674,-0.00045219408640769784,0.0001565266839492025,0.4075258186195276,1766201332.5460052
0.7543777227401733,3.264420747756958,0.501324474811554,-2.830534079009738e-05,0.00015409560946486755,0.4084839208897666,1766201332.5560577
0.7545335292816162,3.264188289642334,0.5013850331306458,-0.0003522245618959583,1.772123960636484e-05,0.40768659563320675,1766201332.5660453
0.7544686794281006,3.2644903659820557,0.5012481808662415,2.227679562487431e-05,0.00010711114892664892,0.40781530441034514,1766201332.576045
0.7545163035392761,3.264279842376709,0.5012477040290833,-0.0005658160578046552,0.00025161857489846065,0.4078187331336256,1766201332.5860639
0.7544427514076233,3.2645187377929688,0.5012037754058838,-0.00011042746909923301,0.000314824500662864,0.4081284699172087,1766201332.5860765
0.7544036507606506,3.2644872665405273,0.5012180805206299,9.320622517689238e-06,0.00023820301047592778,0.4081676375556453,1766201332.5959766
0.7545645236968994,3.264310836791992,0.501274585723877,-1.467277362905968e-05,4.152962434798973e-05,0.40715447832669643,1766201332.6060128
0.7543842792510986,3.2645161151885986,0.5011721849441528,-3.9001024870991275e-05,0.00013513559451204757,0.4079926320523457,1766201332.616007
0.7544465661048889,3.264402389526367,0.5012748837471008,0.00016718402167868843,3.891503016808635e-05,0.4074774738239087,1766201332.626011
0.7541167736053467,3.264460563659668,0.5011560916900635,-0.00013898469996267496,0.0005481440367581015,0.4093285855490738,1766201332.636053
0.7543734908103943,3.264362096786499,0.5011845827102661,-0.0004254257920730876,0.00028545514112327176,0.407674001867926,1766201332.636066
0.7543514966964722,3.264295816421509,0.5010058283805847,-7.041726232064712e-05,0.0009636505670055234,0.4085213456924272,1766201332.646056
0.7543996572494507,3.2642650604248047,0.5012753009796143,-0.00043042046670042726,0.0004324940693168228,0.40809173479544547,1766201332.6560388
0.7543423175811768,3.2644436359405518,0.5012410283088684,-3.021509120215463e-05,0.00020825817298530694,0.40868499530109775,1766201332.6760526
0.7547960877418518,3.2641634941101074,0.5013680458068848,-8.038439934456914e-05,-0.00020938383183871856,0.4057679232689072,1766201332.6760657
0.7545547485351562,3.2642717361450195,0.5010771751403809,0.00035802478968805277,0.0005970220263492024,0.40777612007937447,1766201332.6860545
0.7540090084075928,3.2646329402923584,0.5010923147201538,-0.00025121776157923943,0.0007509530598981541,0.4106768932079173,1766201332.686067
0.7544088959693909,3.2643802165985107,0.5012227296829224,-0.00031884656484964293,0.00036953834415476945,0.40795015397505224,1766201332.6960456
0.7545248866081238,3.264373540878296,0.5013970136642456,0.00023491144951065916,0.0001115085743378636,0.4070936888283849,1766201332.7059784
0.7539117336273193,3.264672040939331,0.5010510087013245,-0.00023848129340911484,0.000908782442087869,0.41103707013746404,1766201332.7160745
0.7545109987258911,3.2642526626586914,0.501302182674408,-1.8068373942263618e-06,-3.486519452943176e-05,0.40717976422775953,1766201332.7259827
0.7543584108352661,3.2642903327941895,0.5009928941726685,2.3051941168444896e-05,0.0008682824616095697,0.4085393912535812,1766201332.7360597
0.7544090747833252,3.2644267082214355,0.5010296106338501,0.0005593856781786331,0.0006473166027567509,0.4085006466014363,1766201332.7360718
0.7545910477638245,3.264357328414917,0.5012617707252502,4.024932443752314e-05,-1.0612997812024054e-05,0.4069206280603585,1766201332.7460625
0.7546147704124451,3.26446795463562,0.5010538101196289,-0.00029463788649551745,0.00017152119564034778,0.4070097839481786,1766201332.7560754
0.7546650767326355,3.2643020153045654,0.5012507438659668,-8.370619880387698e-05,-8.342577506031939e-05,0.40710053548431013,1766201332.766056
0.7543721795082092,3.2645719051361084,0.5012030005455017,-3.418004077128969e-05,0.0001775224729930743,0.4084800345518635,1766201332.7760253
0.7545040845870972,3.264207601547241,0.5014126896858215,-6.8973445542432e-05,0.000222036453560432,0.4077725044468921,1766201332.7860515
0.7543835043907166,3.264346122741699,0.5012468695640564,-0.0002463100560011683,0.0002414593449327172,0.40821477447020366,1766201332.7860699
0.754426121711731,3.2644004821777344,0.5012840032577515,-0.00013886373540774317,0.00014395693584445175,0.40844742372866477,1766201332.7959678
0.7544500231742859,3.2643001079559326,0.5010591149330139,6.618205709109097e-05,0.0008202330379813227,0.4083793590142403,1766201332.805966
0.754522979259491,3.2642385959625244,0.5013275146484375,-0.0003999435270330058,0.00011294055410696592,0.40764409599811446,1766201332.8159833
0.7543926239013672,3.2643885612487793,0.5012184381484985,-0.00014604955534613148,0.00030213175734796513,0.4080812733197901,1766201332.8259969
0.7545695304870605,3.2643909454345703,0.5010032057762146,0.0005410782077550251,0.0005993861603014085,0.4076070617537808,1766201332.836095
0.7544497847557068,3.264493227005005,0.5011069178581238,3.8864919129160734e-05,0.00015345444670067065,0.407545127634687,1766201332.8361564
0.7543740272521973,3.2645246982574463,0.5010799169540405,-0.00014719435798858885,0.00026721657300812177,0.40816233139786784,1766201332.8461077
0.7545397281646729,3.2643227577209473,0.5012822151184082,0.00012520665688011643,0.0001147049609041899,0.4072295405342872,1766201332.8559797
0.7540716528892517,3.264827251434326,0.5010797381401062,0.00060973353928269,0.00034926907665816753,0.41028395863547445,1766201332.8660092
0.7544167041778564,3.2643284797668457,0.5010215640068054,0.0002040927902607088,0.0008105065961053422,0.40855447976295856,1766201332.8761003
0.7545347213745117,3.2642295360565186,0.5011723637580872,0.0005818971265572867,0.00048608050674819983,0.4077711751880132,1766201332.8861084
0.7545309662818909,3.2643959522247314,0.5011003017425537,-6.854475463131016e-05,0.0007314841493210485,0.4080666238548692,1766201332.8861604
0.7544309496879578,3.264347791671753,0.5010192394256592,0.00010058696682153052,0.0007823325838762952,0.40852570300390423,1766201332.8960032
0.7545607686042786,3.2641711235046387,0.5013865232467651,5.9999687578019544e-05,-4.8073937435811105e-05,0.40720939583658416,1766201332.9060748
0.7546747326850891,3.264167547225952,0.5013620853424072,-0.0002732528343074792,7.740662805581297e-05,0.4064993994861021,1766201332.9161355
0.7541038393974304,3.2645161151885986,0.5012462735176086,-0.00010740942674763468,0.0006301624026373529,0.4101578902989867,1766201332.9261174
0.7544825077056885,3.2643399238586426,0.501011312007904,0.0003201684691915511,0.0008346068585290919,0.4082665305155732,1766201332.9361222
0.7544758319854736,3.264362335205078,0.5009679794311523,0.0001900395517521034,0.0006958727813018044,0.40820402183824694,1766201332.9361725
0.7540979385375977,3.2648026943206787,0.5010525584220886,0.0002548649961884493,0.000572952024819173,0.409934957138309,1766201332.946036
0.7540144920349121,3.2648727893829346,0.5010253190994263,0.0002622250503322238,0.0005277327094118578,0.41040020669087457,1766201332.9560654
0.7542716860771179,3.2646169662475586,0.5010751485824585,1.4235321882138319e-05,0.0002276363940943455,0.4087587567014372,1766201332.966072
0.7544103264808655,3.264518976211548,0.50084388256073,0.00012244592019852556,0.0008144274376729376,0.40832932571790914,1766201332.9761121
0.7543950080871582,3.264310836791992,0.500946044921875,0.00015612726737219875,0.0008919965799941991,0.4087995931071152,1766201332.9861495
0.7543432712554932,3.2642822265625,0.5013070106506348,-0.00025508684396938794,0.000403924145707592,0.40872811748001503,1766201332.9861994
0.7544878125190735,3.264291286468506,0.5012578368186951,-0.00043971868381820813,0.00026622815359719055,0.40806456259141377,1766201332.9960823
0.7544266581535339,3.2643728256225586,0.5009773969650269,-0.00024417814576298594,0.0008905532393444735,0.40858352282528904,1766201333.0059905
0.7543812990188599,3.264407157897949,0.5009691119194031,-0.00029442685606830303,0.0009507554112652953,0.40897100096321537,1766201333.0160446
0.7545278072357178,3.264204740524292,0.5013042092323303,-0.0005916319054876546,0.0003125915010837866,0.40761670764799024,1766201333.0260482
0.754518985748291,3.264472007751465,0.5012747645378113,-0.0001700485969350777,0.000131658579670955,0.4075813451962691,1766201333.0361304
0.7543683648109436,3.2646420001983643,0.5012329816818237,5.865658748386654e-05,0.00014438362734427816,0.4084426628170608,1766201333.0361807
0.7543476223945618,3.2644591331481934,0.5009691119194031,0.00015949645229160458,0.0008640127746601064,0.4088531545019893,1766201333.0460863
0.7542948722839355,3.264538049697876,0.5012190937995911,0.00018042244391440642,0.00016962925479754328,0.40847846284255473,1766201333.0559819
0.754331111907959,3.264288902282715,0.5010436773300171,0.00030559094878872457,0.00087646138026309,0.4085755425939903,1766201333.0661228
0.7544012069702148,3.2643256187438965,0.5009404420852661,-0.00010474698099419656,0.0007911790267082276,0.40832272331690617,1766201333.076104
0.7546753287315369,3.264183282852173,0.5012227892875671,-0.0004135520885074251,5.851510876354496e-05,0.4063819404500864,1766201333.0861292
0.7544482946395874,3.264165163040161,0.501354992389679,-0.000261339441866146,0.0002384682744822186,0.40780439944092883,1766201333.0861788
0.7543757557868958,3.2643041610717773,0.5010666251182556,0.000619188004286152,0.0006768152963083041,0.40872273292112676,1766201333.096086
0.7544084191322327,3.2643394470214844,0.5010198950767517,0.0003699912339892051,0.0008073184244260527,0.4087591329005994,1766201333.106041
0.7546365261077881,3.2642529010772705,0.5013814568519592,0.00024228418992779794,-6.753291069529126e-05,0.4070828723837804,1766201333.116045
0.7544947862625122,3.2642908096313477,0.5014081001281738,-0.00013200843837976814,0.00022519652116017235,0.40790146941301886,1766201333.1261098
0.7544106245040894,3.264366626739502,0.5014044046401978,-8.7933838437325e-05,0.00021741138734422002,0.40855029355550504,1766201333.1361287
0.7544954419136047,3.2641870975494385,0.5011001229286194,2.914006890095489e-05,0.0008648206397607259,0.4083877716441589,1766201333.136178
0.7546253800392151,3.264112949371338,0.5014328956604004,-0.0003732840630184426,0.00021513874223298306,0.40722069159003105,1766201333.1459835
0.7544369101524353,3.264246940612793,0.501424252986908,-0.00018792181187881149,0.0002574680931482707,0.4082412571613155,1766201333.156108
0.7544050812721252,3.2643349170684814,0.5014151930809021,6.894597539930231e-05,0.00034743225278036766,0.40820984177575076,1766201333.1661284
0.7544866800308228,3.2643556594848633,0.5010654926300049,0.00026297247071566804,0.0006812709436064489,0.4080044623612821,1766201333.176099
0.7544838786125183,3.2643284797668457,0.5010005831718445,0.00013481209834404387,0.0007764465920810856,0.40787464584257055,1766201333.1861062
0.7540493011474609,3.264718532562256,0.5010155439376831,-4.389134402469811e-06,0.0006875402832378089,0.41024790590191906,1766201333.1861556
0.7544461488723755,3.2644388675689697,0.5012574791908264,8.920252753001235e-05,0.00015915471269846684,0.40770115972218907,1766201333.1960268
0.754314661026001,3.2644407749176025,0.5010291934013367,0.00023219051169647904,0.0009063938762709373,0.4089906677010626,1766201333.2060785
0.7543726563453674,3.264382839202881,0.5010025501251221,0.00021776091959434303,0.0009214997936038459,0.4087910315487422,1766201333.2160962
0.7545688152313232,3.2641992568969727,0.5013683438301086,-8.147779149119585e-05,2.7139027889595868e-05,0.4071338693787917,1766201333.2260683
0.754319429397583,3.2643818855285645,0.5013652443885803,0.00019586963380340556,0.00018324639210008312,0.408811814860006,1766201333.2361004
0.7543246746063232,3.264470100402832,0.5012794137001038,-0.00011684711817717984,0.00027925880246923153,0.4089131766645279,1766201333.2361515
0.7543820142745972,3.2643022537231445,0.5010802149772644,0.00022251312521751347,0.0008353807416081375,0.40893648048124764,1766201333.245994
0.7543567419052124,3.2643702030181885,0.5010836124420166,-0.00014182255518888418,0.0010244637651792494,0.40893031910774164,1766201333.2559853
0.7543835639953613,3.264383554458618,0.5010603666305542,1.9235086544393388e-05,0.000899436211831665,0.4087847981597913,1766201333.2660468
0.7544659972190857,3.264242172241211,0.5010547041893005,-0.00022756627714699745,0.0008887679387216875,0.4084284504726973,1766201333.2761066
0.7545300722122192,3.2643544673919678,0.5013186931610107,2.0317022392488345e-05,-6.058286342013293e-05,0.4073322320759134,1766201333.286134
0.7545934915542603,3.264483690261841,0.5012603402137756,-7.67404189564613e-05,7.799952914691195e-05,0.4068803480641439,1766201333.2861862
0.7544552683830261,3.2644121646881104,0.5012720227241516,-9.742359527289674e-05,0.00019734263653284714,0.40795129717485434,1766201333.2960575
0.7543634176254272,3.2643802165985107,0.5009312629699707,-5.9079216501122526e-05,0.0009774980407186743,0.40883675690920035,1766201333.306104
0.7543802261352539,3.264514684677124,0.5008777379989624,-5.4937175655038725e-06,0.0009322873824700758,0.4086605023644434,1766201333.316044
0.7544621825218201,3.264601707458496,0.5012628436088562,0.00032688587693233964,-8.201073250769156e-05,0.40770409085291304,1766201333.3260984
0.7543760538101196,3.264446258544922,0.5013031363487244,-0.00013837946737765136,0.00022083232695589274,0.4082695425639853,1766201333.3360786
0.7535265684127808,3.2650790214538574,0.5009266138076782,0.00039206089717078846,0.0010899314670523802,0.41324253119978105,1766201333.336129
0.7543477416038513,3.264470338821411,0.5011802911758423,7.11115047103357e-05,0.0002362243785755773,0.4083186158754509,1766201333.3460343
0.754234254360199,3.26473069190979,0.501105785369873,-1.1237147675238497e-05,0.00035987102080811575,0.4090916647020012,1766201333.3560064
0.7543510794639587,3.2643094062805176,0.5009810924530029,-0.00034690038553228505,0.0010937881630693907,0.4091596656694411,1766201333.3660748
0.7544580698013306,3.2642416954040527,0.5010653734207153,-7.875263396028384e-05,0.0008108817213991588,0.40830111837078564,1766201333.3761127
0.754490315914154,3.264259099960327,0.5010071396827698,-0.00022367816326712039,0.0008275154032821389,0.4083611017996835,1766201333.3861275
0.7544121146202087,3.2643470764160156,0.5013302564620972,-0.00014206334422958543,0.0002678643797145832,0.40825167808331736,1766201333.3861778
0.7544069290161133,3.264500141143799,0.5013492703437805,3.0326677332202933e-06,0.00019802455162277278,0.40853091102470857,1766201333.3960507
0.7545545697212219,3.2644081115722656,0.5013476610183716,4.511020562891652e-05,3.944255669448732e-05,0.40740975900795745,1766201333.4060445
0.7544359564781189,3.2643954753875732,0.5008869171142578,4.135296585605258e-05,0.0009746817682582013,0.408279550983745,1766201333.4161003
0.7544838190078735,3.264296293258667,0.5012304782867432,-0.0005578914524689316,0.0003842448853168105,0.40771012371831533,1766201333.4260924
0.7543718218803406,3.2645163536071777,0.5012233257293701,0.00017128522356441893,0.00035794131777165,0.4080958457022658,1766201333.436131
0.7544069290161133,3.264615535736084,0.5011674761772156,0.0003271854725783536,5.017673375217607e-05,0.4077637529682586,1766201333.4361823
0.7544393539428711,3.264551877975464,0.5012553930282593,2.8191849080024594e-05,2.9221678624724995e-05,0.40798502505924755,1766201333.4460568
0.7544136643409729,3.264378786087036,0.5013036727905273,-7.38417923535264e-05,0.00017995780706190357,0.4081240607455535,1766201333.4561055
0.7544766664505005,3.2643115520477295,0.5010231137275696,-3.032870223512868e-06,0.0008446561510681118,0.4081428939773367,1766201333.4661305
0.7545310854911804,3.26432466506958,0.5013231635093689,2.6559744890872496e-05,4.8665972947328304e-05,0.40736594616991945,1766201333.4761336
0.7544499635696411,3.264296293258667,0.5014451742172241,7.554183554894953e-05,4.7453651188854915e-05,0.40787364732696574,1766201333.4861002
0.7546283602714539,3.264017343521118,0.5014699101448059,-0.0002939581960254967,0.00013508567811006974,0.40690665730230124,1766201333.486153
0.7544218301773071,3.2643487453460693,0.5013277530670166,-0.00015302229465877657,0.00024140741598525255,0.4081066843032075,1766201333.4959815
0.7545125484466553,3.264216184616089,0.5014030933380127,-0.00023525739426109285,0.00017222898251179858,0.40737020424732046,1766201333.5061305
0.7545021772384644,3.264341115951538,0.5009929537773132,1.9754212197280974e-05,0.0007603546591033735,0.40792677236383407,1766201333.5161014
0.7545306086540222,3.2642059326171875,0.501335859298706,-0.00014323815337691624,8.184488949315692e-05,0.4073004542581726,1766201333.5260904
0.7543700337409973,3.2643260955810547,0.5012202262878418,-0.0004301105841703777,0.0004249487240962617,0.40825027331482294,1766201333.5361028
0.7544386982917786,3.264557123184204,0.5009289979934692,0.00031829971220802717,0.0007854309897399685,0.4084196807944408,1766201333.5361528
0.7543573975563049,3.2644500732421875,0.5012609958648682,-0.0001161783487369457,0.0003215475147256771,0.40817453744368565,1766201333.5460713
0.754132866859436,3.264688014984131,0.5011090040206909,0.00021253556222376383,0.00035577898010217006,0.4094659389961397,1766201333.556007
0.7543535232543945,3.2644269466400146,0.5011771321296692,-0.0001283405644014154,0.0004162658226254873,0.4082904843952452,1766201333.5661163
0.7546133399009705,3.2643351554870605,0.5013982057571411,0.00016633664016852274,-7.144693302107547e-05,0.406812107287068,1766201333.5761328
0.754502534866333,3.2642605304718018,0.5010474324226379,0.00015875575754250882,0.0007176508177087674,0.4081524149601901,1766201333.5860734
0.7544253468513489,3.2643625736236572,0.501275897026062,-0.00013654664157563198,0.00023950831136521314,0.4082507035719083,1766201333.5961387
0.7545197606086731,3.264141082763672,0.5014395117759705,-1.5758852592438477e-05,0.00012944261078899925,0.40773702806499823,1766201333.5963068
0.7544670104980469,3.2642369270324707,0.501391589641571,-8.029338046720093e-05,0.00018387917566230612,0.4076020295099233,1766201333.6060722
0.7542290091514587,3.2645435333251953,0.5012071132659912,-0.0001365985987944963,0.00035039645529416906,0.4091135490642055,1766201333.6160617
0.7543448209762573,3.264279365539551,0.5013654232025146,0.00012372379565708273,0.0002093909945510415,0.40827284344810244,1766201333.626116
0.7544074058532715,3.264453411102295,0.501211404800415,-0.00014533211416249068,0.0003112855620357528,0.4084444252818341,1766201333.636139
0.7545052170753479,3.2643418312072754,0.5012115240097046,-0.0002718274712405519,0.00020129858373901528,0.4074800154282536,1766201333.6362438
0.7543403506278992,3.2645387649536133,0.5008977055549622,-6.323385165356082e-05,0.0009451169027395532,0.4091506011847588,1766201333.6460137
0.7544075846672058,3.2645151615142822,0.5009130239486694,-3.357334047145247e-05,0.0008812374735223378,0.4087592022135793,1766201333.6560934
0.7540719509124756,3.2647545337677,0.5010132193565369,-0.00012951721084022603,0.0005811471701339906,0.4101098483582463,1766201333.6659527
0.7544217705726624,3.2644035816192627,0.5011323690414429,-0.00036102521300150246,0.0003466271778334273,0.40783512922203835,1766201333.6759522
0.7544713616371155,3.264418363571167,0.5009493231773376,0.00021662001581180374,0.0008274880020157177,0.4082537511451623,1766201333.6861274
0.7544651031494141,3.264594316482544,0.5009294152259827,0.000414101138234485,0.0007853662506625161,0.40840588908985564,1766201333.696096
0.7544798254966736,3.264524459838867,0.5012367963790894,-0.0002158637134607039,0.0002247614700047406,0.4080151829240358,1766201333.696147
0.7545092701911926,3.2643184661865234,0.5012608170509338,-0.000348628698211855,0.00021388821861178855,0.4075046591331553,1766201333.7060394
0.754523754119873,3.2642922401428223,0.5010928511619568,0.00015149302683324057,0.0007166754884915843,0.40805338916141853,1766201333.7160442
0.7544963359832764,3.2642738819122314,0.5010873079299927,0.00017070446884368302,0.0006277379879855597,0.4081598173280048,1766201333.7260458
0.7544995546340942,3.264233112335205,0.5013896226882935,-0.0001276113100351201,0.00017699308535756319,0.4076595849808999,1766201333.7361062
0.7542319893836975,3.2644243240356445,0.5013513565063477,0.00013858118722010333,0.00039094253359138025,0.40920686084034036,1766201333.7361574
0.7537320256233215,3.2649550437927246,0.5009216070175171,-0.00018264497277087677,0.0010221933141816473,0.4123936524821292,1766201333.7460296
0.7544076442718506,3.2643847465515137,0.5009726881980896,5.757501969267098e-05,0.0008542066480533065,0.40843232077256514,1766201333.7560403
0.7545052170753479,3.2643489837646484,0.5013006925582886,-6.438217837836357e-05,0.00016860761598116083,0.40735392925784025,1766201333.766132
0.7545209527015686,3.2643799781799316,0.5012577176094055,-0.0004308359601454294,0.00023342729112712656,0.40730795642321005,1766201333.7761326
0.7539657354354858,3.2647976875305176,0.5010598301887512,4.250888726419757e-05,0.0006278803799626782,0.4104544617640238,1766201333.786135
0.7544882297515869,3.2643516063690186,0.5012780427932739,-0.0001454755528049893,0.0001658866438310769,0.4071156816246456,1766201333.7960846
0.7542744278907776,3.264477252960205,0.5012274980545044,-0.00014811899696995343,0.0004225192541897334,0.40882793874323,1766201333.7961333
0.7544121146202087,3.2643556594848633,0.500983715057373,4.476505063730736e-05,0.0007903254689839379,0.40855372935892664,1766201333.8060696
0.7543560862541199,3.2643818855285645,0.5013255476951599,-0.0002318973699268159,0.0002720355239627207,0.4083003166685142,1766201333.816094
0.7542261481285095,3.2645766735076904,0.5012330412864685,-0.0001280841132059223,0.0003675141370300204,0.4092263969100199,1766201333.8261178
0.7543685436248779,3.2643985748291016,0.5010489225387573,0.000271225167320134,0.0009123248648121547,0.4088534619939533,1766201333.836086
0.7544682621955872,3.264253854751587,0.5011675357818604,0.0001235189424871688,0.0006908776133295886,0.40820663401811785,1766201333.8361325
0.7544705867767334,3.26423978805542,0.501341700553894,-0.00030598500242949984,0.00023590170188550255,0.407616214559374,1766201333.8460093
0.7543597221374512,3.264353036880493,0.5014269351959229,-6.863437382881338e-05,0.000239032380868809,0.40822443384206464,1766201333.8560765
0.7542605400085449,3.26434326171875,0.5013089776039124,-0.0002767392310837872,0.00046092487405359315,0.4089544178890144,1766201333.8661354
0.7543688416481018,3.264348030090332,0.5011891722679138,-0.0005819623174288874,0.00044759308601667407,0.40796081439052345,1766201333.8760943
0.7544634342193604,3.2643885612487793,0.5009744763374329,0.00016715022516380025,0.0007091964648721945,0.40797801831146824,1766201333.886123
0.754101574420929,3.264785051345825,0.501060962677002,-0.0001194472484745107,0.0003848826841333388,0.4096690397150584,1766201333.8861723
0.7545825839042664,3.264258861541748,0.5013188719749451,-3.821697895999816e-05,-3.0397359114454262e-05,0.4066096959513905,1766201333.896047
0.7543224692344666,3.2643935680389404,0.5009928941726685,0.00010239049934590868,0.0007779586755180046,0.40874707592634063,1766201333.9060552
0.7544357776641846,3.264418125152588,0.501285970211029,-0.0002705023270254365,0.0001267333662921535,0.4077161804499008,1766201333.9160779
0.7545501589775085,3.264319896697998,0.5013930201530457,0.00020139098780314925,-2.843525618584949e-05,0.406892990966872,1766201333.926061
0.7543390989303589,3.2644617557525635,0.5012885928153992,-0.0006283807758173211,0.00047020918702476283,0.40852034222607864,1766201333.9361167
0.7544196844100952,3.2644691467285156,0.5010331869125366,3.583148938391459e-05,0.0008009075005500009,0.40858705945663754,1766201333.9362154
0.7544214725494385,3.264601230621338,0.5013154149055481,-0.00022180912518602892,0.0003337853978614686,0.40843729695254016,1766201333.946036
0.7545857429504395,3.2642812728881836,0.5014029741287231,-0.000321947238584832,0.0002173301008266225,0.407184902808992,1766201333.9560425
0.7545073628425598,3.2643814086914062,0.5012940168380737,-0.00030681784340831815,0.00021329412848430866,0.40736417684581894,1766201333.966079
0.7545285820960999,3.2645111083984375,0.5010530948638916,0.00025846713884091686,0.0006636029682325331,0.4080059952454581,1766201333.9760857
0.7543807625770569,3.2644615173339844,0.5012402534484863,-0.00032665129343386674,0.0004080059538982834,0.4082730506749,1766201333.9860647
0.7539433240890503,3.264887571334839,0.5009971857070923,-0.00022128846243087052,0.0008596635978786836,0.4109532221645469,1766201333.9861517
0.7544681429862976,3.2644553184509277,0.5012165904045105,-0.0001579312281352706,0.00019082891385143342,0.4075483238885053,1766201334.0060508
0.7543445825576782,3.2643656730651855,0.5012727379798889,-0.00024726811098567186,0.00032447647966084894,0.4082961991553553,1766201334.006078
0.7543981671333313,3.2644519805908203,0.5010088682174683,5.1054396279139395e-05,0.0008788603351592063,0.4084358972544506,1766201334.0160618
0.7543549537658691,3.2644400596618652,0.5012798309326172,8.605077328539148e-05,0.0002222521874895156,0.40828779748847005,1766201334.0261343
0.7544355392456055,3.2642531394958496,0.5013111233711243,-0.000378701787830914,0.0003489630603429868,0.40780172888009136,1766201334.0360813
0.7545000910758972,3.264380931854248,0.5012869834899902,5.9339880941422534e-05,2.720394785475023e-05,0.40776255402800915,1766201334.0361288
0.7544326782226562,3.264496088027954,0.5009795427322388,0.00043670749668777754,0.0006660627873779893,0.4085878225658128,1766201334.0460837
0.7543131113052368,3.264514446258545,0.5011874437332153,-0.00025585479342717283,0.0004801311748102614,0.408556052409248,1766201334.0560808
0.754467785358429,3.2643539905548096,0.5013230443000793,-0.00027911314453317503,0.00020243227792599662,0.40807964790967666,1766201334.066026
0.7544184327125549,3.264226198196411,0.5013192892074585,-0.00028112570753897876,0.0002709135488825646,0.40847916321045297,1766201334.0760834
0.7544565796852112,3.26412296295166,0.5011288523674011,-3.585283411047514e-05,0.0008295353373640662,0.40870451188663726,1766201334.0861027
0.7544349431991577,3.2644243240356445,0.5013183951377869,-8.083951871683637e-05,0.00029729137923286547,0.4082606909285452,1766201334.0861502
0.7545280456542969,3.264223098754883,0.501252293586731,-0.0005170141777200066,0.00033290859731591275,0.40735679518640905,1766201334.1061013
0.7543734312057495,3.264512538909912,0.5012288093566895,0.00015337793031829897,0.00016064844296606126,0.4081105905603471,1766201334.1061518
0.7542150020599365,3.264549493789673,0.5010970234870911,-0.00020579714028445695,0.0003014341208574438,0.4091253776859638,1766201334.1160238
0.7544717192649841,3.264542818069458,0.5009071230888367,0.00041172220963407654,0.0006041455348686243,0.4079958807625439,1766201334.1261246
0.7545409798622131,3.264561414718628,0.5011098980903625,5.952219373014523e-05,-0.00012332404556297878,0.4070337155827923,1766201334.1361403
0.7541142702102661,3.264744758605957,0.5010595321655273,0.0001328338480261305,0.00045783008900106677,0.4097727597851664,1766201334.1361897
0.7539575099945068,3.264861583709717,0.5009839534759521,-1.9447005583113628e-05,0.0006742431646959029,0.41048512034066886,1766201334.1460485
0.7545127868652344,3.26436185836792,0.5009992718696594,4.5191978122426595e-05,0.0006753915884588288,0.4077645912420913,1766201334.1560783
0.7543278336524963,3.2643470764160156,0.5014123320579529,-2.988219766147138e-05,0.0003539732747169707,0.4085051870445098,1766201334.1660938
0.7544926404953003,3.264230966567993,0.5013980269432068,-0.0003325674594226738,0.0002598226564049064,0.40781801239731613,1766201334.1760879
0.7543699741363525,3.264305830001831,0.5010218620300293,-0.00016539406012808396,0.0009385700437963364,0.40892534468160585,1766201334.186086
0.7545554637908936,3.2641797065734863,0.5014031529426575,-0.00036460858318475666,0.000217848674531794,0.40728928008235465,1766201334.1861336
0.754430890083313,3.2642033100128174,0.5014604926109314,-0.0001305042678378559,0.0001595976250987921,0.40788697331860246,1766201334.1961
0.7545413374900818,3.2642502784729004,0.5011062026023865,0.00018550558496502025,0.0007372723441604045,0.4077789114347304,1766201334.2060783
0.75419020652771,3.264529228210449,0.5012182593345642,-9.830072100925427e-05,0.0004900103259921786,0.40917037372394255,1766201334.2161334
0.754614531993866,3.2644331455230713,0.5012778043746948,6.253058953129284e-05,-7.780296072329292e-05,0.4067460175518667,1766201334.2260633
0.7544952630996704,3.264483690261841,0.5011601448059082,-0.00014208767961122675,9.044143055882771e-05,0.40762041153459255,1766201334.2360752
0.7543718218803406,3.26436710357666,0.500943124294281,0.0004236617815907581,0.0007652988159568606,0.408555984118479,1766201334.2361455
0.7539578676223755,3.264927387237549,0.5008878111839294,-0.00017441679187946943,0.00072164770234591,0.4107056288171181,1766201334.246017
0.754450798034668,3.2643675804138184,0.5012611150741577,-0.0002889707988659907,0.000279682012416359,0.4076015104446651,1766201334.2560842
0.7544941902160645,3.2644317150115967,0.5009636878967285,0.00017580445310882222,0.0006589814876986925,0.4080198550820905,1766201334.2660623
0.7545698285102844,3.2642977237701416,0.501274585723877,-0.00042734109948578953,0.00020640983842162857,0.40740276004659515,1766201334.2761152
0.7544629573822021,3.264382839202881,0.5013448596000671,6.19328797332181e-05,0.00024828730689331526,0.40798028134038034,1766201334.2861028
0.7543637156486511,3.264366865158081,0.5013958215713501,-7.170448886337802e-06,0.0002586827759566849,0.40851670610723556,1766201334.2961068
0.7544485926628113,3.264341354370117,0.5009944438934326,-0.00017526874542037553,0.0007881208955103681,0.4083295861733046,1766201334.2961562
0.7545443773269653,3.264185905456543,0.5011386871337891,8.134114121583885e-05,0.0006065694410397691,0.4078149002039541,1766201334.3060904
0.7545773983001709,3.2643399238586426,0.5009791851043701,7.214791560411275e-05,0.0007930058929783677,0.40807240066346406,1766201334.316082
0.7544496655464172,3.264436721801758,0.5010067820549011,-2.8874200598272776e-05,0.0006884522197842923,0.40841208673534485,1766201334.3260982
0.7546389698982239,3.264495372772217,0.5010010600090027,0.00030164611915315927,0.0006701968381534242,0.40742700939552456,1766201334.336118
0.7544389963150024,3.2644104957580566,0.5009543895721436,-0.00011176558724009424,0.0009535514525593796,0.4085824109616342,1766201334.3362014
0.7544515132904053,3.264437437057495,0.5009398460388184,-6.694774876094185e-05,0.0008357333099038444,0.40841412066473587,1766201334.346063
0.7544362545013428,3.2644803524017334,0.5009883642196655,-4.010129282267781e-05,0.0007268860595513373,0.40814299741931864,1766201334.3560827
0.7544050812721252,3.2645034790039062,0.5009393692016602,0.00026179252727206846,0.0007876531096334218,0.4084001255869993,1766201334.3660908
0.754536509513855,3.2642648220062256,0.5012773275375366,9.822635770706597e-06,0.00012546420152536298,0.4070638681394919,1766201334.3761299
0.7542900443077087,3.264439582824707,0.5011224746704102,-0.00052089881078665,0.00047826887038855724,0.40855405402730716,1766201334.3860857
0.7544289827346802,3.2642760276794434,0.5010941028594971,-7.243609724536048e-05,0.0009281037378570026,0.4082646515003212,1766201334.386135
0.7544847130775452,3.2641963958740234,0.5014855861663818,-9.703487317491041e-06,0.00012420520591725068,0.4076416866287539,1766201334.3959827
0.7545432448387146,3.264141321182251,0.5013625025749207,-8.232354657893586e-05,0.00017362855984161195,0.40752816147235027,1766201334.4061394
0.7545878887176514,3.264209747314453,0.5010951161384583,0.00010077498823036942,0.0007616936976088703,0.40766721550770424,1766201334.416125
0.754429280757904,3.2642862796783447,0.501333475112915,-0.0005328952678053491,0.0003772603366940658,0.40818197809195955,1766201334.4260597
0.7543851137161255,3.264390468597412,0.501359760761261,-0.00018095740207615504,0.00023244054456088116,0.4088861111741541,1766201334.4360862
0.7544046640396118,3.2641584873199463,0.5013671517372131,-8.666560715550023e-05,0.00028413202423079286,0.40804846992807703,1766201334.4361336
0.75455641746521,3.26422119140625,0.5013138055801392,-0.00022318330044205126,5.356985717428058e-05,0.4069186579404182,1766201334.4460886
0.7540724873542786,3.2647135257720947,0.5011080503463745,-7.918888975489551e-05,0.0006781249247940673,0.409631413454591,1766201334.4560456
0.754507839679718,3.26436185836792,0.5012509226799011,-9.407316644238675e-05,3.122578943078556e-05,0.40719310599387104,1766201334.4660654
0.7543213367462158,3.2644762992858887,0.5012029409408569,-0.00012245922056124372,0.0002328341388377848,0.4085124087424657,1766201334.4761379
0.7543351650238037,3.264441728591919,0.5011926889419556,-0.00033249587915398484,0.00026733376237018523,0.4083183879323481,1766201334.4860785
0.7542026042938232,3.264580726623535,0.5012314915657043,-2.282373901573305e-05,0.0003720894763720581,0.40935498476432886,1766201334.4961033
0.7545322179794312,3.2643237113952637,0.5009933114051819,0.0001576734298287234,0.0006596901330451684,0.40794200775888023,1766201334.4961534
0.7537535429000854,3.264998435974121,0.500962495803833,0.0001854273724725081,0.0009596798833341042,0.41222088987772376,1766201334.5060887
0.7546195983886719,3.2641549110412598,0.5013353824615479,-0.0005149536168577549,0.00019306793288151916,0.4072243925210512,1766201334.5160625
0.7543447017669678,3.2643585205078125,0.5010542273521423,-0.00021503856312192666,0.0008791303859739934,0.4092891415496574,1766201334.5261428
0.7545657157897949,3.2643110752105713,0.5010911226272583,0.00040993558549644836,0.0005735051112112976,0.40772346326828884,1766201334.5360842
0.7545076608657837,3.264263868331909,0.5010408163070679,2.2245972172385513e-05,0.0007700210966412438,0.4081635360711944,1766201334.5361326
0.7545093894004822,3.2643380165100098,0.5010664463043213,8.557284860525003e-05,0.0007062361850877682,0.4081203288228778,1766201334.5459833
0.7544829845428467,3.2644877433776855,0.5013000965118408,2.095650992268397e-05,3.2983124412174186e-05,0.4080198075672668,1766201334.556106
0.7544304132461548,3.2643210887908936,0.5013916492462158,-8.354433909138092e-05,0.00021803434190780725,0.4079070865891093,1766201334.566033
0.7543851137161255,3.2645018100738525,0.5012459754943848,-7.768671833790133e-05,0.0001354575351001537,0.40818590049692444,1766201334.5760827
0.7543672323226929,3.264434337615967,0.5012540817260742,0.00015323012323050614,0.00014949769114412745,0.4082210107637184,1766201334.5860908
0.7543048858642578,3.2645535469055176,0.5011392831802368,-0.00027842174984406704,0.00035897362311280247,0.4083844122500379,1766201334.5861382
0.7544645071029663,3.2644011974334717,0.5012040138244629,-9.971260995403327e-05,0.0002452099556612023,0.40738560747398134,1766201334.5960333
0.7543643116950989,3.264552354812622,0.5008847117424011,9.89944297352454e-05,0.0008364656322322832,0.40847750172883046,1766201334.6061118
0.7543510794639587,3.2643885612487793,0.500922441482544,-0.0003237563391800509,0.0009195597179961074,0.40865431188505413,1766201334.6160896
0.7545492649078369,3.2644073963165283,0.5014157295227051,0.0001271199508943562,2.56816017380263e-05,0.406927860502775,1766201334.6261427
0.7546822428703308,3.2643022537231445,0.5013074278831482,-0.0002776869191179539,7.407242393420598e-05,0.40664706903499703,1766201334.636131
0.7545179724693298,3.2642786502838135,0.5010451674461365,-0.00023946885065457784,0.0007752124645356459,0.4081579399945357,1766201334.6361797
0.7544754147529602,3.264188528060913,0.5010861158370972,-0.00018720058862064655,0.0008573184371013312,0.40841166623213937,1766201334.6460464
0.7544179558753967,3.2642407417297363,0.5011417269706726,-1.1811419687900197e-05,0.0008379903257890555,0.40867326453104524,1766201334.6560774
0.7545186281204224,3.2643938064575195,0.5011084079742432,0.00013827729040897523,0.0006996713759923515,0.40810379448736683,1766201334.6661024
0.7546558976173401,3.2642343044281006,0.5013810992240906,-0.00017431525293620153,-5.8937525062574286e-05,0.40668597597092426,1766201334.6761198
0.7540735602378845,3.2645397186279297,0.5012486577033997,-0.00023968038472877646,0.0006297006716662792,0.4094310139890408,1766201334.686097
0.7543275952339172,3.264509677886963,0.5008905529975891,-9.823597117446871e-05,0.0007817654976017898,0.40858211483800727,1766201334.6861455
0.7543042898178101,3.2644591331481934,0.5011976361274719,-0.0003956207162673642,0.000317042532151492,0.4083409371367909,1766201334.6960337
0.7542552947998047,3.264512538909912,0.5009698867797852,0.00020372764762272596,0.0007779000894479873,0.40916075169061944,1766201334.7060242
0.7544308304786682,3.2644731998443604,0.5011853575706482,-0.00014833324040282916,8.019982492370946e-05,0.40765840889040134,1766201334.7160482
0.7545140385627747,3.264309883117676,0.5012723803520203,-7.672348370898699e-05,-3.7294836110103454e-05,0.4073008358974975,1766201334.7260933
0.7542523741722107,3.264491319656372,0.5012210607528687,-0.0002834952962755916,0.0005225898990758116,0.40895472361179225,1766201334.7360766
0.7544952034950256,3.2642431259155273,0.5013043880462646,-0.00040554574939363666,0.00034786017820054993,0.40743937396370444,1766201334.7361915
0.7543757557868958,3.264354944229126,0.5013366937637329,-0.00020585454164239153,0.00022730128287921027,0.4086181864500535,1766201334.7460113
0.7545015215873718,3.264415740966797,0.5011546015739441,0.0003171301382015715,0.0005956076527145703,0.40816104468178327,1766201334.756116
0.7544295787811279,3.264230489730835,0.5010948777198792,-0.000253018273068794,0.0009217360397327928,0.40849178087026733,1766201334.7660863
0.7545303702354431,3.2642672061920166,0.5013795495033264,-0.0002840918580105223,0.00020593201133587406,0.4077849264078301,1766201334.7760653
0.7545648217201233,3.264202117919922,0.5013776421546936,-0.0003019827752764266,8.61600221538914e-05,0.40732018473216924,1766201334.785965
0.7544432878494263,3.2643957138061523,0.5010912418365479,9.267995346055901e-05,0.0008427380055534194,0.40835156137018175,1766201334.795978
0.7545583844184875,3.2642524242401123,0.5013079047203064,-0.0002678329043561495,7.955854678657085e-05,0.4073116532375537,1766201334.7960794
0.7541967034339905,3.264606475830078,0.501161515712738,-3.692139741295385e-05,0.0002933113480458422,0.409338080954216,1766201334.8059645
0.7543143033981323,3.2644643783569336,0.501164972782135,-0.0005883893383580529,0.000452984324363285,0.40855409869196235,1766201334.815969
0.7543856501579285,3.264376163482666,0.5009646415710449,5.7753755657381945e-05,0.000820823916050962,0.40845690514248084,1766201334.8261275
0.754499077796936,3.264333963394165,0.5012516379356384,-0.00027854829765015506,0.00021528073854990327,0.40774035932714026,1766201334.836103
0.754160463809967,3.2646937370300293,0.501085638999939,5.8238982232166445e-05,0.0003138355002284009,0.4096701416111694,1766201334.836159
0.7543713450431824,3.26428484916687,0.5012872219085693,-0.00041650380819704475,0.0003535027053274401,0.40850638775068715,1766201334.8459551
0.7545612454414368,3.264313220977783,0.5012827515602112,-0.00015827313235096735,0.00016170341506198513,0.4073231606892731,1766201334.8560064
0.7544763684272766,3.264218330383301,0.5013436079025269,-0.00034269060372307456,0.0001838754817561419,0.40777375464336435,1766201334.8660538
0.7545401453971863,3.264235258102417,0.5013700723648071,-0.0001732770098016857,9.953859709481232e-05,0.40749693689030503,1766201334.8761215
0.7544156312942505,3.2641854286193848,0.5010396242141724,-0.00021390488883227336,0.0009463688649162616,0.4086170630559127,1766201334.8861065
0.754504919052124,3.2642626762390137,0.5013678073883057,-0.0001695741095923862,0.00022441915994341602,0.40753072180989075,1766201334.886156
0.7544025182723999,3.2643120288848877,0.5013188123703003,-0.00030708031564417025,0.00030041575354990537,0.40797640539568286,1766201334.8960469
0.7543416619300842,3.2643134593963623,0.5012823343276978,-0.00034493992626696796,0.00035701505587594154,0.40849184591148263,1766201334.9060934
0.7545063495635986,3.264348268508911,0.5012426376342773,-0.0002358453632896402,0.0001808855789790302,0.4073997829553467,1766201334.916082
0.7544527649879456,3.264524221420288,0.5009825229644775,0.0002696311695626013,0.0006441535977342048,0.407937676030814,1766201334.9261138
0.7543385028839111,3.264481544494629,0.5008726716041565,-1.9632965975074356e-06,0.001012501282160686,0.4088083674087103,1766201334.9360828
0.7543945908546448,3.264615535736084,0.5012307167053223,0.0003574461987694822,-4.426004761896168e-05,0.4080184668998973,1766201334.9361331
0.7543495297431946,3.2645058631896973,0.5008917450904846,6.681440676472547e-05,0.0007530668821569679,0.4086678291075198,1766201334.946051
0.75447678565979,3.264331102371216,0.5012309551239014,-8.69883737591018e-05,6.86036438602113e-05,0.4075196609647164,1766201334.9561262
0.7544602751731873,3.264270067214966,0.5011991262435913,-0.00036256853606320485,0.00016911576712514534,0.40740801561940726,1766201334.966139
0.7544412612915039,3.2644248008728027,0.5013079047203064,0.00014018072104953183,0.00014966450472969964,0.4078008765746099,1766201334.9760857
0.7543931007385254,3.264258623123169,0.5009366273880005,-0.00012797253810720936,0.0008895396878271536,0.4087089481661499,1766201334.9861271
0.7544819712638855,3.2642006874084473,0.500919759273529,-0.00013817401906200463,0.0007979817473096782,0.4082819945979382,1766201334.986176
0.7544032335281372,3.264068365097046,0.5010550022125244,0.0002068373660371193,0.0006908694699090597,0.4086561322268477,1766201334.9960637
0.7545183300971985,3.264211893081665,0.5010026097297668,3.738675898517843e-05,0.0007093319618584169,0.408001930543735,1766201335.0061197
0.7544217109680176,3.2643728256225586,0.5013083815574646,-2.2530175603216724e-05,0.00021115165769698671,0.40842778631694676,1766201335.0161297
0.7543801069259644,3.2643790245056152,0.5012705326080322,-6.524737824399836e-05,0.0002879991684474287,0.40824929056978904,1766201335.0261202
0.7545500993728638,3.2642486095428467,0.5013177394866943,-4.739939469195392e-05,-4.06635105860571e-06,0.4069833131758236,1766201335.036109
0.753540575504303,3.2649576663970947,0.5008949041366577,-1.0179444552994482e-05,0.0014971895910365505,0.4129538868519054,1766201335.0361583
0.7542315721511841,3.264561176300049,0.5010649561882019,-0.00010645068254238517,0.0005051825072237005,0.40910663144155557,1766201335.046069
0.7543528079986572,3.2643883228302,0.5012458562850952,7.370709760620234e-05,0.00012069226184411082,0.40795727287120154,1766201335.0561419
0.7539030313491821,3.264680862426758,0.5011258721351624,0.0001655068143428457,0.000614615499803464,0.41040970943261645,1766201335.066096
0.7540959715843201,3.2647149562835693,0.5011366009712219,0.0002950066826230536,0.0002590292219191581,0.4095901265041638,1766201335.0761065
0.7546094655990601,3.2642667293548584,0.5013004541397095,-0.000264319506789274,4.130026372110151e-06,0.4066441271398178,1766201335.086143
0.754500687122345,3.2643470764160156,0.5013097524642944,-4.266521272927738e-05,0.00015575090566835448,0.4076341855554258,1766201335.086192
0.7544416189193726,3.2643465995788574,0.5013224482536316,-0.0003888904657675082,0.00038093499258143673,0.408346542225346,1766201335.0960526
0.7544217705726624,3.2644643783569336,0.5013318061828613,2.208916044365415e-05,0.0001634816991861284,0.40800366008199485,1766201335.1060073
0.7543825507164001,3.2642900943756104,0.5010541081428528,-6.11267801207522e-05,0.0008222338801353339,0.40887220942452746,1766201335.1161053
0.7545469403266907,3.264193058013916,0.5013763904571533,-0.00030241596451368994,0.00015510860481242464,0.4074705274090429,1766201335.1261337
0.7545194625854492,3.2641260623931885,0.5013853311538696,-0.000338264409591191,0.000164768757605538,0.4075197769463702,1766201335.1361053
0.7545113563537598,3.2641663551330566,0.5013238191604614,0.00012423479888530904,-4.702099018656242e-05,0.40724472131979594,1766201335.136157
0.7545439004898071,3.2642650604248047,0.5012930631637573,1.7788314497203053e-05,3.425973051657976e-05,0.4069487008356452,1766201335.1460812
0.7544080018997192,3.264770984649658,0.5010710954666138,-0.0002334538970101199,0.0002869942418851722,0.4084814874087196,1766201335.1561291
0.7545633912086487,3.2647101879119873,0.5008888244628906,0.000378472475689657,0.0006885854959035456,0.40842599792718715,1766201335.1661408
0.7545090913772583,3.264650821685791,0.5011624693870544,0.0004671575928947121,1.1861525669449762e-05,0.4075924360548751,1766201335.1761293
0.7542650699615479,3.264535427093506,0.501172661781311,-0.00014504641431524213,0.0003602584562472693,0.40890476890618555,1766201335.1861222
0.754307210445404,3.264613151550293,0.5011062026023865,8.1622595628804e-06,0.00038971774971073906,0.4084135132109496,1766201335.1861722
0.7536928057670593,3.2651050090789795,0.5009586811065674,0.00044202213315383407,0.0009811492434142336,0.41236441728449563,1766201335.1960561
0.7545032501220703,3.264357089996338,0.5011002421379089,0.00034879196505598374,0.0006108656408824482,0.4079394608644869,1766201335.206131
0.7544741630554199,3.2643728256225586,0.5011124014854431,0.00018688109956751527,0.0006301618970880908,0.408512530242049,1766201335.2161458
0.7544665932655334,3.264354944229126,0.5011109113693237,0.00015436154878704166,0.0009132388391260337,0.4083623396012636,1766201335.2261055
0.7544355988502502,3.2644124031066895,0.501431941986084,-4.506912443955493e-05,0.00020287147820509838,0.40798363432987444,1766201335.2361214
0.7545767426490784,3.2643351554870605,0.5013838410377502,-0.0002744967552263401,0.0001567025876489768,0.40724175109974575,1766201335.2361715
0.7544888854026794,3.264413833618164,0.5010815858840942,0.00018463124651631345,0.0006873094535966563,0.407887766717404,1766201335.246062
0.7541472911834717,3.2646989822387695,0.5012139678001404,-0.000139106022468455,0.000519496452625694,0.40966578314585517,1766201335.256126
0.7540149688720703,3.2646520137786865,0.5011056661605835,-1.9219202454910428e-05,0.0005120459492204997,0.4103063564181173,1766201335.266133
0.7545220851898193,3.2644224166870117,0.5012822151184082,6.475787308977548e-05,-1.4083833528133758e-05,0.40734838119799216,1766201335.2761257
0.7544011473655701,3.2644360065460205,0.5009526014328003,4.7067908214774696e-05,0.0009066641869139907,0.40852999821408414,1766201335.286131
0.754276692867279,3.264589786529541,0.5012021064758301,0.00030663830582729255,0.00016889079726736017,0.408543701177113,1766201335.2861817
0.7543070316314697,3.2644898891448975,0.5013115406036377,-7.131116204595239e-05,0.00021327812821927188,0.40850074977537,1766201335.2960744
0.7545121908187866,3.2642874717712402,0.5013536810874939,0.0001346301063995864,2.680884228118442e-05,0.4071954771653757,1766201335.3061314
0.7543769478797913,3.264132261276245,0.5013764500617981,-1.4657722102323036e-05,0.00024399094101932748,0.408010507736602,1766201335.3161135
0.7543175220489502,3.2642173767089844,0.5010523200035095,-3.279880120206627e-05,0.0009108765871780541,0.4086792453542308,1766201335.326107
0.754400908946991,3.2642159461975098,0.5011094808578491,1.9946453758742586e-06,0.0008252136317196645,0.408534694475606,1766201335.3361125
0.7543451189994812,3.264328956604004,0.5013812184333801,-0.0003527179135389847,0.00033683832364272195,0.4085686972546338,1766201335.3361619
0.7544152140617371,3.2643990516662598,0.5014171600341797,-0.00016795694306623,0.0001968217710734929,0.4082766894368521,1766201335.3460548
0.7545731663703918,3.2643251419067383,0.501150906085968,0.00031878549743114833,0.0005780821470108561,0.4078070315570776,1766201335.3560414
0.754460334777832,3.26432728767395,0.5010156035423279,0.00011365649424711372,0.0008879952629501347,0.4083884123332389,1766201335.3661363
0.7542769908905029,3.264364004135132,0.5013222694396973,-0.00033247011343694275,0.0004838255299517885,0.40891638020241355,1766201335.376114
0.7544842958450317,3.2643003463745117,0.5013152360916138,-8.951121726204889e-05,8.725747699911254e-05,0.40722357288905486,1766201335.3861125
0.7542308568954468,3.2645132541656494,0.5011897087097168,-0.00029180126831254564,0.00045189057861372674,0.4087714245166116,1766201335.3861628
0.753769040107727,3.265031337738037,0.5009699463844299,0.000297873643896022,0.0007638043679215977,0.41142307539434564,1766201335.3960664
0.7538970112800598,3.264925718307495,0.5011137127876282,3.401309270650355e-05,0.0006067902445351383,0.410711347608702,1766201335.4061291
0.7542749643325806,3.2646124362945557,0.501118540763855,-0.000386395584045723,0.00026956181685782257,0.40842764405997817,1766201335.416114
0.7543299794197083,3.264578104019165,0.5009191036224365,0.0001421499382888594,0.0008524733542550564,0.40887279621375716,1766201335.426136
0.7543284296989441,3.2645628452301025,0.5012556314468384,-0.00033623407816237407,0.000298169860455804,0.40865927829528975,1766201335.4361048
0.7546043992042542,3.2641656398773193,0.5013980865478516,-0.00030464303239852245,-4.953307618372651e-05,0.4066041739795666,1766201335.4361544
0.75429767370224,3.2644412517547607,0.5013547539710999,-0.00026443431290426795,0.0005189185909904942,0.40874638384684986,1766201335.4460301
0.7543841600418091,3.2643585205078125,0.5013754367828369,-0.0001131049768076306,0.00025467214434544326,0.408290117319752,1766201335.4560616
0.754480242729187,3.2643191814422607,0.5010964274406433,-6.103594964205315e-05,0.0008468692360704328,0.4083654767140687,1766201335.46613
0.7545075416564941,3.2644379138946533,0.5013543963432312,-0.00010664810165727317,0.0001005496381876056,0.40757374099056665,1766201335.4761086
0.7544190883636475,3.2642762660980225,0.5013116002082825,-0.0004133268352287759,0.00031503425981463764,0.4080734451313929,1766201335.4861214
0.7544421553611755,3.2644972801208496,0.5012773275375366,-0.00027443908647731063,0.0001670306952077025,0.4078770019355401,1766201335.4961002
0.7544505596160889,3.264425754547119,0.5009880065917969,7.839408208018687e-05,0.0008153951707291416,0.40813288582973956,1766201335.4961507
0.7544987797737122,3.264500856399536,0.5012252330780029,-0.00018333751487175517,0.0001359765644273498,0.4073174036858416,1766201335.5060835
0.7544529438018799,3.2644340991973877,0.5012180805206299,-4.393285742488471e-05,0.00015881109648723362,0.407624236612008,1766201335.5161242
0.7543728947639465,3.264444589614868,0.5012559294700623,-0.0001795326537576623,0.0001541347345907366,0.40796704338906353,1766201335.5261288
0.7544609904289246,3.264417886734009,0.5012029409408569,6.6429867864021e-05,0.00013554476850079555,0.40735495056057675,1766201335.5361319
0.7544516324996948,3.2643685340881348,0.5009734630584717,0.00043895811594532483,0.0007101035252376818,0.4081253704960035,1766201335.536182
0.754475474357605,3.2643392086029053,0.5011979937553406,-0.0003407387543556214,0.00027644048594347337,0.40768449466130485,1766201335.5460765
0.7545551061630249,3.2644336223602295,0.5012927055358887,-0.00024886698915210716,3.37126724358185e-05,0.40737033705637715,1766201335.5560596
0.7545235753059387,3.2643442153930664,0.5010116696357727,0.00016039515370901042,0.0006918808431885632,0.4079161228218939,1766201335.5661232
0.7545389533042908,3.2642829418182373,0.501018226146698,0.0001900746550996036,0.0007036395840734751,0.40799978124770714,1766201335.576124
0.7544831037521362,3.264305353164673,0.5011294484138489,0.00012529760382778973,0.0007376574337743764,0.40788299847907394,1766201335.5861266
0.7543472051620483,3.2643675804138184,0.5013843178749084,9.75951111803396e-05,0.000342772590149258,0.40828913204336076,1766201335.5961199
0.7545022368431091,3.2641687393188477,0.5012799501419067,-0.00045362042021206925,0.0002618131553532042,0.40728159200524794,1766201335.5961695
0.7543965578079224,3.2643449306488037,0.5009392499923706,-8.656914479402604e-05,0.0009129845717054162,0.40858694722449174,1766201335.6060755
0.7544241547584534,3.264392852783203,0.5009401440620422,-7.1463855729859655e-06,0.0008447478250361749,0.40858895314515237,1766201335.6161308
0.7544996738433838,3.26435923576355,0.5012190341949463,-0.0006159324996427168,0.00035806281358870945,0.4074151615548167,1766201335.6261296
0.7544561624526978,3.2645468711853027,0.5011596083641052,-5.240105927863744e-06,0.00016000606451843093,0.40774855344732736,1766201335.6361115
0.7543215155601501,3.2644383907318115,0.5008754730224609,5.7158569296208466e-05,0.0009733178464307764,0.4089310665410884,1766201335.6361656
0.7543144226074219,3.2644424438476562,0.5009532570838928,-8.078367983872685e-05,0.000966409310875857,0.4087713830754279,1766201335.6460767
0.7546170949935913,3.264275312423706,0.5013235807418823,-7.478741558484041e-05,5.1857255095312205e-05,0.40664473358632836,1766201335.6561253
0.7544609904289246,3.2643589973449707,0.5012917518615723,-0.0002924574556445762,0.00019613135504887653,0.4078006331099174,1766201335.666049
0.7544057965278625,3.2642955780029297,0.5013294816017151,-0.00013922016878498624,0.0002790248182421939,0.40807221677209565,1766201335.676106
0.754313051700592,3.264211654663086,0.5013293623924255,-0.00038961897268906845,0.0004256134164537178,0.4082283855396302,1766201335.6861339
0.7543200850486755,3.264202833175659,0.5013824701309204,-0.0002734282885766148,0.0003696417680677524,0.40843826564408,1766201335.686184
0.7545692920684814,3.264143228530884,0.5013776421546936,-0.00016698120187622474,5.1910607375304425e-05,0.40739163537714246,1766201335.6960156
0.7545737624168396,3.2643778324127197,0.5010856986045837,0.0002688012131679767,0.0005174120161279792,0.4079748485077395,1766201335.7061198
0.7546356320381165,3.2644128799438477,0.5013638734817505,3.6278800838296245e-05,-0.000145899270864621,0.407216420934559,1766201335.7161298
0.7545093894004822,3.264455556869507,0.5012311935424805,-0.00043202362533692864,0.00028200199250282855,0.4079479832835364,1766201335.726091
0.7545825242996216,3.26442813873291,0.5012744665145874,-9.286697724316771e-05,9.704526987080813e-05,0.4074689905817957,1766201335.7361085
0.7543491125106812,3.264725685119629,0.5011229515075684,-0.00027956278510079033,0.0003524760887006776,0.4085815253136756,1766201335.7461011
0.7543529868125916,3.264427661895752,0.5011732578277588,-0.0005381845337241545,0.0006003310908557621,0.4082053842127874,1766201335.7461517
0.7543558478355408,3.2643284797668457,0.5012437701225281,-0.00046693709811871715,0.00037187195989665925,0.40829192677847975,1766201335.7560596
0.7542855143547058,3.2642741203308105,0.5012932419776917,-0.00038002182486526846,0.00037582693035090385,0.40838566986140423,1766201335.7660117
0.7543333768844604,3.2643656730651855,0.5012532472610474,-0.00017588900167431144,0.00036723964131154613,0.4079975425733572,1766201335.7760413
0.7544049620628357,3.264331102371216,0.500945508480072,-0.0002014048556968814,0.0008610301445407416,0.4079612322854878,1766201335.7861216
0.7544670104980469,3.2644636631011963,0.5012605786323547,-0.000169667464481319,0.0001653315094000059,0.40754953554628043,1766201335.7861714
0.7545168399810791,3.264430046081543,0.5013030767440796,-0.00018046828978569282,0.00017514298281226496,0.4076700888263237,1766201335.7960565
0.7544622421264648,3.264401435852051,0.5012643337249756,-0.000114377879844767,0.0002756264054726717,0.4082073051800079,1766201335.8061204
0.7544813752174377,3.264418125152588,0.5009663701057434,-0.00011811892294758294,0.0008350514034249899,0.40866366988145264,1766201335.8161252
0.7544691562652588,3.2645037174224854,0.5009745955467224,-8.195169919495657e-05,0.0008568420328602078,0.408906806925777,1766201335.8261454
0.7544166445732117,3.264450788497925,0.5012812614440918,-0.00028955324134186794,0.0003760190405693364,0.4081980805413366,1766201335.8361244
0.7542875409126282,3.264554262161255,0.5012537837028503,6.529252920544723e-05,0.00024298608656897003,0.4090020559385598,1766201335.84613
0.7544542551040649,3.264326333999634,0.5010297298431396,0.0002554658323252466,0.000712711017494505,0.4082245330816445,1766201335.8461807
0.7546209692955017,3.264173984527588,0.5012885928153992,-0.0002839119694323827,0.00016120125214896377,0.4067871981124871,1766201335.8560612
0.7546331286430359,3.264204502105713,0.501246988773346,-0.00030493011299158,-3.2169396052478394e-05,0.40648651463355606,1766201335.86603
0.7543712258338928,3.264343500137329,0.5009329319000244,-0.000180317155666034,0.0008450763887256228,0.40879623799911446,1766201335.8761117
0.754518985748291,3.264234781265259,0.5013411641120911,-9.412413447842489e-05,7.769843404123474e-05,0.4073328076868685,1766201335.8861089
0.754349946975708,3.264444589614868,0.5011986494064331,-0.00042320531840286826,0.00044984758580057213,0.4081815798728276,1766201335.886158
0.7544468641281128,3.2644906044006348,0.5012264251708984,5.3078343983223174e-05,0.00010939407334927804,0.4077334242472826,1766201335.8960803
0.7543885707855225,3.264385461807251,0.5009084939956665,0.00034186264931295325,0.0007736113031667869,0.4087550310394617,1766201335.9061213
0.7545230388641357,3.264308452606201,0.5010234713554382,-7.057965070114663e-05,0.0006332801450417554,0.4079827068019411,1766201335.9161036
0.7545464038848877,3.2643299102783203,0.5010682940483093,0.00023359635630959346,0.0005734535852925358,0.40770168151361685,1766201335.9261243
0.754581868648529,3.264404773712158,0.5010499954223633,0.00028114561387657116,0.0006066941402398279,0.4078667769021573,1766201335.9361224
0.7544652819633484,3.2643961906433105,0.5009697675704956,-8.807034835797158e-05,0.000733256592965039,0.40835189859461346,1766201335.9361722
0.7544454336166382,3.264401912689209,0.5010038018226624,0.00018581654803638399,0.0006290177185091383,0.40858116610280415,1766201335.9460754
0.7543883323669434,3.264432907104492,0.5012929439544678,-0.00030081382996339085,0.00025561484548733713,0.40841680418712034,1766201335.956044
0.7544253468513489,3.2643911838531494,0.5012959837913513,-0.00010853142434705177,0.00017743157980664557,0.40812726702357066,1766201335.9660845
0.754485011100769,3.264340400695801,0.5009585618972778,-0.00012602638356833774,0.0006809311350186919,0.40801420119347104,1766201335.9761024
0.7544571757316589,3.264467239379883,0.5009552836418152,0.00027429508475625294,0.0007427198990415392,0.40818538973875595,1766201335.9861624
0.7545387148857117,3.264350652694702,0.501313328742981,-3.6761858638427993e-05,-7.395556844333523e-05,0.4071632765171586,1766201335.9862137
0.7543092966079712,3.2644591331481934,0.5013121366500854,0.00016776999535532343,0.00021702019399940398,0.4085565405931885,1766201335.9960685
0.7545320987701416,3.2643380165100098,0.5009608268737793,-2.490076550808642e-05,0.0006239516152594205,0.40768339576324353,1766201336.0061028
0.7544992566108704,3.264353036880493,0.5009778141975403,-6.387919644042234e-05,0.0008035649965373991,0.40797040081587727,1766201336.0161066
0.7545425891876221,3.2642760276794434,0.5013242363929749,-0.00019842981115337336,0.00024137263056638064,0.40713630199211764,1766201336.0261235
0.754559338092804,3.264277458190918,0.5013934969902039,-0.00023043765426231222,9.446722946171016e-05,0.4074341331184755,1766201336.0361001
0.7544615268707275,3.2641940116882324,0.5010343790054321,-0.0002475639343236656,0.0009606421116908591,0.4084786738200998,1766201336.0361524
0.7544833421707153,3.264277935028076,0.501388669013977,-0.00016540732396442184,0.0002842631570902886,0.40792070223201177,1766201336.045985
0.7544686794281006,3.264450788497925,0.5013351440429688,-4.234065882474727e-06,0.00011173589602940234,0.4078282426794813,1766201336.0560613
0.7545232176780701,3.2643065452575684,0.5011380910873413,0.00021121662236062882,0.0007051027029635234,0.4080447637612625,1766201336.0661137
0.7545258402824402,3.264364004135132,0.5013512969017029,0.0001459237227293899,5.4636970313828055e-05,0.4072965011007346,1766201336.076112
0.754457414150238,3.264418363571167,0.5009747743606567,-3.093510590039339e-05,0.0008572762822568363,0.4083483923500176,1766201336.0861282
0.75446617603302,3.2642812728881836,0.5010551810264587,3.6016955323956785e-05,0.0007684733510811006,0.40819707906414593,1766201336.0861773
0.7545113563537598,3.264403820037842,0.5012892484664917,-2.440869437405718e-05,0.0001270814103207919,0.4073831576083076,1766201336.096069
0.7543261051177979,3.2645390033721924,0.5011515617370605,-0.0001651151722645342,0.0004003974456220232,0.4082838793989583,1766201336.1061254
0.7543877363204956,3.264432668685913,0.5012437105178833,1.8425684186539686e-05,0.00017214680615366767,0.407890865820697,1766201336.1161065
0.7542998790740967,3.264448642730713,0.5012439489364624,-3.391522361919846e-05,0.0002169774446977232,0.40846739608633936,1766201336.126144
0.7543769478797913,3.2643938064575195,0.5009792447090149,0.0001536672318699908,0.0008670653799021077,0.40851251379886233,1766201336.1361036
0.7543675899505615,3.2643821239471436,0.5012635588645935,-0.00032707842579365745,0.00035035615885091475,0.40815826233158886,1766201336.1459966
0.7542737126350403,3.2643861770629883,0.501294732093811,-1.7558513682588914e-05,0.00018473294056859404,0.4088397507420254,1766201336.1561253
0.7544265985488892,3.2642040252685547,0.501433253288269,-6.779710829099943e-05,0.0002482717428558187,0.40782504938778497,1766201336.156177
0.754459798336029,3.264237880706787,0.5010785460472107,0.0002791621167874285,0.0007338016431318752,0.4081184899673929,1766201336.1660829
0.7544600367546082,3.264270782470703,0.5010928511619568,0.00022545482451479277,0.0007042640533440398,0.4082959050774794,1766201336.1760433
0.754521369934082,3.2640535831451416,0.5014133453369141,-0.00019239429686917082,1.5954864899381235e-06,0.4072818504611661,1766201336.1861324
0.75438392162323,3.2641289234161377,0.5013346672058105,-0.0004463871163384217,0.00034618252806793167,0.4079526786726454,1766201336.186183
0.7543997764587402,3.2644340991973877,0.5012105107307434,5.922029985600092e-05,0.0003225864565571859,0.4079143650735822,1766201336.1960166
0.7544059157371521,3.2643814086914062,0.5013520121574402,9.362779948148055e-05,9.3036728881053e-05,0.40823845081016463,1766201336.206046
0.7545486688613892,3.2643325328826904,0.501292884349823,-0.00012366665565146485,-5.4791474369690614e-05,0.4070391640052443,1766201336.2161078
0.7544519901275635,3.264490842819214,0.5009331703186035,0.00024295074006396494,0.0006254455826126801,0.4083935340034102,1766201336.2261162
0.754648745059967,3.2643089294433594,0.5012673735618591,-0.00038298697862093275,6.476017377404269e-05,0.40675720627851175,1766201336.2361002
0.7541861534118652,3.26485013961792,0.500990629196167,-0.00021932695009348204,0.000778478683173032,0.40940208571071374,1766201336.2361505
0.7544359564781189,3.264540433883667,0.5011120438575745,-0.000574027363886496,0.00040023450643506,0.40803655580384457,1766201336.2560494
0.7545042037963867,3.2644755840301514,0.500985324382782,0.0003262025582667573,0.0007352946722644683,0.4080280765935992,1766201336.2560644
0.7542994618415833,3.264413833618164,0.5012669563293457,-0.00015295238852509288,0.00048295431097327335,0.40903098288829726,1766201336.2660635
0.7545967698097229,3.264267921447754,0.5013730525970459,-0.00013741546812786666,9.030979229662333e-05,0.40730798146913927,1766201336.2761064
0.7544528841972351,3.2644083499908447,0.501431941986084,0.00019958536636310775,8.114453292835116e-05,0.4079832333826462,1766201336.286122
0.7543894052505493,3.2642977237701416,0.5011063814163208,5.590737937662454e-05,0.0007811831627276305,0.40898135005640107,1766201336.286173
0.7543756365776062,3.264406204223633,0.5014445185661316,0.000184278056357548,5.4875005719997906e-05,0.408737986971858,1766201336.2959917
0.7543440461158752,3.264385461807251,0.5013587474822998,-0.0003130353717914161,0.0003903015215855966,0.4087891633473107,1766201336.3060143
0.7543044090270996,3.264385938644409,0.5009831190109253,-0.0002540409736322085,0.0010056955449310057,0.40922145424661577,1766201336.3161192
0.7546026706695557,3.26419734954834,0.5012860298156738,-0.0003127463564518716,0.00021778882538719914,0.4070383968799653,1766201336.3261251
0.7543038725852966,3.264455556869507,0.5009821653366089,0.000259099942568921,0.0008319724904362303,0.40889511908573245,1766201336.3361259
0.7540655136108398,3.264604091644287,0.5010381937026978,-0.00038438949766491574,0.0006952708689989329,0.40981331074054056,1766201336.3361754
0.7543727159500122,3.2644078731536865,0.5009162425994873,-0.00013279829168108401,0.0008680421414252635,0.4084451923685061,1766201336.3460703
0.7540354132652283,3.2648696899414062,0.5011643171310425,0.00043816320114368443,0.00041212869591195366,0.41001889407258474,1766201336.3560476
0.7541505098342896,3.2647619247436523,0.5011172294616699,0.00016222049645239252,0.0003858839897860483,0.4096483984767703,1766201336.3661199
0.7544808983802795,3.26454496383667,0.500970184803009,0.00012625066967474527,0.0007378690862594296,0.4084369136207452,1766201336.376109
0.7544950246810913,3.2646350860595703,0.5008971095085144,-3.326764187686895e-05,0.0009107225273351535,0.40866614038716054,1766201336.3861313
0.7541544437408447,3.2647864818573,0.5013089179992676,3.6243487934398254e-05,0.0005125275851444117,0.4100371598588821,1766201336.3861816
0.7546160817146301,3.264272451400757,0.5013925433158875,1.0838470883429786e-05,-8.011815257824052e-05,0.4069623593362315,1766201336.396026
0.7543600797653198,3.264413356781006,0.5013483762741089,-5.5114704975048256e-05,0.00035311729017114564,0.40848066487391077,1766201336.4060462
0.7543727159500122,3.264383316040039,0.5014235377311707,0.00023960073887430787,0.00019737873111125924,0.4084147217562416,1766201336.4161103
0.7543484568595886,3.2644639015197754,0.5013270974159241,0.00015866116397460832,0.0002539095702431089,0.408441890784143,1766201336.42613
0.7543931007385254,3.2643377780914307,0.5012613534927368,6.14779506915552e-05,0.0002514665035143481,0.40796847484873516,1766201336.436119
0.7538992762565613,3.2648043632507324,0.5010011792182922,-3.596859865662399e-05,0.000769077974059998,0.41076410264638497,1766201336.4361699
0.7543865442276001,3.264439105987549,0.5010175108909607,0.00031051852827590975,0.0007255727794145472,0.4083153498988881,1766201336.4460711
0.7543478608131409,3.2644293308258057,0.5011870861053467,-0.0003321482028688201,0.0003420196599980664,0.40816278536510886,1766201336.4561408
0.7540525197982788,3.264904499053955,0.5011301636695862,0.000237815736989874,0.0003966967135173575,0.41016725406476734,1766201336.4661248
0.7543469667434692,3.2644293308258057,0.5012308955192566,-0.0005536116966219629,0.0005269360237880465,0.40844265363178656,1766201336.4761097
0.7543938159942627,3.264307737350464,0.5009863376617432,-0.00038394137595854793,0.0010423810042749233,0.4085591471843144,1766201336.486128
0.7542566061019897,3.2643632888793945,0.5009310245513916,-0.00034582312540173217,0.0012601835694664306,0.40956381613842496,1766201336.4861774
0.7544583678245544,3.264226198196411,0.5010716915130615,-0.00020673630697557358,0.0009177960653737308,0.40842978913368144,1766201336.4960701
0.7543750405311584,3.2643284797668457,0.5011283159255981,-7.040638390526088e-05,0.0009093797532350575,0.4085529500895501,1766201336.5060182
0.7543458938598633,3.2643349170684814,0.5013382434844971,-0.00030012772282068435,0.00044315427613624215,0.40835858477960185,1766201336.5161247
0.7544411420822144,3.264068365097046,0.5014603734016418,-0.00022849476136230375,0.00021231596137266795,0.407467346551679,1766201336.5260959
0.7545737624168396,3.2641441822052,0.5014205574989319,-0.00012317457757351978,9.269665582853522e-05,0.40679466040975065,1766201336.5361238
0.754514217376709,3.2643182277679443,0.5014528036117554,4.6028814117574015e-05,-8.892363963631261e-05,0.40750495704294665,1766201336.5361738
0.7543883323669434,3.264634609222412,0.5011767148971558,-8.4474704046254e-05,0.00018630316004376323,0.4081217106984358,1766201336.5459812
0.7543618679046631,3.264639377593994,0.5008746385574341,-5.629480192999995e-06,0.0009174640700095454,0.4089325920374506,1766201336.5661137
0.7546510696411133,3.264848232269287,0.5012585520744324,0.00034515760199221434,-0.0003424263077102965,0.4070123908834692,1766201336.5661633
0.7545225620269775,3.2649550437927246,0.5008978247642517,0.00025494691165917717,0.0007378662832965942,0.40841704841569026,1766201336.5760603
0.7546408176422119,3.26483416557312,0.5011098980903625,-2.077449271172263e-05,-3.59576417217028e-05,0.4072490086716522,1766201336.5860562
0.7544842958450317,3.2647933959960938,0.5008209347724915,-6.265401975114251e-05,0.0009424363508079866,0.4087900262330045,1766201336.586071
0.7545095682144165,3.264580488204956,0.5010396242141724,-2.795881172614737e-05,0.0010765070651997826,0.4084227791998543,1766201336.596123
0.7544713020324707,3.264461040496826,0.5010293126106262,0.00010196994384870667,0.0008887166606899882,0.40858382277621313,1766201336.606124
0.7545048594474792,3.2643728256225586,0.5010547041893005,-5.5380129031527116e-05,0.0007369746500303627,0.40846876011852506,1766201336.6161022
0.7543594837188721,3.264519214630127,0.5013229250907898,-0.00025012803563724393,0.0003706511410058172,0.40892048905637907,1766201336.6260676
0.7544569373130798,3.2644643783569336,0.501388430595398,-0.00010373034922094877,0.00039979664953589654,0.40866512340499084,1766201336.6361046
0.7544459104537964,3.2644805908203125,0.5013201832771301,-0.00032346971148507946,0.0003580018548861943,0.4085920249900095,1766201336.6361542
0.7544074654579163,3.2644431591033936,0.5010362863540649,0.00027977163316517437,0.000785166199616378,0.4089764586455554,1766201336.6459882
0.7547442317008972,3.264233350753784,0.5014028549194336,8.673815249488785e-06,-7.885046726736334e-05,0.4061729991994598,1766201336.6660693
0.7543644905090332,3.2644400596618652,0.5012959241867065,-0.00014922061210639154,0.00042417795299411876,0.4083982598876002,1766201336.666121
0.7543615102767944,3.2644169330596924,0.5009691119194031,-0.0001613700779850136,0.0010739536234039059,0.40867040129646814,1766201336.6760545
0.7544630765914917,3.2645504474639893,0.5009052157402039,0.00023120650602197676,0.0008850570734711534,0.40792448915002566,1766201336.686129
0.7538186311721802,3.2651402950286865,0.5008470416069031,0.00014713651790066663,0.000999306376640592,0.4119152422465514,1766201336.6861782
0.7545202374458313,3.26456880569458,0.5012296438217163,8.279339145261723e-05,0.00013244606036158662,0.4074806903603366,1766201336.696018
0.7546190023422241,3.2643439769744873,0.501263439655304,-0.000340888059939337,0.0002267067188467494,0.406886040557173,1766201336.7061315
0.7542227506637573,3.2644269466400146,0.5012900829315186,-0.00024630744035702165,0.0005674232102537651,0.40902735632367315,1766201336.7161274
0.7543343305587769,3.264427661895752,0.5009632110595703,2.8362714025944962e-05,0.0008539827467646241,0.40917121705713133,1766201336.7260616
0.7544094920158386,3.264317750930786,0.5010130405426025,-0.00011846082463122157,0.0008760121039607394,0.4086372535251361,1766201336.736111
0.754544734954834,3.2643473148345947,0.5010036826133728,-0.00012939587693620584,0.0008294157800882469,0.40789852223105993,1766201336.7361617
0.7544894814491272,3.264310121536255,0.5010536313056946,2.960525150599387e-05,0.0007649926179056351,0.408531378969439,1766201336.746081
0.754426121711731,3.2644386291503906,0.5013000965118408,-3.119344604243646e-05,0.00016984297437906652,0.4081761435132715,1766201336.7561069
0.7543670535087585,3.2642569541931152,0.5013366341590881,-0.0004930400389122724,0.0004200956527389433,0.4084168216122429,1766201336.7661307
0.7540698051452637,3.264671802520752,0.5012105703353882,0.00022664008659489327,0.0004963690883902829,0.4103161186167454,1766201336.7760623
0.7543907761573792,3.26448917388916,0.5009498596191406,0.00023705704552859426,0.0007636264404429348,0.40849253746038566,1766201336.7862644
0.7544781565666199,3.264383554458618,0.5012721419334412,-0.00020012317786579828,0.00021852371683689476,0.40759016023886807,1766201336.7862866
0.7543257474899292,3.2645530700683594,0.5011592507362366,-6.877157074918151e-05,0.00028557850811593126,0.40837097329011907,1766201336.7959917
0.7543895244598389,3.2646515369415283,0.5010364055633545,-6.757638639574627e-05,0.00029172957342099505,0.40805538200364727,1766201336.806155
0.7544242143630981,3.2645015716552734,0.5012339949607849,0.0001583678766084753,0.00010407576245816709,0.40787446590623944,1766201336.816097
0.7541887760162354,3.2646257877349854,0.5011234283447266,-0.0002520493817353544,0.00048094162899820387,0.4091733763716506,1766201336.8360648
0.7545195817947388,3.264350414276123,0.5013380646705627,0.00013457703964920965,6.358686395514943e-05,0.40775625069058513,1766201336.8363647
0.7545889616012573,3.2642672061920166,0.5012442469596863,-0.0005042408611254719,0.0001547724511392646,0.4073762105695495,1766201336.8460655
0.7544260025024414,3.2642667293548584,0.5010541081428528,-9.686256276852444e-05,0.0008775401122882963,0.40882740226122094,1766201336.8461952
0.7545216679573059,3.264242649078369,0.5013527870178223,-0.00027388709038064134,0.00020304582336223332,0.4075590136903549,1766201336.8560004
0.7545060515403748,3.2642500400543213,0.5013478994369507,-0.00035514837222011775,0.00022107605775801615,0.4078903338786006,1766201336.8660872
0.7542157173156738,3.2645459175109863,0.5013098120689392,5.350261494035363e-05,0.00044511287023959523,0.4094122050858417,1766201336.8760717
0.7544153928756714,3.264374256134033,0.5013813972473145,-0.00022497932309568686,0.00024024401147982628,0.40818225085088966,1766201336.8861344
0.7538150548934937,3.264909505844116,0.5010217428207397,-7.767343807142446e-05,0.0009718986043803631,0.41147908265659655,1766201336.8862102
0.7543270587921143,3.2644481658935547,0.5011827349662781,-0.00025026796473590193,0.00036458168867265,0.40863130815062804,1766201336.8960097
0.754283607006073,3.2644879817962646,0.5008087158203125,-0.00033472833870733644,0.0010938056124902304,0.4092246665866646,1766201336.9060144
0.7544637322425842,3.264496326446533,0.5011599659919739,-0.00027189100360720944,0.000281534582797037,0.4075739314436824,1766201336.9160702
0.7544598579406738,3.264650821685791,0.500923752784729,0.0005414868960239916,0.0006631666437174701,0.4080748662167491,1766201336.926068
0.7544081807136536,3.2645528316497803,0.5011138916015625,-0.00020742818660554713,0.00032353715366943036,0.40805197394006915,1766201336.9360788
0.7544239163398743,3.2644171714782715,0.5008955597877502,5.8395508030352505e-06,0.000947427816010912,0.40852775257738677,1766201336.9361293
0.7543367147445679,3.2644619941711426,0.5011826753616333,-0.0004977517014924623,0.0005514915643993053,0.40868563414011605,1766201336.9459803
0.7544764280319214,3.2643704414367676,0.501361608505249,-2.6865211422706153e-05,0.00024613511522620426,0.40771214876800976,1766201336.95608
0.7544952630996704,3.264319658279419,0.501079797744751,0.00043509282891520876,0.0007180193533625724,0.40827198944034426,1766201336.9661195
0.754490852355957,3.2643280029296875,0.5010852217674255,7.146954187603931e-05,0.0007179722353661638,0.40817964373733634,1766201336.9760492
0.7544749975204468,3.264268398284912,0.5013487935066223,-0.00018232382008838893,0.00033725346764417765,0.4080739705933817,1766201336.9861212
0.7545967698097229,3.2642414569854736,0.5013712644577026,-0.00034967725316014113,0.0003014774113343266,0.4072313282651684,1766201336.986173
0.7543523907661438,3.2643625736236572,0.5010694265365601,0.00023609021591856905,0.000943784325620029,0.4090441434887035,1766201336.9960122
0.7545027136802673,3.264272451400757,0.5014078617095947,-0.00010082789879077676,0.00019305113114232426,0.4077976179156131,1766201337.0060372
0.7545552849769592,3.2642996311187744,0.5013003349304199,8.19234147654058e-06,7.500026059127253e-05,0.40715108441561915,1766201337.016132
0.7543750405311584,3.264470338821411,0.5009395480155945,0.00012107462865638644,0.0008174997036854249,0.40852805694354494,1766201337.0260608
0.7541251182556152,3.264616012573242,0.5010619759559631,-3.500652302228912e-05,0.000609032687607169,0.40956088230456217,1766201337.0360532
0.7544186115264893,3.264497995376587,0.5011624097824097,-1.5889837793638233e-05,9.13756397660727e-05,0.4075707889327141,1766201337.0361052
0.754626989364624,3.264251708984375,0.5012091398239136,-0.0003818035904919719,6.04774033643391e-05,0.4064358293281968,1766201337.045947
0.7543814778327942,3.264359951019287,0.5012400150299072,-0.0002366952107067343,0.0002985147569195211,0.40804813091665953,1766201337.0561087
0.754349410533905,3.264422655105591,0.5009287595748901,8.98122758655318e-05,0.0008172437617607555,0.4088127816630975,1766201337.0660973
0.7546288967132568,3.2642319202423096,0.501359760761261,-0.0001974593276152864,-2.344520856108968e-05,0.40711179137717424,1766201337.0761034
0.7544062733650208,3.264312267303467,0.5013484954833984,-0.00026644687866200935,0.00037499641821946725,0.4084555916316177,1766201337.0861309
0.754371702671051,3.2643208503723145,0.501020073890686,-0.00046641652643097324,0.0009451610857668373,0.4090496515921762,1766201337.0861814
0.7545150518417358,3.2642881870269775,0.5010294914245605,-4.142960912497341e-05,0.0007842262287130619,0.40821148612454516,1766201337.096012
0.7545744180679321,3.2643022537231445,0.5010930299758911,8.681877883031679e-05,0.0006350458222909823,0.4076491497247069,1766201337.106042
0.754414975643158,3.2644052505493164,0.5013101100921631,-7.827483608551071e-05,0.0003117986455186566,0.4083809489172689,1766201337.116121
0.754455029964447,3.2642569541931152,0.5013715028762817,-0.00012310543193178733,0.00023307214612753243,0.4079249954415141,1766201337.1260974
0.754492461681366,3.2643520832061768,0.5011916756629944,-0.0004763409237974491,0.00027562052637388666,0.4077873404564029,1766201337.1361253
0.7540984153747559,3.264784574508667,0.5009961128234863,-0.00015619774465285168,0.0006218646903585696,0.4097871763517985,1766201337.136177
0.7543320655822754,3.2644755840301514,0.5011583566665649,-0.00026743044632967605,0.00046499324070301527,0.40836417636577693,1766201337.1460073
0.7539976239204407,3.2649121284484863,0.5009077191352844,-0.00027237149166608505,0.0005970140134148206,0.4104443889785909,1766201337.1560462
0.7543555498123169,3.2645580768585205,0.5008375644683838,1.12665040818587e-05,0.000896663305023088,0.4087220323375149,1766201337.1661048
0.7543883323669434,3.2643685340881348,0.5009642839431763,0.000286155743576354,0.0007522073059024595,0.40860772161520115,1766201337.1761384
0.7544301152229309,3.264314651489258,0.5012003183364868,-0.0005370011217899411,0.0002916654909327612,0.40808897303169434,1766201337.186106
0.7544201016426086,3.264249801635742,0.501359224319458,-0.000269481193535521,0.0003001314257563978,0.40828132393442823,1766201337.1861572
0.7543151378631592,3.2643611431121826,0.5013125538825989,-0.00032981693607213395,0.0004078207729206832,0.4087324733234174,1766201337.1960492
0.7545130848884583,3.2643015384674072,0.501096248626709,-6.525605915949633e-05,0.0007700980535469382,0.4082077718542622,1766201337.2060413
0.7546615600585938,3.264040946960449,0.5014011859893799,-0.0003465440385100447,0.00014698922140304006,0.40666033364447085,1766201337.216105
0.7544626593589783,3.2642159461975098,0.5013872385025024,-0.0002064667451469495,0.00018403817641751046,0.4079034004888792,1766201337.2261171
0.7543154358863831,3.2645928859710693,0.5012302398681641,0.00011534936820293187,0.00019630428840751465,0.40889123966321,1766201337.236131
0.7543346881866455,3.2644875049591064,0.5012558698654175,-0.00028285600257451087,0.00030908251063516715,0.40894547130852205,1766201337.2461095
0.754485011100769,3.264399528503418,0.5009432435035706,5.875189769910325e-05,0.0008604894754259847,0.4082216274040605,1766201337.2461717
0.7543651461601257,3.2645795345306396,0.5008440017700195,-0.00019924143837593355,0.0009484634359343843,0.40895105121388403,1766201337.256061
0.7543774843215942,3.26444935798645,0.5009261965751648,-3.980630362106626e-05,0.0008508009382195009,0.4087933748061652,1766201337.2661083
0.7542557716369629,3.264500856399536,0.5012524127960205,-0.00031902650405340484,0.00048766449702992656,0.4089425048300418,1766201337.2760885
0.754306435585022,3.26448917388916,0.5011751651763916,-0.0002456861769844685,0.0004480678187522828,0.4086984809037828,1766201337.2860909
0.7543273568153381,3.2645106315612793,0.5009357333183289,2.7490093510440445e-05,0.0009849376702970836,0.4086714303279304,1766201337.2861428
0.7543041706085205,3.2644202709198,0.5009901523590088,-5.572796720181746e-06,0.0010348734169110367,0.4092988952272885,1766201337.2960432
0.7544645071029663,3.2644095420837402,0.5009193420410156,-0.0004021678134336286,0.001008672851754343,0.40817170761305527,1766201337.3060393
0.7544490098953247,3.264374256134033,0.5010236501693726,-0.00018923464863909907,0.0009665256490797683,0.4088265753681131,1766201337.3161163
0.7545781135559082,3.2644009590148926,0.5010475516319275,9.49300908245597e-05,0.0006335726595407411,0.4080286237601292,1766201337.3261263
0.7543257474899292,3.264439582824707,0.5013316869735718,-0.00019512228234794105,0.0004123070010511609,0.4088386715586087,1766201337.336138
0.7544662952423096,3.2641093730926514,0.5014163851737976,-0.00015630976431853043,0.00025968146957302044,0.407656746141805,1766201337.3361866
0.7543863654136658,3.264213800430298,0.5013431906700134,-0.0003406023431171526,0.0003103414301978637,0.4082365167451208,1766201337.346059
0.75438392162323,3.264242649078369,0.5013745427131653,-8.022327168332233e-05,0.0002644399583325045,0.4078423775937973,1766201337.3561072
0.7544047236442566,3.264301061630249,0.5010109543800354,-4.17235120853621e-05,0.0008053873029216863,0.4083235842413708,1766201337.3661413
0.7544238567352295,3.2641913890838623,0.5012868046760559,-0.0001852648000672269,0.00027182298334024686,0.40773489864102386,1766201337.376106
0.7543114423751831,3.264474868774414,0.5012670159339905,0.00022681271428309232,6.642799232783794e-05,0.4082560762350522,1766201337.3861272
0.7543463110923767,3.2645716667175293,0.5012018084526062,-0.0002531919962161366,0.0003658136171747893,0.40789373533213935,1766201337.386176
0.7545661926269531,3.264461040496826,0.5012510418891907,-0.0001281576219925473,-0.00010747825480392304,0.4071259513664454,1766201337.3960583
0.754542887210846,3.264382839202881,0.5013816356658936,0.00015869726483229115,0.00010174467868534834,0.40748832710900096,1766201337.4061146
0.7544060349464417,3.2644801139831543,0.5012595057487488,-3.667340194729991e-05,0.00024417119138048346,0.4082652743434168,1766201337.416133
0.7545862197875977,3.2642905712127686,0.5013423562049866,0.0001192848836898327,-7.081190491453334e-05,0.4070993653762085,1766201337.4260738
0.7545236945152283,3.264299154281616,0.5010355710983276,-1.8509063417582412e-05,0.0008331736760059937,0.40805385248039966,1766201337.436014
0.7541862726211548,3.2645645141601562,0.501237154006958,-0.00011589354034859955,0.00047336418599263204,0.4094250128605827,1766201337.4460917
0.7543724179267883,3.264413595199585,0.501308262348175,0.00013082734351189143,0.0002843374380792763,0.4087669673645271,1766201337.4461136
0.754334568977356,3.264446496963501,0.5013588666915894,0.00025234684995634286,0.00020955518573706532,0.40840827181469147,1766201337.4561284
0.7543876767158508,3.264561414718628,0.5012660622596741,0.00010493161723783775,0.00016682722905809482,0.40838580839170147,1766201337.4661279
0.7544793486595154,3.264356851577759,0.5013002753257751,3.908074629505223e-05,0.00010511350644111068,0.4078252108268507,1766201337.4760995
0.7544798851013184,3.264517068862915,0.5009389519691467,0.0004481143612345742,0.0007722690591763698,0.40827163691901286,1766201337.4861329
0.7543990015983582,3.264418840408325,0.5012893676757812,-0.0002235143798779693,0.0003302877541382831,0.40807330325016056,1766201337.486182
0.754412055015564,3.2644340991973877,0.5011647939682007,-0.0002712193526417663,0.0003294448804830337,0.4078795333097039,1766201337.4960456
0.7543708086013794,3.264427423477173,0.5011786818504333,-0.0002561589631846509,0.0002927966277837225,0.4078821660446416,1766201337.5060651
0.753945529460907,3.264779567718506,0.5010042786598206,-0.00012987453820029134,0.0007436373785598047,0.4106485316622425,1766201337.5161192
0.7543851733207703,3.2644314765930176,0.5008617639541626,-0.0002986037845619677,0.0009110094164339001,0.4085699772299554,1766201337.526142
0.754456639289856,3.264392375946045,0.5012488961219788,-0.00024136543421872833,0.00016117179508221723,0.40772236820761415,1766201337.5361056
0.7544510364532471,3.26430344581604,0.5013872981071472,7.156994547123969e-05,2.3068350955906474e-05,0.40768882158087827,1766201337.536155
0.754303514957428,3.264303684234619,0.5009768605232239,-0.00023067838761933423,0.0011166716266644318,0.40903625908757,1766201337.5459867
0.7544929385185242,3.264368772506714,0.5009828805923462,-8.074035462265552e-05,0.000762470001822427,0.40823731171527017,1766201337.5560968
0.754408597946167,3.264387607574463,0.5010091662406921,7.661993639918011e-05,0.0008898477038694568,0.4088293607220156,1766201337.56611
0.7543916702270508,3.264397144317627,0.5010204911231995,-0.0001719405336470805,0.0009071261454271994,0.4087523019299735,1766201337.576088
0.7546265721321106,3.2641711235046387,0.5013184547424316,-0.00041886394571759983,0.00010614582525604329,0.4072340527796482,1766201337.5861332
0.754669189453125,3.2643141746520996,0.5012727975845337,-0.0004719079397626311,0.0001784187149331976,0.4068054089766316,1766201337.5861826
0.7544169425964355,3.2644591331481934,0.5009407997131348,-0.00025433469798355317,0.0008501011436646057,0.40874767675147977,1766201337.5960371
0.7544405460357666,3.2645211219787598,0.5012843608856201,8.802718883236598e-05,0.00028590600500347105,0.40800335486627115,1766201337.6059637
0.7543689608573914,3.264369487762451,0.5009865760803223,-3.665389329459893e-05,0.0008233019927953905,0.408476341291803,1766201337.616013
0.754315972328186,3.2643625736236572,0.5012240409851074,-0.00025551184553785765,0.0003942888227911631,0.4086595115088007,1766201337.6260371
0.7540121674537659,3.264709949493408,0.5010985732078552,-0.00016097972131024147,0.0007522726041572974,0.4102039809067454,1766201337.6360738
0.7543767094612122,3.2644553184509277,0.5011680126190186,-0.00014015933482060833,0.00018071011300418077,0.4080571785542742,1766201337.6361222
0.7542452812194824,3.2644424438476562,0.5009351372718811,0.000226303007113974,0.001007494054676583,0.40950790184718766,1766201337.6460345
0.7540764212608337,3.264669418334961,0.5010910034179688,-3.898507025108377e-06,0.0004786273751637948,0.4102230292178175,1766201337.6560974
0.7543338537216187,3.2644288539886475,0.5012253522872925,-0.00024931785032354713,0.000354078053828932,0.4085239469256133,1766201337.6660416
0.7543702125549316,3.2643160820007324,0.5014039278030396,0.00020937177779707861,5.5162965793644885e-05,0.408639922619443,1766201337.676111
0.7545046806335449,3.2643516063690186,0.5010160803794861,0.00020500418199830857,0.0006727956614963858,0.4079326545680061,1766201337.686133
0.7539573907852173,3.2647557258605957,0.5011715888977051,0.00029670354401085237,0.0005427085345086242,0.4106786386931669,1766201337.6861818
0.7544066309928894,3.264338970184326,0.501304566860199,-0.000298212130690088,0.00024745512100293363,0.40825458768090617,1766201337.6959996
0.7543591260910034,3.2643778324127197,0.5010559558868408,0.00028983006966420635,0.0008331907671652113,0.4086073653535966,1766201337.7060456
0.7544259428977966,3.2643799781799316,0.5009236335754395,-2.222237642633539e-05,0.0008599501290257941,0.4083595071998936,1766201337.7161252
0.754508912563324,3.2643861770629883,0.5012840032577515,1.941993738593678e-05,9.819146225066839e-05,0.40746285422013123,1766201337.7261531
0.7544640898704529,3.2643883228302,0.5009991526603699,0.0003922003277678648,0.000773317828116236,0.4076571122725158,1766201337.7360451
0.7543931007385254,3.264350414276123,0.5009548664093018,0.0001566670423814346,0.000987229057311357,0.4085996777224166,1766201337.7360575
0.7543789148330688,3.264517307281494,0.5010995864868164,-0.00029351254582459635,0.00043038368271704365,0.40799395223797263,1766201337.7460449
0.753958523273468,3.2647714614868164,0.5010216236114502,-0.00013129346912902238,0.000648027993287829,0.4108921171908753,1766201337.756042
0.7543874382972717,3.2643914222717285,0.5012376308441162,-8.193990137459935e-05,0.00022902669237235009,0.4083160258445021,1766201337.7661006
0.7544862031936646,3.264460802078247,0.5012233257293701,0.00022089961063684338,1.0368860315204689e-05,0.4074955025610588,1766201337.7761192
0.7544354200363159,3.264324903488159,0.5009855031967163,0.00011407518051777095,0.0008690093680356265,0.4084304538580609,1766201337.7861252
0.7546019554138184,3.2640748023986816,0.5013800263404846,-0.0003848111033124171,8.558623339270205e-05,0.4070173735978351,1766201337.7861757
0.754105806350708,3.2645583152770996,0.5011519193649292,-0.0002129979959762741,0.0006152863644421073,0.40995443449852126,1766201337.7960637
0.7541226148605347,3.2646257877349854,0.5011797547340393,-0.00011992431601457602,0.0005704622572039138,0.4098135268772355,1766201337.806035
0.7542505264282227,3.2644712924957275,0.5012816190719604,-0.0002962885542117049,0.00037238479261778024,0.409092832194075,1766201337.816047
0.7544216513633728,3.2643611431121826,0.5013396739959717,-0.00014276219170381499,0.0002194517985259941,0.4080855587328782,1766201337.8261232
0.7542343139648438,3.2644858360290527,0.5012495517730713,4.384014649733871e-05,0.000423648668738297,0.40899436467718586,1766201337.8361166
0.7542930841445923,3.264537811279297,0.5009527206420898,9.746292403193561e-05,0.0007762386707035286,0.4087620021918225,1766201337.836219
0.7544839978218079,3.2642433643341064,0.501212477684021,-0.0003579780792123427,0.0003572994297523807,0.40740766127732386,1766201337.8460689
0.75437331199646,3.2643861770629883,0.5009213089942932,2.393792123871002e-05,0.0009184566622773234,0.4086594219692596,1766201337.8561153
0.7539044618606567,3.2646734714508057,0.5010979771614075,-0.000161145042042887,0.0006935716726446837,0.410653211662426,1766201337.866119
0.7541779279708862,3.264529228210449,0.501153290271759,0.00013705156555823952,0.0004203945221514238,0.4092326977262622,1766201337.8761036
0.7543597221374512,3.2643542289733887,0.5009697675704956,4.2685558314587496e-05,0.0008693055924200231,0.4085936573123417,1766201337.886102
0.754511833190918,3.2642600536346436,0.5013646483421326,-5.540356964283754e-05,0.00013727870037725208,0.407315968255364,1766201337.8961031
0.7547826766967773,3.2641115188598633,0.5013951659202576,-0.00023939469578040357,-2.200375542122403e-06,0.4060290840592161,1766201337.8961515
0.7544963359832764,3.2643442153930664,0.5010474324226379,1.7517039258542677e-05,0.0008581743720128382,0.4079237382215638,1766201337.9060106
0.7546242475509644,3.2641844749450684,0.5013694763183594,-9.700504646207355e-05,-1.863708795177182e-05,0.40697821777084714,1766201337.9160504
0.7545374035835266,3.264235496520996,0.5014053583145142,4.355497775263163e-05,0.00014388510499584433,0.4075197445124946,1766201337.9260306
0.754388689994812,3.2642369270324707,0.5013896226882935,-0.0002796550737239312,0.0003891277176520638,0.40851363762350285,1766201337.9361095
0.7546199560165405,3.264336347579956,0.5014259815216064,9.679602308282187e-05,-4.456641997565378e-05,0.4067709049524243,1766201337.9361577
0.754428505897522,3.264275550842285,0.5010301470756531,0.0001116593517658144,0.0009234972350986571,0.4084353185417558,1766201337.9460716
0.7540880441665649,3.2647430896759033,0.5011407732963562,0.0001124777114334757,0.0005381217275795173,0.40973804037357675,1766201337.9561298
0.7539311647415161,3.264888048171997,0.501021683216095,0.00016300491989064764,0.0007746405150161706,0.41083070550520107,1766201337.9660816
0.7545112371444702,3.2643942832946777,0.5009453892707825,0.00034749149461862786,0.0006354658028135667,0.4077881535332346,1766201337.976129
0.7543431520462036,3.2643792629241943,0.5009307861328125,-0.0001021538676194095,0.0008962897903095537,0.4084532470075918,1766201337.9861069
0.7535462975502014,3.265056848526001,0.5009661316871643,0.00029430741517042863,0.0011199152340584564,0.4130394228895658,1766201337.9961088
0.7542558908462524,3.264479160308838,0.5013431906700134,0.00027402067248942844,0.00023560103462579704,0.40862403365607,1766201337.99616
0.7542579174041748,3.2645180225372314,0.5011115074157715,-0.00038247038407470085,0.00047457262864760086,0.40858120199897613,1766201338.0060716
0.754520058631897,3.2645328044891357,0.5012389421463013,-0.0004738766165008951,0.00021306228188147845,0.4080178990103914,1766201338.016123
0.7543783187866211,3.2645938396453857,0.501300573348999,-0.0002703482835860626,0.00025568230605655214,0.4085999160180359,1766201338.0261087
0.7545567750930786,3.2643744945526123,0.5010741353034973,-4.494632388539597e-05,0.0008072866142876709,0.4080168032291839,1766201338.0360997
0.7545371055603027,3.264286756515503,0.5013910531997681,-0.00010305272201933573,0.00018714006149464366,0.40745077948345093,1766201338.036148
0.7545266151428223,3.2642569541931152,0.5013133883476257,-0.00033588818772213076,0.0001424311693312776,0.40747327934055466,1766201338.0460722
0.7544712424278259,3.264230251312256,0.5010133385658264,-0.00020088085856258806,0.0009415402703178127,0.40858613342702427,1766201338.0561059
0.7543551921844482,3.2644784450531006,0.5012754201889038,-0.0002041084326281142,0.0003736862851727686,0.4083239815022116,1766201338.066118
0.7543038129806519,3.264400005340576,0.501250147819519,-0.0003943625309059202,0.0004686156293648337,0.4087931292311593,1766201338.0761223
0.7545726895332336,3.264350414276123,0.5012249946594238,-0.000307151080904812,0.00019296315169015153,0.40713627220550397,1766201338.0860834
0.7544845342636108,3.2643134593963623,0.5012328028678894,-0.00030589144048661276,0.0003123893088894498,0.40763619809679885,1766201338.0861964
0.7545104622840881,3.26432466506958,0.5010511875152588,0.00025370718557682684,0.0006987994767707363,0.4081195751258993,1766201338.0961397
0.7544811964035034,3.26432204246521,0.5009959936141968,-0.00010420968553972971,0.0007844380626136765,0.4082408369287763,1766201338.1061049
0.7543964982032776,3.2643213272094727,0.5009989738464355,-7.430987831495726e-05,0.000882308793240249,0.4084838802799687,1766201338.116126
0.7544612884521484,3.264206886291504,0.5010553598403931,-0.0001636563574479523,0.0008455463682284729,0.40827246445282983,1766201338.1260915
0.7545247077941895,3.2643165588378906,0.5010631680488586,0.00010538636575365156,0.0006859229555319534,0.4078906326754654,1766201338.1361206
0.7544065117835999,3.2643332481384277,0.5011029243469238,4.934177082251389e-05,0.0008096656481464879,0.4086587063861101,1766201338.1361694
0.7544527649879456,3.264171600341797,0.5011194348335266,-4.890852089444378e-05,0.000788965069227618,0.40840588228447067,1766201338.1460693
0.7543632388114929,3.264312505722046,0.5011017322540283,0.00026750956062187713,0.0007411079452787999,0.40872759693527494,1766201338.1561184
0.7543966770172119,3.26426362991333,0.5010790824890137,2.8209346706396904e-06,0.0007247531919075681,0.4088616496996815,1766201338.1661055
0.754499077796936,3.264348268508911,0.5010190010070801,0.00012489402176484146,0.00071732983390628,0.4080444664025359,1766201338.1761231
0.7543683648109436,3.2643871307373047,0.5009429454803467,8.701911796450766e-05,0.0009126083996902187,0.40869316349503737,1766201338.186078
0.7545086741447449,3.264474630355835,0.5009602904319763,0.00017123176283465603,0.0006287191611317711,0.4078879030197613,1766201338.18613
0.7544320821762085,3.264524221420288,0.5011852383613586,3.65581665528449e-05,0.00013004145253220773,0.4079720048177483,1766201338.1960652
0.7543941736221313,3.26450777053833,0.5012516379356384,-6.710076490020388e-05,0.00016213281498110436,0.40804821917393996,1766201338.2060285
0.7544470429420471,3.2644710540771484,0.5008543729782104,-0.00022305394059416917,0.0009404346647855674,0.40808459399111074,1766201338.2160962
0.754347562789917,3.264346122741699,0.5012972354888916,-0.00010261110266782091,0.00028026210590789534,0.40816858010949386,1766201338.2261293
0.7544288039207458,3.264232635498047,0.5013118982315063,-0.0001421881865056089,0.00028461651374715757,0.40800499963790565,1766201338.23611
0.7544715404510498,3.264305591583252,0.5010738968849182,0.0003724902746927248,0.0006622263432174497,0.40820242562336906,1766201338.2361603
0.7544440627098083,3.264331817626953,0.5009921193122864,-7.768692233140819e-05,0.0009511196749641083,0.4084061464463456,1766201338.2460759
0.7544023990631104,3.2643473148345947,0.5010112524032593,-6.318754593914947e-05,0.0008855111048306022,0.40879683070003336,1766201338.2561188
0.7543835639953613,3.2643251419067383,0.5010622143745422,0.00018642785744430165,0.0007555791443381905,0.40880798189138307,1766201338.2661068
0.7546234726905823,3.2643096446990967,0.5010506510734558,6.95199038021681e-05,0.0007803332187462376,0.40770673279190406,1766201338.276108
0.7544411420822144,3.2642340660095215,0.5010194778442383,-0.00010357210562705863,0.0007664856527847646,0.4086311048066493,1766201338.2861328
0.7544217705726624,3.2643494606018066,0.5010210871696472,6.668179157919312e-06,0.0007318155150441453,0.4084674505610038,1766201338.2861829
0.7544753551483154,3.2644407749176025,0.5010005831718445,0.000172899806999954,0.0007603029132649789,0.4080806898767342,1766201338.3060114
0.7543733716011047,3.264329195022583,0.5010398030281067,0.00036221868566162896,0.0008151999712404555,0.40880979506235904,1766201338.3060274
0.7542756199836731,3.2644283771514893,0.5009036064147949,-0.00010543787613906217,0.0010148039393595265,0.40883646964834724,1766201338.316117
0.7545424699783325,3.264232873916626,0.5012757778167725,-0.0002821865025441494,0.00017571488046243188,0.4067167656244012,1766201338.3261278
0.754260778427124,3.26456880569458,0.501181423664093,-0.00038260487099162993,0.0003900620707825818,0.40872630005297605,1766201338.3361127
0.7543535232543945,3.264446258544922,0.5009689927101135,0.00022976424916233844,0.0008905862885261744,0.4087881886523269,1766201338.336164
0.7544217109680176,3.264409065246582,0.5009673833847046,0.0001718711224703186,0.00076987736270585,0.40857328194977394,1766201338.3460612
0.7544921636581421,3.264293670654297,0.5010215640068054,0.00023109698007097666,0.0008243687106816238,0.4080311736274368,1766201338.356107
0.7544339299201965,3.264343500137329,0.5009875297546387,-7.22178988743553e-05,0.0008598370637872565,0.4084007743736198,1766201338.3661017
0.7544426918029785,3.2643749713897705,0.5009921789169312,0.0001453554562899212,0.0009273518234242845,0.4086380973751496,1766201338.3761287
0.7544236779212952,3.264207363128662,0.5010859370231628,0.00011738931659979008,0.000789013939938464,0.4086563889251801,1766201338.3860807
0.7544105052947998,3.264286994934082,0.5010431408882141,-5.8377600655165275e-05,0.0009168597739227497,0.40852786396125945,1766201338.3861308
0.7544078826904297,3.2642436027526855,0.5014110207557678,0.0001680163014760641,7.742766198671169e-05,0.4080078079375929,1766201338.4061296
0.7544112205505371,3.2641682624816895,0.5013800263404846,-0.0003724430163360753,0.00040503071379424584,0.4079587297016426,1766201338.4061804
0.7545615434646606,3.2642595767974854,0.5012966394424438,-0.000329086945952018,0.00015592597282403293,0.4069960951322019,1766201338.4161239
0.7542538642883301,3.2644050121307373,0.500929594039917,3.9168583702662094e-05,0.0009806571976699208,0.4092016692917145,1766201338.4261205
0.7543675303459167,3.2644660472869873,0.5009729266166687,0.0005839020364104514,0.0005682119840418611,0.40835071101335624,1766201338.4361248
0.7543846368789673,3.264341354370117,0.5009697079658508,0.00011479396016403066,0.0008577774063246916,0.4085982296732622,1766201338.4361744
0.754311740398407,3.26436448097229,0.5009549260139465,-6.020480537803302e-05,0.000942758325565487,0.4087474888504457,1766201338.446068
0.7543619871139526,3.264240264892578,0.500983715057373,-0.000104952498694232,0.0007797809890304157,0.4084172052681807,1766201338.4560416
0.7543533444404602,3.264270305633545,0.5010252594947815,0.00010220967664395942,0.0007956411280588853,0.4085940537957096,1766201338.466067
0.7543201446533203,3.264165163040161,0.5010344386100769,-0.00023297072693094622,0.001008272442184382,0.4089605735525163,1766201338.476117
0.7544029951095581,3.2640843391418457,0.5011609196662903,0.00013624002354595762,0.0008317096494443525,0.408170387103774,1766201338.486109
0.7543988227844238,3.264104127883911,0.5011128783226013,-0.00026815460715071484,0.0009328668519235578,0.40846769741764194,1766201338.4861574
0.7545038461685181,3.2641491889953613,0.5010917782783508,-3.8169025393085394e-05,0.0009085129265350123,0.40802293070830775,1766201338.4960513
0.7544584274291992,3.2642197608947754,0.5011596083641052,4.70186501339787e-05,0.0008320525118263472,0.40840210403090577,1766201338.5061169
0.7544529438018799,3.2643563747406006,0.5010433197021484,1.8787473327931698e-05,0.0008257916102868715,0.4084421068558544,1766201338.5161185
0.7544450759887695,3.2643463611602783,0.5010123252868652,9.007660104757566e-06,0.0008595139542820416,0.4085458378532071,1766201338.5260837
0.7544868588447571,3.2642769813537598,0.5009939670562744,-0.00020962844745425513,0.0008876194342006167,0.4082995547730454,1766201338.5361266
0.7546047568321228,3.2644190788269043,0.5009613633155823,0.00017390833289839295,0.0006822074919705477,0.4076015467458939,1766201338.5361764
0.7543590068817139,3.2644617557525635,0.5008440613746643,-0.00021567160576878847,0.0010504820682407938,0.40887091058470076,1766201338.546094
0.7544589042663574,3.264512062072754,0.5009174346923828,0.00023375619363852167,0.0008267187406298365,0.40859437740036153,1766201338.5560515
0.7544118165969849,3.2645204067230225,0.5008712410926819,0.00012337478391910342,0.0007719766155655924,0.4087374992702005,1766201338.5660586
0.7544165849685669,3.264523506164551,0.5009462237358093,0.00014714389915347002,0.0008096426487134279,0.408675911294586,1766201338.5761192
0.7543767690658569,3.264409065246582,0.5009775161743164,-0.00014418509083519455,0.0009566336100580864,0.4090842404085994,1766201338.5860767
0.7544280290603638,3.264353036880493,0.501034677028656,-8.383624726859201e-05,0.0009340797505936364,0.40860939834420573,1766201338.5861259
0.7544191479682922,3.2642815113067627,0.5009159445762634,-0.0004008593006614972,0.0010709088836557456,0.4087524279125921,1766201338.5960557
0.7545040249824524,3.2644176483154297,0.5009844303131104,0.0002105547465146315,0.0007141465882152318,0.4082761099284297,1766201338.606095
0.7544203996658325,3.264317512512207,0.501041054725647,-0.000156418339830709,0.0008218953211454071,0.408491984116615,1766201338.6161065
0.7544488310813904,3.264258861541748,0.5010156035423279,-4.222883418272183e-07,0.0009422935482286069,0.4087778796343084,1766201338.626076
0.7545290589332581,3.2643396854400635,0.5010569095611572,0.0003073245176507803,0.0006063328971208636,0.40809029176358314,1766201338.6361113
0.7545411586761475,3.2642505168914795,0.5013643503189087,-7.409516020050168e-05,1.5445545099557413e-05,0.4075068645250643,1766201338.6361618
0.7544580698013306,3.2643210887908936,0.501314103603363,-0.0001030984225390506,0.0002065434327713923,0.4081644799260903,1766201338.6460576
0.7544054985046387,3.2644402980804443,0.5009262561798096,9.087123718181902e-06,0.0008287808284014349,0.40840150958223925,1766201338.656045
0.7543985843658447,3.2644407749176025,0.500999927520752,0.00037553809222423055,0.0006929267408149189,0.40853309280366906,1766201338.6660862
0.7542706727981567,3.2644894123077393,0.5010115504264832,0.000510358809091812,0.0007865524109219701,0.4089712249135371,1766201338.6761286
0.7544417977333069,3.2644855976104736,0.5009527206420898,0.00011456362165033866,0.0007685459488246062,0.4079555714516892,1766201338.6861117
0.7543596029281616,3.2644200325012207,0.5009522438049316,4.8443086445084005e-05,0.0008002397190628895,0.40871241383301526,1766201338.686161
0.7543898820877075,3.26440167427063,0.5009371638298035,7.80479702005366e-05,0.0009341807108377232,0.4086373076898834,1766201338.6960597
0.754527747631073,3.2643439769744873,0.5009897947311401,0.0001748885178930771,0.0006411438325837006,0.40797673602583084,1766201338.716096
0.7544662356376648,3.264298439025879,0.5010262727737427,6.82704896425971e-05,0.0008552037687458106,0.40855914802191967,1766201338.716146
0.7546086311340332,3.264273166656494,0.5011076927185059,0.00036092991212449736,0.00057535591947932,0.40726621409289937,1766201338.7260277
0.7544633746147156,3.264392375946045,0.5010412931442261,0.00017752553660572914,0.0008106724989287814,0.4083719105194703,1766201338.7361212
0.7544159889221191,3.264246702194214,0.5011235475540161,1.8583142698799742e-05,0.0008519676285690805,0.40873479476500846,1766201338.736171
0.7545216679573059,3.264233112335205,0.5012954473495483,-0.00034935729132031017,7.604839614971203e-05,0.4072255862516326,1766201338.7460506
0.7542184591293335,3.2643346786499023,0.5013429522514343,-0.00035527588375276016,0.0004954432202601039,0.40911865872558517,1766201338.7560904
0.7542603015899658,3.264292001724243,0.5010064244270325,2.4637523564089718e-05,0.001005527486188906,0.40909179086804054,1766201338.766144
0.7539584636688232,3.264786958694458,0.5010209083557129,0.00023969430823225177,0.000660324534479838,0.4108338676457776,1766201338.7761133
0.7542402744293213,3.264448881149292,0.5011003613471985,-0.0004077181071965506,0.00040983631283993105,0.40919630525027,1766201338.786126
0.754446804523468,3.26436185836792,0.500975489616394,0.0003254948897347048,0.0007925876500785639,0.4082851303527982,1766201338.7861745
0.7542816996574402,3.264493942260742,0.5011947751045227,2.190992504071026e-05,0.00020268813884646888,0.4089195845953329,1766201338.795958
0.7543503046035767,3.264444351196289,0.5009784698486328,0.00023270294667867723,0.0008539060341418249,0.408680084210347,1766201338.806017
0.7542122006416321,3.2646431922912598,0.5011451244354248,0.00019532724819966616,0.00027612661664405333,0.4094164458055611,1766201338.8160634
0.7543017864227295,3.264415740966797,0.5013455152511597,5.297061539316583e-05,0.0003492388392645416,0.40894222246148804,1766201338.8260584
0.7544364333152771,3.26434063911438,0.5013778209686279,-0.0001428465483985549,0.00024263116919060864,0.4086080977607487,1766201338.8360486
0.7543778419494629,3.264392852783203,0.5013254284858704,-0.00019151533091285027,0.00023052975297850964,0.4084277907959368,1766201338.8361797
0.7545343041419983,3.264277696609497,0.501445472240448,0.00022352536289236663,0.00011410304489491632,0.4075402213909494,1766201338.8460011
0.7544476389884949,3.2644007205963135,0.5013434290885925,-0.000293248388365814,0.00032444001994591173,0.40798818129960196,1766201338.8560753
0.7544047832489014,3.2643165588378906,0.5013211965560913,-0.0003389828167950301,0.00024111285327017766,0.40837328102845866,1766201338.8691628
0.7543526887893677,3.2644202709198,0.5013081431388855,5.237215123973285e-05,0.0002697967108652057,0.40849297930520184,1766201338.8760157
0.754549503326416,3.264423131942749,0.5009835958480835,0.00018068872941394358,0.0007333472542388882,0.40796812982647757,1766201338.88599
0.7541512250900269,3.264775514602661,0.5011906623840332,0.00011626469252250571,0.00042428446532719445,0.4094670539814221,1766201338.8860373
0.7543455958366394,3.264477014541626,0.5009802579879761,0.0003915143508517559,0.0007596908144891021,0.4087626575639524,1766201338.896068
0.7543457746505737,3.2645058631896973,0.5012346506118774,1.730572582410844e-05,0.00024004428194941525,0.4083429955246994,1766201338.9060645
0.7542275190353394,3.264639139175415,0.5012658834457397,5.1597051088581066e-05,0.00028611165873354604,0.4091685866471627,1766201338.9161131
0.7543413639068604,3.264571189880371,0.501229465007782,1.3328853670827001e-05,0.0003844931182896199,0.4081923026881675,1766201338.9260757
0.7543788552284241,3.2644925117492676,0.5012085437774658,-0.00040774883966719156,0.00036751395661808626,0.40818307846291413,1766201338.9361084
0.7542526721954346,3.264441967010498,0.5012463331222534,-0.0002478980868920952,0.0006395002537961461,0.40901357597094873,1766201338.936158
0.7544760704040527,3.264540672302246,0.5013231039047241,9.386056001152396e-05,9.096912415825237e-05,0.40768853822483914,1766201338.9460733
0.7544282674789429,3.264451265335083,0.5014018416404724,0.00024017209427620967,0.00013115739294329186,0.4080010092030045,1766201338.9560678
0.7545422911643982,3.2643260955810547,0.5014615058898926,-4.424854363546401e-06,1.977454951314293e-05,0.40749312332600135,1766201338.9661138
0.7543567419052124,3.2644264698028564,0.5014009475708008,-0.00011437616636945678,0.00027706645149062073,0.4088750635759252,1766201338.9761107
0.7541863322257996,3.2646069526672363,0.5012868642807007,-5.278865159320166e-05,0.0004372062879761504,0.40970859898337736,1766201338.9861064
0.7544693350791931,3.264350652694702,0.5010093450546265,-0.0001545222517631697,0.000796046008691846,0.4081936193543035,1766201338.986155
0.7545014023780823,3.2644011974334717,0.5012577772140503,-0.00019507388412987023,0.00013835393872302593,0.4076210998597027,1766201338.996037
0.7543343305587769,3.264498710632324,0.5009486079216003,0.0001110109744507286,0.0009173116925856161,0.4086442467996838,1766201339.0061176
0.7543150186538696,3.2644546031951904,0.5009819269180298,0.0004964153364220876,0.0007441040686048508,0.4087347480619796,1766201339.0161095
0.7543327808380127,3.2643449306488037,0.5012533664703369,-0.00012455917064487632,0.00029913818510278727,0.40825943443980023,1766201339.0261505
0.7543618679046631,3.264265298843384,0.5010127425193787,0.00019757277931253017,0.0008695436431947005,0.40836596784001405,1766201339.0361009
0.7542867064476013,3.2643256187438965,0.5013238787651062,-0.00026694209622163504,0.0003344976432450958,0.4082526396877378,1766201339.0361505
0.754330039024353,3.2644941806793213,0.5012186765670776,-0.00011688646417781323,0.00022609025194931287,0.40832510536465627,1766201339.0460389
0.7543731331825256,3.264270782470703,0.5013852119445801,-3.1384174165193135e-05,0.00032482055040202184,0.40844586275824396,1766201339.056097
0.7544061541557312,3.264270067214966,0.5014105439186096,7.885557936016506e-05,0.0001254245329454796,0.4081778920897726,1766201339.0660357
0.7543637752532959,3.2644691467285156,0.5012649297714233,-0.00024167624001566546,0.0003184485382729556,0.4085080421164572,1766201339.0761
0.7544742822647095,3.2642886638641357,0.5013705492019653,-1.5195798310992154e-05,0.00010933417104960115,0.4079859476472556,1766201339.0861323
0.7544471621513367,3.2643799781799316,0.5013740658760071,-7.364444713935849e-05,0.00023467324439324714,0.4079694990457234,1766201339.0861819
0.7544046640396118,3.264437198638916,0.5014508366584778,0.0001778463275437746,0.00011825500379420529,0.40793130296860963,1766201339.0960312
0.7545721530914307,3.264190435409546,0.5014329552650452,-4.686653102027161e-05,-7.130129199637146e-05,0.40668933788928746,1766201339.1061258
0.7543075680732727,3.264406204223633,0.5012954473495483,-0.00013071627361709305,0.00024665556287198,0.408461188550464,1766201339.1260972
0.754021406173706,3.2646751403808594,0.5011047720909119,0.0001231605651472626,0.0005779069028383545,0.410146269923414,1766201339.126146
0.7543665766716003,3.2645349502563477,0.5009092092514038,3.6070490918153756e-05,0.0009569197820073344,0.4083778466358296,1766201339.1360457
0.7544907331466675,3.264430046081543,0.5012251734733582,-0.00022578815995749475,0.00019039528031357432,0.407356806452029,1766201339.136059
0.7544162273406982,3.264552593231201,0.5008755922317505,0.00020702228188759048,0.0008105668359820072,0.4084264668039764,1766201339.1460023
0.7539240717887878,3.264881134033203,0.5010132789611816,-0.0001553857474185763,0.0007705871774370007,0.4109905052815088,1766201339.1560974
0.7543542385101318,3.26438570022583,0.50125652551651,-0.0003310009328623721,0.00036534970465039007,0.4085443635663961,1766201339.1661296
0.7545006275177002,3.264284133911133,0.5010781288146973,0.00011384674544449137,0.0007883058062446539,0.4081133070633782,1766201339.1760554
0.7543526291847229,3.2641990184783936,0.5011131763458252,0.00026946993929872977,0.0008768354434550226,0.4088775022159064,1766201339.1861126
0.7545638680458069,3.264164447784424,0.5011478662490845,0.00031764280347837604,0.0006391821376998612,0.4078012544036339,1766201339.186163
0.7544801831245422,3.264223575592041,0.5010776519775391,-8.118086710981439e-05,0.0008476641107017477,0.4083091003047701,1766201339.196058
0.7544193267822266,3.2642722129821777,0.5011168122291565,1.2735307805298403e-05,0.0008927890834847788,0.4085746947917766,1766201339.2060928
0.7543214559555054,3.2643320560455322,0.5009714365005493,-3.503828414829054e-05,0.00104970264097174,0.40900830726470777,1766201339.216069
0.7543261051177979,3.264413833618164,0.5009719729423523,0.00015309125876751626,0.0008456496214964881,0.40885600943470934,1766201339.2261004
0.754509449005127,3.264235496520996,0.501015841960907,0.00010193109109629961,0.0007530790989655149,0.407586125555113,1766201339.236104
0.7544826865196228,3.2642343044281006,0.500983476638794,-5.780784721179303e-05,0.0008003998402767096,0.40761905229258194,1766201339.2361526
0.7544761300086975,3.2643139362335205,0.501211941242218,-0.0002712649339082822,0.0002223220513258636,0.40721662692064287,1766201339.2460437
0.7544872164726257,3.264378786087036,0.5012078881263733,-0.00014277877019273284,0.000196714393351642,0.40741506361974655,1766201339.2560875
0.7542927265167236,3.2644543647766113,0.5012010335922241,-0.0004487996280408038,0.0005008076920897605,0.40836171898686907,1766201339.2661035
0.7544821500778198,3.264324188232422,0.5010496377944946,0.00034597616105187025,0.0006954734836750447,0.40794968610075627,1766201339.276084
0.7544330358505249,3.2642011642456055,0.5010229349136353,-0.00010902432771399142,0.0009526164867922488,0.4083260921799923,1766201339.286101
0.7544215321540833,3.2644288539886475,0.5013099908828735,-2.9238135552679216e-05,0.00018912532576842182,0.4079474869289637,1766201339.2861516
0.7544068694114685,3.264437675476074,0.5013351440429688,-3.8367613840905264e-05,0.00020425157178738474,0.4081830911037094,1766201339.296026
0.7542134523391724,3.264627456665039,0.5011898279190063,-2.871509328251999e-05,0.0005044053161307932,0.40962614256939,1766201339.3060346
0.7543016076087952,3.26450252532959,0.5012502670288086,0.00010158094657243934,0.00031928221845429865,0.40915549070716306,1766201339.3160565
0.7543503642082214,3.2643771171569824,0.5012800693511963,-0.0004312559472205693,0.0005505585106626855,0.4089876672134773,1766201339.3261044
0.7544625401496887,3.264462471008301,0.5010153651237488,0.00011568142219999823,0.0008873438131220103,0.4083964901677588,1766201339.3360884
0.7544175386428833,3.264186382293701,0.5010203719139099,-0.00018829081789036508,0.0009463484562217381,0.40846467004039333,1766201339.3361385
0.7544866800308228,3.2644007205963135,0.5013213753700256,0.00017145342142781697,0.00011260963593051017,0.4077098179324903,1766201339.3460329
0.754429042339325,3.264376401901245,0.5012925863265991,-4.866620196458165e-05,0.00033391040074043967,0.407852479835867,1766201339.356044
0.754414439201355,3.2644593715667725,0.5012882947921753,-3.200658692808408e-05,0.00025544334834004377,0.40811766893516743,1766201339.3661022
0.7543825507164001,3.264331817626953,0.5009538531303406,-0.00017283426892211146,0.0009443378165711594,0.40872247095834296,1766201339.3761094
0.7545543313026428,3.264345645904541,0.5012807846069336,-0.0003137969403710526,0.00011566719870192583,0.4071158214779113,1766201339.3861353
0.7541545629501343,3.264533042907715,0.5012680888175964,-0.00012561870962240958,0.00047790233019794493,0.4097668252790004,1766201339.3861845
0.7543529272079468,3.2642576694488525,0.5009917616844177,-0.00034730492127407796,0.001003687897482693,0.4088542970856276,1766201339.396024
0.7543390393257141,3.264481544494629,0.5011853575706482,-0.00025548412044752483,0.0004264836851828421,0.40881416879208077,1766201339.4060984
0.7545297145843506,3.264343500137329,0.5013530254364014,-6.168967424998223e-05,7.633328821729212e-05,0.40781677920212617,1766201339.4161477
0.7544708251953125,3.264296054840088,0.5011069774627686,0.00015778486116592013,0.0007610793965671702,0.4086860357123724,1766201339.4260757
0.7545135617256165,3.2643237113952637,0.5010898113250732,0.0001727915417411044,0.0007661447645705809,0.4080803984992691,1766201339.4360867
0.7544375061988831,3.2644922733306885,0.5013825297355652,0.0002110946506893278,0.00011026158422495272,0.4082720883783512,1766201339.4361365
0.7545542120933533,3.2642853260040283,0.5013052821159363,-0.0002560003759261593,0.00021116943653069997,0.40720653027980896,1766201339.4460475
0.7545604109764099,3.264293909072876,0.5009908676147461,0.0001433387588720514,0.0006451223285981527,0.4077427451064117,1766201339.456044
0.7545215487480164,3.264258623123169,0.500985860824585,0.00023111976835962653,0.0006719358934996119,0.4078222421891306,1766201339.4661129
0.754300057888031,3.2644195556640625,0.5012561678886414,5.977781258286713e-05,0.00019427055984237514,0.4084128320585447,1766201339.476088
0.7541303634643555,3.264594078063965,0.5010368227958679,-0.00029735763994116044,0.0005990046996089893,0.4093675962115389,1766201339.4860575
0.7544365525245667,3.264401435852051,0.5009183883666992,0.00036603264899658723,0.0007173726257543189,0.4080597196432036,1766201339.4861064
0.7544674277305603,3.264167070388794,0.5012086033821106,-0.0005177348266095755,0.00031887485000061365,0.407928335750685,1766201339.4960299
0.7544331550598145,3.264230966567993,0.5013721585273743,0.00019810073895804926,0.00018113729080717662,0.40783114907692625,1766201339.5060499
0.7545484900474548,3.2640395164489746,0.5014526844024658,-4.9853891664326364e-05,3.952801355047523e-05,0.406946239001175,1766201339.5161011
0.7546485662460327,3.264103651046753,0.5013846755027771,0.00019296957974995518,-0.00010196369383048474,0.40673808415454216,1766201339.5261028
0.7544305920600891,3.2641725540161133,0.5010843276977539,-8.515336138036376e-05,0.0007765395083361392,0.40874653612267314,1766201339.5360942
0.7544673085212708,3.264211654663086,0.5011770129203796,0.00017666420148758865,0.000708960045786328,0.4080883259979357,1766201339.5361435
0.7542650699615479,3.2643537521362305,0.501423716545105,-0.00010170545812133803,0.0002523395048202746,0.40897515943887214,1766201339.546029
0.7544353604316711,3.2643513679504395,0.5013574957847595,-1.3863804430636804e-05,0.00012832059440280263,0.40797332892781135,1766201339.5560322
0.7544755935668945,3.264249324798584,0.5013757944107056,-6.558008804503386e-05,8.575170396144113e-05,0.4076956500862655,1766201339.5660763
0.7545422315597534,3.264343738555908,0.5013585090637207,-0.00010693888060324957,0.00010286988667068179,0.4072443685007537,1766201339.576098
0.7544670701026917,3.2643015384674072,0.5013440847396851,-0.00021024994748974836,0.0001198199835443701,0.40713058519817336,1766201339.586106
0.754455029964447,3.264335870742798,0.5013588666915894,0.00013781925778046355,-0.0001316789335948113,0.407140022273229,1766201339.5861545
0.7538881897926331,3.264850378036499,0.5009153485298157,-0.00015533201257903715,0.0007953478926771277,0.4107682511721322,1766201339.5960248
0.7540839910507202,3.264789581298828,0.5010305643081665,-9.142379960253876e-06,0.0005106773989871633,0.41016185567924457,1766201339.6061115
0.7544004917144775,3.2644383907318115,0.5009532570838928,4.0258068299688916e-05,0.0009595018605538858,0.4089367278501656,1766201339.616105
0.7544937133789062,3.2643063068389893,0.5013054609298706,-0.00013649511908175296,0.0003047933330916479,0.4075754564480641,1766201339.6261194
0.7543055415153503,3.2644336223602295,0.5012737512588501,-0.00022405516330637588,0.0004401478057026884,0.4085533705340345,1766201339.6361406
0.7541304230690002,3.264669179916382,0.5011781454086304,-0.00012578276836854903,0.000554612411594232,0.4099778545838485,1766201339.6361895
0.754509687423706,3.2642600536346436,0.5014470815658569,-0.0001871232419735993,6.860696958416246e-05,0.40771379405730956,1766201339.6460454
0.7543624639511108,3.264350414276123,0.5013446807861328,-0.00031529678787812663,0.00035079673825251376,0.40858496201905525,1766201339.6560614
0.7545305490493774,3.264252185821533,0.501315176486969,-0.0003657751066651764,0.00028196355321321415,0.4077426815381542,1766201339.6660204
0.7545830011367798,3.2641406059265137,0.5013411045074463,-0.0004466704225225453,0.00017439068239049287,0.40721976898579004,1766201339.676096
0.7546166181564331,3.26426100730896,0.5013104677200317,-0.00012871397264669338,1.0305777258438428e-05,0.4069544571974192,1766201339.6860719
0.7545627355575562,3.2643632888793945,0.5012543201446533,-0.0001981729168262347,5.131415533777947e-05,0.4072974501058941,1766201339.686122
0.7545419931411743,3.2643933296203613,0.5013691186904907,0.00022974124601642356,-5.398362506938967e-05,0.4073650738806813,1766201339.696027
0.7541452646255493,3.2647809982299805,0.5011420845985413,0.00011390449252243148,0.0005246706072129131,0.40962987518586946,1766201339.706113
0.7545275092124939,3.264265298843384,0.5013045072555542,-0.00018858727648206206,0.00013064532095316718,0.40730266977323243,1766201339.716109
0.7543618083000183,3.2644705772399902,0.5012004375457764,-0.0002869564596980471,0.00042259088244565776,0.4083113111717009,1766201339.7260973
0.7545017004013062,3.264408588409424,0.5012651681900024,-0.00025073971137006755,0.00018243928112941568,0.4076006625327979,1766201339.7360826
0.7545366883277893,3.264340400695801,0.50128573179245,-0.00010890540332225934,0.0001371896871668756,0.40762492802453226,1766201339.7361329
0.7544975876808167,3.26430606842041,0.5009665489196777,-5.9787697013293e-05,0.0007981603260670739,0.4082648071720779,1766201339.746049
0.7545103430747986,3.2643277645111084,0.5013216137886047,-0.00017979646649257994,0.00019890128504011372,0.4077841205989543,1766201339.7561336
0.754481315612793,3.264133930206299,0.5013486742973328,-0.00031392407466563314,0.0003059794255820265,0.40797657860090164,1766201339.7661233
0.7544710636138916,3.2642784118652344,0.5010417699813843,2.0227192354380685e-05,0.0007783581577684621,0.4084851949724111,1766201339.776138
0.7544926404953003,3.264122247695923,0.5010808110237122,-0.00020676871562768425,0.0009178807759711951,0.40843103897344624,1766201339.7861216
0.7544587850570679,3.2643089294433594,0.5010231733322144,-0.000175821217552324,0.0008535877598934679,0.40832685702047467,1766201339.786171
0.7545084953308105,3.264150619506836,0.501086950302124,0.0001537452642705026,0.0006455464006770838,0.40794108154635644,1766201339.7960906
0.7543322443962097,3.2642416954040527,0.5012857913970947,-0.00020244134353245285,0.00031541687394154896,0.4084494779400887,1766201339.8060985
0.7544699311256409,3.2642359733581543,0.5013407468795776,-6.724674973220126e-05,0.00013708258057194134,0.4074165856614719,1766201339.8160677
0.754236102104187,3.2644121646881104,0.5009649395942688,7.619134126017e-05,0.0008656136735507009,0.40953181814872236,1766201339.82612
0.7544678449630737,3.264430522918701,0.500864565372467,0.0004481933390006003,0.0006750769820991193,0.4078274602829051,1766201339.836065
0.7543371915817261,3.2644169330596924,0.5009068250656128,0.00022965444601117513,0.0007902384852314946,0.40886506543214907,1766201339.8361158
0.7545101642608643,3.2643470764160156,0.5011595487594604,-0.0005128147980253098,0.00038608026608649113,0.40704906364296706,1766201339.8460991
0.753582239151001,3.2651968002319336,0.5007622838020325,0.00019989253726887735,0.0012769172000825593,0.41347460772663097,1766201339.8560886
0.7545400261878967,3.2647206783294678,0.5010666847229004,-0.000216504135779014,0.00022493604862002285,0.40812774842948724,1766201339.8660507
0.7545703053474426,3.264554023742676,0.5012228488922119,-3.320241797400701e-05,7.717857544684516e-05,0.4080015174896706,1766201339.8760896
0.7544326782226562,3.2643115520477295,0.5011383295059204,3.5648955851051434e-06,0.0008649660146152311,0.4090929907260335,1766201339.8861055
0.7541493773460388,3.2645487785339355,0.5012544393539429,-4.231200137243478e-05,0.0003921768671734358,0.4101518958748312,1766201339.886155
0.75455641746521,3.264169216156006,0.5013595819473267,-0.00035504790934702454,0.00015108668574947216,0.4074055005439135,1766201339.8960183
0.7545064687728882,3.264131546020508,0.5014272332191467,-0.00044927388715733054,0.00042630675185566973,0.40751287690090204,1766201339.906104
0.7544748783111572,3.2641587257385254,0.5014331936836243,-0.00019933382709270113,0.00022625798828662772,0.4080370275212103,1766201339.916103
0.7546206712722778,3.2642505168914795,0.5013989806175232,-0.00010978487321793349,-6.350807828208773e-06,0.4068579540156578,1766201339.926063
0.7541987299919128,3.2645163536071777,0.5012033581733704,-0.0003215569823205548,0.00041479216872526844,0.40926541538468697,1766201339.9361153
0.7540934085845947,3.2646586894989014,0.5011628866195679,-1.9024875198129778e-05,0.0006472751675313661,0.4097987967753053,1766201339.9361653
0.7543236613273621,3.264434814453125,0.5009768605232239,0.00012832799195956562,0.0009131956143406077,0.40846533301112253,1766201339.946079
0.7542663812637329,3.264415740966797,0.5009765625,0.00025059712525884434,0.0009185832493983457,0.40907447559836596,1766201339.9561076
0.7545145153999329,3.2643935680389404,0.5012151002883911,-8.358356751691952e-05,8.591207729819402e-05,0.40749081023518374,1766201339.9661174
0.7545542120933533,3.2642769813537598,0.5013298988342285,3.712968538431261e-05,1.9822573811299963e-05,0.4071464603469889,1766201339.9761384
0.7544811367988586,3.26436185836792,0.5013653039932251,-0.00012035863663814102,2.7063592367145646e-05,0.4079274344700413,1766201339.9860988
0.754592776298523,3.264394760131836,0.5010886192321777,0.00048007177668714395,0.0005186585438879893,0.40768208392355243,1766201339.9861488
0.7546787261962891,3.264256000518799,0.5014127492904663,-0.0002956891232088936,1.3039030217972867e-05,0.4063120060084585,1766201339.9960632
0.7543564438819885,3.2643821239471436,0.5014324188232422,-9.425136596681819e-05,0.00027031337092039146,0.4086954648283029,1766201340.0061398
0.754522979259491,3.2642178535461426,0.5011250972747803,0.00010223099779461657,0.0008133980688207779,0.4079935366925414,1766201340.0161092
0.7546917200088501,3.264145851135254,0.5014793872833252,0.00010211014930089803,-0.00022565604376930808,0.4061171061653731,1766201340.02617
0.7544220685958862,3.2643818855285645,0.5012449026107788,-0.0003411663921120863,0.00030115933126211866,0.40781754231574857,1766201340.0361416
0.7540364265441895,3.264730215072632,0.5010774731636047,0.00011907847280388202,0.0005782818637260613,0.4102699939753932,1766201340.0461211
0.7537094354629517,3.265209913253784,0.5009096264839172,0.0002393532045572205,0.0009012237369233005,0.4126066627678382,1766201340.0461745
0.7544182538986206,3.264591693878174,0.5009170174598694,7.96295871129616e-05,0.0008364783822679097,0.408616881565407,1766201340.0560446
0.7542788982391357,3.264724016189575,0.5010614395141602,1.6142696496291084e-05,0.00040642025145225713,0.40886139430321766,1766201340.0661275
0.7542298436164856,3.264700412750244,0.5010380744934082,-7.939565954088172e-05,0.00039322991014307287,0.4091532026262483,1766201340.0760918
0.7544043064117432,3.2645647525787354,0.5008699893951416,8.555166722397779e-05,0.000907889809297661,0.408779017612344,1766201340.0861015
0.7543819546699524,3.2643868923187256,0.5013090372085571,-0.00016634622485163004,0.0002608107340762054,0.40830822337868766,1766201340.0861523
0.7546387910842896,3.264226198196411,0.5013540387153625,-0.00017068497746621013,6.972278554920826e-05,0.40691850692968046,1766201340.0959861
0.7544384598731995,3.2643485069274902,0.5013977289199829,0.00020371390147758478,0.00011286982267052138,0.4078753638046899,1766201340.106056
0.7545607686042786,3.26427960395813,0.5011739134788513,0.00034616892076371847,0.0005960553361342652,0.40795441492115325,1766201340.116125
0.7544146180152893,3.264348030090332,0.5013896226882935,-0.0002507262923582872,0.00016915179187281185,0.4084587813038465,1766201340.1261237
0.7546281218528748,3.264143466949463,0.501518726348877,-5.375138041650144e-05,8.748202263748797e-05,0.4070688205370009,1766201340.1361024
0.7546508312225342,3.264126777648926,0.5014301538467407,-0.00017734258095803096,2.6516695816907322e-05,0.4067602212281949,1766201340.1460707
0.7542786002159119,3.264554500579834,0.5011909604072571,-0.00026279898306828657,0.00040318029256880317,0.40883303739486954,1766201340.146122
0.7542803287506104,3.264519214630127,0.5011200904846191,-0.0005267951593299046,0.0004108471888266642,0.40879597750344376,1766201340.1560612
0.7543434500694275,3.2644734382629395,0.500909686088562,-0.00010636410615461029,0.0009598027418775035,0.4088481135066853,1766201340.1660905
0.7543359398841858,3.2643706798553467,0.500931441783905,0.0002661351334592401,0.0008673371793172952,0.4088408741942599,1766201340.176122
0.7544941306114197,3.2643957138061523,0.5012386441230774,-0.0002623537637895689,0.00015998845554399837,0.40735217774211585,1766201340.1860974
0.7543116807937622,3.2646543979644775,0.5010673999786377,-0.00027875994674851683,0.0004042292274733086,0.40846339957185823,1766201340.1861467
0.7542287111282349,3.2645175457000732,0.5011481046676636,7.038752482235733e-05,0.0005066708239797661,0.40902357351715685,1766201340.1960354
0.7544738054275513,3.2643187046051025,0.5010544657707214,0.00035689963772288696,0.0006892658427005935,0.40799274761808074,1766201340.2060752
0.7545833587646484,3.2641842365264893,0.5013666749000549,-0.0001695215326841405,-7.751947660743224e-06,0.4071103748210153,1766201340.216102
0.7546166777610779,3.2640905380249023,0.5014089345932007,-0.0004207298117890731,0.00014047752257180047,0.40693179741796515,1766201340.2261338
0.7543582320213318,3.2642340660095215,0.5013644695281982,-0.00012628195994181262,0.0003903516309007978,0.40823813499067235,1766201340.2360914
0.7546656727790833,3.2640621662139893,0.5013414621353149,-0.0002936806171044147,1.4169169793892614e-05,0.406584203444259,1766201340.2361405
0.7545158863067627,3.2642600536346436,0.5010942816734314,0.00033306796236206736,0.0006015188444669591,0.4078631789925954,1766201340.2461028
0.7544617056846619,3.2643327713012695,0.501304030418396,-0.0001359642595236899,0.0001479854544850546,0.4081326254142287,1766201340.2560434
0.7545124888420105,3.2642908096313477,0.501330554485321,-0.00029058186054518377,0.00022004533460682498,0.4076213973668474,1766201340.26612
0.7544569969177246,3.2642276287078857,0.501342236995697,-0.00021929927140334994,0.00016901202061357884,0.40764470788884183,1766201340.276105
0.754523754119873,3.264180898666382,0.5013459324836731,-0.0003271441737453875,7.213329616720622e-05,0.40709742262469867,1766201340.2860994
0.7545656561851501,3.2643983364105225,0.5012359619140625,-1.2614929145909666e-05,-8.162932539759137e-05,0.4069016208462798,1766201340.296104
0.7545982599258423,3.264253854751587,0.5012413263320923,-0.00039860952015756103,0.0001134242378566256,0.4067149202161586,1766201340.2961535
0.754385769367218,3.2643961906433105,0.5009371042251587,-1.4435159935406297e-05,0.0008643526804733556,0.40828163492065,1766201340.3060346
0.7544162273406982,3.2643792629241943,0.5012590885162354,-0.0003001361313088574,0.00033853519332367694,0.4078077591136166,1766201340.3160615
0.7539627552032471,3.26486873626709,0.5010204315185547,1.869640472260519e-05,0.0005961594378560998,0.41079343409597185,1766201340.3260548
0.7543469667434692,3.2645082473754883,0.501201868057251,-0.00021785979985187908,0.00026289845032098185,0.4085988813653356,1766201340.336129
0.7542495131492615,3.2645249366760254,0.5011881589889526,-0.0002132484013890324,0.0005142979650367938,0.40914354980281653,1766201340.336179
0.7545426487922668,3.26415753364563,0.5013450980186462,-0.0002790756946426417,0.00020949016735570306,0.4075042928336326,1766201340.346038
0.754387617111206,3.2641682624816895,0.5013947486877441,-0.000522516656529661,0.000434949808445244,0.4084182848522386,1766201340.3561008
0.7544726133346558,3.2643609046936035,0.5013361573219299,-0.00014921746871079217,0.00013948633144945995,0.4077247260978932,1766201340.3660784
0.7543530464172363,3.264505624771118,0.5012252330780029,9.653924314335134e-05,0.00034893874133329995,0.4081981568450539,1766201340.3761153
0.7544972896575928,3.264169692993164,0.5013535022735596,-0.00013387108432474964,0.00010803615960639751,0.40747416654116575,1766201340.3861325
0.753910481929779,3.264920473098755,0.501036524772644,0.00021122039311366087,0.0006587726250991913,0.41077749511962797,1766201340.3861825
0.754381000995636,3.2644307613372803,0.5009515881538391,-0.00019406154888554868,0.0008921673249538539,0.40841562794215736,1766201340.3960357
0.7544106841087341,3.264395236968994,0.5009564757347107,5.065113706407133e-05,0.0008207625092827357,0.40839049799744237,1766201340.4060445
0.7543755769729614,3.2644600868225098,0.5009104609489441,0.00024132945116809903,0.0007656572542178213,0.40872973470725393,1766201340.416134
0.7541468143463135,3.2647383213043213,0.5010844469070435,-0.0002377327828254097,0.0004274397279766249,0.4093835548759873,1766201340.4260838
0.7541467547416687,3.26460862159729,0.5011705160140991,-0.0001165835220053517,0.0005759886845059267,0.4095683284736725,1766201340.4360917
0.7544260621070862,3.2643911838531494,0.5010669827461243,0.00019865599424872683,0.0008087750380338042,0.40836358428369485,1766201340.4361405
0.7543563842773438,3.264392852783203,0.5013120174407959,-3.7558826150019464e-05,0.00022365179282210967,0.4082067038847035,1766201340.4561074
0.7544787526130676,3.2643072605133057,0.5013943910598755,7.070285197868483e-05,0.00020847469078388064,0.407764734324515,1766201340.456159
0.7544386386871338,3.264294147491455,0.501090943813324,0.00010285075711643281,0.0008621274747233926,0.40849975113313014,1766201340.4659474
0.7542415857315063,3.2643799781799316,0.501358687877655,-0.0001572488853176636,0.0004255361564366346,0.4094009951592878,1766201340.4760869
0.7542399764060974,3.264500379562378,0.5012553930282593,4.436547324810967e-05,0.0004018313135789555,0.4090278436549975,1766201340.4860651
0.7545087933540344,3.264225482940674,0.5011255145072937,-4.983051159101847e-05,0.0007151124064124661,0.407894945275297,1766201340.4861157
0.7543572187423706,3.2643935680389404,0.5012920498847961,-0.00026795077179114063,0.0002624306088125062,0.4082229577427961,1766201340.4960616
0.754480242729187,3.2643327713012695,0.5013273358345032,-8.442799917519902e-05,0.00012800045638882194,0.40747897270310784,1766201340.506096
0.7544202208518982,3.264503002166748,0.5009421110153198,-9.417482701113074e-05,0.0008824797190024425,0.4083277318096516,1766201340.5161443
0.7544761300086975,3.2644739151000977,0.5009796619415283,5.032984001762209e-06,0.0008283790172807686,0.40799971646028804,1766201340.5261257
0.7545315027236938,3.2644195556640625,0.5009864568710327,0.0004028263539546482,0.0005918327396652718,0.40784488542796954,1766201340.5360942
0.7543662786483765,3.2643189430236816,0.5013159513473511,-8.961764059083922e-05,0.00022916752518068782,0.40794264591079843,1766201340.5461166
0.7545714378356934,3.264291286468506,0.5012162327766418,-0.00030104690909549286,2.789893694627527e-05,0.4067870518853823,1766201340.5561
0.7545957565307617,3.2643725872039795,0.5012863278388977,-0.00030571631846577744,9.005645239720565e-05,0.40719982813026107,1766201340.5561504
0.7543129324913025,3.264516830444336,0.501246452331543,-0.00022428652499303502,0.0003571197075769266,0.40866906711984563,1766201340.5659845
0.7545756697654724,3.264211893081665,0.5013746023178101,-0.00013518561726036957,0.00015519797624634547,0.4070614307684341,1766201340.5760932
0.7544137239456177,3.264352798461914,0.501094400882721,0.0002001164339751407,0.0008311784824085859,0.40859213187744914,1766201340.5861495
0.7545679211616516,3.264338493347168,0.5013756155967712,1.9234350863408052e-05,4.134627307139905e-05,0.4074140133844244,1766201340.5862005
0.7545202970504761,3.264295816421509,0.5013642311096191,-0.00026457686586451657,0.0001945649420795599,0.40736033249365666,1766201340.5960329
0.7545315027236938,3.2643139362335205,0.5013521313667297,-0.00010728475900171842,4.9387602222177e-05,0.4075688759382531,1766201340.6060505
0.7544964551925659,3.2642340660095215,0.5013145208358765,-0.00018275614068346123,8.484976988440796e-05,0.4074587708282466,1766201340.6160202
0.7539854645729065,3.264739751815796,0.5010716915130615,-0.00019036571096030445,0.0007613323155669353,0.41042023042502473,1766201340.6260808
0.7544057965278625,3.264400005340576,0.501001238822937,0.00017338004126160613,0.000750998844280923,0.4082201647404729,1766201340.636116
0.7543399333953857,3.2644832134246826,0.5008844137191772,-3.951931082674221e-05,0.0009753230867050911,0.408483018303479,1766201340.636167
0.7543475031852722,3.2642886638641357,0.5008948445320129,-0.0003991307653451854,0.0008937673859803339,0.4085245080840239,1766201340.6460328
0.754254162311554,3.2647359371185303,0.5010448694229126,-7.123240737009603e-05,0.00024379730401888783,0.40873397603289147,1766201340.6560977
0.7545262575149536,3.2644360065460205,0.5009693503379822,0.00029745436972892413,0.0006402180290232336,0.4077882842664979,1766201340.6660423
0.7544196248054504,3.2644665241241455,0.5012989044189453,2.826225045509344e-05,0.00010613625471989977,0.40800183626459163,1766201340.676107
0.7544293999671936,3.264347791671753,0.5013025999069214,-8.004558937814473e-05,0.0002180416667613575,0.40800775345509405,1766201340.6861203
0.7544658184051514,3.2643704414367676,0.5011671781539917,0.0003808821112411694,0.0007874864248779604,0.40820563233820106,1766201340.686169
0.7544233798980713,3.264272689819336,0.5013679265975952,-0.00046183740257990213,0.0003418549056563209,0.40825237694262134,1766201340.6959815
0.7544513940811157,3.26440167427063,0.5013518333435059,-0.000135466657502368,0.0001453312275499391,0.40799051452296003,1766201340.7060325
0.7546064853668213,3.2641453742980957,0.5013810992240906,-0.00022350699356636901,0.00015386636232253678,0.4071770872358186,1766201340.716057
0.7547673583030701,3.264047861099243,0.5013942718505859,-0.0006226114517012846,7.655874829899005e-06,0.4062677894245865,1766201340.7261333
0.7544397115707397,3.2642858028411865,0.501033365726471,-3.101531117259016e-05,0.0008450383049092511,0.4082177719192818,1766201340.736078
0.7546418905258179,3.2642252445220947,0.5013801455497742,-6.810216797020628e-06,1.2814839280996034e-05,0.4067524485940453,1766201340.736129
0.7545055747032166,3.264298439025879,0.5009297728538513,4.661759768676437e-05,0.0007552074350182024,0.40813927086469115,1766201340.7459862
0.7546384930610657,3.2642836570739746,0.5011806488037109,-0.00020045476155302016,7.546881137529902e-06,0.40652262398236083,1766201340.7561119
0.7543996572494507,3.2644076347351074,0.501252293586731,-4.329256336919123e-05,0.00017885971138849945,0.4080344739620306,1766201340.7660723
0.7544733285903931,3.2645137310028076,0.5009588599205017,0.00047470322821728723,0.0006414001765921691,0.40791459027370536,1766201340.7761304
0.7546737790107727,3.264296770095825,0.5012333989143372,-0.00022335550560570816,-8.077364711203731e-06,0.40641810278495116,1766201340.7861004
0.754505455493927,3.264286756515503,0.5012736916542053,-0.0002097414920775088,0.00020190828536757302,0.40743409871126457,1766201340.7861505
0.7544426918029785,3.2643215656280518,0.5012935996055603,-0.00033371022015859505,0.00024912460871029363,0.40799614755586966,1766201340.7977302
0.7545449137687683,3.264146327972412,0.5013736486434937,-1.7517471139296185e-05,-1.2631967139206089e-05,0.4074429990146358,1766201340.8060017
0.754393994808197,3.2642486095428467,0.5013017058372498,-0.0001865508728250319,0.00032931662794164466,0.4085192193910688,1766201340.8161082
0.7544664144515991,3.264131546020508,0.5013750195503235,-0.00048349494103795996,0.00030369153355832434,0.40797568271433876,1766201340.826105
0.7544196844100952,3.2642579078674316,0.5010614991188049,-0.0003057833295102997,0.000915848651169051,0.4086013664222966,1766201340.8361142
0.7541251182556152,3.2647159099578857,0.5011764168739319,-5.8604524042012734e-06,0.0004548224239228255,0.4099431006713259,1766201340.8361747
0.7544362545013428,3.264390230178833,0.5013796091079712,-8.701992342135131e-05,0.00022223045419859702,0.40807848000119423,1766201340.845958
0.7545747756958008,3.264244794845581,0.5012093186378479,-0.0005318446622499865,0.0003097197252385731,0.4070441934679292,1766201340.8660738
0.7546212673187256,3.264214515686035,0.501167893409729,-0.0004720924352810399,0.00021426254695489536,0.40675640921343753,1766201340.8661304
0.7545129656791687,3.2643837928771973,0.500893771648407,-5.5083800233890885e-05,0.0008095388895400361,0.408094256052178,1766201340.876095
0.7544511556625366,3.2642016410827637,0.5009583830833435,-6.520247630660382e-05,0.0008545675904209381,0.4083185112207583,1766201340.8860254
0.7544286847114563,3.2644269466400146,0.501166820526123,-0.0002901703451050392,0.0003073679533019022,0.4080984060893143,1766201340.8861108
0.754438042640686,3.264216899871826,0.5012689232826233,-0.00014053666850830074,0.00031811782022354976,0.4079112406512224,1766201340.8960185
0.7545689940452576,3.264235734939575,0.5013131499290466,-0.000289804591061901,0.0002126337066766194,0.40719775915770995,1766201340.9060571
0.7542717456817627,3.2644007205963135,0.5012943148612976,-2.7040018008784614e-05,0.0002791229336159109,0.4088179590410202,1766201340.9161093
0.7545022964477539,3.2642054557800293,0.5011170506477356,2.8943463668356972e-05,0.0007834730854601785,0.4080447831561658,1766201340.9261212
0.7544806003570557,3.26422119140625,0.5010854005813599,6.687225200415635e-05,0.000766613385615154,0.4083551416154686,1766201340.936101
0.754357635974884,3.2643749713897705,0.5012580156326294,-0.00027962234799021774,0.0003162579058924819,0.40862465254320074,1766201340.9361527
0.7544958591461182,3.2642228603363037,0.5014508366584778,-6.141551689551219e-05,0.00010921489295215615,0.40774174250770445,1766201340.9459858
0.7544839978218079,3.264246940612793,0.5010861158370972,0.00021584565337311732,0.000747061335913029,0.408149895560925,1766201340.9561028
0.7543909549713135,3.264326810836792,0.5010367631912231,-9.899975021715763e-06,0.0008317772068559064,0.40855909052903555,1766201340.9660406
0.7543991804122925,3.2645249366760254,0.5009454488754272,0.00023897480542320424,0.000851820204642068,0.408285044775996,1766201340.976096
0.7540578842163086,3.264669895172119,0.5010637640953064,2.3962775010618217e-05,0.0005613831677966873,0.4097393200406405,1766201340.986111
0.7538179159164429,3.2648794651031494,0.5009310245513916,-9.14311187393417e-06,0.0009505513833688734,0.41146349235496155,1766201340.9861617
0.7543210983276367,3.2645115852355957,0.5012452602386475,-0.00013263104391800053,0.00038151550334709005,0.4085775912548504,1766201340.9959836
0.754557728767395,3.264490842819214,0.5009785294532776,0.00029294760800308034,0.0006809198929937494,0.4077616123927504,1766201341.006046
0.7545185685157776,3.2644567489624023,0.5011547207832336,-0.00035116986067175053,0.0002921059964531815,0.4076291873284092,1766201341.016095
0.7543900609016418,3.264444589614868,0.5012539625167847,-0.0001652926183183924,0.00032332451983389137,0.40817009943931176,1766201341.0261095
0.754457414150238,3.2644224166870117,0.501058042049408,0.00011148387451911097,0.0007747025046649593,0.40827500817254814,1766201341.0360963
0.7539489269256592,3.2646710872650146,0.5011446475982666,-6.980909531480929e-05,0.0006925276102580891,0.4113472794607826,1766201341.0361462
0.7544565796852112,3.264101982116699,0.5013788342475891,-0.0003236965746725567,0.00043344694944460056,0.40793674112946654,1766201341.0459864
0.7545154690742493,3.2641501426696777,0.5011295080184937,1.9787677369945113e-05,0.0007601857506281888,0.4082499736904431,1766201341.056096
0.7545443773269653,3.2640559673309326,0.5010496377944946,-1.0907011799319193e-05,0.00086031823185091,0.40793205559141194,1766201341.0661128
0.754524290561676,3.2639853954315186,0.5011824369430542,8.794080795575909e-05,0.0006676869148689211,0.4083276034521859,1766201341.0760982
0.7546226382255554,3.264033794403076,0.5011723637580872,0.0001301743441912674,0.0006673176887786253,0.40749336097452066,1766201341.0861046
0.7544454336166382,3.2642946243286133,0.5009956359863281,-4.4507101131106384e-05,0.0008142244539749179,0.4082474875193994,1766201341.086154
0.7544472217559814,3.2644197940826416,0.5009638071060181,0.00018018232424768093,0.0008276624710152575,0.40813246651646123,1766201341.0960312
0.7544351816177368,3.2645418643951416,0.5011003613471985,-0.0001842030467711819,0.00031006362983445934,0.40766824750494907,1766201341.1060414
0.754455029964447,3.2644386291503906,0.5012085437774658,-9.253271136636967e-05,0.00019124035081539436,0.40757280862432516,1766201341.1161067
0.7543871402740479,3.2644033432006836,0.5011391043663025,-0.00046879810930738826,0.00043142254259466445,0.4079551394948576,1766201341.1261144
0.7543758153915405,3.2643721103668213,0.5012685060501099,-0.0001430765040784145,0.000290486883070201,0.40838508347211183,1766201341.1361108
0.7543396949768066,3.2643344402313232,0.5010102391242981,-0.0004304498940027964,0.0010343910402297203,0.4086099344418209,1766201341.1361606
0.7545937299728394,3.264185667037964,0.5013138055801392,-0.0002483159640714338,0.00012452825116531898,0.4067240398433269,1766201341.1460848
0.7543283104896545,3.26438570022583,0.5013553500175476,-0.00019780099102287402,0.0003454351298800976,0.4085169838770773,1766201341.1560466
0.7544909119606018,3.2643790245056152,0.5013821721076965,-0.0002297274690394657,0.00022852773528445928,0.4081803797937916,1766201341.1660619
0.7544448971748352,3.264390707015991,0.5013628602027893,-0.0002503796223012885,0.00036292336630980694,0.408271588536108,1766201341.1760986
0.7544997334480286,3.264204263687134,0.5013946294784546,-0.0004022626507423348,0.00020654881142006347,0.40765825655362437,1766201341.186097
0.7545101046562195,3.2644245624542236,0.5009581446647644,6.541146712219398e-05,0.0008675467552375396,0.4082595981779996,1766201341.1861467
0.7545492649078369,3.2644073963165283,0.5012900829315186,-6.376526017708121e-05,2.4927926647124556e-05,0.40757984806354747,1766201341.1961143
0.7545084357261658,3.264313220977783,0.5013317465782166,-4.927672303185109e-05,0.00015984255500698296,0.40770638574377327,1766201341.2061367
0.7546277046203613,3.2641525268554688,0.501413106918335,5.7763309173574006e-05,6.114953376518185e-05,0.40666803952168074,1766201341.2161412
0.7546433806419373,3.2642154693603516,0.5013923048973083,0.00021508589240689947,-6.979358646961834e-05,0.4068891692642651,1766201341.226131
0.754541277885437,3.264277696609497,0.5013608932495117,-5.4992384441154026e-05,0.00011878179316764098,0.407259051503254,1766201341.236121
0.7544966340065002,3.2645156383514404,0.5010216236114502,0.0002423718902646094,0.000650686986810307,0.4080127862534156,1766201341.2361715
0.7544669508934021,3.264375686645508,0.5010606050491333,0.0001494734942348532,0.0009433661886648023,0.4084353424945786,1766201341.2461321
0.7544699907302856,3.2644474506378174,0.50099778175354,0.00011006624075896241,0.0008407078245103187,0.40822746912836005,1766201341.2561028
0.7543931603431702,3.26428484916687,0.5014001131057739,-0.0002778417894750729,0.0003836002608338846,0.40855837515482907,1766201341.2761147
0.7544586658477783,3.2643046379089355,0.5013010501861572,-0.0003251587170657513,0.00037850900247785507,0.40823867675323033,1766201341.2761648
0.7545410394668579,3.264143705368042,0.5013202428817749,-0.0005333935247752912,0.00033805225020246696,0.4077005955023174,1766201341.2860155
0.7545233964920044,3.264091968536377,0.5014244914054871,-0.00034874421080765015,0.00015317058186546865,0.40755687529189233,1766201341.2860286
0.7546497583389282,3.2640998363494873,0.5013857483863831,-0.00024438372356509297,0.00014383842831218005,0.40676099408170474,1766201341.2960396
0.7543903589248657,3.264254570007324,0.5011002421379089,4.0313858164168564e-05,0.0009197391201104434,0.408966822049728,1766201341.3060977
0.753995418548584,3.264819622039795,0.5010720491409302,0.00012679610499567552,0.0005819072831751678,0.4103292040795911,1766201341.3161225
0.7543618679046631,3.2645440101623535,0.501140296459198,-0.0002595981678516539,0.00028092446626583117,0.4083021302412831,1766201341.3261042
0.7543508410453796,3.264453649520874,0.5009238123893738,-2.4670594304280435e-07,0.0008003973381598238,0.4085580781543001,1766201341.3361106
0.7544544339179993,3.2644503116607666,0.5009704828262329,0.0001665979228783362,0.0007453419785672997,0.40803786088450394,1766201341.33616
0.7543616890907288,3.2644569873809814,0.5009931921958923,0.00014536338093981734,0.000774930163987399,0.4084453063290038,1766201341.3460798
0.754429280757904,3.264514923095703,0.5009405016899109,0.00026997051323210473,0.0007404645142456418,0.4080337022582689,1766201341.3560102
0.7544448971748352,3.2643566131591797,0.5009840726852417,1.3903611129452047e-05,0.0008400178949202863,0.40814978656692286,1766201341.3661005
0.7545652985572815,3.2642033100128174,0.5013425946235657,-9.448643622554829e-06,0.00011274831039582897,0.4071358685900735,1766201341.376126
0.7544662952423096,3.2644054889678955,0.5010026693344116,0.00025596590549865233,0.0007706841577174925,0.4083609186122034,1766201341.386107
0.754522979259491,3.26444149017334,0.5010238885879517,5.8551207056884e-05,0.0006594388372627751,0.408062880316629,1766201341.3861566
0.7544907331466675,3.264270544052124,0.5013836622238159,-0.00021117808156715507,0.0002593928393806942,0.4079589478083425,1766201341.3960426
0.7544275522232056,3.264326572418213,0.501390278339386,-5.554127824042526e-05,9.71729561173251e-05,0.40808760452739057,1766201341.4061053
0.7544909119606018,3.264265298843384,0.5010886788368225,-7.912754958471131e-05,0.0008073457957968513,0.4081848523845069,1766201341.4161339
0.7545437812805176,3.2642147541046143,0.5013782382011414,-6.228197377645932e-05,0.00013764472499596696,0.4075839535101782,1766201341.4261012
0.7543667554855347,3.2642691135406494,0.5012814998626709,-0.00038382130648762153,0.0004365421985163399,0.4080801076390308,1766201341.4361312
0.7544752359390259,3.264418363571167,0.5009896755218506,6.477122618323738e-05,0.000691976704620834,0.4080301286467653,1766201341.4361815
0.7544552087783813,3.264413595199585,0.5009645819664001,0.0001302920306511441,0.0008144940946197733,0.4083017820145886,1766201341.4460776
0.7544074654579163,3.2644448280334473,0.5009316802024841,6.170858925500383e-05,0.0008775680750406084,0.40851881026055614,1766201341.4561272
0.7544472217559814,3.2644131183624268,0.5012300610542297,-0.0001453917893386003,0.00019029538137008768,0.40802916353902297,1766201341.4661222
0.7544063329696655,3.2643353939056396,0.5012601017951965,-0.00034032004396371447,0.0004425805372114371,0.4081131385668724,1766201341.4761145
0.754478394985199,3.2642674446105957,0.5012806057929993,-0.00035463515225834613,0.00019830601369494007,0.40778008698038226,1766201341.4861357
0.7545192241668701,3.2642741203308105,0.5013214945793152,-0.000312722333422369,0.00013481613893098556,0.4075763558637319,1766201341.4961088
0.7544189095497131,3.2641634941101074,0.5010709166526794,3.2507085466358565e-05,0.0009620318522127438,0.4086299102866938,1766201341.4961586
0.7545603513717651,3.2642500400543213,0.5013673901557922,-7.130578737693505e-05,8.676687740742955e-05,0.40725840957110027,1766201341.5060885
0.7543802261352539,3.264331102371216,0.5013678669929504,-0.00011052031746117464,0.00043073187370480925,0.40846170115653113,1766201341.516097
0.7546965479850769,3.264094591140747,0.5014887452125549,-0.00027196873451104366,2.6164837786424296e-05,0.406498832978787,1766201341.5261216
0.7543759346008301,3.2643070220947266,0.501274585723877,-0.000542224810375987,0.00036235771402314606,0.40814870028481964,1766201341.5361097
0.7547105550765991,3.264139413833618,0.5013663172721863,-0.0001418417481920334,-0.00012480517384277836,0.4062668768738477,1766201341.5361588
0.7546855211257935,3.2642664909362793,0.5013115406036377,-0.00011005296764721122,-0.00018696405167410856,0.40640946159406427,1766201341.5461342
0.7537475228309631,3.26497745513916,0.5009088516235352,4.1783324617707406e-05,0.0009262833656885856,0.41214076153470064,1766201341.5560236
0.7545638680458069,3.2645277976989746,0.5012167692184448,-4.741927407646402e-06,2.2436308507702403e-05,0.40701059722114147,1766201341.566122
0.7537536025047302,3.265230178833008,0.5007646679878235,9.36764352599502e-05,0.0009504337005169193,0.4121106674218225,1766201341.5761037
0.7544411420822144,3.264469623565674,0.5008995532989502,0.00014777854414622823,0.0009286428859025849,0.40843203877796164,1766201341.5861232
0.7543834447860718,3.264514446258545,0.500963032245636,0.00027465043933947293,0.0006708648313539105,0.4086242927844994,1766201341.5861719
0.7543439865112305,3.264495372772217,0.5011782646179199,-0.00022054844332644092,0.00026306846711161977,0.4084500061508495,1766201341.596139
0.7545172572135925,3.264207124710083,0.501400351524353,-0.00019751722389866773,0.0001395525973833848,0.40735577867875694,1766201341.6061044
0.7542234659194946,3.264646291732788,0.5011677145957947,0.00016631752337197776,0.0003585766068174395,0.40925373950473654,1766201341.616108
0.7544063329696655,3.2642836570739746,0.5013490319252014,-0.00040367872075750894,0.00035754366640016784,0.40862135195382293,1766201341.626108
0.754478394985199,3.264350652694702,0.5012947916984558,-0.0002917309633964625,0.00023222597253354127,0.4080072130572306,1766201341.6360946
0.7545669078826904,3.2642345428466797,0.5010411739349365,6.02975814405911e-05,0.0008036553254725998,0.4078506252648049,1766201341.636145
0.7545812129974365,3.264420509338379,0.5012549161911011,0.00019226935436064655,3.421117215064777e-05,0.40736119777668545,1766201341.6460714
0.7546403408050537,3.2642242908477783,0.5013524889945984,-9.29978361569259e-05,-4.860683866812068e-05,0.40697891452849727,1766201341.6561158
0.7544431686401367,3.2643091678619385,0.501044750213623,5.135120839543797e-05,0.0009079442391196831,0.4083836150499697,1766201341.6660988
0.7543689608573914,3.264469623565674,0.500924289226532,-3.282863783209479e-05,0.0008067165707757581,0.4087099256732203,1766201341.6761074
0.7544825673103333,3.2643308639526367,0.5012738704681396,-0.0003399916784399645,0.00015875954704755408,0.4075263130532891,1766201341.6861002
0.7545139193534851,3.2643887996673584,0.5012848973274231,-0.00020475001000342093,0.00017940255124810535,0.4073451197910086,1766201341.6861491
0.7543895244598389,3.264416217803955,0.5012845396995544,2.572099999401592e-06,0.00025905590650480796,0.4081654731094021,1766201341.6960669
0.754358172416687,3.2643656730651855,0.5009632110595703,-9.725380136569215e-05,0.0008905658859377839,0.40882074943023744,1766201341.70609
0.7543798089027405,3.264312505722046,0.5010470747947693,0.00022559198667729757,0.0008046405210194043,0.4084595252829483,1766201341.7161372
0.7544001936912537,3.264420986175537,0.5010632276535034,1.0988618986817998e-05,0.0008280461985466367,0.40845596715211835,1766201341.7260995
0.7543899416923523,3.2642910480499268,0.5010771751403809,0.00016565927250452905,0.0007487747510038559,0.4089437485604311,1766201341.736097
0.7545740008354187,3.2641656398773193,0.5010796785354614,4.556535779648088e-05,0.0008048421802674538,0.4078836659937988,1766201341.7361457
0.7545503377914429,3.264219284057617,0.5013654828071594,-0.00047493249524282495,0.000267381168391549,0.40728112598707444,1766201341.74603
0.7546430230140686,3.264090061187744,0.5014472603797913,-0.00018422280926370067,2.2284800554951136e-05,0.40659299487533945,1766201341.7561336
0.7543938159942627,3.264462947845459,0.5012285709381104,-0.00018935031615567135,0.00034616501898061255,0.40800101904828356,1766201341.7661176
0.7546038031578064,3.2642199993133545,0.501326322555542,-2.3341924340377476e-05,0.00010258336283012694,0.40680447280982396,1766201341.7761114
0.7544558644294739,3.2643961906433105,0.5013384222984314,-0.00018452187894743005,0.00021315669316332542,0.40776936064659447,1766201341.786099
0.7544437646865845,3.2644290924072266,0.5010324120521545,0.0002903945892753279,0.0006359639914490258,0.40824707769309787,1766201341.7861478
0.7544115781784058,3.2644379138946533,0.5012041330337524,-7.082140494612286e-05,0.0002479127887596949,0.40792103295441723,1766201341.7960532
0.7544201612472534,3.2644708156585693,0.50101637840271,0.0003874703500924691,0.0006738746966441508,0.408157818185283,1766201341.806034
0.7544437646865845,3.2644667625427246,0.5010366439819336,0.0004860498794563649,0.0006735854144396093,0.40827497775252053,1766201341.816133
0.7544597387313843,3.2643821239471436,0.5012456178665161,-0.00022883263068424956,0.00022240586550240917,0.4077521703966364,1766201341.8260384
0.754430890083313,3.2643814086914062,0.5010087490081787,0.00024709846758853946,0.0006969539720845368,0.40826246162756885,1766201341.8361213
0.7543665766716003,3.2644550800323486,0.5012989640235901,-0.00012344379580579964,5.0163037497931085e-05,0.40822331082625163,1766201341.8361704
0.7545369863510132,3.2642228603363037,0.5013309121131897,-0.00030343528042846545,0.00013573805977687954,0.40726658075989675,1766201341.8460732
0.7544829845428467,3.264190196990967,0.5013805031776428,-0.00041885435287742837,0.00033890003582049707,0.40791553444544876,1766201341.8560808
0.7543365955352783,3.2645785808563232,0.5012348294258118,8.992394265183986e-07,0.00017166670388204554,0.40844896047362345,1766201341.866102
0.7546703815460205,3.264155864715576,0.5013792514801025,-8.39660074150371e-05,-7.648116209865058e-05,0.4063768354686461,1766201341.87611
0.7543941140174866,3.2642154693603516,0.5013551712036133,-0.0002858839108669319,0.00035481974755827145,0.408302349453833,1766201341.8861077
0.7545077204704285,3.264251232147217,0.5010761618614197,0.0003120129327282162,0.0005469121261655358,0.4080893651099649,1766201341.8861604
0.7539506554603577,3.264738082885742,0.5010426640510559,-0.00012783828918945634,0.0007286383929512821,0.410908368999251,1766201341.8960073
0.7540706396102905,3.264739751815796,0.5011301040649414,0.00015973621910402028,0.000443623109400099,0.4100783822886111,1766201341.9061155
0.7544808387756348,3.2644569873809814,0.5010218620300293,0.00018108965594777732,0.0005192382673742337,0.4082338400799676,1766201341.9160936
0.7544093132019043,3.2643864154815674,0.5010167956352234,0.0001510100103809531,0.0007392734533643168,0.4084073189853029,1766201341.9261208
0.7543534636497498,3.2644171714782715,0.5011866092681885,-0.0001703924485346078,0.0003104128786712069,0.4080367609675547,1766201341.9361167
0.7542708516120911,3.2646074295043945,0.5011537075042725,8.311713806987488e-05,0.00030280219735477875,0.40892034870206123,1766201341.9361682
0.7543898820877075,3.2643251419067383,0.5010073184967041,4.910963133398141e-05,0.0008647247570763206,0.40848149794570865,1766201341.9460728
0.7543643712997437,3.264390230178833,0.5009228587150574,-0.00016716889649917832,0.0008922491670661586,0.4085118181277772,1766201341.9561195
0.7544836401939392,3.26419734954834,0.5010554194450378,4.7673226719970566e-05,0.0008394838601904107,0.4081884879678856,1766201341.966121
0.7544445991516113,3.2642085552215576,0.5010257363319397,-0.0002428127832245299,0.0009194829420331857,0.40862069466141576,1766201341.9761164
0.7544793486595154,3.264298915863037,0.5011074542999268,0.0004277070069829912,0.0006518098101900247,0.4082817322173836,1766201341.9861073
0.75445556640625,3.264195203781128,0.5010716915130615,8.920425630233348e-06,0.0007209561065842827,0.4083850974479904,1766201341.986156
0.7544625401496887,3.264373302459717,0.5009889602661133,-0.00010720977704961284,0.0008211501864559624,0.40859287517257314,1766201341.9960568
0.7544853091239929,3.2644097805023193,0.5010497570037842,0.00036404736381812704,0.000769417519082895,0.408199665808509,1766201342.006041
0.7543649077415466,3.2643885612487793,0.5012497901916504,-0.00022326015765767394,0.0003644309241261156,0.40828111439169856,1766201342.0161088
0.7545313239097595,3.264277219772339,0.5013000965118408,6.593514790946435e-05,5.103148758720262e-05,0.40721191279391944,1766201342.0261407
0.7544260621070862,3.264376163482666,0.5010505318641663,0.00028968518155597173,0.0007463071595749858,0.4080123485474308,1766201342.0361226
0.7543721795082092,3.264498233795166,0.5009675025939941,0.00023608837702156197,0.0007829557167123026,0.40830118435682994,1766201342.0461318
0.7545356750488281,3.2644026279449463,0.5012279748916626,-9.145388209832922e-05,0.00011730523803722951,0.407384661334142,1766201342.0461912
0.7544922828674316,3.264417886734009,0.5013260841369629,4.6859129215555404e-05,0.00012542059361746324,0.4074558590728143,1766201342.0560343
0.7542415261268616,3.264572858810425,0.5011386275291443,-0.00032974372890052367,0.0006057350412822851,0.40926300922828984,1766201342.0660882
0.7542291283607483,3.2647128105163574,0.5010596513748169,-0.00024206655748529614,0.0004313901471378109,0.4091017092908408,1766201342.0760453
0.7541612982749939,3.2647478580474854,0.5011374354362488,0.00010512233172533477,0.00044605233019692964,0.4098876572279383,1766201342.086131
0.7542890906333923,3.2644994258880615,0.5012373328208923,-0.00018382984721027987,0.00042531470254399427,0.40894037979471504,1766201342.0960944
0.7545287013053894,3.264274835586548,0.5012154579162598,-0.0005623162219949521,0.00043074010402498165,0.40747369736913186,1766201342.096145
0.754361093044281,3.2642862796783447,0.5013760328292847,-8.033471684130415e-05,0.0003323009851525418,0.4082169937578945,1766201342.1060758
0.7545053362846375,3.2643520832061768,0.5013847351074219,8.214217353274112e-05,0.00010580660972343577,0.4077278092243113,1766201342.1160192
0.7543724775314331,3.2644591331481934,0.5012844204902649,-0.00019402718000519024,0.00028640882681640396,0.4084565768422531,1766201342.1261091
0.7542088627815247,3.2646212577819824,0.5011477470397949,-0.00012463493788240166,0.0004250496655138199,0.4090723987518563,1766201342.1360683
0.7544174194335938,3.2643625736236572,0.5013269186019897,-0.00015839520522242256,0.0003254412556373218,0.40771788364045247,1766201342.136119
0.7540748119354248,3.264740228652954,0.5010963678359985,-1.414313566727498e-05,0.0005551803235682685,0.41022808822978224,1766201342.1460474
0.7544810175895691,3.2645201683044434,0.5009472370147705,0.0002811964774569579,0.0006609597183570872,0.4080340695995037,1766201342.1560416
0.7543507218360901,3.264556646347046,0.500923216342926,1.4253994376882278e-05,0.0009147201260256308,0.4088252484100463,1766201342.1661081
0.7542939186096191,3.2646358013153076,0.5011341571807861,-0.0002872948237061822,0.00041313585678527936,0.40858554162721344,1766201342.1760845
0.7543585300445557,3.2644383907318115,0.5012197494506836,-0.000288601454020713,0.00035142053789649717,0.4081820037408495,1766201342.186125
0.7544336318969727,3.2643847465515137,0.5012397170066833,-0.00022572203041234043,0.00029546146122988074,0.40830598466256623,1766201342.196065
0.7545779943466187,3.26454496383667,0.5013242363929749,5.3871615256205175e-05,5.4604391870054073e-05,0.4076490944431662,1766201342.1961164
0.7545329928398132,3.264319896697998,0.5010297298431396,-6.410574235813544e-05,0.0007489074923381338,0.4080966273240574,1766201342.2059867
0.7545202970504761,3.2641706466674805,0.5013506412506104,-0.000387438962201321,0.00020843580008141565,0.40780828982172396,1766201342.216089
0.7544717192649841,3.2642898559570312,0.5013431906700134,-0.00024520238291521345,0.0003989642487706654,0.40788670638264174,1766201342.226062
0.754481852054596,3.264362335205078,0.5010087490081787,3.289215583727678e-05,0.0009099952627382299,0.4084745770201933,1766201342.2361138
0.7544963359832764,3.264434814453125,0.5009894967079163,0.00023704763728314625,0.0006911079858331147,0.4082152604871631,1766201342.236164
0.7545521855354309,3.2644646167755127,0.5010477900505066,0.0004843438381542907,0.0006346439082387793,0.4077555245524241,1766201342.246038
0.7544201016426086,3.2643675804138184,0.500964879989624,0.0001405441745417144,0.0007880438587888051,0.40854557835088195,1766201342.2561224
0.7545063495635986,3.264453411102295,0.5009435415267944,0.00014403929688274364,0.0007599408426265314,0.40779623322384695,1766201342.2661242
0.7544375061988831,3.2644193172454834,0.5011516809463501,-0.0003908268620980303,0.00025702816927567986,0.40755710432260217,1766201342.2761247
0.754384458065033,3.264443874359131,0.5011651515960693,-0.00010030139133306921,0.0003599158070592583,0.4080147463354152,1766201342.2861161
0.7546463012695312,3.2643115520477295,0.5013225078582764,4.5229673447277636e-05,3.8322815761297e-05,0.4067514330313113,1766201342.2960906
0.7544386982917786,3.2645537853240967,0.5009341239929199,0.00022844806462990803,0.0008866660938872875,0.40841248477550374,1766201342.2961404
0.7544310092926025,3.2643322944641113,0.5009677410125732,-0.00027862103262818764,0.001026232126478307,0.40873273283017075,1766201342.3059938
0.7547793984413147,3.2642405033111572,0.5013599991798401,-0.0001653628420555467,-0.0001379883301859478,0.40644863585575075,1766201342.316126
0.7545865774154663,3.26420259475708,0.5013517141342163,-0.00014876820360901864,7.8393193302416e-05,0.4071811732661,1766201342.3261356
0.7544993758201599,3.264312267303467,0.5010824799537659,0.00029978311706965375,0.0006314576607795118,0.4081487180712958,1766201342.3361273
0.7544248104095459,3.264216899871826,0.5010582208633423,-0.00016340108878879224,0.0009149058757214363,0.4086640188280453,1766201342.3361778
0.7545188069343567,3.2642951011657715,0.5011539459228516,0.00033333939389519076,0.0007515167676476377,0.40809324629742066,1766201342.3460565
0.754444420337677,3.264399766921997,0.501274824142456,3.524782562228775e-05,0.00011453215261556353,0.40800782760236853,1766201342.3561
0.7545199394226074,3.264404058456421,0.5014172792434692,0.00034599935631899275,-9.818322674266205e-05,0.40756675635221085,1766201342.366127
0.754499614238739,3.264376163482666,0.5010221004486084,0.000335886378139847,0.0007335759094679511,0.4083357934244817,1766201342.3760931
0.7545458078384399,3.2644097805023193,0.5012651085853577,6.82567768423296e-05,-6.658767600864755e-06,0.406988345593501,1766201342.3861065
0.7543711066246033,3.2645010948181152,0.5008898377418518,0.00016154209479048712,0.0008517194426124805,0.4087426457681952,1766201342.3861573
0.7543672323226929,3.2644004821777344,0.500968873500824,-1.2789746920285776e-05,0.0008748001152851299,0.40855048679839157,1766201342.3959844
0.7543419599533081,3.264521837234497,0.5012630820274353,1.837535655614153e-05,0.00017945735307108216,0.40840304916186776,1766201342.4061167
0.7544653415679932,3.2643628120422363,0.5012936592102051,-0.00013850801862441017,0.0002246946524165506,0.4077816141078172,1766201342.4161024
0.7544752359390259,3.264298677444458,0.500995397567749,8.206493701353528e-05,0.0007430093792324456,0.40828877143552184,1766201342.4260914
0.7544913291931152,3.26436185836792,0.5010339021682739,0.00015715234446336167,0.0006889764690936262,0.40801120068347,1766201342.4360802
0.7544865608215332,3.264284372329712,0.5010541677474976,0.00014865387752707442,0.0007707428592516867,0.408252595702545,1766201342.4361303
0.7545239925384521,3.264254570007324,0.5013433694839478,-0.0002076876224961672,0.00022062179356044338,0.4078360635242466,1766201342.4459813
0.75458163022995,3.2642581462860107,0.5013297200202942,-0.0003552351225101824,0.00016966281199514406,0.40735283480489093,1766201342.456048
0.7545853853225708,3.2643721103668213,0.5010741353034973,0.0002129505207006325,0.0007163743265428345,0.4078641372924183,1766201342.4661036
0.7545499801635742,3.2643070220947266,0.5010334849357605,7.684403554902653e-05,0.0007026793055584759,0.4078840248720457,1766201342.4760702
0.7544811964035034,3.2643604278564453,0.5010299682617188,0.00014706596907679991,0.0008164326283820082,0.40834180862592295,1766201342.4861112
0.7544198036193848,3.2643964290618896,0.501067042350769,7.928699772703084e-05,0.0008133341073339037,0.4082826656413638,1766201342.4861615
0.7545853853225708,3.2644155025482178,0.5010071396827698,0.00042669576278915985,0.0005267159814808328,0.40760619983336077,1766201342.4960704
0.7544862627983093,3.2644448280334473,0.5009756088256836,0.00044293309871644356,0.0005166958525129445,0.40796429750408014,1766201342.506032
0.7545166611671448,3.264455795288086,0.5009075403213501,-7.151044011575807e-05,0.0007892644500566509,0.40782128995838124,1766201342.5161078
0.7544451951980591,3.2645039558410645,0.5009444952011108,6.0674750950337994e-05,0.0008142387364306774,0.4080889009414696,1766201342.5261273
0.7543947100639343,3.2644295692443848,0.5010125041007996,0.0002727363811103579,0.0007198154921715652,0.40842813948756684,1766201342.5361173
0.7543540596961975,3.2643840312957764,0.500984787940979,-9.494679408419816e-05,0.0009104293586230018,0.4090443340627985,1766201342.5361667
0.7543939352035522,3.2642617225646973,0.5013347864151001,-0.00017004533458737776,0.00023686327613509545,0.40806226724960776,1766201342.5460541
0.754481315612793,3.2643468379974365,0.5013102293014526,-0.00010271003843128714,2.3284915265862465e-06,0.4078951773463732,1766201342.555987
0.7544166445732117,3.264340877532959,0.501392662525177,8.75723101634039e-05,0.00016327217549196707,0.40807271029007597,1766201342.5660524
0.7545723915100098,3.2643277645111084,0.5011248588562012,0.00031032117190293916,0.0005639375865047832,0.40778315623034184,1766201342.5761302
0.7544684410095215,3.264244794845581,0.5012999176979065,-0.00014642143339263676,0.00042840378304246534,0.40787013721247023,1766201342.586153
0.7543373703956604,3.264469861984253,0.5011521577835083,-0.00035224174007213117,0.000442209913297237,0.408644006266294,1766201342.586202
0.754520833492279,3.264410972595215,0.5010316371917725,0.00016080603411944923,0.0007934565754232614,0.4082593467829955,1766201342.6060712
0.7542424201965332,3.2645435333251953,0.5011757016181946,-0.000260094234334976,0.0003567848615953955,0.4088204595018122,1766201342.606124
0.7545168399810791,3.264352798461914,0.5012606382369995,1.7245072869105283e-05,3.2823376223140716e-05,0.4074392696671295,1766201342.6159859
0.7544496655464172,3.264477491378784,0.5009026527404785,2.25877524671674e-05,0.0006915044505579777,0.40802351539036197,1766201342.626021
0.7536781430244446,3.265040636062622,0.5009922981262207,0.0002506924547629726,0.0009329027576270133,0.41225668259484605,1766201342.6360598
0.7541584372520447,3.264737129211426,0.5010906457901001,-0.00010110743667053501,0.00042858411006694685,0.4094600588556704,1766201342.636075
0.7543627619743347,3.2643489837646484,0.5009976029396057,-1.2132447659022968e-05,0.0008885937060991884,0.4089059711536534,1766201342.6461148
0.7545590400695801,3.2642791271209717,0.5013542175292969,-0.00025636319691551163,7.816912933441301e-05,0.4073570463435045,1766201342.656094
0.7546236515045166,3.2642080783843994,0.5013356804847717,-0.0004976403955569364,0.0001830505943653909,0.40698218759863247,1766201342.6660383
0.7544537782669067,3.2643346786499023,0.5011188983917236,0.00010063402390443292,0.0009106071180402024,0.40866741702676773,1766201342.6760857
0.754494309425354,3.2643609046936035,0.5010391473770142,-7.766563511149318e-05,0.0008868271304447826,0.40855416333692307,1766201342.6861067
0.7544481158256531,3.264272689819336,0.5010383129119873,-0.00010445754434921939,0.0009741337735416891,0.4086034833559641,1766201342.686156
0.7544502019882202,3.2641873359680176,0.5011241436004639,-0.00019132493382730898,0.0008006859510749087,0.4085496670476608,1766201342.6960268
0.7545398473739624,3.264319896697998,0.5010768175125122,9.096719220904607e-05,0.0006725445326653069,0.40790695117888126,1766201342.7060485
0.7545202970504761,3.264385223388672,0.5010573267936707,0.00017567866729708314,0.0006025965430173693,0.4079060788768712,1766201342.71613
0.7544578313827515,3.264246940612793,0.5010243058204651,-9.065931152838257e-05,0.0008113742709838118,0.40834263565190737,1766201342.7260702
0.754419207572937,3.2643938064575195,0.5009515285491943,0.00011346036954803384,0.0006775360570618461,0.4084712261294574,1766201342.7361014
0.7543246150016785,3.264415979385376,0.5009498000144958,-5.8844473004566126e-05,0.0009992429966844654,0.40878822704611656,1766201342.7361526
0.7544359564781189,3.2644095420837402,0.5010126829147339,0.0001493783066358732,0.00076574403092443,0.4084269603813083,1766201342.7459967
0.7544387578964233,3.2643282413482666,0.5009755492210388,0.0001318390083905016,0.0007223774664064968,0.40836647401825843,1766201342.7561016
0.7543290853500366,3.264418125152588,0.5013376474380493,-0.00011046559958777316,0.00018925315194979344,0.4084947852960251,1766201342.7661219
0.7544419169425964,3.2644002437591553,0.501316487789154,4.508566157848085e-05,0.0001701218127896925,0.4079223196121399,1766201342.7760894
0.7543458342552185,3.264310359954834,0.5009880661964417,1.9804704766808025e-05,0.0010926216884589975,0.40910197162370304,1766201342.7861116
0.7544452548027039,3.26436185836792,0.5010396242141724,-0.00011109525704710109,0.0008200391957713658,0.4084684481500867,1766201342.7861621
0.7544328570365906,3.2643091678619385,0.5010591745376587,-9.600285653955838e-05,0.0007979505726296744,0.4087827575936378,1766201342.796247
0.7544428706169128,3.2642791271209717,0.5010991096496582,-1.135981558746684e-05,0.0008680994325133447,0.4085820557600316,1766201342.8060055
0.7546398043632507,3.264127731323242,0.5014234185218811,-0.0003713708551538414,0.00012516510870585462,0.4071321937609156,1766201342.8160548
0.7544916868209839,3.2643508911132812,0.5013898611068726,-0.00029707864346860467,0.00021123139939888626,0.4075647382729694,1766201342.826119
0.7543251514434814,3.2645599842071533,0.5011998414993286,0.000107926398549258,0.0003132670493409255,0.40879989056263766,1766201342.8361046
0.7536978721618652,3.264997720718384,0.5008292198181152,-0.0005338514617220311,0.0012569116757936173,0.41252852413505575,1766201342.8361564
0.7545426487922668,3.264343023300171,0.5013933181762695,0.00012318288578157518,-0.00013685545673138138,0.40754841808541376,1766201342.8459842
0.7541853189468384,3.2646689414978027,0.5010863542556763,-0.00020721361354158365,0.0004205168982881873,0.40954965070711163,1766201342.8559716
0.7540540099143982,3.2647035121917725,0.5011045932769775,6.961398490819132e-06,0.0005328511793232809,0.4100982272186212,1766201342.8661027
0.7544682621955872,3.264441728591919,0.5009537935256958,3.199150019700206e-05,0.000771303217693686,0.40798042687621994,1766201342.8760943
0.7543408274650574,3.264564037322998,0.5011991262435913,0.00014421708151754212,0.0001429150317716942,0.40840762366919997,1766201342.8860993
0.754420816898346,3.2641115188598633,0.5014018416404724,-5.581209847974169e-05,1.2234055602832441e-05,0.40770707968215253,1766201342.8861492
0.7543363571166992,3.2640018463134766,0.5010794401168823,-0.00023120934800959335,0.0008749877218995621,0.4086260055648394,1766201342.8959684
0.7545037269592285,3.263917922973633,0.5014036297798157,-0.00022707987362057523,0.0003551139820633075,0.40734235050842466,1766201342.906115
0.7545445561408997,3.2641923427581787,0.501368522644043,7.38087247265424e-05,3.520396551073354e-05,0.4072701329387135,1766201342.9161007
0.7545124292373657,3.264275074005127,0.5011709928512573,0.0004652093738557002,0.0005523811595714113,0.40787975475875876,1766201342.926096
0.7545040845870972,3.264267921447754,0.501061201095581,0.0001479047118126898,0.0006309718926775812,0.40801773349625686,1766201342.9361303
0.754328727722168,3.264484405517578,0.5013589859008789,1.0729331681549935e-05,0.00024818724596896105,0.4085755317351585,1766201342.9361792
0.7545574307441711,3.264061450958252,0.5013905763626099,-0.00038405170282260957,0.0002538934029663073,0.40728032858278207,1766201342.9460323
0.7545137405395508,3.2642621994018555,0.5010297298431396,9.324984742517445e-05,0.0007566857838484515,0.40802614428292866,1766201342.9561117
0.7543403506278992,3.2643067836761475,0.501078724861145,0.00017231601573608382,0.0008146633537447713,0.40871304329336156,1766201342.9661021
0.7543879747390747,3.2644107341766357,0.500983476638794,5.2002417666311904e-05,0.0008124710877995432,0.4084951620648401,1766201342.9760861
0.7545186877250671,3.2642452716827393,0.5013802647590637,7.37673046517597e-05,-2.0548044762323436e-05,0.40679995568092925,1766201342.9860601
0.7542775273323059,3.2643158435821533,0.5012847185134888,-0.0001927174398183239,0.0003743125156213856,0.4086785680079332,1766201342.9861102
0.7545455098152161,3.2643864154815674,0.5010212063789368,0.0005351035544555971,0.0006557662458169459,0.4077822569381889,1766201342.9960067
0.7545044422149658,3.264359474182129,0.5010448098182678,0.00039225875997709686,0.0006804876659835103,0.40821771922228167,1766201343.0160518
0.7544527053833008,3.2643752098083496,0.5009744167327881,-1.4294416998833813e-05,0.0008660321587084847,0.4084867417736295,1766201343.0160713
0.7545127868652344,3.2643065452575684,0.5010281801223755,1.2480625707580554e-05,0.0007970716188239465,0.4083781503560015,1766201343.025986
0.7543752789497375,3.264357328414917,0.5010688304901123,-0.00018106165922662716,0.001031245228054654,0.4091531975301741,1766201343.0360978
0.7545722723007202,3.2642483711242676,0.5014090538024902,-0.00017952653577999836,0.00013226240735655603,0.4074164565841486,1766201343.036147
0.7543087601661682,3.2644217014312744,0.5014585256576538,0.0001225555249433043,0.0002514201449308067,0.409036593288355,1766201343.0460684
0.7546242475509644,3.264211416244507,0.501477837562561,-3.9551257174863214e-05,3.816932027264006e-05,0.40727091384262304,1766201343.056035
0.7544879913330078,3.2643473148345947,0.5014063119888306,-7.497322642176556e-05,0.0001504363323708651,0.4080109124657942,1766201343.0660875
0.7545472383499146,3.264206886291504,0.5013833045959473,-0.00038046708292067526,0.00025319444861387195,0.40710025033016006,1766201343.0761034
0.7543746829032898,3.264357328414917,0.5014185309410095,0.00013631154582270278,0.00015557141038312567,0.40804808426464756,1766201343.0861106
0.754202127456665,3.264437675476074,0.5013322234153748,-8.035391310621912e-05,0.00042314090117876634,0.4089494026898488,1766201343.08616
0.7538598775863647,3.264838218688965,0.5009930729866028,-0.00010893964748988047,0.0008509022329761464,0.41112184923388323,1766201343.0960534
0.7540943622589111,3.2647335529327393,0.5010913610458374,0.00018265389035739446,0.0005751484621282596,0.409990905818456,1766201343.1061008
0.7543261051177979,3.2644848823547363,0.5011889338493347,-0.00029934015309490133,0.0004303233554673764,0.40883245229518794,1766201343.116127
0.7544868588447571,3.26444673538208,0.5012463927268982,-0.00048249361196867427,0.00014432459454744785,0.40769484018350916,1766201343.1260943
0.7546123266220093,3.2643914222717285,0.5013596415519714,8.593341813684125e-05,-0.00011208308578930438,0.4072712892066305,1766201343.1360688
0.7544074058532715,3.2644667625427246,0.501020073890686,-9.202915424488734e-06,0.0008373070409686399,0.40878849103454423,1766201343.1361177
0.7545511722564697,3.2643203735351562,0.5010339617729187,2.1056884496720603e-05,0.0008010189594446102,0.40805860955447076,1766201343.146067
0.7543989419937134,3.2644124031066895,0.5010147094726562,-7.4313007673079365e-06,0.0007073797150584263,0.40869341298196615,1766201343.1561306
0.7543902397155762,3.264253854751587,0.5010771155357361,-3.2456848874180254e-05,0.0008664269444787082,0.40883052824233185,1766201343.166097
0.7544470429420471,3.26427960395813,0.501082181930542,-8.293885791672186e-05,0.0009067318410670029,0.4083521801025113,1766201343.176125
0.7544284462928772,3.2642855644226074,0.5010353326797485,6.323238072337373e-05,0.0009104434936166629,0.4087902938006453,1766201343.1861055
0.7544092535972595,3.2644338607788086,0.5009481906890869,-1.706712669373803e-05,0.0010456062311928332,0.4087487239785354,1766201343.1961002
0.7545531988143921,3.2645022869110107,0.5009172558784485,0.00016683224095227314,0.0007788403597124892,0.40762994060911434,1766201343.1961503
0.7545108795166016,3.2644736766815186,0.501004159450531,0.0004417348577130617,0.0005455159999899426,0.40791928033854974,1766201343.2060664
0.7539861798286438,3.264918327331543,0.5009837746620178,6.023488821806072e-05,0.0005957759602619234,0.41059906209908076,1766201343.2161248
0.7544159889221191,3.2644176483154297,0.5012457966804504,-0.0002809356691629078,0.00022530392602898363,0.4078150431354495,1766201343.2261107
0.7543441653251648,3.2643308639526367,0.5009967088699341,0.000102779481074497,0.0008520145575414866,0.40884235845268563,1766201343.2361093
0.7543726563453674,3.2643649578094482,0.5010439157485962,0.00012581009802929021,0.0007996035152412005,0.4084622029909407,1766201343.23616
0.7544890642166138,3.2642455101013184,0.5010344386100769,-0.00015998606837902587,0.0007960414322611781,0.40812454312835106,1766201343.2460377
0.7543423175811768,3.264380693435669,0.5010545253753662,0.00015027713050541595,0.0008758920549199664,0.4090458338545916,1766201343.2561202
0.7543658018112183,3.264275074005127,0.5011473298072815,0.00034114359996113613,0.0008711253844702419,0.40867403089792165,1766201343.2661114
0.7544441819190979,3.2642319202423096,0.5011085867881775,0.00022557590777318046,0.0008182127012270542,0.4082407366174062,1766201343.2761064
0.7543717622756958,3.264251470565796,0.5010668635368347,6.470559166308693e-05,0.0008644288329941296,0.4088823672509034,1766201343.2861083
0.7545947432518005,3.2643325328826904,0.5014041662216187,0.0001477790020233184,-0.00022101601838195263,0.40722350209018643,1766201343.2861767
0.7544524073600769,3.2643213272094727,0.5013852119445801,-0.0002234413276801919,0.00026619689129169546,0.40819258638525513,1766201343.2960262
0.754419207572937,3.2644944190979004,0.5014200806617737,0.00031658273632538607,-4.855232543837573e-05,0.40807613818912586,1766201343.3060143
0.7541851997375488,3.264491081237793,0.5013092160224915,0.0001105729394257545,0.0004012409305149713,0.4093153610068202,1766201343.3160384
0.75434410572052,3.2645082473754883,0.500982940196991,0.00021564249173983892,0.0008388494972781117,0.40894163248316034,1766201343.3260918
0.754387378692627,3.2644426822662354,0.5010877251625061,0.00018166122455082705,0.0008155382121259509,0.40831905090729126,1766201343.3360555
0.7544077038764954,3.2644214630126953,0.5011376142501831,0.0005096654356002819,0.0007035198133699503,0.4079726335644009,1766201343.3361049
0.7543368339538574,3.264742374420166,0.5011036992073059,1.5887677023980567e-05,0.00016945612707053626,0.4088074266834237,1766201343.3459523
0.754382848739624,3.2647266387939453,0.5012152791023254,-5.286325852249933e-05,0.00020437125783039016,0.40864468658270936,1766201343.3561208
0.7545863389968872,3.264613389968872,0.5012451410293579,-0.0001350300217324028,0.00013661736553744765,0.4077245864060809,1766201343.366122
0.7543936967849731,3.264465570449829,0.5010173916816711,-0.0001561442109184379,0.000961569744304318,0.4092811132493346,1766201343.3760805
0.7545011043548584,3.264328718185425,0.5013540387153625,-0.00018233308046400337,0.00029612317202045715,0.4077136225021862,1766201343.386118
0.7543994784355164,3.264390230178833,0.501340389251709,-0.00016183797140876234,0.0003524171759601906,0.40846756551848656,1766201343.3861675
0.7543048858642578,3.264235019683838,0.5012994408607483,-0.0004176754289968457,0.0005291075292458455,0.4090141767834766,1766201343.3960698
0.7544406056404114,3.2642629146575928,0.5013796091079712,-0.0002783315822294606,0.00026275149246551155,0.40787056978121433,1766201343.406101
0.7545259594917297,3.2643117904663086,0.5010541677474976,0.00016635419824922572,0.0008133451233923875,0.4076939845920575,1766201343.4161167
0.7543714642524719,3.26424503326416,0.5011186003684998,0.0002508509607827289,0.0008649835498454306,0.40875616959094135,1766201343.4260955
0.7539442777633667,3.265007972717285,0.5010144710540771,-3.73931535263527e-05,0.0005030612242469946,0.4108063829380885,1766201343.4361336
0.7544548511505127,3.2643349170684814,0.5013019442558289,-1.712380259599003e-05,6.873558384598553e-05,0.40767751483706977,1766201343.436183
0.7538930177688599,3.264813184738159,0.5010295510292053,-9.376661859110313e-05,0.0007364474372752066,0.4111157049130637,1766201343.4460597
0.7544691562652588,3.264418125152588,0.5010643005371094,0.00023014443915129158,0.0007030786939609524,0.40816737216800353,1766201343.4561458
0.754669725894928,3.2645912170410156,0.5010102987289429,0.0002888505963537688,0.0005669949697471875,0.4073736031908296,1766201343.4660926
0.7546471953392029,3.264758348464966,0.5009358525276184,0.0005944720054580965,0.0007406500606705104,0.40814883854414996,1766201343.4760544
0.7544670104980469,3.264599323272705,0.5009151101112366,-0.0001579596842450044,0.0009579428128412417,0.40930405952047444,1766201343.4860404
0.7544419765472412,3.2645082473754883,0.5009973645210266,-0.000190632413189785,0.0010350740599664801,0.4092593050688244,1766201343.4860904
0.7544499039649963,3.264310359954834,0.5010915994644165,7.937914321777195e-05,0.0008037674227429478,0.4088398084644143,1766201343.4960682
0.7543919086456299,3.2642815113067627,0.5010826587677002,3.87307723517167e-05,0.0009038129757381533,0.4089809371828116,1766201343.506047
0.7544513940811157,3.264282703399658,0.5010486841201782,-2.2475522781204235e-05,0.0008500113310407187,0.4084904679734733,1766201343.516129
0.7545360922813416,3.264221668243408,0.5010806322097778,0.0001405566890832053,0.0008065408583621928,0.407908538122166,1766201343.5260983
0.7543824911117554,3.264249563217163,0.5009797215461731,-0.0005504160135920397,0.0010656227405224591,0.40864855103817976,1766201343.5361047
0.7546321749687195,3.264192581176758,0.50132155418396,-0.00019681037824170093,7.221784788153303e-06,0.4066627073131032,1766201343.536178
0.754533052444458,3.264247417449951,0.5012899041175842,-0.0005696885565546983,0.00019317014700485907,0.40729499292199006,1766201343.5460353
0.7543798089027405,3.264371156692505,0.5012073516845703,-0.0005527008284835416,0.00043342521080924645,0.4080822453592912,1766201343.5561085
0.7542979717254639,3.2643656730651855,0.5012356638908386,-0.00027672105907759135,0.0003471638498359233,0.4085001015099303,1766201343.5661085
0.7537677884101868,3.2649149894714355,0.5009031891822815,-2.532599455208113e-05,0.0008520472327375292,0.4116951472728927,1766201343.5761096
0.7543118596076965,3.264402389526367,0.5009225606918335,-6.111014386693553e-05,0.0010394484038681393,0.408995475965138,1766201343.5861142
0.7544736266136169,3.2642648220062256,0.5012936592102051,-0.0002941522147701751,0.00029398067692541617,0.4076664727361753,1766201343.5861633
0.7544136643409729,3.2643210887908936,0.5013100504875183,-0.0005497648420033882,0.0003592130334472731,0.4081929209341027,1766201343.5960002
0.7544179558753967,3.2642860412597656,0.5010581016540527,2.9939076230719632e-05,0.0007705189210922671,0.4084304208337213,1766201343.6061127
0.7544822096824646,3.264188289642334,0.5013971328735352,-0.00026503555387782614,0.0002381639497756098,0.40791809276260654,1766201343.616107
0.7544890642166138,3.2642621994018555,0.5013875365257263,-5.550062345337069e-05,0.00014721662329002743,0.4076852089347184,1766201343.6261098
0.7544100284576416,3.2642030715942383,0.5013740658760071,-0.0002588762111524149,0.0002633769314173005,0.4081923535860104,1766201343.636062
0.7545571327209473,3.264086961746216,0.5013157725334167,-0.0006527621066863763,0.00027849086853431033,0.40739238507360265,1766201343.636078
0.754156231880188,3.2645370960235596,0.5012584924697876,7.646515835676688e-05,0.00034502979394836447,0.4097879626592903,1766201343.6460643
0.7545703649520874,3.2642600536346436,0.5012905597686768,-0.00041669359053530527,0.00028541226768570723,0.4067740809402278,1766201343.6560454
0.7543693780899048,3.2642714977264404,0.5013126134872437,-0.00021479160560869428,0.00021806108786760406,0.4083910132823953,1766201343.66602
0.7544761300086975,3.2643659114837646,0.5012640953063965,-5.253441283653297e-05,0.00013242515789399243,0.40766641988477603,1766201343.6761158
0.7544089555740356,3.264375686645508,0.5011749267578125,-0.0003551753992383827,0.0002267562690560416,0.40773439245435816,1766201343.6861057
0.7538989186286926,3.2649834156036377,0.5009995102882385,0.00020993575881156904,0.0007522850948168339,0.4109180399232244,1766201343.6861544
0.7544393539428711,3.2643465995788574,0.5013476610183716,0.00011718219269414407,0.00022036468916743877,0.407685969589178,1766201343.695981
0.754472017288208,3.2643136978149414,0.5012692809104919,-0.00026617752076191193,0.00025904231412270286,0.4079398794000024,1766201343.706099
0.7544654607772827,3.264376163482666,0.5010042190551758,3.188118508158404e-05,0.0008166770384827984,0.4082382209847231,1766201343.7160993
0.7546035051345825,3.264467477798462,0.5010647177696228,0.0004252638792371987,0.000706673450445499,0.4076118833763793,1766201343.7261384
0.7544366717338562,3.2642884254455566,0.5010188817977905,-0.0003413848850252477,0.0010436133366262766,0.4089112931292578,1766201343.736117
0.7546444535255432,3.2642552852630615,0.5011131763458252,1.8480262748956028e-05,0.0006381772655458036,0.40764298624852924,1766201343.7361667
0.7545241117477417,3.264167308807373,0.5011235475540161,-0.00019624374746159842,0.0009487734681210303,0.4080389213772007,1766201343.74595
0.7544910311698914,3.264073133468628,0.5011782050132751,-0.00018364280929864893,0.000842918351344673,0.4083093149495932,1766201343.7560337
0.7543243765830994,3.2640604972839355,0.5011381506919861,-0.00017058566132021138,0.001063505385237605,0.40914929550641344,1766201343.7660348
0.754368245601654,3.264321804046631,0.5010073184967041,0.00014725132481238417,0.0008301941652818894,0.4087257354247764,1766201343.776045
0.7542008757591248,3.2644309997558594,0.5012627840042114,-0.00013579273687503436,0.000533939215501523,0.40912750701591494,1766201343.786055
0.7543070912361145,3.2643988132476807,0.5012190341949463,-0.00025888017217020606,0.00046479981558057433,0.4084822970398768,1766201343.7861204
0.7545391321182251,3.2644126415252686,0.5011556148529053,-0.0002596204121549011,0.00016286339942639237,0.40700791127786107,1766201343.7960248
0.7544340491294861,3.2644243240356445,0.5011756420135498,-0.0004612956033237881,0.00033177828198644366,0.407844572961874,1766201343.8060353
0.7538072466850281,3.2649827003479004,0.5009233355522156,0.0003829502761701843,0.0007298379800619143,0.4117844155854169,1766201343.8160872
0.7544964551925659,3.26438307762146,0.5012921690940857,-1.568323503530059e-05,2.301634357829822e-05,0.40756645211525566,1766201343.8261242
0.7544122934341431,3.264284610748291,0.5010614991188049,6.471518876524594e-05,0.0008468859330711094,0.4086002889964554,1766201343.8361108
0.7544505596160889,3.2643325328826904,0.5010240077972412,-0.00013252040595213132,0.0008891510221496038,0.4082911375466055,1766201343.8361616
0.7545704245567322,3.2641892433166504,0.5011577606201172,-6.601306672713855e-05,0.0008224339858223677,0.4075400838111996,1766201343.8459487
0.7544621229171753,3.2642810344696045,0.501158595085144,-0.00015220120893064476,0.0008131994656406899,0.4082757102083735,1766201343.856047
0.7545802593231201,3.264272928237915,0.5011820793151855,0.00017823842307041512,0.0006988979046693814,0.4083308698178146,1766201343.866061
0.754417359828949,3.2644288539886475,0.5009894371032715,-0.00047204630995900996,0.000923660776566313,0.40884524758537727,1766201343.876081
0.7546576261520386,3.2643017768859863,0.5013391971588135,-0.00017669350222894624,2.384226780060994e-05,0.40689444090387555,1766201343.8861156
0.7543890476226807,3.264526128768921,0.5011448264122009,-0.00018633796982056016,0.0003111062252279267,0.40833385694044744,1766201343.8861654
0.7546586990356445,3.2643539905548096,0.5012129545211792,-0.00021156596057561613,-7.665760010007915e-05,0.4064843199889075,1766201343.896021
0.7541273236274719,3.2645654678344727,0.501126229763031,-0.0005165345748689543,0.0005948067601967127,0.40950061272115845,1766201343.906086
0.7543666362762451,3.264371395111084,0.5012671947479248,-0.00016161072761810405,0.0003305816355957084,0.40804926765400884,1766201343.9160728
0.7544922828674316,3.264284133911133,0.5013778209686279,5.932864482669105e-06,0.0001459654058352922,0.40734244455935487,1766201343.926097
0.7545402646064758,3.264399290084839,0.5013227462768555,-2.9086282235952564e-05,4.675560485969117e-05,0.40722345428596773,1766201343.9360921
0.7544205784797668,3.264521837234497,0.5010629892349243,0.0008552702856068282,0.0005218502977380659,0.408405798716187,1766201343.9361408
0.7544817328453064,3.264312267303467,0.5010486245155334,0.0002719095807388881,0.000672189777877732,0.40812976517729027,1766201343.9460921
0.7545673847198486,3.264178514480591,0.5014039278030396,-3.355677194011332e-05,6.286336702581943e-05,0.4071841004894382,1766201343.956076
0.7544277906417847,3.2641632556915283,0.501353919506073,-0.00018928157388755322,0.00026655302172829006,0.4081494978702429,1766201343.9661472
0.7545221447944641,3.2642524242401123,0.501161515712738,0.00035506786199613786,0.0007866456491138961,0.40805914432528045,1766201343.9760537
0.7544790506362915,3.264235019683838,0.5011012554168701,8.245355987437454e-05,0.0007641868550715472,0.40841553672473324,1766201343.9860504
0.7543846368789673,3.2643542289733887,0.50103759765625,0.0003294564432558651,0.000733738177832132,0.4089591684267241,1766201343.9961057
0.7543420791625977,3.2643072605133057,0.5009766817092896,-4.6278549370318524e-05,0.0010335940018119081,0.408912405364056,1766201343.996155
0.7544792890548706,3.264352798461914,0.501202404499054,-0.00025238149430209815,0.00018344036018740415,0.4074996405122814,1766201344.0060318
0.7547325491905212,3.2642269134521484,0.5012974739074707,-0.0002261852795489454,1.2884007476817831e-05,0.4056378183465929,1766201344.016124
0.75443434715271,3.264375686645508,0.5012397766113281,-0.00021436575220174804,0.0003501166909178394,0.40765819714484886,1766201344.0260937
0.7545807957649231,3.264364004135132,0.5012190937995911,-9.886970354555227e-05,-2.462297124996905e-05,0.40674674068282196,1766201344.0361083
0.7544968724250793,3.264460802078247,0.5009342432022095,0.00022704518920757064,0.000782793345614062,0.4078857884711614,1766201344.0361576
0.7544156312942505,3.2645273208618164,0.5011754035949707,-1.5228825637255665e-05,7.263060338945787e-05,0.4079924348784026,1766201344.0460067
0.7543769478797913,3.2642738819122314,0.5012719035148621,-0.0002898951859046425,0.0003387070434846737,0.40830787997388557,1766201344.0560102
0.7544606328010559,3.2642574310302734,0.5010212659835815,-0.0001313855340931422,0.000907278048517996,0.4082352259152137,1766201344.0660744
0.7544625401496887,3.264265537261963,0.5010449290275574,-1.3808724501450152e-06,0.0007823081446005571,0.4084506908100358,1766201344.0761302
0.7543686032295227,3.2643074989318848,0.501377284526825,-0.00022721953882382876,0.00035682869915487376,0.4086251473264757,1766201344.0861082
0.7544589638710022,3.264237642288208,0.501427412033081,-9.999027943488239e-06,0.0001223298046038153,0.4078965917814158,1766201344.0861588
0.7545443177223206,3.2641944885253906,0.5010581612586975,0.00011504233526310452,0.0007207341894469234,0.40777801400531044,1766201344.0960119
0.7544721364974976,3.264150381088257,0.5013916492462158,-0.00012898530382352322,0.00011714401223729714,0.4075261281864109,1766201344.1060317
0.7544811964035034,3.2641563415527344,0.5012866258621216,-0.00040135267296772793,0.00021192455912900324,0.40770486881108436,1766201344.1161175
0.7543083429336548,3.2644081115722656,0.5010110139846802,0.00026592029687428026,0.000842046237235179,0.40862182290765053,1766201344.126083
0.7543176412582397,3.2642602920532227,0.5009057521820068,-0.00016258087801443568,0.0010385814842404709,0.4086870435575988,1766201344.1360404
0.754483163356781,3.2644524574279785,0.5008784532546997,6.564505666418443e-05,0.0008497047198013034,0.4078238649733398,1766201344.1361108
0.7543498873710632,3.264415740966797,0.500896155834198,-0.00015390866568757897,0.0008550865505796681,0.40878461196470633,1766201344.146018
0.7544525861740112,3.2644264698028564,0.5009598731994629,0.00016562992032528612,0.0007995621589083027,0.4079271520996613,1766201344.1559925
0.7543997764587402,3.2642931938171387,0.5010969042778015,0.0001846116348408395,0.0007964767399614221,0.40815500375675395,1766201344.1661067
0.7542344331741333,3.264660120010376,0.5011874437332153,-5.747374522365332e-05,0.0003368197067074272,0.40899304747029225,1766201344.176121
0.7543454170227051,3.264350414276123,0.5013213157653809,-0.00028900542426126783,0.00041868839202895944,0.40857546490346575,1766201344.1860437
0.7545706033706665,3.264322280883789,0.5011039972305298,0.00031798559239343033,0.0006166789601792487,0.40759773414538625,1766201344.1860936
0.7544932961463928,3.2642147541046143,0.501041054725647,-0.0001335253240014232,0.0009029664872586778,0.4083306888814376,1766201344.1960578
0.7544639706611633,3.264279365539551,0.5010987520217896,-0.0001465436950552396,0.0008965758917918596,0.40828838341951607,1766201344.2061026
0.7544269561767578,3.264319658279419,0.5010729432106018,-0.00012156037042977015,0.0008249133203021882,0.408410825854663,1766201344.2161481
0.7545610070228577,3.2644107341766357,0.5010801553726196,0.0003315865499188228,0.0005525125226351812,0.407718662174373,1766201344.226105
0.7542001605033875,3.2646329402923584,0.5012193918228149,-2.1131640456933298e-05,0.00021142954246608362,0.4091168967808155,1766201344.23605
0.7546142339706421,3.264126777648926,0.5013104677200317,-0.0005289228105874617,0.00012537837385686953,0.4067663271939887,1766201344.2460947
0.7542744874954224,3.2644894123077393,0.501151978969574,-0.0003227029091291428,0.0004281287960769429,0.40849857296367564,1766201344.246145
0.7543236017227173,3.264702081680298,0.5010048747062683,-0.00019778491349108245,0.00022958110267611823,0.40824682174983445,1766201344.256052
0.7543609738349915,3.264477014541626,0.5008963346481323,0.00017681280440433702,0.000820275814341233,0.40855013717041033,1766201344.2660313
0.7543524503707886,3.2644104957580566,0.500934898853302,-0.0001842121563257095,0.001002736498318915,0.40887564330107923,1766201344.276128
0.7544498443603516,3.2643837928771973,0.500921905040741,-0.00011791751081101464,0.0007680274133003268,0.4084101645084539,1766201344.2861242
0.7544829845428467,3.2642977237701416,0.5009693503379822,-0.00018788142272532402,0.0008053511429832912,0.40804043627096054,1766201344.2861733
0.7545742988586426,3.2642934322357178,0.5009944438934326,-0.00015125879962633578,0.0007363391355110565,0.40751723021514397,1766201344.2960508
0.7544316649436951,3.2643420696258545,0.5010572075843811,2.0833118907472456e-05,0.0008576761725314269,0.40853407056889596,1766201344.3060355
0.7544885873794556,3.264343738555908,0.5013158321380615,0.00012594850356460106,0.00010015791861361009,0.4078757329752103,1766201344.3160753
0.7545293569564819,3.2641890048980713,0.501436710357666,-0.00021740646895211202,0.00023421274065879203,0.40752518646303837,1766201344.3260953
0.7544468641281128,3.264240026473999,0.5010367631912231,-7.98323716211847e-05,0.0009055571857908629,0.4085780956986185,1766201344.3361006
0.7545838952064514,3.264305830001831,0.5010248422622681,0.0001296622774860038,0.0005510293362853374,0.40740978877198175,1766201344.346053
0.7544465661048889,3.2642970085144043,0.5010094046592712,-8.45385200760426e-05,0.0008626041326278388,0.4082850474335163,1766201344.346123
0.7540504932403564,3.2647035121917725,0.5011282563209534,0.00011453282471588221,0.00056024028341663,0.4099004254450216,1766201344.3560436
0.7542850375175476,3.264496088027954,0.5009371638298035,0.0001545194803460701,0.0008687499559603053,0.40891640106884813,1766201344.3661203
0.7543041110038757,3.2646288871765137,0.5012356638908386,8.246917343135505e-05,0.0002870372524566641,0.4085321674153198,1766201344.376093
0.7544736862182617,3.264383554458618,0.5012741088867188,-0.00014940256581033031,8.184190045627154e-05,0.4073542204347163,1766201344.38613
0.7544450163841248,3.2643909454345703,0.5009523034095764,0.0001375059694157013,0.0008288435947203899,0.4082303147453906,1766201344.3861866
0.7546424269676208,3.2641706466674805,0.5013769268989563,-6.214450023352257e-05,3.911517782053472e-05,0.4065635085637756,1766201344.39602
0.7542611956596375,3.264407157897949,0.5013234615325928,-0.00019623233809593177,0.00035584801482791437,0.40895328944500275,1766201344.405994
0.7544323205947876,3.264292001724243,0.5010492205619812,0.00011726022750171046,0.000815971106887113,0.40843170199570716,1766201344.4161103
0.7544898390769958,3.2642359733581543,0.5011162757873535,7.32537812789092e-05,0.0007237420848660777,0.4079849877520949,1766201344.4261222
0.7543781995773315,3.264247179031372,0.5011101961135864,-3.961738310333826e-05,0.0008806782914237588,0.40875199307941884,1766201344.4361057
0.7544857859611511,3.264185905456543,0.5011714696884155,0.0002139866442121286,0.0006602025469511743,0.40822182370236726,1766201344.4460487
0.754534125328064,3.2641284465789795,0.5011380314826965,0.00023147580026306998,0.0008012953122648634,0.4079443922873663,1766201344.4460998
0.7544267177581787,3.2643561363220215,0.5010717511177063,9.822102755462757e-05,0.0007660068991232765,0.4083097801674702,1766201344.456064
0.7543277740478516,3.26432466506958,0.5010113716125488,9.01674651551573e-05,0.0008370052969095302,0.40878546924815634,1766201344.4659998
0.7544235587120056,3.2644739151000977,0.5011572241783142,-0.0002307059731152104,0.00019376727141790913,0.40801170788088437,1766201344.476135
0.7544440627098083,3.2642769813537598,0.5013343691825867,6.336447770427671e-06,0.00016452622982981175,0.4074378258088534,1766201344.4860642
0.754328727722168,3.264359474182129,0.5009750723838806,0.00013702292994605223,0.0009714997155304588,0.4087704772720805,1766201344.4861155
0.754351794719696,3.264493942260742,0.5012169480323792,-3.166380743236617e-05,0.00036029378832634255,0.40828147038745555,1766201344.4959748
0.754223644733429,3.2644295692443848,0.5012698769569397,-0.0003073767305328737,0.0005050944656488903,0.4092269798345442,1766201344.5060387
0.754397988319397,3.2642998695373535,0.5009953379631042,-0.00013168327333341654,0.0009231665876677348,0.40844857860075934,1766201344.516072
0.7544968128204346,3.2642557621002197,0.5009993314743042,-8.963270908121562e-05,0.00082161092864008,0.40793477584115523,1766201344.526115
0.7544043064117432,3.2642982006073,0.5010164380073547,-0.00021127637711100853,0.0009227942177314714,0.40870266413195094,1766201344.5360603
0.7545067071914673,3.264188528060913,0.5010918974876404,-0.00019576717944987964,0.0008337571355284526,0.40804260906869916,1766201344.5361223
0.7545120716094971,3.2642219066619873,0.5011309385299683,0.00024998098377819125,0.0007040481137874955,0.4079121238704534,1766201344.5459833
0.7544565796852112,3.2642040252685547,0.5010485649108887,-0.000254559729667076,0.0009260820731423069,0.4085468442347524,1766201344.5561411
0.7545033097267151,3.2642905712127686,0.5010920166969299,2.5352689301096674e-05,0.0007133794770970728,0.4080317586536833,1766201344.566085
0.7544212341308594,3.264346122741699,0.500953197479248,-0.00012811182605797442,0.0008609790029371892,0.4084430603462466,1766201344.5761008
0.7544103264808655,3.2642834186553955,0.501061201095581,0.00020681356942043797,0.000754946985007946,0.40860132686887,1766201344.586108
0.7541963458061218,3.26462721824646,0.5012006759643555,6.364148554782364e-05,0.00037435425794097514,0.40924379693783286,1766201344.5861635
0.7544807195663452,3.264247417449951,0.5012734532356262,-0.0003607498853364524,0.00016359219425376433,0.4073643259904062,1766201344.595978
0.7544445991516113,3.2644834518432617,0.5009273290634155,1.1221363833311516e-05,0.0008044588439467167,0.408098420985433,1766201344.6060328
0.754489541053772,3.2643449306488037,0.5012544989585876,-0.00025121711383733526,0.00021062747840301288,0.407389872226425,1766201344.6160712
0.7545954585075378,3.2642881870269775,0.5013440251350403,1.0379234632546855e-05,2.7908785271945988e-05,0.40663374641192157,1766201344.6260743
0.7543460130691528,3.2643327713012695,0.5012556314468384,-0.00035471967830335384,0.0004227651881814517,0.40853190550147456,1766201344.6360989
0.753942608833313,3.2647461891174316,0.5010414719581604,-0.00038437999865001854,0.0007316455568220172,0.41118379747364775,1766201344.6361496
0.75444495677948,3.264321804046631,0.5013154149055481,-0.0001874292752906701,0.00024583558805957474,0.4081231396483149,1766201344.6561062
0.7544220089912415,3.2642323970794678,0.5009385347366333,-0.0005100397747383101,0.0010186009137170117,0.40868941629344613,1766201344.6561587
0.7544679641723633,3.2643251419067383,0.5010558366775513,0.0001587896346682,0.0005967288858381658,0.40825713248555495,1766201344.6660228
0.7544549703598022,3.264176845550537,0.5011056661605835,-4.204544423382465e-05,0.0007581004789104417,0.40839210968426704,1766201344.6760428
0.7545604109764099,3.2642533779144287,0.5013637542724609,-0.0001572365503523963,0.00017843443562023944,0.40719638514243994,1766201344.686088
0.7546031475067139,3.2641985416412354,0.5013872981071472,-0.00017605134414788056,0.00018602993438881357,0.40698878625149315,1766201344.6861377
0.7544115781784058,3.264373779296875,0.5009996891021729,9.929830281120024e-05,0.000871019721062626,0.40854000814547026,1766201344.6960976
0.7544483542442322,3.2644431591033936,0.5009286999702454,-1.2190540489729172e-05,0.0008720424934943687,0.4081784262754516,1766201344.7060053
0.7544093132019043,3.2644054889678955,0.5012388825416565,-0.0004820199348749363,0.0003477343291985578,0.40787977594252933,1766201344.716025
0.7544710636138916,3.2644271850585938,0.5012597441673279,5.524180537514846e-05,-2.0195107753072238e-05,0.4073955729744587,1766201344.7261193
0.7544466257095337,3.264338493347168,0.5010297298431396,0.0004167989766628038,0.0006245816710347735,0.4082737627441821,1766201344.7361248
0.7543187737464905,3.2645468711853027,0.5012164115905762,8.864485452288146e-05,0.00022141346278673133,0.40839465934026786,1766201344.736178
0.7544968128204346,3.264232873916626,0.50129634141922,-0.0001955159655340585,0.0001346320703156139,0.40733548713860895,1766201344.7560477
0.7544190883636475,3.264206647872925,0.5010461211204529,-0.00018264310258913754,0.0008735017154198005,0.4084468528369376,1766201344.756064
0.7545362710952759,3.264124870300293,0.5013737678527832,-0.00019750907184710637,0.0002757760164328631,0.4071190216203972,1766201344.7659948
0.7546021938323975,3.264047145843506,0.5014007091522217,-0.0002825032129375854,6.965543987196449e-05,0.4069062637922665,1766201344.7760892
0.7545410394668579,3.264193058013916,0.5011011958122253,0.00013188603743956483,0.0008082803455404776,0.40798694472391717,1766201344.7860758
0.7545989155769348,3.264091730117798,0.5011309385299683,9.180367214870042e-05,0.0006063619689389187,0.4075057939973136,1766201344.7861285
0.7544591426849365,3.264244794845581,0.5010948181152344,0.0003628650127744237,0.0007683951597017557,0.4082446008479902,1766201344.7959878
0.7543748617172241,3.2643284797668457,0.501068115234375,-0.00010652086386390542,0.0007887233472850955,0.4084567568889296,1766201344.805979
0.7544912099838257,3.2642710208892822,0.5010713338851929,0.00031345979761724236,0.0006591256220900795,0.4079809556093848,1766201344.81599
0.7544245719909668,3.264329433441162,0.5009693503379822,3.716233905627805e-05,0.000863119126559822,0.40828259106873527,1766201344.8260643
0.7543777823448181,3.264406681060791,0.500953733921051,0.0002734025123316095,0.0008339381909095947,0.40863221153031254,1766201344.836088
0.7544479966163635,3.2643871307373047,0.5009079575538635,7.020273941795367e-05,0.0007573334830829683,0.4083846055392421,1766201344.8361375
0.7543544769287109,3.2645156383514404,0.500839114189148,-0.00018134715750234615,0.000996753602249727,0.4088369580412475,1766201344.8459473
0.7544954419136047,3.2643721103668213,0.5009374618530273,1.5037465627985083e-05,0.0007890779417386835,0.4078495130756573,1766201344.8559964
0.7545115947723389,3.2644336223602295,0.501004159450531,0.0002566344361103636,0.0006205499065748019,0.40782860934737214,1766201344.8659647
0.7544666528701782,3.264308214187622,0.5010364055633545,-0.00011838943383402213,0.0008063833873248648,0.4082273992915904,1766201344.8760703
0.7543981075286865,3.264268398284912,0.501396656036377,-3.2009582174988764e-05,0.00024552803988609417,0.40823685248384645,1766201344.8861115
0.7544130682945251,3.2644104957580566,0.5013720989227295,4.300526718921389e-05,0.0002441549933724907,0.4081878220702728,1766201344.8861618
0.7546340823173523,3.264195442199707,0.5010671615600586,-0.00018227106462750923,0.0007395715998074247,0.40765408751691207,1766201344.8960738
0.7545329332351685,3.264329195022583,0.5011311769485474,5.135820351791113e-06,0.0007692890051316419,0.4080654885641357,1766201344.9060276
0.7545372843742371,3.2643752098083496,0.5010414719581604,9.710687321002264e-05,0.0006579209853099523,0.4080124283826579,1766201344.91609
0.7544605135917664,3.2643544673919678,0.5011072754859924,0.0002662117263725877,0.000575670009761068,0.4085283759068683,1766201344.926121
0.7545013427734375,3.264389991760254,0.5010022521018982,0.00033477963341251905,0.0006566120919876846,0.40794021296451405,1766201344.936078
0.7544604539871216,3.2643840312957764,0.5010144710540771,1.993684865144022e-05,0.0007413099808681216,0.40812210032226987,1766201344.9361303
0.7544605731964111,3.264385223388672,0.5011756420135498,-4.711103855219675e-05,0.00030169669200874854,0.40757196904257365,1766201344.9460275
0.7542662620544434,3.264509916305542,0.5013453960418701,0.0003210903505992534,0.00016454502572626022,0.4087452439965874,1766201344.9561007
0.7545977234840393,3.264094829559326,0.5013198256492615,-0.00038671527350164905,0.00010482441686625893,0.4066856929853746,1766201344.9661071
0.7544956803321838,3.2644355297088623,0.5010343790054321,0.0003749516633039171,0.0006272711163450676,0.40778043394182356,1766201344.9761188
0.7545032501220703,3.2643325328826904,0.5009710788726807,-0.00010827563443968227,0.0007095764507509524,0.40803651552477255,1766201344.9861345
0.7544963955879211,3.2642667293548584,0.5009752511978149,-0.00022877931703465357,0.0008529804164286298,0.4080998505705486,1766201344.9861834
0.7545856237411499,3.264233350753784,0.5010380744934082,0.00014593764502985186,0.0006526719492091666,0.40773398420073714,1766201344.9960544
0.7545115351676941,3.2642486095428467,0.5011211037635803,0.0002208644342747777,0.0007753711532843761,0.4083339615249074,1766201345.0061135
0.7545305490493774,3.2641918659210205,0.5010634660720825,-0.00018768518162045377,0.0008616186362368647,0.40807929340467936,1766201345.0161219
0.7545073628425598,3.2642312049865723,0.5012051463127136,0.00040965690774136677,0.0006178743584875136,0.4077635502823529,1766201345.0261104
0.7545104026794434,3.2641866207122803,0.5010861754417419,-8.583775436697891e-06,0.0007423925577710412,0.4075154541395261,1766201345.0360677
0.7544655799865723,3.264174461364746,0.5011017322540283,0.0006177298895160201,0.0005831833576594502,0.40776183365743357,1766201345.036117
0.7544240951538086,3.2641971111297607,0.5012937784194946,-0.0004927161450667278,0.0003383024521645243,0.4080519291826687,1766201345.0460296
0.7544954419136047,3.2642290592193604,0.5012784004211426,0.000102212782033207,0.0002092410147275518,0.4071511290749437,1766201345.0560248
0.7544549703598022,3.264364004135132,0.500931441783905,0.00010279540466516559,0.0007302901942881574,0.4080885051977842,1766201345.0660508
0.7543966770172119,3.2643940448760986,0.5008764266967773,-8.05906300689097e-05,0.000853355517502078,0.4085334435939754,1766201345.076093
0.7536477446556091,3.264962911605835,0.5007609724998474,-0.0004446909205662255,0.0012596450096404859,0.41265733292710793,1766201345.0860927
0.7546117305755615,3.2643678188323975,0.5012650489807129,-0.0001309260308760316,0.00011641567204886961,0.40700013963870135,1766201345.086141
0.7545011043548584,3.264251470565796,0.5012957453727722,-0.0004126847706288524,0.0002703668186475129,0.40740153775598636,1766201345.0960371
0.7545037865638733,3.264204263687134,0.501099169254303,-2.2571906673588185e-05,0.0007504639086438854,0.4081672536096342,1766201345.106111
0.7545504570007324,3.2642199993133545,0.5013913512229919,2.9686498104763853e-05,9.891161129065757e-05,0.4075929892782992,1766201345.1161087
0.754493236541748,3.2642409801483154,0.5013629794120789,-0.0003415576264118613,0.00031830674508169705,0.40788802830881743,1766201345.1260934
0.7544705867767334,3.264192581176758,0.5011959671974182,0.0003582300712694048,0.0006620835316304183,0.40826127843509286,1766201345.136102
0.7545028924942017,3.264219045639038,0.5011001229286194,9.498012900272006e-05,0.0006600176951422147,0.4078605087473824,1766201345.1361523
0.7544109225273132,3.2642405033111572,0.5010183453559875,-8.957502377451179e-05,0.0008536583918360026,0.40840759930473114,1766201345.1460373
0.7544875741004944,3.2640233039855957,0.5013818740844727,-0.000702585211158559,0.00019035739211627537,0.40732950097514475,1766201345.166056
0.7543445825576782,3.2641289234161377,0.5013728737831116,-0.00020531292964063707,0.0003168616909814509,0.4081599163727428,1766201345.1660767
0.7543905973434448,3.264180898666382,0.5010625720024109,0.00013688891951089852,0.0007759150253174776,0.40827244083183395,1766201345.176135
0.7546446323394775,3.264186382293701,0.5013058185577393,-6.134363582967698e-05,7.751972314358905e-06,0.40661354137245925,1766201345.1860712
0.7544039487838745,3.2642714977264404,0.5012832880020142,-0.00013605165295810367,0.00023220539304847975,0.4080895799884977,1766201345.1861207
0.7544562220573425,3.2642383575439453,0.5012718439102173,-0.0001480397551340242,0.00011963534079790662,0.40782125599848806,1766201345.1960456
0.7545010447502136,3.2643449306488037,0.5010642409324646,0.0003835298485377151,0.0004978756975460485,0.4078614332935861,1766201345.2060883
0.7544779777526855,3.264193296432495,0.5014119148254395,-6.099965987139334e-05,0.00022555905299636913,0.4074138309906205,1766201345.21611
0.7545430064201355,3.2641007900238037,0.5014197826385498,-0.00022444780495955953,8.682830631693603e-05,0.4071533597852227,1766201345.2261245
0.7544930577278137,3.2641549110412598,0.5011691451072693,8.201498462444305e-05,0.0008052152454641132,0.4079625093189201,1766201345.236098
0.7545079588890076,3.2642245292663574,0.5011358857154846,0.00025761909027892615,0.0006303315879513673,0.40809965497068545,1766201345.2361476
0.7544896602630615,3.264282464981079,0.5010287165641785,-4.903434777905152e-05,0.000835657668425895,0.4083629923581596,1766201345.2460449
0.7547315359115601,3.264108419418335,0.5013435482978821,-0.00016561184201975717,-5.000472201600738e-05,0.4063013731199998,1766201345.2561097
0.7544811964035034,3.2643280029296875,0.5012743473052979,-0.00022435109710829915,0.00030229777081264563,0.4078540440848707,1766201345.266138
0.7545480132102966,3.2643699645996094,0.50108802318573,0.00040488275917796996,0.0007747801282994822,0.4077433417660223,1766201345.2760682
0.7545536160469055,3.2643799781799316,0.5010042190551758,0.0002485042521213243,0.0006744676787041544,0.40766106075654945,1766201345.2861056
0.7543935775756836,3.2642786502838135,0.5009603500366211,-1.4064621729784272e-05,0.0008544375566031101,0.40873843284355327,1766201345.286154
0.7544403672218323,3.2643349170684814,0.500947117805481,0.00021333129674235574,0.0007172966422259496,0.40817416569194886,1766201345.2959723
0.7538914680480957,3.2647817134857178,0.5010951161384583,0.00038511954689289226,0.0005922279402717,0.41065540444181303,1766201345.3060505
0.7544028162956238,3.2643508911132812,0.5012854337692261,-0.00012041564550238359,0.00017072091304865387,0.40787736479325637,1766201345.3160772
0.7544915676116943,3.264186382293701,0.5012948513031006,-0.00037366330435989253,0.00011352507490037577,0.4074013096587025,1766201345.3261392
0.7544629573822021,3.2641963958740234,0.5013108253479004,-0.00021279535149258205,0.00010826842003595276,0.4074151879578591,1766201345.3361034
0.7543749213218689,3.2642781734466553,0.5010697245597839,-6.0557748186613084e-05,0.0009138120462056378,0.4083388518258828,1766201345.3361528
0.7544081807136536,3.264068841934204,0.5010839700698853,0.00018303496404196856,0.0005191069920263111,0.40820299183639525,1766201345.3460546
0.7545303106307983,3.2641754150390625,0.5010837912559509,0.00018725101709960067,0.0007058658601635994,0.4080470699953339,1766201345.356092
0.7546350359916687,3.2641921043395996,0.5010414123535156,-5.358307921206901e-05,0.0007201105849075697,0.4078702368375531,1766201345.3661103
0.7546209692955017,3.2643017768859863,0.5010790228843689,0.0005361332194611101,0.00048147232681897205,0.40747779887296964,1766201345.3761377
0.7544652819633484,3.2641398906707764,0.5010342001914978,3.654154679698242e-05,0.0006935366141696785,0.40834060896919955,1766201345.3861089
0.7545434832572937,3.2641537189483643,0.5012713670730591,-0.0002114964432899126,4.244070053380329e-05,0.40737155244026624,1766201345.3861706
0.7540593147277832,3.2645225524902344,0.5011914968490601,0.00033000491120459735,0.00038424778730519234,0.4098100699445639,1766201345.396028
0.754351019859314,3.2643327713012695,0.5012679100036621,0.0003660218605767068,0.0001388276979907779,0.4079342886014499,1766201345.4060302
0.7540728449821472,3.2646663188934326,0.5009912848472595,-0.0002644319562710014,0.0006632973746075493,0.4099244632640093,1766201345.4160929
0.7544492483139038,3.2643561363220215,0.5012074708938599,-7.523254967017544e-05,0.00023232502898353082,0.40757338738554066,1766201345.4261043
0.7544187307357788,3.2644848823547363,0.5009061694145203,0.0004936545548333167,0.0006817173894311494,0.4083395680481829,1766201345.4360907
0.7545232176780701,3.2645890712738037,0.5007839798927307,-1.3272375171252222e-05,0.0008601133716920473,0.40796061285833557,1766201345.4361393
0.7544282674789429,3.2645013332366943,0.5011522173881531,-8.915136941230047e-05,0.0001972484670947292,0.40823028317091414,1766201345.446036
0.7543386816978455,3.264559507369995,0.5012115836143494,-7.901738350116723e-05,0.00029495853483790845,0.40852019148217555,1766201345.4561098
0.7545153498649597,3.2644975185394287,0.5008378624916077,2.2892946796143375e-05,0.0007686681708052236,0.40837848020654127,1766201345.4661214
0.7542378902435303,3.2643985748291016,0.5012098550796509,-0.0003725106006226718,0.0005942070072727189,0.4089932333156287,1766201345.4761014
0.7544625997543335,3.264221668243408,0.5012985467910767,-0.0002778271033638054,0.0002877620316572021,0.40769326912848647,1766201345.486095
0.7544482350349426,3.264143943786621,0.5013208389282227,-0.00023749697362029787,0.00041158218054174585,0.4077767371826634,1766201345.486144
0.7543904781341553,3.2642436027526855,0.5009772777557373,-0.00023075452030615282,0.0008680807481280421,0.40807047757247783,1766201345.4960375
0.7544475197792053,3.264225482940674,0.5009735822677612,-0.0002734302315817906,0.0009259042223814274,0.40784772711051964,1766201345.5060935
0.7543447613716125,3.264375686645508,0.5012280344963074,-0.00011609336311707244,0.00032338961308283216,0.40816611518533724,1766201345.516103
0.7545647621154785,3.2644386291503906,0.5010567307472229,-0.00019057604316338283,7.34266041521025e-05,0.407119800719801,1766201345.5260708
0.7546258568763733,3.264698028564453,0.5007120966911316,-7.151855978571511e-05,0.0008382312843909454,0.40791478746161136,1766201345.536102
0.7545969486236572,3.264692783355713,0.5008122324943542,0.0003039433897801459,0.0007386825439249022,0.4083703657882248,1766201345.5361507
0.7542942762374878,3.2646498680114746,0.5008842349052429,0.0004003357418833942,0.0007287266933188866,0.40942249220093524,1766201345.5460415
0.7542584538459778,3.264458179473877,0.5008537173271179,-4.724385213368221e-05,0.0010261813871367687,0.4095190790166998,1766201345.5560436
0.7545509338378906,3.2644572257995605,0.5009408593177795,0.00035558078639010633,0.0005631259789844393,0.40777601567291044,1766201345.5660963
0.7543718218803406,3.264317274093628,0.5009914040565491,-0.0002838295379554242,0.0008972402815413684,0.40897833679993034,1766201345.5760891
0.7544821500778198,3.2643141746520996,0.5010571479797363,7.942231702815877e-05,0.0007983220651450642,0.4081930463556272,1766201345.5860686
0.7545173764228821,3.264282464981079,0.501096248626709,0.0002758589677367535,0.0006980998062415541,0.4081038132175534,1766201345.5861175
0.7545303702354431,3.2641327381134033,0.5011075139045715,-6.679248735519627e-05,0.0007883974688735503,0.4078606211396374,1766201345.5960627
0.7545148730278015,3.2641642093658447,0.5014126300811768,-0.0003480291681012236,0.00021712414565342735,0.4077748130691954,1766201345.6060688
0.7546899318695068,3.264125347137451,0.5013759136199951,-0.0005869990146975906,0.00026109148097478336,0.4064413121122754,1766201345.61607
0.7544714212417603,3.2644710540771484,0.5009245872497559,-0.00019253434045028036,0.0009160650939714734,0.40817443372803985,1766201345.6261265
0.7544857263565063,3.2643239498138428,0.5012356042861938,-0.00017034516646416742,0.00010467002745976895,0.40771396667249893,1766201345.636107
0.7544793486595154,3.2643704414367676,0.5012968182563782,-8.211180409552221e-05,0.0001726348253345468,0.4076678946194671,1766201345.6361573
0.7543817162513733,3.2643771171569824,0.5010846257209778,0.00043846772829717664,0.0005715979166789711,0.4085084927361131,1766201345.6459947
0.7544633150100708,3.264162063598633,0.5013222694396973,-0.00019629556614701667,4.3328832582602595e-05,0.40712561916998596,1766201345.6560633
0.754364550113678,3.2640790939331055,0.5013042688369751,-0.00028949999311554024,0.00043235094917263276,0.4076804869782727,1766201345.6659544
0.7544415593147278,3.264281749725342,0.5013370513916016,-0.000186873420521401,8.150298852456623e-05,0.40782935837675865,1766201345.67611
0.7543728947639465,3.264371633529663,0.5010436177253723,-0.00013106447383835282,0.0007778584031669403,0.40857871289042735,1766201345.6861048
0.7545914053916931,3.264303207397461,0.5013955235481262,-0.00013864871869352947,-1.0474866671235895e-06,0.407059787845639,1766201345.6861556
0.7545152902603149,3.26434588432312,0.5014797449111938,0.00016140069581627753,1.0259805169766016e-05,0.4075053101474593,1766201345.696059
0.7543322443962097,3.264375686645508,0.5013595223426819,-0.0003874856320942952,0.00047726704097745865,0.40864659312520246,1766201345.706042
0.7544799447059631,3.2642953395843506,0.5011054277420044,-2.0152478730182313e-05,0.000894340345547439,0.40836714696883986,1766201345.7161002
0.754508912563324,3.264402151107788,0.5010479688644409,0.0001577957159311842,0.0006831101728190692,0.40790346834379126,1766201345.7261243
0.7545144557952881,3.264369487762451,0.5010652542114258,-1.1693641378060369e-05,0.0007095738330004455,0.40811638980563847,1766201345.7361014
0.7545376420021057,3.2643253803253174,0.5013277530670166,-0.00015246972453816413,1.37419562369545e-05,0.407271813253863,1766201345.736151
0.7544787526130676,3.264294385910034,0.5012869238853455,-2.6198673803091975e-05,0.00026531834582051107,0.4078935547708792,1766201345.7461042
0.7545174956321716,3.2642791271209717,0.5012952089309692,5.980954947711707e-05,0.00011088943233802962,0.40709500638387097,1766201345.7561038
0.7545902132987976,3.2643375396728516,0.5012533068656921,0.00011238224736375197,-9.041460906933948e-05,0.40679741346385084,1766201345.76604
0.754386305809021,3.264418601989746,0.5012242794036865,-0.0002650751996741913,0.00035975603453310134,0.4080424387091365,1766201345.7761104
0.7544531226158142,3.2643768787384033,0.5013165473937988,-0.0003027086514600102,5.5478642902011704e-05,0.40759579017749326,1766201345.7861328
0.7542545795440674,3.2644169330596924,0.5013009309768677,-9.693532754950804e-05,0.00037341245750100425,0.40886453380953003,1766201345.7861814
0.7543624043464661,3.264338970184326,0.5010559558868408,0.00015743859500512425,0.0009254981535517537,0.4088821737055309,1766201345.796039
0.7544629573822021,3.2643349170684814,0.5010104775428772,8.339765805869568e-05,0.0007858803207716227,0.4082933687443037,1766201345.8060887
0.7544741630554199,3.264284133911133,0.5010976195335388,3.958870648610883e-05,0.0008960445847953181,0.40862025037149297,1766201345.8160427
0.754432737827301,3.2642734050750732,0.5011206269264221,-0.00011770925731728039,0.0008337009807525822,0.4086685328194095,1766201345.826103
0.7545876502990723,3.2642929553985596,0.5010901689529419,0.000335622181599178,0.0005790392971968409,0.4075635001530888,1766201345.8361027
0.7545239925384521,3.2642970085144043,0.5010492205619812,2.457172673272229e-05,0.0009010691363604116,0.4081385005246008,1766201345.8361511
0.7544769048690796,3.26438307762146,0.501067042350769,-9.147399777656362e-05,0.0008065113035245273,0.4082842690866022,1766201345.846092
0.7544786930084229,3.264265775680542,0.5013909935951233,-0.00015561732731860352,0.00024023649266580565,0.4074682518134584,1766201345.8560903
0.7544252872467041,3.264333486557007,0.5012641549110413,-0.00038853428052563555,0.0003400531046590433,0.408278171579419,1766201345.8660378
0.7544357180595398,3.264418601989746,0.5012633204460144,-5.692354787494188e-05,9.72721170585891e-05,0.40785367672565703,1766201345.8861244
0.7542423009872437,3.264594316482544,0.5012246370315552,0.0002106390649984464,0.0003453987668699245,0.4088450791873473,1766201345.8861969
0.753755509853363,3.264954090118408,0.5009479522705078,-0.00017400135700959443,0.0010396082130992195,0.41188017910417873,1766201345.8960319
0.7544986605644226,3.26442289352417,0.5009961724281311,1.4514339087458777e-05,0.0007864941492301508,0.40812470509206816,1766201345.9060316
0.7543495893478394,3.2647085189819336,0.5011576414108276,0.0001279117471696402,0.00020130041571329952,0.4088460670829244,1766201345.9161053
0.7544456720352173,3.264293670654297,0.5013976693153381,-7.876586427632651e-05,0.0001277058899893356,0.4083773966216353,1766201345.9260654
0.754473865032196,3.264349937438965,0.5011157989501953,0.000383961694328411,0.0006491193406553147,0.4084130817601027,1766201345.936074
0.7544727921485901,3.2642760276794434,0.501140832901001,0.0002346029026840537,0.0007235370619878312,0.4083418626464556,1766201345.9361238
0.7544723153114319,3.2642483711242676,0.5011052489280701,0.00015036686218368483,0.0008508981606557194,0.4084638358936428,1766201345.9460843
0.7545271515846252,3.2643892765045166,0.5010125637054443,2.6246764960113532e-05,0.0006453288243261832,0.40797487498940094,1766201345.9561126
0.7546029090881348,3.264378547668457,0.5013114213943481,-0.00021668808129118725,7.169686951920193e-05,0.4071250902890467,1766201345.966131
0.7545262575149536,3.264314889907837,0.5013378858566284,-1.517605804615026e-05,0.00014273514881259574,0.40765230113589807,1766201345.9761004
0.7544001340866089,3.2643752098083496,0.5009276866912842,9.729151431024056e-05,0.0007969581061477111,0.40874791117148296,1766201345.9860861
0.7543638944625854,3.2644264698028564,0.5009685158729553,0.00013765648537852418,0.0007693792518276612,0.4088781957545487,1766201345.9960897
0.7543473839759827,3.264479637145996,0.5012280344963074,-0.0001310379196032921,0.00017661137389404248,0.4081449698528946,1766201345.9961388
0.7545779943466187,3.264272451400757,0.5012503862380981,-0.0002730328717481515,0.000107568826925394,0.4065281579314127,1766201346.0059876
0.7544350624084473,3.264399528503418,0.5009774565696716,0.00011973839178699773,0.0007502193845681093,0.40834987048110677,1766201346.0160894
0.7544607520103455,3.2643885612487793,0.5009287595748901,-3.3390911708990256e-05,0.0008875421065925072,0.40810488357360314,1766201346.0260918
0.7542880773544312,3.2643609046936035,0.5010301470756531,0.0002853624159752159,0.0009420085951637891,0.4092622320983695,1766201346.036103
0.7545008063316345,3.2643661499023438,0.5011007189750671,0.0004305454246596851,0.0006932113737595852,0.4081468032201667,1766201346.0361528
0.7544785141944885,3.264072895050049,0.5011463165283203,-4.625993958640811e-05,0.0007366256575611366,0.4082093408000949,1766201346.0460825
0.7543329000473022,3.2642276287078857,0.5010989308357239,0.00012158780964361576,0.0008845379365246973,0.4091576286892389,1766201346.056091
0.7545223832130432,3.2641851902008057,0.501122236251831,-0.0001287711315958595,0.0008953483983644586,0.40821219345655174,1766201346.066094
0.7544642090797424,3.2642548084259033,0.501069962978363,-7.611338816930239e-05,0.0008337064432255858,0.40859494443058425,1766201346.0761337
0.7544534802436829,3.2642507553100586,0.5010250806808472,1.433920132146956e-05,0.0009031643298699121,0.40844577676848215,1766201346.086036
0.7544676661491394,3.2643094062805176,0.5010843276977539,0.00014395498568576588,0.0008148781009440452,0.4081852589780717,1766201346.0860853
0.7544639110565186,3.2643349170684814,0.5009967088699341,4.7831203139166116e-05,0.0008440472713797714,0.4081653712029493,1766201346.0960314
0.7544764280319214,3.264345645904541,0.500977635383606,0.00013933316005953667,0.0007159783364917842,0.4079069120996522,1766201346.1060503
0.7543610334396362,3.2645082473754883,0.5011509656906128,-0.00010024209879720416,0.00029084386531005266,0.4080720807265559,1766201346.1160424
0.7545050978660583,3.2645254135131836,0.5012583136558533,5.511673385135446e-05,8.469419051020811e-05,0.4067838389845475,1766201346.1261294
0.7544264197349548,3.2644708156585693,0.5009667277336121,0.0003318180756670839,0.000718150885131177,0.4080522433799064,1766201346.1361423
0.7544107437133789,3.2644128799438477,0.5012593865394592,-0.00018176707606640605,0.0001647746112522011,0.4079891427604935,1766201346.1461015
0.7545645236968994,3.264253854751587,0.5014058947563171,-5.451169786203764e-05,4.988874729510028e-05,0.4070458403943736,1766201346.1461532
0.7544548511505127,3.26444411277771,0.5012964010238647,0.00024141676764072287,0.00011537828953739613,0.4077692825477325,1766201346.1560307
0.7545765042304993,3.264333724975586,0.5010539293289185,0.0002552424637440826,0.0007064837881335572,0.40777044762202463,1766201346.166059
0.7543905973434448,3.2642059326171875,0.5010930299758911,-6.117024652994579e-05,0.0009590419676237167,0.40887666434264874,1766201346.1760666
0.7545516490936279,3.264249086380005,0.5011129379272461,0.00030831615471478075,0.0007194704384095153,0.4079566789080501,1766201346.1861722
0.7545334100723267,3.264277458190918,0.5014334321022034,-0.00015403246210620822,6.414690852660759e-05,0.4075746601716606,1766201346.1862214
0.7544049024581909,3.264308452606201,0.5013955235481262,0.00014185317514957851,0.00023262042143368011,0.40823783095270455,1766201346.1960866
0.7543386220932007,3.2642462253570557,0.5013518333435059,-3.102573525239757e-05,0.0002062294184352113,0.4084560177692996,1766201346.2061214
0.7544832229614258,3.2641727924346924,0.5012829899787903,-0.0005083750450237155,0.00023913993296834128,0.4074749733653861,1766201346.2161453
0.754448413848877,3.264235258102417,0.5012686252593994,-2.680207093852107e-05,0.00014628426627146023,0.40736218486055803,1766201346.2261267
0.7543278932571411,3.264281988143921,0.5009110569953918,-0.00025922343274070573,0.001070652188525185,0.40874966888127273,1766201346.236059
0.7542293667793274,3.264594078063965,0.5010371208190918,-0.00020509846053125874,0.0003142826181476443,0.4086850245824722,1766201346.2361069
0.7544440627098083,3.264181137084961,0.5013182759284973,-0.0002527008902554322,0.00035865797284713837,0.4077764539383281,1766201346.2460341
0.7544810175895691,3.264188289642334,0.5013077259063721,-0.0003927179973660548,0.00025479324440289225,0.4076545426680078,1766201346.2561076
0.7543942928314209,3.2642500400543213,0.5009927153587341,-0.0004229881336561304,0.0009903976752533088,0.4087877651343588,1766201346.2660708
0.7546486854553223,3.264129877090454,0.5014585852622986,-0.00028996808863001764,8.753373592025067e-05,0.4070600618621262,1766201346.2761383
0.7544990181922913,3.2642822265625,0.5013506412506104,-0.00023351387117944754,0.000240941737855928,0.4078316283309358,1766201346.2861252
0.7544816136360168,3.264254570007324,0.5011257529258728,0.00010084069139265239,0.0008903402692048306,0.40846008725029864,1766201346.286176
0.7544748187065125,3.2642695903778076,0.5010255575180054,-4.689221246112118e-05,0.0009125913518013713,0.4086715704871037,1766201346.2960331
0.7546466588973999,3.264418601989746,0.5011081695556641,0.00046467020082113054,0.0004867923102026054,0.407397194169681,1766201346.3061135
0.7544535994529724,3.2643933296203613,0.5011863112449646,0.000568978861905695,0.0006845904232417469,0.4085173828940043,1766201346.3161302
0.7545050382614136,3.2642927169799805,0.5011785626411438,0.00025846006520620417,0.000703319494629389,0.4078972860801484,1766201346.3260908
0.7544423341751099,3.2643492221832275,0.5009737014770508,-0.00020270735512657287,0.0009298984180360331,0.4080526277592097,1766201346.3361347
0.754302978515625,3.2644670009613037,0.5012360215187073,-0.00040816153160990696,0.00026658680930973443,0.40853175598270486,1766201346.3361847
0.7541922330856323,3.264620304107666,0.5011601448059082,8.29448981489188e-05,0.0003954664439291443,0.4093798291785128,1766201346.3460283
0.7545405626296997,3.264514684677124,0.5009654760360718,0.0005815606715579265,0.0006302646884782471,0.4075227836606031,1766201346.3560998
0.7544010281562805,3.2644906044006348,0.5009229779243469,0.0002272126006600376,0.0008411586129563941,0.4082204286667201,1766201346.3660963
0.7545322775840759,3.2643606662750244,0.5011752247810364,-0.00041784616290602996,0.0002605188048042606,0.4073959568963555,1766201346.376096
0.7544345259666443,3.2644121646881104,0.5013061165809631,0.00030442858672293205,0.00017624429649040963,0.40775647248544306,1766201346.3860931
0.7544964551925659,3.2642998695373535,0.501007080078125,-0.0001451707320682229,0.000772449140856629,0.40819753446406615,1766201346.396087
0.7544413805007935,3.2641241550445557,0.5011895895004272,0.0002697786589455347,0.0006475125305304384,0.4083532389116619,1766201346.396136
0.7544668316841125,3.2642157077789307,0.5011247396469116,6.196890855157565e-05,0.0008260394899865781,0.4083798535806551,1766201346.4060378
0.7544888854026794,3.264183521270752,0.5011345744132996,0.00020256851658027959,0.0007073924600707416,0.4082682679000319,1766201346.4160874
0.7543961405754089,3.2642602920532227,0.5011845827102661,0.0004474937418207652,0.0007763346106587201,0.4087537401077412,1766201346.426112
0.7544609308242798,3.264242172241211,0.5014158487319946,-0.00020190965139562075,0.00019806155790720554,0.407863472452928,1766201346.4360666
0.7542749643325806,3.2644269466400146,0.5013757348060608,0.0002368456223520952,0.00020914901799440352,0.40884292805410516,1766201346.4361281
0.7544167041778564,3.2645275592803955,0.5009797215461731,-0.0001008149688512325,0.0008954405645122172,0.408299801939787,1766201346.4459858
0.7544377446174622,3.264467716217041,0.5009303092956543,-8.407390918077974e-05,0.0009150707012930263,0.4081804692430664,1766201346.4560835
0.7545520663261414,3.264312744140625,0.501284658908844,-4.949053864143309e-05,6.572899215968731e-05,0.40706441536152793,1766201346.4661045
0.7542369365692139,3.2646162509918213,0.5012499690055847,9.979987055900929e-05,0.00024988046329048563,0.40905683826631317,1766201346.4760966
0.7545119524002075,3.2644262313842773,0.5009963512420654,-5.684063396063397e-05,0.0007476008876666366,0.40776817257518644,1766201346.4860625
0.754462480545044,3.264472246170044,0.501001238822937,0.0002288462981984872,0.0007347657668002167,0.40810623235137244,1766201346.4961264
0.7545760869979858,3.2644271850585938,0.5010002851486206,7.260727099324018e-05,0.0007283294849668886,0.4077316674908764,1766201346.4961755
0.7544741630554199,3.2643227577209473,0.5010954141616821,0.00023530479085141865,0.0006876324734201548,0.408282680099449,1766201346.5060923
0.7544918656349182,3.2643959522247314,0.501144289970398,0.0004034310547310581,0.0006145327198465011,0.4083307372373029,1766201346.5161057
0.7542823553085327,3.2644853591918945,0.5012926459312439,2.264774546466681e-05,0.00045390690677819313,0.4087969563475168,1766201346.5260952
0.7545611262321472,3.264279365539551,0.501400351524353,-0.00010888488992873412,5.44845778891435e-05,0.40744905527073466,1766201346.5360909
0.7545971274375916,3.264247179031372,0.5010915994644165,0.00018231605257453855,0.0007458377202444979,0.4077297738353835,1766201346.5361395
0.7545018196105957,3.264413595199585,0.5009943842887878,6.871752363936261e-05,0.000868909746156849,0.40838946649189417,1766201346.5459838
0.7544592022895813,3.2642886638641357,0.5014019012451172,-0.00016482272042755232,0.00012948145383521437,0.40774833890010387,1766201346.5560424
0.7543737292289734,3.2643284797668457,0.5012909770011902,-0.00023329173952493182,0.0002820901100459533,0.4082212340787626,1766201346.5661008
0.7543899416923523,3.2644574642181396,0.5009530186653137,-3.356978262980986e-05,0.000931142053302755,0.4086939444611754,1766201346.5761409
0.7543882131576538,3.2646257877349854,0.5011146068572998,-2.1978815732935473e-05,9.938057123262803e-05,0.4078031796032072,1766201346.5860631
0.7545162439346313,3.2644710540771484,0.5011824369430542,-5.0890801812550385e-05,4.129887473868884e-05,0.40734368793887865,1766201346.5961342
0.7544242739677429,3.264503002166748,0.5009170770645142,0.00014112921121537447,0.0008210617392581564,0.40838014857294447,1766201346.5961833
0.7544577717781067,3.264456272125244,0.5012929439544678,3.7936998921329745e-05,9.944055702691981e-05,0.4077938416303462,1766201346.6060827
0.7544604539871216,3.2643229961395264,0.5012871026992798,-0.00029960581139749736,0.00028651179719742833,0.4079499898237724,1766201346.6160848
0.7543635964393616,3.264660596847534,0.5012362003326416,0.00019338134159734558,0.00019618752674456085,0.408438481063932,1766201346.6261466
0.7545427680015564,3.2643113136291504,0.5013799667358398,-0.00031527267326993905,0.0002828152404272338,0.4074991521051468,1766201346.636131
0.754525363445282,3.2643492221832275,0.5010665059089661,0.00013607790484283035,0.0007762441613789016,0.4084153587614507,1766201346.6361814
0.7543419003486633,3.264261245727539,0.5010669827461243,-9.788830206689547e-05,0.0010664441471433144,0.4096429221497639,1766201346.6460657
0.7545264959335327,3.2643215656280518,0.5011559128761292,0.0003049962997954641,0.0006701539660885446,0.40786003013236644,1766201346.656059
0.7544573545455933,3.2643258571624756,0.5010843873023987,1.93799648541473e-05,0.000897083481963616,0.40812858354443593,1766201346.6661248
0.7544183135032654,3.2644622325897217,0.5010219812393188,0.00015263798404973025,0.0007351938439633934,0.40844273886799914,1766201346.6760957
0.7540254592895508,3.2647898197174072,0.5010591149330139,-0.0001290942858170099,0.0005994051835013092,0.4101362660791619,1766201346.686127
0.754511833190918,3.2642879486083984,0.5012499690055847,-0.0002564034574363809,0.00024109094975702204,0.40731203144088995,1766201346.686176
0.7545320391654968,3.2643473148345947,0.5012184381484985,-0.000359342875280866,0.00028012475444780976,0.4071384493694753,1766201346.6960528
0.7544293999671936,3.264284610748291,0.5012173056602478,-0.00027957927094166777,0.0003372647043306455,0.40745357180198655,1766201346.7060754
0.7543705105781555,3.2644565105438232,0.5008726119995117,4.981241500638571e-05,0.0009021134857939662,0.40879405122555595,1766201346.7160926
0.7545252442359924,3.264366388320923,0.5013231039047241,8.415517212270176e-05,-2.7178970007760868e-05,0.4075348194466321,1766201346.7261317
0.7544454336166382,3.2643861770629883,0.5012459754943848,2.137641701945496e-05,0.0001692048931626662,0.4078553830332271,1766201346.7360191
0.7544375061988831,3.2641794681549072,0.5013375878334045,-0.0004758252571513689,0.0003951326388026243,0.40823184636471754,1766201346.736069
0.7544453144073486,3.264300584793091,0.5013158917427063,-0.00033066456636849083,0.0003923507488029502,0.40778977763045215,1766201346.7460887
0.7543966770172119,3.2643275260925293,0.5010557174682617,8.016152591088939e-06,0.0008778697526182044,0.4087121403190577,1766201346.7560852
0.7544892430305481,3.2642083168029785,0.501152515411377,0.00035886694621634367,0.0007231108510060351,0.4081504891306627,1766201346.7661111
0.754324197769165,3.264378547668457,0.5013664364814758,-0.00012574219199496463,0.000285946346465583,0.4084492976209083,1766201346.7760859
0.7542769312858582,3.264369010925293,0.5012784004211426,-0.00039616192988237294,0.00042930836484910356,0.4086673737169012,1766201346.7861364
0.7543513774871826,3.2643558979034424,0.5012769103050232,-0.00025788911026742824,0.00043932850548421536,0.40855831343058835,1766201346.786186
0.7539128065109253,3.2648704051971436,0.5010175704956055,4.169013491057323e-05,0.0007247589696017351,0.4110329339479234,1766201346.8060048
0.7544459700584412,3.2643604278564453,0.5011900067329407,-0.0004775691863347216,0.0004532788263261536,0.4078672787732351,1766201346.8060236
0.7542738914489746,3.2645657062530518,0.5012142658233643,0.00016464435741065696,0.00020044090684533643,0.4090510023662387,1766201346.816047
0.754377007484436,3.2643511295318604,0.5009491443634033,-7.149387917269858e-05,0.0007300106296176584,0.40847705485271396,1766201346.8261058
0.7545728087425232,3.26412034034729,0.5013188123703003,-0.0005086233292391546,0.00012436987331441854,0.4067341818208232,1766201346.8361003
0.7543238401412964,3.264415740966797,0.5013701915740967,-0.00023005669937042647,0.00028125843157435595,0.4086257049840351,1766201346.83615
0.7544180154800415,3.264305591583252,0.5010757446289062,0.00028031606876251447,0.0007817605202050683,0.4084900134461907,1766201346.8459606
0.7544984221458435,3.264312505722046,0.5010632276535034,0.00023730874076247844,0.0008122071610125112,0.4081883066977901,1766201346.8559601
0.7544298768043518,3.2643280029296875,0.5010771155357361,-7.619158360909433e-06,0.0008591154305719486,0.408476562392612,1766201346.866052
0.7544242739677429,3.264214038848877,0.5011501312255859,0.0002877723749046411,0.0007406638113517515,0.40837973027518004,1766201346.8761113
0.7544710636138916,3.264218330383301,0.5011317133903503,0.00018134045157614203,0.000652693142792394,0.4078639209451504,1766201346.8861113
0.7544589638710022,3.2644002437591553,0.5010554194450378,0.00028970880389556016,0.0006159080723423394,0.4086209638661882,1766201346.8861616
0.7544528245925903,3.2643864154815674,0.5012736916542053,3.276983344264655e-05,0.00014155320890014972,0.4076487742522604,1766201346.9059968
0.7543900012969971,3.264352321624756,0.5013120770454407,-2.3330188620358256e-05,0.00027493893777450986,0.40802277979912965,1766201346.906016
0.7546213865280151,3.2643818855285645,0.5012778639793396,4.309503687244113e-05,-1.9523443490281353e-05,0.4066145284801562,1766201346.9160721
0.7543878555297852,3.2645087242126465,0.5012493133544922,1.641430550215442e-05,0.00016607098627324188,0.408158291807664,1766201346.9261358
0.7544717192649841,3.264404773712158,0.5011923909187317,-0.00039355009191014654,0.00020840662904703225,0.40747149204252225,1766201346.9361062
0.7543485164642334,3.264417886734009,0.5011734962463379,-0.0003376439710730004,0.0003874488906957365,0.4080325889123724,1766201346.9361556
0.754494309425354,3.2643778324127197,0.500979483127594,-1.966447513058166e-05,0.0007220642682542742,0.4077394482865429,1766201346.9460645
0.7543455362319946,3.2643139362335205,0.5012430548667908,-0.00016158920618237764,0.00031008521858180715,0.40835950172555285,1766201346.9560666
0.7544050216674805,3.264462947845459,0.5013427138328552,4.1740164160522026e-05,0.00018927137965075633,0.40820356113742917,1766201346.9661467
0.754381537437439,3.264359951019287,0.5013551712036133,-0.00021316005173044753,0.0001808879624161056,0.40833372073018676,1766201346.976127
0.7545518279075623,3.264286994934082,0.5013161897659302,-0.00047751214887487974,0.00022676852555578785,0.4073002257818204,1766201346.986113
0.7544573545455933,3.26426362991333,0.5010120272636414,-0.00023747988200685397,0.0008561587336013224,0.4085636705801325,1766201346.986162
0.7545021176338196,3.2643511295318604,0.500970721244812,-0.0001996165708857986,0.0008440211235624385,0.4081441675862766,1766201346.9960697
0.7545214891433716,3.264166831970215,0.5013908743858337,-5.077531878997211e-05,-3.5596537073469725e-05,0.40755354773262054,1766201347.0061119
0.7545499205589294,3.264230728149414,0.5013564229011536,-8.034142546482339e-05,7.636708715064264e-05,0.4071782243959045,1766201347.0161095
0.7543787956237793,3.2643141746520996,0.5012954473495483,-7.259931601802575e-05,0.00020022450270357504,0.4078469860134297,1766201347.0261095
0.7545563578605652,3.264400005340576,0.5012413859367371,-6.702998115190302e-05,1.1487279658767609e-06,0.40680786342131364,1766201347.036117
0.7541583776473999,3.2647452354431152,0.5011181235313416,0.0002778757692611151,0.00028266965198329996,0.40912813697973344,1766201347.0361664
0.7545905113220215,3.2642130851745605,0.50126051902771,-0.00042957156318068607,6.250748504289036e-05,0.40650452205643656,1766201347.0460472
0.7545320987701416,3.2643556594848633,0.5009246468544006,0.00020429588358502268,0.0007534698112980586,0.40749973049677873,1766201347.056116
0.7539653778076172,3.264674186706543,0.5010530948638916,-0.00028419267581017134,0.0006901476696163086,0.41059853761773735,1766201347.0660903
0.7544346451759338,3.2643446922302246,0.5013406872749329,-0.000126899404931391,0.0002935388665239795,0.40788430532143954,1766201347.0760887
0.7545876502990723,3.2644457817077637,0.5009875893592834,-1.935669467644944e-05,0.0006849284705182672,0.40769954585844137,1766201347.0860996
0.7546443343162537,3.264125108718872,0.5014206171035767,-0.0003416426939834171,0.00023002342225086686,0.4071368944858786,1766201347.0861478
0.7546291351318359,3.264155864715576,0.501482367515564,-6.777237977087776e-05,8.051538312098246e-05,0.40694962160594134,1766201347.096012
0.7544791102409363,3.2643041610717773,0.5011671781539917,0.00032985869329747107,0.0007355791778464603,0.4081019271843522,1766201347.1060917
0.7544259428977966,3.2643327713012695,0.5015177130699158,-2.911569763874697e-06,0.00019661401615156976,0.4082076366561828,1766201347.1160696
0.7544885873794556,3.264354705810547,0.5013197064399719,-0.00023867362284670987,0.00021916465763975184,0.4076929961482466,1766201347.1261096
0.7543078660964966,3.264357805252075,0.5010331273078918,-7.264263053736749e-05,0.0009403314093660684,0.40898183856415044,1766201347.1360579
0.7545255422592163,3.2644002437591553,0.5013194680213928,-6.341872737936535e-05,4.1659968355742884e-05,0.40702625383317786,1766201347.136108
0.7544392943382263,3.2645020484924316,0.5012726783752441,-4.1278414049034994e-05,0.0001045359171344041,0.40783231546800963,1766201347.146036
0.7543907761573792,3.2643628120422363,0.5013231039047241,0.00012300465145825482,0.0001436477087352424,0.40799238086294287,1766201347.1560497
0.7543496489524841,3.2645294666290283,0.5011816620826721,0.00029147527595597077,0.00026075102004251505,0.4082102763718797,1766201347.165988
0.754340410232544,3.2644054889678955,0.5012154579162598,-0.0002452014907097967,0.0003784869534503679,0.40837691750021166,1766201347.176104
0.7543135285377502,3.2644190788269043,0.5012864470481873,0.0001281433182225447,0.00024025036524911135,0.4083325689127381,1766201347.186096
0.7543692588806152,3.264383554458618,0.5010172128677368,0.0002905353182949285,0.0008353040992337712,0.4083185487042907,1766201347.1861446
0.7545955777168274,3.264247417449951,0.5013088583946228,-6.006483808574727e-05,-2.4758417954511843e-05,0.40660758582856704,1766201347.1960602
0.7544880509376526,3.2642269134521484,0.5013386607170105,-0.00021759798254249464,0.00013791534490302038,0.4072079965584711,1766201347.2160945
0.7544791102409363,3.2641921043395996,0.5014029145240784,-0.0004319262773001341,0.00016326714755580645,0.407803753273286,1766201347.2161443
0.7544819116592407,3.264277696609497,0.5010848045349121,5.274195825725474e-05,0.0008260504113708966,0.40835510858337265,1766201347.2260292
0.7545261383056641,3.264289140701294,0.5010728240013123,0.0002291063113591415,0.0007586145881374375,0.4081778764487288,1766201347.2360811
0.7539771199226379,3.264669895172119,0.5010720491409302,-0.00028690442663077453,0.0006876767110376775,0.4108829144454465,1766201347.2361305
0.7545392513275146,3.2642595767974854,0.501359224319458,-1.5069460216109414e-05,-2.1216695001702617e-05,0.407203605835734,1766201347.2460668
0.7543187141418457,3.2644412517547607,0.5012493133544922,-0.00015420043436521264,0.00030454133340413185,0.40864487278112666,1766201347.2560713
0.7544481754302979,3.2643682956695557,0.5009471774101257,0.00017455711756736843,0.0006775371315527756,0.4080274421798865,1766201347.2660537
0.7540944218635559,3.2645456790924072,0.5011611580848694,-1.6851961627115725e-06,0.0005056935701045003,0.40944590554067195,1766201347.276141
0.754250168800354,3.2642977237701416,0.5012001991271973,-0.0005959619092192296,0.0005470231230142857,0.40848354577943335,1766201347.286108
0.7544869184494019,3.264319658279419,0.5009470582008362,9.446796423760988e-05,0.0005955587217908148,0.40772982658293666,1766201347.286157
0.7538962364196777,3.264850616455078,0.5010302066802979,-3.213704502468559e-05,0.0006246636878535889,0.4107582031847942,1766201347.2960591
0.7544388175010681,3.264331579208374,0.501311719417572,-0.00026241104897030046,0.00037547987523168966,0.4078363823434335,1766201347.316123
0.7544939517974854,3.2644145488739014,0.5010112524032593,0.00016912164965137753,0.0006887555124638166,0.4084254347594354,1766201347.3161726
0.7544825673103333,3.2644124031066895,0.5009607076644897,-0.0001531030601531671,0.0009104211988506704,0.40844034680345964,1766201347.326073
0.7546578049659729,3.2641706466674805,0.501350998878479,-0.00023132460332273502,9.72409943885036e-05,0.4069940627165033,1766201347.3361256
0.7545490264892578,3.2642128467559814,0.5013189315795898,-0.0005498273530526494,0.00025889780855762435,0.40761918442304534,1766201347.3361747
0.754396378993988,3.2644290924072266,0.5013666749000549,0.00011330680597464172,0.00018258482327372443,0.40859085337855244,1766201347.3460722
0.7544963359832764,3.2642812728881836,0.5010886788368225,-6.138875742273669e-05,0.0007476353422647825,0.4081657658265037,1766201347.3560998
0.754524827003479,3.264385223388672,0.5010753870010376,0.00027490531811832095,0.0006816753112402785,0.4078137434665344,1766201347.3661299
0.754510760307312,3.2643849849700928,0.5010631084442139,0.0002010268884413295,0.0007197374119918112,0.4077887867216332,1766201347.3760972
0.7544555068016052,3.264357805252075,0.5013051629066467,-5.3081579709114976e-05,0.0002238378008030234,0.4079406808039979,1766201347.3861034
0.7544436454772949,3.2644588947296143,0.501177191734314,-0.00014691311956375886,0.0001281978238894704,0.4078492692906532,1766201347.3861544
0.7544630169868469,3.2643961906433105,0.5008748769760132,7.280432641781681e-06,0.0007664575051351637,0.4081485094756031,1766201347.3960068
0.7545371651649475,3.2642693519592285,0.5013123750686646,-4.43398821891188e-05,0.00010534914719632177,0.4073242992683124,1766201347.405982
0.7543843388557434,3.2644357681274414,0.5013151168823242,0.00022150709642349768,2.3594967312049055e-05,0.4080308626083046,1766201347.4161117
0.7545700073242188,3.264493465423584,0.5009835362434387,0.0006880553622662243,0.0005647417608930177,0.40754990884976217,1766201347.426139
0.754543125629425,3.264256477355957,0.5012903809547424,-0.00022420796521465476,6.68954166144778e-05,0.4073780897209203,1766201347.4361336
0.754429280757904,3.264322280883789,0.5013507008552551,-0.00012617141391556367,0.0004390163159398758,0.4084164113829183,1766201347.4361827
0.7543814778327942,3.264434337615967,0.5011471509933472,0.00019059350899792302,0.000829466755721698,0.4087631081841105,1766201347.4460752
0.754487931728363,3.2643604278564453,0.5011493563652039,3.6547667781884986e-05,0.0007648667809543392,0.4081946186709232,1766201347.4560468
0.7544826865196228,3.264254093170166,0.501356840133667,-0.00010648531360031898,0.00014941070798195027,0.4077636492495216,1766201347.4661095
0.7542862892150879,3.264455556869507,0.501355767250061,-1.562607492043009e-05,0.00029598023619439536,0.4088810095540037,1766201347.4761004
0.7543491125106812,3.2645456790924072,0.5013091564178467,8.070411895011891e-05,0.00017180535649912856,0.408721582273459,1766201347.4861424
0.7544990181922913,3.264381170272827,0.5010061264038086,0.00018316479782316854,0.0006948878352755081,0.4079404585390871,1766201347.4861908
0.7543471455574036,3.2643606662750244,0.5010056495666504,0.00014354358465807084,0.0008673391070370131,0.40902502296167276,1766201347.4960124
0.7545429468154907,3.2642946243286133,0.50127112865448,-0.00048464227243342215,0.0001242700629375204,0.40739973991562567,1766201347.5061443
0.7543699145317078,3.264406681060791,0.5009402632713318,-9.987450831448428e-05,0.0010096182155345964,0.4088999061355557,1766201347.5161366
0.7544499635696411,3.2644429206848145,0.5009215474128723,6.282088069627831e-05,0.0007284265867489426,0.4081881456547259,1766201347.5261302
0.7545480728149414,3.2644472122192383,0.5008965730667114,2.6419301390758715e-06,0.0007128885141500831,0.4077138205001155,1766201347.5361245
0.7542757987976074,3.264495849609375,0.5012899041175842,-0.00014060639288583757,0.00040441135115266194,0.40931806271412335,1766201347.5361733
0.7544287443161011,3.2641983032226562,0.5014102458953857,-0.00022199294817083895,0.0001797499612656704,0.40776001941188583,1766201347.5460653
0.7545090317726135,3.264265537261963,0.5010866522789001,-0.00011147961202738874,0.0008283677381268259,0.40817786010920454,1766201347.5561023
0.7544784545898438,3.2642533779144287,0.5014358758926392,-0.00015357270389197797,0.00018048550794073462,0.40792641085707554,1766201347.5661333
0.7545477747917175,3.2643015384674072,0.5014581680297852,-0.00018257673767980078,0.00016870431283954538,0.4075667528765695,1766201347.5760734
0.7546319961547852,3.264178991317749,0.5014559030532837,-6.776802212610114e-05,8.62947401843025e-05,0.4071054793414494,1766201347.5861309
0.7543743848800659,3.2643113136291504,0.5011439919471741,7.372319757529202e-05,0.0009527710973920385,0.4089292211574972,1766201347.5861988
0.7545101046562195,3.2644245624542236,0.501007080078125,0.00035076783279031266,0.0007951648737373855,0.4081906885589308,1766201347.5960603
0.7544092535972595,3.264364004135132,0.500994861125946,-7.085530970850117e-05,0.000819988629243565,0.4086248619952714,1766201347.6060228
0.7542083859443665,3.264564275741577,0.50117027759552,7.471656173713591e-05,0.0004334864708295196,0.4092455322245011,1766201347.6261156
0.7545353174209595,3.264359951019287,0.5012348890304565,-0.00016989191014579958,0.00010332788995497076,0.407207219827129,1766201347.6261683
0.7543483376502991,3.2643604278564453,0.5009392499923706,0.0001914316202623463,0.0008867216746731688,0.40871510995167337,1766201347.6360579
0.7544523477554321,3.264268159866333,0.5012686252593994,-0.0001225184823342637,0.0003120560687954967,0.40741161581922103,1766201347.6461103
0.7544700503349304,3.264299154281616,0.5012115240097046,-0.0003883767661623241,0.00031473977445205215,0.4074755516853181,1766201347.6461616
0.7543240189552307,3.2643775939941406,0.5012187361717224,-0.0002804453837377878,0.0004948870860059693,0.40861776107894787,1766201347.6560597
0.754452109336853,3.2643375396728516,0.501015841960907,-7.86566517967958e-05,0.0008259098688434325,0.40828928711953116,1766201347.665953
0.7545086145401001,3.2642874717712402,0.5010765194892883,7.061029450706005e-05,0.0006964907815547076,0.40799291186772263,1766201347.6760874
0.7544972896575928,3.2642087936401367,0.5011547207832336,0.0002436532529635077,0.0008014894355292451,0.4082880848367589,1766201347.686112
0.7544983625411987,3.2643256187438965,0.5010653734207153,-0.00019420844455438156,0.0008720054359553813,0.4082810995812321,1766201347.6861615
0.7544853687286377,3.264286994934082,0.5010995268821716,8.268769639034908e-05,0.0007952361949649097,0.40836834616509904,1766201347.6960132
0.7543328404426575,3.264315128326416,0.5013216733932495,-0.00013675228066634628,0.0003228140521529947,0.40853205095978057,1766201347.7061136
0.7543899416923523,3.264178991317749,0.5013569593429565,-0.0005120312744473581,0.000461517651234525,0.4082034048263754,1766201347.7161233
0.7543262243270874,3.26432466506958,0.5010362267494202,-1.1108690410096309e-05,0.0009156763888521626,0.40912183422053294,1766201347.726073
0.7545337677001953,3.2643752098083496,0.5012823343276978,-0.00029805704493112936,0.0001393264344626751,0.407182408282306,1766201347.7360976
0.7543618679046631,3.2644615173339844,0.5010018348693848,0.00014614082123112822,0.000747381248057636,0.40865275520395955,1766201347.7361476
0.7544167637825012,3.2644898891448975,0.5009306073188782,0.00021136079001527416,0.000845053918950952,0.40811720280619784,1766201347.7460415
0.7543902397155762,3.2644522190093994,0.5011554956436157,4.098671572314691e-05,0.00021205671917731028,0.4079234774284773,1766201347.75605
0.7544589042663574,3.2644057273864746,0.5012636780738831,-6.712562617771887e-05,0.00017167975597650838,0.40760056290094215,1766201347.7661066
0.7544842958450317,3.2643277645111084,0.5010095834732056,7.041231415279878e-05,0.0008018676048176142,0.4081525905124538,1766201347.7760844
0.7543250918388367,3.264441728591919,0.5013778209686279,0.00025996187048765853,7.98527519452203e-05,0.4086531245189129,1766201347.7860966
0.7542986869812012,3.2643210887908936,0.5013445615768433,-0.00016683226263529936,0.00046606054792959375,0.40883794336155477,1766201347.7861476
0.7544829249382019,3.2641782760620117,0.501156747341156,0.00021475176501636374,0.0006849611583624395,0.40800025487350783,1766201347.7960505
0.7544504404067993,3.2642338275909424,0.5011119246482849,0.00013518146103160979,0.0008342516105258604,0.40852589514189885,1766201347.8060532
0.7545204758644104,3.264261484146118,0.5011512637138367,0.00046084516407019117,0.0007095059148214665,0.4080164887246612,1766201347.8161397
0.7544266581535339,3.2643117904663086,0.5010334849357605,5.789001819206505e-05,0.000876651523807313,0.408581881787323,1766201347.826064
0.7546963691711426,3.264221429824829,0.501408576965332,-8.003735410695608e-07,-4.086545466781144e-05,0.40638074201875424,1766201347.8360975
0.7544711828231812,3.2643611431121826,0.5013101100921631,-2.5021711605773747e-05,2.3987227513232662e-05,0.40771174318119324,1766201347.8361475
0.7544596791267395,3.264486074447632,0.5009812116622925,0.00039265265370490255,0.000596281026540736,0.4082389620525186,1766201347.8460393
0.7543448805809021,3.2643611431121826,0.5012043118476868,-0.0001740730481707197,0.0002957330288742339,0.40830902643701517,1766201347.8560727
0.7545397877693176,3.264356851577759,0.5012316107749939,-0.0001659680651607242,4.032412787675294e-05,0.40713409554664326,1766201347.8661063
0.7543044090270996,3.264467239379883,0.5012737512588501,5.6639475914277704e-05,0.00021985131166369937,0.4084334597148252,1766201347.876073
0.7545693516731262,3.264155864715576,0.5013656616210938,-7.310417422262859e-05,8.506251157144789e-05,0.4068952177646171,1766201347.8860462
0.7545747756958008,3.2642199993133545,0.5010671615600586,0.00010228868733388974,0.0005774893618133108,0.4074292867140772,1766201347.8860974
0.7543958425521851,3.2643320560455322,0.5010066628456116,-0.00012848123511161286,0.0009542629535254887,0.4085792228510991,1766201347.8960276
0.7544839382171631,3.264195203781128,0.5010690093040466,-0.0002116058405156309,0.00078032354519168,0.40809833391135575,1766201347.9061005
0.7544565200805664,3.2642135620117188,0.5010908842086792,0.00019584824133898944,0.0007246803919771171,0.4083981340437419,1766201347.9160938
0.7544195652008057,3.2642223834991455,0.5011281967163086,3.712478874210567e-05,0.0007618022961087744,0.40835973517864127,1766201347.9260836
0.7545603513717651,3.264136791229248,0.5014321208000183,-0.00036979283785757247,0.00011473637261574214,0.40721614476846235,1766201347.9361389
0.7543939352035522,3.264193058013916,0.5013455748558044,-0.00028289901254565004,0.000309345380802345,0.4082462462085616,1766201347.9361892
0.7543737888336182,3.2642884254455566,0.5009980201721191,6.704731083730653e-05,0.0009269297125288986,0.4086144771737628,1766201347.9460466
0.7542863488197327,3.264389753341675,0.5012168288230896,-0.00016010013830031132,0.0004333118578883719,0.4088392507683097,1766201347.9561033
0.7544254064559937,3.2642600536346436,0.501252293586731,-6.094520699359325e-05,0.0002524785519354681,0.4077507681787115,1766201347.9661307
0.7544590830802917,3.2643184661865234,0.5013009905815125,-7.720651697504593e-06,0.00016968443844871857,0.4074224294406611,1766201347.9760494
0.7543604373931885,3.2642319202423096,0.5013039112091064,-6.264176162247707e-05,0.00017703779203468245,0.4082093281306528,1766201347.9860952
0.7544803023338318,3.2643163204193115,0.501047670841217,0.0002474037474019929,0.0005776382806336745,0.4078177235131965,1766201347.9861462
0.7543774843215942,3.264432907104492,0.5010061264038086,6.004089003961395e-05,0.0008421377100394686,0.4087229230429964,1766201347.9960215
0.7545340061187744,3.2644777297973633,0.5010238885879517,0.00036938462124149157,0.0006791334614446134,0.40814232530021144,1766201348.0060592
0.7545899152755737,3.264446258544922,0.5012322068214417,-2.57784419482329e-05,0.00019208465785779542,0.4075000888433747,1766201348.0160751
0.7545900344848633,3.264211654663086,0.5013927221298218,-0.00017823586656877846,7.478444380647469e-05,0.4070782446851538,1766201348.02609
0.754521369934082,3.2644073963165283,0.5010668039321899,8.659166013520668e-05,0.0007088388728010044,0.4082031159159407,1766201348.0361326
0.7545136213302612,3.264319896697998,0.5013129711151123,-0.00031252311024377384,0.00027080011974746853,0.4075563977752362,1766201348.0361826
0.7543022036552429,3.2644379138946533,0.5011997222900391,-0.00045701139589319215,0.0005093709752937919,0.4092966179565874,1766201348.0460327
0.7545838356018066,3.2642555236816406,0.5013279914855957,-0.00027223674266419026,6.92545857997002e-05,0.4071315413625889,1766201348.0560954
0.754422128200531,3.2642908096313477,0.5010977983474731,0.0002799419219568928,0.0007790334294373111,0.40850890920391536,1766201348.0660815
0.7543820738792419,3.2643673419952393,0.5009880065917969,4.51937083497351e-05,0.0009659116280461073,0.4085676161796061,1766201348.076101
0.7544328570365906,3.264238119125366,0.5010101199150085,0.00014013772874177401,0.0008286495941795775,0.4083194434613038,1766201348.0860896
0.7544857263565063,3.264235496520996,0.5012559294700623,-0.0005548792467347189,0.0002896445538874969,0.40736988147131653,1766201348.086139
0.7544985413551331,3.264331817626953,0.5013689994812012,0.00023839363208635225,-1.1805026945521343e-05,0.40733778431528206,1766201348.096015
0.7544584274291992,3.2642924785614014,0.501300573348999,-0.00041318038011830855,0.00028273019204554334,0.4077856992886472,1766201348.1059475
0.7544121742248535,3.2643022537231445,0.5013077855110168,-7.422148269812185e-05,0.00015799328295173218,0.4080151721354155,1766201348.116072
0.7544639110565186,3.2644524574279785,0.5009567737579346,0.0004170944647367593,0.0007798355635343751,0.4084082329082841,1766201348.1261094
0.7543410062789917,3.264441967010498,0.501327395439148,0.0001646049904659298,0.00022150878551740333,0.4086401927223846,1766201348.1361322
0.7544596195220947,3.2643072605133057,0.5013412237167358,-0.00017049012490224626,0.00021549311571263455,0.40833325971965045,1766201348.1361818
0.7544249296188354,3.264268636703491,0.5013703107833862,-0.00020864938342984063,0.00025978490657221876,0.4082963289035052,1766201348.1460311
0.7545567154884338,3.264192581176758,0.501134991645813,0.0002710765283083791,0.0005858405777066694,0.407961169957806,1766201348.1560748
0.7545256018638611,3.2641613483428955,0.5013852715492249,-0.00036549749231790655,0.0002388509782174239,0.4072443354317891,1766201348.1661093
0.7544658780097961,3.2643871307373047,0.5013608336448669,-2.0057527362528688e-05,0.00019195795716127665,0.4081449211313748,1766201348.1761062
0.7544739246368408,3.2641921043395996,0.5012829899787903,-0.00026937672587159524,0.0003417229637041114,0.4079040688529719,1766201348.1860633
0.7545836567878723,3.2641444206237793,0.5013151168823242,-0.0005911628006812796,0.00029191145680256296,0.40741157276796824,1766201348.1961052
0.7543888092041016,3.264437198638916,0.501311182975769,1.5258780390963578e-05,0.00017532159352950867,0.4080128647247892,1766201348.1961575
0.7542250156402588,3.264636754989624,0.5011774301528931,0.0002581263157653625,0.0002318387393748237,0.40908883255730377,1766201348.2060246
0.7544363737106323,3.264345169067383,0.5009843707084656,0.00021320847789474913,0.000692363319853573,0.4081195894735224,1766201348.2160742
0.7545834183692932,3.264251470565796,0.5013605952262878,5.361801275645731e-05,4.802633778481741e-05,0.4067067503115179,1766201348.2261
0.754368007183075,3.2643213272094727,0.5012433528900146,-0.0004655022041903033,0.0003890096005220791,0.40820857692894075,1766201348.2361
0.7543644905090332,3.264190673828125,0.501294732093811,-0.0004541610792953419,0.0004394515524872597,0.40833311491828866,1766201348.236151
0.7544882893562317,3.2642335891723633,0.5012811422348022,-0.00024810429302484676,0.00016171965472813892,0.4072795743174892,1766201348.2460332
0.7543985843658447,3.2643442153930664,0.5010553002357483,0.00018405936749504842,0.0009370502309972743,0.4084347503905241,1766201348.2560694
0.7544806003570557,3.264289140701294,0.5010172128677368,-8.204527490085634e-05,0.0008193714705832029,0.40826010982662864,1766201348.266126
0.7545632123947144,3.2642338275909424,0.50136798620224,-0.00030941272592058526,0.0002833399505020962,0.4073211069066506,1766201348.2761078
0.7543946504592896,3.264420747756958,0.5013172626495361,-9.641533689962215e-05,0.00017833928218074355,0.4080956071896251,1766201348.2860692
0.7543981671333313,3.2642931938171387,0.5010457038879395,-6.945286754145275e-05,0.0009555818328923011,0.4084987255902819,1766201348.286119
0.7544677257537842,3.2644033432006836,0.5009302496910095,-9.277838778699799e-05,0.0008733530818214612,0.40838456261446937,1766201348.2960753
0.7544728517532349,3.2643661499023438,0.5010383725166321,0.00021369365347408115,0.0006787850609785143,0.40818472840453346,1766201348.3060665
0.7543907761573792,3.264301300048828,0.5009983777999878,-0.00014544588467675214,0.0008794752817003752,0.4085157967759208,1766201348.316137
0.7544613480567932,3.2643933296203613,0.5012165904045105,-0.0004581241673484801,0.00030597245852570943,0.40740771858590397,1766201348.326056
0.7543323636054993,3.264387607574463,0.5011389851570129,-0.00026675905452941363,0.0004421837158178127,0.4081540108161859,1766201348.3361058
0.7544781565666199,3.264551877975464,0.5009713768959045,0.0005105810166157494,0.0005610225289046399,0.4078149502976792,1766201348.3361576
0.7544207572937012,3.2642908096313477,0.5009573698043823,-7.517144667429236e-05,0.000869122348421823,0.4083021582064372,1766201348.3460312
0.7543988227844238,3.2642579078674316,0.5012765526771545,-0.0005096655233721356,0.00031809641575274817,0.4083987649539084,1766201348.356046
0.7545043230056763,3.2643063068389893,0.5013259649276733,-8.695274560382135e-05,9.412180986558314e-05,0.4073379910093227,1766201348.3661072
0.7543326020240784,3.264317035675049,0.5013175010681152,-0.00023295642728544608,0.0003576602961732148,0.40856397404058514,1766201348.3761017
0.7544097304344177,3.2643158435821533,0.50103759765625,9.969751096072062e-05,0.0007685826838958969,0.4087876435161948,1766201348.3860524
0.7544711232185364,3.264286518096924,0.5011008977890015,0.0003205043620254489,0.0006534546358195608,0.40812847528155566,1766201348.396128
0.7544342875480652,3.2642624378204346,0.5011119246482849,0.00030781730139170076,0.0007452619992718029,0.4083653012569648,1766201348.396179
0.7546011805534363,3.264200210571289,0.5013850927352905,-0.00034723993498071807,-0.00011821077710391009,0.40675086892625123,1766201348.406031
0.7544252872467041,3.264214515686035,0.5013720989227295,-9.431066393693067e-05,0.0001757114230094097,0.40790043038417373,1766201348.4160862
0.7544844746589661,3.2642831802368164,0.5009989142417908,0.00020821272975540795,0.0007342234120524413,0.40790478907418415,1766201348.4261146
0.7543488144874573,3.2642672061920166,0.5009958744049072,-9.213296010180999e-05,0.0009446332494806201,0.4086070743723466,1766201348.4360607
0.754400372505188,3.2642486095428467,0.5009700655937195,-5.060761589939196e-05,0.0009101480932011512,0.4083976606689885,1766201348.4361115
0.7544108033180237,3.264385461807251,0.5009874701499939,7.232000609441047e-05,0.0007366683891136489,0.40797729028769925,1766201348.446034
0.7544635534286499,3.264263153076172,0.5012767314910889,-0.00028052490434627233,0.00020993332910242094,0.40735142058693147,1766201348.4560554
0.7545180916786194,3.264308452606201,0.5012160539627075,-0.0002856370507528048,0.0002715743399959503,0.40752402089526396,1766201348.4661179
0.7544752955436707,3.2644267082214355,0.501003086566925,0.00026773756103012165,0.0007668449124512694,0.40825640482685455,1766201348.4760532
0.754572331905365,3.2644596099853516,0.500957727432251,-0.00016026219080694104,0.0007954330902901348,0.4082960829666368,1766201348.4861035
0.7544073462486267,3.264407157897949,0.5010408759117126,-3.588994805631092e-05,0.0009075414671424933,0.40888206534311744,1766201348.4861543
0.7544829249382019,3.2642507553100586,0.5011232495307922,0.00017356291088782384,0.000777828374835975,0.40851103636256497,1766201348.4960234
0.7546917796134949,3.2643072605133057,0.5014452338218689,4.668121417351328e-05,-0.00014242491314024952,0.4069170654766363,1766201348.5060756
0.7545076608657837,3.2643356323242188,0.5014286041259766,0.00010624041263573377,3.677748279162006e-05,0.4078704623771943,1766201348.516077
0.7545509338378906,3.2643182277679443,0.5011026263237,0.00016686350994861006,0.0007464825814083188,0.40802416763314525,1766201348.526092
0.754483699798584,3.2643301486968994,0.5009689331054688,-0.0002916705364643407,0.0008848005116498808,0.4082072352113631,1766201348.5360856
0.7544456124305725,3.2643258571624756,0.5009670853614807,-0.00023397648353698283,0.0008508640406313805,0.40856425635212035,1766201348.5461204
0.7543174028396606,3.2644832134246826,0.5009528398513794,1.1943694167508811e-06,0.0009332172634550906,0.4091457155464699,1766201348.546173
0.7544405460357666,3.2644145488739014,0.5010137557983398,3.3776834219162034e-05,0.0007534201981335661,0.40813767594633105,1766201348.5560331
0.754424512386322,3.2644126415252686,0.5009987950325012,0.00025396237659624436,0.0006770161596593253,0.4082028793571742,1766201348.565995
0.7543222308158875,3.2644848823547363,0.5010414123535156,0.00014165518052214644,0.0009454824630404981,0.408796546277719,1766201348.5760477
0.7543944716453552,3.2643749713897705,0.5009626746177673,-0.00016783638213910097,0.0009114995431816923,0.4087036089722925,1766201348.586123
0.7542586326599121,3.264333724975586,0.5012738704681396,-0.0005073463562006553,0.00044784487359447164,0.40900083545465565,1766201348.586174
0.7543212175369263,3.264272451400757,0.5013242959976196,-0.0003580685029894607,0.0003886787018916022,0.4087930645007461,1766201348.596034
0.7544715404510498,3.2643356323242188,0.501054048538208,0.0001466998866117977,0.0008514961426545082,0.4083330970528303,1766201348.6060965
0.7544312477111816,3.2642271518707275,0.5010428428649902,-1.4689209768800152e-05,0.0008991183047643045,0.4087089401164015,1766201348.6161187
0.7544019222259521,3.2642874717712402,0.5010504722595215,-0.0001793057949111393,0.000982068516363384,0.4089622513735266,1766201348.626091
0.7544573545455933,3.2641894817352295,0.5011230707168579,5.678346643204564e-05,0.0008768956294368269,0.4086284170457827,1766201348.636102
0.7546716332435608,3.264082670211792,0.5014084577560425,-0.00022009156127780218,9.031450264241963e-05,0.4066475604668778,1766201348.6461082
0.7545068264007568,3.264183521270752,0.5013433694839478,-0.00045829199656594033,0.00022166445429735743,0.40754304098276545,1766201348.6461616
0.7544297575950623,3.2643256187438965,0.5010184049606323,-1.420796752888395e-05,0.0008345504724737004,0.4084738657455103,1766201348.656075
0.7543033361434937,3.2644948959350586,0.5012601017951965,0.00010425914257538357,0.00018649918704311515,0.40850337854691277,1766201348.6660824
0.7542527914047241,3.264390468597412,0.5012773275375366,-0.00040745209796647146,0.0004012800476592435,0.4087766165790564,1766201348.6760116
0.754005491733551,3.2647697925567627,0.501018762588501,-0.00012073113675739926,0.0006994183361400141,0.41029246057908886,1766201348.6859882
0.7543588876724243,3.2645273208618164,0.5009086728096008,-3.673774571791047e-05,0.0008632694649684729,0.40873150833365907,1766201348.6860037
0.7543080449104309,3.2644364833831787,0.5012367367744446,-0.0002448271899803009,0.0003810212187495874,0.4087981202365291,1766201348.69607
0.7543950080871582,3.264406681060791,0.5012273192405701,-0.0005845107733076363,0.0003581005961342102,0.40822005334689115,1766201348.7061026
0.7543967962265015,3.264472246170044,0.5012457370758057,-0.0003196265488878568,0.0002488683509934525,0.4080729743349036,1766201348.7161312
0.7544535994529724,3.2642788887023926,0.5010677576065063,-0.00014255043986794328,0.0009112857863939388,0.4083071928980366,1766201348.726125
0.7543485164642334,3.26444935798645,0.5012960433959961,-1.50073031107175e-05,0.00033310109768271915,0.4085425980241075,1766201348.736147
0.7545259594917297,3.2641725540161133,0.5014266967773438,-0.00034364479580775275,0.00032684868005678565,0.40756639613581586,1766201348.7361975
0.7543154954910278,3.264331817626953,0.5014141201972961,-0.00017220437724055828,0.0002803940690592589,0.4089187511036149,1766201348.7460382
0.754582405090332,3.264366626739502,0.5013229846954346,-0.0004154025227014229,0.00023745483958048953,0.40720219982783534,1766201348.7561085
0.7545347213745117,3.2642557621002197,0.5013066530227661,-0.0003161917802096827,0.0002739511384187238,0.4071972796700573,1766201348.7660415
0.7544021606445312,3.264324188232422,0.5009835958480835,-0.00013574871027704949,0.0008572077807217657,0.40867026465775047,1766201348.7760952
0.754448652267456,3.264470338821411,0.500950038433075,3.1502281344784266e-05,0.0008336447406788296,0.4081746517811682,1766201348.7860641
0.7544300556182861,3.264371633529663,0.501254141330719,-0.0003274268376457708,0.0002670005035906758,0.40796330308491424,1766201348.7861152
0.7543599605560303,3.2644193172454834,0.5012454390525818,-0.00019771477145888824,0.0002376562438711097,0.4082350385927412,1766201348.796065
0.7544627785682678,3.2643239498138428,0.5011904239654541,-0.0006680892618879417,0.0003682436543477499,0.4079057278276109,1766201348.8059647
0.7545974254608154,3.264357566833496,0.5010790824890137,0.0005060731005442076,0.00043419547868137846,0.4072765533855472,1766201348.8160307
0.7544423937797546,3.2643747329711914,0.5010592341423035,0.0003511814096836289,0.0007856531379803671,0.40842643831329695,1766201348.8261383
0.7543989419937134,3.2643680572509766,0.5010870099067688,0.00013194290586673673,0.0007889400659845808,0.40839528022748217,1766201348.8360505
0.754378616809845,3.2643864154815674,0.5013129711151123,-0.00021372485222920522,0.0002270104872114447,0.4083041118731115,1766201348.8361015
0.7538642287254333,3.26466703414917,0.5011911988258362,-3.6088126814820625e-05,0.0007358159848621136,0.4113614406550117,1766201348.846064
0.7543662190437317,3.264357566833496,0.5010555386543274,-0.00011536641783607143,0.0009985648379713847,0.4089658754420991,1766201348.8559725
0.7544720768928528,3.2642621994018555,0.5010716319084167,-1.656836002048498e-05,0.0008125562863585602,0.40823201617159866,1766201348.8659844
0.7544254064559937,3.264282703399658,0.5013135671615601,-0.00019749767295833525,0.0002370640941464915,0.40809718241588455,1766201348.8759906
0.7543954253196716,3.264343023300171,0.5013330578804016,-0.00023667476254896758,0.0002252623821415435,0.4082250866122907,1766201348.8859634
0.7544741034507751,3.264312505722046,0.5012422800064087,-0.000354352737373899,0.0002817929867130274,0.4076495975678956,1766201348.8860674
0.7544344663619995,3.264371633529663,0.501011312007904,8.2071301492829e-05,0.0008677466992415278,0.40796002218934735,1766201348.8961377
0.7544800043106079,3.2643771171569824,0.5008896589279175,-1.255348721942648e-05,0.0008432851970731365,0.4080976282373859,1766201348.906136
0.7546537518501282,3.264348268508911,0.5012481212615967,-0.00013117370986429817,0.00015639169447091844,0.406858638812539,1766201348.9161143
0.7544178366661072,3.2646288871765137,0.5012223124504089,0.0003153763763564881,-8.527888589826038e-05,0.4080172990240357,1766201348.9261057
0.7545182108879089,3.2643814086914062,0.5009822845458984,0.00028664975353571114,0.0007061340845588523,0.4076415257691341,1766201348.9361174
0.7544487714767456,3.2643814086914062,0.5012884140014648,5.104281849900034e-06,2.677347341859898e-05,0.4077584151654421,1766201348.9361672
0.7544854879379272,3.264251470565796,0.5013828277587891,-0.0004390998051185779,0.00024492307837267025,0.40763219990599026,1766201348.956062
0.7546059489250183,3.2641632556915283,0.5013890862464905,-0.0003516919576172634,2.797401529560402e-05,0.4071292655368511,1766201348.9561133
0.7544007301330566,3.2644009590148926,0.5013017654418945,-9.750395346133162e-06,0.0003718785848647152,0.4083751727746609,1766201348.9660525
0.7545138001441956,3.2642760276794434,0.5012822151184082,-0.00047507135722300105,0.00019889540066613125,0.4081129573165929,1766201348.9760473
0.7545565366744995,3.2643117904663086,0.5013414621353149,2.4359429601550404e-05,0.00017874459671178743,0.40721417460555576,1766201348.9860945
0.7547481656074524,3.264035224914551,0.5014346837997437,-0.00023855961367033504,7.026887345463373e-05,0.4061880601245807,1766201348.9861434
0.7543840408325195,3.2644295692443848,0.5012041330337524,-0.0001950793513213032,0.00013474467614351058,0.4082071910649798,1766201348.9960675
0.7543838024139404,3.264389753341675,0.5013132095336914,-2.3821018412700517e-05,0.00018015978114419728,0.4082284029201136,1766201349.006101
0.7544492483139038,3.2643353939056396,0.501313328742981,6.181549934468923e-05,0.00024064962387266634,0.40772236591102107,1766201349.0161304
0.7544630765914917,3.264648199081421,0.5013065934181213,0.0002019928335686033,-6.487638753112943e-05,0.40748538497023945,1766201349.0261345
0.7544358968734741,3.264678716659546,0.5010522603988647,-0.00015919356391373506,8.716265500484857e-05,0.4075072426394326,1766201349.0360909
0.7543561458587646,3.264530658721924,0.500958263874054,0.0002637921635365709,0.0008071951057425791,0.40846220079181966,1766201349.036143
0.7544469833374023,3.2643818855285645,0.5012377500534058,-7.335801549160373e-05,0.00014000853044454094,0.4077205640606054,1766201349.0560427
0.7546152472496033,3.2642383575439453,0.5013664364814758,-7.578814134976333e-05,2.726423484155797e-05,0.40679810780681647,1766201349.0560586
0.7543317079544067,3.26446795463562,0.5009925961494446,-4.212003981617454e-06,0.0009170539882924133,0.4089744066492201,1766201349.066076
0.7544332146644592,3.2642769813537598,0.5010267496109009,-9.450239209468864e-05,0.0008313877918102338,0.4084261785344658,1766201349.0761135
0.7544242143630981,3.264296770095825,0.5010864734649658,1.1086623433968942e-06,0.0008072991773666726,0.40866702646032144,1766201349.0860784
0.754470705986023,3.264235258102417,0.5011405348777771,0.00011138628318451716,0.0006771781350664965,0.40817158383567165,1766201349.0861309
0.7543342113494873,3.2642879486083984,0.5011445879936218,8.864229946351864e-05,0.0008776963755990662,0.40916265157913895,1766201349.0960798
0.7544301748275757,3.264335870742798,0.5013865232467651,-0.000115675739657177,0.00010077006939176219,0.4080818732364733,1766201349.1061203
0.7542949318885803,3.264451503753662,0.5013976693153381,0.0001647845655302009,0.0001535397431651983,0.40879222288636163,1766201349.116101
0.7545211911201477,3.2644150257110596,0.5010811686515808,0.00030186572307771534,0.0006036432465823435,0.40791447077672877,1766201349.126116
0.7544954419136047,3.2643070220947266,0.5010859370231628,0.00010696981313948633,0.0007405503852990456,0.4078412996885131,1766201349.136115
0.7546021938323975,3.2644529342651367,0.5009709596633911,0.0001671374746101011,0.0006554237013461624,0.407355545223789,1766201349.1361656
0.7544894218444824,3.2643961906433105,0.5012984871864319,0.00014844029805401263,6.442916917832788e-05,0.4069357655632999,1766201349.1460748
0.7542867064476013,3.2646005153656006,0.501078724861145,-0.000230955682049478,0.0002993301627793536,0.4084556703958643,1766201349.1560974
0.7544289827346802,3.264373540878296,0.5012686848640442,4.915168645531766e-05,8.124030307245572e-05,0.407696116806147,1766201349.1661344
0.7545307874679565,3.2642385959625244,0.5012772679328918,-7.201755908486621e-06,2.0580531936683913e-05,0.4071345315359836,1766201349.17614
0.7543597221374512,3.2642548084259033,0.5013536214828491,-0.00011193378361928953,0.00025366946698302136,0.40824676687056694,1766201349.1861198
0.7544233202934265,3.2642555236816406,0.5013225078582764,-9.540469552685074e-05,0.00023853584031797038,0.40796133679906044,1766201349.1862667
0.7545115351676941,3.264153003692627,0.5010577440261841,-0.00017198971581017225,0.0009239976404191264,0.4080956188519611,1766201349.1960485
0.7545162439346313,3.264101982116699,0.5010887980461121,-9.410099912812706e-05,0.0007326691595935076,0.40790612731640163,1766201349.206037
0.7543105483055115,3.2641849517822266,0.5013766884803772,-0.0003256270948530916,0.0003311205012147161,0.4087706002317636,1766201349.2161434
0.7543932795524597,3.2642722129821777,0.5013965964317322,-0.00033070153816881033,0.00030520262418005326,0.4082023443941859,1766201349.226104
0.754447877407074,3.2642440795898438,0.5013601779937744,-3.316931700914323e-05,0.00024782494506725737,0.4076837838838745,1766201349.2361093
0.7544552087783813,3.2643442153930664,0.5009914636611938,-0.000147252296656439,0.0007870366325770432,0.4082311528341847,1766201349.2362773
0.7544869184494019,3.26432466506958,0.501242995262146,-0.00040147770243005256,0.0002339555434380883,0.4076181731279961,1766201349.246085
0.7539867162704468,3.2648708820343018,0.5010228157043457,-4.517826554620639e-05,0.0006193914076383083,0.41046598323274575,1766201349.2561314
0.7540928721427917,3.26456880569458,0.5010876059532166,-7.448886868384248e-05,0.0004626019873338333,0.4095041092588341,1766201349.266124
0.7542906999588013,3.264648675918579,0.5010466575622559,-0.00021167003473947392,0.00034346378060437884,0.4086889543071497,1766201349.2761385
0.7545821666717529,3.26430082321167,0.5013182163238525,-0.0001004190221983828,9.153883721282583e-05,0.4069010370836319,1766201349.2861269
0.7544028162956238,3.2645530700683594,0.5013855695724487,0.00032216930845786973,5.456475611802895e-05,0.4084397741056306,1766201349.2861762
0.7545590996742249,3.2642338275909424,0.5014215707778931,-0.00028979381345401925,0.00019571701612845348,0.4074241427630416,1766201349.296057
0.7544583678245544,3.264302968978882,0.5010125637054443,-0.00018178894819073,0.0010297612217221553,0.408470792253766,1766201349.3061066
0.7545360326766968,3.264392375946045,0.5010398626327515,0.00030248199310239015,0.0007690387367529729,0.40830594918793134,1766201349.316144
0.7546143531799316,3.2642011642456055,0.5011042356491089,0.0003156466493849096,0.000698392999828225,0.4076005862705688,1766201349.326123
0.754569947719574,3.264286518096924,0.5011703968048096,0.0004599098203249486,0.0005812105277168462,0.4077538027878294,1766201349.3361416
0.7545231580734253,3.264209747314453,0.5011559128761292,0.0003306704205382101,0.0005712810632570178,0.40821091147659916,1766201349.3362112
0.7545031309127808,3.264220952987671,0.501052975654602,7.325885396330932e-05,0.0008315644912591334,0.40809326823833164,1766201349.346078
0.7544949054718018,3.2643027305603027,0.5012729167938232,-0.0003540719933798277,0.00018302405677430973,0.4076242026416349,1766201349.366102
0.7543950080871582,3.264378786087036,0.5013213157653809,0.0001491071752712856,7.674170417523936e-05,0.40829398874736794,1766201349.3661523
0.7546685934066772,3.2641143798828125,0.5013346672058105,-0.000271010236509551,-3.1514045047358886e-05,0.40629135076967626,1766201349.376061
0.7542908191680908,3.2643115520477295,0.5009207725524902,-3.6454053723464154e-05,0.0010431455591941386,0.4089896146295158,1766201349.3861232
0.7544519305229187,3.2644035816192627,0.500957727432251,0.0003470849284958223,0.000641848063761873,0.40832765629826734,1766201349.3861728
0.754429817199707,3.264324188232422,0.5009087324142456,-0.0002411880513982962,0.000937769125996237,0.4084353531678135,1766201349.3960497
0.7545773983001709,3.2642486095428467,0.5013251304626465,-0.00014442821585008257,0.00023427728514670445,0.40707019167978653,1766201349.4061031
0.7546060085296631,3.2641730308532715,0.5013400316238403,-0.000211088581143292,7.147192310706226e-05,0.4068627161715267,1766201349.41613
0.7545205354690552,3.2641818523406982,0.5010796785354614,-2.1252973747979946e-05,0.0007735741426181311,0.4080538177558076,1766201349.4261284
0.7545211315155029,3.2641963958740234,0.5011380910873413,4.9422932730358765e-05,0.0006077926752827942,0.4079599140468467,1766201349.4361033
0.7545577883720398,3.264188289642334,0.5012269020080566,0.0005429160428175818,0.000631326261794838,0.4075951185128682,1766201349.4361546
0.7545516490936279,3.2640745639801025,0.501197338104248,7.192564312841122e-05,0.0006882427188067301,0.4076637883344458,1766201349.44609
0.754464328289032,3.2641518115997314,0.5013915300369263,-0.00020152258386685708,9.581630561446274e-05,0.40779819664617795,1766201349.4560418
0.7544028162956238,3.2642691135406494,0.501360297203064,-0.00018892007046065603,0.0003470844013300898,0.40808655299755026,1766201349.4660728
0.7544445395469666,3.264328718185425,0.5010226964950562,0.0002877720296231648,0.0007540504924142289,0.40830935492780923,1766201349.4761088
0.754629909992218,3.264246940612793,0.5011948347091675,-0.00016029502005170598,-1.2154292042995688e-05,0.406764251036205,1766201349.48613
0.7544798851013184,3.264315605163574,0.5012576580047607,-0.00023823396071181687,0.00016754271002388302,0.4074806306685647,1766201349.4861803
0.7536131143569946,3.26507306098938,0.5008755326271057,0.000167888654755344,0.0010999095591144317,0.41273731158979254,1766201349.4960134
0.7544837594032288,3.2644100189208984,0.5010086297988892,0.0004814529357669231,0.0006556976000832593,0.40800190002166614,1766201349.5061214
0.7546687126159668,3.2642428874969482,0.5012943148612976,-2.1667598228863326e-06,-7.353604709770125e-05,0.4063291734938458,1766201349.5161405
0.7546356916427612,3.2642600536346436,0.5013052225112915,-0.00018742449477617665,4.175221510996714e-05,0.40675206016907756,1766201349.5261176
0.7544389963150024,3.2642667293548584,0.5012352466583252,0.00044174435718549683,0.000653005344332654,0.40849852362804856,1766201349.5361364
0.7543880343437195,3.264355182647705,0.5014212727546692,2.262198020750788e-05,0.0003026858676924209,0.40849457071349554,1766201349.536187
0.7543417811393738,3.2644290924072266,0.5013592839241028,0.00020853701563942236,0.0001805584122566347,0.4086225468845763,1766201349.5460708
0.754533588886261,3.264134168624878,0.5011551380157471,0.0002510840205910359,0.0006877002036789639,0.4079769414032444,1766201349.556041
0.7544304728507996,3.264322519302368,0.5010750889778137,-5.499110567942141e-05,0.0009800395918027347,0.40870568130923285,1766201349.566148
0.7544935941696167,3.264173984527588,0.5011479258537292,0.00015863120915307768,0.000764854016238209,0.4083402725664259,1766201349.5761337
0.754548192024231,3.2643041610717773,0.5009708404541016,5.475299339507976e-05,0.0008123361441778074,0.407836531313879,1766201349.5861151
0.7545969486236572,3.2642385959625244,0.5014262199401855,-7.823474676628674e-05,3.234993380153985e-05,0.40700028683562295,1766201349.586166
0.7545632123947144,3.2643048763275146,0.5012942552566528,-0.0002710905398522461,0.00014281166595229197,0.4070585527374804,1766201349.5961316
0.7544626593589783,3.264437437057495,0.5009285807609558,9.662699577214431e-05,0.0007130613917258315,0.40803320402523596,1766201349.6061082
0.7543496489524841,3.2644429206848145,0.5011535882949829,-0.00035622661106288417,0.0003261523688901953,0.4083192639255604,1766201349.616108
0.754548966884613,3.2643325328826904,0.5012679100036621,-0.00023334906032317226,0.00015619924020531927,0.4070353735163276,1766201349.6261122
0.7545745372772217,3.2642762660980225,0.5010538101196289,0.00019419254230060344,0.0006232636574866573,0.40724651563324393,1766201349.6361315
0.7544056177139282,3.2643842697143555,0.501045823097229,0.00026204543338189496,0.0008329732506046321,0.40830045233356654,1766201349.636182
0.7544568777084351,3.264223575592041,0.5013112425804138,-0.0002232381651326249,0.00030835741039158865,0.40765855047727934,1766201349.6460817
0.7544597387313843,3.264251470565796,0.5014141798019409,-9.641611615577627e-05,0.0002262703579810042,0.4079511892156846,1766201349.6560645
0.7544287443161011,3.2642228603363037,0.5011460781097412,1.3971429656223859e-05,0.0008765151830405515,0.4088228750352349,1766201349.6661
0.7544909715652466,3.2642059326171875,0.5011017918586731,-0.00015220083661821626,0.0007705557155476441,0.4084656827042516,1766201349.6761374
0.754352867603302,3.264390468597412,0.5014495849609375,7.914668658653076e-05,0.0002866478290332982,0.4085976764918818,1766201349.6861124
0.7544779777526855,3.264342784881592,0.5013428330421448,-0.00011221764402389378,4.051945366289442e-05,0.40771205719346965,1766201349.686167
0.7545190453529358,3.2641501426696777,0.5013430714607239,-5.999769340394435e-05,0.00013386694936519354,0.40751310951449615,1766201349.6960585
0.7543042898178101,3.264436960220337,0.501221776008606,-0.0003168989320403095,0.0004077709491598938,0.40880701552777027,1766201349.706009
0.7544882297515869,3.2644357681274414,0.5009576678276062,0.00015310347671377078,0.000695769266682279,0.4077341890841038,1766201349.7161117
0.754044234752655,3.2647533416748047,0.5011065602302551,0.0003750794967226676,0.000374970020860154,0.41009415756861484,1766201349.7260938
0.7544804811477661,3.264341115951538,0.5012012720108032,-7.729841808439666e-05,0.00019959133881730304,0.4076533401237135,1766201349.7360995
0.7544844746589661,3.264415740966797,0.5011955499649048,-0.00033325862145805425,0.00023091577588047453,0.4077104842766364,1766201349.7361503
0.7544841170310974,3.2643563747406006,0.5010376572608948,0.0003696479356325669,0.0006103258717514083,0.40781851357802407,1766201349.7460275
0.7543651461601257,3.2641663551330566,0.5010480284690857,-0.00019833842585479877,0.0009499174365307309,0.4087705207847529,1766201349.7560582
0.7544484734535217,3.2642762660980225,0.500994861125946,-0.00038611035974971353,0.0009832246673964402,0.4084210727535588,1766201349.7760592
0.7544955015182495,3.26417875289917,0.5010846257209778,-0.00011393340026698878,0.0008686426748381881,0.40818460137215395,1766201349.7760828
0.7545230388641357,3.26409912109375,0.5011036992073059,-7.711205247091175e-05,0.0008693608873787169,0.4083386758892225,1766201349.786126
0.7545084357261658,3.264190435409546,0.5012162923812866,0.00021317329203546134,0.0007110589744007198,0.4079987787809524,1766201349.7861764
0.7544712424278259,3.2642784118652344,0.5011484026908875,0.0004798110430857039,0.0006147255731135153,0.4083205442643551,1766201349.796058
0.7544305324554443,3.2643280029296875,0.5011496543884277,0.00033853732292080135,0.0008235551911264706,0.408343045299797,1766201349.8060462
0.7544505596160889,3.264348268508911,0.5010650753974915,0.0003406227652939308,0.0006943532662516823,0.4082444387933294,1766201349.8161001
0.7543467283248901,3.264395236968994,0.5013768672943115,-0.00011209116058048658,0.00040148869168165756,0.4082698855439751,1766201349.8261154
0.7544050812721252,3.2643842697143555,0.501313328742981,2.2090730928389012e-05,0.00024512816896980955,0.4078236798165367,1766201349.836119
0.7542797327041626,3.2644636631011963,0.5011882781982422,-0.0001948981683477974,0.0004457425932511457,0.40883093659337366,1766201349.8361688
0.7541918754577637,3.264643907546997,0.5010409951210022,-0.00036427410261747543,0.00040524950100232534,0.409113810244634,1766201349.846112
0.7543798089027405,3.2645223140716553,0.5008975863456726,0.0002652698483273982,0.0008700842362389243,0.4087561473214613,1766201349.8560698
0.7544236183166504,3.2644259929656982,0.5009841918945312,0.00024628907696614273,0.000787291045272914,0.40843423581008287,1766201349.8661273
0.7544604539871216,3.2643861770629883,0.5010200142860413,8.699399490616651e-05,0.0008323942543016174,0.4082464378875174,1766201349.8761032
0.7545375823974609,3.264305830001831,0.5013881325721741,-0.00014680197667995548,0.000159996301060054,0.4072450868424803,1766201349.886109
0.7545355558395386,3.2643563747406006,0.5013216733932495,2.7307894679758872e-05,5.763525121815415e-05,0.40756022877363474,1766201349.8861606
0.7544679045677185,3.264387845993042,0.50101637840271,-2.8891981946618355e-05,0.0008031356538151029,0.40841456476721444,1766201349.8960645
0.7544278502464294,3.2645280361175537,0.5010799169540405,0.00042545813797156915,0.0006792971651008766,0.40843564495370793,1766201349.9060714
0.754464864730835,3.2644259929656982,0.5012655854225159,-0.0003723730195112262,0.0003618653523590852,0.4077792084038408,1766201349.9161365
0.7543879747390747,3.2644565105438232,0.5013177394866943,-6.347249668824136e-05,0.0003872105889808395,0.4082355751035823,1766201349.9261112
0.7545738220214844,3.2642903327941895,0.501439094543457,-2.9089139048573544e-05,2.777025375323279e-05,0.4069542582424641,1766201349.9361033
0.7543425559997559,3.2645554542541504,0.501302182674408,-7.620120832407442e-05,0.00021438199697714126,0.4083883587120693,1766201349.936154
0.7544743418693542,3.2643563747406006,0.5010668635368347,9.706658373102423e-05,0.0006724420357809136,0.4080044929723495,1766201349.9460857
0.7543597221374512,3.2647111415863037,0.5010694265365601,-0.0002899715726949834,0.00023231626179382283,0.40778751834344656,1766201349.9561028
0.7544720768928528,3.2643232345581055,0.5013152360916138,-0.00022190698690244064,0.00015102809224803288,0.4074400355815448,1766201349.9660873
0.7542686462402344,3.264570713043213,0.5012459754943848,5.5015217476592366e-05,0.00034790078558233307,0.4084535700101683,1766201349.9761176
0.7543449401855469,3.2643115520477295,0.5013572573661804,-0.00020999391157301857,0.0003206854493606977,0.40838454027443793,1766201349.9860885
0.7544949054718018,3.264336347579956,0.5013574361801147,8.368154695684346e-05,-6.048103419126997e-06,0.40753005025205935,1766201349.9861388
0.7540844082832336,3.2647459506988525,0.5012090802192688,-1.224232262762191e-05,0.0003924704752403737,0.4100328349825502,1766201349.9960604
0.7543898224830627,3.2644166946411133,0.501315712928772,-2.448701334617288e-05,0.00032137115593813814,0.4081892278232092,1766201350.006028
0.754479169845581,3.264317035675049,0.5013547539710999,-0.000190045595111052,0.0001095135752230332,0.40791753022547594,1766201350.0161016
0.7541340589523315,3.2648794651031494,0.5010299682617188,0.0001263899903989417,0.000489904259433855,0.4095753368599684,1766201350.0260942
0.7543602585792542,3.2643649578094482,0.5012460947036743,-0.00015570725304539477,0.0003624525787072425,0.4081921551724494,1766201350.0361369
0.754499614238739,3.2642784118652344,0.5010684132575989,0.0002771175109952352,0.0007508566601523582,0.4079897820577012,1766201350.0361884
0.7543981075286865,3.264376640319824,0.5012961626052856,-0.00038289551665708263,0.00025176497817357835,0.40801089908961174,1766201350.046067
0.7544369697570801,3.2643401622772217,0.5013312101364136,-0.0001271071307986347,0.00022428165370081074,0.4076821303917785,1766201350.0561042
0.7542892694473267,3.26448655128479,0.5012444853782654,-0.00023996591852041896,0.0004159905478082495,0.40881023951198064,1766201350.0660672
0.7543352842330933,3.264439105987549,0.5012669563293457,5.694314731161267e-05,0.0002488172745966393,0.40825709721078174,1766201350.0761027
0.7543720602989197,3.2644643783569336,0.5011863112449646,-0.0002986787363426805,0.00037442983555554854,0.4078896218274433,1766201350.086086
0.7543690204620361,3.264518976211548,0.5009021162986755,-0.0002249589029202292,0.0009577375310870846,0.4083960050930728,1766201350.0861368
0.7541247606277466,3.2648582458496094,0.5010353326797485,0.0003782169491651211,0.0002947280122579326,0.40981474494907333,1766201350.0960572
0.7544575333595276,3.2642338275909424,0.5012608766555786,-0.000469114913711471,0.000318006705052824,0.4077215593036974,1766201350.1061301
0.754372239112854,3.264328718185425,0.5010368824005127,-2.6490313516006124e-05,0.0008109067881527342,0.4088506385341957,1766201350.1161213
0.754456639289856,3.264427900314331,0.5011019706726074,0.0005224374790602584,0.0006558732192720927,0.4080092558530288,1766201350.1261046
0.7546405792236328,3.264256000518799,0.501337468624115,-0.0002716744060206655,-1.3563307449433456e-05,0.4068633625845626,1766201350.1361282
0.7545584440231323,3.264314651489258,0.5013198852539062,-0.00016718832655998925,0.00017056863364231427,0.4074365128628462,1766201350.1361778
0.7545234560966492,3.2642481327056885,0.501097559928894,0.0001586689440136867,0.0007228528628632524,0.4078603837838829,1766201350.1461008
0.754524290561676,3.2642152309417725,0.5010817646980286,-6.009389697254312e-05,0.0007140458673003442,0.40796245988043534,1766201350.156118
0.7543878555297852,3.2642970085144043,0.5013585686683655,-8.581352431605226e-05,0.00022537641755922876,0.408336385125132,1766201350.166125
0.7547727823257446,3.2642264366149902,0.5014564990997314,6.376074824214999e-05,-4.678144100152064e-05,0.40569212902573604,1766201350.1760995
0.7544633150100708,3.26426100730896,0.5013400316238403,-0.00018455293973394888,0.00016470190047602605,0.40758214826994643,1766201350.186115
0.754391074180603,3.264403820037842,0.5009631514549255,7.86501511175034e-05,0.0008432358703031436,0.40836267664760323,1766201350.1861634
0.7543864250183105,3.26432204246521,0.5010233521461487,0.00023462211920793059,0.0006911968923579859,0.4081734799010266,1766201350.196074
0.7544984817504883,3.2641780376434326,0.5013319253921509,-0.0003128251915931923,7.785734628938041e-05,0.4070319127452371,1766201350.2061083
0.7541918754577637,3.264775037765503,0.5011022686958313,-1.4448883394127312e-05,0.00048163089920288433,0.4092254881451609,1766201350.2161305
0.7540301084518433,3.264899969100952,0.5011110901832581,6.585111237717147e-05,0.000527290282545219,0.41056989047782033,1766201350.2260647
0.7544624209403992,3.264390707015991,0.5012859106063843,-0.0002480875808271524,0.00028395019706785644,0.40832950829787773,1766201350.2361033
0.7543933987617493,3.2643990516662598,0.5009829998016357,-0.00019369850041028156,0.0010149727298416464,0.4088890339422691,1766201350.2361534
0.7544519305229187,3.2641360759735107,0.5013374090194702,-0.0005936879181452228,0.00045059289274998465,0.4081213221558175,1766201350.2460673
0.754568874835968,3.264242649078369,0.5013746619224548,-8.108595069215109e-05,0.00011509368652171238,0.40716629951520333,1766201350.2561097
0.7543723583221436,3.2643399238586426,0.5012999773025513,-0.00010245289978135412,0.00028140994113418717,0.4084275991816638,1766201350.2661057
0.7544788718223572,3.2641749382019043,0.5010809898376465,-2.7691751981511395e-05,0.0007724083388729119,0.40843441999515273,1766201350.2760544
0.7545376420021057,3.264194965362549,0.5013507008552551,-0.00041138844481457515,0.00017297612348475972,0.40737543105488544,1766201350.2861028
0.7539843916893005,3.2648751735687256,0.501033365726471,-0.00026654241536639556,0.0008702650298804295,0.4108832715388697,1766201350.2861533
0.7544088959693909,3.2644011974334717,0.5010185241699219,0.0003316338151645615,0.0009095642062328068,0.4084437232327605,1766201350.296064
0.7544568181037903,3.2644705772399902,0.5010011196136475,0.0001506320825797393,0.0008796784401667363,0.40817991278213955,1766201350.3061159
0.7544749975204468,3.2646567821502686,0.5010020732879639,0.00016609740848236542,0.0008767619147833079,0.40830220030468656,1766201350.316134
0.7544698715209961,3.2646634578704834,0.5008887052536011,7.486003021866188e-05,0.0007848976125821946,0.4085393572599442,1766201350.3261342
0.7543998956680298,3.2644712924957275,0.5012199878692627,-0.00010087598048170865,0.0003206884568483314,0.4082546667702326,1766201350.336056
0.7542749047279358,3.264528274536133,0.5013059973716736,-7.6271454910312e-05,0.00033348268135487336,0.40918859591405077,1766201350.3460991
0.7542428970336914,3.264719247817993,0.5011719465255737,0.00015662102870673492,0.0002702745826447017,0.4090538953308528,1766201350.3461478
0.7545962333679199,3.2642951011657715,0.5010559558868408,0.0002080720792663467,0.0006793832691720801,0.4076580959991163,1766201350.3560143
0.7545388340950012,3.2642605304718018,0.5011228322982788,0.00011408015066878476,0.0006964042387007888,0.40819496041613884,1766201350.3660755
0.7546324729919434,3.2642436027526855,0.5013926029205322,-0.00011730291298035918,8.125591374031383e-05,0.4071690277245629,1766201350.3760166
0.7545483708381653,3.2643606662750244,0.5013521313667297,-0.00020230548197065586,0.000219356286530514,0.4080133031143645,1766201350.3860972
0.7545498013496399,3.2643606662750244,0.5010367035865784,-6.216072335148621e-06,0.0007694413801832467,0.40803102264498164,1766201350.3861477
0.7543625235557556,3.2643909454345703,0.5012910962104797,-0.00030235922783591586,0.00035231938501490144,0.4086489227545618,1766201350.3959465
0.7542027831077576,3.2645254135131836,0.5012213587760925,-0.00016643874176248198,0.00039486112010918235,0.40929827227900856,1766201350.406049
0.7543641328811646,3.264277458190918,0.5009297728538513,-0.00038218349909521586,0.001017559901318699,0.408806705615674,1766201350.4160392
0.754570484161377,3.2641820907592773,0.5013132691383362,-0.0002136960495453554,7.272804155605386e-05,0.40689347714795854,1766201350.4260588
0.7542852759361267,3.264439344406128,0.5009425282478333,-9.758726770656777e-06,0.0009109284805816945,0.40892417300153744,1766201350.436095
0.754477858543396,3.2642822265625,0.5012384653091431,-0.00032525149785013057,0.00030498833694868457,0.407477824508779,1766201350.4460917
0.7546100616455078,3.2641284465789795,0.5014287233352661,-5.611406236793472e-05,-1.4478318278426908e-05,0.4066913593474132,1766201350.446147
0.7544264197349548,3.264455795288086,0.5013130903244019,-4.3180433853468955e-05,0.0002313483123574826,0.4078590816246104,1766201350.4559917
0.7545012831687927,3.2643017768859863,0.5013274550437927,-0.00014706704544652214,0.00013433878445866194,0.4075583945939947,1766201350.4661055
0.7544661164283752,3.264282703399658,0.5012491941452026,-0.0004167057757843665,0.00031772721208268384,0.40788274518400114,1766201350.4760568
0.7545600533485413,3.264172315597534,0.5013402104377747,-0.00028596329367713196,0.00013393552568544752,0.40736806586464613,1766201350.4860535
0.7545581459999084,3.2640390396118164,0.5014176964759827,-0.0005692566137985689,0.00036070482395237654,0.407426460483851,1766201350.4861026
0.7545686960220337,3.2641212940216064,0.5014855861663818,-2.0753983315850317e-05,2.2250169451006434e-05,0.40716257952750184,1766201350.4960177
0.754128634929657,3.2645392417907715,0.5012822151184082,3.245100934179572e-05,0.0004059728183054213,0.4098123277476617,1766201350.5060437
0.7544469237327576,3.2641239166259766,0.5013871192932129,-0.00020478304450646727,0.0002128482735129075,0.40761047151749924,1766201350.5160909
0.7543317079544067,3.264409303665161,0.501247763633728,-0.00017329216955622713,0.00030335059959066924,0.40877267484829044,1766201350.5261447
0.7542321681976318,3.2645506858825684,0.5012175440788269,3.9234755591145686e-05,0.0003721548018673172,0.4087919790956303,1766201350.5360694
0.7541029453277588,3.264693260192871,0.5011225342750549,-0.00011423936255435641,0.0005376204721022245,0.40936670646537315,1766201350.5361192
0.7543210387229919,3.2644848823547363,0.5012308359146118,-7.858198115570945e-05,0.00021759925430202276,0.4085519963421348,1766201350.5460286
0.7544954419136047,3.2644572257995605,0.5009967088699341,0.00015024739964638378,0.0007349459543963725,0.40770085761260877,1766201350.5560584
0.754514753818512,3.264364719390869,0.5009876489639282,0.0003219314991915871,0.0006627599086080772,0.40783158299077954,1766201350.5660605
0.754496693611145,3.2643637657165527,0.5009770393371582,-1.353798330765903e-05,0.0007493781743877775,0.4080173315503575,1766201350.5760684
0.7544022798538208,3.264317035675049,0.5012580752372742,-0.0006611537684217351,0.0004180310041765684,0.4081871191147005,1766201350.5860388
0.7542219161987305,3.2644922733306885,0.5013064742088318,-0.00017136835528983984,0.0004613435201477881,0.40926232574282023,1766201350.5960808
0.7544476389884949,3.264341354370117,0.5014813542366028,0.00012662789027395035,0.0001040746497340522,0.4083038508871292,1766201350.596131
0.7545076608657837,3.264218330383301,0.5010762810707092,-0.0001595057099586255,0.0008991400336968999,0.40821889478426576,1766201350.605999
0.7546076774597168,3.2641305923461914,0.501416802406311,-0.00022394299233046395,0.00016138876162009245,0.40716498795742245,1766201350.6161072
0.7546232342720032,3.2640950679779053,0.5014271140098572,-0.0003643504031815167,0.00017014969210258819,0.4069524574084245,1766201350.6260915
0.7545385956764221,3.264328956604004,0.5013676285743713,4.676654254499809e-05,1.2157890887907691e-05,0.4075256208078579,1766201350.6360953
0.7545129656791687,3.2643160820007324,0.5013075470924377,-0.0005430700519809043,0.00023671479718507274,0.4071950849465286,1766201350.6361444
0.7545058727264404,3.264234781265259,0.5012748837471008,-0.0003518130129222963,0.00022252375916032748,0.40737831568061533,1766201350.64596
0.7544344663619995,3.264409065246582,0.5009132623672485,-2.8366344965608497e-05,0.0008126449657766118,0.4084084089471759,1766201350.6561408
0.7545148134231567,3.264397621154785,0.501196563243866,-0.00028525579727305936,0.00023889762461304904,0.40734350898465993,1766201350.6660821
0.7543107867240906,3.2643795013427734,0.5012836456298828,-0.0002908793739096511,0.0003844221973227978,0.40828952634215687,1766201350.6760871
0.753873348236084,3.264784574508667,0.5010446310043335,-0.00023783745056359256,0.0008382328098839415,0.41121493992551267,1766201350.6860838
0.7545909881591797,3.264345407485962,0.501400351524353,2.280376572701996e-05,-5.95633873909385e-05,0.4068401556228793,1766201350.6960871
0.754409909248352,3.2643747329711914,0.5013007521629333,-0.00024896231529133864,0.00027491118174105707,0.4081635274927797,1766201350.696135
0.754386305809021,3.2643508911132812,0.5013054609298706,-0.00021018656836596468,0.00029667890842806545,0.40846282690915897,1766201350.7059817
0.754520058631897,3.264130115509033,0.5013832449913025,-0.0005662502543452928,0.00033602321874076055,0.4075706602761062,1766201350.7161393
0.7545506954193115,3.264190673828125,0.5013665556907654,-0.0004087569735160356,0.00018817742930237838,0.4074587642410158,1766201350.7261028
0.7544625997543335,3.2641849517822266,0.501076877117157,7.700908316521179e-06,0.0008732350996385093,0.40832392542256263,1766201350.7361097
0.7544708847999573,3.2641687393188477,0.501379668712616,-0.00039250353258979734,0.0003064672629932194,0.4078663154826521,1766201350.7361598
0.754689633846283,3.264252185821533,0.5013672709465027,1.3572754670624501e-05,-7.562061621968454e-05,0.40625700125437325,1766201350.746071
0.7544562220573425,3.264378547668457,0.5012750625610352,8.060079689136103e-05,0.00011556792606829694,0.4077655145600518,1766201350.756078
0.7544192671775818,3.264342784881592,0.5009536743164062,-7.334774854654808e-05,0.0008882588671025955,0.4083553118610051,1766201350.7661023
0.7544986009597778,3.264251232147217,0.5013010501861572,-0.0003908771459854445,0.0001677798262834536,0.40713777150953484,1766201350.7761068
0.754463791847229,3.264387607574463,0.5012190937995911,-0.00015218427407894057,0.0001547283963579092,0.4077307980581486,1766201350.7861211
0.7544211149215698,3.264310836791992,0.5010495781898499,0.0001908187835018225,0.0008989650992906558,0.40832782493585384,1766201350.7961369
0.754335343837738,3.2645232677459717,0.5012912750244141,5.571346270300942e-05,0.0003081269933607921,0.40855290813803824,1766201350.7961857
0.754306435585022,3.264411449432373,0.5012624263763428,-0.0002782617390658722,0.00042632248424230346,0.4086603972328395,1766201350.8060708
0.7544286847114563,3.26420521736145,0.5013062953948975,-0.00023800792014110858,0.0002605896625852974,0.4078414917324419,1766201350.8159583
0.7545078992843628,3.2643561363220215,0.5010792016983032,0.00015005468686601846,0.0006800149456718533,0.4078497916408879,1766201350.8260856
0.7545415759086609,3.264462471008301,0.5010817050933838,0.0002724423651456591,0.0006838472301062086,0.4078173315790318,1766201350.8361104
0.7544070482254028,3.264275550842285,0.5010917782783508,-4.033912003134108e-05,0.0009410400478626304,0.4085948888183364,1766201350.8361628
0.7543883323669434,3.2643728256225586,0.5010400414466858,-5.5634886028806696e-05,0.0009316048629152625,0.40869561177177044,1766201350.846082
0.7544397115707397,3.2644243240356445,0.5010740756988525,0.00018291587676423063,0.0007510795788887243,0.4084967413121032,1766201350.8560965
0.7544838190078735,3.2642383575439453,0.5013425350189209,-0.0005579871108304129,0.0003596466419847636,0.4078095572299753,1766201350.8659587
0.7545788884162903,3.2643492221832275,0.5012900829315186,-0.00043179230143363393,0.00015391457560752942,0.40671258987381653,1766201350.8759694
0.7543491125106812,3.26438045501709,0.5011526942253113,-0.000514062031458123,0.0004955641706028711,0.4080934364561529,1766201350.8861318
0.7544313073158264,3.264451265335083,0.5011823773384094,-0.000214294595783109,0.000220630825832346,0.4074387254638826,1766201350.8861868
0.7541938424110413,3.2646665573120117,0.5011336207389832,-5.892596205776209e-05,0.0004291378584460194,0.40912631991977166,1766201350.896068
0.7535545825958252,3.2650725841522217,0.5009249448776245,0.00012935491949855193,0.0010779992953722456,0.41292422883237606,1766201350.9060397
0.7545115351676941,3.264333486557007,0.5010102987289429,0.00017283585827119907,0.0006230083310377186,0.4078295023413569,1766201350.9160564
0.7544177174568176,3.2643485069274902,0.5009874701499939,2.987698076607842e-05,0.0007781557529655867,0.40843990783471984,1766201350.9261043
0.7544654011726379,3.2642974853515625,0.5013432502746582,-0.000257548326206152,0.00018244574799597678,0.4078098725997698,1766201350.9360998
0.7544476389884949,3.2643344402313232,0.5013788342475891,2.965638158673133e-05,0.0002927725350238775,0.40767450976305014,1766201350.936149
0.7544422149658203,3.264183282852173,0.501124918460846,0.00015985222611754235,0.0007713440962530393,0.4082281798998634,1766201350.9460723
0.7544808387756348,3.264292001724243,0.5011234879493713,0.00019650271242244087,0.000645092539385746,0.40831744515544527,1766201350.956086
0.7543590664863586,3.264350175857544,0.5013917684555054,0.00011790607967988936,0.00014966836166249595,0.4085552863570455,1766201350.9660904
0.7545820474624634,3.2641289234161377,0.5013868808746338,-0.0001557298191821557,-1.923777551224003e-05,0.40708262446911414,1766201350.9760828
0.7543743252754211,3.264153480529785,0.5011106729507446,0.00011743025569520908,0.0007873548553429447,0.40877283490810207,1766201350.9861007
0.7543837428092957,3.2643556594848633,0.5009663701057434,-0.00010661021191420675,0.0009966411247938035,0.40833578718596125,1766201350.9861505
0.754185140132904,3.2647464275360107,0.5010802745819092,-4.613270535482125e-06,0.00034917958715996754,0.40938435861384814,1766201350.996048
0.7544241547584534,3.2643046379089355,0.5012922883033752,-0.000294353675020922,0.00023869999054056338,0.40779499110325107,1766201351.0060415
0.7543737888336182,3.264378309249878,0.5010054111480713,0.00010057976352327949,0.0008920598689167126,0.4083660727187141,1766201351.0160878
0.7542619109153748,3.2643468379974365,0.5009473562240601,-0.000313105328506666,0.0010537703722721368,0.4090727706247767,1766201351.0260475
0.7543832063674927,3.264353036880493,0.5013235211372375,0.00014901462034670762,9.31208008513177e-05,0.40815642555303666,1766201351.036128
0.7543418407440186,3.264408826828003,0.5013419389724731,0.00012721900209021583,0.0002120371166042429,0.40841494506250053,1766201351.0361772
0.754351019859314,3.2641563415527344,0.5010757446289062,-3.7135032948932254e-05,0.0009056827263473709,0.40848736816621284,1766201351.046039
0.7544376850128174,3.264225482940674,0.5014257431030273,0.00014126015690737851,2.8182415102568023e-05,0.40764739324634297,1766201351.056003
0.7544530034065247,3.2640628814697266,0.5014581680297852,-0.00017846627131828097,0.0002008199585281681,0.40773776997865724,1766201351.0661151
0.7543210387229919,3.2641994953155518,0.501390814781189,-0.0005093004227310759,0.0003476138163298579,0.4083730049204191,1766201351.0760868
0.7545666694641113,3.2641730308532715,0.501465380191803,0.00022133628254850148,-0.00011663899028799771,0.40702021713567016,1766201351.0860496
0.7546683549880981,3.264359474182129,0.5011543035507202,0.0005810369419325803,0.0003449103699900893,0.40708243130291705,1766201351.0860984
0.7542057633399963,3.2648561000823975,0.5011591911315918,0.00019575814270834618,0.00028049686637947134,0.4093141263823331,1766201351.1060627
0.7546270489692688,3.264281749725342,0.5013210773468018,-0.00026442311352627406,0.0001328550816680794,0.4069397354034708,1766201351.1060784
0.7542780637741089,3.2646751403808594,0.5011528134346008,-8.550792210238039e-06,0.00029268624218772773,0.4089582683591565,1766201351.1160746
0.7543533444404602,3.264436721801758,0.5010009407997131,-2.6848298657188394e-05,0.0010139220357198292,0.4089818057181261,1766201351.1261032
0.7543630599975586,3.264441728591919,0.5010168552398682,-6.463703751455446e-05,0.0009031594532712692,0.4088837592196756,1766201351.136075
0.7545160055160522,3.2644002437591553,0.5012416243553162,-0.0003941114588637923,0.0002792328299482167,0.40726816553946193,1766201351.136125
0.7544481158256531,3.264354705810547,0.5009614825248718,-9.320965280693617e-05,0.0009180809090606023,0.40828226457590333,1766201351.1460707
0.754534900188446,3.2643930912017822,0.5010761022567749,0.0005125332039414343,0.0005053340576158263,0.4077578492044123,1766201351.1560726
0.7544200420379639,3.2643380165100098,0.5010348558425903,-5.81710466638264e-05,0.0007626390447298844,0.4084073527081865,1766201351.1661003
0.754431962966919,3.2642152309417725,0.5010592341423035,0.00020824836118080105,0.0008554311225730337,0.40858979398573836,1766201351.1761208
0.7547165751457214,3.264082670211792,0.5013644695281982,-0.00027270330365298384,3.511217286724877e-05,0.40649712498451945,1766201351.186129
0.7544293403625488,3.2642617225646973,0.5014113783836365,0.00012485394573245867,0.00017883943137900427,0.40799160528371786,1766201351.1861775
0.7544101476669312,3.2642714977264404,0.501008152961731,-0.0003760680215609175,0.0009892259916108163,0.40876449653245295,1766201351.2060368
0.7545327544212341,3.264247417449951,0.5012995004653931,-0.0003568146817800492,0.0003137902175149911,0.40762924606299555,1766201351.2060528
0.7543995380401611,3.264512300491333,0.5012259483337402,-4.8757304499811e-05,0.00015401058195034287,0.4078332427418933,1766201351.2160733
0.7544697523117065,3.2644217014312744,0.5009812712669373,9.222299784552593e-05,0.0007691116095897259,0.40822589244896956,1766201351.226087
0.7543847560882568,3.264533281326294,0.5011582970619202,-0.00010531967491243555,0.00030904879066469336,0.40817404874604235,1766201351.2361188
0.754431962966919,3.2644810676574707,0.5009421706199646,0.00022813811380256692,0.0007127261619008934,0.408213237098867,1766201351.2361686
0.7543858289718628,3.264444589614868,0.5008633136749268,-0.00019309900945216492,0.0010109158456893756,0.40847559257483645,1766201351.2461026
0.7543838620185852,3.2642979621887207,0.5010340809822083,3.904500309059813e-05,0.0007154714968249004,0.4084442284055106,1766201351.256091
0.7545104622840881,3.2643091678619385,0.5012824535369873,-0.000384482635119591,0.00022798999542681945,0.4074373144818661,1766201351.2660987
0.7543301582336426,3.2642924785614014,0.5013599395751953,-0.000491851283861615,0.00043928278760000094,0.40856656747540326,1766201351.2761362
0.7545568346977234,3.2643444538116455,0.5011087656021118,0.00027566808236998227,0.0006009683729042434,0.4076163867979429,1766201351.286103
0.7543841600418091,3.2642741203308105,0.5010290145874023,-0.00021328577963163149,0.0008811099724896575,0.4087574988223726,1766201351.28616
0.754503607749939,3.264266014099121,0.5010879039764404,0.00010769240580581956,0.0007729292910085184,0.4082606278300791,1766201351.2960494
0.7545197606086731,3.264240026473999,0.5014240145683289,-0.00036020257791275764,0.00025521273658823246,0.40792527477672047,1766201351.3060706
0.7546164393424988,3.264345645904541,0.5013360977172852,-0.00014984815141777676,0.00013235395137700743,0.40691398539959683,1766201351.3160942
0.7544435262680054,3.264313220977783,0.5010865926742554,0.00014522530068265143,0.0006960855130711366,0.4083660200352647,1766201351.3261058
0.7544523477554321,3.2643024921417236,0.5010374188423157,0.00024035213693577686,0.0007743809102972209,0.4081391712202303,1766201351.3360574
0.754436731338501,3.264430046081543,0.5010185241699219,0.00017735595489148882,0.0006958187535065761,0.4082253158712165,1766201351.3361084
0.7544232606887817,3.2644286155700684,0.5010006427764893,5.960181738724705e-05,0.0007757681070108345,0.4083821657180722,1766201351.3460357
0.754397988319397,3.2641329765319824,0.5013391971588135,-0.00029566441006232644,0.00030900402937682463,0.4078572174261439,1766201351.3560724
0.7545738220214844,3.264298439025879,0.5012045502662659,-0.00017198342138637334,5.6313936418137857e-05,0.4069317637518484,1766201351.366105
0.7544750571250916,3.264378547668457,0.5009824633598328,0.0002024994669598446,0.0005864360169126909,0.40789074850319773,1766201351.3761473
0.7544731497764587,3.2642903327941895,0.5012586712837219,-0.00029350862819645687,0.00018798676439607182,0.40778769954804434,1766201351.3861303
0.7544275522232056,3.264429807662964,0.5013754367828369,0.00013686889678911495,8.722092725250585e-05,0.40809377408885367,1766201351.3861804
0.7544732689857483,3.2644100189208984,0.5009799599647522,-0.00015770412560442253,0.0007945135203769112,0.4083232857720518,1766201351.3960917
0.7544165253639221,3.264341354370117,0.5010459423065186,-7.527061137117701e-05,0.0008329124494601086,0.4084557511518631,1766201351.4061265
0.7545107007026672,3.26424241065979,0.5011234283447266,4.732398753934814e-05,0.0007211753612718037,0.4080600673330607,1766201351.416075
0.7546165585517883,3.264220714569092,0.5013821125030518,-0.000210755672536122,0.00013069171033689125,0.4071293150578933,1766201351.4260526
0.7544283866882324,3.264301061630249,0.5013705492019653,-4.5007847796026553e-07,0.00016794681687281026,0.4078198498916845,1766201351.4360895
0.7543420791625977,3.2642855644226074,0.5010965466499329,1.0818035453377942e-05,0.0007953408789016813,0.4090102993685776,1766201351.4361384
0.7544476985931396,3.2643773555755615,0.5012733936309814,-0.00012109268037790759,0.00015168479808276336,0.40789194894634234,1766201351.446035
0.7543516755104065,3.2644243240356445,0.5009490251541138,-8.878840228039551e-05,0.0009207317240321537,0.40881403150341394,1766201351.4560063
0.754497230052948,3.2644336223602295,0.5009301900863647,0.0002844221090574241,0.0007374411266129956,0.407893161938843,1766201351.4660892
0.754384458065033,3.2644200325012207,0.5009893774986267,2.208165908014894e-05,0.000880705908421497,0.40867461659730303,1766201351.4760654
0.7543531656265259,3.2645092010498047,0.500917911529541,0.00013497302469303097,0.0008239560260118383,0.40885070986245814,1766201351.4861064
0.7542622089385986,3.2645201683044434,0.5011457800865173,-0.00027278354506848993,0.00028315776517417367,0.40884506255329944,1766201351.4861555
0.7545080184936523,3.264477252960205,0.5009899139404297,0.0003637330511619518,0.0006348086249563779,0.40784997281080093,1766201351.4961317
0.7544822096824646,3.264366865158081,0.5010193586349487,-5.47224711227946e-05,0.0007736116793087692,0.40795035675401164,1766201351.5160906
0.7544638514518738,3.264373302459717,0.5010715126991272,0.00018496391208037058,0.0008375331272853961,0.40838922226224633,1766201351.5161405
0.7545006275177002,3.2642359733581543,0.5010744333267212,-5.960121720242832e-05,0.0007785253500527117,0.4083004659117909,1766201351.5260568
0.7545135021209717,3.2643654346466064,0.5010688900947571,0.0003410318457157291,0.0006625274604789899,0.4079950230175618,1766201351.5360894
0.7543431520462036,3.2644920349121094,0.501324474811554,-0.0002670137213290903,0.00033394003646362603,0.40878339331663655,1766201351.536138
0.7544089555740356,3.264340400695801,0.5012834072113037,-0.0003779364487884816,0.00037241563722845925,0.40790488077899834,1766201351.546041
0.7544081807136536,3.264284610748291,0.500976026058197,-0.00015441719035396372,0.0009483799689829917,0.40858965587637025,1766201351.5560515
0.7544018626213074,3.2644033432006836,0.5010292530059814,0.00016726328602245836,0.0008252003923494419,0.40839159180793416,1766201351.5661068
0.7544732689857483,3.264413595199585,0.5010067224502563,4.98763960337583e-05,0.0008852860212262147,0.4082680724120805,1766201351.5760727
0.7541104555130005,3.2647414207458496,0.5010766983032227,-0.00011575252298895332,0.00044576937865879854,0.4095620536533727,1766201351.5860562
0.754426896572113,3.264258623123169,0.5012825727462769,-0.000139106262552755,0.00019248429014641211,0.4076261085973915,1766201351.5860724
0.7544050812721252,3.264378309249878,0.5009530186653137,0.0002775471969652937,0.0007611424369275215,0.4080991057792887,1766201351.5960133
0.7544523477554321,3.264469623565674,0.5012538433074951,-0.00024189181113028348,0.00030353461719631066,0.407556952846336,1766201351.6061342
0.7544055581092834,3.2643730640411377,0.5013598799705505,2.9923066924920664e-05,0.00017026051683918407,0.40780808017435743,1766201351.616063
0.7544172406196594,3.264256000518799,0.5010944604873657,0.00026716726682235806,0.0007613662175852483,0.4084429253730554,1766201351.626057
0.7546195983886719,3.2641549110412598,0.5014054775238037,1.639163810224245e-05,3.1346967905816463e-06,0.4068660840030762,1766201351.6361165
0.7543749213218689,3.2643747329711914,0.501397430896759,-7.618924992233004e-05,0.00017957047759687675,0.4085324355648454,1766201351.6361666
0.7545008063316345,3.264298915863037,0.5010673403739929,-0.00014584326808322334,0.0008228184018312714,0.40815805031595986,1766201351.6460657
0.7545267343521118,3.264223098754883,0.5011089444160461,-3.085711519851375e-05,0.0006817754585384186,0.4079567617683877,1766201351.6560433
0.7545804977416992,3.2641448974609375,0.5013664960861206,-7.034379728367112e-05,-3.2273868223289614e-06,0.4070128244330674,1766201351.6660664
0.7544190287590027,3.2644143104553223,0.5014225244522095,0.0001700712994457757,0.00013455085278458442,0.4078471456037945,1766201351.676091
0.7543734908103943,3.26415753364563,0.5013707280158997,-0.00048474731752774384,0.0003882952841880203,0.40781058492860395,1766201351.6861312
0.7544057369232178,3.2642478942871094,0.501335859298706,7.894638361161266e-05,0.000131162673310208,0.4076706250352685,1766201351.6861806
0.7541158199310303,3.2646355628967285,0.5010802745819092,-0.0004133440829988031,0.0005140137311367486,0.4095100303537422,1766201351.6960597
0.7534869909286499,3.265136480331421,0.5008761286735535,0.0002214274565519929,0.0011920529244207338,0.41342229496497923,1766201351.7060158
0.7537124156951904,3.2648861408233643,0.5010252594947815,1.9394057577432027e-05,0.0009094831129948281,0.41199721039391035,1766201351.7161233
0.7544260621070862,3.2643275260925293,0.5011982321739197,-0.0004915166649043497,0.00029982944893383373,0.4077621293145488,1766201351.7261233
0.7541217803955078,3.264681339263916,0.5010917782783508,-9.400143930744086e-06,0.0004908107143224876,0.4097770743666046,1766201351.736094
0.7545650601387024,3.2642784118652344,0.501279354095459,-0.00020544182876288636,0.00026479162449064567,0.40722825620825237,1766201351.7361429
0.7545504570007324,3.264310598373413,0.5013173818588257,-0.0001370258977669977,1.2549008321330551e-05,0.40752417050126893,1766201351.7461312
0.7545731067657471,3.2641782760620117,0.5013688802719116,-0.00022283843225417066,0.00012203170353480838,0.40724543522912776,1766201351.7561307
0.7545154094696045,3.264249801635742,0.5014002919197083,-0.00034120489534713515,0.00021924516781826202,0.40753730209627687,1766201351.7661064
0.7543761730194092,3.264209747314453,0.5014247298240662,-0.00034363187871525903,0.0003518435759349465,0.4084284478040714,1766201351.7761002
0.7546047568321228,3.2640788555145264,0.5014874935150146,-0.00018179538360044793,5.8601490484297244e-05,0.40728453932096714,1766201351.7861207
0.7544795274734497,3.264214277267456,0.5011050701141357,-8.839178443181238e-05,0.0008250599722668208,0.4079327242480576,1766201351.7861705
0.7544761896133423,3.264272689819336,0.5013236999511719,-0.0001123966138067791,9.752112751262038e-05,0.4074430327458231,1766201351.7961335
0.7542757391929626,3.2644543647766113,0.5012421011924744,-0.0002221146472973705,0.0003786097612664327,0.40892182576103175,1766201351.8061092
0.7542782425880432,3.264624834060669,0.5011571049690247,-4.163422121547409e-05,0.0001612008936957292,0.40879220688013473,1766201351.816123
0.7542787194252014,3.2644355297088623,0.5012664794921875,-0.00024410113762196782,0.0002707364985420391,0.40854268421085327,1766201351.826129
0.7543475031852722,3.264420509338379,0.500866711139679,-0.00017605548699968935,0.0009563645887158304,0.40860631413226933,1766201351.8361034
0.7544853687286377,3.264319658279419,0.5013289451599121,-4.911616715674636e-05,7.105314814515998e-05,0.40746589577995074,1766201351.8361537
0.7544583082199097,3.264199733734131,0.5013459920883179,-0.00038044989543945933,0.00022140777618181263,0.4076230114928263,1766201351.8460724
0.754427969455719,3.264216661453247,0.501056969165802,0.00029367035181747847,0.0007614563235342528,0.4079947934140598,1766201351.8560417
0.7543967962265015,3.2641899585723877,0.5010474920272827,2.679826663785134e-05,0.0008524471622110303,0.40830084572008507,1766201351.866046
0.7543182373046875,3.2642123699188232,0.5011873841285706,0.0001391559244659356,0.0009041499577339778,0.40875389195282585,1766201351.8760982
0.7544349431991577,3.2642810344696045,0.5013573169708252,-8.671021710984638e-05,0.0001628053380570189,0.40781449411762105,1766201351.886124
0.7545956373214722,3.2645962238311768,0.5013160705566406,2.2143845975648584e-05,3.2268857078205794e-05,0.40815161464480487,1766201351.8861732
0.7546166181564331,3.264451026916504,0.5010420680046082,-3.942766681007955e-06,0.0007983673151848157,0.4078236895856068,1766201351.8960605
0.7544946670532227,3.264214515686035,0.5013214945793152,-0.00030621276103274327,0.00023324774503993918,0.40790341296067684,1766201351.9060416
0.7544510364532471,3.264321804046631,0.5012795329093933,-0.00025321816809363074,0.0003428222148682468,0.4076977147546358,1766201351.9261072
0.7544982433319092,3.2642815113067627,0.5013492703437805,-0.0002190076300296754,0.0001205719643572828,0.4075172143293453,1766201351.9261575
0.754460871219635,3.264467716217041,0.5012614727020264,0.00021387371572779992,1.6441762692125988e-05,0.4072120638857023,1766201351.9360845
0.7543609738349915,3.264482021331787,0.500949501991272,8.354652183602637e-05,0.0008440585710387749,0.40838542132326366,1766201351.9361327
0.754420816898346,3.2644708156585693,0.5008956789970398,-2.875219690779099e-05,0.0008446425664113322,0.4082335132505939,1766201351.9460328
0.7541281580924988,3.2646355628967285,0.501137375831604,-0.00017452959653875322,0.00046534696330278964,0.4093587071785688,1766201351.9560597
0.7536561489105225,3.264954090118408,0.5009467601776123,-0.0001145697823057373,0.0011220047862872003,0.4124196871435598,1766201351.9660504
0.7541874051094055,3.264662981033325,0.5011573433876038,8.435677222315332e-06,0.0003166007612118648,0.4092979854898899,1766201351.9760518
0.7544761896133423,3.2642831802368164,0.5012941360473633,-0.00024535171052151905,0.0004181422034838991,0.4078476615189747,1766201351.9861112
0.7544249892234802,3.2642881870269775,0.5010393261909485,-0.00021553547509755178,0.0008278626118633241,0.408973886616792,1766201351.9861598
0.7544920444488525,3.264251947402954,0.5010652542114258,5.6825287391809913e-05,0.000761879055546743,0.4082338096930059,1766201351.9960308
0.7545498013496399,3.2642228603363037,0.5014087557792664,-9.124283273586276e-05,0.00014037046837294564,0.4072853744965643,1766201352.0060458
0.7543906569480896,3.264375686645508,0.5013110637664795,-0.00015560128776259213,0.00025235317072896984,0.4081975417155868,1766201352.016068
0.7545616626739502,3.2644011974334717,0.5010942816734314,0.000236502038384526,0.000670682383478533,0.4074890544238954,1766201352.026066
0.7543963193893433,3.2644364833831787,0.5013261437416077,4.47948188163635e-05,0.00021775136818813566,0.40820011932984457,1766201352.0360749
0.7544987201690674,3.2644951343536377,0.5012096166610718,-0.00011279853457358207,0.00011544750491892825,0.4074548039950562,1766201352.0361228
0.7543985843658447,3.2645137310028076,0.5008841156959534,-7.523312603252304e-05,0.0008920306958483999,0.40850332526351596,1766201352.0460792
0.7543269395828247,3.264601230621338,0.5012296438217163,2.2001697798359176e-05,8.073982641061197e-05,0.40853160699699903,1766201352.056102
0.7543587684631348,3.2644548416137695,0.5012006759643555,-0.00019779539509479245,0.0002198096591284839,0.4084261719046192,1766201352.0661345
0.7545714378356934,3.264336585998535,0.5013014674186707,9.608705282566568e-05,7.041098756984254e-05,0.40690454616012967,1766201352.0760868
0.7543943524360657,3.2643141746520996,0.5009685158729553,-6.817758343041136e-05,0.0008911152738197047,0.4085489011512654,1766201352.0860837
0.7544727325439453,3.26448392868042,0.5009875893592834,-4.5124243257478875e-05,0.0007943330510851864,0.4082269430212522,1766201352.0861297
0.7544633746147156,3.264317512512207,0.5010473728179932,-0.00011201381094285097,0.0009553929102716617,0.40856357781792435,1766201352.0960624
0.7544381022453308,3.2642271518707275,0.5010879039764404,-0.00018540230306132016,0.0009947843238011713,0.4086894137373715,1766201352.1060321
0.7545055747032166,3.264253616333008,0.501059889793396,-3.1224505855803797e-05,0.0008460487183549108,0.40807445004581727,1766201352.116101
0.7545398473739624,3.2642173767089844,0.5011211037635803,0.00018002443133905314,0.0007313496639282395,0.4078715034092342,1766201352.126112
0.75440514087677,3.2643609046936035,0.50105881690979,1.8504876587432054e-05,0.0008514094432532025,0.408646279922114,1766201352.1360781
0.7543604373931885,3.2642204761505127,0.5010384917259216,-5.423586171402527e-05,0.000976573294946384,0.4087421127597406,1766201352.1361256
0.7543623447418213,3.2643909454345703,0.5012491941452026,-0.00010475695515534288,0.00016712177731537982,0.40811355533079324,1766201352.1461225
0.7544272541999817,3.26444673538208,0.5012008547782898,-0.00037656042537283365,0.00029304692251249195,0.4079677165533396,1766201352.1561248
0.7544453740119934,3.264418125152588,0.5009834170341492,-0.00013696662241277142,0.0008503926650456985,0.4081062359595605,1766201352.1661422
0.7545880675315857,3.2642743587493896,0.5013194680213928,-0.00015273495910761098,7.077109386110792e-05,0.4069267596373821,1766201352.176065
0.7545792460441589,3.264350414276123,0.5012942552566528,-9.554114347265361e-05,9.607223582771594e-05,0.40692169852531096,1766201352.1861265
0.7544762492179871,3.2642571926116943,0.5012421011924744,-0.0006316173900673674,0.00038358188835730853,0.40769465620165113,1766201352.1861758
0.7543859481811523,3.26444149017334,0.5012650489807129,-0.00026534778487312437,0.00028178309367875347,0.40831506898863895,1766201352.1961083
0.7543846368789673,3.2643754482269287,0.5012745261192322,-0.00025085748740149395,0.0003405261445828655,0.4082187295367764,1766201352.2061114
0.7544162273406982,3.264295816421509,0.5010259747505188,-0.00013636289408369925,0.0009532881861985958,0.4084733155729274,1766201352.2160842
0.7544945478439331,3.264286518096924,0.5010852813720703,-4.249575228360225e-05,0.0008348292227597046,0.40806653860390657,1766201352.2261279
0.7543929815292358,3.264293670654297,0.5013716816902161,-9.80455519357057e-06,0.00031345079735073926,0.4081726485467381,1766201352.2360578
0.754249632358551,3.2644524574279785,0.5012319087982178,-0.0002086166651105556,0.0003962854017746463,0.4090186808502639,1766201352.236108
0.7544769644737244,3.2642247676849365,0.5010667443275452,4.864344137973171e-05,0.000825781468677475,0.4083108032057565,1766201352.2460663
0.7543883323669434,3.2644593715667725,0.5010544061660767,0.0002745837322735561,0.0006675910257794567,0.40851511109026917,1766201352.2561154
0.7545048594474792,3.2643134593963623,0.5009989142417908,1.785881404216572e-05,0.0007557168485789037,0.40795889439208327,1766201352.2661247
0.7543798685073853,3.2642571926116943,0.5012737512588501,-0.0003063748185312815,0.0003169504490488837,0.40824511328982227,1766201352.276096
0.7543467283248901,3.2645280361175537,0.5011396408081055,-0.00021125033328496013,0.0003051186813606219,0.4083591735347411,1766201352.2861404
0.7544407248497009,3.2643630504608154,0.5010427236557007,0.0003624283130323695,0.0007247257013606413,0.40824002190855463,1766201352.2960835
0.7543665766716003,3.2644739151000977,0.5013024210929871,-3.019153585895316e-05,0.00019079637127897034,0.40806601405300874,1766201352.2961545
0.7544450759887695,3.2643182277679443,0.501366376876831,-0.00013560577001668026,0.0002332169912064681,0.4076658923230553,1766201352.3059802
0.7544363737106323,3.2643892765045166,0.5009505748748779,6.0849446961873484e-05,0.0008362990775133615,0.4084646094812877,1766201352.3160834
0.7544649243354797,3.2643141746520996,0.501366376876831,7.871769640515552e-05,4.618487318506937e-05,0.4080856396122569,1766201352.326093
0.7546602487564087,3.2643048763275146,0.5014272332191467,-5.6371705231558894e-05,-3.1315119609221676e-07,0.4068257775852101,1766201352.3360987
0.7544839382171631,3.2642786502838135,0.5010594129562378,-0.00013333958471535814,0.0008052975470523755,0.40839640932764765,1766201352.3361475
0.7546259760856628,3.2643887996673584,0.5010850429534912,0.0005110226122957,0.0004660149470906593,0.4074014740563011,1766201352.3460813
0.7544344067573547,3.2642674446105957,0.5010946393013,-0.00011520091015541571,0.0008662485769990856,0.40848579840197025,1766201352.3561094
0.7542869448661804,3.264310121536255,0.5013729929924011,3.434542035770167e-05,0.00035517746702871754,0.4088659388068419,1766201352.3660975
0.7544525861740112,3.2643911838531494,0.5012826919555664,-0.00014080174091493254,0.0002392294530254406,0.40777651159798,1766201352.3760562
0.7544524073600769,3.26427960395813,0.5012941360473633,-9.66544821758542e-05,0.00018335899452994115,0.4076408954196531,1766201352.3860886
0.7543947696685791,3.2644362449645996,0.5011802315711975,-0.00039736214371803943,0.00024932729236314924,0.407787011391652,1766201352.3861372
0.7542629241943359,3.264418601989746,0.5009564161300659,5.528715104592815e-05,0.0008549390263064514,0.40921833796432183,1766201352.3960598
0.7544513940811157,3.264305830001831,0.5012365579605103,-0.00013270220129730066,0.00011450322387075968,0.40746710560394417,1766201352.406083
0.7543915510177612,3.2643790245056152,0.5009576678276062,0.00016108038560512695,0.0007928080949455809,0.4083362835482491,1766201352.416101
0.7543681263923645,3.26434588432312,0.5010257959365845,-0.0001762484953639714,0.0009035567981532219,0.40871856827566194,1766201352.426126
0.7543700933456421,3.264275074005127,0.5012257695198059,-0.0004967907118469788,0.00033725896555759097,0.4082997049362539,1766201352.4360867
0.754610538482666,3.2642874717712402,0.5013972520828247,2.1495092388467736e-05,-7.90319251501306e-05,0.4069518213418315,1766201352.4361353
0.7543776631355286,3.2642831802368164,0.5013525485992432,-0.0003596384994370553,0.00038138360777809885,0.4082959664074498,1766201352.4460366
0.7541824579238892,3.264570713043213,0.5011862516403198,-0.00036424226858920944,0.0005837826693113482,0.40961107121389473,1766201352.4561095
0.7544370889663696,3.2643487453460693,0.5013638138771057,-0.00013459514570754599,0.0002335976890729613,0.40798575765109524,1766201352.4660854
0.7545301914215088,3.2641372680664062,0.5014333724975586,-0.0004739291987204357,0.0002885511228674863,0.4075546548203648,1766201352.4760845
0.7543955445289612,3.2642905712127686,0.5010743737220764,5.835987629238252e-05,0.0008878786492553689,0.4086017658164063,1766201352.4861388
0.7545617818832397,3.2645182609558105,0.5013273358345032,0.00012319983542890495,6.307346006858464e-05,0.40785883288450253,1766201352.4960637
0.7543244957923889,3.2642998695373535,0.5012863874435425,-0.00036382594004813793,0.0003876042268670586,0.4087400801092904,1766201352.4961123
0.7545914649963379,3.2642712593078613,0.501279354095459,-0.0001910846617971984,-1.12279427125747e-05,0.40702705818952284,1766201352.5060332
0.7543997764587402,3.264282703399658,0.501172661781311,-0.0006764688506888959,0.0004326745698134059,0.4081043484972156,1766201352.5160286
0.7544893026351929,3.2643206119537354,0.5009201765060425,-7.899655644077315e-05,0.0007773501232541707,0.4079860828106304,1766201352.5261276
0.7543826103210449,3.264357328414917,0.5009428858757019,-1.1901392509174213e-05,0.0010407820692923276,0.40867739641631534,1766201352.536118
0.7543906569480896,3.264336585998535,0.5009761452674866,6.260877315823006e-05,0.0008566337807383632,0.408407348349078,1766201352.5361674
0.7545063495635986,3.2642524242401123,0.5009900331497192,-0.00026530010614059317,0.0008109973869493813,0.40796410467882743,1766201352.5460818
0.7545697689056396,3.264214038848877,0.5011037588119507,6.627930979053534e-05,0.00064901591988385,0.4075535924613839,1766201352.5561316
0.7544890642166138,3.264223098754883,0.5010987520217896,9.36510467262566e-05,0.0008425102013718816,0.4080858664479262,1766201352.5660956
0.7545369863510132,3.2643380165100098,0.5009878873825073,-0.00013237769942621775,0.0008477032308595803,0.40797801966942493,1766201352.576101
0.7544578313827515,3.2641003131866455,0.5010988116264343,-6.800378923572058e-05,0.0008735979413448797,0.40841226123497365,1766201352.586125
0.7544642090797424,3.264209032058716,0.5010932683944702,-4.083847850298186e-05,0.0008925639756464505,0.4083314605240263,1766201352.5861733
0.7543641924858093,3.2643613815307617,0.5014070272445679,0.0002136660555550815,0.0002233982983926691,0.40830016277739867,1766201352.5960534
0.7545069456100464,3.2642159461975098,0.5013163089752197,-0.00036733353154699995,0.00011482763191438375,0.407527131090299,1766201352.606013
0.7544797658920288,3.264237642288208,0.5013168454170227,-4.311878326743921e-05,0.00021495427915010882,0.4076373693606932,1766201352.6160183
0.7544708847999573,3.264376401901245,0.5009258985519409,-0.0001061180768356339,0.0008153884560997917,0.4078359505721745,1766201352.6260283
0.7544618844985962,3.264348268508911,0.500978946685791,0.00027918001350845165,0.0006568394675945008,0.4080692886977933,1766201352.6360924
0.7543375492095947,3.2643883228302,0.5008854866027832,-0.00017681974552421757,0.0008597991631979527,0.4084093216574471,1766201352.6361423
0.754393994808197,3.2644665241241455,0.501246452331543,-3.471746719197614e-05,0.00018964860000212434,0.4081168233953844,1766201352.6460807
0.7544288635253906,3.2644026279449463,0.5009833574295044,0.00013294044118412302,0.0008282925702716076,0.4084792755214162,1766201352.6560977
0.7544649839401245,3.264451265335083,0.5010486245155334,0.0004529651673007604,0.0007079717358799419,0.40815375817110966,1766201352.6661267
0.7544471621513367,3.26432728767395,0.5013276934623718,-9.713722266444401e-05,0.0003057368564919065,0.4079490115487245,1766201352.676104
0.7544074058532715,3.26436448097229,0.5013028383255005,-0.00018416967081442387,0.0002941960988602641,0.40849951461648276,1766201352.6861231
0.7545484304428101,3.2641844749450684,0.5011095404624939,-7.218135267616955e-05,0.0007754015816816078,0.4079329319812837,1766201352.686172
0.7545406818389893,3.264249324798584,0.5011999011039734,0.0003323079091971377,0.0006154416991372201,0.40790733883839925,1766201352.6960979
0.7545925378799438,3.264160394668579,0.501166820526123,0.00014628157930769,0.0006607617294371969,0.40766661256416103,1766201352.706126
0.7545100450515747,3.2643940448760986,0.5013259649276733,-2.6736276214481364e-05,9.321457043652312e-05,0.407555451592821,1766201352.716057
0.7540613412857056,3.2646524906158447,0.5011517405509949,-6.44575065816148e-05,0.0005547494866799792,0.4101850495806309,1766201352.726127
0.7542316913604736,3.264476776123047,0.5011526942253113,-0.00041190304268390505,0.0005257455463264131,0.4090856551825414,1766201352.7361057
0.7543537020683289,3.2644214630126953,0.5009321570396423,-0.0002675785996318921,0.0009449666054949333,0.4087928567660938,1766201352.736214
0.7544427514076233,3.2642898559570312,0.5010032057762146,9.808380528414116e-05,0.0008005795281155826,0.4083022885018413,1766201352.7460585
0.7542393207550049,3.2646608352661133,0.5011000633239746,0.00010489099122063517,0.00029816262362197907,0.4088145940758348,1766201352.756094
0.7545391321182251,3.264411687850952,0.5013403296470642,8.422157057168905e-05,-4.885736201449268e-06,0.4070628267624816,1766201352.7661054
0.7544400691986084,3.264254093170166,0.5010945796966553,6.503337543829483e-05,0.0007015521182114622,0.40805810867889614,1766201352.7761123
0.7543920278549194,3.2643234729766846,0.5013415813446045,-0.00010444364476823817,0.00024590292492032934,0.40795682788789595,1766201352.7861383
0.7543715834617615,3.2642629146575928,0.5013378858566284,-0.00030717911045224943,0.00024263246895946932,0.4082412149038217,1766201352.7861881
0.754489541053772,3.264282703399658,0.5010507106781006,-6.4714346062319404e-06,0.0007863170042759758,0.408181351495726,1766201352.796051
0.754393458366394,3.264275312423706,0.5011974573135376,0.00031366758205521496,0.0008778244749529828,0.4085125264860478,1766201352.8060129
0.754446268081665,3.2641515731811523,0.5010855197906494,-0.000350207667471784,0.0009048555777145838,0.4083324142320313,1766201352.815968
0.7545219659805298,3.264368772506714,0.5009727478027344,-0.00016826260133076434,0.000864754185101367,0.4079528824399953,1766201352.8260152
0.7544499635696411,3.2642431259155273,0.5010284185409546,-0.0001606662459880535,0.0009150066737300098,0.4084576250572922,1766201352.836088
0.754448652267456,3.2642836570739746,0.5010666847229004,-0.00017770609304497612,0.0008442331548967348,0.4081722490252378,1766201352.8461192
0.7544856667518616,3.2642722129821777,0.5012913942337036,-0.00026339625712086583,0.00016099783976170976,0.4076856728070262,1766201352.8461723
0.7544653415679932,3.264394521713257,0.5012822151184082,-0.00019410978216723772,0.00023121922530551162,0.4079010773956171,1766201352.8560085
0.7543554902076721,3.2644145488739014,0.5012217164039612,-0.0001596136784029269,0.00018922537292078448,0.40843693949010085,1766201352.866049
0.75445157289505,3.264481544494629,0.5013434290885925,0.0003671630674761536,4.121429274999842e-05,0.407459335614151,1766201352.8760602
0.7537382245063782,3.264955997467041,0.500910222530365,-4.4707718469376824e-05,0.000997845393831836,0.41190258623672704,1766201352.8860538
0.7545057535171509,3.264378309249878,0.5009811520576477,-8.616418581898765e-05,0.0007160123735088358,0.4080851983699785,1766201352.8960576
0.7538332343101501,3.264943838119507,0.501000702381134,0.00032128280483446637,0.0008330704909133612,0.41155472248304525,1766201352.8961728
0.7544916868209839,3.264364719390869,0.5014243125915527,0.0001138195026830001,0.0002066582064399151,0.4076771719088761,1766201352.9060237
0.7544873356819153,3.2644104957580566,0.5012977123260498,-0.00020897438625858087,0.00014051781973375797,0.4078379485904761,1766201352.9160933
0.7542920112609863,3.2644705772399902,0.5012497305870056,-0.0004012345506310239,0.0004490379983337971,0.4092021678361897,1766201352.9259992
0.7544219493865967,3.2642128467559814,0.5010811686515808,-0.00022415777673887683,0.0009153060835386662,0.4087227610033916,1766201352.9360936
0.7545977830886841,3.2642815113067627,0.5010972619056702,0.00023544259901190045,0.0006675892580231587,0.4076977542452797,1766201352.946159
0.7544847726821899,3.264366388320923,0.5010006427764893,-5.0901356888790276e-05,0.0007349607075302856,0.40830014437372414,1766201352.9462097
0.7543403506278992,3.264402389526367,0.5012471675872803,-0.0005065157727141559,0.00048449046889124665,0.40859421144161395,1766201352.9560523
0.7538262605667114,3.264863967895508,0.5010117292404175,-8.606144975188538e-05,0.0009917211999684657,0.411804486114632,1766201352.966146
0.7544400691986084,3.2644004821777344,0.5010153651237488,0.00031874327209103635,0.0008151493716190407,0.40819831823748787,1766201352.9761322
0.7543935179710388,3.2644197940826416,0.500998318195343,0.00047786471551114165,0.0006925480002425275,0.40832582349209784,1766201352.9861367
0.7544324994087219,3.264465570449829,0.5012208819389343,-0.00014038191482761058,0.00015140126840776735,0.4077651541034015,1766201352.9861865
0.7543248534202576,3.264411687850952,0.5011945366859436,-0.00011157016908682839,0.0002924691621522147,0.40828542279800933,1766201352.9961343
0.7544357776641846,3.264420747756958,0.5012208223342896,-0.00023042048325954927,0.00035596954788889065,0.407862901968909,1766201353.0061486
0.7544615268707275,3.264441967010498,0.5009931921958923,0.00019903468322948815,0.0008335804991219831,0.40821679320371346,1766201353.016121
0.754230260848999,3.264538288116455,0.5013192296028137,-3.148546791940146e-05,0.00032162397859851266,0.40935124940041684,1766201353.0261028
0.7544493079185486,3.264355182647705,0.5013461709022522,-0.00032838156472561435,0.00021514373974359705,0.4081400250361156,1766201353.0361276
0.7545188665390015,3.2643704414367676,0.501139223575592,0.0003171003965885321,0.0006584113432743622,0.4079829210947321,1766201353.03618
0.7542822360992432,3.2644405364990234,0.5013407468795776,-0.00023675601714047865,0.00044990368882381535,0.4089448439755717,1766201353.0460472
0.754479706287384,3.2643353939056396,0.5013722777366638,-0.00019506195611246707,0.00024374696984942642,0.4076915443190542,1766201353.0560975
0.7544707655906677,3.264273166656494,0.5010554194450378,-0.0001248721943179562,0.0008470115457340514,0.4081712889506113,1766201353.0661292
0.7543997764587402,3.2643637657165527,0.5010436177253723,-8.90724821574527e-05,0.0007878971588952496,0.40852346486948726,1766201353.0760512
0.7545003890991211,3.264341354370117,0.501030445098877,0.00012102620162225976,0.0007283035243823955,0.4079083453643891,1766201353.0861242
0.7543706893920898,3.2642934322357178,0.5009492635726929,-0.0002350609506181678,0.0009856156610251656,0.4087798401660138,1766201353.0861723
0.7545599937438965,3.2643682956695557,0.5012190341949463,-0.0002729782184458423,-7.637822272196622e-05,0.40675297422722545,1766201353.0961187
0.7543985247612,3.2644577026367188,0.5012678503990173,-0.00013916636344741667,0.0001590526871065844,0.4078202132205902,1766201353.1060946
0.754417359828949,3.264376163482666,0.5009511709213257,-0.0002576917567867235,0.0009413825818794679,0.4084392254466064,1766201353.1161118
0.7543218731880188,3.264474868774414,0.5013085007667542,6.58173872777916e-05,0.000258188201864575,0.4086516735055227,1766201353.1261277
0.753749668598175,3.2648656368255615,0.5009973645210266,-2.5951211067996634e-05,0.0009494024678667177,0.41211399500578716,1766201353.1361089
0.7545951008796692,3.264235019683838,0.5014020800590515,-5.2369931391597914e-05,8.488707687644454e-05,0.4067532483501674,1766201353.1361585
0.7545107007026672,3.26413631439209,0.5013963580131531,-0.00032344980014493925,0.0002822615432711386,0.4074580908414634,1766201353.1461616
0.7544850707054138,3.2642922401428223,0.5010231137275696,-0.0003260186799624445,0.0009113779247706557,0.40826531948933537,1766201353.1561294
0.7544384002685547,3.2642831802368164,0.5013024806976318,-0.0004845184806467323,0.0004448272808123954,0.40807325655332144,1766201353.1661294
0.7545527219772339,3.2643239498138428,0.5013841986656189,-0.00014038447119477327,0.00020209845517553423,0.4071904233439133,1766201353.1761136
0.7543129920959473,3.2644906044006348,0.5013274550437927,-0.00014722699146270282,0.0003713147546086697,0.4087129799422015,1766201353.186108
0.7544616460800171,3.2644808292388916,0.5013493299484253,-0.00017221333569223996,0.00036752266708591446,0.40800041737207116,1766201353.1861591
0.7545045614242554,3.264383554458618,0.5009923577308655,5.3981583163593516e-05,0.0008017444195369835,0.40812431244851854,1766201353.196124
0.7541419863700867,3.2648277282714844,0.5011104941368103,0.00030151956964861955,0.0003452993992124493,0.4093316565096979,1766201353.2061217
0.7544573545455933,3.2643868923187256,0.5009890794754028,0.0001191534930864063,0.0008405694450584055,0.4081136332927732,1766201353.2161064
0.754371702671051,3.2644948959350586,0.5012302398681641,-6.0778771718481056e-05,0.0002531041696150881,0.4083070800730776,1766201353.2261286
0.7544112205505371,3.2645139694213867,0.5012968182563782,-8.146572932737956e-05,0.00015723268544885413,0.40792902476817733,1766201353.2360837
0.7546908855438232,3.264326572418213,0.5013312697410583,-0.0001506313838834282,-7.762160173313827e-05,0.40627072009827464,1766201353.236133
0.7543274760246277,3.264341354370117,0.5010323524475098,-0.00024075789529046977,0.0010276489576123342,0.40904584363252844,1766201353.2561338
0.7544203400611877,3.264122247695923,0.5014533400535583,-0.0001377296215812894,0.00015701298180579624,0.4078560416619661,1766201353.2561908
0.7543330788612366,3.2643163204193115,0.5014738440513611,8.831206989812428e-05,0.0002219608496949135,0.4085558026227846,1766201353.266099
0.7544229626655579,3.2641725540161133,0.5011372566223145,-0.00021448735216037036,0.0008139047939068756,0.4083399495155052,1766201353.276079
0.754442572593689,3.264124870300293,0.5011960864067078,-5.7061810221400416e-05,0.0007944138155157108,0.4083629660092185,1766201353.2860506
0.7544868588447571,3.264235019683838,0.501131534576416,0.0001162377682078896,0.0006709371325296986,0.40826507932880324,1766201353.2861016
0.7545698881149292,3.2643260955810547,0.5013471841812134,-0.00012206852085342159,0.00012712202303305189,0.40707775250048184,1766201353.296084
0.7545546889305115,3.2643425464630127,0.501319169998169,-0.00022845259578059665,0.0001792098463939695,0.4072398169543725,1766201353.306114
0.7546079754829407,3.264449119567871,0.5012428164482117,-8.933936407005448e-05,6.6480880801283914e-06,0.40739705158760703,1766201353.316072
0.7545380592346191,3.264457941055298,0.5011426210403442,-0.0004622277508078398,0.00023869536253059184,0.40749783828724867,1766201353.3260899
0.7545077204704285,3.2647645473480225,0.5008779168128967,0.00017543038763102336,0.0006349568028128984,0.4081589590012122,1766201353.3360772
0.7545114159584045,3.2644636631011963,0.5011643171310425,-0.00034788992003147797,0.00040169216983128173,0.4076437860419574,1766201353.3361268
0.7545533776283264,3.264408826828003,0.5012286901473999,-6.0800290708264645e-05,0.0001354913883544938,0.4071393369153142,1766201353.3560998
0.7545350193977356,3.2643589973449707,0.5010194778442383,-6.7034455531409035e-06,0.0007001048367785542,0.40781284538077966,1766201353.3561609
0.754564642906189,3.2643444538116455,0.5010786652565002,0.0003124757959722161,0.0006434533469864274,0.40769178031193776,1766201353.3660269
0.7543644309043884,3.2643814086914062,0.5013719201087952,-0.00015793149548263757,0.0003029790397063135,0.4084031353113733,1766201353.3761292
0.7543826699256897,3.2642970085144043,0.5014178156852722,-3.866526786023988e-05,0.00016182030521271702,0.40834958897136153,1766201353.386067
0.754449725151062,3.2642993927001953,0.5013973116874695,-4.42987441435486e-05,0.0001973428132572203,0.4079258074689788,1766201353.3861175
0.7543238401412964,3.2643299102783203,0.5013538599014282,-0.00021448121398930098,0.00032739607093163305,0.4087749856232544,1766201353.3960173
0.7544436454772949,3.2641520500183105,0.5013598799705505,-0.00048607575320518397,0.0003095576021326208,0.407833200447086,1766201353.4060974
0.7544207572937012,3.26423716545105,0.5014216899871826,-0.000281607515937116,0.00021007152386606453,0.4080816059552652,1766201353.416103
0.7546110153198242,3.264183521270752,0.5013912916183472,-3.228245279758604e-05,4.590334435913423e-05,0.4068222998199135,1766201353.4260616
0.7544798254966736,3.264209270477295,0.5013861656188965,5.5874675986497105e-05,0.0002074203864414023,0.4075503966904545,1766201353.436073
0.7544903755187988,3.2641189098358154,0.5013598203659058,-0.00021086178124115978,0.0002490618845353822,0.40767745998144644,1766201353.4361236
0.754420816898346,3.2642605304718018,0.5013406872749329,-0.0001659745209478464,0.00019850588248768086,0.40786231362690595,1766201353.4460576
0.7544044256210327,3.264408588409424,0.5012817978858948,0.00018222930225098016,0.00021862796812349857,0.4080633428477144,1766201353.4560876
0.7545372843742371,3.264395236968994,0.5010529160499573,0.00024621844575567557,0.0006081047276511669,0.4077392726331419,1766201353.4661043
0.7544872760772705,3.264371871948242,0.5010711550712585,0.00040651450973147016,0.00048498067559751547,0.4081851288209265,1766201353.4760754
0.7544878721237183,3.264301061630249,0.5013187527656555,-2.749552855875759e-05,0.00018259957912941717,0.4078080117010649,1766201353.486129
0.7543853521347046,3.2645039558410645,0.5011881589889526,-0.00047316101349010047,0.00041644328600621856,0.40816606461850635,1766201353.4861786
0.7545384168624878,3.264289617538452,0.5013165473937988,-0.000175051179380899,0.0002657117636957492,0.40775897554195,1766201353.4960182
0.754475474357605,3.264326572418213,0.5010706186294556,-3.0823085904247724e-05,0.000775641221439143,0.4085054863815633,1766201353.506101
0.7545465230941772,3.2642292976379395,0.5010854005813599,9.03955919045428e-05,0.0008174044323010181,0.4080882177952077,1766201353.5160966
0.7545909881591797,3.2642946243286133,0.5011492967605591,0.00028998095492964633,0.000648421510517069,0.40776171836241165,1766201353.526055
0.7544911503791809,3.2645325660705566,0.5010665059089661,-6.143391197248057e-05,0.0006682563474253008,0.4083208381812,1766201353.536085
0.7544550895690918,3.264486074447632,0.5009851455688477,-0.00019986431219905278,0.0009733834398292188,0.40856361660277535,1766201353.5361354
0.7542861700057983,3.264400005340576,0.5012189149856567,-0.0005931360887625708,0.0005706931118483319,0.40885679183468154,1766201353.5461
0.7544300556182861,3.2644248008728027,0.5011956095695496,-0.0003617354274835426,0.00041880846577210345,0.4077954999531177,1766201353.5560997
0.754469096660614,3.2645344734191895,0.5009636282920837,1.4267386878042253e-05,0.0008187781522379365,0.4081511189776953,1766201353.566109
0.754557192325592,3.2645270824432373,0.5009814500808716,0.00030911486844622144,0.0006826259387238398,0.4079619397458742,1766201353.5760708
0.7542833089828491,3.2648282051086426,0.5010451674461365,-7.258518425037514e-05,0.000384645026690031,0.4088571029957502,1766201353.5861046
0.754428505897522,3.264435291290283,0.5012816190719604,-0.000557704311094945,0.00029968557343012267,0.4080236232700071,1766201353.5861545
0.7543076276779175,3.26455020904541,0.5012525320053101,-0.00012732782370624942,0.00036730444436308603,0.4088839984777915,1766201353.5960827
0.7545825839042664,3.264362335205078,0.5010705590248108,0.00037342567733837596,0.0007110608487568556,0.4079319012018466,1766201353.6060581
0.7545026540756226,3.2642526626586914,0.5010703802108765,-7.545991440247473e-05,0.0009398766398631002,0.40841978297939513,1766201353.6160696
0.7545753121376038,3.2642691135406494,0.5010960102081299,1.1586756221112423e-05,0.0008760576212778866,0.40796271485004704,1766201353.6260488
0.7544131875038147,3.264341115951538,0.5011204481124878,-6.187042104163323e-05,0.0009318073314980826,0.408967290001351,1766201353.6360862
0.7544031739234924,3.264340400695801,0.5014657974243164,-7.382761983870929e-05,0.00024902188656590515,0.40852230927942423,1766201353.6361368
0.7543832659721375,3.2641570568084717,0.5012744665145874,-0.0006316881197100591,0.0005469653807719991,0.40799210668495456,1766201353.6460402
0.7541084289550781,3.2646565437316895,0.5010751485824585,-0.00037847520024267544,0.000712981387708722,0.4096020759351845,1766201353.6660767
0.7544928789138794,3.2643818855285645,0.500987708568573,3.027185071793494e-06,0.0008596984389433683,0.4079411449232416,1766201353.6661267
0.7539547681808472,3.264860153198242,0.5010234117507935,-7.893810933666301e-07,0.0006855164026529115,0.4105865079599471,1766201353.6760654
0.7544291615486145,3.2644431591033936,0.5013203024864197,6.827259634483484e-05,0.00017031215411174994,0.40766660934357973,1766201353.6861057
0.7544087171554565,3.264446258544922,0.5009027123451233,-1.3741286834787857e-06,0.0007839988107549915,0.4082496737947406,1766201353.6861556
0.7543905973434448,3.2644100189208984,0.5013399124145508,0.00017743274462276538,9.308031142457447e-05,0.4077864955804025,1766201353.6960468
0.7538493871688843,3.26499605178833,0.5008975863456726,-0.00011138685497314024,0.0008234915162706172,0.41131805759823703,1766201353.7061088
0.7544722557067871,3.264352798461914,0.5012985467910767,-9.951827443215072e-05,0.00023824602926167328,0.40748402819283525,1766201353.7160664
0.7540051341056824,3.2646596431732178,0.5011153817176819,-0.00015455252551294874,0.0006581995004545271,0.41065839053068576,1766201353.7261565
0.7544384002685547,3.2643494606018066,0.5011141896247864,3.2593796939927385e-05,0.000728403719605498,0.408467085618945,1766201353.7361207
0.7546113133430481,3.264122486114502,0.5014591217041016,-0.0004798537392212066,0.00016693377541068756,0.4069981377534108,1766201353.7361672
0.7543841600418091,3.2642288208007812,0.5012811422348022,-0.0005570275227791101,0.00042626749994846563,0.40832357488600257,1766201353.746109
0.754486620426178,3.2641077041625977,0.5010953545570374,-0.00022948753381987774,0.0008621192259032984,0.40810954542919275,1766201353.756074
0.7545100450515747,3.264190196990967,0.5011814832687378,0.0003678879050302632,0.0006719137291700027,0.40815546743049563,1766201353.766115
0.7544136643409729,3.2642276287078857,0.5010575652122498,3.878631987146059e-05,0.0008553518594428727,0.4086076305789512,1766201353.7761045
0.7544742822647095,3.264434814453125,0.5013473033905029,0.0001998061017473287,-8.732281227589142e-05,0.4076237935945558,1766201353.786109
0.7542604804039001,3.264627456665039,0.5012018084526062,-0.0002607165164725361,0.0003273516497274659,0.4088690217375452,1766201353.796067
0.7543961405754089,3.2645647525787354,0.5008461475372314,-7.277603192044366e-05,0.0008865511051173852,0.408300043268817,1766201353.7961173
0.7544493675231934,3.264396905899048,0.500882625579834,-0.00012399663256518472,0.0008747573608979007,0.40808452790509686,1766201353.8060617
0.7544686198234558,3.2644476890563965,0.500917375087738,0.00025991944466098956,0.0007308567451192133,0.40795064800989456,1766201353.8160694
0.7543830871582031,3.2643094062805176,0.5009586811065674,-0.0001373570005019157,0.0008627529838235687,0.40847106506923625,1766201353.8261094
0.7545049786567688,3.2643978595733643,0.5010258555412292,0.00040494194335719306,0.0007950297874606836,0.4079903542399665,1766201353.8360677
0.7544324994087219,3.2643120288848877,0.5011133551597595,0.00016496108711638638,0.0007389369657624786,0.40835618832101955,1766201353.8361173
0.7544360756874084,3.2641992568969727,0.5011096596717834,6.116622364853617e-06,0.0008303072367984655,0.4084603367279059,1766201353.846138
0.7545754313468933,3.2642300128936768,0.5010506510734558,-0.00033505153304024324,0.0009402718508728576,0.40769663752567786,1766201353.8561022
0.7545293569564819,3.264230966567993,0.5014076828956604,-0.00014909202215554617,0.00015056186658645452,0.4075216120414079,1766201353.8661013
0.7546088099479675,3.2641351222991943,0.5014511346817017,-0.00040851447423786335,0.0002514600052784799,0.406981233887616,1766201353.8760765
0.7544174194335938,3.2643492221832275,0.5011066198348999,0.0003351945375269921,0.0007340754104397754,0.40848629734310604,1766201353.8860476
0.754604697227478,3.2640726566314697,0.5013663172721863,-0.00033470919939335245,6.64500418899255e-05,0.40665030659986445,1766201353.8860996
0.7543809413909912,3.2643938064575195,0.501273512840271,-0.0001916192015322894,0.00023268295077902008,0.4079121112104328,1766201353.8961315
0.7544140219688416,3.264496088027954,0.501234769821167,-5.381337029395502e-05,0.0001790395600771997,0.40794019082819316,1766201353.9061215
0.754422664642334,3.2644002437591553,0.5009576082229614,0.0002831968288493462,0.0006823799409581872,0.4083276657037803,1766201353.916055
0.7545115947723389,3.264289140701294,0.5012218952178955,-0.00021908310574295277,0.00011965305970841946,0.4073423434603938,1766201353.9261346
0.754358172416687,3.264312505722046,0.5012332797050476,-9.55180420927466e-05,0.00037042888092504375,0.4081733811246621,1766201353.9360938
0.7544426918029785,3.264301300048828,0.5013086199760437,-8.41380522115417e-05,0.00016871113220676105,0.40780074729348237,1766201353.9361432
0.7542598843574524,3.2644965648651123,0.5011571645736694,-0.00045105858760195375,0.00044621411611378266,0.4090517457578289,1766201353.946048
0.7544997334480286,3.2644288539886475,0.5010297894477844,0.00027250979795968893,0.0007008654381429963,0.407960573176635,1766201353.9561293
0.7544946670532227,3.264305591583252,0.5011327266693115,0.0002639904930317376,0.0006204121750291238,0.4081047226542655,1766201353.9661052
0.7545689940452576,3.2642338275909424,0.5010901093482971,-0.00024825413014714425,0.0008299839384864867,0.40787362502356755,1766201353.97611
0.7545111775398254,3.264230489730835,0.5010846853256226,-9.678180430856339e-05,0.0008495017619219163,0.40823229277544726,1766201353.9861052
0.7543566226959229,3.2643704414367676,0.5013132095336914,-0.0002987094064631407,0.00032420766263311886,0.408554528727694,1766201353.9861546
0.7542842626571655,3.264413356781006,0.5013015270233154,-0.0003798898238871713,0.00046324682705413726,0.40864040251211403,1766201353.9960895
0.754515528678894,3.26425838470459,0.5010977983474731,1.705269791246866e-05,0.0007572759228747817,0.407709080053333,1766201354.0061011
0.7543960213661194,3.264328956604004,0.5011577010154724,0.00016628223534669774,0.0007361642043367704,0.40839482245506686,1766201354.016074
0.7544371485710144,3.264510154724121,0.5009965896606445,-5.1857811747970235e-05,0.0008354852161658067,0.40822762964761466,1766201354.026096
0.7544212341308594,3.264653205871582,0.5012540221214294,6.374403529279666e-05,6.318839663460639e-06,0.40737225252686166,1766201354.0360878
0.7543119192123413,3.2645726203918457,0.5011938214302063,-0.0005648683952864228,0.0005192665673889187,0.40807104393737975,1766201354.0361376
0.754386305809021,3.2644762992858887,0.5009589195251465,0.00021407795936725815,0.0008210271051614202,0.408342040756283,1766201354.046058
0.7544057369232178,3.2645158767700195,0.5012476444244385,-0.0002880334701522563,0.000245404804079533,0.4080046343181274,1766201354.0560958
0.7543536424636841,3.264594554901123,0.5012470483779907,-0.000344858448181283,0.00021015741866669177,0.4083118266699906,1766201354.0661063
0.7545228004455566,3.264436721801758,0.5009969472885132,-0.0002642409854339086,0.0007856633053076017,0.4078149126113727,1766201354.0760207
0.7545912265777588,3.2643251419067383,0.5011009573936462,0.00023825890183407861,0.000650991683966019,0.4075286446463673,1766201354.0860412
0.7545425891876221,3.2641735076904297,0.5012367963790894,0.0005286157069016655,0.0005910211548662756,0.4078617617353665,1766201354.0860548
0.7544533014297485,3.2641141414642334,0.5011751651763916,-0.00015873492124572193,0.0009022506915556203,0.40824488594806563,1766201354.0960777
0.7543907165527344,3.2643260955810547,0.5011330842971802,0.0003763236002447517,0.0007401818735217883,0.4086997983537008,1766201354.1060786
0.7545554041862488,3.264326810836792,0.5013806819915771,-0.00026207077693787725,7.896867558347619e-05,0.40710619650486,1766201354.1161344
0.7545033693313599,3.264382839202881,0.5012794137001038,-0.00032629278759390714,0.00021814098293207752,0.4076149651425775,1766201354.1261165
0.7545236349105835,3.264354705810547,0.5010340213775635,0.00011803924952263885,0.0006564660031948321,0.40782714849528834,1766201354.1361015
0.7543619275093079,3.2643823623657227,0.5012784600257874,6.327575134976737e-06,0.0002472385653854251,0.4080765793891412,1766201354.1361518
0.7542006969451904,3.2646212577819824,0.5011535286903381,-0.0003051559066441801,0.0003817543987336297,0.40921255708491916,1766201354.146113
0.7544894218444824,3.2644009590148926,0.5012626647949219,-0.0003975042452966247,0.00018123815931583338,0.4075101309392625,1766201354.1561165
0.7545587420463562,3.2643861770629883,0.5013830661773682,-6.502774550587119e-05,4.9004785701599695e-05,0.40682134597962977,1766201354.1660733
0.7543720006942749,3.2643189430236816,0.5013312697410583,-0.0003219329165793511,0.00024124173592125864,0.4083530543707441,1766201354.1761348
0.754492998123169,3.264221668243408,0.5010877251625061,3.6551034274225984e-05,0.0007467675086020453,0.4080047074587343,1766201354.186112
0.7545061707496643,3.2641921043395996,0.5012599229812622,-0.0007463074959188596,0.00030163507140130655,0.40782343267884086,1766201354.1861622
0.7544844150543213,3.2641749382019043,0.501410186290741,-0.00020437909470187156,0.0002276350805765206,0.40768272416812074,1766201354.1960168
0.7544510960578918,3.264238119125366,0.5013867616653442,-0.0002353511815072856,0.0002372141682984587,0.4078586018341307,1766201354.2060225
0.7543236017227173,3.264309883117676,0.5013374090194702,-0.0004898289415349688,0.0004806790652866284,0.4086011894420197,1766201354.2161248
0.7544260621070862,3.2642288208007812,0.5013715028762817,-0.0003951374957743609,0.00023547861860208908,0.4080173535011657,1766201354.2261016
0.7544469833374023,3.264400005340576,0.5012736916542053,-5.876991340435211e-05,0.00017858534572360278,0.408218796184503,1766201354.236133
0.7542192935943604,3.2645750045776367,0.5012790560722351,-6.376244011259398e-05,0.0003297768065708528,0.40892397759348087,1766201354.236182
0.7543585300445557,3.2643182277679443,0.5012925863265991,-0.0005105234879505075,0.0004331707420885812,0.40818153028323656,1766201354.2460692
0.7545284628868103,3.2643489837646484,0.5010095834732056,0.00020531745870616775,0.0007131166037072802,0.40762612165120277,1766201354.2560914
0.7544507384300232,3.264411449432373,0.5009607672691345,0.0002511267760785827,0.0007543476923221067,0.4080517228194455,1766201354.266118
0.7545209527015686,3.2643535137176514,0.5010086894035339,6.374471372263254e-05,0.000652876528570816,0.4078172109538586,1766201354.2761319
0.7544169425964355,3.2643380165100098,0.5012928247451782,-0.0002457988367684121,0.0002549856414968122,0.40793571019247804,1766201354.286122
0.7543845176696777,3.2643895149230957,0.5012983679771423,-9.030582954201502e-05,0.00019248222413157238,0.40795509104309136,1766201354.2861724
0.7544841766357422,3.2643370628356934,0.5012026429176331,-0.00032467185560980627,0.0001791635280189772,0.4076439727566943,1766201354.2960134
0.7543696165084839,3.264378786087036,0.5010488033294678,9.089556012545077e-05,0.0008520605482307132,0.4089511260618211,1766201354.3061368
0.7544246912002563,3.264286518096924,0.501370906829834,-0.0002066658615206594,0.0002841348993509281,0.4084185200496964,1766201354.316092
0.754375696182251,3.2642602920532227,0.5013788938522339,-0.000249432459524466,0.00039500828799062665,0.4085566140380074,1766201354.3261025
0.7544475793838501,3.264249324798584,0.5010571479797363,3.775216003060172e-05,0.0008131798127926091,0.40841008423330943,1766201354.336102
0.7545062303543091,3.2643113136291504,0.5010631084442139,0.0001862037480357303,0.0006525331823789644,0.4080129191060745,1766201354.336152
0.7545056343078613,3.2642719745635986,0.5010054707527161,-0.00014257775952408898,0.0008305799907065557,0.40780004806483805,1766201354.3460286
0.7544994354248047,3.2643699645996094,0.5012754797935486,-5.4386774866015194e-05,0.0001234457199749677,0.40750058412176116,1766201354.356124
0.7544823884963989,3.2643883228302,0.5013368129730225,-2.67575639600573e-05,0.00015686610624737377,0.4075721783499537,1766201354.366103
0.75438392162323,3.2644290924072266,0.5010091066360474,0.0003889813516361922,0.000710119489032341,0.4085370004644726,1766201354.3760648
0.7543367743492126,3.264535665512085,0.5012696981430054,-0.0002777776489964068,0.00010336681610985923,0.40837009826800746,1766201354.386125
0.7544251084327698,3.2645082473754883,0.5009640455245972,3.315231901700878e-05,0.0007301444189084207,0.40811770928333224,1766201354.386174
0.7543141841888428,3.2643680572509766,0.5012785196304321,0.00015076302981632144,0.00020380063582728134,0.4084811860768275,1766201354.3960228
0.7543121576309204,3.2644662857055664,0.5011656284332275,-0.00023723961442973434,0.000369604720329141,0.4085223913603864,1766201354.4060795
0.7540181875228882,3.2647082805633545,0.501038134098053,-0.0004979934031562319,0.0007765696685798115,0.4102865471721388,1766201354.4160836
0.7542299032211304,3.2644081115722656,0.5013095736503601,-0.00017526989801142337,0.0004570557695439501,0.4092608761052608,1766201354.4260635
0.7545907497406006,3.264147996902466,0.5014054775238037,-0.00012443952983397358,3.312820275891717e-05,0.4069113145111763,1766201354.4360669
0.7546923160552979,3.264176368713379,0.5014550685882568,-0.00011795895119758803,-9.60353782260943e-05,0.4064819445615299,1766201354.436116
0.754191517829895,3.2646429538726807,0.5012134313583374,1.3315823315047417e-06,0.00038380796979737067,0.4095083766403105,1766201354.4460258
0.7546161413192749,3.2642822265625,0.5013539791107178,-0.00031048158994696057,7.513075116412041e-05,0.40685469849216577,1766201354.4560442
0.7544044852256775,3.2642383575439453,0.501032292842865,-0.00014968674230670387,0.000874652027056479,0.40846162030272454,1766201354.466121
0.7544615268707275,3.2642571926116943,0.5010316967964172,0.00016949765810903567,0.0007873262437188643,0.40831522645103485,1766201354.476099
0.7543572783470154,3.2645111083984375,0.5011550188064575,-5.373835495405371e-05,0.00029888771317883284,0.40831668337108895,1766201354.4860883
0.754530131816864,3.264347791671753,0.5014023780822754,0.00039732262620060854,-0.0001765173116258208,0.40733960843169464,1766201354.4861376
0.7539932131767273,3.2647759914398193,0.5010621547698975,9.015225631225636e-05,0.0006802893883611949,0.4102195013541011,1766201354.4960546
0.7542123794555664,3.26464581489563,0.5011018514633179,-0.00024064262124491516,0.0005087604791858816,0.4091152135965943,1766201354.506117
0.754412055015564,3.2643566131591797,0.500939130783081,-0.00034264551035905047,0.00094220901237267,0.4083092309256877,1766201354.5161202
0.7544399499893188,3.2643790245056152,0.5009993314743042,-0.00015727538945750814,0.0009008394905196045,0.40828264509185924,1766201354.5261278
0.7543976306915283,3.264263153076172,0.5010018944740295,-0.00033366877902546053,0.0009989407458179124,0.4084921343768891,1766201354.5361187
0.7544477581977844,3.264317750930786,0.501020073890686,-8.957094277670205e-05,0.0008239017449502705,0.4083165911218155,1766201354.536168
0.7544113397598267,3.2642643451690674,0.5013851523399353,-0.0002146079063792055,0.00031862740642626524,0.408098883438591,1766201354.5460095
0.7545208930969238,3.2642619609832764,0.5013613700866699,-0.0004984019085274154,0.00022446278324434732,0.4076439116637865,1766201354.5560093
0.7543958425521851,3.2642557621002197,0.501051664352417,-7.016756115112251e-05,0.0009850225203693634,0.4086892963031412,1766201354.5661263
0.7545042037963867,3.2642133235931396,0.5010796785354614,-0.00019244796288589303,0.0008166187578837551,0.4081777159917746,1766201354.5761235
0.7545461654663086,3.2642881870269775,0.5010547637939453,-0.00015961500324771869,0.0008348653401340012,0.40802268719352275,1766201354.5861228
0.7544482350349426,3.264343738555908,0.5010260939598083,-0.0002562547420478465,0.0008810740346437989,0.40845836360117843,1766201354.5961196
0.7543177008628845,3.264406204223633,0.5009427070617676,-3.1331142991808487e-05,0.000942178635097274,0.4089519722277924,1766201354.5962234
0.7543958425521851,3.2643392086029053,0.5009608864784241,9.998301406842028e-05,0.0008807686925099744,0.4085348544144799,1766201354.6060798
0.7539443969726562,3.2649686336517334,0.5010026097297668,-0.00013252150700475825,0.0007314803761678434,0.41077364742725453,1766201354.6161187
0.7545191645622253,3.264333963394165,0.5012401938438416,-0.00041371630296278665,0.00025137703619151994,0.4072145772520997,1766201354.6261363
0.7544112801551819,3.2643511295318604,0.5009508728981018,-7.814419689280352e-05,0.0008723573805620136,0.4086642395787591,1766201354.636118
0.7545691132545471,3.264385223388672,0.5009580850601196,0.00020284715672127428,0.0007259555392500359,0.40790459205308943,1766201354.6461184
0.7545690536499023,3.2643191814422607,0.5013333559036255,-2.6876277830762308e-05,0.00011004259106322064,0.4074500389467589,1766201354.6461687
0.7543789148330688,3.264374256134033,0.5013344287872314,-0.0005098042825440426,0.00027272612093831545,0.40819413664688226,1766201354.6560612
0.7545120120048523,3.264301061630249,0.5013349056243896,-0.0001462160578818302,0.0001530642560725577,0.40754849275804683,1766201354.6660528
0.7543943524360657,3.2642767429351807,0.5013607144355774,-0.0002584743498731452,0.000267150561508665,0.40831755654662094,1766201354.676134
0.7544076442718506,3.264334201812744,0.5013576149940491,-0.00024945036489211806,0.0002445998522687365,0.4082337917415012,1766201354.686096
0.7545014023780823,3.264312744140625,0.501126766204834,0.00020117819261024814,0.0006552207282793407,0.40794245942693175,1766201354.686146
0.7544110417366028,3.2643442153930664,0.5012730360031128,-0.0003717838582365569,0.0003310588131449689,0.40817872025527385,1766201354.696035
0.7541642189025879,3.264524459838867,0.5012179017066956,-6.537342352676905e-05,0.0005307588525692348,0.40944759540057457,1766201354.7060404
0.7539200782775879,3.26480770111084,0.5010215640068054,-0.00020534080589726758,0.0008868512359651987,0.4110343351994234,1766201354.7160769
0.7544382214546204,3.264463424682617,0.5010848641395569,0.0007422384530647297,0.0005943703990021903,0.40824919450949165,1766201354.7260375
0.7543734908103943,3.264275550842285,0.5013115406036377,3.0168829562435075e-05,0.00012101525904157701,0.40832974962900637,1766201354.73609
0.754462480545044,3.2643561363220215,0.5011564493179321,-8.689486296003833e-05,0.0002416877830627357,0.4076337507084657,1766201354.7361383
0.7545144557952881,3.264328956604004,0.5013415813446045,-0.00031437971070296674,0.00018262294927371447,0.4072202703188815,1766201354.7460377
0.7545537352561951,3.264392614364624,0.501309871673584,-0.0002057443970153388,0.0001435160384900412,0.4073760597096962,1766201354.7560267
0.7544583678245544,3.264326333999634,0.5010071992874146,5.574289009667791e-05,0.0008360485991186472,0.4082849713125696,1766201354.7661202
0.7545223832130432,3.2642173767089844,0.501144528388977,0.00016654203108073382,0.0006634775305913148,0.40789016572239395,1766201354.7760952
0.7545225024223328,3.2641704082489014,0.5011670589447021,-0.00018817366599840375,0.0007937841636554764,0.40799281259336995,1766201354.7861068
0.7545230388641357,3.2641842365264893,0.501456618309021,-0.0002751591506709059,0.00010749895805450368,0.40713165783487254,1766201354.786157
0.7546327114105225,3.2640910148620605,0.5014919638633728,-0.00017732068911587915,-6.073509829085041e-05,0.40677064980171507,1766201354.7960606
0.7544668912887573,3.2643680572509766,0.5010945200920105,6.0055387268018496e-05,0.0008135412383927659,0.4086278087419799,1766201354.8061254
0.7545360326766968,3.2644968032836914,0.5009897947311401,5.87265706377934e-05,0.000836391680932289,0.4079997681192339,1766201354.817814
0.7544699907302856,3.2644474506378174,0.5013286471366882,-7.153146695916642e-05,0.0002263403860663375,0.407872076589513,1766201354.8259926
0.7543917894363403,3.2646031379699707,0.5011881589889526,5.075559536102979e-05,0.0002967855410431731,0.40839123849521186,1766201354.836101
0.7543827295303345,3.264397382736206,0.5010017156600952,0.00012280585060247404,0.0007262559577058854,0.4088264245772072,1766201354.8361523
0.7545608878135681,3.2642037868499756,0.5012936592102051,-0.00047887595831655347,0.00014562154674701837,0.40725892726278135,1766201354.846075
0.7544170618057251,3.264329433441162,0.5012757182121277,-0.00015197703919313843,0.00015536088644591995,0.40788289217299606,1766201354.8560412
0.7545903921127319,3.264338493347168,0.501214861869812,-0.00013243790908293372,6.921278025428768e-05,0.40677625633002656,1766201354.8661504
0.754406750202179,3.264368772506714,0.5009684562683105,4.2220379197959876e-05,0.0008418798096443379,0.40849747332547054,1766201354.8760724
0.754478394985199,3.264204978942871,0.5013404488563538,-0.0002835381251650823,0.0003283332345302435,0.4076836538905784,1766201354.8860657
0.7543066740036011,3.2642710208892822,0.5013541579246521,-0.0004245091048818004,0.0003021994110368539,0.4086989045450396,1766201354.896039
0.7544124722480774,3.264263391494751,0.5013168454170227,-0.00013362479389786048,0.0002978255876050919,0.4080367433626012,1766201354.8961108
0.7545748353004456,3.2641797065734863,0.5014409422874451,-6.858607346717147e-05,-1.382091970661983e-06,0.40740098575310923,1766201354.9060137
0.7545042634010315,3.26421856880188,0.5013228058815002,-0.0003558372902287116,0.0002685074349962823,0.40770616679817856,1766201354.916051
0.754395067691803,3.264310121536255,0.5012801289558411,-0.00034678583562359957,0.00034802603026891403,0.40866120831452263,1766201354.9261017
0.7546365857124329,3.264143228530884,0.5013748407363892,-0.00018130999783307482,5.97948208567181e-05,0.4070508741690537,1766201354.936082
0.7544059157371521,3.264317274093628,0.5012685060501099,-0.0003024238020186482,0.0002755985797204578,0.4082129098391702,1766201354.9361327
0.754458487033844,3.2643799781799316,0.5009975433349609,0.00012651559784126765,0.0007778994014295722,0.4081176779670709,1766201354.9461153
0.7545368075370789,3.2642979621887207,0.5013351440429688,-0.0001440818594129961,0.00010166211541279986,0.4071254460645655,1766201354.956095
0.754336953163147,3.2645199298858643,0.5013396739959717,0.00017619731316095423,0.00014708318892039295,0.4082049850833629,1766201354.966124
0.7542893290519714,3.264521360397339,0.5011049509048462,-0.00020387864596267054,0.0003389511287349514,0.40869135327463807,1766201354.9761033
0.7543579339981079,3.2644360065460205,0.5011550188064575,-0.00019829245087452742,0.0002343554678310571,0.4081899330943478,1766201354.9860663
0.7543020248413086,3.2645277976989746,0.5011785626411438,0.00020284864021766745,0.00022769846641658952,0.4087740616123686,1766201354.9961255
0.754533588886261,3.264214038848877,0.5012762546539307,-0.0003229934432795735,0.00019412027425024395,0.4073842267415628,1766201354.9961762
0.7544753551483154,3.264251708984375,0.501339316368103,3.233861007826975e-05,0.00012060195768328306,0.40751740459727726,1766201355.006109
0.7544307708740234,3.26411771774292,0.5010817050933838,-0.00018242035637759812,0.000908347829531898,0.4084342069313953,1766201355.016102
0.754362940788269,3.264209270477295,0.5011370778083801,-2.1107576006058256e-05,0.001057008086361231,0.4089023183761369,1766201355.02609
0.7544258832931519,3.264188766479492,0.5011718273162842,-0.0001651026155158308,0.0008281218211217934,0.40839309783305927,1766201355.036071
0.7544692754745483,3.264371395111084,0.5011060833930969,0.0002233181147907608,0.0007272472849064113,0.4079432868516009,1766201355.0361183
0.7545050978660583,3.2643017768859863,0.5010290741920471,-7.837186895134641e-05,0.0007972241688370379,0.4077784958231134,1766201355.0560675
0.7542635202407837,3.264331579208374,0.501265823841095,-0.0004132705649464848,0.00040691031658926383,0.4089581563470277,1766201355.0561173
0.7544226050376892,3.2642910480499268,0.5012599229812622,-0.00024473617382293934,0.0001399604754769764,0.4077456142917869,1766201355.0661473
0.7545497417449951,3.264404773712158,0.5009589195251465,0.00014548873233227058,0.0006933063712969225,0.40756027335985207,1766201355.0761273
0.7542977333068848,3.2644941806793213,0.5011768341064453,-2.1697089718404675e-05,0.00026710285184143465,0.4084862589650116,1766201355.0860837
0.7545425891876221,3.2644290924072266,0.5013636946678162,3.218143234017208e-05,8.036465306003582e-06,0.4069322940998055,1766201355.0960681
0.7544174194335938,3.264357328414917,0.5009468793869019,4.7080021814468915e-05,0.000827092625945066,0.40836549785686965,1766201355.096113
0.7543414831161499,3.2644550800323486,0.5012614130973816,-0.00024017425925358535,0.000317089605291489,0.4083960263935091,1766201355.106133
0.7545651197433472,3.264148235321045,0.5013655424118042,1.0087613120874953e-05,6.812297394490478e-05,0.40686984810822047,1766201355.1160908
0.7543902397155762,3.2642788887023926,0.5013161301612854,-0.0005867800924364927,0.000425415156020786,0.4081838598388124,1766201355.1260884
0.7544565200805664,3.2642455101013184,0.5014209747314453,-9.816045042056774e-05,0.00024594504036707743,0.4077647148835994,1766201355.1360877
0.7545593976974487,3.264009952545166,0.5013941526412964,-0.00042585844039148504,0.0002439978626624376,0.4072331284314491,1766201355.13616
0.7545380592346191,3.264143705368042,0.5013766884803772,-0.0004442672900553039,0.0002852886680354483,0.4077957065315238,1766201355.1460671
0.754655122756958,3.2642009258270264,0.5014087557792664,1.6687425668300302e-05,-3.8522117232548953e-05,0.40693451559380833,1766201355.156085
0.7542006373405457,3.264544725418091,0.501179575920105,0.00013303953233072992,0.00047738841144702703,0.409318910770905,1766201355.1660938
0.7544633746147156,3.2642605304718018,0.50147545337677,8.854967726126112e-05,9.712254319619124e-05,0.40764855286086643,1766201355.1760843
0.754317581653595,3.264199733734131,0.500968337059021,-0.0003078053592593466,0.0011381196892370962,0.4090641048388017,1766201355.1860907
0.7543768286705017,3.2643232345581055,0.5013296008110046,-2.0577414623361343e-05,0.00011987916349593411,0.40850695123983477,1766201355.1861403
0.7544683218002319,3.2643842697143555,0.5009560585021973,0.00016225043269252142,0.0007140599860089047,0.4079232391652496,1766201355.1960623
0.7542145252227783,3.264779806137085,0.5011864900588989,0.000325323998314576,0.00023882604489129216,0.40893897943131285,1766201355.2061234
0.7545061707496643,3.2643721103668213,0.5009599924087524,0.00011935351854325528,0.0007942103727851448,0.40794043725786155,1766201355.2160902
0.7545896768569946,3.2643845081329346,0.5012836456298828,0.00012232825759635668,-1.4025965869085047e-05,0.40705525035377543,1766201355.2260835
0.7543330788612366,3.2644104957580566,0.5012215375900269,-0.000208421563914774,0.00047312966693957256,0.4088341158120448,1766201355.236061
0.7545026540756226,3.264279842376709,0.5010665655136108,6.632154975015708e-05,0.0007707688302227006,0.4080583932069292,1766201355.236108
0.7546252012252808,3.2643485069274902,0.5010958909988403,0.0006619187883996131,0.00046447500040746936,0.40746768951296825,1766201355.246072
0.7544463872909546,3.2642626762390137,0.5011079907417297,9.527493114409732e-05,0.0007804968507451828,0.40867004400839413,1766201355.2561107
0.7543401718139648,3.2643980979919434,0.5013440847396851,-0.00030010638287901654,0.0002612690557173881,0.40895392714730283,1766201355.2660942
0.7545373439788818,3.2642974853515625,0.5013506412506104,-0.00040132483998247496,0.00030963860976199084,0.40746843679406214,1766201355.276077
0.7544204592704773,3.2643027305603027,0.5011305809020996,0.00042149397188179173,0.000753431620972475,0.40838967796012526,1766201355.286099
0.7543951869010925,3.264259099960327,0.5010297894477844,-0.00011376666556015859,0.0009917971220870596,0.4084225627336342,1766201355.2861526
0.7543454170227051,3.2643308639526367,0.5012643337249756,-0.0002920454726606835,0.00039053837009078403,0.4081031688006059,1766201355.3061087
0.7545798420906067,3.2645819187164307,0.5012732148170471,8.082249223488094e-05,-2.8878187972931525e-05,0.40675110992847124,1766201355.3061626
0.754367470741272,3.264493703842163,0.5012518167495728,-5.188058156487258e-05,0.00018840142313181178,0.4082361561386324,1766201355.3160312
0.7544696927070618,3.2644989490509033,0.5009702444076538,0.00013897386385098838,0.0007820804658375652,0.4080327328189173,1766201355.3260918
0.7544201612472534,3.2644405364990234,0.5009869337081909,-2.2986044043148062e-05,0.0008151802341340196,0.40856706469592613,1766201355.3361025
0.7545764446258545,3.2643215656280518,0.5012429356575012,-0.0002834835209713759,0.00022381187885693355,0.40745801720875935,1766201355.336154
0.7546090483665466,3.2642548084259033,0.5013277530670166,-0.0001545588244723163,0.00010132062030949213,0.40752494648386645,1766201355.3459814
0.7544530034065247,3.264293670654297,0.501118540763855,0.00027348514341423683,0.0008322941742332242,0.4085634291268931,1766201355.3560786
0.754414439201355,3.2642860412597656,0.5011337399482727,0.00010025200913560924,0.0007409580804304316,0.4084824718848189,1766201355.3660905
0.7545448541641235,3.2641477584838867,0.5012267231941223,0.00011207578722794302,0.0007034578565373,0.4077227722497366,1766201355.3760676
0.7544571161270142,3.2642364501953125,0.5011219382286072,-0.00017471521385622197,0.0009716005026195016,0.4083475036010465,1766201355.3860903
0.7545551061630249,3.2642629146575928,0.5011498332023621,0.00019139142768712322,0.0007271374765346767,0.40779534334331974,1766201355.3861408
0.7544853091239929,3.264479875564575,0.5012599229812622,-0.0003790843388330055,0.00023999360836626254,0.4079023867611395,1766201355.406042
0.7542896270751953,3.264597177505493,0.5012093186378479,-0.000221904341425924,0.0003158013589126636,0.40896174065088614,1766201355.4060578
0.7546355724334717,3.2643558979034424,0.5012896060943604,0.0001182228039589813,-0.0001849050632969029,0.4069284557797692,1766201355.416095
0.7546131610870361,3.264284372329712,0.5013013482093811,-0.00020671509504126482,-3.261201466646932e-05,0.40723674322875686,1766201355.42614
0.7543710470199585,3.264436721801758,0.5009636282920837,-0.00015372673581236815,0.0009461818788137059,0.40889357699791823,1766201355.436126
0.7546053528785706,3.264324903488159,0.5012714266777039,-3.209621261837802e-05,-4.610723814738465e-06,0.40695116114932206,1766201355.4361768
0.7542117834091187,3.2647204399108887,0.5010170936584473,-0.00020364739440912786,0.0005155442518683327,0.4093594732575949,1766201355.4460862
0.7542649507522583,3.2644686698913574,0.5013207197189331,-0.00016604672135232668,0.00042087604624667184,0.4090500463067505,1766201355.456101
0.754452645778656,3.2642974853515625,0.5013720393180847,-0.0001522993514137323,7.287030415756064e-05,0.4076613850533621,1766201355.4661295
0.7540525197982788,3.2647132873535156,0.5011523365974426,2.9623090947308767e-05,0.0005066957327737604,0.4098736660425923,1766201355.4760869
0.7546780109405518,3.2639448642730713,0.5014353394508362,-0.00040148325046159217,9.653854192709896e-05,0.4064370612335659,1766201355.4860923
0.754558801651001,3.2641701698303223,0.5013972520828247,-0.0006064801605826582,0.0002054922931430178,0.40705332600977445,1766201355.4861434
0.7543811798095703,3.264375925064087,0.5009980201721191,2.5199721078109404e-05,0.0008244598385929973,0.40832037297868645,1766201355.5061116
0.7545847296714783,3.264171838760376,0.5011089444160461,0.0003760677758645169,0.000527006057515225,0.40744090520211096,1766201355.5061646
0.754589855670929,3.2641761302948,0.5013495087623596,-0.0001872661698994333,1.2971519502302831e-05,0.40722814642267097,1766201355.5160367
0.7544271945953369,3.264510154724121,0.5012810230255127,-8.595989323292093e-06,0.00020634455170695878,0.4078210989476188,1766201355.5260525
0.7545658349990845,3.264258623123169,0.5014105439186096,-3.55473560756271e-05,0.0001114983422448491,0.40704716710690847,1766201355.53609
0.7545428276062012,3.2643988132476807,0.5013262629508972,-7.729088253736093e-05,-3.083582474704267e-05,0.4071099083632105,1766201355.5361407
0.754422128200531,3.2643518447875977,0.500989556312561,0.00021072154616566465,0.0007350579036447465,0.4082428079419433,1766201355.5460334
0.7544516921043396,3.2642855644226074,0.5012466907501221,-0.0003328976598331412,0.0002111693778756364,0.407563606381029,1766201355.5560539
0.7544229626655579,3.2643980979919434,0.501220703125,-0.0002756591222404358,0.0002775463593940432,0.40773378158135426,1766201355.5660982
0.7543433904647827,3.2642922401428223,0.5013285875320435,-0.0004143582455834992,0.000347438421536129,0.40877593096665993,1766201355.5760713
0.7543620467185974,3.2643067836761475,0.5010433793067932,-0.0001092091610146061,0.0008833133148805796,0.4090437212159015,1766201355.5860827
0.754462480545044,3.2643070220947266,0.5010635852813721,-1.6376528356744085e-05,0.0008062327020771897,0.4083773366830136,1766201355.5861323
0.7544779181480408,3.264305830001831,0.5010834336280823,0.00021773977983857937,0.000763952084550686,0.4082043257037835,1766201355.59598
0.7544335722923279,3.2642595767974854,0.5010830760002136,5.973788931591842e-05,0.0008755720323024746,0.40829527318681247,1766201355.6061015
0.754453718662262,3.2642807960510254,0.501129150390625,0.00010317222469560512,0.0007768346986250641,0.40827428049225933,1766201355.616128
0.7545143365859985,3.2642481327056885,0.5010635852813721,2.577784718634742e-05,0.0005946171595496597,0.40786421964632674,1766201355.6260796
0.7544838190078735,3.264328718185425,0.5012694597244263,-0.0002301557423238083,0.00029618085766073215,0.40753884213550357,1766201355.6361182
0.7545796632766724,3.2641539573669434,0.5013789534568787,-0.00024044599656196746,6.046641074804372e-05,0.40693193135076744,1766201355.6361687
0.7544623613357544,3.2643277645111084,0.5013532042503357,-0.0004392739217804657,0.0003997532165849584,0.40727904467252146,1766201355.6460345
0.7545933723449707,3.2641794681549072,0.5013110637664795,-0.0003311574683344711,0.00011169278423984684,0.40647635714849645,1766201355.6560593
0.7544214725494385,3.2644495964050293,0.5012426376342773,0.00020661995801295858,0.0001228685353947081,0.4074457056250904,1766201355.6660712
0.7544026970863342,3.264472484588623,0.5012890100479126,-1.715116058905922e-05,0.00013745224524419004,0.40787975191511533,1766201355.6760871
0.7540366649627686,3.2646982669830322,0.501029372215271,-0.00039380686986684237,0.0007293015067203139,0.4104217591392728,1766201355.6860733
0.7537388801574707,3.2649054527282715,0.5009406208992004,-0.00019766512630803285,0.0010963527881202846,0.41200435319509465,1766201355.6861222
0.7542271614074707,3.2645955085754395,0.5011307001113892,-0.00020912735941559652,0.0004898928289452878,0.4091374800298226,1766201355.6960652
0.7544445991516113,3.2642855644226074,0.5011508464813232,0.00019247050523932768,0.0006615994827995883,0.40832179286413645,1766201355.7060442
0.7544944286346436,3.2642104625701904,0.5011510252952576,0.00012442188070525058,0.0006235755250375435,0.40787411201524887,1766201355.7160568
0.754629373550415,3.2640480995178223,0.5014930963516235,-0.0002757955838942145,6.634214355628201e-05,0.4068985136110842,1766201355.7260895
0.7543347477912903,3.264299154281616,0.5013614296913147,-0.00035405171746867483,0.00040388739608855683,0.4088068335489183,1766201355.736111
0.7544543743133545,3.264211893081665,0.5013494491577148,-0.00040868275799734057,0.00039699670744484033,0.40781021346879054,1766201355.7361617
0.754589855670929,3.264141321182251,0.5014274716377258,4.224928818458401e-05,3.9334816617101116e-05,0.40673122834672604,1766201355.7460356
0.7545379400253296,3.264251708984375,0.5013078451156616,-0.00029909234440905893,-2.5234363288725697e-05,0.40710750877645396,1766201355.756044
0.7544595003128052,3.2642569541931152,0.5012894868850708,-0.00027806337263316033,0.0001868863719513293,0.40762562903461813,1766201355.7660904
0.7542821168899536,3.2646541595458984,0.5010516047477722,-0.0003412782739990478,0.0004290318044590136,0.40886545593450097,1766201355.776091
0.7545019388198853,3.264397621154785,0.5009531378746033,9.173963770672764e-05,0.0006946179634964207,0.4079577913847123,1766201355.7860816
0.7545211315155029,3.2643821239471436,0.5010389089584351,0.0002661284957939403,0.0006837407170611012,0.4079627132027933,1766201355.78613
0.7543901205062866,3.2644293308258057,0.5013357400894165,-8.537828680979765e-05,0.00031056721174120214,0.4083582052862593,1766201355.796001
0.7544532418251038,3.2643961906433105,0.5012878775596619,-0.00028370882512212007,0.0002735685430873857,0.4079724839177944,1766201355.816099
0.7545213103294373,3.264402151107788,0.5010391473770142,0.0003171059843100382,0.0006625680190981784,0.4079126662462429,1766201355.8161507
0.7544417381286621,3.2642641067504883,0.5011220574378967,0.00034960225825294444,0.0007894841431454477,0.4085930230128391,1766201355.825989
0.7545016407966614,3.264299154281616,0.5010823011398315,0.000163971471686238,0.0007594788753596469,0.4080964559666938,1766201355.836099
0.7544795870780945,3.264300584793091,0.501063883304596,-7.329780148665985e-05,0.0008427534100654986,0.408347334150679,1766201355.83615
0.7544013261795044,3.264281988143921,0.5010837912559509,-0.0001418561923752781,0.0008381926251880901,0.4091537566937177,1766201355.845989
0.7545832991600037,3.2643983364105225,0.5010296106338501,5.4136138957607124e-05,0.0006459570652728392,0.40771800940372516,1766201355.85606
0.7545775771141052,3.2641866207122803,0.5010651350021362,8.756957371994116e-05,0.0007481598665546304,0.40770476898594527,1766201355.8660438
0.7545304298400879,3.2642710208892822,0.501136302947998,0.0004516522225511795,0.0006490245233781477,0.40794536994349845,1766201355.8760598
0.7543348670005798,3.2645413875579834,0.5012701153755188,-8.02428178344163e-05,0.00023229280030817346,0.408512588775657,1766201355.8861084
0.7543119788169861,3.2646288871765137,0.5011767745018005,6.520225818401181e-05,0.00039030379425841906,0.40875578699127,1766201355.886159
0.7545197606086731,3.264500617980957,0.5009787678718567,0.00042689322168942796,0.0007343991343570246,0.4077292839486558,1766201355.8960657
0.7544330358505249,3.264378786087036,0.5010145902633667,0.00028861435281763586,0.0008541515085791441,0.4082199018760786,1766201355.9060442
0.7544644474983215,3.264406681060791,0.5012847781181335,-0.00015257809038118268,0.0001415982733931722,0.4077752194548527,1766201355.916123
0.7543160915374756,3.264463424682617,0.501305341720581,-0.0003479252036404056,0.0003731813117437596,0.4084821705481015,1766201355.9260368
0.7545677423477173,3.2643046379089355,0.5012739896774292,-0.00017650184429696486,0.00015524461674602292,0.40715396875374105,1766201355.9360955
0.7544517517089844,3.264413595199585,0.5012857913970947,-0.00020255228858055563,0.00022173253148551395,0.4081909452608531,1766201355.9361477
0.7545828223228455,3.264307737350464,0.501341700553894,-0.00033475365432214066,9.471048608545821e-05,0.407096927480634,1766201355.946091
0.754561722278595,3.2642452716827393,0.5013806819915771,-0.0003377507145665694,0.00011306642108278095,0.40712869172197286,1766201355.9560978
0.7543717622756958,3.2642886638641357,0.5013479590415955,-0.00015431817824169532,0.00019728938315987187,0.4081977554342094,1766201355.9660947
0.7544567584991455,3.264103412628174,0.5014230608940125,-0.00017192047737135446,0.0002560992936971189,0.4077395259770498,1766201355.976092
0.7543311715126038,3.264242172241211,0.5013689994812012,-0.0002770987970623535,0.00031945190070391933,0.40826627011529704,1766201355.9861114
0.7535918354988098,3.264855146408081,0.5009686946868896,-1.58719543073372e-05,0.0010657333884497684,0.41233963065742407,1766201355.9861631
0.7543430328369141,3.264078378677368,0.5009967088699341,8.155501398874792e-06,0.0007681421850129714,0.4081539219828203,1766201355.996024
0.7543580532073975,3.2642369270324707,0.5013204216957092,0.00047800467804088914,-0.00015446092872076545,0.40750977981434966,1766201356.0061018
0.7538219094276428,3.2647414207458496,0.5009978413581848,4.89271845626269e-05,0.0004940626886743754,0.41086653593643535,1766201356.0161288
0.7544226050376892,3.264333724975586,0.5009650588035583,9.731175467662778e-05,0.0006510685963188049,0.40805539435480037,1766201356.0260954
0.7544453144073486,3.264312982559204,0.5009813904762268,0.00029588289621516184,0.0005877859307620407,0.40841562136076365,1766201356.0360842
0.754342794418335,3.264388084411621,0.5009642243385315,-4.153008284480555e-05,0.0008122308102732773,0.40885598620143393,1766201356.036135
0.7544695734977722,3.2642786502838135,0.5011078119277954,0.0004942297417246085,0.0005364856824571918,0.40802951423609535,1766201356.0460436
0.7542462348937988,3.264354705810547,0.5013449788093567,-0.00018395657717558606,0.00038054243110674865,0.4090454461976113,1766201356.0560942
0.7545962333679199,3.2641544342041016,0.5013774633407593,-0.0002404413553895441,6.557322763211981e-05,0.40695079784363775,1766201356.0661309
0.7545251250267029,3.264129161834717,0.5011447668075562,-0.00014476708548115654,0.0007200028317785923,0.40786626514154073,1766201356.0761354
0.754551887512207,3.264180898666382,0.501459002494812,-8.699350513324258e-05,3.667758471025687e-05,0.4076424394010362,1766201356.0861158
0.75453120470047,3.2642335891723633,0.5013245344161987,-0.00012874540727961115,0.0001336429612448009,0.40743095534662277,1766201356.0861678
0.7545456886291504,3.2642462253570557,0.501255989074707,-0.0004921222447233609,0.00017095267475659946,0.40745583818806563,1766201356.0960217
0.7546921372413635,3.264223575592041,0.5012648105621338,-9.049476116943123e-05,-9.180524773662056e-05,0.406512096415995,1766201356.1060994
0.7544276714324951,3.2644202709198,0.5010142922401428,0.0003487111303538623,0.0006532716042592329,0.4084364848326291,1766201356.1160958
0.754353404045105,3.264333963394165,0.5012837052345276,-0.0001680450657490809,0.00024124898119192947,0.40827022794282974,1766201356.1261098
0.754128098487854,3.2645986080169678,0.5011882185935974,-7.460076311903548e-05,0.00040716255507613965,0.40965266025241476,1766201356.1360927
0.7544088959693909,3.264533042907715,0.5009317994117737,1.1104657947835258e-05,0.0008111936641637088,0.40813056791844593,1766201356.1361444
0.7542688250541687,3.2645246982574463,0.501045286655426,-0.000430914791588898,0.00042712943249482223,0.4087838127833194,1766201356.1460311
0.754269540309906,3.264829158782959,0.5010585188865662,0.00011180174529261303,0.00042015580646707874,0.4092438426508772,1766201356.1561117
0.7546592354774475,3.264493227005005,0.5012489557266235,3.830385294613892e-06,8.994230186099798e-05,0.407487015973813,1766201356.1661055
0.7544792294502258,3.2644474506378174,0.5010033845901489,-0.00013381722576610036,0.0007917878310427459,0.4085863259291629,1766201356.176156
0.7544765472412109,3.2643041610717773,0.501335620880127,-0.0004696593691244433,0.0002502369827963061,0.40781087789671927,1766201356.1860836
0.754492461681366,3.264331102371216,0.5013786554336548,4.7983482522280254e-05,0.0002320065363307188,0.40804880380172076,1766201356.186139
0.7544445991516113,3.264375925064087,0.5013909339904785,-0.00018414948778741727,0.0003095362189007085,0.4083338232286199,1766201356.1960807
0.7545229196548462,3.264286518096924,0.5013912320137024,-0.00023764553009384854,0.00013102587601079342,0.40743057403085614,1766201356.2061203
0.7543524503707886,3.264324188232422,0.5012865662574768,-0.0006290431693519858,0.00040692314248916343,0.4087469664766041,1766201356.2160554
0.7544692754745483,3.2643072605133057,0.5012392997741699,-0.0005498411318373306,0.0002838126202198155,0.4075806604070807,1766201356.226059
0.7541211247444153,3.26467227935791,0.5011260509490967,2.8732379192926416e-05,0.0005371534432562598,0.4097225934835285,1766201356.2361114
0.7540358901023865,3.264833927154541,0.5009869337081909,-0.0002023999423018215,0.0005264731189505664,0.41023356282639545,1766201356.236162
0.7540595531463623,3.2646644115448,0.5010737180709839,-0.00020094837119861048,0.000760401408992875,0.41011889790403966,1766201356.2459922
0.754413366317749,3.264472007751465,0.500970184803009,5.070839823338844e-05,0.0008035249634953188,0.4082875164639757,1766201356.2560833
0.754327118396759,3.264434576034546,0.5012745261192322,-0.00031390547579820613,0.00039204890722611285,0.4084039289862041,1766201356.2661285
0.7540903091430664,3.2646517753601074,0.5011285543441772,-7.238041403908432e-05,0.00043294750422359174,0.41005642984470586,1766201356.2761025
0.7543797492980957,3.2643911838531494,0.5012947916984558,8.167858889065868e-05,0.00016766516035921788,0.40838802853956757,1766201356.286056
0.7545245885848999,3.2643983364105225,0.501033365726471,-2.8953300946331386e-06,0.0007297741086191483,0.40792424489381723,1766201356.2861068
0.7545157670974731,3.2642688751220703,0.5010655522346497,5.624173019527854e-05,0.0007136289913825723,0.40839550087676857,1766201356.2959821
0.7544050216674805,3.264293909072876,0.5010685920715332,0.00013196710920015294,0.0006795649627827087,0.4088166460744684,1766201356.3060443
0.7544575333595276,3.26420259475708,0.501084566116333,-0.00028588915746338294,0.0009376479818919571,0.4085512872065687,1766201356.3160968
0.7544577717781067,3.264281749725342,0.5011746883392334,0.00018844392869449487,0.0007694902716250388,0.4083565500752088,1766201356.3260581
0.7544535398483276,3.264328956604004,0.5010942816734314,0.00011071320664366082,0.0007946139344636983,0.4082131947651055,1766201356.3360972
0.7543924450874329,3.264242649078369,0.5013634562492371,-0.00020267684236093602,0.00033264178332328477,0.40812255535073244,1766201356.3361475
0.7544711232185364,3.2643280029296875,0.5012378096580505,-0.00016472465739483295,0.00024154013018981126,0.4077539994628324,1766201356.3460424
0.7545256614685059,3.2643027305603027,0.5013012290000916,-0.00014869858373445048,3.251077034775293e-05,0.4072546274418294,1766201356.3560436
0.7544056177139282,3.264443874359131,0.5009177327156067,6.68220001862217e-05,0.000779195354056113,0.40847048415337406,1766201356.3661227
0.7540531158447266,3.264788866043091,0.5010597705841064,0.0002113508092116159,0.00046497295584997536,0.4097484117415312,1766201356.3761003
0.7544604539871216,3.264390230178833,0.5011798739433289,-0.00019722858956134007,0.0002932263636825577,0.40769614931642933,1766201356.3860457
0.7545052766799927,3.264439582824707,0.5013111233711243,1.9210301648710612e-05,-4.645601090268412e-05,0.4073494166930218,1766201356.3860605
0.754531741142273,3.2644076347351074,0.5009778738021851,0.0001644369893730473,0.0008247475213299113,0.40791731659533853,1766201356.396094
0.7543238401412964,3.264374256134033,0.5010310411453247,-0.0001625696634471031,0.0010056401795794374,0.4088514622030453,1766201356.406108
0.754493772983551,3.2641959190368652,0.501402735710144,-0.0001622986382468981,3.821260282556021e-05,0.4076505047896243,1766201356.4160838
0.7544156908988953,3.2642927169799805,0.5013437271118164,-0.0002203798652179151,0.0001894597750031311,0.40831630117045287,1766201356.426055
0.7544220685958862,3.2642745971679688,0.5010250806808472,-0.0002678542414266973,0.0009364278248878155,0.40857129105237633,1766201356.436093
0.7544379234313965,3.2642641067504883,0.5014011263847351,-0.0004486290315154018,0.00038385878509521215,0.40798267222958473,1766201356.4361458
0.7543646097183228,3.2642815113067627,0.5011283755302429,0.00023354909134018728,0.0007764587788622228,0.40864917342996737,1766201356.4459825
0.7544211149215698,3.264253854751587,0.5010354518890381,2.7397845287893323e-05,0.0008895604447590706,0.40836858311072594,1766201356.4560964
0.7542088627815247,3.264524459838867,0.5011971592903137,4.8510546539178967e-05,0.0003818836820224093,0.4090603069833796,1766201356.4660666
0.754432737827301,3.2643141746520996,0.5009482502937317,-1.0897004972303176e-05,0.000852252589416921,0.40815261098143757,1766201356.4760425
0.754347562789917,3.264305353164673,0.5009494423866272,-0.00017320193653333715,0.000915452810371511,0.4085794091526078,1766201356.486123
0.753846287727356,3.2646219730377197,0.5010669231414795,-0.0001367855296606796,0.0008299914049951698,0.4114407944907214,1766201356.4861784
0.7545328736305237,3.2641682624816895,0.501321017742157,-0.0003249777802617295,9.176980794801912e-05,0.40722245787036154,1766201356.496092
0.7543740272521973,3.2644379138946533,0.5009633898735046,8.594014216149703e-05,0.000830446798479752,0.40838209574478174,1766201356.5061114
0.7543893456459045,3.2643542289733887,0.5010225176811218,-4.904458616975942e-05,0.0010243703897977936,0.40859132820756544,1766201356.5160954
0.7544535994529724,3.264396905899048,0.5013530850410461,-1.5181821688146172e-06,8.476278925812656e-05,0.4079249755002496,1766201356.5260725
0.7546031475067139,3.264162540435791,0.5014104247093201,-0.00022039846966986302,0.00012843424855896301,0.4072041752573763,1766201356.5361345
0.7543872594833374,3.26438570022583,0.5014170408248901,-9.405843412981867e-05,0.0002944934596090023,0.4084040984112194,1766201356.5361857
0.7545069456100464,3.2643027305603027,0.501376748085022,-6.227879682237582e-05,0.00018223221966936698,0.40777378047496277,1766201356.545982
0.7546015977859497,3.264108419418335,0.5013909339904785,-0.00044478870800880116,0.0003394500060092704,0.4072357595802258,1766201356.5560434
0.7545008659362793,3.264409303665161,0.5010157823562622,0.0002763847222184185,0.000652438040556909,0.4082152395526638,1766201356.5661166
0.7545859813690186,3.2643537521362305,0.5013079643249512,-0.00013488645092185787,-3.133493337820585e-05,0.4072339362710358,1766201356.5760632
0.7543429732322693,3.264444351196289,0.5013103485107422,1.7353865105141154e-05,0.0003260677242826283,0.408261512877898,1766201356.586121
0.7547392249107361,3.2642738819122314,0.501325786113739,-0.00011155611022839763,-0.00016745729827316632,0.4059596499129871,1766201356.586172
0.7543669939041138,3.2643792629241943,0.5008997321128845,-0.00010582876242511611,0.0009304389294323226,0.4086424640599704,1766201356.5960648
0.7544621229171753,3.2644388675689697,0.5008927583694458,5.493909035036345e-05,0.0008110904994409826,0.40776086367961656,1766201356.6060615
0.7544443011283875,3.2644059658050537,0.5010014176368713,6.7604109679434534e-06,0.0009403183184824818,0.4082272751017454,1766201356.6160452
0.7545760869979858,3.2644124031066895,0.5012227296829224,-0.0002750336745188693,0.00013730508279235614,0.4067902413121088,1766201356.6260548
0.7544087767601013,3.264343738555908,0.5012412667274475,-0.0002859144750764172,0.00046765842843054346,0.40813261693566283,1766201356.636087
0.7545210719108582,3.264338970184326,0.501013994216919,-8.924314157341688e-05,0.0007394947113715086,0.40805821791353886,1766201356.6361387
0.7545814514160156,3.2642524242401123,0.5011163949966431,0.0002214508268277649,0.0007556744387438349,0.40781607723672025,1766201356.6460435
0.7545316815376282,3.2642314434051514,0.5010788440704346,-3.5836418363278916e-05,0.0007177969152750495,0.4080391767163567,1766201356.6561038
0.7545579671859741,3.2642359733581543,0.5011168122291565,0.00011660025168299294,0.0007135862670025209,0.40773035528626217,1766201356.6660733
0.7544815540313721,3.2642993927001953,0.501068651676178,0.000155206749086634,0.0008254957875037455,0.4085274053138371,1766201356.6760714
0.7545679807662964,3.2642464637756348,0.5013550519943237,-2.37897010793509e-06,-2.8348617321459098e-05,0.4070908700665979,1766201356.6861
0.75407475233078,3.2647342681884766,0.5011211633682251,0.00019628078434654636,0.0005148532001825489,0.41008728635797953,1766201356.68615
0.7544614672660828,3.264415740966797,0.5010165572166443,0.000255517458937494,0.0007529469336744056,0.40796554827623444,1766201356.6959813
0.7545225620269775,3.2643017768859863,0.5012463331222534,-0.00023445957346166773,0.0001665514401116799,0.4074093934302847,1766201356.706103
0.7539450526237488,3.264896869659424,0.5009599924087524,-6.75595177411124e-05,0.0005855022432592178,0.4107821857525681,1766201356.7160854
0.7544167041778564,3.2642829418182373,0.5009456276893616,-6.79066354938401e-06,0.0008556873198160088,0.40825768000342516,1766201356.726064
0.7543842792510986,3.2645108699798584,0.5011528134346008,-0.0001686997839350686,0.00014206868643543047,0.40821590120396506,1766201356.7360692
0.7545723915100098,3.2643048763275146,0.5013137459754944,-0.0002687099108993137,0.00014442056195445522,0.407187028690376,1766201356.7360866
0.7545121908187866,3.2643775939941406,0.5010451078414917,9.099122207756261e-05,0.0006024650879230763,0.4079626737790543,1766201356.7459943
0.7545894384384155,3.264249801635742,0.5013172626495361,-0.00037894034522488034,0.0001685904746728596,0.40742763520937536,1766201356.756111
0.754410982131958,3.264408826828003,0.5012847781181335,-9.914302270755274e-05,0.00015807101630602632,0.40819906102408526,1766201356.7661176
0.7545309662818909,3.2642226219177246,0.5014103055000305,-0.0002587906211403748,0.0002628389544245027,0.40769257969875783,1766201356.7761004
0.7544334530830383,3.264148235321045,0.5011628270149231,-0.00010368446480473952,0.0008941262175624086,0.4085430160926894,1766201356.7860317
0.7544957399368286,3.2642064094543457,0.5011189579963684,9.954942775590781e-05,0.0007347514943719385,0.4082952252395389,1766201356.7860465
0.7546395659446716,3.264158010482788,0.5013377666473389,-0.0003389879716840254,9.878734708343506e-05,0.4067275929219749,1766201356.7961025
0.7544395327568054,3.264242172241211,0.5014262199401855,-8.01940095629432e-05,0.00016196550955822325,0.4080800440303462,1766201356.8061168
0.7543729543685913,3.2643911838531494,0.5009744763374329,8.24016949379534e-05,0.0008257567988326655,0.4089777202038485,1766201356.8184884
0.7545403838157654,3.264253854751587,0.5012921094894409,0.00013981954513318367,7.352259026546347e-05,0.40737783968413344,1766201356.8259904
0.7544313073158264,3.264408826828003,0.501384973526001,7.879295376258112e-05,7.3730138421481e-05,0.4076472190480919,1766201356.8359685
0.7544293403625488,3.2645061016082764,0.5010432004928589,0.0003998796787368756,0.0007286228863429161,0.40799239593711406,1766201356.835987
0.7545307278633118,3.2643094062805176,0.501034677028656,0.00035411010173936653,0.0005326453707322784,0.4075723039418204,1766201356.846063
0.754305362701416,3.264446258544922,0.5012017488479614,-0.00032445855335681107,0.0003950224456377431,0.408504316133177,1766201356.8561022
0.7545233964920044,3.264258861541748,0.5013689994812012,-5.547689208853519e-05,0.00013862362943281201,0.4075004668900637,1766201356.8660865
0.7544853091239929,3.264329433441162,0.5010582804679871,0.00018789701767752122,0.0007535834083039338,0.40814290768841704,1766201356.8760552
0.7545796632766724,3.264200210571289,0.5010308027267456,-3.20946785338937e-05,0.000719807804143486,0.40777585068120414,1766201356.8861146
0.7544205784797668,3.2642557621002197,0.5011429190635681,9.277382425735496e-05,0.0009825970082590542,0.40866139179970634,1766201356.8861685
0.7543649673461914,3.2642977237701416,0.5013924837112427,-0.00033147270319032837,0.0003318892602610796,0.40879171251515073,1766201356.895957
0.7541036009788513,3.2645695209503174,0.5011652708053589,-0.0002655047203963944,0.0005707884280961738,0.41023464418319916,1766201356.9060547
0.7545403838157654,3.2642574310302734,0.5013898015022278,-0.00027050071177461257,0.00013880289780286131,0.40737695540100644,1766201356.9161093
0.7545384168624878,3.2642910480499268,0.5013269186019897,-0.00021967438732904029,8.310651097947011e-05,0.4073036361167534,1766201356.926048
0.7545797228813171,3.264280080795288,0.501340389251709,-0.00010414646818210835,5.656776224212709e-05,0.40682285218510256,1766201356.9360979
0.7544606924057007,3.2642767429351807,0.5013498067855835,2.4982145568914137e-05,8.59791313843812e-05,0.407674413885806,1766201356.936147
0.7543538212776184,3.264341115951538,0.501296877861023,-9.758372742442484e-05,0.0003977678348619563,0.40855653216327653,1766201356.9460409
0.754439651966095,3.2643349170684814,0.5014057159423828,0.00023466215919036012,0.00013621964353718877,0.4079689208682752,1766201356.9561303
0.7545196413993835,3.26440167427063,0.501240611076355,-0.00014035775941084567,1.3436356726670496e-06,0.4072079429305814,1766201356.9661305
0.7544052600860596,3.2643046379089355,0.5013333559036255,-0.00013657083509889992,0.0002800568388196753,0.4081827598992904,1766201356.9761217
0.7543314695358276,3.264613151550293,0.501171886920929,0.0001632514421738385,0.00021794027656693406,0.40880724383791134,1766201356.98613
0.7544245719909668,3.2642829418182373,0.5009799003601074,-0.0004867222240044683,0.0010160905472533122,0.408844352824166,1766201356.9861798
0.7543932199478149,3.2642180919647217,0.5014088153839111,-0.0002971516059471188,0.00020370514266074375,0.4083873594171564,1766201356.996003
0.754559338092804,3.2642242908477783,0.5014135241508484,-0.00030296184199797257,4.961021748654673e-05,0.40748978480480635,1766201357.0061185
0.7545456886291504,3.264188528060913,0.5011215209960938,0.0003016337473395485,0.0006387025632014532,0.40767815616616626,1766201357.0160964
0.7542227506637573,3.2644031047821045,0.5013083219528198,-2.4760093979716326e-05,0.0005228047852318211,0.40910630665179887,1766201357.0260751
0.7543550729751587,3.2642533779144287,0.501439094543457,-1.6360314808784712e-05,0.00023262124234640623,0.4079463013007434,1766201357.0361023
0.7544426918029785,3.2643139362335205,0.501346230506897,-0.0001412868835557204,0.0003309524079892538,0.4078672569748784,1766201357.0461118
0.7543785572052002,3.2644808292388916,0.5013530254364014,0.0001445153861580367,0.00015655150644172197,0.40836685629978553,1766201357.0461638
0.7544611096382141,3.264437198638916,0.5013012886047363,-0.0002345592662925649,0.00017105227799318147,0.4076381368845769,1766201357.0560231
0.7543756365776062,3.2644786834716797,0.5009103417396545,-0.00018517500560562088,0.0009891482626690762,0.4087085341330345,1766201357.066066
0.7545093894004822,3.264335870742798,0.500912606716156,-0.00010018103816119288,0.0008498383569106524,0.40798141757312373,1766201357.0761056
0.7543677687644958,3.2643728256225586,0.5012478232383728,-0.0002638927479258193,0.0003558594819711533,0.40824066076492604,1766201357.08607
0.7545338869094849,3.2643041610717773,0.5013403296470642,-0.00011403770549499273,8.213629350998312e-05,0.4073843701528375,1766201357.0861201
0.7545250058174133,3.2642626762390137,0.5013679265975952,-0.00030653314689770494,0.0003482072604548353,0.40744555707296687,1766201357.0959766
0.7543149590492249,3.2642271518707275,0.5011098384857178,-0.00021604719168225465,0.0009526996017954832,0.40917460313745363,1766201357.106052
0.754467248916626,3.264282703399658,0.5011292099952698,0.00023647134246709405,0.0006469329362411312,0.4082729845014456,1766201357.1161053
0.7544236183166504,3.2641985416412354,0.5011151432991028,-5.3107198998646234e-05,0.0010014650555683039,0.4087888426748351,1766201357.1261034
0.754464864730835,3.2643158435821533,0.5013258457183838,-0.0004379721313804781,0.00022310752347712173,0.40788823306335853,1766201357.1360888
0.7545081377029419,3.2642505168914795,0.5013190507888794,-0.0002070937360319189,0.00029715502022408587,0.40759040388719137,1766201357.146115
0.7544606328010559,3.2642910480499268,0.5010877251625061,2.785211219341672e-05,0.0008547169674153931,0.4084534797880286,1766201357.1461642
0.7544687390327454,3.264378547668457,0.501340389251709,-9.078488112924928e-05,0.00014314275485969544,0.4077156416257442,1766201357.1560237
0.7543060779571533,3.26452374458313,0.501277506351471,-0.00012366951382113497,0.0002846772091818546,0.40866548171868733,1766201357.166103
0.7543889880180359,3.2644214630126953,0.5012914538383484,-0.0002715777551267554,0.0003214420326902144,0.4084288681631587,1766201357.176054
0.7540593147277832,3.264616012573242,0.5010567903518677,-0.0003664941963560311,0.0005940740051800449,0.40993567979636253,1766201357.1861129
0.7543980479240417,3.2643022537231445,0.5010042190551758,4.293321189560172e-05,0.0008145622589265372,0.4082531637382111,1766201357.1861744
0.7544949054718018,3.2643232345581055,0.5013231039047241,3.913695073796432e-05,8.089030458802793e-05,0.40732159011987235,1766201357.1960266
0.7539932727813721,3.2647171020507812,0.5010927319526672,-0.00023212047821968157,0.0008001608833033548,0.4105898581175996,1766201357.20611
0.7543455362319946,3.264618158340454,0.5011889934539795,-4.9224492894075755e-05,0.00037399095991303864,0.40873987877580525,1766201357.2161071
0.7545884847640991,3.2643117904663086,0.5013095140457153,-0.0003255244514454254,0.00011153303767335481,0.4073240892967826,1766201357.226101
0.7545316219329834,3.2643606662750244,0.5010269284248352,0.00029793508601939304,0.0007381916438606164,0.4081422564934929,1766201357.2361324
0.754578709602356,3.2643301486968994,0.5010945796966553,0.00014237875146342894,0.0007195892268270666,0.4079874730042484,1766201357.2461133
0.7546153664588928,3.2642431259155273,0.5013864636421204,-0.00024063414796667959,0.00013352245976331565,0.4071053151763378,1766201357.2461643
0.7543438673019409,3.2642197608947754,0.50137859582901,-0.0002665619471725669,0.0003358781562118873,0.4088161529057875,1766201357.2560418
0.7546893358230591,3.2641475200653076,0.5014441609382629,-0.00028022182668674774,-4.749986124416576e-05,0.4064907369489954,1766201357.2661023
0.7545154690742493,3.264267921447754,0.5014493465423584,0.0001631003486447283,-0.00011399525339052926,0.40730070842466076,1766201357.2760878
0.754360556602478,3.2644147872924805,0.5010591149330139,6.576236555645777e-05,0.000838383645339439,0.4087496017607562,1766201357.2861056
0.7541659474372864,3.264723777770996,0.5011352300643921,6.185482154528615e-05,0.00034547702907101866,0.4094500206456898,1766201357.286155
0.7545918822288513,3.264282703399658,0.5013288259506226,-2.1750806754239764e-05,1.6035736851080126e-05,0.4067469144199191,1766201357.2960253
0.7545201182365417,3.2642769813537598,0.5013404488563538,-6.194935867179279e-05,9.151148042389882e-05,0.40721433963202264,1766201357.3061047
0.7545325756072998,3.264409303665161,0.5012899041175842,-0.0002389280451008439,0.00013072718517956352,0.40764054349460116,1766201357.3161075
0.7547023296356201,3.264279842376709,0.5013477802276611,-0.0003227064518650679,0.000124741772731594,0.4066393667107697,1766201357.3261056
0.7544994354248047,3.2644736766815186,0.5010195970535278,0.00013141731523150054,0.0008623777885422358,0.40841538678691264,1766201357.3360734
0.7545046210289001,3.264404535293579,0.5010636448860168,0.00018762841741980853,0.0008104448169523947,0.40836829675715214,1766201357.3361347
0.7544499635696411,3.264375686645508,0.5013306736946106,-0.00044517922936381524,0.0002784206730979699,0.40824701594888646,1766201357.3460388
0.7543094158172607,3.264334201812744,0.5013158917427063,-0.00030666284097435496,0.0004298479603096945,0.4089339828102403,1766201357.3560843
0.7546402812004089,3.264312505722046,0.5014311075210571,0.00014256760690210037,-0.00025791331372493267,0.4066994124878356,1766201357.366057
0.754512369632721,3.264397382736206,0.5013415217399597,-0.0001822730388883933,0.00011103336044806047,0.4071444169482966,1766201357.376092
0.7544999718666077,3.2642462253570557,0.5011224746704102,0.00015999711246969192,0.0006714019240427866,0.4079809060158749,1766201357.3860736
0.7544053792953491,3.2643048763275146,0.5013043284416199,-0.0005266955908249719,0.00033192192907752764,0.40805518771304194,1766201357.386123
0.7545152902603149,3.2642951011657715,0.5013458728790283,-6.394712738540335e-05,4.546897648370216e-05,0.40728159663839497,1766201357.3960502
0.754557192325592,3.2642061710357666,0.5013604164123535,-0.00020708507768058256,6.97642079421871e-05,0.40706600487559774,1766201357.4061038
0.7542927265167236,3.264531373977661,0.5012410283088684,0.00034611597716506694,0.00016021940439558678,0.40855663766367994,1766201357.4160802
0.754353940486908,3.2643396854400635,0.5010254979133606,1.9622265811951032e-05,0.0009187687598566328,0.40857689600442665,1766201357.426054
0.7544798851013184,3.264248847961426,0.5012629628181458,-0.00043894427313472613,0.00019829601406777016,0.40761221493381894,1766201357.4360604
0.7543767690658569,3.264335870742798,0.5009692907333374,-7.874043867449974e-05,0.0009252578516028804,0.40862815144445686,1766201357.4361105
0.7545688152313232,3.264301061630249,0.5013456344604492,-3.8649728665742926e-05,-1.530678634484778e-05,0.4069853361081967,1766201357.4561007
0.754170298576355,3.2645058631896973,0.5013484954833984,-9.036489952946813e-05,0.0004197956420348205,0.4094624928913513,1766201357.4561517
0.754504919052124,3.2643136978149414,0.5014084577560425,-5.7089314724773415e-06,9.298846348241611e-05,0.40758708427804974,1766201357.4659843
0.7544746398925781,3.2641472816467285,0.5014082193374634,-0.0002034056657288766,0.0002337866808751519,0.40780766940047475,1766201357.4761333
0.7544662356376648,3.264183282852173,0.5013375282287598,-0.0005137978215426468,0.00028046517118071466,0.40801296140863286,1766201357.4861042
0.7546164989471436,3.2641689777374268,0.5014185309410095,8.630249859432775e-05,-0.00010672242880269555,0.40691792962306894,1766201357.4861534
0.7545814514160156,3.2643074989318848,0.5012604594230652,-0.00024252917071606496,0.00017073019118834368,0.40743942379678855,1766201357.4960337
0.7545527219772339,3.2642929553985596,0.5014121532440186,8.015627742403975e-05,0.00010279414958983305,0.40726076057936356,1766201357.5061092
0.7544960379600525,3.264347791671753,0.5012372136116028,-0.00022775006236906665,0.0001549552292842825,0.407702374786764,1766201357.5161026
0.7538789510726929,3.264786720275879,0.5010049343109131,-0.0004268302701907198,0.0009111076659978586,0.41098596031469775,1766201357.5261018
0.7543216347694397,3.2644083499908447,0.5009720921516418,0.00020997623522791387,0.0007539364666350692,0.40906185020655694,1766201357.5361283
0.7544200420379639,3.2643516063690186,0.5009372234344482,-8.665405149703452e-05,0.0009253805001729175,0.4083869018207937,1766201357.5461092
0.7544745802879333,3.264453649520874,0.5011954307556152,-0.00010371300469287505,6.473957107346452e-05,0.40747663095425507,1766201357.5560822
0.7543361783027649,3.264476776123047,0.5012866854667664,-0.00014634107081754418,0.00026996335012536757,0.4083319842962778,1766201357.556133
0.7543555498123169,3.264409065246582,0.5012727975845337,-0.00017653075804423884,0.00033377246034161826,0.4085985061665541,1766201357.566028
0.7545427083969116,3.264385938644409,0.5010578632354736,0.00023863985226920775,0.0006221347097877002,0.4078660755009259,1766201357.5760098
0.7544691562652588,3.264284610748291,0.5014200210571289,-0.00013235949014701875,0.00013352785348452742,0.40771523574512575,1766201357.58606
0.7543118596076965,3.264402389526367,0.5013342499732971,-0.00027297531666975455,0.00046658896027429306,0.4088932458195287,1766201357.5861104
0.7544269561767578,3.2641286849975586,0.5011156797409058,8.530966880902935e-05,0.0008258435437764856,0.40842981251378047,1766201357.6361344
0.7544735670089722,3.2642111778259277,0.5012922883033752,-0.00048250858603649893,0.00042461415597638813,0.40724910508435036,1766201357.6362352
0.7543553113937378,3.2643678188323975,0.5012197494506836,-0.00034123893841291004,0.0003094898393647998,0.4081618262935905,1766201357.6364205
0.7543638348579407,3.2643966674804688,0.5012956261634827,-0.0001687450915135555,0.00030633084765860434,0.4080886169210882,1766201357.6365225
0.7543593645095825,3.2644572257995605,0.5012768507003784,-3.550654750209795e-05,0.00012972547054969607,0.40825175819280674,1766201357.6459975
0.754426896572113,3.2644100189208984,0.5010604858398438,0.00035225713417726996,0.0005586392441248198,0.4080638298979503,1766201357.696081
0.7545654773712158,3.264303684234619,0.5013459920883179,-0.00022360417986291232,7.510237992580098e-05,0.406989893159122,1766201357.6961327
0.7544039487838745,3.2643229961395264,0.5010251998901367,-0.00027197751803314634,0.001008780603558106,0.4086493441416564,1766201357.696272
0.7545799016952515,3.264319658279419,0.5012085437774658,0.0003459981680505524,0.0005922240613822698,0.4077142671836088,1766201357.6963375
0.7545871734619141,3.2641444206237793,0.5013561844825745,-0.0004577968084686814,0.0002332848798770798,0.4071606342986966,1766201357.6963828
0.7546308636665344,3.2641870975494385,0.5014646053314209,-0.00022664770223575364,-3.0672390983600015e-06,0.4073518831009764,1766201357.70598
0.7546913027763367,3.2643747329711914,0.5013050436973572,-0.00036368138531329026,0.00015541539398501305,0.4068835320166039,1766201357.7160242
0.7544414401054382,3.264446258544922,0.5012167692184448,-0.0003023595878162855,0.0002977936309917697,0.4082101299617764,1766201357.7261066
0.7543586492538452,3.264251947402954,0.5013055205345154,-0.0003350487881152462,0.00045538937641626497,0.40818087420089105,1766201357.7360713
0.7544175982475281,3.264347791671753,0.5010400414466858,0.00016283379007507937,0.000720837041578732,0.4082343720397751,1766201357.7361217
0.7544448375701904,3.2642476558685303,0.501298189163208,-0.00030159771217242484,0.00028988437514537247,0.4075764791576064,1766201357.745982
0.7543314695358276,3.2644729614257812,0.50091952085495,-6.526975578824923e-05,0.0009773792597043151,0.40888855087282444,1766201357.7560475
0.7545410394668579,3.2642323970794678,0.5013232827186584,-0.0004064997470023234,7.54815801802743e-05,0.4068827327824878,1766201357.766044
0.7543835043907166,3.2643532752990723,0.5013246536254883,-0.00027816917610783506,0.00024729287235609104,0.40798556890556187,1766201357.776095
0.7544646263122559,3.264270305633545,0.5012764930725098,-0.0005939589323621312,0.0002916133686710086,0.40740937458368726,1766201357.7861023
0.754474401473999,3.2644214630126953,0.5013591647148132,-0.0001619793386327462,0.00023635030664140609,0.407556906983144,1766201357.7861521
0.7544168829917908,3.2642388343811035,0.5013715624809265,-0.0003775069554430364,0.0003068533878603837,0.40814529787035725,1766201357.796029
0.7546867728233337,3.2641119956970215,0.5014455914497375,-0.0001061913439941733,-0.00012870491959508624,0.4065367527117266,1766201357.8061101
0.7543946504592896,3.2644529342651367,0.5013466477394104,0.00017469163869277915,0.00011798011821657639,0.40799617024429924,1766201357.8160856
0.7544915676116943,3.264071464538574,0.5011464357376099,0.00015840609278511226,0.0006881381434084451,0.40783292159608253,1766201357.826108
0.7544983625411987,3.264300584793091,0.5011253356933594,0.00027526168479501394,0.0007145114594803148,0.40780240853206484,1766201357.8361347
0.7544216513633728,3.2643930912017822,0.5012897849082947,-9.172178116930653e-05,0.0002523136267638814,0.4078620317238887,1766201357.8361857
0.7542528510093689,3.2645349502563477,0.5012099742889404,-9.381692225096044e-05,0.0002883342296510421,0.40881294069580715,1766201357.8460355
0.754562258720398,3.2642717361450195,0.5012675523757935,-0.0002727445623987313,2.00376451992179e-05,0.4072149475727328,1766201357.866102
0.7543416023254395,3.264514923095703,0.5012302398681641,5.63302188697106e-05,0.0003397024214165056,0.40822008002044075,1766201357.8661528
0.7545772194862366,3.2642180919647217,0.501296877861023,-0.000270079506421346,0.00012127116035292747,0.4069007626144286,1766201357.8760245
0.7544246315956116,3.264284133911133,0.5009880661964417,-6.731155887220088e-06,0.0008189775476384589,0.40839119902395293,1766201357.8861148
0.7545694708824158,3.264310598373413,0.5012512803077698,-9.150047918431433e-05,0.000158080445473674,0.40708700636716594,1766201357.8861642
0.7544347047805786,3.264411687850952,0.5013633966445923,0.00020352011059325328,8.162132098520472e-05,0.40791042999632343,1766201357.896024
0.7545469403266907,3.264509916305542,0.5009698867797852,0.00015143182706619623,0.0007004335363034353,0.40815200245415434,1766201357.9060423
0.7545338273048401,3.2644810676574707,0.5009108781814575,8.292556283341437e-06,0.0007290570343040935,0.40832514577032236,1766201357.916096
0.7545068860054016,3.2644741535186768,0.5010309815406799,0.00044207808330062274,0.0006923373581148513,0.40886518608831063,1766201357.9260736
0.754572868347168,3.2645246982574463,0.5010300278663635,0.00030942834124857263,0.0006819300099880787,0.40819836224113126,1766201357.9360845
0.7545583844184875,3.264460802078247,0.5010889172554016,0.000344564906890802,0.0005684129906011314,0.4080450740350011,1766201357.9361358
0.7543765902519226,3.264371395111084,0.501340389251709,4.430150160460324e-05,0.00023419280369697408,0.4087139654953769,1766201357.9460487
0.7545072436332703,3.2643566131591797,0.5013278722763062,-3.0331524897025918e-06,0.00012794213750966119,0.40760018905683737,1766201357.966075
0.7544048428535461,3.264446973800659,0.500960111618042,-0.00019306861361940335,0.0009625943375163215,0.40847542215742344,1766201357.966092
0.7542951703071594,3.2645645141601562,0.5011601448059082,-0.0001284637787316656,0.00023514040644668244,0.40858130683303967,1766201357.976072
0.7540304064750671,3.264650344848633,0.5010064244270325,-0.00024282919832208484,0.0007466360573854594,0.4102389084116836,1766201357.9860606
0.7542098760604858,3.2646899223327637,0.5011788606643677,0.0002790736836356872,0.00022505648040463874,0.40916192944941054,1766201357.9861097
0.7543500065803528,3.2645514011383057,0.5012503266334534,-2.7418278211866404e-05,0.00032036817274077705,0.4083183354194921,1766201357.996023
0.7539963722229004,3.2645909786224365,0.5011391639709473,1.4299317516770751e-05,0.0005956606419557361,0.4101792268154194,1766201358.006039
0.754301130771637,3.2644505500793457,0.5008856654167175,-0.00030588159254729593,0.0010563041955056105,0.40887818053928254,1766201358.0160627
0.7543365359306335,3.2646687030792236,0.5011815428733826,-5.943507288196216e-05,0.00028194051614514534,0.4084696476345953,1766201358.02608
0.7543216943740845,3.2643425464630127,0.5013728737831116,-1.9301948504826365e-05,0.0003775229996164718,0.40852020449417437,1766201358.0360994
0.754504919052124,3.2642507553100586,0.5013536214828491,-5.081335878769705e-07,0.00011261884404241055,0.40718974718557416,1766201358.036201
0.7545855045318604,3.264371633529663,0.5010281801223755,0.00016749029949758562,0.0005621909916763961,0.4073358925421569,1766201358.045984
0.7545520067214966,3.264286518096924,0.5014835000038147,-3.541501045765958e-05,0.0001334598827317894,0.4072607591756754,1766201358.0561016
0.7546451687812805,3.264214515686035,0.501410186290741,-7.79260475583117e-05,7.302292249254013e-05,0.4066879958262086,1766201358.0661094
0.7544862627983093,3.2641563415527344,0.501058042049408,-1.9542202586689297e-06,0.0007603459707967374,0.40787575006801735,1766201358.0760863
0.7545756697654724,3.264346122741699,0.5010350942611694,0.00012861963533352793,0.000755332628307126,0.4074241270695779,1766201358.0860994
0.7545160055160522,3.2643675804138184,0.5010311603546143,0.00038821697688436754,0.0005146430868339637,0.40767051545708666,1766201358.0861485
0.7545294165611267,3.2642879486083984,0.5013572573661804,5.549910607295578e-05,3.100999982143142e-06,0.40720416031004236,1766201358.0959952
0.7542621493339539,3.2644577026367188,0.5012263059616089,-0.00028996164492193035,0.0004490968046908281,0.40876007574708234,1766201358.1060448
0.7543790936470032,3.2643306255340576,0.5010035634040833,-1.230510369886354e-05,0.0008740372562956875,0.4083302868821496,1766201358.1160457
0.7544474601745605,3.2642693519592285,0.501299262046814,-0.0005339705285053443,0.0003582758360050059,0.4075889532718617,1766201358.126109
0.7545214891433716,3.2641971111297607,0.5013939738273621,-8.354944970073586e-05,8.259580213163672e-05,0.4070006348989409,1766201358.136137
0.7544998526573181,3.2642529010772705,0.5011219382286072,0.0003339597717505743,0.0005757927851192623,0.40796633117054537,1766201358.1362371
0.7545757293701172,3.2642767429351807,0.5015012621879578,0.00017190766975071605,-0.00010858066219649429,0.40716012889917325,1766201358.1460783
0.7546830177307129,3.264126777648926,0.5015282034873962,-9.309303238686498e-05,-0.00021870704565203793,0.4066771312277515,1766201358.1561043
0.7544388771057129,3.264342784881592,0.5014764070510864,7.366308987764584e-05,0.00012701591124256772,0.40785223501906914,1766201358.1661294
0.7543900609016418,3.264251947402954,0.5011202096939087,-8.219207990216446e-05,0.0008320782162552984,0.408791412324659,1766201358.1761096
0.7542954683303833,3.2643299102783203,0.501320481300354,-0.0004065070144506301,0.0005407924401043646,0.40905110442742,1766201358.1861022
0.7546984553337097,3.264294385910034,0.50138258934021,3.1514194496733515e-06,4.375547344186059e-06,0.40689246845880617,1766201358.1862037
0.7544689774513245,3.264375925064087,0.5010478496551514,7.889277192148561e-05,0.0008428220128381584,0.40848773924036685,1766201358.196056
0.7544750571250916,3.264528751373291,0.5012496709823608,-7.075653685912787e-05,0.0001322557775679995,0.40774496053157955,1766201358.2060928
0.7545127868652344,3.2645480632781982,0.5012364387512207,-0.00014777032247918951,0.00017629202351984854,0.4074896625509099,1766201358.2161367
0.7543936967849731,3.2644407749176025,0.5012401938438416,-0.0003016997562756033,0.0003437485621659474,0.40803468360554035,1766201358.226104
0.7544304132461548,3.2645113468170166,0.5009236931800842,5.8586589239335924e-05,0.0008585210708545372,0.40870223729182065,1766201358.2360973
0.7544087171554565,3.264418601989746,0.5010005831718445,0.00034359808947046936,0.0007852421240396281,0.4084611936605186,1766201358.246094
0.7544416189193726,3.2643768787384033,0.501251220703125,-7.176609087280847e-05,0.00015777892960864873,0.4077888888735651,1766201358.2461996
0.754077672958374,3.2648520469665527,0.5011289715766907,-2.2875240546870685e-05,0.000499265640405553,0.41003338115096044,1766201358.256058
0.7543452382087708,3.2644693851470947,0.5013216733932495,-8.806422525057614e-05,0.0003078326677163591,0.4085503721077424,1766201358.276018
0.7544811367988586,3.2642159461975098,0.5010782480239868,-8.170016179883168e-05,0.0008422601192749379,0.40815133636069595,1766201358.2760353
0.7544832825660706,3.264248847961426,0.5010433197021484,8.357025861731918e-05,0.0007193409561316773,0.40828613537481534,1766201358.2860684
0.7545067071914673,3.264146327972412,0.5013855695724487,-0.0002882372703210643,0.00027106919756984013,0.40782698817477864,1766201358.2860818
0.7543432712554932,3.264253616333008,0.5013448596000671,-0.0003545627197877066,0.000387066562819675,0.40852644133790805,1766201358.2960792
0.7545612454414368,3.2641239166259766,0.5014628767967224,-0.00011429368847737656,7.655724875923429e-05,0.4073186274527584,1766201358.306052
0.7543896436691284,3.2642107009887695,0.5010162591934204,-0.00016400909964273531,0.0009154955014075933,0.4086548234024214,1766201358.31613
0.7544419765472412,3.2641758918762207,0.5012665390968323,-0.0004887121217698885,0.00043138512701606585,0.4077596370525309,1766201358.3260865
0.754419207572937,3.264181613922119,0.5013440251350403,-0.00020178734041322998,0.00014670469282202772,0.4078078585309775,1766201358.3361356
0.7544088959693909,3.264214515686035,0.5010412335395813,2.1669799566421206e-05,0.000871101489293509,0.40840049885462565,1766201358.3362381
0.7544078230857849,3.2642629146575928,0.5010064840316772,0.00012915185830112512,0.0008161293415227403,0.40845418678982376,1766201358.3460753
0.7544727325439453,3.26420521736145,0.5009872913360596,-0.0002033568574824315,0.0008981432856283482,0.4084245556193582,1766201358.3561034
0.7544683814048767,3.2642629146575928,0.5010144710540771,-6.108282005749086e-05,0.0009688030981809929,0.4085201977277221,1766201358.3661253
0.7545612454414368,3.2641994953155518,0.5011246800422668,0.00011656694381701582,0.000738619237449769,0.4077524381392498,1766201358.3761182
0.7544727921485901,3.2641868591308594,0.5010684728622437,0.0001399688537428158,0.0007381652892083613,0.408327158820118,1766201358.3860996
0.754417896270752,3.2642335891723633,0.5011466145515442,0.0002016908789602896,0.0007885884371579507,0.4084664870716022,1766201358.3861485
0.75447016954422,3.264157295227051,0.5011838674545288,0.00032794153636253034,0.0007436357570835735,0.40835274820464174,1766201358.3960621
0.7544376254081726,3.264212131500244,0.5011715888977051,0.00033671846305714375,0.0007349643793551528,0.40843889683158197,1766201358.4061208
0.7544055581092834,3.2642712593078613,0.5011175870895386,-3.7182152293909536e-05,0.0008834607375792355,0.40852113973853865,1766201358.4161277
0.7544150352478027,3.264366388320923,0.5013627409934998,-0.00011366344271667116,0.00019743325231496745,0.40793457300394764,1766201358.4261305
0.7543594837188721,3.264453887939453,0.5010765194892883,-8.095478170570249e-06,0.000912258138565076,0.4086213520710382,1766201358.4361289
0.7545486688613892,3.264456272125244,0.5012402534484863,-0.00022266555431637151,1.8380621046459448e-05,0.4071693464143136,1766201358.4461288
0.7543774843215942,3.264697313308716,0.5008792877197266,0.00041076953079384004,0.0007311930077923692,0.40820137768618653,1766201358.4461806
0.7544499635696411,3.2643980979919434,0.5012428760528564,-0.0002948393933960779,0.00015589835147209106,0.4073429756840558,1766201358.456055
0.7540351748466492,3.2649121284484863,0.5009231567382812,-0.00011556710793059136,0.0005053807904134945,0.409877684835495,1766201358.466075
0.7545215487480164,3.2645058631896973,0.501251220703125,-0.00023596112898633875,-5.841778773699332e-05,0.4071253676319657,1766201358.4761293
0.7543779015541077,3.2646379470825195,0.5011698603630066,-0.00013051000437422255,0.0001598289390503477,0.40782531003803374,1766201358.4860966
0.7544729709625244,3.2644548416137695,0.5012148022651672,-0.000465650693187723,0.0002793357726579807,0.40781072569877197,1766201358.486146
0.7544625997543335,3.264230251312256,0.5011900067329407,0.0002608511782448891,0.0007061408946318835,0.40818781132292686,1766201358.496065
0.7546594738960266,3.2641162872314453,0.5014476180076599,-0.000389155273044833,0.0001711946246369753,0.40670323869098807,1766201358.506044
0.7542600631713867,3.264375686645508,0.5013836622238159,-0.00040601881989242204,0.0005924532401356779,0.40941713489215054,1766201358.5161374
0.7544704675674438,3.2643015384674072,0.5014187097549438,-0.0001680452161735929,0.00025665268926545863,0.40774612508667574,1766201358.5261285
0.7544789910316467,3.264298439025879,0.5010585784912109,-4.760626152920384e-05,0.0008204607205969631,0.40849080819052735,1766201358.53611
0.7544316649436951,3.2642972469329834,0.5013590455055237,-0.00023812164386672235,0.00024274022650312696,0.40824420408538825,1766201358.53616
0.7544029951095581,3.2642886638641357,0.5013326406478882,-0.0004094148720686512,0.0003303494983831544,0.408190987643363,1766201358.545984
0.7544316649436951,3.264495372772217,0.5012443661689758,-7.71976994308609e-05,0.0003776284418082575,0.4078023298482689,1766201358.5560176
0.753594160079956,3.2651305198669434,0.5009159445762634,0.0005617089591474277,0.000979869696985483,0.41278558599968623,1766201358.5660355
0.7542240619659424,3.2647032737731934,0.5011809468269348,0.0003093041116984891,0.0002522575084910277,0.40904708605571044,1766201358.5760634
0.7543730735778809,3.2645223140716553,0.5013107061386108,7.500621380910513e-05,0.00018056270617525385,0.408124385132369,1766201358.5861125
0.7543958425521851,3.264517307281494,0.5009763240814209,3.772880053974599e-05,0.0007912668219250298,0.40858150196228615,1766201358.5861619
0.7542937994003296,3.264441967010498,0.5013046860694885,3.591295153239208e-05,0.00024210669484430367,0.4086449297911056,1766201358.5960634
0.7545747756958008,3.264300584793091,0.5013871788978577,1.9465787495199954e-05,1.871587520705123e-05,0.40714831286458764,1766201358.6060433
0.7545174360275269,3.2644145488739014,0.5013322234153748,8.264090299957587e-05,1.9107828351771272e-05,0.4072170905828016,1766201358.616108
0.7546560168266296,3.264338254928589,0.5013477802276611,-0.00014152619143150395,1.8169322088631606e-05,0.4064930487393151,1766201358.6261027
0.7544998526573181,3.264481544494629,0.501246988773346,-0.00034536425004029784,0.0001376675824322933,0.40763587187738165,1766201358.6360533
0.754751443862915,3.2641947269439697,0.501395046710968,-0.000169068418263745,-0.00018533923168062978,0.4064680377487975,1766201358.636144
0.7544659376144409,3.2643442153930664,0.5010935068130493,0.0001363207375996276,0.0007113734125042522,0.40848344126195085,1766201358.6460419
0.7544412016868591,3.2643191814422607,0.5012925267219543,-0.0001288928048281239,0.00021615852101395625,0.40781205589514774,1766201358.6559808
0.7544543147087097,3.2642483711242676,0.5013005137443542,-0.0003322992867383916,0.00020967097871559985,0.4076564397466444,1766201358.666112
0.7545679211616516,3.2642459869384766,0.5013086795806885,-0.00015175126027555335,0.00014041620650332576,0.4065601096610354,1766201358.6761055
0.7544488310813904,3.264446258544922,0.5012606382369995,-0.00016262627270259504,0.000305209860968031,0.40776883521246987,1766201358.68613
0.7545645833015442,3.2643861770629883,0.5012426376342773,-0.00015134024994321968,5.8118895841091055e-05,0.4066833942504113,1766201358.6862326
0.754510760307312,3.264362096786499,0.501235842704773,-0.0002795791779377851,0.00028681903830924424,0.40731063653544974,1766201358.6960626
0.7542172074317932,3.264730215072632,0.5011650919914246,0.00016257757555128893,0.0003537884511251478,0.40944992694514376,1766201358.7060504
0.7546212077140808,3.264329195022583,0.5012047290802002,-0.0002254498702052913,0.00030307117978135503,0.40690574837875776,1766201358.7161002
0.7538160681724548,3.2647745609283447,0.50102698802948,-0.00040121991724290193,0.0008476574507089529,0.41172047323016486,1766201358.7261136
0.7546603679656982,3.2642366886138916,0.5013519525527954,-0.00020397229212750854,4.7174173618761e-05,0.40629553819246605,1766201358.736119
0.7544567584991455,3.2642807960510254,0.5014448761940002,-0.000237180570089635,0.00024769880294808283,0.40779681532605366,1766201358.7361705
0.7544955015182495,3.264286756515503,0.5010950565338135,0.00013447822346877617,0.000792626132750395,0.4082341039942198,1766201358.7460766
0.7544962167739868,3.2643179893493652,0.5014733672142029,-0.00023380167626912588,0.00022028364509469085,0.40773816568891197,1766201358.756135
0.7543637752532959,3.264417886734009,0.5013004541397095,-0.0003826914909148848,0.00045285291477958277,0.40873262402881755,1766201358.7661266
0.7545753121376038,3.264340400695801,0.5013588070869446,5.7070393455905146e-05,-7.340240191776253e-05,0.40750970295710004,1766201358.7761145
0.7545012831687927,3.2644569873809814,0.5009728074073792,9.445601526827763e-05,0.0008261072767519599,0.40841268516020424,1766201358.7861295
0.7538535594940186,3.2649059295654297,0.5010169744491577,8.503105859530192e-05,0.0010060439609055694,0.4117350309471401,1766201358.7861779
0.7544472813606262,3.2644124031066895,0.5011563897132874,-0.0004470924724393477,0.0005128802302745055,0.40780254576007513,1766201358.796055
0.7545595765113831,3.26452374458313,0.5012024641036987,-0.00036718765619118043,0.00031617780582478364,0.4071974984264255,1766201358.8060737
0.7542262077331543,3.264636516571045,0.5012041330337524,0.00011253637360814021,0.00034617617607048324,0.4093283562687541,1766201358.8162885
0.7545701861381531,3.264491558074951,0.5012403726577759,-0.0002666364353037975,8.229421587610572e-05,0.4071619266759819,1766201358.8260179
0.7546930909156799,3.264390230178833,0.5013415813446045,-0.000105977559673169,-6.303109741016792e-05,0.40664983509120256,1766201358.8360634
0.7544581294059753,3.2644829750061035,0.5013624429702759,7.997291617617354e-05,-2.1325729025058573e-05,0.4081133247326322,1766201358.8459668
0.7546535134315491,3.264166831970215,0.5014178156852722,-7.722264371587515e-05,-6.049947194251803e-05,0.4066746869093946,1766201358.8459973
0.7544722557067871,3.2643818855285645,0.5014067888259888,6.151646610242011e-05,0.00014384256936465239,0.4077741065613251,1766201358.8559616
0.754542887210846,3.264090061187744,0.5011606812477112,0.00017584646552232594,0.0006396768923254616,0.40792809514016354,1766201358.8660817
0.7544829249382019,3.264174699783325,0.5010964870452881,-4.1968348761737394e-05,0.0008339376375778891,0.4082781859406745,1766201358.876094
0.7545202970504761,3.2642555236816406,0.5010665655136108,8.483555598691918e-05,0.0008143472695460896,0.4082371143864582,1766201358.885994
0.7542816996574402,3.2643611431121826,0.5013509392738342,-0.00016458522790987099,0.0003234741385370505,0.40907506340902655,1766201358.8860097
0.7545236349105835,3.2643659114837646,0.5012966990470886,-2.8008034081648094e-05,1.4052766315586245e-05,0.40737986723831343,1766201358.8959599
0.7544634342193604,3.2643961906433105,0.5010289549827576,0.0004837966684996329,0.0006149649020948152,0.408095647809718,1766201358.9061208
0.7544345855712891,3.26438045501709,0.5012208223342896,-0.00030700891864108686,0.00029783874244941665,0.40785866654053105,1766201358.9160614
0.7542073130607605,3.264680862426758,0.5011346340179443,-7.672025017111634e-05,0.0004270828977576402,0.40904859650480097,1766201358.9260743
0.7543940544128418,3.2643282413482666,0.501242995262146,-0.0004240452292087657,0.000380620939476226,0.40809527745831414,1766201358.9360209
0.7542620897293091,3.264453172683716,0.5011899471282959,-0.0002715409193140656,0.00035361794620254326,0.40867988846612646,1766201358.9460633
0.7543448209762573,3.26440691947937,0.5013320446014404,-0.0003456533593943525,0.00036002206094862564,0.4084545679766284,1766201358.9460888
0.7543926239013672,3.264371633529663,0.5013131499290466,-3.875329770202398e-05,0.00018173771981365135,0.40809358949411256,1766201358.9559894
0.7543458342552185,3.2642924785614014,0.5013493299484253,-0.0001259357191373979,0.000425126510909282,0.40837404887825113,1766201358.9659631
0.7545121312141418,3.26411509513855,0.5014075636863708,-0.00030397051466934504,0.00023818824858325624,0.4076127374768705,1766201358.9759984
