X_Human,Y_Human,Theta_Human,X_Robot,Y_Robot,Theta_Robot,time
-0.5265259146690369,-2.218086004257202,0.02269681437930991,0.28386542201042175,3.6110122203826904,-1.606032904436473,1766201951.2160888
-0.522715151309967,-2.218367576599121,0.02231656041534548,0.28386542201042175,3.6110122203826904,-1.606032904436473,1766201951.2260203
-0.522715151309967,-2.218367576599121,0.02231656041534548,0.2811659276485443,3.6127874851226807,-1.5933356875719207,1766201951.2161114
-0.5184226632118225,-2.2188589572906494,0.02092746651889069,0.2811659276485443,3.6127874851226807,-1.5933356875719207,1766201951.236016
-0.5184226632118225,-2.2188589572906494,0.02092746651889069,0.28375905752182007,3.6108970642089844,-1.606084806715665,1766201951.2260046
-0.5184226632118225,-2.2188589572906494,0.02092746651889069,0.28107210993766785,3.6128010749816895,-1.5935235313523104,1766201951.2360008
-0.5184226632118225,-2.2188589572906494,0.02092746651889069,0.28366315364837646,3.61077618598938,-1.6059670278291158,1766201951.2459776
-0.5143548250198364,-2.2192530632019043,0.014411009678900116,0.28366315364837646,3.61077618598938,-1.6059670278291158,1766201951.245997
-0.5107242465019226,-2.2194347381591797,0.014693743172207056,0.28366315364837646,3.61077618598938,-1.6059670278291158,1766201951.256027
-0.5107242465019226,-2.2194347381591797,0.014693743172207056,0.2818984091281891,3.6119394302368164,-1.5974372622529531,1766201951.2560084
-0.5107242465019226,-2.2194347381591797,0.014693743172207056,0.2818969190120697,3.613369941711426,-1.6047758221338961,1766201951.2661247
-0.5068138837814331,-2.219677209854126,0.013013737671177427,0.2818969190120697,3.613369941711426,-1.6047758221338961,1766201951.2661612
-0.5068138837814331,-2.219677209854126,0.013013737671177427,0.28371378779411316,3.6107800006866455,-1.6059428094737755,1766201951.276123
-0.5032406449317932,-2.21976900100708,0.004487328199552439,0.28371378779411316,3.6107800006866455,-1.6059428094737755,1766201951.2761629
-0.5032406449317932,-2.21976900100708,0.004487328199552439,0.2812511920928955,3.612739324569702,-1.5939870295591958,1766201951.2761798
-0.49907058477401733,-2.219848155975342,0.005799940882072237,0.2812511920928955,3.612739324569702,-1.5939870295591958,1766201951.2761908
-0.4959019720554352,-2.2196762561798096,-4.8677841209270585e-05,0.2812511920928955,3.612739324569702,-1.5939870295591958,1766201951.286001
-0.4959019720554352,-2.2196762561798096,-4.8677841209270585e-05,0.28377407789230347,3.610844373703003,-1.6060142842642489,1766201951.285984
-0.4959019720554352,-2.2196762561798096,-4.8677841209270585e-05,0.2811480462551117,3.612726926803589,-1.5928893239679458,1766201951.2959855
-0.4917870759963989,-2.2198402881622314,-0.00394297801173202,0.2811480462551117,3.612726926803589,-1.5928893239679458,1766201951.2960157
-0.4917870759963989,-2.2198402881622314,-0.00394297801173202,0.283821165561676,3.610788583755493,-1.6057095519188564,1766201951.306034
-0.48832976818084717,-2.219607353210449,-0.005793266079693473,0.283821165561676,3.610788583755493,-1.6057095519188564,1766201951.3060517
-0.48832976818084717,-2.219607353210449,-0.005793266079693473,0.28204721212387085,3.613370180130005,-1.6045653603293568,1766201951.316015
-0.48454388976097107,-2.219447374343872,-0.009955285456107988,0.28204721212387085,3.613370180130005,-1.6045653603293568,1766201951.3160322
-0.48454388976097107,-2.219447374343872,-0.009955285456107988,0.2837063670158386,3.6107373237609863,-1.605869262051938,1766201951.316038
-0.4808952510356903,-2.2191450595855713,-0.016621959953217996,0.2837063670158386,3.6107373237609863,-1.605869262051938,1766201951.3161395
-0.4808952510356903,-2.2191450595855713,-0.016621959953217996,0.2811610698699951,3.6127448081970215,-1.593495892226666,1766201951.3260381
-0.47719937562942505,-2.21880841255188,-0.021420080819311866,0.2811610698699951,3.6127448081970215,-1.593495892226666,1766201951.3260586
-0.47719937562942505,-2.21880841255188,-0.021420080819311866,0.28382205963134766,3.610907554626465,-1.6059278453332027,1766201951.3360105
-0.4732367992401123,-2.218549966812134,-0.023113332552330567,0.28382205963134766,3.610907554626465,-1.6059278453332027,1766201951.336027
-0.4732367992401123,-2.218549966812134,-0.023113332552330567,0.2811891436576843,3.612835168838501,-1.5936006020293516,1766201951.346091
-0.4694068133831024,-2.218096971511841,-0.027697779662857688,0.2811891436576843,3.612835168838501,-1.5936006020293516,1766201951.346122
-0.4694068133831024,-2.218096971511841,-0.027697779662857688,0.28370895981788635,3.610834836959839,-1.6061703773334246,1766201951.3560297
-0.46556106209754944,-2.217665672302246,-0.03764390544805866,0.28370895981788635,3.610834836959839,-1.6061703773334246,1766201951.3560545
-0.46191146969795227,-2.216984510421753,-0.03998545666474803,0.28370895981788635,3.610834836959839,-1.6061703773334246,1766201951.366077
-0.46191146969795227,-2.216984510421753,-0.03998545666474803,0.2818644642829895,3.6120991706848145,-1.5973420554661089,1766201951.3660643
-0.46191146969795227,-2.216984510421753,-0.03998545666474803,0.2811028063297272,3.6128458976745605,-1.5935140686489937,1766201951.3760939
-0.4580683708190918,-2.2164525985717773,-0.04448239906369086,0.2811028063297272,3.6128458976745605,-1.5935140686489937,1766201951.3761284
-0.4580683708190918,-2.2164525985717773,-0.04448239906369086,0.2836684584617615,3.6107189655303955,-1.6056981045368792,1766201951.3761437
-0.45409512519836426,-2.2157740592956543,-0.049977761550627706,0.2836684584617615,3.6107189655303955,-1.6056981045368792,1766201951.3761542
-0.45021477341651917,-2.2151710987091064,-0.051733186607404315,0.2836684584617615,3.6107189655303955,-1.6056981045368792,1766201951.3861294
-0.45021477341651917,-2.2151710987091064,-0.051733186607404315,0.2819173336029053,3.61191463470459,-1.5976515841411594,1766201951.3861187
-0.44631099700927734,-2.2144289016723633,-0.0570048172864382,0.2819173336029053,3.61191463470459,-1.5976515841411594,1766201951.3961182
-0.44631099700927734,-2.2144289016723633,-0.0570048172864382,0.28192487359046936,3.6120553016662598,-1.597759622726691,1766201951.3961024
-0.44631099700927734,-2.2144289016723633,-0.0570048172864382,0.2812037467956543,3.612865686416626,-1.593727417093384,1766201951.4061534
-0.44169506430625916,-2.213970184326172,-0.058988305415555296,0.2812037467956543,3.612865686416626,-1.593727417093384,1766201951.4062004
-0.44169506430625916,-2.213970184326172,-0.058988305415555296,0.28381824493408203,3.610880136489868,-1.6060019362749554,1766201951.4161308
-0.4384130835533142,-2.2127182483673096,-0.06717090516319676,0.28381824493408203,3.610880136489868,-1.6060019362749554,1766201951.4161658
-0.4384130835533142,-2.2127182483673096,-0.06717090516319676,0.2813267707824707,3.6127638816833496,-1.594225760823909,1766201951.4161813
-0.4345954656600952,-2.2116804122924805,-0.07274724198763406,0.2813267707824707,3.6127638816833496,-1.594225760823909,1766201951.4161916
-0.43039628863334656,-2.2108283042907715,-0.076868243337124,0.2813267707824707,3.6127638816833496,-1.594225760823909,1766201951.4260857
-0.43039628863334656,-2.2108283042907715,-0.076868243337124,0.2837466597557068,3.610675573348999,-1.605348287482332,1766201951.426074
-0.43039628863334656,-2.2108283042907715,-0.076868243337124,0.28135913610458374,3.6126694679260254,-1.5943503393663419,1766201951.4361277
-0.4257458448410034,-2.21018123626709,-0.07908078618604604,0.28135913610458374,3.6126694679260254,-1.5943503393663419,1766201951.4361613
-0.4224916696548462,-2.2086360454559326,-0.08767425644102869,0.28135913610458374,3.6126694679260254,-1.5943503393663419,1766201951.4461386
-0.4224916696548462,-2.2086360454559326,-0.08767425644102869,0.283900648355484,3.611036777496338,-1.605945615661986,1766201951.4461055
-0.4183652698993683,-2.207496404647827,-0.09372777645715466,0.283900648355484,3.611036777496338,-1.605945615661986,1766201951.45619
-0.4183652698993683,-2.207496404647827,-0.09372777645715466,0.2823448181152344,3.613107204437256,-1.6050201638945791,1766201951.4561434
-0.4183652698993683,-2.207496404647827,-0.09372777645715466,0.28195780515670776,3.6119496822357178,-1.5980987888685443,1766201951.4661596
-0.4144115746021271,-2.206271171569824,-0.10092332664193691,0.28195780515670776,3.6119496822357178,-1.5980987888685443,1766201951.466199
-0.4144115746021271,-2.206271171569824,-0.10092332664193691,0.28127163648605347,3.6127021312713623,-1.593961623301616,1766201951.4662569
-0.4101669490337372,-2.205125331878662,-0.10413140747501395,0.28127163648605347,3.6127021312713623,-1.593961623301616,1766201951.466277
-0.4057178497314453,-2.2039198875427246,-0.11082322065534637,0.28127163648605347,3.6127021312713623,-1.593961623301616,1766201951.4760814
-0.4057178497314453,-2.2039198875427246,-0.11082322065534637,0.283708781003952,3.6107635498046875,-1.6059760849977769,1766201951.4760706
-0.4057178497314453,-2.2039198875427246,-0.11082322065534637,0.2811726927757263,3.6127638816833496,-1.5932392187072415,1766201951.4861407
-0.40175315737724304,-2.2023425102233887,-0.12007623555124458,0.2811726927757263,3.6127638816833496,-1.5932392187072415,1766201951.486191
-0.39727792143821716,-2.2012016773223877,-0.12516307891888045,0.2811726927757263,3.6127638816833496,-1.5932392187072415,1766201951.4962122
-0.39727792143821716,-2.2012016773223877,-0.12516307891888045,0.28369730710983276,3.6107876300811768,-1.6062292248829713,1766201951.4961624
-0.3928280174732208,-2.1997036933898926,-0.13434122666848708,0.28369730710983276,3.6107876300811768,-1.6062292248829713,1766201951.50612
-0.3928280174732208,-2.1997036933898926,-0.13434122666848708,0.2820025384426117,3.612060070037842,-1.5975283746636086,1766201951.5060759
-0.3928280174732208,-2.1997036933898926,-0.13434122666848708,0.28125736117362976,3.612840175628662,-1.5935852305637748,1766201951.5161223
-0.38757845759391785,-2.198617696762085,-0.13934931817603274,0.28125736117362976,3.612840175628662,-1.5935852305637748,1766201951.516168
-0.38757845759391785,-2.198617696762085,-0.13934931817603274,0.2836771309375763,3.610717535018921,-1.605801366178733,1766201951.5162227
-0.3827645480632782,-2.1970763206481934,-0.14944115011245668,0.2836771309375763,3.610717535018921,-1.605801366178733,1766201951.5162435
-0.37858185172080994,-2.1953704357147217,-0.16193812571072944,0.2836771309375763,3.610717535018921,-1.605801366178733,1766201951.5260277
-0.37858185172080994,-2.1953704357147217,-0.16193812571072944,0.2819714844226837,3.611928701400757,-1.5978149050732033,1766201951.5260146
-0.37858185172080994,-2.1953704357147217,-0.16193812571072944,0.28202614188194275,3.612006425857544,-1.5980324514987192,1766201951.5360403
-0.3733615577220917,-2.193723201751709,-0.17417183557565039,0.28202614188194275,3.612006425857544,-1.5980324514987192,1766201951.5360515
-0.368180513381958,-2.1921777725219727,-0.18640957867551441,0.28202614188194275,3.612006425857544,-1.5980324514987192,1766201951.5461564
-0.368180513381958,-2.1921777725219727,-0.18640957867551441,0.28119492530822754,3.612793445587158,-1.5931301687431243,1766201951.5461164
-0.36211317777633667,-2.1909728050231934,-0.19757039961532713,0.28119492530822754,3.612793445587158,-1.5931301687431243,1766201951.5561736
-0.36211317777633667,-2.1909728050231934,-0.19757039961532713,0.2837703227996826,3.610807418823242,-1.6059593634697453,1766201951.5561314
-0.36211317777633667,-2.1909728050231934,-0.19757039961532713,0.28116151690483093,3.6127219200134277,-1.5930323855986048,1766201951.5660903
-0.35742855072021484,-2.1888859272003174,-0.2146758777002474,0.28116151690483093,3.6127219200134277,-1.5930323855986048,1766201951.5661325
-0.35742855072021484,-2.1888859272003174,-0.2146758777002474,0.28371551632881165,3.610671043395996,-1.6054145389113388,1766201951.5661855
-0.35165849328041077,-2.187126398086548,-0.2315516378295102,0.28371551632881165,3.610671043395996,-1.6054145389113388,1766201951.5662062
-0.35165849328041077,-2.187126398086548,-0.2315516378295102,0.2819116413593292,3.6120142936706543,-1.5976765704299964,1766201951.57611
-0.34603679180145264,-2.1854193210601807,-0.25048272246496855,0.2819116413593292,3.6120142936706543,-1.5976765704299964,1766201951.5761514
-0.34603679180145264,-2.1854193210601807,-0.25048272246496855,0.2819165289402008,3.6119871139526367,-1.5978246759300814,1766201951.5860577
-0.3397054672241211,-2.1835036277770996,-0.27091491910434096,0.2819165289402008,3.6119871139526367,-1.5978246759300814,1766201951.586089
-0.3397054672241211,-2.1835036277770996,-0.27091491910434096,0.28194448351860046,3.612036943435669,-1.5979770439834444,1766201951.596013
-0.33340200781822205,-2.181702136993408,-0.29053305897059956,0.28194448351860046,3.612036943435669,-1.5979770439834444,1766201951.5960252
-0.33340200781822205,-2.181702136993408,-0.29053305897059956,0.28190329670906067,3.611968517303467,-1.597956862740072,1766201951.6061177
-0.3270657956600189,-2.1798441410064697,-0.31492826784317124,0.28190329670906067,3.611968517303467,-1.597956862740072,1766201951.6061587
-0.32050544023513794,-2.1780312061309814,-0.33950746173264357,0.28190329670906067,3.611968517303467,-1.597956862740072,1766201951.616164
-0.32050544023513794,-2.1780312061309814,-0.33950746173264357,0.2819821834564209,3.612008571624756,-1.598249604744192,1766201951.6161244
-0.31308454275131226,-2.1759767532348633,-0.36908983062054174,0.2819821834564209,3.612008571624756,-1.598249604744192,1766201951.6162415
-0.31308454275131226,-2.1759767532348633,-0.36908983062054174,0.2819767892360687,3.611971378326416,-1.598263229467828,1766201951.616221
-0.3069451153278351,-2.1743052005767822,-0.3938181864186271,0.2819767892360687,3.611971378326416,-1.598263229467828,1766201951.6260684
-0.3069451153278351,-2.1743052005767822,-0.3938181864186271,0.2811121344566345,3.6127820014953613,-1.593159629235126,1766201951.626056
-0.3069451153278351,-2.1743052005767822,-0.3938181864186271,0.2838158905506134,3.6109094619750977,-1.6058823933157556,1766201951.6361194
-0.2996880114078522,-2.172456979751587,-0.42455963172588684,0.2838158905506134,3.6109094619750977,-1.6058823933157556,1766201951.6361594
-0.2996880114078522,-2.172456979751587,-0.42455963172588684,0.28197476267814636,3.611978769302368,-1.5978432277659995,1766201951.6461263
-0.2928786277770996,-2.1705498695373535,-0.4551660031524983,0.28197476267814636,3.611978769302368,-1.5978432277659995,1766201951.6461658
-0.2928786277770996,-2.1705498695373535,-0.4551660031524983,0.28103649616241455,3.6129343509674072,-1.5924702715036922,1766201951.6561127
-0.2853105962276459,-2.168588876724243,-0.48957301009816906,0.28103649616241455,3.6129343509674072,-1.5924702715036922,1766201951.6561542
-0.2853105962276459,-2.168588876724243,-0.48957301009816906,0.28391191363334656,3.6111083030700684,-1.605884811443703,1766201951.6661105
-0.2781733274459839,-2.166802406311035,-0.5234955807580712,0.28391191363334656,3.6111083030700684,-1.605884811443703,1766201951.6661496
-0.2707970142364502,-2.165005922317505,-0.5572392530266497,0.28391191363334656,3.6111083030700684,-1.605884811443703,1766201951.6761565
-0.2707970142364502,-2.165005922317505,-0.5572392530266497,0.2820122539997101,3.6119613647460938,-1.597849064056596,1766201951.6761162
-0.2633739709854126,-2.1632161140441895,-0.5935433605067582,0.2820122539997101,3.6119613647460938,-1.597849064056596,1766201951.686152
-0.2633739709854126,-2.1632161140441895,-0.5935433605067582,0.281080961227417,3.612967014312744,-1.592848634059014,1766201951.6861117
-0.2555560767650604,-2.1614227294921875,-0.6301794533133477,0.281080961227417,3.612967014312744,-1.592848634059014,1766201951.6862686
-0.2555560767650604,-2.1614227294921875,-0.6301794533133477,0.28388944268226624,3.6111021041870117,-1.6060879602492064,1766201951.6862466
-0.2555560767650604,-2.1614227294921875,-0.6301794533133477,0.2811681032180786,3.612870454788208,-1.5936650663387633,1766201951.69604
-0.24816051125526428,-2.1596925258636475,-0.6685764158775664,0.2811681032180786,3.612870454788208,-1.5936650663387633,1766201951.6960502
-0.24816051125526428,-2.1596925258636475,-0.6685764158775664,0.28201863169670105,3.6118955612182617,-1.598648088365721,1766201951.7061024
-0.24032512307167053,-2.1579861640930176,-0.7067516214035229,0.28201863169670105,3.6118955612182617,-1.598648088365721,1766201951.7061427
-0.24032512307167053,-2.1579861640930176,-0.7067516214035229,0.28193801641464233,3.612042188644409,-1.5979341725289085,1766201951.7161229
-0.23282042145729065,-2.1563594341278076,-0.7468574255847727,0.28193801641464233,3.612042188644409,-1.5979341725289085,1766201951.7161622
-0.23282042145729065,-2.1563594341278076,-0.7468574255847727,0.28193700313568115,3.6121325492858887,-1.5981569987956978,1766201951.7162187
-0.22501181066036224,-2.1548171043395996,-0.7838076713580892,0.28193700313568115,3.6121325492858887,-1.5981569987956978,1766201951.7162428
-0.2171819657087326,-2.153320789337158,-0.8225708483979739,0.28193700313568115,3.6121325492858887,-1.5981569987956978,1766201951.726077
-0.2171819657087326,-2.153320789337158,-0.8225708483979739,0.28197693824768066,3.6120381355285645,-1.5982449092917619,1766201951.7260656
-0.20872853696346283,-2.152088165283203,-0.8634645174348853,0.28197693824768066,3.6120381355285645,-1.5982449092917619,1766201951.7360673
-0.20872853696346283,-2.152088165283203,-0.8634645174348853,0.2819986343383789,3.61202073097229,-1.598624364114634,1766201951.736055
-0.20169763267040253,-2.1505508422851562,-0.8968445132304208,0.2819986343383789,3.61202073097229,-1.598624364114634,1766201951.7461438
-0.20169763267040253,-2.1505508422851562,-0.8968445132304208,0.2812492251396179,3.6128344535827637,-1.593809435355044,1766201951.7461045
-0.20169763267040253,-2.1505508422851562,-0.8968445132304208,0.28370043635368347,3.6106791496276855,-1.6054123462630132,1766201951.756109
-0.19468533992767334,-2.149031400680542,-0.9380758699340325,0.28370043635368347,3.6106791496276855,-1.6054123462630132,1766201951.7561512
-0.19468533992767334,-2.149031400680542,-0.9380758699340325,0.2811361849308014,3.612870216369629,-1.5931606555616356,1766201951.76612
-0.18619731068611145,-2.147778272628784,-0.9738603126825366,0.2811361849308014,3.612870216369629,-1.5931606555616356,1766201951.7661607
-0.18619731068611145,-2.147778272628784,-0.9738603126825366,0.28365716338157654,3.6107282638549805,-1.6056708951248866,1766201951.7662156
-0.17840266227722168,-2.1466224193573,-1.014043537515613,0.28365716338157654,3.6107282638549805,-1.6056708951248866,1766201951.766235
-0.17142195999622345,-2.1452267169952393,-1.0440437401979088,0.28365716338157654,3.6107282638549805,-1.6056708951248866,1766201951.7761633
-0.17142195999622345,-2.1452267169952393,-1.0440437401979088,0.2813323736190796,3.612722158432007,-1.594309930523704,1766201951.776122
-0.17142195999622345,-2.1452267169952393,-1.0440437401979088,0.2843969762325287,3.613403797149658,-1.6133007809153774,1766201951.7861135
-0.16429761052131653,-2.144036293029785,-1.0777748727988488,0.2843969762325287,3.613403797149658,-1.6133007809153774,1766201951.7861533
-0.16429761052131653,-2.144036293029785,-1.0777748727988488,0.28134310245513916,3.6126911640167236,-1.594235903338705,1766201951.7961276
-0.15676406025886536,-2.1429250240325928,-1.1146902900318942,0.28134310245513916,3.6126911640167236,-1.594235903338705,1766201951.7961664
-0.15676406025886536,-2.1429250240325928,-1.1146902900318942,0.28369247913360596,3.610677480697632,-1.6055622959351872,1766201951.8061275
-0.14914193749427795,-2.1415445804595947,-1.1445882611625886,0.28369247913360596,3.610677480697632,-1.6055622959351872,1766201951.8061693
-0.1417173445224762,-2.140453338623047,-1.175505844914937,0.28369247913360596,3.610677480697632,-1.6055622959351872,1766201951.8161106
-0.1417173445224762,-2.140453338623047,-1.175505844914937,0.2819269895553589,3.612079620361328,-1.5975841679319365,1766201951.81607
-0.13524161279201508,-2.1390795707702637,-1.199443576337488,0.2819269895553589,3.612079620361328,-1.5975841679319365,1766201951.8161905
-0.13524161279201508,-2.1390795707702637,-1.199443576337488,0.2810709476470947,3.6129913330078125,-1.5927425733276195,1766201951.8161678
-0.13524161279201508,-2.1390795707702637,-1.199443576337488,0.2836804687976837,3.610700845718384,-1.6058402847678166,1766201951.8261218
-0.12640880048274994,-2.138293743133545,-1.2159824993998796,0.2836804687976837,3.610700845718384,-1.6058402847678166,1766201951.8261614
-0.12039165198802948,-2.136784315109253,-1.260341545303677,0.2836804687976837,3.610700845718384,-1.6058402847678166,1766201951.8360198
-0.12039165198802948,-2.136784315109253,-1.260341545303677,0.2819236218929291,3.612086534500122,-1.5977358124549017,1766201951.836009
-0.12039165198802948,-2.136784315109253,-1.260341545303677,0.2820059657096863,3.6121490001678467,-1.5983398065581682,1766201951.8460903
-0.11380839347839355,-2.135711431503296,-1.2843488539951877,0.2820059657096863,3.6121490001678467,-1.5983398065581682,1766201951.8461297
-0.10652045160531998,-2.1346726417541504,-1.3125675339712122,0.2820059657096863,3.6121490001678467,-1.5983398065581682,1766201951.8561673
-0.10652045160531998,-2.1346726417541504,-1.3125675339712122,0.2819019556045532,3.612015962600708,-1.5975593900992617,1766201951.856125
-0.09868025034666061,-2.1338253021240234,-1.336412592576548,0.2819019556045532,3.612015962600708,-1.5975593900992617,1766201951.8661718
-0.09868025034666061,-2.1338253021240234,-1.336412592576548,0.2811300754547119,3.6128885746002197,-1.5932537286841844,1766201951.8661318
-0.09273621439933777,-2.1325151920318604,-1.3559031454588555,0.2811300754547119,3.6128885746002197,-1.5932537286841844,1766201951.866248
-0.09273621439933777,-2.1325151920318604,-1.3559031454588555,0.2836781144142151,3.6107001304626465,-1.6058432973311279,1766201951.8662279
-0.08560445159673691,-2.1316845417022705,-1.3794333811039765,0.2836781144142151,3.6107001304626465,-1.6058432973311279,1766201951.8759925
-0.08560445159673691,-2.1316845417022705,-1.3794333811039765,0.28117287158966064,3.612687349319458,-1.5931935087254607,1766201951.8759813
-0.08560445159673691,-2.1316845417022705,-1.3794333811039765,0.2819914221763611,3.6119894981384277,-1.5977704507096964,1766201951.8861265
-0.07918097078800201,-2.1307003498077393,-1.4010480150358147,0.2819914221763611,3.6119894981384277,-1.5977704507096964,1766201951.8861668
-0.07918097078800201,-2.1307003498077393,-1.4010480150358147,0.28119635581970215,3.6128931045532227,-1.5932643298244158,1766201951.8961055
-0.07263629138469696,-2.1296942234039307,-1.4196856750538573,0.28119635581970215,3.6128931045532227,-1.5932643298244158,1766201951.8961453
-0.06661666929721832,-2.128743886947632,-1.4362112055751832,0.28119635581970215,3.6128931045532227,-1.5932643298244158,1766201951.9061456
-0.06661666929721832,-2.128743886947632,-1.4362112055751832,0.28386715054512024,3.61104154586792,-1.606466732708448,1766201951.9061053
-0.06098880618810654,-2.127669334411621,-1.451550363609048,0.28386715054512024,3.61104154586792,-1.606466732708448,1766201951.9161594
-0.06098880618810654,-2.127669334411621,-1.451550363609048,0.2818484306335449,3.613379955291748,-1.604047811047048,1766201951.9161196
-0.054709047079086304,-2.1268532276153564,-1.4728688199666702,0.2818484306335449,3.613379955291748,-1.604047811047048,1766201951.926168
-0.054709047079086304,-2.1268532276153564,-1.4728688199666702,0.28363266587257385,3.6106672286987305,-1.6056949200705992,1766201951.9261272
-0.049007829278707504,-2.126025676727295,-1.4872658834061683,0.28363266587257385,3.6106672286987305,-1.6056949200705992,1766201951.9262447
-0.049007829278707504,-2.126025676727295,-1.4872658834061683,0.2819299101829529,3.6120073795318604,-1.597746679765629,1766201951.9262228
-0.043360404670238495,-2.12522029876709,-1.5030718091736863,0.2819299101829529,3.6120073795318604,-1.597746679765629,1766201951.9361653
-0.043360404670238495,-2.12522029876709,-1.5030718091736863,0.2811513841152191,3.6127474308013916,-1.593587964005717,1766201951.9361255
-0.03810448199510574,-2.124441146850586,-1.5145021836349462,0.2811513841152191,3.6127474308013916,-1.593587964005717,1766201951.9461706
-0.03810448199510574,-2.124441146850586,-1.5145021836349462,0.2837545573711395,3.610809564590454,-1.605899134121687,1766201951.946131
-0.032078441232442856,-2.123944044113159,-1.5300831850020853,0.2837545573711395,3.610809564590454,-1.605899134121687,1766201951.9561522
-0.032078441232442856,-2.123944044113159,-1.5300831850020853,0.28118351101875305,3.6128430366516113,-1.593318121594829,1766201951.9561105
-0.032078441232442856,-2.123944044113159,-1.5300831850020853,0.28369656205177307,3.6106812953948975,-1.60585369497989,1766201951.9661238
-0.026822810992598534,-2.1232750415802,-1.5426953022961287,0.28369656205177307,3.6106812953948975,-1.60585369497989,1766201951.9661636
-0.026822810992598534,-2.1232750415802,-1.5426953022961287,0.2820054888725281,3.6119086742401123,-1.5983272222066893,1766201951.976115
-0.02257905900478363,-2.1223134994506836,-1.550382558461812,0.2820054888725281,3.6119086742401123,-1.5983272222066893,1766201951.976155
-0.02257905900478363,-2.1223134994506836,-1.550382558461812,0.2823260724544525,3.6129982471466064,-1.60482419557831,1766201951.9762058
-0.017452603206038475,-2.1217329502105713,-1.5600622876502568,0.2823260724544525,3.6129982471466064,-1.60482419557831,1766201951.9762275
-0.017452603206038475,-2.1217329502105713,-1.5600622876502568,0.28197944164276123,3.611751079559326,-1.5981770130813464,1766201951.9861295
-0.012624391354620457,-2.121039628982544,-1.5705906314546794,0.28197944164276123,3.611751079559326,-1.5981770130813464,1766201951.9861703
-0.012624391354620457,-2.121039628982544,-1.5705906314546794,0.2812408208847046,3.6125612258911133,-1.5938763028628333,1766201951.996044
-0.00805278867483139,-2.120278835296631,-1.5792949775311638,0.2812408208847046,3.6125612258911133,-1.5938763028628333,1766201951.996055
-0.003944443538784981,-2.1194584369659424,-1.5856198214606572,0.2812408208847046,3.6125612258911133,-1.5938763028628333,1766201952.0061684
-0.003944443538784981,-2.1194584369659424,-1.5856198214606572,0.2837115228176117,3.6103763580322266,-1.6060592384518897,1766201952.006127
4.1828956454992294e-05,-2.11857271194458,-1.5923599920288425,0.2837115228176117,3.6103763580322266,-1.6060592384518897,1766201952.0161564
4.1828956454992294e-05,-2.11857271194458,-1.5923599920288425,0.2812867760658264,3.6124160289764404,-1.5939917186218826,1766201952.0161169
0.004856085404753685,-2.1179468631744385,-1.6023394590010454,0.2812867760658264,3.6124160289764404,-1.5939917186218826,1766201952.016232
0.004856085404753685,-2.1179468631744385,-1.6023394590010454,0.28388798236846924,3.6102685928344727,-1.6060271748421429,1766201952.0162108
0.004856085404753685,-2.1179468631744385,-1.6023394590010454,0.2812805771827698,3.612111806869507,-1.5940881289916593,1766201952.0261328
0.008424296975135803,-2.1170527935028076,-1.6048948322115908,0.2812805771827698,3.612111806869507,-1.5940881289916593,1766201952.0261738
0.008424296975135803,-2.1170527935028076,-1.6048948322115908,0.2835944890975952,3.6096010208129883,-1.6060156378000212,1766201952.0361166
0.012649023905396461,-2.1162216663360596,-1.6150419916975276,0.2835944890975952,3.6096010208129883,-1.6060156378000212,1766201952.0361571
0.012649023905396461,-2.1162216663360596,-1.6150419916975276,0.2819453477859497,3.6109631061553955,-1.598326458102164,1766201952.0461175
0.01608194038271904,-2.1153030395507812,-1.6170585168906584,0.2819453477859497,3.6109631061553955,-1.598326458102164,1766201952.0461578
0.01608194038271904,-2.1153030395507812,-1.6170585168906584,0.28190457820892334,3.6107115745544434,-1.5986870424614346,1766201952.0561113
0.01966133341193199,-2.114301919937134,-1.622883864633655,0.28190457820892334,3.6107115745544434,-1.5986870424614346,1766201952.0561535
0.022826913744211197,-2.1131885051727295,-1.6266384444439408,0.28190457820892334,3.6107115745544434,-1.5986870424614346,1766201952.066095
0.022826913744211197,-2.1131885051727295,-1.6266384444439408,0.2819937467575073,3.6099181175231934,-1.5984515485164812,1766201952.066056
0.026497595012187958,-2.1122376918792725,-1.6324440137779,0.2819937467575073,3.6099181175231934,-1.5984515485164812,1766201952.0661688
0.026497595012187958,-2.1122376918792725,-1.6324440137779,0.28190696239471436,3.6100971698760986,-1.5984873914237432,1766201952.066149
0.029649632051587105,-2.111034393310547,-1.6381672323183314,0.28190696239471436,3.6100971698760986,-1.5984873914237432,1766201952.0761597
0.029649632051587105,-2.111034393310547,-1.6381672323183314,0.2819916605949402,3.6097147464752197,-1.5992001064589825,1766201952.076118
0.03291215002536774,-2.109933853149414,-1.6401998342077093,0.2819916605949402,3.6097147464752197,-1.5992001064589825,1766201952.096133
0.03291215002536774,-2.109933853149414,-1.6401998342077093,0.2819898724555969,3.6089415550231934,-1.5980196171132903,1766201952.0960917
0.03555727377533913,-2.1087610721588135,-1.643330396010198,0.2819898724555969,3.6089415550231934,-1.5980196171132903,1766201952.0962079
0.03555727377533913,-2.1087610721588135,-1.643330396010198,0.28197723627090454,3.608642101287842,-1.5985042014474247,1766201952.0961885
0.03555727377533913,-2.1087610721588135,-1.643330396010198,0.28200122714042664,3.607762336730957,-1.59768869086048,1766201952.1061282
0.0385887585580349,-2.107586145401001,-1.646402791077927,0.28200122714042664,3.607762336730957,-1.59768869086048,1766201952.10617
0.0385887585580349,-2.107586145401001,-1.646402791077927,0.28204572200775146,3.607222557067871,-1.598427459171419,1766201952.1161067
0.04138024151325226,-2.1064062118530273,-1.6502683486017953,0.28204572200775146,3.607222557067871,-1.598427459171419,1766201952.1161466
0.04138024151325226,-2.1064062118530273,-1.6502683486017953,0.28209418058395386,3.606741189956665,-1.598269956743727,1766201952.1162002
0.04416278004646301,-2.105217695236206,-1.6521979910192526,0.28209418058395386,3.606741189956665,-1.598269956743727,1766201952.1162214
0.04669487848877907,-2.104090929031372,-1.6550532061000742,0.28209418058395386,3.606741189956665,-1.598269956743727,1766201952.126076
0.04669487848877907,-2.104090929031372,-1.6550532061000742,0.28200939297676086,3.6059820652008057,-1.597268448189687,1766201952.1260405
0.048781149089336395,-2.1027073860168457,-1.6575483450859658,0.28200939297676086,3.6059820652008057,-1.597268448189687,1766201952.1360548
0.048781149089336395,-2.1027073860168457,-1.6575483450859658,0.28204643726348877,3.6052167415618896,-1.5973298263357836,1766201952.1360428
0.048781149089336395,-2.1027073860168457,-1.6575483450859658,0.28232643008232117,3.6046464443206787,-1.5962914149296679,1766201952.1461182
0.05095212534070015,-2.101400375366211,-1.6579151595494344,0.28232643008232117,3.6046464443206787,-1.5962914149296679,1766201952.1461577
0.05299866572022438,-2.100076198577881,-1.658815555860178,0.28232643008232117,3.6046464443206787,-1.5962914149296679,1766201952.1561382
0.05299866572022438,-2.100076198577881,-1.658815555860178,0.28246787190437317,3.603206157684326,-1.598359217779233,1766201952.1560957
0.05299866572022438,-2.100076198577881,-1.658815555860178,0.28231605887413025,3.6028072834014893,-1.5978229666554704,1766201952.1661057
0.05529360473155975,-2.098794460296631,-1.6636044911222019,0.28231605887413025,3.6028072834014893,-1.5978229666554704,1766201952.1661448
0.05529360473155975,-2.098794460296631,-1.6636044911222019,0.2822851836681366,3.601815938949585,-1.5972679455118617,1766201952.1760995
0.057021282613277435,-2.0975236892700195,-1.6635815177404802,0.2822851836681366,3.601815938949585,-1.5972679455118617,1766201952.1761408
0.057021282613277435,-2.0975236892700195,-1.6635815177404802,0.2823446989059448,3.6006243228912354,-1.596579595124196,1766201952.17619
0.0587848499417305,-2.0960347652435303,-1.66438923213056,0.2823446989059448,3.6006243228912354,-1.596579595124196,1766201952.1762123
0.0587848499417305,-2.0960347652435303,-1.66438923213056,0.2823512554168701,3.600001811981201,-1.5963482094342711,1766201952.1860933
0.060302041471004486,-2.0946481227874756,-1.6653602624027564,0.2823512554168701,3.600001811981201,-1.5963482094342711,1766201952.1861286
0.060302041471004486,-2.0946481227874756,-1.6653602624027564,0.2825792729854584,3.598597526550293,-1.5968720714412101,1766201952.1960368
0.061858974397182465,-2.093406915664673,-1.6647070514266995,0.2825792729854584,3.598597526550293,-1.5968720714412101,1766201952.1960554
0.061858974397182465,-2.093406915664673,-1.6647070514266995,0.28233158588409424,3.5975184440612793,-1.5950873318052572,1766201952.206012
0.06321500986814499,-2.0917816162109375,-1.6670887132585606,0.28233158588409424,3.5975184440612793,-1.5950873318052572,1766201952.206029
0.06479629874229431,-2.090524911880493,-1.6712306498610667,0.28233158588409424,3.5975184440612793,-1.5950873318052572,1766201952.2161272
0.06479629874229431,-2.090524911880493,-1.6712306498610667,0.2816343307495117,3.5974929332733154,-1.5898517259574596,1766201952.216093
0.06565926223993301,-2.0890069007873535,-1.6693584954002012,0.2816343307495117,3.5974929332733154,-1.5898517259574596,1766201952.2161527
0.06565926223993301,-2.0890069007873535,-1.6693584954002012,0.2843044698238373,3.5966408252716064,-1.6117460869256879,1766201952.2161424
0.06674055755138397,-2.0874972343444824,-1.669692499098312,0.2843044698238373,3.5966408252716064,-1.6117460869256879,1766201952.2261362
0.06674055755138397,-2.0874972343444824,-1.669692499098312,0.2843329608440399,3.5953407287597656,-1.610922834536683,1766201952.226102
0.06737545877695084,-2.0858116149902344,-1.6694410440199896,0.2843329608440399,3.5953407287597656,-1.610922834536683,1766201952.236147
0.06737545877695084,-2.0858116149902344,-1.6694410440199896,0.28438863158226013,3.593972682952881,-1.6098856696350563,1766201952.2361133
0.06812350451946259,-2.084209442138672,-1.6726692258755682,0.28438863158226013,3.593972682952881,-1.6098856696350563,1766201952.2461374
0.06812350451946259,-2.084209442138672,-1.6726692258755682,0.2850695848464966,3.591495990753174,-1.6051089802256238,1766201952.2461035
0.06812350451946259,-2.084209442138672,-1.6726692258755682,0.2849963307380676,3.580004930496216,-1.5634518869851626,1766201952.2561002
0.0689985379576683,-2.0825130939483643,-1.6753015213085123,0.2849963307380676,3.580004930496216,-1.5634518869851626,1766201952.256136
0.06909570842981339,-2.0807788372039795,-1.673303918434981,0.2849963307380676,3.580004930496216,-1.5634518869851626,1766201952.2661521
0.06909570842981339,-2.0807788372039795,-1.673303918434981,0.28224825859069824,3.585756301879883,-1.577837255928689,1766201952.266118
0.07064990699291229,-2.0792667865753174,-1.6812633351366935,0.28224825859069824,3.585756301879883,-1.577837255928689,1766201952.2661767
0.07064990699291229,-2.0792667865753174,-1.6812633351366935,0.28218144178390503,3.586219072341919,-1.587645879102381,1766201952.2661676
0.07027214765548706,-2.077404737472534,-1.6777171587171311,0.28218144178390503,3.586219072341919,-1.587645879102381,1766201952.2760518
0.07027214765548706,-2.077404737472534,-1.6777171587171311,0.2837543189525604,3.5839321613311768,-1.5945980812275706,1766201952.2760417
0.07063300162553787,-2.075685501098633,-1.6792139144753864,0.2837543189525604,3.5839321613311768,-1.5945980812275706,1766201952.286117
0.07063300162553787,-2.075685501098633,-1.6792139144753864,0.28383105993270874,3.5823922157287598,-1.5933665200670948,1766201952.2860835
0.07063300162553787,-2.075685501098633,-1.6792139144753864,0.2840988039970398,3.580073356628418,-1.5910383479776,1766201952.2960432
0.07076703011989594,-2.0738542079925537,-1.68151876043054,0.2840988039970398,3.580073356628418,-1.5910383479776,1766201952.2960536
0.07076703011989594,-2.0738542079925537,-1.68151876043054,0.28332772850990295,3.578359603881836,-1.5900951377764765,1766201952.306077
0.07136344164609909,-2.072166681289673,-1.6846370374971706,0.28332772850990295,3.578359603881836,-1.5900951377764765,1766201952.3061113
0.07136344164609909,-2.072166681289673,-1.6846370374971706,0.2838822603225708,3.577977418899536,-1.594557203176458,1766201952.3161058
0.07097923755645752,-2.070155143737793,-1.683829501242486,0.2838822603225708,3.577977418899536,-1.594557203176458,1766201952.3161402
0.07097923755645752,-2.070155143737793,-1.683829501242486,0.28289735317230225,3.5763192176818848,-1.5940545433047166,1766201952.3161561
0.07096800208091736,-2.0684049129486084,-1.6858215221798036,0.28289735317230225,3.5763192176818848,-1.5940545433047166,1766201952.3161664
0.07102391123771667,-2.0666067600250244,-1.6854536983542614,0.28289735317230225,3.5763192176818848,-1.5940545433047166,1766201952.3261607
0.07102391123771667,-2.0666067600250244,-1.6854536983542614,0.2828007936477661,3.5718867778778076,-1.5832489439080302,1766201952.326126
0.07102391123771667,-2.0666067600250244,-1.6854536983542614,0.28244227170944214,3.5662612915039062,-1.5673920517323514,1766201952.336123
0.07080556452274323,-2.0645718574523926,-1.6890792770978753,0.28244227170944214,3.5662612915039062,-1.5673920517323514,1766201952.3361573
0.07080556452274323,-2.0645718574523926,-1.6890792770978753,0.2827203869819641,3.567936420440674,-1.581126218211602,1766201952.3460972
0.07055582851171494,-2.0627195835113525,-1.689458229322927,0.2827203869819641,3.567936420440674,-1.581126218211602,1766201952.346132
0.07055582851171494,-2.0627195835113525,-1.689458229322927,0.28369858860969543,3.5703773498535156,-1.5947723714603197,1766201952.3561053
0.07048145681619644,-2.0607998371124268,-1.6916017375131982,0.28369858860969543,3.5703773498535156,-1.5947723714603197,1766201952.3561416
0.07048145681619644,-2.0607998371124268,-1.6916017375131982,0.2840532958507538,3.5672502517700195,-1.588687747309327,1766201952.3661401
0.06997109949588776,-2.0587551593780518,-1.6929517673292551,0.2840532958507538,3.5672502517700195,-1.588687747309327,1766201952.3661742
0.06997109949588776,-2.0587551593780518,-1.6929517673292551,0.2825664281845093,3.5612215995788574,-1.575627207311747,1766201952.3661904
0.06924720853567123,-2.0566461086273193,-1.6961063246348869,0.2825664281845093,3.5612215995788574,-1.575627207311747,1766201952.3661997
0.06924720853567123,-2.0566461086273193,-1.6961063246348869,0.28234076499938965,3.5583901405334473,-1.5735951575982043,1766201952.3760421
0.06859038025140762,-2.0545220375061035,-1.6951202131389151,0.28234076499938965,3.5583901405334473,-1.5735951575982043,1766201952.376052
0.06859038025140762,-2.0545220375061035,-1.6951202131389151,0.28229185938835144,3.556027412414551,-1.5725721303937534,1766201952.3861322
0.06799212843179703,-2.0523593425750732,-1.7007634983042883,0.28229185938835144,3.556027412414551,-1.5725721303937534,1766201952.386167
0.06723076105117798,-2.050143003463745,-1.69947788842676,0.28229185938835144,3.556027412414551,-1.5725721303937534,1766201952.3961537
0.06723076105117798,-2.050143003463745,-1.69947788842676,0.28225621581077576,3.5534536838531494,-1.5702842474044196,1766201952.3961198
0.06611720472574234,-2.0476629734039307,-1.7023055549288069,0.28225621581077576,3.5534536838531494,-1.5702842474044196,1766201952.4060075
0.06611720472574234,-2.0476629734039307,-1.7023055549288069,0.28321588039398193,3.55314302444458,-1.5755655376374562,1766201952.4059958
0.06611720472574234,-2.0476629734039307,-1.7023055549288069,0.2832391560077667,3.550584316253662,-1.5742700316598555,1766201952.4161232
0.06517980992794037,-2.0452184677124023,-1.7052335209074907,0.2832391560077667,3.550584316253662,-1.5742700316598555,1766201952.4161577
0.06517980992794037,-2.0452184677124023,-1.7052335209074907,0.28289681673049927,3.5494155883789062,-1.5788649752617276,1766201952.4261336
0.06495089828968048,-2.0430188179016113,-1.7111249640343076,0.28289681673049927,3.5494155883789062,-1.5788649752617276,1766201952.4261677
0.06495089828968048,-2.0430188179016113,-1.7111249640343076,0.2820826768875122,3.542680025100708,-1.5640462679507974,1766201952.4261832
0.06308254599571228,-2.040149211883545,-1.70826643781588,0.2820826768875122,3.542680025100708,-1.5640462679507974,1766201952.4261935
0.06308254599571228,-2.040149211883545,-1.70826643781588,0.28197377920150757,3.5396435260772705,-1.5622626843326648,1766201952.436057
0.062032319605350494,-2.0375843048095703,-1.7092293520094288,0.28197377920150757,3.5396435260772705,-1.5622626843326648,1766201952.4360664
0.062032319605350494,-2.0375843048095703,-1.7092293520094288,0.2817218005657196,3.5324344635009766,-1.5439831600357075,1766201952.4461138
0.06044608727097511,-2.034722328186035,-1.7087011187652485,0.2817218005657196,3.5324344635009766,-1.5439831600357075,1766201952.4461477
0.05988062173128128,-2.03210186958313,-1.7138206418018636,0.2817218005657196,3.5324344635009766,-1.5439831600357075,1766201952.4561217
0.05988062173128128,-2.03210186958313,-1.7138206418018636,0.2830292582511902,3.535461664199829,-1.5642617145757847,1766201952.4560864
0.05988062173128128,-2.03210186958313,-1.7138206418018636,0.2821648418903351,3.5303795337677,-1.556510602445914,1766201952.4661324
0.058761633932590485,-2.0292603969573975,-1.7160961039952782,0.2821648418903351,3.5303795337677,-1.556510602445914,1766201952.466165
0.058761633932590485,-2.0292603969573975,-1.7160961039952782,0.28228700160980225,3.5269429683685303,-1.5547927221558775,1766201952.4661803
0.0570758618414402,-2.026233196258545,-1.7154435658581284,0.28228700160980225,3.5269429683685303,-1.5547927221558775,1766201952.4661896
0.0570758618414402,-2.026233196258545,-1.7154435658581284,0.28279656171798706,3.526102304458618,-1.5602237336205316,1766201952.4759839
0.055982958525419235,-2.0233235359191895,-1.7185695513690245,0.28279656171798706,3.526102304458618,-1.5602237336205316,1766201952.4759939
0.05496818572282791,-2.020489454269409,-1.7189626425952265,0.28279656171798706,3.526102304458618,-1.5602237336205316,1766201952.4860845
0.05496818572282791,-2.020489454269409,-1.7189626425952265,0.28333979845046997,3.522578239440918,-1.558281333179939,1766201952.4860728
0.05496818572282791,-2.020489454269409,-1.7189626425952265,0.28236910700798035,3.516671895980835,-1.549417805265512,1766201952.4960968
0.052202433347702026,-2.014446258544922,-1.7241668370860503,0.28236910700798035,3.516671895980835,-1.549417805265512,1766201952.5061514
0.052202433347702026,-2.014446258544922,-1.7241668370860503,0.28311973810195923,3.5136783123016357,-1.5498050594450659,1766201952.5061162
0.052202433347702026,-2.014446258544922,-1.7241668370860503,0.2826058268547058,3.5120320320129395,-1.5552453270418125,1766201952.5161002
0.05222184583544731,-2.0117833614349365,-1.7367054408530684,0.2826058268547058,3.5120320320129395,-1.5552453270418125,1766201952.516134
0.05222184583544731,-2.0117833614349365,-1.7367054408530684,0.28425583243370056,3.491767406463623,-1.487782399911733,1766201952.51615
0.04905136674642563,-2.0081214904785156,-1.7242417495325684,0.28425583243370056,3.491767406463623,-1.487782399911733,1766201952.5161593
0.04905136674642563,-2.0081214904785156,-1.7242417495325684,0.2838996946811676,3.490657091140747,-1.4963191387741093,1766201952.5260797
0.048556264489889145,-2.0055129528045654,-1.731683490364355,0.2838996946811676,3.490657091140747,-1.4963191387741093,1766201952.526114
0.048556264489889145,-2.0055129528045654,-1.731683490364355,0.283504843711853,3.499703884124756,-1.5460781205914689,1766201952.5360107
0.047578904777765274,-2.002603769302368,-1.7345254607428475,0.283504843711853,3.499703884124756,-1.5460781205914689,1766201952.5360208
0.04553290456533432,-1.9994055032730103,-1.7429510235664225,0.283504843711853,3.499703884124756,-1.5460781205914689,1766201952.546151
0.04553290456533432,-1.9994055032730103,-1.7429510235664225,0.28404584527015686,3.485960006713867,-1.5048202487818911,1766201952.5461173
0.04553290456533432,-1.9994055032730103,-1.7429510235664225,0.2846599817276001,3.478224515914917,-1.4882468029822222,1766201952.556096
0.045135028660297394,-1.996485710144043,-1.7360019242404723,0.2846599817276001,3.478224515914917,-1.4882468029822222,1766201952.55613
0.043153997510671616,-1.9931139945983887,-1.74376186060924,0.2846599817276001,3.478224515914917,-1.4882468029822222,1766201952.5661268
0.043153997510671616,-1.9931139945983887,-1.74376186060924,0.2847398817539215,3.4744887351989746,-1.4873127339843046,1766201952.5660937
0.04189620539546013,-1.989654302597046,-1.7329559241983161,0.2847398817539215,3.4744887351989746,-1.4873127339843046,1766201952.566152
0.04189620539546013,-1.989654302597046,-1.7329559241983161,0.28472384810447693,3.47176194190979,-1.4910100766182428,1766201952.566143
0.04189620539546013,-1.989654302597046,-1.7329559241983161,0.2848937511444092,3.468355655670166,-1.4921248988844442,1766201952.5760908
0.04062608256936073,-1.986163854598999,-1.7319762910870153,0.2848937511444092,3.468355655670166,-1.4921248988844442,1766201952.5761247
0.04062608256936073,-1.986163854598999,-1.7319762910870153,0.285286009311676,3.4632177352905273,-1.4869725261461209,1766201952.5861254
0.03959822654724121,-1.9827877283096313,-1.7289861165639593,0.285286009311676,3.4632177352905273,-1.4869725261461209,1766201952.5861588
0.03959822654724121,-1.9827877283096313,-1.7289861165639593,0.285464346408844,3.4591023921966553,-1.485660750404033,1766201952.596091
0.03829166293144226,-1.9790892601013184,-1.7281333712031755,0.285464346408844,3.4591023921966553,-1.485660750404033,1766201952.5961256
0.03829166293144226,-1.9790892601013184,-1.7281333712031755,0.28495943546295166,3.4563395977020264,-1.4871730081163965,1766201952.6061158
0.03760100528597832,-1.9756041765213013,-1.7309337841566383,0.28495943546295166,3.4563395977020264,-1.4871730081163965,1766201952.60615
0.036400917917490005,-1.9717568159103394,-1.7277075326055773,0.28495943546295166,3.4563395977020264,-1.4871730081163965,1766201952.616152
0.036400917917490005,-1.9717568159103394,-1.7277075326055773,0.2860911786556244,3.449491024017334,-1.4792154015526005,1766201952.6161177
0.035530608147382736,-1.967949628829956,-1.730165977882596,0.2860911786556244,3.449491024017334,-1.4792154015526005,1766201952.6161764
0.035530608147382736,-1.967949628829956,-1.730165977882596,0.2860953211784363,3.4468271732330322,-1.4848255723511794,1766201952.6161673
0.035530608147382736,-1.967949628829956,-1.730165977882596,0.2862957715988159,3.4426944255828857,-1.484588715766176,1766201952.626156
0.03457368165254593,-1.964400053024292,-1.7347954766795335,0.2862957715988159,3.4426944255828857,-1.484588715766176,1766201952.6261647
0.03343714028596878,-1.9605056047439575,-1.7197677197919472,0.2862957715988159,3.4426944255828857,-1.484588715766176,1766201952.6360524
0.03343714028596878,-1.9605056047439575,-1.7197677197919472,0.28686052560806274,3.4366672039031982,-1.47764789011615,1766201952.6360419
0.03343714028596878,-1.9605056047439575,-1.7197677197919472,0.28704366087913513,3.4335174560546875,-1.4819157487544519,1766201952.646113
0.033313147723674774,-1.9568613767623901,-1.7236036683602098,0.28704366087913513,3.4335174560546875,-1.4819157487544519,1766201952.6461463
0.033313147723674774,-1.9568613767623901,-1.7236036683602098,0.286973774433136,3.431659460067749,-1.4912268777031468,1766201952.6561007
0.03264831751585007,-1.9534856081008911,-1.7379160769225057,0.286973774433136,3.431659460067749,-1.4912268777031468,1766201952.6561346
0.0324619859457016,-1.9498341083526611,-1.7198502240393896,0.286973774433136,3.431659460067749,-1.4912268777031468,1766201952.6660712
0.0324619859457016,-1.9498341083526611,-1.7198502240393896,0.28647804260253906,3.4364943504333496,-1.527454777403405,1766201952.6660395
0.03255923464894295,-1.9461973905563354,-1.7228242667184297,0.28647804260253906,3.4364943504333496,-1.527454777403405,1766201952.6660962
0.03255923464894295,-1.9461973905563354,-1.7228242667184297,0.2868506908416748,3.431607484817505,-1.5260372835308933,1766201952.666087
0.03255923464894295,-1.9461973905563354,-1.7228242667184297,0.2875485420227051,3.4288339614868164,-1.5319334046590156,1766201952.6760335
0.03205779194831848,-1.9427852630615234,-1.7320340723013705,0.2875485420227051,3.4288339614868164,-1.5319334046590156,1766201952.6760423
0.03242046758532524,-1.9391793012619019,-1.7232091673217087,0.2875485420227051,3.4288339614868164,-1.5319334046590156,1766201952.6860776
0.03242046758532524,-1.9391793012619019,-1.7232091673217087,0.2885284721851349,3.424372434616089,-1.5319172640843015,1766201952.6860416
0.032358698546886444,-1.9356228113174438,-1.7249373632787643,0.2885284721851349,3.424372434616089,-1.5319172640843015,1766201952.696114
0.032358698546886444,-1.9356228113174438,-1.7249373632787643,0.2880208492279053,3.4167232513427734,-1.5227383165247266,1766201952.6960824
0.03161664307117462,-1.9316681623458862,-1.7232230903426777,0.2880208492279053,3.4167232513427734,-1.5227383165247266,1766201952.7061656
0.03161664307117462,-1.9316681623458862,-1.7232230903426777,0.28843170404434204,3.411919593811035,-1.5224129261545685,1766201952.706132
0.03161664307117462,-1.9316681623458862,-1.7232230903426777,0.28870630264282227,3.4066195487976074,-1.5206559301084928,1766201952.7160945
0.03148626163601875,-1.9282233715057373,-1.7247074130091573,0.28870630264282227,3.4066195487976074,-1.5206559301084928,1766201952.7161286
0.03148626163601875,-1.9282233715057373,-1.7247074130091573,0.29012104868888855,3.4041640758514404,-1.5271770669969729,1766201952.7161446
0.031150152906775475,-1.9244757890701294,-1.7221791610490131,0.29012104868888855,3.4041640758514404,-1.5271770669969729,1766201952.7161536
0.03075806051492691,-1.9203948974609375,-1.7108366107440756,0.29012104868888855,3.4041640758514404,-1.5271770669969729,1766201952.7261236
0.03075806051492691,-1.9203948974609375,-1.7108366107440756,0.29057759046554565,3.399146318435669,-1.5267596361955207,1766201952.72609
0.03113548457622528,-1.9170358180999756,-1.7310201585735536,0.29057759046554565,3.399146318435669,-1.5267596361955207,1766201952.7360997
0.03113548457622528,-1.9170358180999756,-1.7310201585735536,0.29003363847732544,3.392038345336914,-1.5196409084851412,1766201952.7360651
0.031161300837993622,-1.9128167629241943,-1.7267963314474966,0.29003363847732544,3.392038345336914,-1.5196409084851412,1766201952.7461033
0.031161300837993622,-1.9128167629241943,-1.7267963314474966,0.2904115915298462,3.386530876159668,-1.5189043570766891,1766201952.7460687
0.031152095645666122,-1.9085440635681152,-1.7251494200972561,0.2904115915298462,3.386530876159668,-1.5189043570766891,1766201952.7561224
0.031152095645666122,-1.9085440635681152,-1.7251494200972561,0.2919999659061432,3.383955478668213,-1.5255957417635904,1766201952.7560897
0.031152095645666122,-1.9085440635681152,-1.7251494200972561,0.29132354259490967,3.3759713172912598,-1.517592967949583,1766201952.7661207
0.03154635429382324,-1.9046435356140137,-1.7254204103842679,0.29132354259490967,3.3759713172912598,-1.517592967949583,1766201952.766155
0.03154635429382324,-1.9046435356140137,-1.7254204103842679,0.291629433631897,3.370398998260498,-1.5162773171182733,1766201952.7661705
0.03172829747200012,-1.9003713130950928,-1.7286732542708863,0.291629433631897,3.370398998260498,-1.5162773171182733,1766201952.7661798
0.03178196772933006,-1.8962360620498657,-1.7304956662120186,0.291629433631897,3.370398998260498,-1.5162773171182733,1766201952.7759879
0.03178196772933006,-1.8962360620498657,-1.7304956662120186,0.29332971572875977,3.367846965789795,-1.5237797777348379,1766201952.7759783
0.03101823665201664,-1.8914982080459595,-1.732152204734894,0.29332971572875977,3.367846965789795,-1.5237797777348379,1766201952.7860427
0.03101823665201664,-1.8914982080459595,-1.732152204734894,0.2937174439430237,3.3621480464935303,-1.5219298426646448,1766201952.7860143
0.03164948523044586,-1.8869730234146118,-1.7350799157862007,0.2937174439430237,3.3621480464935303,-1.5219298426646448,1766201952.7961185
0.03164948523044586,-1.8869730234146118,-1.7350799157862007,0.29286807775497437,3.3538622856140137,-1.5142970194119192,1766201952.7960858
0.03164948523044586,-1.8869730234146118,-1.7350799157862007,0.29340118169784546,3.3484950065612793,-1.514306257209502,1766201952.8061016
0.031234897673130035,-1.8821016550064087,-1.7352204510497897,0.29340118169784546,3.3484950065612793,-1.514306257209502,1766201952.8061352
0.031234897673130035,-1.8821016550064087,-1.7352204510497897,0.2943827211856842,3.344921112060547,-1.5189179194034022,1766201952.8160932
0.031185785308480263,-1.8774285316467285,-1.7338181418483454,0.2943827211856842,3.344921112060547,-1.5189179194034022,1766201952.8161268
0.031185785308480263,-1.8774285316467285,-1.7338181418483454,0.29476428031921387,3.3392653465270996,-1.5189829398562935,1766201952.816142
0.030640147626399994,-1.8724583387374878,-1.7346022862594075,0.29476428031921387,3.3392653465270996,-1.5189829398562935,1766201952.8161511
0.030640147626399994,-1.8724583387374878,-1.7346022862594075,0.29490262269973755,3.331371545791626,-1.5124910478287472,1766201952.836069
0.02979271486401558,-1.8667348623275757,-1.7271554933217577,0.29490262269973755,3.331371545791626,-1.5124910478287472,1766201952.8361006
0.02979271486401558,-1.8667348623275757,-1.7271554933217577,0.29572412371635437,3.3277833461761475,-1.5180491827088896,1766201952.836117
0.030424198135733604,-1.862282156944275,-1.7330915920881302,0.29572412371635437,3.3277833461761475,-1.5180491827088896,1766201952.8361266
0.029440823942422867,-1.8569297790527344,-1.746899985751638,0.29572412371635437,3.3277833461761475,-1.5180491827088896,1766201952.8461242
0.029440823942422867,-1.8569297790527344,-1.746899985751638,0.29587581753730774,3.3199868202209473,-1.511394950344503,1766201952.8460906
0.029440823942422867,-1.8569297790527344,-1.746899985751638,0.2962269186973572,3.313774824142456,-1.5110607020298183,1766201952.8560846
0.02979692816734314,-1.8513877391815186,-1.734368709064414,0.2962269186973572,3.313774824142456,-1.5110607020298183,1766201952.8561182
0.02979692816734314,-1.8513877391815186,-1.734368709064414,0.2945353388786316,3.3089535236358643,-1.5001388458051683,1766201952.8661163
0.029673220589756966,-1.8459059000015259,-1.7358224648893983,0.2945353388786316,3.3089535236358643,-1.5001388458051683,1766201952.86615
0.029673220589756966,-1.8459059000015259,-1.7358224648893983,0.2947087287902832,3.3034393787384033,-1.4965510842076393,1766201952.8661664
0.02982144244015217,-1.8403711318969727,-1.7317070089189108,0.2947087287902832,3.3034393787384033,-1.4965510842076393,1766201952.8661754
0.02982144244015217,-1.8403711318969727,-1.7317070089189108,0.29511699080467224,3.297539710998535,-1.4961385603902626,1766201952.8760357
0.02883341535925865,-1.8288853168487549,-1.7381477287873601,0.29511699080467224,3.297539710998535,-1.4961385603902626,1766201952.886081
0.02883341535925865,-1.8288853168487549,-1.7381477287873601,0.29543447494506836,3.2912535667419434,-1.4944842315688744,1766201952.8860567
0.02871512435376644,-1.823095679283142,-1.7479241452321381,0.29543447494506836,3.2912535667419434,-1.4944842315688744,1766201952.8961182
0.02871512435376644,-1.823095679283142,-1.7479241452321381,0.2966586947441101,3.2851881980895996,-1.4969101071710698,1766201952.8960865
0.02871512435376644,-1.823095679283142,-1.7479241452321381,0.2965554893016815,3.2790117263793945,-1.494242216261802,1766201952.90612
0.028822485357522964,-1.817075252532959,-1.7383627812911047,0.2965554893016815,3.2790117263793945,-1.494242216261802,1766201952.9061534
0.029252011328935623,-1.8111348152160645,-1.73514167988102,0.2965554893016815,3.2790117263793945,-1.494242216261802,1766201952.9161518
0.029252011328935623,-1.8111348152160645,-1.73514167988102,0.29902076721191406,3.273108959197998,-1.5058348290474757,1766201952.916117
0.029252011328935623,-1.8111348152160645,-1.73514167988102,0.2997179925441742,3.2666385173797607,-1.5065501152569687,1766201952.916168
0.029252011328935623,-1.8111348152160645,-1.73514167988102,0.2987632751464844,3.2596659660339355,-1.4972827492913898,1766201952.9261167
0.028406279161572456,-1.7987217903137207,-1.7261004513956135,0.2987632751464844,3.2596659660339355,-1.4972827492913898,1766201952.9261503
0.028406279161572456,-1.7987217903137207,-1.7261004513956135,0.2993334233760834,3.2531895637512207,-1.4973404905452974,1766201952.9361014
0.028962483629584312,-1.792946219444275,-1.7418290254018154,0.2993334233760834,3.2531895637512207,-1.4973404905452974,1766201952.936135
0.02857394516468048,-1.786526083946228,-1.7275032846196885,0.2993334233760834,3.2531895637512207,-1.4973404905452974,1766201952.946135
0.02857394516468048,-1.786526083946228,-1.7275032846196885,0.30143997073173523,3.2478413581848145,-1.507086924577859,1766201952.9461014
0.028862472623586655,-1.7802916765213013,-1.7296611362432528,0.30143997073173523,3.2478413581848145,-1.507086924577859,1766201952.9561763
0.028862472623586655,-1.7802916765213013,-1.7296611362432528,0.3021278381347656,3.2410497665405273,-1.5069018832394583,1766201952.9561403
0.028813039883971214,-1.7743299007415771,-1.7446377401825233,0.3021278381347656,3.2410497665405273,-1.5069018832394583,1766201952.966151
0.028813039883971214,-1.7743299007415771,-1.7446377401825233,0.30119776725769043,3.2340776920318604,-1.4960747419080758,1766201952.966115
0.02930452488362789,-1.7676459550857544,-1.73115159123906,0.30119776725769043,3.2340776920318604,-1.4960747419080758,1766201952.9661787
0.02930452488362789,-1.7676459550857544,-1.73115159123906,0.3036286234855652,3.2284021377563477,-1.506843996287116,1766201952.9661696
0.02930452488362789,-1.7676459550857544,-1.73115159123906,0.30260318517684937,3.221468448638916,-1.495848644221523,1766201952.9760656
0.029407978057861328,-1.7615045309066772,-1.7442872306697057,0.30260318517684937,3.221468448638916,-1.495848644221523,1766201952.9760945
0.02979135885834694,-1.7549535036087036,-1.7450486519720745,0.30260318517684937,3.221468448638916,-1.495848644221523,1766201952.986088
0.02979135885834694,-1.7549535036087036,-1.7450486519720745,0.301920086145401,3.2152771949768066,-1.4942987851061988,1766201952.9860594
0.02979135885834694,-1.7549535036087036,-1.7450486519720745,0.30239686369895935,3.2090864181518555,-1.4916592980592962,1766201952.996117
0.030764620751142502,-1.7484550476074219,-1.7465605474967025,0.30239686369895935,3.2090864181518555,-1.4916592980592962,1766201952.9961505
0.030772723257541656,-1.7414708137512207,-1.733661115269094,0.30239686369895935,3.2090864181518555,-1.4916592980592962,1766201953.006167
0.030772723257541656,-1.7414708137512207,-1.733661115269094,0.30350083112716675,3.201148271560669,-1.4950281866115547,1766201953.0061343
0.03215431421995163,-1.7349950075149536,-1.7363589350591435,0.30350083112716675,3.201148271560669,-1.4950281866115547,1766201953.0161364
0.03215431421995163,-1.7349950075149536,-1.7363589350591435,0.30180615186691284,3.1891815662384033,-1.5321375179432009,1766201953.0161028
0.03215431421995163,-1.7349950075149536,-1.7363589350591435,0.306544691324234,3.1881191730499268,-1.4990892896586925,1766201953.0161533
0.03329597786068916,-1.7214457988739014,-1.7350821527140914,0.306544691324234,3.1881191730499268,-1.4990892896586925,1766201953.026146
0.03329597786068916,-1.7214457988739014,-1.7350821527140914,0.30746832489967346,3.18204665184021,-1.5014253833823585,1766201953.0261123
0.03325922042131424,-1.7145395278930664,-1.747618255627097,0.30746832489967346,3.18204665184021,-1.5014253833823585,1766201953.0361297
0.03325922042131424,-1.7145395278930664,-1.747618255627097,0.3082813024520874,3.1740238666534424,-1.4982879014234962,1766201953.036095
0.03325922042131424,-1.7145395278930664,-1.747618255627097,0.3075898289680481,3.167410135269165,-1.4973171051975236,1766201953.0461125
0.0339929424226284,-1.7075164318084717,-1.7495354671275019,0.3075898289680481,3.167410135269165,-1.4973171051975236,1766201953.046147
0.035316091030836105,-1.7001549005508423,-1.7403540406339069,0.3075898289680481,3.167410135269165,-1.4973171051975236,1766201953.05611
0.035316091030836105,-1.7001549005508423,-1.7403540406339069,0.3080769181251526,3.160146474838257,-1.4961256871517992,1766201953.0560763
0.036277491599321365,-1.6930344104766846,-1.7429469193493456,0.3080769181251526,3.160146474838257,-1.4961256871517992,1766201953.0661337
0.036277491599321365,-1.6930344104766846,-1.7429469193493456,0.30866894125938416,3.1533071994781494,-1.4966363302439758,1766201953.0661
0.03674367815256119,-1.6859323978424072,-1.7558584706337146,0.30866894125938416,3.1533071994781494,-1.4966363302439758,1766201953.0661612
0.03674367815256119,-1.6859323978424072,-1.7558584706337146,0.310005247592926,3.146437168121338,-1.4998253650208868,1766201953.06615
0.03674367815256119,-1.6859323978424072,-1.7558584706337146,0.31211790442466736,3.140434741973877,-1.5035202595470936,1766201953.0759797
0.038099322468042374,-1.6783372163772583,-1.740813437936188,0.31211790442466736,3.140434741973877,-1.5035202595470936,1766201953.0759888
0.038692496716976166,-1.6710410118103027,-1.7585061603792491,0.31211790442466736,3.140434741973877,-1.5035202595470936,1766201953.086158
0.038692496716976166,-1.6710410118103027,-1.7585061603792491,0.31394878029823303,3.1320858001708984,-1.5062074755808534,1766201953.086124
0.038692496716976166,-1.6710410118103027,-1.7585061603792491,0.312416672706604,3.124845027923584,-1.5025513603687428,1766201953.0961034
0.040691304951906204,-1.6635247468948364,-1.7643856440865184,0.312416672706604,3.124845027923584,-1.5025513603687428,1766201953.0961382
0.04126313328742981,-1.655570387840271,-1.7490980447663018,0.312416672706604,3.124845027923584,-1.5025513603687428,1766201953.1061256
0.04126313328742981,-1.655570387840271,-1.7490980447663018,0.3129434883594513,3.1178009510040283,-1.5019873273901958,1766201953.1060915
0.04220988228917122,-1.6482197046279907,-1.764117550337146,0.3129434883594513,3.1178009510040283,-1.5019873273901958,1766201953.1161504
0.04220988228917122,-1.6482197046279907,-1.764117550337146,0.31388360261917114,3.1104254722595215,-1.502021325144141,1766201953.1161168
0.04220988228917122,-1.6482197046279907,-1.764117550337146,0.3145957291126251,3.103242874145508,-1.502445115912811,1766201953.1161654
0.04301189258694649,-1.6402276754379272,-1.762478619066021,0.3145957291126251,3.103242874145508,-1.502445115912811,1766201953.116176
0.04301189258694649,-1.6402276754379272,-1.762478619066021,0.31259027123451233,3.0901081562042236,-1.5416034176474926,1766201953.1260993
0.04441801831126213,-1.6325037479400635,-1.7660796003219492,0.31259027123451233,3.0901081562042236,-1.5416034176474926,1766201953.1261325
0.04568559676408768,-1.6244685649871826,-1.7646042392230765,0.31259027123451233,3.0901081562042236,-1.5416034176474926,1766201953.1360416
0.04568559676408768,-1.6244685649871826,-1.7646042392230765,0.3172917366027832,3.0873045921325684,-1.503088668447248,1766201953.136032
0.04568559676408768,-1.6244685649871826,-1.7646042392230765,0.3222437798976898,3.0816447734832764,-1.5251045619027648,1766201953.1461136
0.04682241752743721,-1.6159807443618774,-1.7529126342067847,0.3222437798976898,3.0816447734832764,-1.5251045619027648,1766201953.1461477
0.048016246408224106,-1.6077721118927002,-1.750053735229258,0.3222437798976898,3.0816447734832764,-1.5251045619027648,1766201953.1561313
0.048016246408224106,-1.6077721118927002,-1.750053735229258,0.32285717129707336,3.0738637447357178,-1.5247133148479588,1766201953.1560977
0.04906052350997925,-1.5994654893875122,-1.7535842152740697,0.32285717129707336,3.0738637447357178,-1.5247133148479588,1766201953.1661537
0.04906052350997925,-1.5994654893875122,-1.7535842152740697,0.3183513879776001,3.0650222301483154,-1.5036303837136085,1766201953.1661198
0.05045614019036293,-1.591213345527649,-1.7617546807428077,0.3183513879776001,3.0650222301483154,-1.5036303837136085,1766201953.1661808
0.05045614019036293,-1.591213345527649,-1.7617546807428077,0.3187037706375122,3.057126760482788,-1.503501537899991,1766201953.16617
0.05135694518685341,-1.5826787948608398,-1.7510968400732694,0.3187037706375122,3.057126760482788,-1.503501537899991,1766201953.1760156
0.05135694518685341,-1.5826787948608398,-1.7510968400732694,0.31977981328964233,3.049621105194092,-1.5047425553157334,1766201953.176007
0.05135694518685341,-1.5826787948608398,-1.7510968400732694,0.32066982984542847,3.041990041732788,-1.504467321821186,1766201953.1860085
0.052365995943546295,-1.5741294622421265,-1.7433937694347943,0.32066982984542847,3.041990041732788,-1.504467321821186,1766201953.1860187
0.05327784642577171,-1.5660308599472046,-1.763496788105452,0.32066982984542847,3.041990041732788,-1.504467321821186,1766201953.1961367
0.05327784642577171,-1.5660308599472046,-1.763496788105452,0.3231853246688843,3.03348708152771,-1.5077902818971791,1766201953.196102
0.05327784642577171,-1.5660308599472046,-1.763496788105452,0.32303160429000854,3.0254974365234375,-1.5051698760665315,1766201953.206115
0.055089280009269714,-1.557478904724121,-1.7632104583560988,0.32303160429000854,3.0254974365234375,-1.5051698760665315,1766201953.2061493
0.05561012029647827,-1.5488539934158325,-1.7625560579725743,0.32303160429000854,3.0254974365234375,-1.5051698760665315,1766201953.2161279
0.05708998441696167,-1.5399470329284668,-1.7499015374189002,0.32303160429000854,3.0254974365234375,-1.5051698760665315,1766201953.2262213
0.05845571681857109,-1.531242847442627,-1.7474224090986963,0.32303160429000854,3.0254974365234375,-1.5051698760665315,1766201953.2262294
0.05845571681857109,-1.531242847442627,-1.7474224090986963,0.32482895255088806,3.017526626586914,-1.5075321523688239,1766201953.2160947
0.05845571681857109,-1.531242847442627,-1.7474224090986963,0.3244577646255493,3.010171413421631,-1.5066520215095325,1766201953.2261841
0.05845571681857109,-1.531242847442627,-1.7474224090986963,0.3262307047843933,3.0007073879241943,-1.5051772886318935,1766201953.2262266
0.05979384481906891,-1.5229682922363281,-1.7560426920432899,0.3262307047843933,3.0007073879241943,-1.5051772886318935,1766201953.2360172
0.05979384481906891,-1.5229682922363281,-1.7560426920432899,0.32695990800857544,2.992828607559204,-1.5048455746293217,1766201953.235991
0.05979384481906891,-1.5229682922363281,-1.7560426920432899,0.32855188846588135,2.9868462085723877,-1.5171493906450613,1766201953.245977
0.06046640872955322,-1.5136011838912964,-1.7393786866633685,0.32855188846588135,2.9868462085723877,-1.5171493906450613,1766201953.245996
0.061981040984392166,-1.5046184062957764,-1.7367571501024361,0.32855188846588135,2.9868462085723877,-1.5171493906450613,1766201953.256058
0.061981040984392166,-1.5046184062957764,-1.7367571501024361,0.33319467306137085,2.9786295890808105,-1.5265322015754659,1766201953.2560403
0.061981040984392166,-1.5046184062957764,-1.7367571501024361,0.329793781042099,2.9687719345092773,-1.5083826578433588,1766201953.2659824
0.06348327547311783,-1.4962010383605957,-1.7555460365580469,0.329793781042099,2.9687719345092773,-1.5083826578433588,1766201953.266001
0.06475173681974411,-1.4867751598358154,-1.7384068787817595,0.329793781042099,2.9687719345092773,-1.5083826578433588,1766201953.2660186
0.06475173681974411,-1.4867751598358154,-1.7384068787817595,0.33151310682296753,2.960334539413452,-1.5103597758026717,1766201953.2660115
0.06610195338726044,-1.4776835441589355,-1.7352077082635566,0.33151310682296753,2.960334539413452,-1.5103597758026717,1766201953.2760837
0.06610195338726044,-1.4776835441589355,-1.7352077082635566,0.33099034428596497,2.951305389404297,-1.504346033416363,1766201953.276068
0.06610195338726044,-1.4776835441589355,-1.7352077082635566,0.33172065019607544,2.94317889213562,-1.5063689422556306,1766201953.2860649
0.06754449009895325,-1.4690324068069458,-1.7481422971240308,0.33172065019607544,2.94317889213562,-1.5063689422556306,1766201953.2861004
0.06754449009895325,-1.4690324068069458,-1.7481422971240308,0.3328765630722046,2.934636354446411,-1.5061902007388877,1766201953.296077
0.06898298859596252,-1.4598146677017212,-1.7459357675788842,0.3328765630722046,2.934636354446411,-1.5061902007388877,1766201953.2961264
0.06898298859596252,-1.4598146677017212,-1.7459357675788842,0.33332595229148865,2.926121473312378,-1.506095302992569,1766201953.3060632
0.07011114060878754,-1.4501953125,-1.7276679083909234,0.33332595229148865,2.926121473312378,-1.506095302992569,1766201953.3061025
0.07011114060878754,-1.4501953125,-1.7276679083909234,0.33646807074546814,2.9181952476501465,-1.5166844237805244,1766201953.316084
0.07134369015693665,-1.4407168626785278,-1.7206845519256553,0.33646807074546814,2.9181952476501465,-1.5166844237805244,1766201953.3161175
0.07134369015693665,-1.4407168626785278,-1.7206845519256553,0.3361026346683502,2.908668279647827,-1.5073360524235795,1766201953.3261073
0.07322917878627777,-1.43207848072052,-1.7329590259491703,0.3361026346683502,2.908668279647827,-1.5073360524235795,1766201953.3261433
0.07322917878627777,-1.43207848072052,-1.7329590259491703,0.3362589478492737,2.900391101837158,-1.5084537569905188,1766201953.326159
0.07372171431779861,-1.422268033027649,-1.7186429039004651,0.3362589478492737,2.900391101837158,-1.5084537569905188,1766201953.326168
0.07459865510463715,-1.4125319719314575,-1.7080735678301062,0.3362589478492737,2.900391101837158,-1.5084537569905188,1766201953.3360074
0.07459865510463715,-1.4125319719314575,-1.7080735678301062,0.3385305106639862,2.8922007083892822,-1.5156341281070516,1766201953.3359983
0.07678205519914627,-1.4039968252182007,-1.7288126436307143,0.3385305106639862,2.8922007083892822,-1.5156341281070516,1766201953.3460543
0.07678205519914627,-1.4039968252182007,-1.7288126436307143,0.33719080686569214,2.8831725120544434,-1.5050296373731396,1766201953.3460445
0.07678205519914627,-1.4039968252182007,-1.7288126436307143,0.3385092616081238,2.874147653579712,-1.5077789122729588,1766201953.3560407
0.07767459750175476,-1.393787145614624,-1.7100262679942426,0.3385092616081238,2.874147653579712,-1.5077789122729588,1766201953.3560576
0.07888118177652359,-1.3844492435455322,-1.7121551932740295,0.3385092616081238,2.874147653579712,-1.5077789122729588,1766201953.3660965
0.07888118177652359,-1.3844492435455322,-1.7121551932740295,0.33987680077552795,2.8652503490448,-1.5077902424368725,1766201953.366062
0.0796370804309845,-1.374255895614624,-1.7036786070275216,0.33987680077552795,2.8652503490448,-1.5077902424368725,1766201953.3661232
0.0796370804309845,-1.374255895614624,-1.7036786070275216,0.33952319622039795,2.856571674346924,-1.5060754406881671,1766201953.3661118
0.0796370804309845,-1.374255895614624,-1.7036786070275216,0.34105154871940613,2.848181962966919,-1.507577499008804,1766201953.375991
0.08120215684175491,-1.3647050857543945,-1.7038241823621871,0.34105154871940613,2.848181962966919,-1.507577499008804,1766201953.3760023
0.08120215684175491,-1.3647050857543945,-1.7038241823621871,0.3419424891471863,2.838733673095703,-1.5077880957181469,1766201953.386062
0.08219712972640991,-1.355207085609436,-1.7016551482995146,0.3419424891471863,2.838733673095703,-1.5077880957181469,1766201953.3860717
0.08311706781387329,-1.3448197841644287,-1.6956640228963906,0.3419424891471863,2.838733673095703,-1.5077880957181469,1766201953.3959887
0.08311706781387329,-1.3448197841644287,-1.6956640228963906,0.344373881816864,2.831048011779785,-1.5179926873462606,1766201953.3959775
0.08311706781387329,-1.3448197841644287,-1.6956640228963906,0.34409457445144653,2.8218507766723633,-1.5097527221786202,1766201953.4061248
0.08474311232566833,-1.3351949453353882,-1.6992977910821223,0.34409457445144653,2.8218507766723633,-1.5097527221786202,1766201953.4061613
0.08550620079040527,-1.3253203630447388,-1.6971183339327536,0.34409457445144653,2.8218507766723633,-1.5097527221786202,1766201953.4161134
0.08550620079040527,-1.3253203630447388,-1.6971183339327536,0.3445204496383667,2.812612771987915,-1.508855984372266,1766201953.4160788
0.08629882335662842,-1.3149540424346924,-1.6921058456117728,0.3445204496383667,2.812612771987915,-1.508855984372266,1766201953.4261305
0.08629882335662842,-1.3149540424346924,-1.6921058456117728,0.3460540473461151,2.8048808574676514,-1.5103677801825552,1766201953.426096
0.08738061040639877,-1.3049900531768799,-1.693686062549619,0.3460540473461151,2.8048808574676514,-1.5103677801825552,1766201953.4261556
0.08738061040639877,-1.3049900531768799,-1.693686062549619,0.346866637468338,2.7964212894439697,-1.5096775686051462,1766201953.4261465
0.08738061040639877,-1.3049900531768799,-1.693686062549619,0.3477684557437897,2.7875173091888428,-1.5110296426813028,1766201953.4360275
0.0880218967795372,-1.2944936752319336,-1.6940163888370485,0.3477684557437897,2.7875173091888428,-1.5110296426813028,1766201953.4360383
0.08921501785516739,-1.2848362922668457,-1.7048200881112014,0.3477684557437897,2.7875173091888428,-1.5110296426813028,1766201953.4461443
0.08921501785516739,-1.2848362922668457,-1.7048200881112014,0.34871459007263184,2.7793526649475098,-1.5114935143117383,1766201953.4461093
0.08921501785516739,-1.2848362922668457,-1.7048200881112014,0.34975963830947876,2.7706172466278076,-1.5120919285704097,1766201953.456125
0.0888923704624176,-1.2739099264144897,-1.6876867422885127,0.34975963830947876,2.7706172466278076,-1.5120919285704097,1766201953.4561586
0.0888923704624176,-1.2739099264144897,-1.6876867422885127,0.3509308993816376,2.7628121376037598,-1.513310228691994,1766201953.4661264
0.09034077823162079,-1.264398217201233,-1.7026512064754304,0.3509308993816376,2.7628121376037598,-1.513310228691994,1766201953.4661603
0.09034077823162079,-1.264398217201233,-1.7026512064754304,0.35169392824172974,2.7538483142852783,-1.513608066966634,1766201953.4661756
0.09045393764972687,-1.2536629438400269,-1.700043834845544,0.35169392824172974,2.7538483142852783,-1.513608066966634,1766201953.4661863
0.09047867357730865,-1.243161678314209,-1.6885395472216473,0.35169392824172974,2.7538483142852783,-1.513608066966634,1766201953.4761698
0.09047867357730865,-1.243161678314209,-1.6885395472216473,0.3526618778705597,2.7460312843322754,-1.514074189885269,1766201953.4761357
0.09047867357730865,-1.243161678314209,-1.6885395472216473,0.3533821702003479,2.7368180751800537,-1.5143207469162991,1766201953.4860678
0.09018021821975708,-1.2322537899017334,-1.6761926664903064,0.3533821702003479,2.7368180751800537,-1.5143207469162991,1766201953.4861016
0.09001678973436356,-1.2221790552139282,-1.6763725390707604,0.3533821702003479,2.7368180751800537,-1.5143207469162991,1766201953.496106
0.09001678973436356,-1.2221790552139282,-1.6763725390707604,0.3541744351387024,2.7286105155944824,-1.5145509660594632,1766201953.496066
0.09001678973436356,-1.2221790552139282,-1.6763725390707604,0.3550642132759094,2.719911813735962,-1.5148461658760441,1766201953.5061326
0.09060164541006088,-1.2120921611785889,-1.6825836415965005,0.3550642132759094,2.719911813735962,-1.5148461658760441,1766201953.5061662
0.09060164541006088,-1.2120921611785889,-1.6825836415965005,0.35588425397872925,2.7117838859558105,-1.5142931220130051,1766201953.5161061
0.09030772745609283,-1.2017227411270142,-1.6740149081264115,0.35588425397872925,2.7117838859558105,-1.5142931220130051,1766201953.51614
0.09030772745609283,-1.2017227411270142,-1.6740149081264115,0.3566225469112396,2.70330548286438,-1.5135959470844322,1766201953.5261467
0.09206447005271912,-1.1915409564971924,-1.6937724345123095,0.3566225469112396,2.70330548286438,-1.5135959470844322,1766201953.526181
0.09206447005271912,-1.1915409564971924,-1.6937724345123095,0.35734042525291443,2.6946537494659424,-1.51367089678671,1766201953.5261962
0.0897124782204628,-1.180523157119751,-1.6620759032087842,0.35734042525291443,2.6946537494659424,-1.51367089678671,1766201953.5262053
0.09004036337137222,-1.1704801321029663,-1.6698717119943016,0.35734042525291443,2.6946537494659424,-1.51367089678671,1766201953.5360107
0.09004036337137222,-1.1704801321029663,-1.6698717119943016,0.3580282926559448,2.685825824737549,-1.5145349356281397,1766201953.536001
0.09004036337137222,-1.1704801321029663,-1.6698717119943016,0.3581533133983612,2.677832841873169,-1.5120709392936438,1766201953.5460997
0.0897158682346344,-1.1603866815567017,-1.6746660939982099,0.3581533133983612,2.677832841873169,-1.5120709392936438,1766201953.5461345
0.0897158682346344,-1.1603866815567017,-1.6746660939982099,0.3590044677257538,2.6691722869873047,-1.5126472295191091,1766201953.556104
0.08949849754571915,-1.1498669385910034,-1.6720851130282823,0.3590044677257538,2.6691722869873047,-1.5126472295191091,1766201953.5561388
0.08949849754571915,-1.1498669385910034,-1.6720851130282823,0.36102256178855896,2.6611270904541016,-1.518654727961382,1766201953.5660982
0.08928164094686508,-1.1387180089950562,-1.6530631137158502,0.36102256178855896,2.6611270904541016,-1.518654727961382,1766201953.566132
0.08928164094686508,-1.1387180089950562,-1.6530631137158502,0.3611120283603668,2.652395009994507,-1.5138308880708793,1766201953.5661473
0.08888325095176697,-1.128156065940857,-1.6536810972847753,0.3611120283603668,2.652395009994507,-1.5138308880708793,1766201953.5661585
0.08837713301181793,-1.1172516345977783,-1.6459336704835097,0.3611120283603668,2.652395009994507,-1.5138308880708793,1766201953.5760906
0.08837713301181793,-1.1172516345977783,-1.6459336704835097,0.36111390590667725,2.6437759399414062,-1.5093490816285968,1766201953.5760639
0.08837713301181793,-1.1172516345977783,-1.6459336704835097,0.36180371046066284,2.6351380348205566,-1.5098404344930758,1766201953.5861173
0.08764324337244034,-1.106224775314331,-1.6396388782172855,0.36180371046066284,2.6351380348205566,-1.5098404344930758,1766201953.5861502
0.08681625127792358,-1.095109224319458,-1.6346167029176524,0.36180371046066284,2.6351380348205566,-1.5098404344930758,1766201953.5961099
0.08681625127792358,-1.095109224319458,-1.6346167029176524,0.36242443323135376,2.626511812210083,-1.5076767592205873,1766201953.596075
0.08650217205286026,-1.0844992399215698,-1.637445985841598,0.36242443323135376,2.626511812210083,-1.5076767592205873,1766201953.6060853
0.08650217205286026,-1.0844992399215698,-1.637445985841598,0.36312466859817505,2.6176764965057373,-1.5078803085601924,1766201953.606051
0.08650217205286026,-1.0844992399215698,-1.637445985841598,0.3635425269603729,2.609135627746582,-1.506520432817317,1766201953.616092
0.08567176014184952,-1.0727876424789429,-1.6283201686846904,0.3635425269603729,2.609135627746582,-1.506520432817317,1766201953.6161253
0.08567176014184952,-1.0727876424789429,-1.6283201686846904,0.3639909625053406,2.600281000137329,-1.505241786568683,1766201953.6161408
0.08582714200019836,-1.0625253915786743,-1.6511322185003334,0.3639909625053406,2.600281000137329,-1.505241786568683,1766201953.6161516
0.08518010377883911,-1.0511373281478882,-1.647588914638325,0.3639909625053406,2.600281000137329,-1.505241786568683,1766201953.6260736
0.08518010377883911,-1.0511373281478882,-1.647588914638325,0.3656232953071594,2.591578960418701,-1.5043729914911974,1766201953.6260614
0.08436432480812073,-1.0395680665969849,-1.6453003262097945,0.3656232953071594,2.591578960418701,-1.5043729914911974,1766201953.6361022
0.08436432480812073,-1.0395680665969849,-1.6453003262097945,0.3702762722969055,2.5839803218841553,-1.5215847938448335,1766201953.6360667
0.08436432480812073,-1.0395680665969849,-1.6453003262097945,0.3711003065109253,2.5752358436584473,-1.5208650430133748,1766201953.6460493
0.08361399173736572,-1.0279864072799683,-1.6423594439420843,0.3711003065109253,2.5752358436584473,-1.5208650430133748,1766201953.6460838
0.08361399173736572,-1.0279864072799683,-1.6423594439420843,0.36879658699035645,2.565359354019165,-1.505341063610082,1766201953.6561258
0.0828126072883606,-1.0163302421569824,-1.6426399843543023,0.36879658699035645,2.565359354019165,-1.505341063610082,1766201953.6561594
0.0828126072883606,-1.0163302421569824,-1.6426399843543023,0.36881309747695923,2.5565531253814697,-1.5015167864608283,1766201953.6661022
0.08210974186658859,-1.0044313669204712,-1.6424519932589008,0.36881309747695923,2.5565531253814697,-1.5015167864608283,1766201953.6661353
0.08120594918727875,-0.9926785826683044,-1.6421381208648824,0.36881309747695923,2.5565531253814697,-1.5015167864608283,1766201953.6761408
0.08120594918727875,-0.9926785826683044,-1.6421381208648824,0.369497686624527,2.5479233264923096,-1.4997302921629323,1766201953.6761057
0.08023929595947266,-0.9808531403541565,-1.6416874366902197,0.369497686624527,2.5479233264923096,-1.4997302921629323,1766201953.6761653
0.08023929595947266,-0.9808531403541565,-1.6416874366902197,0.3699796497821808,2.538712978363037,-1.5006496760718355,1766201953.6761565
0.08023929595947266,-0.9808531403541565,-1.6416874366902197,0.370966374874115,2.5300793647766113,-1.5004307697495918,1766201953.6860704
0.07897163927555084,-0.9690873622894287,-1.6326231579978068,0.370966374874115,2.5300793647766113,-1.5004307697495918,1766201953.6860807
0.07710858434438705,-0.9571139216423035,-1.6254734679895047,0.370966374874115,2.5300793647766113,-1.5004307697495918,1766201953.69614
0.07710858434438705,-0.9571139216423035,-1.6254734679895047,0.3713555932044983,2.52156138420105,-1.4994368560784606,1766201953.6961048
0.0757698118686676,-0.9450604915618896,-1.623614549732963,0.3713555932044983,2.52156138420105,-1.4994368560784606,1766201953.706143
0.0757698118686676,-0.9450604915618896,-1.623614549732963,0.3745461106300354,2.5115885734558105,-1.511335651753828,1766201953.7061088
0.0757698118686676,-0.9450604915618896,-1.623614549732963,0.376988023519516,2.505223035812378,-1.5173642487109478,1766201953.7161078
0.07441206276416779,-0.9329988360404968,-1.6221196966876972,0.376988023519516,2.505223035812378,-1.5173642487109478,1766201953.7161427
0.07441206276416779,-0.9329988360404968,-1.6221196966876972,0.37610918283462524,2.4942355155944824,-1.5091058572717715,1766201953.716159
0.0737186074256897,-0.9208190441131592,-1.6272601501576929,0.37610918283462524,2.4942355155944824,-1.5091058572717715,1766201953.7161694
0.0737186074256897,-0.9208190441131592,-1.6272601501576929,0.3741041421890259,2.486693859100342,-1.5001876711693827,1766201953.7361093
0.07160109281539917,-0.908318817615509,-1.6157646927535685,0.3741041421890259,2.486693859100342,-1.5001876711693827,1766201953.7361434
0.07160109281539917,-0.908318817615509,-1.6157646927535685,0.3723898231983185,2.4755067825317383,-1.5174312897559739,1766201953.7361588
0.07096841931343079,-0.8959299921989441,-1.6207698280404794,0.3723898231983185,2.4755067825317383,-1.5174312897559739,1766201953.7361689
0.06849279254674911,-0.8835116028785706,-1.6128010858129256,0.3723898231983185,2.4755067825317383,-1.5174312897559739,1766201953.7461565
0.06849279254674911,-0.8835116028785706,-1.6128010858129256,0.3756088614463806,2.470086097717285,-1.497324292330795,1766201953.7461214
0.06682098656892776,-0.8711068630218506,-1.6086306138348407,0.3756088614463806,2.470086097717285,-1.497324292330795,1766201953.7561483
0.06682098656892776,-0.8711068630218506,-1.6086306138348407,0.3759615123271942,2.460512638092041,-1.5005846900725965,1766201953.7561152
0.06682098656892776,-0.8711068630218506,-1.6086306138348407,0.3780536949634552,2.45212984085083,-1.504894914199553,1766201953.7661264
0.0651405081152916,-0.8585836291313171,-1.6099378254326437,0.3780536949634552,2.45212984085083,-1.504894914199553,1766201953.7661595
0.0651405081152916,-0.8585836291313171,-1.6099378254326437,0.3820618987083435,2.4444215297698975,-1.5192807134121102,1766201953.766175
0.063028484582901,-0.8463239669799805,-1.601896740026182,0.3820618987083435,2.4444215297698975,-1.5192807134121102,1766201953.7661858
0.063028484582901,-0.8463239669799805,-1.601896740026182,0.37848904728889465,2.434921979904175,-1.5030540477845995,1766201953.7760978
0.06163403391838074,-0.8337554335594177,-1.6065361308472688,0.37848904728889465,2.434921979904175,-1.5030540477845995,1766201953.7761314
0.06163403391838074,-0.8337554335594177,-1.6065361308472688,0.3816681504249573,2.4269602298736572,-1.5156275998734203,1766201953.786074
0.059920478612184525,-0.821449339389801,-1.6045201247654863,0.3816681504249573,2.4269602298736572,-1.5156275998734203,1766201953.7861013
0.05806538462638855,-0.8091242909431458,-1.6065981750430962,0.3816681504249573,2.4269602298736572,-1.5156275998734203,1766201953.7961578
0.05806538462638855,-0.8091242909431458,-1.6065981750430962,0.3823300004005432,2.417652130126953,-1.5094880029553988,1766201953.796123
0.05806538462638855,-0.8091242909431458,-1.6065981750430962,0.38560202717781067,2.4100539684295654,-1.5211494599884972,1766201953.8061152
0.056312158703804016,-0.7968921065330505,-1.6069434932186817,0.38560202717781067,2.4100539684295654,-1.5211494599884972,1766201953.80615
0.05440584197640419,-0.7850015759468079,-1.6118746304728375,0.38560202717781067,2.4100539684295654,-1.5211494599884972,1766201953.816152
0.05440584197640419,-0.7850015759468079,-1.6118746304728375,0.3848498463630676,2.3997764587402344,-1.5177789692225203,1766201953.8161187
0.05267435684800148,-0.7728234529495239,-1.6138357288805367,0.3848498463630676,2.3997764587402344,-1.5177789692225203,1766201953.8261945
0.05267435684800148,-0.7728234529495239,-1.6138357288805367,0.3851127624511719,2.390517234802246,-1.517160039202602,1766201953.8261597
0.05099429935216904,-0.7605462074279785,-1.6152966669737614,0.3851127624511719,2.390517234802246,-1.517160039202602,1766201953.8361337
0.05099429935216904,-0.7605462074279785,-1.6152966669737614,0.3845444321632385,2.384188652038574,-1.508237311945208,1766201953.836099
0.049136217683553696,-0.747913122177124,-1.6123949515031812,0.3845444321632385,2.384188652038574,-1.508237311945208,1766201953.8361597
0.049136217683553696,-0.747913122177124,-1.6123949515031812,0.3855590522289276,2.3759307861328125,-1.5085874196616667,1766201953.8361495
0.049136217683553696,-0.747913122177124,-1.6123949515031812,0.3880921006202698,2.367072105407715,-1.5140709165390633,1766201953.8461432
0.04827297851443291,-0.7357909083366394,-1.6217620560011783,0.3880921006202698,2.367072105407715,-1.5140709165390633,1766201953.8461773
0.04827297851443291,-0.7357909083366394,-1.6217620560011783,0.3896539807319641,2.3578853607177734,-1.5207590587911892,1766201953.8560975
0.04626351222395897,-0.7237425446510315,-1.6229322468535332,0.3896539807319641,2.3578853607177734,-1.5207590587911892,1766201953.856131
0.04626351222395897,-0.7237425446510315,-1.6229322468535332,0.39347201585769653,2.3449718952178955,-1.5660206448512397,1766201953.866118
0.044561345130205154,-0.7116518020629883,-1.627083499639321,0.39347201585769653,2.3449718952178955,-1.5660206448512397,1766201953.8661504
0.044561345130205154,-0.7116518020629883,-1.627083499639321,0.39129576086997986,2.3408656120300293,-1.5224123103962321,1766201953.866166
0.042326513677835464,-0.7001135945320129,-1.627436530143061,0.39129576086997986,2.3408656120300293,-1.5224123103962321,1766201953.8661768
0.042326513677835464,-0.7001135945320129,-1.627436530143061,0.3932408094406128,2.3341288566589355,-1.5260728946897446,1766201953.8761177
0.04151666536927223,-0.6879656314849854,-1.6389229829097638,0.3932408094406128,2.3341288566589355,-1.5260728946897446,1766201953.8761516
0.03837532922625542,-0.6759767532348633,-1.628946210359324,0.3932408094406128,2.3341288566589355,-1.5260728946897446,1766201953.88615
0.03837532922625542,-0.6759767532348633,-1.628946210359324,0.3942386507987976,2.325899839401245,-1.5265261360919087,1766201953.886116
0.03723049536347389,-0.6642478108406067,-1.6337847991971102,0.3942386507987976,2.325899839401245,-1.5265261360919087,1766201953.8961306
0.03723049536347389,-0.6642478108406067,-1.6337847991971102,0.3964610993862152,2.3118233680725098,-1.5637853819646381,1766201953.896096
0.03486589342355728,-0.6519573330879211,-1.6328269146860572,0.3964610993862152,2.3118233680725098,-1.5637853819646381,1766201953.9061522
0.03486589342355728,-0.6519573330879211,-1.6328269146860572,0.39768165349960327,2.3038411140441895,-1.5710647556266555,1766201953.9061184
0.0335189625620842,-0.6400818824768066,-1.6362554790569612,0.39768165349960327,2.3038411140441895,-1.5710647556266555,1766201953.9161289
0.0335189625620842,-0.6400818824768066,-1.6362554790569612,0.39496341347694397,2.29841947555542,-1.522125090833044,1766201953.9160943
0.031422317028045654,-0.6280732750892639,-1.6340898833315098,0.39496341347694397,2.29841947555542,-1.522125090833044,1766201953.916155
0.031422317028045654,-0.6280732750892639,-1.6340898833315098,0.39734041690826416,2.2920806407928467,-1.5273583940360127,1766201953.9161448
0.030273299664258957,-0.6163715720176697,-1.6396333616668526,0.39734041690826416,2.2920806407928467,-1.5273583940360127,1766201953.9260502
0.030273299664258957,-0.6163715720176697,-1.6396333616668526,0.3972553312778473,2.283287525177002,-1.5253940914990658,1766201953.926039
0.030273299664258957,-0.6163715720176697,-1.6396333616668526,0.39534252882003784,2.276289939880371,-1.5154570712098694,1766201953.9361048
0.029588643461465836,-0.6043736934661865,-1.6505356856581463,0.39534252882003784,2.276289939880371,-1.5154570712098694,1766201953.9361398
0.028063939884305,-0.5925683975219727,-1.6495777556706956,0.39534252882003784,2.276289939880371,-1.5154570712098694,1766201953.9461627
0.028063939884305,-0.5925683975219727,-1.6495777556706956,0.4011061191558838,2.2583258152008057,-1.5600628752304713,1766201953.9461284
0.026214320212602615,-0.5806737542152405,-1.6405668481715414,0.4011061191558838,2.2583258152008057,-1.5600628752304713,1766201953.9561255
0.026214320212602615,-0.5806737542152405,-1.6405668481715414,0.4008867144584656,2.2523317337036133,-1.5545842720881315,1766201953.9560916
0.026214320212602615,-0.5806737542152405,-1.6405668481715414,0.39796704053878784,2.248171329498291,-1.5116121964995322,1766201953.9661357
0.02538164146244526,-0.5684207081794739,-1.6279178425613912,0.39796704053878784,2.248171329498291,-1.5116121964995322,1766201953.966168
0.02538164146244526,-0.5684207081794739,-1.6279178425613912,0.398065984249115,2.2396373748779297,-1.507244295321994,1766201953.9661837
0.024921389296650887,-0.5571834444999695,-1.6556638295827582,0.398065984249115,2.2396373748779297,-1.507244295321994,1766201953.966195
0.024921389296650887,-0.5571834444999695,-1.6556638295827582,0.4035404324531555,2.2257304191589355,-1.5610078385077106,1766201953.9761245
0.02352316677570343,-0.5448403358459473,-1.6356634800732337,0.4035404324531555,2.2257304191589355,-1.5610078385077106,1766201953.9761586
0.02352316677570343,-0.5448403358459473,-1.6356634800732337,0.40755414962768555,2.2308549880981445,-1.6182964236098025,1766201953.9861221
0.02225325256586075,-0.5336577892303467,-1.6449524685144714,0.40755414962768555,2.2308549880981445,-1.6182964236098025,1766201953.9861555
0.02225325256586075,-0.5336577892303467,-1.6449524685144714,0.4033862352371216,2.214390754699707,-1.5206307836424147,1766201953.9961169
0.02201596274971962,-0.5219594836235046,-1.6441692345523213,0.4033862352371216,2.214390754699707,-1.5206307836424147,1766201953.9961517
0.022176697850227356,-0.5100130438804626,-1.6474641704678783,0.4033862352371216,2.214390754699707,-1.5206307836424147,1766201954.0061584
0.022176697850227356,-0.5100130438804626,-1.6474641704678783,0.40589654445648193,2.1980297565460205,-1.5504329752050034,1766201954.0061238
0.022176697850227356,-0.5100130438804626,-1.6474641704678783,0.40648216009140015,2.1909241676330566,-1.5566766735286037,1766201954.0160952
0.022176697850227356,-0.5100130438804626,-1.6474641704678783,0.407257080078125,2.1808078289031982,-1.5485358222488366,1766201954.0161436
0.021152080968022346,-0.49865707755088806,-1.6420775268494232,0.407257080078125,2.1808078289031982,-1.5485358222488366,1766201954.0161283
0.020628469064831734,-0.4873555898666382,-1.6458741329450943,0.407257080078125,2.1808078289031982,-1.5485358222488366,1766201954.0161538
0.020628469064831734,-0.4873555898666382,-1.6458741329450943,0.4073566198348999,2.1818504333496094,-1.5536290192899278,1766201954.025964
0.020749758929014206,-0.47591695189476013,-1.6461386360650294,0.4073566198348999,2.1818504333496094,-1.5536290192899278,1766201954.0259824
0.021132048219442368,-0.464647501707077,-1.6566166029596572,0.4073566198348999,2.1818504333496094,-1.5536290192899278,1766201954.036093
0.021132048219442368,-0.464647501707077,-1.6566166029596572,0.408611923456192,2.163882255554199,-1.5448005514629304,1766201954.0360572
0.02112416923046112,-0.4534463882446289,-1.6572398831027932,0.408611923456192,2.163882255554199,-1.5448005514629304,1766201954.046155
0.02112416923046112,-0.4534463882446289,-1.6572398831027932,0.4092774987220764,2.1567399501800537,-1.5511881582551537,1766201954.046121
0.021184302866458893,-0.44211235642433167,-1.6545632391224196,0.4092774987220764,2.1567399501800537,-1.5511881582551537,1766201954.0560832
0.021184302866458893,-0.44211235642433167,-1.6545632391224196,0.410661518573761,2.1461427211761475,-1.5464546052336519,1766201954.0560489
0.021098434925079346,-0.431210458278656,-1.6634516932508965,0.410661518573761,2.1461427211761475,-1.5464546052336519,1766201954.066088
0.021098434925079346,-0.431210458278656,-1.6634516932508965,0.4110996723175049,2.1388604640960693,-1.5494389336221055,1766201954.0660546
0.021278932690620422,-0.41994112730026245,-1.6631414253406382,0.4110996723175049,2.1388604640960693,-1.5494389336221055,1766201954.0761504
0.021278932690620422,-0.41994112730026245,-1.6631414253406382,0.4115893542766571,2.132246971130371,-1.5451664441843642,1766201954.076115
0.020737923681735992,-0.40867066383361816,-1.6500538537491614,0.4115893542766571,2.132246971130371,-1.5451664441843642,1766201954.0761752
0.020737923681735992,-0.40867066383361816,-1.6500538537491614,0.41275453567504883,2.1205453872680664,-1.540919165400405,1766201954.0761664
0.020737923681735992,-0.40867066383361816,-1.6500538537491614,0.4137614965438843,2.1141374111175537,-1.552192327257138,1766201954.086058
0.021311797201633453,-0.3977135121822357,-1.6643408089559832,0.4137614965438843,2.1141374111175537,-1.552192327257138,1766201954.0860693
0.021311797201633453,-0.3977135121822357,-1.6643408089559832,0.41420572996139526,2.1044859886169434,-1.548229168180278,1766201954.0961146
0.020404459908604622,-0.38651135563850403,-1.6569682891563293,0.41420572996139526,2.1044859886169434,-1.548229168180278,1766201954.0961492
0.020404459908604622,-0.38651135563850403,-1.6569682891563293,0.4152774214744568,2.095796823501587,-1.551429568778273,1766201954.1061242
0.021398698911070824,-0.37520575523376465,-1.6640365375527253,0.4152774214744568,2.095796823501587,-1.551429568778273,1766201954.106158
0.020732121542096138,-0.36394980549812317,-1.657848490753441,0.4152774214744568,2.095796823501587,-1.551429568778273,1766201954.1160908
0.020732121542096138,-0.36394980549812317,-1.657848490753441,0.4123397767543793,2.0915234088897705,-1.5037631051891924,1766201954.1160574
0.020732121542096138,-0.36394980549812317,-1.657848490753441,0.41640445590019226,2.0796098709106445,-1.5459024952109581,1766201954.1261015
0.02097775600850582,-0.35272789001464844,-1.6634816320176182,0.41640445590019226,2.0796098709106445,-1.5459024952109581,1766201954.1261363
0.02097775600850582,-0.35272789001464844,-1.6634816320176182,0.4174586236476898,2.071345567703247,-1.549217982451673,1766201954.126152
0.0209425650537014,-0.34128519892692566,-1.662192276645423,0.4174586236476898,2.071345567703247,-1.549217982451673,1766201954.126161
0.0209425650537014,-0.34128519892692566,-1.662192276645423,0.4184374213218689,2.060790777206421,-1.544176312800121,1766201954.1359808
0.021243257448077202,-0.32980820536613464,-1.6625525191876587,0.4184374213218689,2.060790777206421,-1.544176312800121,1766201954.1359901
0.02112232893705368,-0.3182882070541382,-1.6640017794595983,0.4184374213218689,2.060790777206421,-1.544176312800121,1766201954.1460807
0.02112232893705368,-0.3182882070541382,-1.6640017794595983,0.4191458523273468,2.052708864212036,-1.5444083997222051,1766201954.1460679
0.02112232893705368,-0.3182882070541382,-1.6640017794595983,0.41974592208862305,2.0455610752105713,-1.5499723375407009,1766201954.156078
0.021171463653445244,-0.30673158168792725,-1.6698976414844509,0.41974592208862305,2.0455610752105713,-1.5499723375407009,1766201954.156112
0.021171463653445244,-0.30673158168792725,-1.6698976414844509,0.420328825712204,2.037811756134033,-1.549361010951519,1766201954.166094
0.022544285282492638,-0.2949378788471222,-1.6605617902077585,0.420328825712204,2.037811756134033,-1.549361010951519,1766201954.166135
0.022544285282492638,-0.2949378788471222,-1.6605617902077585,0.4167217016220093,2.033489465713501,-1.5022589354423412,1766201954.1661606
0.02285303920507431,-0.28319865465164185,-1.6760534517181782,0.4167217016220093,2.033489465713501,-1.5022589354423412,1766201954.1661747
0.022368406876921654,-0.2713996469974518,-1.6885858113305692,0.4167217016220093,2.033489465713501,-1.5022589354423412,1766201954.1760333
0.022368406876921654,-0.2713996469974518,-1.6885858113305692,0.42255666851997375,2.0207152366638184,-1.552977594736717,1766201954.1760225
0.022368406876921654,-0.2713996469974518,-1.6885858113305692,0.4239158630371094,2.0127782821655273,-1.5545930095683882,1766201954.1861136
0.021797025576233864,-0.2597406208515167,-1.6815458329142616,0.4239158630371094,2.0127782821655273,-1.5545930095683882,1766201954.186123
0.022686395794153214,-0.24779051542282104,-1.6802447847218847,0.4239158630371094,2.0127782821655273,-1.5545930095683882,1766201954.1961563
0.022686395794153214,-0.24779051542282104,-1.6802447847218847,0.4243813753128052,2.004297971725464,-1.5536160345964343,1766201954.1961207
0.023019207641482353,-0.23580841720104218,-1.6855824501577505,0.4243813753128052,2.004297971725464,-1.5536160345964343,1766201954.206132
0.023019207641482353,-0.23580841720104218,-1.6855824501577505,0.42215895652770996,1.9980781078338623,-1.5104938650231698,1766201954.2060978
0.02179565280675888,-0.22416184842586517,-1.6878320099094317,0.42215895652770996,1.9980781078338623,-1.5104938650231698,1766201954.2161446
0.02179565280675888,-0.22416184842586517,-1.6878320099094317,0.42593908309936523,1.9888646602630615,-1.5509461323559934,1766201954.2161107
0.022567518055438995,-0.21218058466911316,-1.6885728262874045,0.42593908309936523,1.9888646602630615,-1.5509461323559934,1766201954.2161703
0.022567518055438995,-0.21218058466911316,-1.6885728262874045,0.42703986167907715,1.9811931848526,-1.555326382049629,1766201954.21616
0.022567518055438995,-0.21218058466911316,-1.6885728262874045,0.42826610803604126,1.9714049100875854,-1.5575603296111717,1766201954.226091
0.022058995440602303,-0.20049907267093658,-1.6826473041338441,0.42826610803604126,1.9714049100875854,-1.5575603296111717,1766201954.2261236
0.02287561632692814,-0.18803465366363525,-1.702914119239958,0.42826610803604126,1.9714049100875854,-1.5575603296111717,1766201954.2461374
0.02287561632692814,-0.18803465366363525,-1.702914119239958,0.43398335576057434,1.9923937320709229,-1.6721320206566936,1766201954.2461033
0.02184935286641121,-0.17679770290851593,-1.6928854313137722,0.43398335576057434,1.9923937320709229,-1.6721320206566936,1766201954.246164
0.02184935286641121,-0.17679770290851593,-1.6928854313137722,0.4301551580429077,1.95548677444458,-1.5557086274855654,1766201954.2461538
0.02184935286641121,-0.17679770290851593,-1.6928854313137722,0.43084171414375305,1.9477415084838867,-1.5557104730209395,1766201954.2560472
0.021621806547045708,-0.16521236300468445,-1.6910182093131245,0.43084171414375305,1.9477415084838867,-1.5557104730209395,1766201954.2560556
0.021861813962459564,-0.15352216362953186,-1.685807575587284,0.43084171414375305,1.9477415084838867,-1.5557104730209395,1766201954.2661188
0.021861813962459564,-0.15352216362953186,-1.685807575587284,0.4318501651287079,1.9379512071609497,-1.5499173185937627,1766201954.2660751
0.020975403487682343,-0.1420159935951233,-1.6968590022611325,0.4318501651287079,1.9379512071609497,-1.5499173185937627,1766201954.2661629
0.020975403487682343,-0.1420159935951233,-1.6968590022611325,0.4327940046787262,1.930699348449707,-1.5589946257705078,1766201954.2661448
0.020975403487682343,-0.1420159935951233,-1.6968590022611325,0.433158814907074,1.9215364456176758,-1.5558500515925475,1766201954.2760634
0.02221493050456047,-0.13006798923015594,-1.6939914246911314,0.433158814907074,1.9215364456176758,-1.5558500515925475,1766201954.27609
0.02221493050456047,-0.13006798923015594,-1.6939914246911314,0.4342857003211975,1.9138907194137573,-1.5583343614458678,1766201954.2861075
0.021293167024850845,-0.11835020780563354,-1.6926034198809898,0.4342857003211975,1.9138907194137573,-1.5583343614458678,1766201954.2861464
0.02174249291419983,-0.10669007152318954,-1.6948668875019548,0.4342857003211975,1.9138907194137573,-1.5583343614458678,1766201954.2961454
0.02174249291419983,-0.10669007152318954,-1.6948668875019548,0.43479645252227783,1.9060204029083252,-1.5575146724285327,1766201954.2961106
0.022334851324558258,-0.09475529938936234,-1.6914194283709927,0.43479645252227783,1.9060204029083252,-1.5575146724285327,1766201954.3061414
0.022334851324558258,-0.09475529938936234,-1.6914194283709927,0.4321250319480896,1.901473879814148,-1.5127828196435698,1766201954.3061078
0.022334851324558258,-0.09475529938936234,-1.6914194283709927,0.4334360361099243,1.8909175395965576,-1.5135046962099425,1766201954.316102
0.02269175462424755,-0.08295268565416336,-1.6918836734042064,0.4334360361099243,1.8909175395965576,-1.5135046962099425,1766201954.3161352
0.02269175462424755,-0.08295268565416336,-1.6918836734042064,0.43706125020980835,1.8814492225646973,-1.5557547210587779,1766201954.3161511
0.02330366149544716,-0.070606529712677,-1.6957155837996232,0.43706125020980835,1.8814492225646973,-1.5557547210587779,1766201954.3161616
0.023486880585551262,-0.05911608785390854,-1.7065036059377123,0.43706125020980835,1.8814492225646973,-1.5557547210587779,1766201954.3261883
0.023486880585551262,-0.05911608785390854,-1.7065036059377123,0.43809741735458374,1.8718369007110596,-1.5583756503341308,1766201954.326154
0.023835506290197372,-0.04721326380968094,-1.6969797974378267,0.43809741735458374,1.8718369007110596,-1.5583756503341308,1766201954.3361115
0.023835506290197372,-0.04721326380968094,-1.6969797974378267,0.43833884596824646,1.8636728525161743,-1.5521117416294494,1766201954.3360755
0.0229190681129694,-0.03540920466184616,-1.6921010090219073,0.43833884596824646,1.8636728525161743,-1.5521117416294494,1766201954.3461618
0.0229190681129694,-0.03540920466184616,-1.6921010090219073,0.43913036584854126,1.8555392026901245,-1.5563333338496461,1766201954.3461273
0.024355508387088776,-0.02349412627518177,-1.7003470780337093,0.43913036584854126,1.8555392026901245,-1.5563333338496461,1766201954.3561347
0.024355508387088776,-0.02349412627518177,-1.7003470780337093,0.4395437240600586,1.8454126119613647,-1.5432549687060724,1766201954.3561013
0.024355508387088776,-0.02349412627518177,-1.7003470780337093,0.44033288955688477,1.8366477489471436,-1.544331426652408,1766201954.366105
0.024289123713970184,-0.011742830276489258,-1.6930428045835921,0.44033288955688477,1.8366477489471436,-1.544331426652408,1766201954.3661387
0.024289123713970184,-0.011742830276489258,-1.6930428045835921,0.441265732049942,1.8276491165161133,-1.544602532174812,1766201954.3661544
0.02528989687561989,0.00039629224920645356,-1.7008127095430463,0.441265732049942,1.8276491165161133,-1.544602532174812,1766201954.3661654
0.02528989687561989,0.00039629224920645356,-1.7008127095430463,0.4419204294681549,1.8206229209899902,-1.5513853086646083,1766201954.3761225
0.02560560777783394,0.024827904999256134,-1.696887774952573,0.4419204294681549,1.8206229209899902,-1.5513853086646083,1766201954.3861418
0.02560560777783394,0.024827904999256134,-1.696887774952573,0.44279715418815613,1.8103001117706299,-1.54409737776844,1766201954.3861082
0.025780048221349716,0.036921530961990356,-1.696990704685614,0.44279715418815613,1.8103001117706299,-1.54409737776844,1766201954.3961437
0.025780048221349716,0.036921530961990356,-1.696990704685614,0.4404377341270447,1.8045625686645508,-1.5048558929682885,1766201954.3961077
0.025780048221349716,0.036921530961990356,-1.696990704685614,0.440713495016098,1.7981247901916504,-1.5034527406562872,1766201954.4061155
0.02510922960937023,0.048545897006988525,-1.6841156857895405,0.440713495016098,1.7981247901916504,-1.5034527406562872,1766201954.406149
0.02510922960937023,0.048545897006988525,-1.6841156857895405,0.4415854513645172,1.789517879486084,-1.5028332076240367,1766201954.4161246
0.026400336995720863,0.06079231575131416,-1.693345697169835,0.4415854513645172,1.789517879486084,-1.5028332076240367,1766201954.4161599
0.026400336995720863,0.06079231575131416,-1.693345697169835,0.4455895721912384,1.7768635749816895,-1.5409106872433829,1766201954.4161758
0.026082832366228104,0.07288305461406708,-1.6857514366895994,0.4455895721912384,1.7768635749816895,-1.5409106872433829,1766201954.4161854
0.026082832366228104,0.07288305461406708,-1.6857514366895994,0.44371575117111206,1.7698134183883667,-1.5006782834697612,1766201954.4261088
0.026505975052714348,0.08512900769710541,-1.6924430871625356,0.44371575117111206,1.7698134183883667,-1.5006782834697612,1766201954.426142
0.026505975052714348,0.08512900769710541,-1.6924430871625356,0.44382283091545105,1.7631020545959473,-1.4995376714915356,1766201954.4360547
0.026733720675110817,0.09733130782842636,-1.6919411682252345,0.44382283091545105,1.7631020545959473,-1.4995376714915356,1766201954.4360857
0.02675408311188221,0.10948561131954193,-1.6920174248344475,0.44382283091545105,1.7631020545959473,-1.4995376714915356,1766201954.4461467
0.02675408311188221,0.10948561131954193,-1.6920174248344475,0.44478529691696167,1.7542266845703125,-1.4990883353763067,1766201954.4461124
0.02675408311188221,0.10948561131954193,-1.6920174248344475,0.44888803362846375,1.7418909072875977,-1.5420384297820244,1766201954.4560955
0.026966283097863197,0.12157100439071655,-1.6889944020820256,0.44888803362846375,1.7418909072875977,-1.5420384297820244,1766201954.45613
0.026966283097863197,0.12157100439071655,-1.6889944020820256,0.4495449960231781,1.7336138486862183,-1.5412999661148787,1766201954.4661329
0.02704950049519539,0.1333516389131546,-1.6895772525203356,0.4495449960231781,1.7336138486862183,-1.5412999661148787,1766201954.4661663
0.02704950049519539,0.1333516389131546,-1.6895772525203356,0.44996005296707153,1.7249212265014648,-1.5350873124808475,1766201954.4661818
0.026832913979887962,0.14571602642536163,-1.6836437735924088,0.44996005296707153,1.7249212265014648,-1.5350873124808475,1766201954.466191
0.026832913979887962,0.14571602642536163,-1.6836437735924088,0.45101696252822876,1.715998649597168,-1.539329759534397,1766201954.4761007
0.02725401520729065,0.15749743580818176,-1.6853594572791342,0.45101696252822876,1.715998649597168,-1.539329759534397,1766201954.4761343
0.02725401520729065,0.15749743580818176,-1.6853594572791342,0.451824814081192,1.7072701454162598,-1.5384346324682143,1766201954.4860487
0.027015909552574158,0.169615238904953,-1.6892465238117484,0.451824814081192,1.7072701454162598,-1.5384346324682143,1766201954.4860609
0.027015909552574158,0.169615238904953,-1.6892465238117484,0.45248010754585266,1.6992192268371582,-1.5381111555066853,1766201954.4961257
0.027047187089920044,0.18177345395088196,-1.6896505004057383,0.45248010754585266,1.6992192268371582,-1.5381111555066853,1766201954.4961598
0.027047187089920044,0.18177345395088196,-1.6896505004057383,0.45065826177597046,1.693967580795288,-1.500386784312854,1766201954.506137
0.027290796861052513,0.194162517786026,-1.6923555529794116,0.45065826177597046,1.693967580795288,-1.500386784312854,1766201954.50617
0.026926111429929733,0.20658236742019653,-1.6884873598026349,0.45065826177597046,1.693967580795288,-1.500386784312854,1766201954.5161428
0.026926111429929733,0.20658236742019653,-1.6884873598026349,0.45008325576782227,1.685508131980896,-1.497052717510992,1766201954.5161073
0.02683819644153118,0.21828928589820862,-1.6891691626281913,0.45008325576782227,1.685508131980896,-1.497052717510992,1766201954.5162637
0.02683819644153118,0.21828928589820862,-1.6891691626281913,0.4519490897655487,1.6767202615737915,-1.500612286638563,1766201954.516159
0.02683819644153118,0.21828928589820862,-1.6891691626281913,0.4518408179283142,1.6685162782669067,-1.4976740869705794,1766201954.5261266
0.026555893942713737,0.2305595874786377,-1.6897615763228897,0.4518408179283142,1.6685162782669067,-1.4976740869705794,1766201954.526135
0.026644237339496613,0.2428271472454071,-1.6878652059146735,0.4518408179283142,1.6685162782669067,-1.4976740869705794,1766201954.5361445
0.026644237339496613,0.2428271472454071,-1.6878652059146735,0.4570193588733673,1.656064510345459,-1.5453265842722996,1766201954.5361106
0.026644237339496613,0.2428271472454071,-1.6878652059146735,0.4577016830444336,1.6485074758529663,-1.5460580033324294,1766201954.5461195
0.026221513748168945,0.2550736367702484,-1.6884106048975946,0.4577016830444336,1.6485074758529663,-1.5460580033324294,1766201954.546153
0.026221513748168945,0.2550736367702484,-1.6884106048975946,0.46071958541870117,1.6436318159103394,-1.5685806033153502,1766201954.556116
0.025966862216591835,0.26722392439842224,-1.682541520618081,0.46071958541870117,1.6436318159103394,-1.5685806033153502,1766201954.5561495
0.025966862216591835,0.26722392439842224,-1.682541520618081,0.4587002694606781,1.6305187940597534,-1.5384790670614203,1766201954.566136
0.0256806667894125,0.2797873914241791,-1.6812422654789503,0.4587002694606781,1.6305187940597534,-1.5384790670614203,1766201954.5661712
0.0256806667894125,0.2797873914241791,-1.6812422654789503,0.4601507782936096,1.622532606124878,-1.5338086280099885,1766201954.5661886
0.02513539232313633,0.2918705642223358,-1.6769863683235295,0.4601507782936096,1.622532606124878,-1.5338086280099885,1766201954.5663095
0.02513539232313633,0.2918705642223358,-1.6769863683235295,0.46111753582954407,1.614933729171753,-1.5422966636780229,1766201954.5760336
0.024332277476787567,0.3038024604320526,-1.672617096737915,0.46111753582954407,1.614933729171753,-1.5422966636780229,1766201954.5760422
0.023938298225402832,0.31601062417030334,-1.6709465180970693,0.46111753582954407,1.614933729171753,-1.5422966636780229,1766201954.5861123
0.023938298225402832,0.31601062417030334,-1.6709465180970693,0.46157246828079224,1.6077754497528076,-1.544269724210687,1766201954.5860782
0.023938298225402832,0.31601062417030334,-1.6709465180970693,0.4603290557861328,1.5994739532470703,-1.50729609832409,1766201954.5960932
0.02339343912899494,0.32818418741226196,-1.6684825360115108,0.4603290557861328,1.5994739532470703,-1.50729609832409,1766201954.5961301
0.02339343912899494,0.32818418741226196,-1.6684825360115108,0.4668072462081909,1.6062957048416138,-1.6144158891309108,1766201954.6061022
0.02271260879933834,0.3402196764945984,-1.6624403028596932,0.4668072462081909,1.6062957048416138,-1.6144158891309108,1766201954.606135
0.02213640697300434,0.35229581594467163,-1.6595130672501108,0.4668072462081909,1.6062957048416138,-1.6144158891309108,1766201954.616135
0.02213640697300434,0.35229581594467163,-1.6595130672501108,0.46241724491119385,1.5830999612808228,-1.5089523801656588,1766201954.6161013
0.021345457062125206,0.3640570044517517,-1.6596587770078473,0.46241724491119385,1.5830999612808228,-1.5089523801656588,1766201954.6161585
0.021345457062125206,0.3640570044517517,-1.6596587770078473,0.4620506167411804,1.5768934488296509,-1.5075800326907038,1766201954.61615
0.02080909162759781,0.3762494623661041,-1.6575126942361578,0.4620506167411804,1.5768934488296509,-1.5075800326907038,1766201954.6261382
0.02080909162759781,0.3762494623661041,-1.6575126942361578,0.47133246064186096,1.5925465822219849,-1.664885230137361,1766201954.626105
0.02080909162759781,0.3762494623661041,-1.6575126942361578,0.4678526818752289,1.5558375120162964,-1.549481482726497,1766201954.6360428
0.018368078395724297,0.3997116982936859,-1.6656191978484696,0.4678526818752289,1.5558375120162964,-1.549481482726497,1766201954.6460588
0.018368078395724297,0.3997116982936859,-1.6656191978484696,0.4661076068878174,1.5524177551269531,-1.5181887646262484,1766201954.6460474
0.018368078395724297,0.3997116982936859,-1.6656191978484696,0.4698931872844696,1.539311170578003,-1.5522394676312778,1766201954.6561007
0.018368078395724297,0.3997116982936859,-1.6656191978484696,0.4685038626194,1.5354397296905518,-1.5217652298609057,1766201954.6660967
0.018368078395724297,0.3997116982936859,-1.6656191978484696,0.4692804217338562,1.5276029109954834,-1.5249118726213045,1766201954.666136
0.018368078395724297,0.3997116982936859,-1.6656191978484696,0.470406711101532,1.5194848775863647,-1.5275735671256632,1766201954.6761367
0.018368078395724297,0.3997116982936859,-1.6656191978484696,0.471574068069458,1.511149287223816,-1.5306196375654422,1766201954.6860871
0.018368078395724297,0.3997116982936859,-1.6656191978484696,0.4718915522098541,1.5026493072509766,-1.531110337954667,1766201954.6961195
0.018368078395724297,0.3997116982936859,-1.6656191978484696,0.47279614210128784,1.4941259622573853,-1.5340775708055454,1766201954.7060704
0.018368078395724297,0.3997116982936859,-1.6656191978484696,0.47364234924316406,1.485870361328125,-1.5369167827863186,1766201954.7161186
0.018368078395724297,0.3997116982936859,-1.6656191978484696,0.4749181568622589,1.4779490232467651,-1.5410995224092392,1766201954.716157
0.018368078395724297,0.3997116982936859,-1.6656191978484696,0.47603121399879456,1.4669208526611328,-1.5308521776894366,1766201954.7260966
0.018368078395724297,0.3997116982936859,-1.6656191978484696,0.47675421833992004,1.4587044715881348,-1.5342782526423355,1766201954.7360964
0.010536793619394302,0.536587119102478,-1.6394224363982335,0.47675421833992004,1.4587044715881348,-1.5342782526423355,1766201954.7361312
0.010536793619394302,0.536587119102478,-1.6394224363982335,0.47722524404525757,1.4531198740005493,-1.5500854707678209,1766201954.7461004
0.010536793619394302,0.536587119102478,-1.6394224363982335,0.47746631503105164,1.4442135095596313,-1.5519718961260374,1766201954.7561083
0.008598878048360348,0.5617453455924988,-1.645069119427425,0.47746631503105164,1.4442135095596313,-1.5519718961260374,1766201954.7561424
0.008598878048360348,0.5617453455924988,-1.645069119427425,0.4785284399986267,1.436255693435669,-1.556757352547778,1766201954.766114
0.007395561784505844,0.5743858814239502,-1.643348225450562,0.4785284399986267,1.436255693435669,-1.556757352547778,1766201954.7661479
0.007395561784505844,0.5743858814239502,-1.643348225450562,0.4799893796443939,1.4281951189041138,-1.5604281857137774,1766201954.7661636
0.005830930080264807,0.5870169401168823,-1.6441312631190128,0.4799893796443939,1.4281951189041138,-1.5604281857137774,1766201954.766173
0.004687851294875145,0.5996189713478088,-1.6460721308400232,0.4799893796443939,1.4281951189041138,-1.5604281857137774,1766201954.775989
0.004687851294875145,0.5996189713478088,-1.6460721308400232,0.48023027181625366,1.4172565937042236,-1.5548993561738658,1766201954.77598
0.003761878004297614,0.612385630607605,-1.6450644424152725,0.48023027181625366,1.4172565937042236,-1.5548993561738658,1766201954.7861562
0.003761878004297614,0.612385630607605,-1.6450644424152725,0.48079386353492737,1.4105443954467773,-1.5645056264648531,1766201954.7861228
0.003761878004297614,0.612385630607605,-1.6450644424152725,0.48191291093826294,1.4029933214187622,-1.573075884995228,1766201954.7960575
0.002415921539068222,0.625079870223999,-1.6459056394315656,0.48191291093826294,1.4029933214187622,-1.573075884995228,1766201954.7960918
0.002415921539068222,0.625079870223999,-1.6459056394315656,0.4827004671096802,1.394737720489502,-1.5763543032447753,1766201954.8060508
0.0016441664192825556,0.6380800604820251,-1.648442245354333,0.4827004671096802,1.394737720489502,-1.5763543032447753,1766201954.8060844
0.0016441664192825556,0.6380800604820251,-1.648442245354333,0.4825839400291443,1.385951280593872,-1.5790570594356468,1766201954.816115
-0.0009761294350028038,0.6634677052497864,-1.6479328300773028,0.4825839400291443,1.385951280593872,-1.5790570594356468,1766201954.8161662
-0.0009761294350028038,0.6634677052497864,-1.6479328300773028,0.4835071861743927,1.3776572942733765,-1.5824966485755354,1766201954.8161557
-0.0009761294350028038,0.6634677052497864,-1.6479328300773028,0.4841126799583435,1.3694580793380737,-1.5872467884176744,1766201954.826033
-0.0009761294350028038,0.6634677052497864,-1.6479328300773028,0.4856061041355133,1.360536813735962,-1.5861709459693334,1766201954.8360152
-0.0009761294350028038,0.6634677052497864,-1.6479328300773028,0.48557448387145996,1.3513625860214233,-1.5898583592855104,1766201954.846059
-0.0009761294350028038,0.6634677052497864,-1.6479328300773028,0.486509770154953,1.346240758895874,-1.604764517081965,1766201954.856074
-0.007290068548172712,0.7271341681480408,-1.6664632436150772,0.486509770154953,1.346240758895874,-1.604764517081965,1766201954.8661413
-0.007290068548172712,0.7271341681480408,-1.6664632436150772,0.48691076040267944,1.3381441831588745,-1.6095811308070138,1766201954.8661072
-0.007290068548172712,0.7271341681480408,-1.6664632436150772,0.4872843623161316,1.327397346496582,-1.6035596528408498,1766201954.866157
-0.007290068548172712,0.7271341681480408,-1.6664632436150772,0.4876691401004791,1.3200074434280396,-1.612051723548105,1766201954.8761177
-0.007290068548172712,0.7271341681480408,-1.6664632436150772,0.48870712518692017,1.3146474361419678,-1.6256432814325874,1766201954.8861039
-0.01179279200732708,0.7655261754989624,-1.6683022460197037,0.48870712518692017,1.3146474361419678,-1.6256432814325874,1766201954.8861387
-0.01179279200732708,0.7655261754989624,-1.6683022460197037,0.4889333248138428,1.3064631223678589,-1.631105206740521,1766201954.8961172
-0.01179279200732708,0.7655261754989624,-1.6683022460197037,0.4893614947795868,1.295071005821228,-1.6205004769362967,1766201954.9060957
-0.016296517103910446,0.8029520511627197,-1.6695361770172363,0.4893614947795868,1.295071005821228,-1.6205004769362967,1766201954.9161441
-0.016296517103910446,0.8029520511627197,-1.6695361770172363,0.4892573356628418,1.2889806032180786,-1.6351335529546511,1766201954.9161088
-0.017545102164149284,0.815651535987854,-1.6725219341263882,0.4892573356628418,1.2889806032180786,-1.6351335529546511,1766201954.91617
-0.017545102164149284,0.815651535987854,-1.6725219341263882,0.48958852887153625,1.2850828170776367,-1.6546961039935304,1766201954.9161606
-0.019046155735850334,0.8281936049461365,-1.6735112366194305,0.48958852887153625,1.2850828170776367,-1.6546961039935304,1766201954.9261663
-0.019046155735850334,0.8281936049461365,-1.6735112366194305,0.4891217350959778,1.2739810943603516,-1.6482435053057238,1766201954.9261312
-0.020396415144205093,0.8407103419303894,-1.6762921203961318,0.4891217350959778,1.2739810943603516,-1.6482435053057238,1766201954.9361403
-0.020396415144205093,0.8407103419303894,-1.6762921203961318,0.4898984730243683,1.2663050889968872,-1.6546067874630377,1766201954.9361057
-0.020396415144205093,0.8407103419303894,-1.6762921203961318,0.48989173769950867,1.2589987516403198,-1.662005435228399,1766201954.9461143
-0.02176531031727791,0.8532409071922302,-1.678508307329574,0.48989173769950867,1.2589987516403198,-1.662005435228399,1766201954.9461482
-0.02176531031727791,0.8532409071922302,-1.678508307329574,0.4903542697429657,1.251716136932373,-1.6682678045323283,1766201954.9561226
-0.02298513613641262,0.8656816482543945,-1.6816585668569863,0.4903542697429657,1.251716136932373,-1.6682678045323283,1766201954.9561565
-0.02298513613641262,0.8656816482543945,-1.6816585668569863,0.4905979335308075,1.2434903383255005,-1.6728233212452388,1766201954.96614
-0.02424146607518196,0.8781483173370361,-1.684859545141243,0.4905979335308075,1.2434903383255005,-1.6728233212452388,1766201954.9661753
-0.02424146607518196,0.8781483173370361,-1.684859545141243,0.4908066391944885,1.236840009689331,-1.681920176766332,1766201954.9661913
-0.025334754958748817,0.8905979990959167,-1.68720560555228,0.4908066391944885,1.236840009689331,-1.681920176766332,1766201954.9662006
-0.026330478489398956,0.9029324054718018,-1.6905000309294826,0.4908066391944885,1.236840009689331,-1.681920176766332,1766201954.9761622
-0.026330478489398956,0.9029324054718018,-1.6905000309294826,0.49145686626434326,1.2314327955245972,-1.6962707152292862,1766201954.976128
-0.026330478489398956,0.9029324054718018,-1.6905000309294826,0.49151700735092163,1.2241579294204712,-1.7035230126582213,1766201954.9861333
-0.02762765809893608,0.9149630665779114,-1.6923327473171135,0.49151700735092163,1.2241579294204712,-1.7035230126582213,1766201954.9861689
-0.02762765809893608,0.9149630665779114,-1.6923327473171135,0.4910670518875122,1.2163255214691162,-1.7087688425494203,1766201954.9961255
-0.02858327515423298,0.9272157549858093,-1.6947263851468939,0.4910670518875122,1.2163255214691162,-1.7087688425494203,1766201954.9961612
-0.02858327515423298,0.9272157549858093,-1.6947263851468939,0.49176210165023804,1.209643006324768,-1.7181672004513584,1766201955.006162
-0.029480701312422752,0.9395708441734314,-1.7007148978088185,0.49176210165023804,1.209643006324768,-1.7181672004513584,1766201955.0061958
-0.029480701312422752,0.9395708441734314,-1.7007148978088185,0.4917548894882202,1.2021026611328125,-1.7235763542668834,1766201955.0161088
-0.030326861888170242,0.9519201517105103,-1.7044040732574228,0.4917548894882202,1.2021026611328125,-1.7235763542668834,1766201955.0161455
-0.030326861888170242,0.9519201517105103,-1.7044040732574228,0.49121078848838806,1.1936780214309692,-1.7266215627013046,1766201955.0261312
-0.03126516565680504,0.963769793510437,-1.7032393309151541,0.49121078848838806,1.1936780214309692,-1.7266215627013046,1766201955.0261655
-0.03126516565680504,0.963769793510437,-1.7032393309151541,0.49139466881752014,1.1848793029785156,-1.7306382031648824,1766201955.026181
-0.032203011214733124,0.9759389758110046,-1.7034932928844277,0.49139466881752014,1.1848793029785156,-1.7306382031648824,1766201955.0261917
-0.03309998661279678,0.9881957173347473,-1.7042385044917672,0.49139466881752014,1.1848793029785156,-1.7306382031648824,1766201955.0361602
-0.03309998661279678,0.9881957173347473,-1.7042385044917672,0.491382896900177,1.1795878410339355,-1.7422991580838902,1766201955.0361247
-0.03309998661279678,0.9881957173347473,-1.7042385044917672,0.4907205104827881,1.1719202995300293,-1.7481514492393944,1766201955.046116
-0.03376128524541855,1.0004972219467163,-1.7072389765839202,0.4907205104827881,1.1719202995300293,-1.7481514492393944,1766201955.046151
-0.03376128524541855,1.0004972219467163,-1.7072389765839202,0.49195271730422974,1.166855812072754,-1.764218743902401,1766201955.0561206
-0.03442569822072983,1.0128746032714844,-1.708306727080055,0.49195271730422974,1.166855812072754,-1.764218743902401,1766201955.0561547
-0.03442569822072983,1.0128746032714844,-1.708306727080055,0.4909991919994354,1.1576988697052002,-1.7645795027533409,1766201955.0660985
-0.03480399772524834,1.025217890739441,-1.710200511548206,0.4909991919994354,1.1576988697052002,-1.7645795027533409,1766201955.0661337
-0.03480399772524834,1.025217890739441,-1.710200511548206,0.49125051498413086,1.1493809223175049,-1.7691983822964807,1766201955.0661492
-0.03512047231197357,1.0376607179641724,-1.7132329353536218,0.49125051498413086,1.1493809223175049,-1.7691983822964807,1766201955.0661585
-0.03511711582541466,1.050227403640747,-1.715487867698081,0.49125051498413086,1.1493809223175049,-1.7691983822964807,1766201955.0760412
-0.03511711582541466,1.050227403640747,-1.715487867698081,0.4909568130970001,1.1423859596252441,-1.7772740466122814,1766201955.0760133
-0.03511711582541466,1.050227403640747,-1.715487867698081,0.49030712246894836,1.136199951171875,-1.786679920453105,1766201955.0860672
-0.03495870530605316,1.0627655982971191,-1.7198340727968648,0.49030712246894836,1.136199951171875,-1.786679920453105,1766201955.0861027
-0.03495870530605316,1.0627655982971191,-1.7198340727968648,0.4897162914276123,1.1293269395828247,-1.7947995603092342,1766201955.0961192
-0.03486396744847298,1.0751395225524902,-1.7242758920017867,0.4897162914276123,1.1293269395828247,-1.7947995603092342,1766201955.0961547
-0.034479692578315735,1.087745189666748,-1.728199942906038,0.4897162914276123,1.1293269395828247,-1.7947995603092342,1766201955.1061194
-0.034479692578315735,1.087745189666748,-1.728199942906038,0.4894523620605469,1.1231755018234253,-1.807127080303182,1766201955.106085
-0.033957015722990036,1.1001254320144653,-1.733826000811353,0.4894523620605469,1.1231755018234253,-1.807127080303182,1766201955.1161573
-0.033957015722990036,1.1001254320144653,-1.733826000811353,0.4888346493244171,1.1136680841445923,-1.8060889414260242,1766201955.116122
-0.03321722894906998,1.1127880811691284,-1.738344512688476,0.4888346493244171,1.1136680841445923,-1.8060889414260242,1766201955.116182
-0.03321722894906998,1.1127880811691284,-1.738344512688476,0.48836010694503784,1.1088212728500366,-1.8212616336484786,1766201955.1161733
-0.03321722894906998,1.1127880811691284,-1.738344512688476,0.4878372550010681,1.1019243001937866,-1.8288458026417864,1766201955.1261244
-0.03252966329455376,1.125059723854065,-1.7438835636673649,0.4878372550010681,1.1019243001937866,-1.8288458026417864,1766201955.1261592
-0.03252966329455376,1.125059723854065,-1.7438835636673649,0.48662567138671875,1.0939655303955078,-1.8330210559601945,1766201955.1361024
-0.03151066228747368,1.137310266494751,-1.7502900964039987,0.48662567138671875,1.0939655303955078,-1.8330210559601945,1766201955.1361396
-0.030464597046375275,1.149495005607605,-1.7567770865229766,0.48662567138671875,1.0939655303955078,-1.8330210559601945,1766201955.146173
-0.030464597046375275,1.149495005607605,-1.7567770865229766,0.48626235127449036,1.0846062898635864,-1.834429636316323,1766201955.146139
-0.030464597046375275,1.149495005607605,-1.7567770865229766,0.48505669832229614,1.0785328149795532,-1.8441923343108348,1766201955.1561046
-0.029432648792862892,1.1615509986877441,-1.763624395702665,0.48505669832229614,1.0785328149795532,-1.8441923343108348,1766201955.1561396
-0.029432648792862892,1.1615509986877441,-1.763624395702665,0.4843016266822815,1.0702589750289917,-1.8484135825243428,1766201955.1661122
-0.029432648792862892,1.1615509986877441,-1.763624395702665,0.4835667610168457,1.0627520084381104,-1.8557622101108577,1766201955.1661582
-0.029432648792862892,1.1615509986877441,-1.763624395702665,0.4823880195617676,1.0556312799453735,-1.8617149143608136,1766201955.1761038
-0.025839226320385933,1.1968295574188232,-1.7860416780226598,0.4823880195617676,1.0556312799453735,-1.8617149143608136,1766201955.1761396
-0.025839226320385933,1.1968295574188232,-1.7860416780226598,0.4812520146369934,1.0484862327575684,-1.868990743779118,1766201955.1860905
-0.02442818507552147,1.208720326423645,-1.7970833803287518,0.4812520146369934,1.0484862327575684,-1.868990743779118,1766201955.1861246
-0.02442818507552147,1.208720326423645,-1.7970833803287518,0.4801611304283142,1.040588140487671,-1.874936509836716,1766201955.1959946
-0.022993681952357292,1.2202882766723633,-1.804961178202192,0.4801611304283142,1.040588140487671,-1.874936509836716,1766201955.196009
-0.02152053453028202,1.2317638397216797,-1.8114191659390604,0.4801611304283142,1.040588140487671,-1.874936509836716,1766201955.206094
-0.02152053453028202,1.2317638397216797,-1.8114191659390604,0.47853708267211914,1.0354923009872437,-1.8880191187631856,1766201955.2060597
-0.02152053453028202,1.2317638397216797,-1.8114191659390604,0.477241188287735,1.0255866050720215,-1.8868912715626112,1766201955.216053
-0.01996932178735733,1.2431706190109253,-1.8196754726678042,0.477241188287735,1.0255866050720215,-1.8868912715626112,1766201955.2160618
-0.01996932178735733,1.2431706190109253,-1.8196754726678042,0.47577103972435,1.0205364227294922,-1.8985529321024917,1766201955.216066
-0.01855476386845112,1.2544746398925781,-1.8264932525833872,0.47577103972435,1.0205364227294922,-1.8985529321024917,1766201955.2160685
-0.016851363703608513,1.2659932374954224,-1.8314127331564218,0.47577103972435,1.0205364227294922,-1.8985529321024917,1766201955.2260098
-0.016851363703608513,1.2659932374954224,-1.8314127331564218,0.47433924674987793,1.0106900930404663,-1.8989582897147133,1766201955.225989
-0.015130163170397282,1.2774454355239868,-1.8365439361783096,0.47433924674987793,1.0106900930404663,-1.8989582897147133,1766201955.2359931
-0.015130163170397282,1.2774454355239868,-1.8365439361783096,0.47288647294044495,1.0052871704101562,-1.9104363962344166,1766201955.235973
-0.015130163170397282,1.2774454355239868,-1.8365439361783096,0.4712190628051758,0.9983371496200562,-1.9183588543100918,1766201955.246147
-0.013399362564086914,1.2888591289520264,-1.8422001152548797,0.4712190628051758,0.9983371496200562,-1.9183588543100918,1766201955.2461607
-0.011710230261087418,1.3003236055374146,-1.847400698392677,0.4712190628051758,0.9983371496200562,-1.9183588543100918,1766201955.2561884
-0.011710230261087418,1.3003236055374146,-1.847400698392677,0.4695741534233093,0.9907789826393127,-1.924301011907051,1766201955.2561488
-0.011710230261087418,1.3003236055374146,-1.847400698392677,0.4677976667881012,0.983119010925293,-1.9297042100784307,1766201955.266072
-0.010060390457510948,1.3116403818130493,-1.8502203486253335,0.4677976667881012,0.983119010925293,-1.9297042100784307,1766201955.2661192
-0.010060390457510948,1.3116403818130493,-1.8502203486253335,0.46601149439811707,0.9756889343261719,-1.9344573973158985,1766201955.2661846
-0.008245499804615974,1.3230345249176025,-1.855052156308424,0.46601149439811707,0.9756889343261719,-1.9344573973158985,1766201955.2662067
-0.008245499804615974,1.3230345249176025,-1.855052156308424,0.46426618099212646,0.9688782691955566,-1.942597229664899,1766201955.2760766
-0.006327658426016569,1.3344820737838745,-1.8579901782443364,0.46426618099212646,0.9688782691955566,-1.942597229664899,1766201955.276118
-0.006327658426016569,1.3344820737838745,-1.8579901782443364,0.4622049629688263,0.9610081911087036,-1.9465979630365793,1766201955.2860188
-0.0045069544576108456,1.345835566520691,-1.8601377184771302,0.4622049629688263,0.9610081911087036,-1.9465979630365793,1766201955.2860434
-0.002667550230398774,1.3572262525558472,-1.8643678738527412,0.4622049629688263,0.9610081911087036,-1.9465979630365793,1766201955.296089
-0.002667550230398774,1.3572262525558472,-1.8643678738527412,0.4601935148239136,0.9535069465637207,-1.9521218518115426,1766201955.2960691
-0.0009997952729463577,1.3685356378555298,-1.8658363841664363,0.4601935148239136,0.9535069465637207,-1.9521218518115426,1766201955.3061748
-0.0009997952729463577,1.3685356378555298,-1.8658363841664363,0.4585508406162262,0.9468888640403748,-1.962491007465951,1766201955.306136
0.0007722894079051912,1.3798574209213257,-1.8679453213082091,0.4585508406162262,0.9468888640403748,-1.962491007465951,1766201955.3161569
0.0007722894079051912,1.3798574209213257,-1.8679453213082091,0.45744025707244873,0.9410911202430725,-1.974494523356688,1766201955.3161225
0.0025291319470852613,1.3911277055740356,-1.870941686220016,0.45744025707244873,0.9410911202430725,-1.974494523356688,1766201955.3161833
0.0025291319470852613,1.3911277055740356,-1.870941686220016,0.45366597175598145,0.9303788542747498,-1.9661092868795125,1766201955.3161728
0.0025291319470852613,1.3911277055740356,-1.870941686220016,0.4517621099948883,0.9219537377357483,-1.968017592450686,1766201955.3261073
0.004095196258276701,1.4023383855819702,-1.8710219528336882,0.4517621099948883,0.9219537377357483,-1.968017592450686,1766201955.326144
0.004095196258276701,1.4023383855819702,-1.8710219528336882,0.44868457317352295,0.9152969717979431,-1.9738457245169159,1766201955.336117
0.005657159723341465,1.4136338233947754,-1.8725845924021072,0.44868457317352295,0.9152969717979431,-1.9738457245169159,1766201955.3361535
0.007214103825390339,1.4248058795928955,-1.8741679682940036,0.44868457317352295,0.9152969717979431,-1.9738457245169159,1766201955.3461442
0.007214103825390339,1.4248058795928955,-1.8741679682940036,0.4462467133998871,0.907805860042572,-1.9785610417585782,1766201955.3461075
0.008632811717689037,1.4359897375106812,-1.875605377314005,0.4462467133998871,0.907805860042572,-1.9785610417585782,1766201955.356143
0.008632811717689037,1.4359897375106812,-1.875605377314005,0.44376838207244873,0.900255560874939,-1.9827122217812307,1766201955.356108
0.009927495382726192,1.4473682641983032,-1.8776845044060193,0.44376838207244873,0.900255560874939,-1.9827122217812307,1766201955.3661466
0.009927495382726192,1.4473682641983032,-1.8776845044060193,0.4413142204284668,0.8920121192932129,-1.984780357504697,1766201955.3661132
0.011440625414252281,1.458549976348877,-1.876265456363819,0.4413142204284668,0.8920121192932129,-1.984780357504697,1766201955.3661737
0.011440625414252281,1.458549976348877,-1.876265456363819,0.43943268060684204,0.8856095671653748,-1.9948585835817303,1766201955.3661623
0.011440625414252281,1.458549976348877,-1.876265456363819,0.43723881244659424,0.8785507082939148,-2.0009532729049475,1766201955.376054
0.012731100432574749,1.4699102640151978,-1.876898653484894,0.43723881244659424,0.8785507082939148,-2.0009532729049475,1766201955.3760638
0.013996053487062454,1.4812536239624023,-1.875866153446409,0.43723881244659424,0.8785507082939148,-2.0009532729049475,1766201955.3861163
0.013996053487062454,1.4812536239624023,-1.875866153446409,0.4343763291835785,0.8723828792572021,-2.008758319398613,1766201955.3860831
0.015069395303726196,1.492573618888855,-1.8738933488553056,0.4343763291835785,0.8723828792572021,-2.008758319398613,1766201955.39612
0.015069395303726196,1.492573618888855,-1.8738933488553056,0.4316897392272949,0.8630465269088745,-2.00804289843647,1766201955.396084
0.015069395303726196,1.492573618888855,-1.8738933488553056,0.4296484887599945,0.8571996688842773,-2.019065988430176,1766201955.4061046
0.016204053536057472,1.5038866996765137,-1.8715023473513852,0.4296484887599945,0.8571996688842773,-2.019065988430176,1766201955.4061394
0.017134180292487144,1.515212893486023,-1.8662744197871712,0.4296484887599945,0.8571996688842773,-2.019065988430176,1766201955.4161384
0.017134180292487144,1.515212893486023,-1.8662744197871712,0.42697882652282715,0.8498606085777283,-2.0226236235905897,1766201955.416104
0.01789378747344017,1.5265182256698608,-1.8603557066417618,0.42697882652282715,0.8498606085777283,-2.0226236235905897,1766201955.416164
0.01789378747344017,1.5265182256698608,-1.8603557066417618,0.42333486676216125,0.8412115573883057,-2.0175305265521546,1766201955.416154
0.01789378747344017,1.5265182256698608,-1.8603557066417618,0.42069101333618164,0.8329893350601196,-2.018868354762275,1766201955.4261334
0.018574731424450874,1.5378867387771606,-1.854762219701117,0.42069101333618164,0.8329893350601196,-2.018868354762275,1766201955.4261672
0.018574731424450874,1.5378867387771606,-1.854762219701117,0.41456058621406555,0.8193338513374329,-1.9966333011654396,1766201955.4360416
0.019207725301384926,1.5491544008255005,-1.8466186169944219,0.41456058621406555,0.8193338513374329,-1.9966333011654396,1766201955.4360514
0.019207725301384926,1.5491544008255005,-1.8466186169944219,0.4113195538520813,0.8113756775856018,-1.9977961752197047,1766201955.446017
0.0197218619287014,1.560370922088623,-1.8381490200513437,0.4113195538520813,0.8113756775856018,-1.9977961752197047,1766201955.446029
0.0197218619287014,1.560370922088623,-1.8381490200513437,0.4111034870147705,0.8092313408851624,-2.0239508597787434,1766201955.4560926
0.02017226256430149,1.5715997219085693,-1.8290755291932475,0.4111034870147705,0.8092313408851624,-2.0239508597787434,1766201955.4561243
0.02017226256430149,1.5715997219085693,-1.8290755291932475,0.4080677032470703,0.801675021648407,-2.0271590543376914,1766201955.4660912
0.02066667750477791,1.582991600036621,-1.818543600012103,0.4080677032470703,0.801675021648407,-2.0271590543376914,1766201955.466124
0.021184023469686508,1.5944608449935913,-1.8093983117160217,0.4080677032470703,0.801675021648407,-2.0271590543376914,1766201955.4761364
0.021184023469686508,1.5944608449935913,-1.8093983117160217,0.40455979108810425,0.7938153743743896,-2.028046790550443,1766201955.4761
0.021476279944181442,1.6062904596328735,-1.801442465206551,0.40455979108810425,0.7938153743743896,-2.028046790550443,1766201955.4761612
0.021476279944181442,1.6062904596328735,-1.801442465206551,0.40154415369033813,0.7857913970947266,-2.028645697577206,1766201955.4761522
0.021975571289658546,1.618004560470581,-1.7917310553013879,0.40154415369033813,0.7857913970947266,-2.028645697577206,1766201955.4861813
0.021975571289658546,1.618004560470581,-1.7917310553013879,0.39801454544067383,0.7776616215705872,-2.029430336884364,1766201955.4861472
0.022775137796998024,1.6297417879104614,-1.7807934523741904,0.39801454544067383,0.7776616215705872,-2.029430336884364,1766201955.4961154
0.022775137796998024,1.6297417879104614,-1.7807934523741904,0.39470553398132324,0.7699152827262878,-2.0301545977657667,1766201955.4960825
0.022775137796998024,1.6297417879104614,-1.7807934523741904,0.3908063471317291,0.7619801759719849,-2.028976167895233,1766201955.5061102
0.023075168952345848,1.6417039632797241,-1.7745614049508553,0.3908063471317291,0.7619801759719849,-2.028976167895233,1766201955.5061445
0.023075168952345848,1.6417039632797241,-1.7745614049508553,0.38772737979888916,0.7541126012802124,-2.0294513868546558,1766201955.5160878
0.023725003004074097,1.6536648273468018,-1.76664964865438,0.38772737979888916,0.7541126012802124,-2.0294513868546558,1766201955.5161223
0.023725003004074097,1.6536648273468018,-1.76664964865438,0.3845021724700928,0.7467730045318604,-2.0309766559372573,1766201955.5161386
0.02444835565984249,1.6651047468185425,-1.7554718257114335,0.3845021724700928,0.7467730045318604,-2.0309766559372573,1766201955.516149
0.02444835565984249,1.6651047468185425,-1.7554718257114335,0.3806885778903961,0.7387999296188354,-2.0325370041553987,1766201955.5260994
0.024934060871601105,1.6767511367797852,-1.7467696757697568,0.3806885778903961,0.7387999296188354,-2.0325370041553987,1766201955.5261333
0.024934060871601105,1.6767511367797852,-1.7467696757697568,0.3770415782928467,0.7303873896598816,-2.0329178962515937,1766201955.5360823
0.025167806074023247,1.6883432865142822,-1.7408938807119199,0.3770415782928467,0.7303873896598816,-2.0329178962515937,1766201955.536115
0.025167806074023247,1.6883432865142822,-1.7408938807119199,0.3735838532447815,0.7226853966712952,-2.029188612574637,1766201955.5461373
0.025823410600423813,1.6995166540145874,-1.7303114425430757,0.3735838532447815,0.7226853966712952,-2.029188612574637,1766201955.5461726
0.025823410600423813,1.6995166540145874,-1.7303114425430757,0.36996352672576904,0.7151905298233032,-2.0291158243197054,1766201955.5560982
0.025925686582922935,1.7108649015426636,-1.7240001558989422,0.36996352672576904,0.7151905298233032,-2.0291158243197054,1766201955.556133
0.025925686582922935,1.7108649015426636,-1.7240001558989422,0.36611801385879517,0.7074339985847473,-2.028059417181552,1766201955.566093
0.026431474834680557,1.7217926979064941,-1.7143668289501783,0.36611801385879517,0.7074339985847473,-2.028059417181552,1766201955.5661273
0.026431474834680557,1.7217926979064941,-1.7143668289501783,0.3629602789878845,0.6998915076255798,-2.028143341481613,1766201955.5761
0.02638353407382965,1.7328259944915771,-1.7098766503060638,0.3629602789878845,0.6998915076255798,-2.028143341481613,1766201955.576136
0.02638353407382965,1.7328259944915771,-1.7098766503060638,0.3588082492351532,0.691467821598053,-2.025110198604167,1766201955.5761518
0.02647499553859234,1.7438310384750366,-1.701996410614675,0.3588082492351532,0.691467821598053,-2.025110198604167,1766201955.5761611
0.026944177225232124,1.7549525499343872,-1.6801139510825405,0.3588082492351532,0.691467821598053,-2.025110198604167,1766201955.586133
0.026944177225232124,1.7549525499343872,-1.6801139510825405,0.3546053469181061,0.6833345890045166,-2.0232886008062123,1766201955.5860994
0.026944177225232124,1.7549525499343872,-1.6801139510825405,0.35116642713546753,0.675991952419281,-2.0237321722700767,1766201955.5961237
0.0267350934445858,1.7657982110977173,-1.6701222609743203,0.35116642713546753,0.675991952419281,-2.0237321722700767,1766201955.5961595
0.026230553165078163,1.7766145467758179,-1.6613704318214135,0.35116642713546753,0.675991952419281,-2.0237321722700767,1766201955.6061208
0.026230553165078163,1.7766145467758179,-1.6613704318214135,0.348240464925766,0.6679706573486328,-2.0216645496941026,1766201955.6060858
0.02546101063489914,1.7870653867721558,-1.651790822773501,0.348240464925766,0.6679706573486328,-2.0216645496941026,1766201955.6161149
0.02546101063489914,1.7870653867721558,-1.651790822773501,0.3442313075065613,0.6609214544296265,-2.0222815261513345,1766201955.6160827
0.024693649262189865,1.797455906867981,-1.6419366598123337,0.3442313075065613,0.6609214544296265,-2.0222815261513345,1766201955.6161413
0.024693649262189865,1.797455906867981,-1.6419366598123337,0.3407363295555115,0.6523053050041199,-2.0187134912842666,1766201955.616131
0.023411022499203682,1.8076456785202026,-1.6316552279661598,0.3407363295555115,0.6523053050041199,-2.0187134912842666,1766201955.6260238
0.023411022499203682,1.8076456785202026,-1.6316552279661598,0.3364863693714142,0.6436704397201538,-2.0187309785126417,1766201955.626014
0.023411022499203682,1.8076456785202026,-1.6316552279661598,0.3336309790611267,0.6368200778961182,-2.015476511690262,1766201955.6360543
0.02209508791565895,1.817668080329895,-1.618887252242378,0.3336309790611267,0.6368200778961182,-2.015476511690262,1766201955.6360855
0.02209508791565895,1.817668080329895,-1.618887252242378,0.33006441593170166,0.6287627220153809,-2.0136030168181134,1766201955.6461325
0.020538635551929474,1.827544093132019,-1.6063228087535437,0.33006441593170166,0.6287627220153809,-2.0136030168181134,1766201955.646168
0.020538635551929474,1.827544093132019,-1.6063228087535437,0.32628852128982544,0.6208696365356445,-2.0125177560485623,1766201955.6560886
0.018594250082969666,1.8371731042861938,-1.5918856270808825,0.32628852128982544,0.6208696365356445,-2.0125177560485623,1766201955.6561205
0.01653369516134262,1.8466418981552124,-1.5776498478753715,0.32628852128982544,0.6208696365356445,-2.0125177560485623,1766201955.6661031
0.01653369516134262,1.8466418981552124,-1.5776498478753715,0.32257750630378723,0.6128162145614624,-2.0110801019291134,1766201955.666069
0.01653369516134262,1.8466418981552124,-1.5776498478753715,0.31902754306793213,0.6049164533615112,-2.009253230134377,1766201955.6761098
0.014352841302752495,1.855921745300293,-1.5614882501990675,0.31902754306793213,0.6049164533615112,-2.009253230134377,1766201955.6761463
0.014352841302752495,1.855921745300293,-1.5614882501990675,0.3155568838119507,0.5974403619766235,-2.0098201946780914,1766201955.676163
0.011855416931211948,1.8649325370788574,-1.5448345127217065,0.3155568838119507,0.5974403619766235,-2.0098201946780914,1766201955.6761718
0.009262261912226677,1.8738336563110352,-1.5253089853329271,0.3155568838119507,0.5974403619766235,-2.0098201946780914,1766201955.6860201
0.009262261912226677,1.8738336563110352,-1.5253089853329271,0.31139442324638367,0.5885107517242432,-2.008719560240176,1766201955.6859531
0.009262261912226677,1.8738336563110352,-1.5253089853329271,0.30712494254112244,0.5807600021362305,-2.0099748462834452,1766201955.6960652
0.006382280960679054,1.8824721574783325,-1.5064556359686494,0.30712494254112244,0.5807600021362305,-2.0099748462834452,1766201955.6960983
0.003297129413112998,1.8910350799560547,-1.483977184615805,0.30712494254112244,0.5807600021362305,-2.0099748462834452,1766201955.70618
0.003297129413112998,1.8910350799560547,-1.483977184615805,0.3014557361602783,0.5729501247406006,-2.001929912973951,1766201955.706145
6.149998080218211e-05,1.8991824388504028,-1.461743066038814,0.3014557361602783,0.5729501247406006,-2.001929912973951,1766201955.7161074
6.149998080218211e-05,1.8991824388504028,-1.461743066038814,0.3007729649543762,0.5651732683181763,-2.007076916911021,1766201955.7160769
-0.0032512338366359472,1.9075015783309937,-1.4376268289761904,0.3007729649543762,0.5651732683181763,-2.007076916911021,1766201955.7161324
-0.0032512338366359472,1.9075015783309937,-1.4376268289761904,0.29548725485801697,0.5573743581771851,-2.0054965613383446,1766201955.7161224
-0.0032512338366359472,1.9075015783309937,-1.4376268289761904,0.2941892147064209,0.5499753952026367,-2.0077430935454794,1766201955.7260153
-0.007150921039283276,1.9159435033798218,-1.4027915996172073,0.2941892147064209,0.5499753952026367,-2.0077430935454794,1766201955.7260263
-0.010831578634679317,1.9237972497940063,-1.3776249559031797,0.2941892147064209,0.5499753952026367,-2.0077430935454794,1766201955.7360532
-0.010831578634679317,1.9237972497940063,-1.3776249559031797,0.2913740575313568,0.5421267747879028,-2.010047901530565,1766201955.7360435
-0.01461808942258358,1.9315308332443237,-1.3496853285959631,0.2913740575313568,0.5421267747879028,-2.010047901530565,1766201955.7460434
-0.01461808942258358,1.9315308332443237,-1.3496853285959631,0.28781452775001526,0.534609854221344,-2.0095518929218663,1766201955.7460334
-0.01461808942258358,1.9315308332443237,-1.3496853285959631,0.2849768400192261,0.5268792510032654,-2.0108218963068833,1766201955.756041
-0.01461808942258358,1.9315308332443237,-1.3496853285959631,0.2760912775993347,0.5153059959411621,-2.0034702682611463,1766201955.766057
-0.01461808942258358,1.9315308332443237,-1.3496853285959631,0.2764935791492462,0.5107198357582092,-2.0148452713672818,1766201955.7660735
-0.01461808942258358,1.9315308332443237,-1.3496853285959631,0.27455073595046997,0.5033867359161377,-2.016353382134223,1766201955.7760673
-0.01461808942258358,1.9315308332443237,-1.3496853285959631,0.2716132402420044,0.496403306722641,-2.018640776937091,1766201955.786105
-0.01461808942258358,1.9315308332443237,-1.3496853285959631,0.2687293291091919,0.488122820854187,-2.0193216832226146,1766201955.796105
-0.01461808942258358,1.9315308332443237,-1.3496853285959631,0.2634745240211487,0.47998887300491333,-2.0194158143522425,1766201955.80607
-0.01461808942258358,1.9315308332443237,-1.3496853285959631,0.26161694526672363,0.4726036489009857,-2.0229801294336753,1766201955.8161075
-0.01461808942258358,1.9315308332443237,-1.3496853285959631,0.2587134838104248,0.4661691188812256,-2.0285536677000193,1766201955.816148
-0.01461808942258358,1.9315308332443237,-1.3496853285959631,0.2553907632827759,0.45729225873947144,-2.027008765434925,1766201955.8260653
-0.01461808942258358,1.9315308332443237,-1.3496853285959631,0.25063154101371765,0.44910693168640137,-2.0279910379301924,1766201955.836096
-0.01461808942258358,1.9315308332443237,-1.3496853285959631,0.24915644526481628,0.44219857454299927,-2.0291162143006853,1766201955.8460932
-0.01461808942258358,1.9315308332443237,-1.3496853285959631,0.2454034984111786,0.4343614876270294,-2.0304077293379548,1766201955.8560889
-0.01461808942258358,1.9315308332443237,-1.3496853285959631,0.24334369599819183,0.4278672933578491,-2.034952436899586,1766201955.866091
-0.01461808942258358,1.9315308332443237,-1.3496853285959631,0.2396734356880188,0.41919252276420593,-2.0333839706367796,1766201955.8661308
-0.01461808942258358,1.9315308332443237,-1.3496853285959631,0.23628127574920654,0.41145238280296326,-2.0316040951194485,1766201955.8860843
-0.01461808942258358,1.9315308332443237,-1.3496853285959631,0.23272183537483215,0.4044102430343628,-2.0317237773191037,1766201955.8861232
-0.01461808942258358,1.9315308332443237,-1.3496853285959631,0.22976772487163544,0.3965395987033844,-2.0303021591138393,1766201955.8961036
-0.01461808942258358,1.9315308332443237,-1.3496853285959631,0.22634747624397278,0.3888048529624939,-2.028635242479874,1766201955.906094
-0.01461808942258358,1.9315308332443237,-1.3496853285959631,0.22250649333000183,0.38116833567619324,-2.02958750795667,1766201955.9160936
-0.01461808942258358,1.9315308332443237,-1.3496853285959631,0.21871119737625122,0.3737923204898834,-2.0285635000967397,1766201955.9161332
-0.01461808942258358,1.9315308332443237,-1.3496853285959631,0.21482238173484802,0.36610323190689087,-2.026664246684237,1766201955.9261076
-0.01461808942258358,1.9315308332443237,-1.3496853285959631,0.21147650480270386,0.35827040672302246,-2.0237571784761097,1766201955.9361072
-0.01461808942258358,1.9315308332443237,-1.3496853285959631,0.20831379294395447,0.35052043199539185,-2.022682739127719,1766201955.9460888
-0.01461808942258358,1.9315308332443237,-1.3496853285959631,0.20456545054912567,0.34303486347198486,-2.021182126147753,1766201955.9560974
-0.01461808942258358,1.9315308332443237,-1.3496853285959631,0.20037496089935303,0.3351172208786011,-2.0188819205642203,1766201955.9661014
-0.01461808942258358,1.9315308332443237,-1.3496853285959631,0.19730404019355774,0.32779186964035034,-2.018174104413983,1766201955.9661398
-0.13213232159614563,2.13029408454895,-0.43220743236686177,0.19730404019355774,0.32779186964035034,-2.018174104413983,1766201955.9861634
-0.13213232159614563,2.13029408454895,-0.43220743236686177,0.19132468104362488,0.3190748393535614,-2.017351890738069,1766201955.9861088
-0.13213232159614563,2.13029408454895,-0.43220743236686177,0.1896807700395584,0.3121946156024933,-2.0150086832074856,1766201955.9861505
-0.1355767697095871,2.1371548175811768,-0.4140327464117908,0.1896807700395584,0.3121946156024933,-2.0150086832074856,1766201955.9961405
-0.1355767697095871,2.1371548175811768,-0.4140327464117908,0.18595677614212036,0.30416810512542725,-2.012542174541771,1766201955.9961052
-0.1355767697095871,2.1371548175811768,-0.4140327464117908,0.18302974104881287,0.2964545786380768,-2.0115599724052147,1766201956.0061085
-0.13913805782794952,2.1437644958496094,-0.39356599523250974,0.18302974104881287,0.2964545786380768,-2.0115599724052147,1766201956.0061424
-0.13913805782794952,2.1437644958496094,-0.39356599523250974,0.17916405200958252,0.28860217332839966,-2.010277265265903,1766201956.0161185
-0.13913805782794952,2.1437644958496094,-0.39356599523250974,0.1759273111820221,0.2806883454322815,-2.009011125358939,1766201956.0161586
-0.13913805782794952,2.1437644958496094,-0.39356599523250974,0.17234757542610168,0.27286043763160706,-2.0077700863071244,1766201956.0260954
-0.13913805782794952,2.1437644958496094,-0.39356599523250974,0.16838788986206055,0.26485973596572876,-2.0066584280988056,1766201956.0361094
-0.13913805782794952,2.1437644958496094,-0.39356599523250974,0.16478444635868073,0.2555220127105713,-2.007698962143353,1766201956.0461497
-0.13913805782794952,2.1437644958496094,-0.39356599523250974,0.16159316897392273,0.24844428896903992,-2.0047871232510164,1766201956.0561423
-0.13913805782794952,2.1437644958496094,-0.39356599523250974,0.15806998312473297,0.24103853106498718,-2.0052018651339423,1766201956.066146
-0.13913805782794952,2.1437644958496094,-0.39356599523250974,0.15470227599143982,0.2332797348499298,-2.005226823659085,1766201956.066197
-0.13913805782794952,2.1437644958496094,-0.39356599523250974,0.15181860327720642,0.22491192817687988,-2.003981090657072,1766201956.0760672
-0.13913805782794952,2.1437644958496094,-0.39356599523250974,0.14871704578399658,0.2171240895986557,-2.004298080810028,1766201956.0861478
-0.13913805782794952,2.1437644958496094,-0.39356599523250974,0.14455817639827728,0.20823894441127777,-2.002582589402396,1766201956.0961938
-0.13913805782794952,2.1437644958496094,-0.39356599523250974,0.14093509316444397,0.2005625069141388,-2.0043707967104876,1766201956.1061585
-0.13913805782794952,2.1437644958496094,-0.39356599523250974,0.13772252202033997,0.19227346777915955,-2.0049243132430123,1766201956.116174
-0.13913805782794952,2.1437644958496094,-0.39356599523250974,0.13261978328227997,0.18311642110347748,-1.9996190795251079,1766201956.1162257
-0.13913805782794952,2.1437644958496094,-0.39356599523250974,0.1293013095855713,0.17513766884803772,-1.999690032277795,1766201956.1261647
-0.13913805782794952,2.1437644958496094,-0.39356599523250974,0.12671229243278503,0.16810844838619232,-2.0032910228574035,1766201956.1361403
-0.13913805782794952,2.1437644958496094,-0.39356599523250974,0.1244162991642952,0.1600838601589203,-2.0069894353402846,1766201956.1461504
-0.13913805782794952,2.1437644958496094,-0.39356599523250974,0.12129595875740051,0.15241605043411255,-2.008592591282477,1766201956.156145
-0.13913805782794952,2.1437644958496094,-0.39356599523250974,0.11745842546224594,0.14415249228477478,-2.0073038670958048,1766201956.1661665
-0.13913805782794952,2.1437644958496094,-0.39356599523250974,0.11256054043769836,0.13481277227401733,-2.000868540025001,1766201956.1761906
-0.13913805782794952,2.1437644958496094,-0.39356599523250974,0.11129102110862732,0.12771975994110107,-2.0111708786862117,1766201956.1762545
-0.13913805782794952,2.1437644958496094,-0.39356599523250974,0.10830356925725937,0.1196424588561058,-2.01111131293194,1766201956.186185
-0.13913805782794952,2.1437644958496094,-0.39356599523250974,0.10506343841552734,0.11136990040540695,-2.0123594786385355,1766201956.1961412
-0.13913805782794952,2.1437644958496094,-0.39356599523250974,0.1004919558763504,0.1031879186630249,-2.0094589168596597,1766201956.206126
-0.13913805782794952,2.1437644958496094,-0.39356599523250974,0.09772013127803802,0.09466122090816498,-2.0088906180993265,1766201956.2160993
-0.13913805782794952,2.1437644958496094,-0.39356599523250974,0.09429778158664703,0.0866125300526619,-2.0088812385805963,1766201956.2161412
-0.13913805782794952,2.1437644958496094,-0.39356599523250974,0.09101328253746033,0.07761605083942413,-2.005293723495641,1766201956.2261589
-0.13913805782794952,2.1437644958496094,-0.39356599523250974,0.08937154710292816,0.07085732370615005,-2.018795348416231,1766201956.2361696
-0.13913805782794952,2.1437644958496094,-0.39356599523250974,0.08625386655330658,0.06294437497854233,-2.016686204322726,1766201956.2461698
-0.13913805782794952,2.1437644958496094,-0.39356599523250974,0.08313439041376114,0.054960474371910095,-2.019286943477867,1766201956.2561302
-0.13913805782794952,2.1437644958496094,-0.39356599523250974,0.07919039577245712,0.04632865637540817,-2.0166284322835764,1766201956.2661126
-0.13913805782794952,2.1437644958496094,-0.39356599523250974,0.07712718099355698,0.03895135223865509,-2.0186702300695574,1766201956.2661555
-0.13913805782794952,2.1437644958496094,-0.39356599523250974,0.07214047759771347,0.029833780601620674,-2.0145281380627025,1766201956.276168
-0.13913805782794952,2.1437644958496094,-0.39356599523250974,0.06977000832557678,0.022261613979935646,-2.018149737565996,1766201956.296132
-0.13913805782794952,2.1437644958496094,-0.39356599523250974,0.06622841954231262,0.014138157479465008,-2.018579074177173,1766201956.29618
-0.13913805782794952,2.1437644958496094,-0.39356599523250974,0.06295998394489288,0.006072487682104111,-2.0185948686113337,1766201956.306172
-0.13913805782794952,2.1437644958496094,-0.39356599523250974,0.05942227318882942,-0.0020172642543911934,-2.019174695494609,1766201956.3163052
-0.13913805782794952,2.1437644958496094,-0.39356599523250974,0.05616915971040726,-0.009827305562794209,-2.0188241784198997,1766201956.3163586
-0.13913805782794952,2.1437644958496094,-0.39356599523250974,0.05226191505789757,-0.018519623205065727,-2.0187796917775622,1766201956.3261023
-0.13913805782794952,2.1437644958496094,-0.39356599523250974,0.0488455556333065,-0.026207782328128815,-2.0180246552851964,1766201956.3361812
-0.13913805782794952,2.1437644958496094,-0.39356599523250974,0.045344576239585876,-0.033926524221897125,-2.0160709257726555,1766201956.3461595
-0.13913805782794952,2.1437644958496094,-0.39356599523250974,0.04175834357738495,-0.042119648307561874,-2.0142211396344285,1766201956.3561442
-0.13913805782794952,2.1437644958496094,-0.39356599523250974,0.03809662163257599,-0.05005081743001938,-2.014841038101273,1766201956.3661823
-0.13913805782794952,2.1437644958496094,-0.39356599523250974,0.03445591405034065,-0.05805220454931259,-2.0133068973112347,1766201956.3662388
-0.13913805782794952,2.1437644958496094,-0.39356599523250974,0.030923189595341682,-0.0662291869521141,-2.012224654235931,1766201956.3761828
-0.13913805782794952,2.1437644958496094,-0.39356599523250974,0.027356412261724472,-0.074151411652565,-2.010379573156694,1766201956.386145
-0.13913805782794952,2.1437644958496094,-0.39356599523250974,0.0230555459856987,-0.08251240849494934,-2.0108480301310956,1766201956.3963273
-0.13913805782794952,2.1437644958496094,-0.39356599523250974,0.01975090056657791,-0.09057700634002686,-2.008230984105502,1766201956.4061842
-0.13913805782794952,2.1437644958496094,-0.39356599523250974,0.016243383288383484,-0.09847909212112427,-2.006247439199305,1766201956.416124
-0.13913805782794952,2.1437644958496094,-0.39356599523250974,0.012591373175382614,-0.10646018385887146,-2.004570110287362,1766201956.4161887
-0.13913805782794952,2.1437644958496094,-0.39356599523250974,0.008797900751233101,-0.11448127776384354,-2.003982823431619,1766201956.4261944
-0.13913805782794952,2.1437644958496094,-0.39356599523250974,0.005703285336494446,-0.12232004851102829,-2.0030492017969395,1766201956.4361813
-0.13913805782794952,2.1437644958496094,-0.39356599523250974,0.0019985325634479523,-0.13077165186405182,-2.0009220288270173,1766201956.4461465
-0.13913805782794952,2.1437644958496094,-0.39356599523250974,-0.0012149661779403687,-0.13834962248802185,-2.0001016058453245,1766201956.4560876
-0.13913805782794952,2.1437644958496094,-0.39356599523250974,-0.005015761591494083,-0.1465594470500946,-1.9992560092648137,1766201956.4661565
-0.13913805782794952,2.1437644958496094,-0.39356599523250974,-0.008569646626710892,-0.1547924131155014,-1.9985120293953844,1766201956.4662223
-0.13913805782794952,2.1437644958496094,-0.39356599523250974,-0.012099884450435638,-0.16267459094524384,-1.9979435302301578,1766201956.4761786
-0.13913805782794952,2.1437644958496094,-0.39356599523250974,-0.015618504956364632,-0.17050589621067047,-1.9973932713415825,1766201956.4861531
-0.13913805782794952,2.1437644958496094,-0.39356599523250974,-0.019011206924915314,-0.17857737839221954,-1.9970228335276359,1766201956.4961774
-0.13913805782794952,2.1437644958496094,-0.39356599523250974,-0.022122401744127274,-0.18656481802463531,-1.9969202929895187,1766201956.506169
-0.13913805782794952,2.1437644958496094,-0.39356599523250974,-0.025613248348236084,-0.1944883167743683,-1.9976440822634676,1766201956.5161197
-0.13913805782794952,2.1437644958496094,-0.39356599523250974,-0.029155783355236053,-0.20220991969108582,-1.9971166566743872,1766201956.516175
-0.13913805782794952,2.1437644958496094,-0.39356599523250974,-0.03199077770113945,-0.2102716565132141,-1.996691260901369,1766201956.526158
-0.13913805782794952,2.1437644958496094,-0.39356599523250974,-0.035593196749687195,-0.21789030730724335,-1.9984559936647988,1766201956.5361872
-0.13913805782794952,2.1437644958496094,-0.39356599523250974,-0.03851155936717987,-0.22548560798168182,-1.9983215628087736,1766201956.5461593
-0.13913805782794952,2.1437644958496094,-0.39356599523250974,-0.04186882823705673,-0.23347815871238708,-1.9993364294457188,1766201956.5561562
-0.13913805782794952,2.1437644958496094,-0.39356599523250974,-0.0449356772005558,-0.24107059836387634,-1.9994910316197696,1766201956.5663457
-0.13913805782794952,2.1437644958496094,-0.39356599523250974,-0.048030175268650055,-0.24869395792484283,-2.000384994705487,1766201956.5664127
-0.13913805782794952,2.1437644958496094,-0.39356599523250974,-0.05128873884677887,-0.2562595009803772,-2.0010464975694617,1766201956.5761197
-0.13913805782794952,2.1437644958496094,-0.39356599523250974,-0.05409308150410652,-0.263772189617157,-2.0009297731588993,1766201956.586156
-0.13913805782794952,2.1437644958496094,-0.39356599523250974,-0.05774744972586632,-0.271445095539093,-2.002708882080435,1766201956.5961802
-0.13913805782794952,2.1437644958496094,-0.39356599523250974,-0.06118115037679672,-0.2790325880050659,-2.000482048296082,1766201956.6061335
-0.13913805782794952,2.1437644958496094,-0.39356599523250974,-0.06560323387384415,-0.2866513133049011,-1.9976303711752972,1766201956.6161816
-0.13913805782794952,2.1437644958496094,-0.39356599523250974,-0.06716770678758621,-0.29348069429397583,-2.004677402272267,1766201956.616248
-0.13913805782794952,2.1437644958496094,-0.39356599523250974,-0.07000423967838287,-0.30100345611572266,-2.0051001089486586,1766201956.6262047
-0.13913805782794952,2.1437644958496094,-0.39356599523250974,-0.07286183536052704,-0.30792564153671265,-2.0057571123017786,1766201956.6361134
-0.13913805782794952,2.1437644958496094,-0.39356599523250974,-0.07595944404602051,-0.3150516152381897,-2.00651044619603,1766201956.6461828
-0.13913805782794952,2.1437644958496094,-0.39356599523250974,-0.07885782420635223,-0.32197538018226624,-2.0067881092108895,1766201956.6561453
-0.13913805782794952,2.1437644958496094,-0.39356599523250974,-0.08164069056510925,-0.3291935622692108,-2.00748255333752,1766201956.6661978
-0.13913805782794952,2.1437644958496094,-0.39356599523250974,-0.08471490442752838,-0.3359938859939575,-2.008192972458107,1766201956.6662607
-0.13913805782794952,2.1437644958496094,-0.39356599523250974,-0.08735718578100204,-0.3427528738975525,-2.0077347197952515,1766201956.6761813
-0.13913805782794952,2.1437644958496094,-0.39356599523250974,-0.09023599326610565,-0.349582701921463,-2.007853026254462,1766201956.6861794
-0.13913805782794952,2.1437644958496094,-0.39356599523250974,-0.0927385538816452,-0.3565192222595215,-2.007337979855843,1766201956.6961234
-0.13913805782794952,2.1437644958496094,-0.39356599523250974,-0.09624014794826508,-0.36302080750465393,-2.009594435544914,1766201956.7061517
-0.13913805782794952,2.1437644958496094,-0.39356599523250974,-0.09895500540733337,-0.36981603503227234,-2.0093940274638347,1766201956.7163475
-0.13913805782794952,2.1437644958496094,-0.39356599523250974,-0.1018240824341774,-0.37638258934020996,-2.0094952819579643,1766201956.7164125
-0.13913805782794952,2.1437644958496094,-0.39356599523250974,-0.10465813428163528,-0.3830893635749817,-2.008849229293657,1766201956.726158
-0.13913805782794952,2.1437644958496094,-0.39356599523250974,-0.10712768882513046,-0.38930919766426086,-2.0082669217040294,1766201956.736324
-0.13913805782794952,2.1437644958496094,-0.39356599523250974,-0.11059927195310593,-0.3957669138908386,-2.00570216899424,1766201956.746179
-0.13913805782794952,2.1437644958496094,-0.39356599523250974,-0.11317853629589081,-0.4019913673400879,-2.0067908738995004,1766201956.756183
-0.13913805782794952,2.1437644958496094,-0.39356599523250974,-0.11589409410953522,-0.40814873576164246,-2.0061913470341253,1766201956.766157
-0.13913805782794952,2.1437644958496094,-0.39356599523250974,-0.12069661915302277,-0.4146614670753479,-1.9997466586217862,1766201956.7662225
-0.13913805782794952,2.1437644958496094,-0.39356599523250974,-0.12147215008735657,-0.42102763056755066,-2.005152745902001,1766201956.7761889
-0.13913805782794952,2.1437644958496094,-0.39356599523250974,-0.12397376447916031,-0.42707642912864685,-2.0039291058378654,1766201956.7862027
-0.13913805782794952,2.1437644958496094,-0.39356599523250974,-0.12664324045181274,-0.43317940831184387,-2.002795380887301,1766201956.7961168
-0.13913805782794952,2.1437644958496094,-0.39356599523250974,-0.12938106060028076,-0.4392261803150177,-2.0021683323519164,1766201956.8061543
-0.13913805782794952,2.1437644958496094,-0.39356599523250974,-0.13219863176345825,-0.44528794288635254,-2.001268753636112,1766201956.8161802
-0.13913805782794952,2.1437644958496094,-0.39356599523250974,-0.13501164317131042,-0.45141708850860596,-2.000253115303647,1766201956.8261452
-0.13913805782794952,2.1437644958496094,-0.39356599523250974,-0.13753150403499603,-0.4574368894100189,-1.999499415707155,1766201956.8262045
-0.13913805782794952,2.1437644958496094,-0.39356599523250974,-0.1400514543056488,-0.4638432562351227,-1.9993159874665367,1766201956.8361764
-0.13913805782794952,2.1437644958496094,-0.39356599523250974,-0.14273889362812042,-0.46946030855178833,-1.997667449665407,1766201956.8461585
-0.13913805782794952,2.1437644958496094,-0.39356599523250974,-0.14540907740592957,-0.4750831723213196,-1.9966759632167208,1766201956.856147
-0.13913805782794952,2.1437644958496094,-0.39356599523250974,-0.14796003699302673,-0.48103684186935425,-1.995296401324565,1766201956.8661513
-0.13913805782794952,2.1437644958496094,-0.39356599523250974,-0.15034279227256775,-0.48691779375076294,-1.994228399369321,1766201956.8662157
-0.13913805782794952,2.1437644958496094,-0.39356599523250974,-0.1535230576992035,-0.49305760860443115,-1.9959398323997557,1766201956.8761833
-0.13913805782794952,2.1437644958496094,-0.39356599523250974,-0.15531641244888306,-0.49820762872695923,-1.993999792847884,1766201956.8862257
-0.13913805782794952,2.1437644958496094,-0.39356599523250974,-0.15769608318805695,-0.5042340755462646,-1.9934978823361282,1766201956.896185
-0.13913805782794952,2.1437644958496094,-0.39356599523250974,-0.15984895825386047,-0.5099118947982788,-1.991795793766861,1766201956.9061613
-0.13913805782794952,2.1437644958496094,-0.39356599523250974,-0.16199734807014465,-0.515617311000824,-1.990226713193829,1766201956.9161177
-0.13913805782794952,2.1437644958496094,-0.39356599523250974,-0.1646597683429718,-0.5211442112922668,-1.9921483397864646,1766201956.9161727
-0.13913805782794952,2.1437644958496094,-0.39356599523250974,-0.1669379323720932,-0.5263992547988892,-1.9924104844669592,1766201956.9262018
-0.13913805782794952,2.1437644958496094,-0.39356599523250974,-0.1693011224269867,-0.5318663120269775,-1.9928539643062442,1766201956.9363146
-0.13913805782794952,2.1437644958496094,-0.39356599523250974,-0.17067758738994598,-0.5373210310935974,-1.9905460526245868,1766201956.9461856
-0.13913805782794952,2.1437644958496094,-0.39356599523250974,-0.17349326610565186,-0.5421448349952698,-1.9926190609348096,1766201956.9561336
-0.13913805782794952,2.1437644958496094,-0.39356599523250974,-0.17563283443450928,-0.547480046749115,-1.993019466059901,1766201956.966202
-0.13913805782794952,2.1437644958496094,-0.39356599523250974,-0.17802968621253967,-0.5529520511627197,-1.994168743977465,1766201956.9662573
-0.13913805782794952,2.1437644958496094,-0.39356599523250974,-0.18139690160751343,-0.5577503442764282,-1.9900212937326915,1766201956.9763253
-0.13913805782794952,2.1437644958496094,-0.39356599523250974,-0.181533545255661,-0.5631656646728516,-1.9924252445300397,1766201956.986186
-0.13913805782794952,2.1437644958496094,-0.39356599523250974,-0.18386933207511902,-0.5679165720939636,-1.9947844634988914,1766201956.996144
-0.13913805782794952,2.1437644958496094,-0.39356599523250974,-0.18588632345199585,-0.5731099247932434,-1.9951704552082814,1766201957.006154
-0.13913805782794952,2.1437644958496094,-0.39356599523250974,-0.18793922662734985,-0.5779588222503662,-1.9959903676147535,1766201957.0161111
-0.13913805782794952,2.1437644958496094,-0.39356599523250974,-0.18959206342697144,-0.5827229619026184,-1.9948650234342995,1766201957.016155
-0.13913805782794952,2.1437644958496094,-0.39356599523250974,-0.19176490604877472,-0.5874190926551819,-1.9975259265050334,1766201957.0261815
-0.13913805782794952,2.1437644958496094,-0.39356599523250974,-0.193330779671669,-0.5921444296836853,-1.9967493010652115,1766201957.0361822
-0.13913805782794952,2.1437644958496094,-0.39356599523250974,-0.1957499086856842,-0.596808671951294,-2.0005593804650887,1766201957.0461383
-0.13913805782794952,2.1437644958496094,-0.39356599523250974,-0.19731634855270386,-0.6014026403427124,-1.9990342536917598,1766201957.0560613
-0.6920522451400757,2.7399089336395264,0.9298139261483943,-0.19731634855270386,-0.6014026403427124,-1.9990342536917598,1766201957.0560784
-0.6920522451400757,2.7399089336395264,0.9298139261483943,-0.19917531311511993,-0.6055819988250732,-1.9999115212192655,1766201957.0661154
-0.6971389651298523,2.740933656692505,0.9445651416209789,-0.19917531311511993,-0.6055819988250732,-1.9999115212192655,1766201957.0661497
-0.7025666832923889,2.7419240474700928,0.9561781720607883,-0.19917531311511993,-0.6055819988250732,-1.9999115212192655,1766201957.0761824
-0.7025666832923889,2.7419240474700928,0.9561781720607883,-0.2010764479637146,-0.609947144985199,-2.001238092620723,1766201957.076146
-0.7079734206199646,2.742882490158081,0.9682434020648893,-0.2010764479637146,-0.609947144985199,-2.001238092620723,1766201957.076264
-0.7079734206199646,2.742882490158081,0.9682434020648893,-0.2030225694179535,-0.6142995953559875,-2.0024920800897745,1766201957.0762415
-0.7135142683982849,2.743736505508423,0.976030537336954,-0.2030225694179535,-0.6142995953559875,-2.0024920800897745,1766201957.0861394
-0.7135142683982849,2.743736505508423,0.976030537336954,-0.20452943444252014,-0.6187763810157776,-2.0011069590395256,1766201957.0861309
-0.7135142683982849,2.743736505508423,0.976030537336954,-0.20624016225337982,-0.6229304075241089,-2.0023593902286234,1766201957.0961235
-0.7186723351478577,2.7446160316467285,0.9849333790701618,-0.20624016225337982,-0.6229304075241089,-2.0023593902286234,1766201957.0961578
-0.7186723351478577,2.7446160316467285,0.9849333790701618,-0.20786340534687042,-0.6273030638694763,-2.003234287575227,1766201957.106067
-0.723877489566803,2.745190143585205,0.9959409554533368,-0.20786340534687042,-0.6273030638694763,-2.003234287575227,1766201957.1061003
-0.723877489566803,2.745190143585205,0.9959409554533368,-0.20981936156749725,-0.6312737464904785,-2.0039015407193164,1766201957.1161144
-0.7290962934494019,2.7458384037017822,1.0034521794196425,-0.20981936156749725,-0.6312737464904785,-2.0039015407193164,1766201957.116148
-0.7290962934494019,2.7458384037017822,1.0034521794196425,-0.2113734483718872,-0.6354785561561584,-2.0029622538064693,1766201957.1161642
-0.734184205532074,2.746387481689453,1.011625709218791,-0.2113734483718872,-0.6354785561561584,-2.0029622538064693,1766201957.1162884
-0.734184205532074,2.746387481689453,1.011625709218791,-0.21283738315105438,-0.6396110653877258,-2.002574341115197,1766201957.1260705
-0.73884117603302,2.7467479705810547,1.0204330851038763,-0.21283738315105438,-0.6396110653877258,-2.002574341115197,1766201957.1260798
-0.7437641620635986,2.7471022605895996,1.0256754513599489,-0.21283738315105438,-0.6396110653877258,-2.002574341115197,1766201957.136141
-0.7437641620635986,2.7471022605895996,1.0256754513599489,-0.2145521640777588,-0.6437656879425049,-2.003368173294366,1766201957.1361084
-0.7485439777374268,2.7473387718200684,1.030804738259221,-0.2145521640777588,-0.6437656879425049,-2.003368173294366,1766201957.1461868
-0.7485439777374268,2.7473387718200684,1.030804738259221,-0.2165873944759369,-0.6474604606628418,-2.0038283711851705,1766201957.146142
-0.7529969215393066,2.747471332550049,1.0405770243451105,-0.2165873944759369,-0.6474604606628418,-2.0038283711851705,1766201957.156186
-0.7529969215393066,2.747471332550049,1.0405770243451105,-0.21786098182201385,-0.6516112685203552,-2.0024840726988122,1766201957.156141
-0.7529969215393066,2.747471332550049,1.0405770243451105,-0.21975071728229523,-0.6553069949150085,-2.0044115435519974,1766201957.166108
-0.7576552629470825,2.747584819793701,1.0468943302352895,-0.21975071728229523,-0.6553069949150085,-2.0044115435519974,1766201957.1661422
-0.7576552629470825,2.747584819793701,1.0468943302352895,-0.22119225561618805,-0.6593167185783386,-2.0039525297531844,1766201957.1661572
-0.7620867490768433,2.747417449951172,1.0559011942879433,-0.22119225561618805,-0.6593167185783386,-2.0039525297531844,1766201957.1661663
-0.7667750120162964,2.7471795082092285,1.061238514980153,-0.22119225561618805,-0.6593167185783386,-2.0039525297531844,1766201957.176071
-0.7667750120162964,2.7471795082092285,1.061238514980153,-0.22282536327838898,-0.6624236106872559,-2.0054557501755688,1766201957.1760612
-0.7667750120162964,2.7471795082092285,1.061238514980153,-0.22438621520996094,-0.6666537523269653,-2.00329179101699,1766201957.1861317
-0.7714172005653381,2.746758222579956,1.0695203976115744,-0.22438621520996094,-0.6666537523269653,-2.00329179101699,1766201957.1861663
-0.7714172005653381,2.746758222579956,1.0695203976115744,-0.22601673007011414,-0.6703483462333679,-2.0039884555762826,1766201957.1961212
-0.776131808757782,2.7464544773101807,1.0752920863049429,-0.22601673007011414,-0.6703483462333679,-2.0039884555762826,1766201957.1961675
-0.7809228301048279,2.7460527420043945,1.080116386986584,-0.22601673007011414,-0.6703483462333679,-2.0039884555762826,1766201957.2060978
-0.7809228301048279,2.7460527420043945,1.080116386986584,-0.22744567692279816,-0.6738514304161072,-2.0039562402581828,1766201957.206064
-0.7809228301048279,2.7460527420043945,1.080116386986584,-0.2293848991394043,-0.6772758364677429,-2.005398406950789,1766201957.2161434
-0.7809228301048279,2.7460527420043945,1.080116386986584,-0.23061101138591766,-0.6807563304901123,-2.002976711240716,1766201957.2162886
-0.785595715045929,2.7457454204559326,1.087037009935432,-0.23061101138591766,-0.6807563304901123,-2.002976711240716,1766201957.2161782
-0.7903968691825867,2.745265483856201,1.091838476316481,-0.23061101138591766,-0.6807563304901123,-2.002976711240716,1766201957.2163267
-0.795080304145813,2.7450215816497803,1.095601958551611,-0.23061101138591766,-0.6807563304901123,-2.002976711240716,1766201957.2261481
-0.795080304145813,2.7450215816497803,1.095601958551611,-0.23289351165294647,-0.6842615604400635,-2.0090985070717844,1766201957.2261105
-0.795080304145813,2.7450215816497803,1.095601958551611,-0.23388448357582092,-0.6877759099006653,-2.0046561946990704,1766201957.2360094
-0.799479067325592,2.744492769241333,1.1037300855774403,-0.23388448357582092,-0.6877759099006653,-2.0046561946990704,1766201957.236028
-0.799479067325592,2.744492769241333,1.1037300855774403,-0.23507258296012878,-0.6913526654243469,-2.0038125134881883,1766201957.24608
-0.8038915991783142,2.744128704071045,1.1079563835995274,-0.23507258296012878,-0.6913526654243469,-2.0038125134881883,1766201957.246099
-0.8038915991783142,2.744128704071045,1.1079563835995274,-0.23662541806697845,-0.694645345211029,-2.004336435218602,1766201957.2559695
-0.8084056377410889,2.743899345397949,1.1125033644873692,-0.23662541806697845,-0.694645345211029,-2.004336435218602,1766201957.2559862
-0.812541127204895,2.743626594543457,1.1182819124755758,-0.23662541806697845,-0.694645345211029,-2.004336435218602,1766201957.2660184
-0.812541127204895,2.743626594543457,1.1182819124755758,-0.23794282972812653,-0.6981196999549866,-2.0038307308869454,1766201957.2659953
-0.8168526291847229,2.7435078620910645,1.1206915125987063,-0.23794282972812653,-0.6981196999549866,-2.0038307308869454,1766201957.2660334
-0.8168526291847229,2.7435078620910645,1.1206915125987063,-0.23952554166316986,-0.7012006640434265,-2.0037887930218576,1766201957.2660277
-0.8210005164146423,2.743565559387207,1.1248471101637991,-0.23952554166316986,-0.7012006640434265,-2.0037887930218576,1766201957.27603
-0.8210005164146423,2.743565559387207,1.1248471101637991,-0.24094577133655548,-0.7044962048530579,-2.0037917215148116,1766201957.2760115
-0.8210005164146423,2.743565559387207,1.1248471101637991,-0.24210403859615326,-0.7076320648193359,-2.003350731812401,1766201957.2860491
-0.8250016570091248,2.743701934814453,1.1302012215560322,-0.24210403859615326,-0.7076320648193359,-2.003350731812401,1766201957.2860625
-0.8289972543716431,2.7439463138580322,1.134145046486011,-0.24210403859615326,-0.7076320648193359,-2.003350731812401,1766201957.2960737
-0.8289972543716431,2.7439463138580322,1.134145046486011,-0.24321047961711884,-0.7111074924468994,-2.0010164599703244,1766201957.2960567
-0.8328804969787598,2.744352102279663,1.1376736050976495,-0.24321047961711884,-0.7111074924468994,-2.0010164599703244,1766201957.3060029
-0.8328804969787598,2.744352102279663,1.1376736050976495,-0.24524444341659546,-0.7136658430099487,-2.0039791719271207,1766201957.305991
-0.8366333246231079,2.7447116374969482,1.1405193409872934,-0.24524444341659546,-0.7136658430099487,-2.0039791719271207,1766201957.3161154
-0.8366333246231079,2.7447116374969482,1.1405193409872934,-0.2459239363670349,-0.7172768115997314,-2.0010931771286695,1766201957.3160806
-0.8404413461685181,2.7452619075775146,1.1430062814099304,-0.2459239363670349,-0.7172768115997314,-2.0010931771286695,1766201957.3161407
-0.8404413461685181,2.7452619075775146,1.1430062814099304,-0.24767279624938965,-0.7198446393013,-2.0040265771981423,1766201957.3161318
-0.8404413461685181,2.7452619075775146,1.1430062814099304,-0.2493300437927246,-0.7226130962371826,-2.002292348997677,1766201957.325996
-0.8440958857536316,2.745911121368408,1.1477412912219154,-0.2493300437927246,-0.7226130962371826,-2.002292348997677,1766201957.3260307
-0.8440958857536316,2.745911121368408,1.1477412912219154,-0.2501751184463501,-0.7255299687385559,-2.0030464041812226,1766201957.3360248
-0.8477170467376709,2.7466137409210205,1.1506703890382297,-0.2501751184463501,-0.7255299687385559,-2.0030464041812226,1766201957.3360336
-0.8477170467376709,2.7466137409210205,1.1506703890382297,-0.2515270709991455,-0.7287553548812866,-2.0011292283238666,1766201957.346103
-0.8514243960380554,2.7474398612976074,1.1533886671296936,-0.2515270709991455,-0.7287553548812866,-2.0011292283238666,1766201957.3461368
-0.8514243960380554,2.7474398612976074,1.1533886671296936,-0.25284022092819214,-0.7313460111618042,-2.0027607692672413,1766201957.3560588
-0.8549827337265015,2.7482688426971436,1.1564912029794387,-0.25284022092819214,-0.7313460111618042,-2.0027607692672413,1766201957.3560925
-0.8549827337265015,2.7482688426971436,1.1564912029794387,-0.2540580630302429,-0.7340174317359924,-2.0022599567079093,1766201957.3660746
-0.8583520650863647,2.7491707801818848,1.1608369009310862,-0.2540580630302429,-0.7340174317359924,-2.0022599567079093,1766201957.3661084
-0.8583520650863647,2.7491707801818848,1.1608369009310862,-0.2550418972969055,-0.7371928095817566,-2.0030056105281084,1766201957.3661256
-0.8617805242538452,2.750131607055664,1.1635760634983712,-0.2550418972969055,-0.7371928095817566,-2.0030056105281084,1766201957.366135
-0.8652750849723816,2.7512636184692383,1.1655932149192036,-0.2550418972969055,-0.7371928095817566,-2.0030056105281084,1766201957.3760355
-0.8652750849723816,2.7512636184692383,1.1655932149192036,-0.25802889466285706,-0.7395827770233154,-1.9974030660540154,1766201957.3760266
-0.8687770962715149,2.7523720264434814,1.1691064965917286,-0.25802889466285706,-0.7395827770233154,-1.9974030660540154,1766201957.3860693
-0.8687770962715149,2.7523720264434814,1.1691064965917286,-0.25809866189956665,-0.7430055737495422,-1.9953972277038072,1766201957.386041
-0.8721930384635925,2.7534408569335938,1.1730032952202383,-0.25809866189956665,-0.7430055737495422,-1.9953972277038072,1766201957.396112
-0.8721930384635925,2.7534408569335938,1.1730032952202383,-0.26061198115348816,-0.7447616457939148,-1.99785565734807,1766201957.3960772
-0.8755306005477905,2.7545714378356934,1.1759831732408217,-0.26061198115348816,-0.7447616457939148,-1.99785565734807,1766201957.4061356
-0.8755306005477905,2.7545714378356934,1.1759831732408217,-0.25924599170684814,-0.7478302717208862,-1.9988149032420464,1766201957.406101
-0.8755306005477905,2.7545714378356934,1.1759831732408217,-0.2602841258049011,-0.7506337761878967,-1.9981612759531864,1766201957.4160485
-0.8790448307991028,2.755821704864502,1.1781473238446505,-0.2602841258049011,-0.7506337761878967,-1.9981612759531864,1766201957.416082
-0.8790448307991028,2.755821704864502,1.1781473238446505,-0.261557936668396,-0.7529561519622803,-1.9995186602036017,1766201957.416098
-0.8825574517250061,2.757061004638672,1.1807827232846404,-0.261557936668396,-0.7529561519622803,-1.9995186602036017,1766201957.4161077
-0.8825574517250061,2.757061004638672,1.1807827232846404,-0.26289623975753784,-0.7551199197769165,-1.9978915750662514,1766201957.426044
-0.8858713507652283,2.758214235305786,1.185962332102628,-0.26289623975753784,-0.7551199197769165,-1.9978915750662514,1766201957.426055
-0.8858713507652283,2.758214235305786,1.185962332102628,-0.26361051201820374,-0.7577806711196899,-1.9988560290919186,1766201957.4360597
-0.8892037272453308,2.7594001293182373,1.1887069531798007,-0.26361051201820374,-0.7577806711196899,-1.9988560290919186,1766201957.4360683
-0.8927644491195679,2.7606184482574463,1.1911960186598036,-0.26361051201820374,-0.7577806711196899,-1.9988560290919186,1766201957.4461
-0.8927644491195679,2.7606184482574463,1.1911960186598036,-0.2656777501106262,-0.7594794631004333,-2.0015248021035608,1766201957.4460661
-0.8927644491195679,2.7606184482574463,1.1911960186598036,-0.26603394746780396,-0.7617673873901367,-1.9998274015869286,1766201957.45606
-0.8961964845657349,2.7617945671081543,1.1968626940645022,-0.26603394746780396,-0.7617673873901367,-1.9998274015869286,1766201957.456094
-0.8961964845657349,2.7617945671081543,1.1968626940645022,-0.2666386067867279,-0.7641599774360657,-1.999697411044902,1766201957.4660642
-0.8996509313583374,2.763016700744629,1.1992030652852028,-0.2666386067867279,-0.7641599774360657,-1.999697411044902,1766201957.4660742
-0.8996509313583374,2.763016700744629,1.1992030652852028,-0.2673235237598419,-0.7666799426078796,-1.9976700632375384,1766201957.4660966
-0.9030894637107849,2.7641680240631104,1.2012852993101757,-0.2673235237598419,-0.7666799426078796,-1.9976700632375384,1766201957.4660993
-0.9030894637107849,2.7641680240631104,1.2012852993101757,-0.2685195207595825,-0.7684410214424133,-1.9982229337073003,1766201957.4760604
-0.90660560131073,2.765329122543335,1.204158145441788,-0.2685195207595825,-0.7684410214424133,-1.9982229337073003,1766201957.476095
-0.90660560131073,2.765329122543335,1.204158145441788,-0.26946043968200684,-0.7704359889030457,-2.0003526179718683,1766201957.4861
-0.9101594090461731,2.7665133476257324,1.207828341398206,-0.26946043968200684,-0.7704359889030457,-2.0003526179718683,1766201957.486134
-0.9101594090461731,2.7665133476257324,1.207828341398206,-0.2706562578678131,-0.7724515199661255,-1.9985908187088894,1766201957.496128
-0.9136120080947876,2.767578601837158,1.2118854349350507,-0.2706562578678131,-0.7724515199661255,-1.9985908187088894,1766201957.4961622
-0.9173165559768677,2.768918752670288,1.2144821153999352,-0.2706562578678131,-0.7724515199661255,-1.9985908187088894,1766201957.506136
-0.9173165559768677,2.768918752670288,1.2144821153999352,-0.27134472131729126,-0.7743170261383057,-1.998976851454159,1766201957.5061026
-0.9173165559768677,2.768918752670288,1.2144821153999352,-0.27159297466278076,-0.776472270488739,-1.9962141533239368,1766201957.516113
-0.9208040237426758,2.7700355052948,1.217949443289049,-0.27159297466278076,-0.776472270488739,-1.9962141533239368,1766201957.5161471
-0.9208040237426758,2.7700355052948,1.217949443289049,-0.27281489968299866,-0.7778036594390869,-1.9986827415098305,1766201957.5161629
-0.9244207143783569,2.7712388038635254,1.2194003863176845,-0.27281489968299866,-0.7778036594390869,-1.9986827415098305,1766201957.5161724
-0.9279215335845947,2.7724568843841553,1.2226126239832376,-0.27281489968299866,-0.7778036594390869,-1.9986827415098305,1766201957.5260682
-0.9279215335845947,2.7724568843841553,1.2226126239832376,-0.27360227704048157,-0.7796353101730347,-1.99967399442606,1766201957.5260572
-0.9279215335845947,2.7724568843841553,1.2226126239832376,-0.27604740858078003,-0.7809293270111084,-1.9953904455131597,1766201957.5360987
-0.9313943982124329,2.773608922958374,1.22394833992739,-0.27604740858078003,-0.7809293270111084,-1.9953904455131597,1766201957.5361328
-0.9313943982124329,2.773608922958374,1.22394833992739,-0.27523231506347656,-0.7828768491744995,-2.0009221234768777,1766201957.5461042
-0.9348118901252747,2.7749178409576416,1.2274915681176004,-0.27523231506347656,-0.7828768491744995,-2.0009221234768777,1766201957.5461385
-0.9381699562072754,2.776122570037842,1.2287598313907369,-0.27523231506347656,-0.7828768491744995,-2.0009221234768777,1766201957.5561345
-0.9381699562072754,2.776122570037842,1.2287598313907369,-0.2757198214530945,-0.7845378518104553,-2.000357547479451,1766201957.5560966
-0.9381699562072754,2.776122570037842,1.2287598313907369,-0.2760026752948761,-0.786136269569397,-1.9996239744646604,1766201957.5660539
-0.9415076971054077,2.7774431705474854,1.2315328195586464,-0.2760026752948761,-0.786136269569397,-1.9996239744646604,1766201957.5660894
-0.9415076971054077,2.7774431705474854,1.2315328195586464,-0.27758339047431946,-0.78751140832901,-1.9959755705801898,1766201957.5661063
-0.9448098540306091,2.7786622047424316,1.2334262962512155,-0.27758339047431946,-0.78751140832901,-1.9959755705801898,1766201957.5661156
-0.9479960799217224,2.7797958850860596,1.2352696275511674,-0.27758339047431946,-0.78751140832901,-1.9959755705801898,1766201957.5760589
-0.9479960799217224,2.7797958850860596,1.2352696275511674,-0.27726826071739197,-0.7890532612800598,-1.9993009791989769,1766201957.5760498
-0.9479960799217224,2.7797958850860596,1.2352696275511674,-0.2776939272880554,-0.7900148630142212,-2.0004691171622477,1766201957.5861478
-0.9511043429374695,2.7810323238372803,1.2375592784709635,-0.2776939272880554,-0.7900148630142212,-2.0004691171622477,1766201957.5861816
-0.9542785286903381,2.7822463512420654,1.2383632409279288,-0.2776939272880554,-0.7900148630142212,-2.0004691171622477,1766201957.5961564
-0.9542785286903381,2.7822463512420654,1.2383632409279288,-0.28105244040489197,-0.7910287976264954,-1.9969471048436065,1766201957.5961223
-0.9542785286903381,2.7822463512420654,1.2383632409279288,-0.281607449054718,-0.7921115756034851,-1.997339297371777,1766201957.6060977
-0.9573154449462891,2.78351092338562,1.2396670261500686,-0.281607449054718,-0.7921115756034851,-1.997339297371777,1766201957.606131
-0.9573154449462891,2.78351092338562,1.2396670261500686,-0.27967360615730286,-0.7939412593841553,-2.0046988843094757,1766201957.616115
-0.9603444933891296,2.7849063873291016,1.2397135433787738,-0.27967360615730286,-0.7939412593841553,-2.0046988843094757,1766201957.616149
-0.9603444933891296,2.7849063873291016,1.2397135433787738,-0.27999216318130493,-0.7950446605682373,-2.0059293441604376,1766201957.6261265
-0.9631470441818237,2.7864511013031006,1.2399259206547633,-0.27999216318130493,-0.7950446605682373,-2.0059293441604376,1766201957.6261601
-0.9631470441818237,2.7864511013031006,1.2399259206547633,-0.27997496724128723,-0.7961301803588867,-2.0060404969847343,1766201957.626176
-0.9659873843193054,2.788252592086792,1.2396868921064932,-0.27997496724128723,-0.7961301803588867,-2.0060404969847343,1766201957.626185
-0.9659873843193054,2.788252592086792,1.2396868921064932,-0.2801755666732788,-0.7974264025688171,-2.006906753043037,1766201957.6760974
-0.9686228036880493,2.7900314331054688,1.2377244065083224,-0.2801755666732788,-0.7974264025688171,-2.006906753043037,1766201957.6761277
-0.9686228036880493,2.7900314331054688,1.2377244065083224,-0.28111836314201355,-0.7999075651168823,-2.0155033942374976,1766201957.6761794
-0.9735637307167053,2.7938168048858643,1.2371894971004433,-0.28111836314201355,-0.7999075651168823,-2.0155033942374976,1766201957.676168
-0.9735637307167053,2.7938168048858643,1.2371894971004433,-0.2830714285373688,-0.800897479057312,-2.0118735224374094,1766201957.6762838
-0.9735637307167053,2.7938168048858643,1.2371894971004433,-0.28147438168525696,-0.8021230101585388,-2.019941378696045,1766201957.6763513
-0.9735637307167053,2.7938168048858643,1.2371894971004433,-0.2815210819244385,-0.8032607436180115,-2.0193465406679154,1766201957.686123
-0.9735637307167053,2.7938168048858643,1.2371894971004433,-0.28147318959236145,-0.8039780259132385,-2.0241159001913744,1766201957.696048
-0.9735637307167053,2.7938168048858643,1.2371894971004433,-0.2814748287200928,-0.804692268371582,-2.0289514993245823,1766201957.7060013
-0.9735637307167053,2.7938168048858643,1.2371894971004433,-0.2820906341075897,-0.8055918216705322,-2.029729566839625,1766201957.7160618
-0.9735637307167053,2.7938168048858643,1.2371894971004433,-0.28341031074523926,-0.805864155292511,-2.0311678860066578,1766201957.7660995
-0.9735637307167053,2.7938168048858643,1.2371894971004433,-0.2815340757369995,-0.8095013499259949,-2.0582169291455035,1766201957.766195
-0.9735637307167053,2.7938168048858643,1.2371894971004433,-0.2828366756439209,-0.8098726868629456,-2.0581645822982764,1766201957.7663443
-0.9735637307167053,2.7938168048858643,1.2371894971004433,-0.28064584732055664,-0.8109927773475647,-2.0682191139752293,1766201957.7761085
-0.9735637307167053,2.7938168048858643,1.2371894971004433,-0.28145691752433777,-0.8114875555038452,-2.0696174418643545,1766201957.7860749
-0.9735637307167053,2.7938168048858643,1.2371894971004433,-0.2825396955013275,-0.8114500641822815,-2.0742679479006543,1766201957.7960887
-0.9735637307167053,2.7938168048858643,1.2371894971004433,-0.28081971406936646,-0.8123576641082764,-2.0794028328285243,1766201957.8060892
-0.9735637307167053,2.7938168048858643,1.2371894971004433,-0.28010281920433044,-0.8125763535499573,-2.0909076338195502,1766201957.8160698
-0.9735637307167053,2.7938168048858643,1.2371894971004433,-0.28152570128440857,-0.8129844069480896,-2.091218432694784,1766201957.8260777
-0.9735637307167053,2.7938168048858643,1.2371894971004433,-0.2791602909564972,-0.8139599561691284,-2.10151237735047,1766201957.826118
-0.9735637307167053,2.7938168048858643,1.2371894971004433,-0.2787005305290222,-0.8142368793487549,-2.107705244441977,1766201957.8360593
-0.9735637307167053,2.7938168048858643,1.2371894971004433,-0.2786667048931122,-0.8145564198493958,-2.112416841609925,1766201957.8461397
-0.9735637307167053,2.7938168048858643,1.2371894971004433,-0.2796468138694763,-0.8146868348121643,-2.116318283201806,1766201957.856109
-0.9735637307167053,2.7938168048858643,1.2371894971004433,-0.27922576665878296,-0.8148760795593262,-2.1218489599506536,1766201957.8661191
-0.9735637307167053,2.7938168048858643,1.2371894971004433,-0.2780362367630005,-0.8154641389846802,-2.128768626212641,1766201957.8661575
-0.9735637307167053,2.7938168048858643,1.2371894971004433,-0.2772305905818939,-0.8157027959823608,-2.1392177184463357,1766201957.8761127
-0.9735637307167053,2.7938168048858643,1.2371894971004433,-0.2779999375343323,-0.8156131505966187,-2.143742882339725,1766201957.886064
-0.9735637307167053,2.7938168048858643,1.2371894971004433,-0.2757667601108551,-0.8160333633422852,-2.155562133038634,1766201957.896175
-0.9735637307167053,2.7938168048858643,1.2371894971004433,-0.27533161640167236,-0.8161442279815674,-2.1624290149973198,1766201957.9061337
-0.9735637307167053,2.7938168048858643,1.2371894971004433,-0.27648037672042847,-0.8163173198699951,-2.1654425175279157,1766201957.9161952
-0.9735637307167053,2.7938168048858643,1.2371894971004433,-0.27560144662857056,-0.8168424367904663,-2.1721890813041984,1766201957.9162495
-0.9735637307167053,2.7938168048858643,1.2371894971004433,-0.27487969398498535,-0.8172041177749634,-2.181518488900565,1766201957.9261045
-0.9735637307167053,2.7938168048858643,1.2371894971004433,-0.2741717994213104,-0.8172141313552856,-2.1887537378154334,1766201957.9361763
-0.9735637307167053,2.7938168048858643,1.2371894971004433,-0.27247485518455505,-0.8172252178192139,-2.2014755874735483,1766201957.9461477
-0.9735637307167053,2.7938168048858643,1.2371894971004433,-0.2722109258174896,-0.817679226398468,-2.210863580010674,1766201957.9561148
-0.9735637307167053,2.7938168048858643,1.2371894971004433,-0.27089953422546387,-0.8179771900177002,-2.217504046797859,1766201957.9662006
-0.9735637307167053,2.7938168048858643,1.2371894971004433,-0.2701379358768463,-0.8182506561279297,-2.2272587424903385,1766201957.9761465
-0.9735637307167053,2.7938168048858643,1.2371894971004433,-0.26981595158576965,-0.8183596730232239,-2.23452708098935,1766201957.976198
-0.9735637307167053,2.7938168048858643,1.2371894971004433,-0.26895391941070557,-0.818589448928833,-2.2429580457934866,1766201957.9861155
-0.9735637307167053,2.7938168048858643,1.2371894971004433,-0.2679912745952606,-0.8186566829681396,-2.2513633587738417,1766201957.9961786
-0.9735637307167053,2.7938168048858643,1.2371894971004433,-0.2675636410713196,-0.818560779094696,-2.259884433937014,1766201958.00619
-0.9735637307167053,2.7938168048858643,1.2371894971004433,-0.2673838436603546,-0.8185490965843201,-2.2674648462452867,1766201958.0161405
-0.9735637307167053,2.7938168048858643,1.2371894971004433,-0.2657149136066437,-0.818777859210968,-2.2752712846164544,1766201958.0161893
-0.9735637307167053,2.7938168048858643,1.2371894971004433,-0.26518553495407104,-0.8188439011573792,-2.282971165916886,1766201958.0361438
-0.9735637307167053,2.7938168048858643,1.2371894971004433,-0.2643898129463196,-0.8186430335044861,-2.290237281215143,1766201958.0361943
-0.9735637307167053,2.7938168048858643,1.2371894971004433,-0.26299721002578735,-0.8189611434936523,-2.2970752957981952,1766201958.0461166
-0.9735637307167053,2.7938168048858643,1.2371894971004433,-0.2627008557319641,-0.818744421005249,-2.3028770647984316,1766201958.0561423
-0.9735637307167053,2.7938168048858643,1.2371894971004433,-0.261672705411911,-0.8189013004302979,-2.3109215006286132,1766201958.066162
-0.9735637307167053,2.7938168048858643,1.2371894971004433,-0.26106980443000793,-0.81889408826828,-2.3151308410698026,1766201958.0662158
-0.9735637307167053,2.7938168048858643,1.2371894971004433,-0.2608122229576111,-0.8187618255615234,-2.321147453454128,1766201958.0761576
-0.9735637307167053,2.7938168048858643,1.2371894971004433,-0.2600105404853821,-0.8189747929573059,-2.326222640437139,1766201958.0861511
-0.9735637307167053,2.7938168048858643,1.2371894971004433,-0.2595445215702057,-0.8191157579421997,-2.3302081251362314,1766201958.0963194
-0.9735637307167053,2.7938168048858643,1.2371894971004433,-0.25887858867645264,-0.8189088702201843,-2.33501868571051,1766201958.1061716
-0.9735637307167053,2.7938168048858643,1.2371894971004433,-0.2586787939071655,-0.8190372586250305,-2.3365512772086077,1766201958.1161852
-0.9735637307167053,2.7938168048858643,1.2371894971004433,-0.2580486536026001,-0.818963885307312,-2.3396370484049682,1766201958.1162393
-0.9735637307167053,2.7938168048858643,1.2371894971004433,-0.25763916969299316,-0.8189942240715027,-2.343964404090912,1766201958.1361108
-0.9735637307167053,2.7938168048858643,1.2371894971004433,-0.25748834013938904,-0.818697452545166,-2.3471997992348195,1766201958.1361625
-0.9735637307167053,2.7938168048858643,1.2371894971004433,-0.25764384865760803,-0.819075882434845,-2.3492603936241503,1766201958.146163
-0.9735637307167053,2.7938168048858643,1.2371894971004433,-0.25745341181755066,-0.8187982439994812,-2.3512520578770633,1766201958.1561441
-0.9735637307167053,2.7938168048858643,1.2371894971004433,-0.257277250289917,-0.8189600706100464,-2.3521022380026615,1766201958.1661701
-0.9735637307167053,2.7938168048858643,1.2371894971004433,-0.2573215961456299,-0.8190492391586304,-2.3540912020036635,1766201958.1662226
-0.9735637307167053,2.7938168048858643,1.2371894971004433,-0.2575305998325348,-0.8192760944366455,-2.3544415449482057,1766201958.1761148
-0.9735637307167053,2.7938168048858643,1.2371894971004433,-0.2574082911014557,-0.8195306062698364,-2.3532346437770952,1766201958.1861463
-0.9735637307167053,2.7938168048858643,1.2371894971004433,-0.257667601108551,-0.8198917508125305,-2.3542347766982052,1766201958.1961787
-0.9735637307167053,2.7938168048858643,1.2371894971004433,-0.25789958238601685,-0.8201607465744019,-2.3540939950915245,1766201958.2061021
-0.9735637307167053,2.7938168048858643,1.2371894971004433,-0.2581601142883301,-0.8204823136329651,-2.3543274628331647,1766201958.216313
-0.9735637307167053,2.7938168048858643,1.2371894971004433,-0.25848597288131714,-0.8208518624305725,-2.3541447581658796,1766201958.216366
-0.9735637307167053,2.7938168048858643,1.2371894971004433,-0.25889337062835693,-0.8212038278579712,-2.3544114193618455,1766201958.2261589
-0.9735637307167053,2.7938168048858643,1.2371894971004433,-0.2593909502029419,-0.8214604258537292,-2.3554286218491556,1766201958.2361116
-0.9735637307167053,2.7938168048858643,1.2371894971004433,-0.25965794920921326,-0.8220821619033813,-2.3551145792441126,1766201958.2461357
-0.9735637307167053,2.7938168048858643,1.2371894971004433,-0.2600996196269989,-0.8224164247512817,-2.356538338548712,1766201958.2561455
-0.9735637307167053,2.7938168048858643,1.2371894971004433,-0.26095685362815857,-0.8228195309638977,-2.3557370572687075,1766201958.2661488
-0.9735637307167053,2.7938168048858643,1.2371894971004433,-0.26110830903053284,-0.8233829736709595,-2.3549025670524473,1766201958.2661996
-0.9735637307167053,2.7938168048858643,1.2371894971004433,-0.2616789937019348,-0.8241099119186401,-2.35534838139733,1766201958.276079
-0.9735637307167053,2.7938168048858643,1.2371894971004433,-0.2623986601829529,-0.8249068856239319,-2.355741767790877,1766201958.286127
-0.9735637307167053,2.7938168048858643,1.2371894971004433,-0.26301538944244385,-0.825712263584137,-2.3564250200124603,1766201958.2961454
-0.9735637307167053,2.7938168048858643,1.2371894971004433,-0.26391300559043884,-0.826532244682312,-2.3554827799770446,1766201958.3061695
-0.9735637307167053,2.7938168048858643,1.2371894971004433,-0.2648477554321289,-0.8273116946220398,-2.354987787147914,1766201958.3161902
-0.9735637307167053,2.7938168048858643,1.2371894971004433,-0.26568901538848877,-0.8281499147415161,-2.354780964586298,1766201958.3162446
-0.9735637307167053,2.7938168048858643,1.2371894971004433,-0.26625683903694153,-0.8292042016983032,-2.35615155806934,1766201958.326333
-0.9735637307167053,2.7938168048858643,1.2371894971004433,-0.26725733280181885,-0.8299458026885986,-2.3576054675434417,1766201958.3361242
-0.9735637307167053,2.7938168048858643,1.2371894971004433,-0.26805320382118225,-0.8308401703834534,-2.35846839908907,1766201958.346199
-0.9735637307167053,2.7938168048858643,1.2371894971004433,-0.2690834403038025,-0.8320543169975281,-2.3579412805172826,1766201958.3561468
-0.9735637307167053,2.7938168048858643,1.2371894971004433,-0.2701161503791809,-0.8331735730171204,-2.359041049758614,1766201958.3661225
-0.9735637307167053,2.7938168048858643,1.2371894971004433,-0.27109161019325256,-0.8344000577926636,-2.3599200981357114,1766201958.376144
-0.9735637307167053,2.7938168048858643,1.2371894971004433,-0.27195242047309875,-0.8354923725128174,-2.3606205887377407,1766201958.376195
-0.9735637307167053,2.7938168048858643,1.2371894971004433,-0.2730623483657837,-0.8368234038352966,-2.3622524803880944,1766201958.3863375
-0.9735637307167053,2.7938168048858643,1.2371894971004433,-0.2739165723323822,-0.8380903005599976,-2.364535632046557,1766201958.396134
-0.9735637307167053,2.7938168048858643,1.2371894971004433,-0.275385320186615,-0.8393740653991699,-2.3649845606018256,1766201958.4061577
-0.9735637307167053,2.7938168048858643,1.2371894971004433,-0.27629590034484863,-0.8412619233131409,-2.363473054325731,1766201958.4161773
-0.9735637307167053,2.7938168048858643,1.2371894971004433,-0.2774467170238495,-0.8424468636512756,-2.3671669972516476,1766201958.4162304
-0.9735637307167053,2.7938168048858643,1.2371894971004433,-0.2786071002483368,-0.8441025614738464,-2.369269486851189,1766201958.4261374
-0.9735637307167053,2.7938168048858643,1.2371894971004433,-0.279832124710083,-0.8454950451850891,-2.3688248364084155,1766201958.4461432
-0.9735637307167053,2.7938168048858643,1.2371894971004433,-0.28142300248146057,-0.8471499681472778,-2.37158360306423,1766201958.4461956
-0.9735637307167053,2.7938168048858643,1.2371894971004433,-0.28250157833099365,-0.8489428162574768,-2.3726634301171705,1766201958.4561317
-0.9735637307167053,2.7938168048858643,1.2371894971004433,-0.2840474247932434,-0.8506185412406921,-2.374273279904904,1766201958.4661987
-0.9735637307167053,2.7938168048858643,1.2371894971004433,-0.28594350814819336,-0.8521304726600647,-2.375439897748631,1766201958.4662535
-0.9735637307167053,2.7938168048858643,1.2371894971004433,-0.2875848412513733,-0.8541833758354187,-2.3778243928585665,1766201958.4761462
-0.9735637307167053,2.7938168048858643,1.2371894971004433,-0.28886181116104126,-0.8558719158172607,-2.3786457321546894,1766201958.486145
-0.9735637307167053,2.7938168048858643,1.2371894971004433,-0.290250301361084,-0.8576366305351257,-2.380404550282102,1766201958.4961734
-0.9735637307167053,2.7938168048858643,1.2371894971004433,-0.2923486828804016,-0.8597227334976196,-2.3802396296967556,1766201958.506196
-0.9735637307167053,2.7938168048858643,1.2371894971004433,-0.2941405773162842,-0.861646294593811,-2.3821465278572007,1766201958.5161474
-0.9735637307167053,2.7938168048858643,1.2371894971004433,-0.29612523317337036,-0.8635681867599487,-2.383045096737021,1766201958.5261145
-0.9735637307167053,2.7938168048858643,1.2371894971004433,-0.2977939248085022,-0.8655881881713867,-2.3842592620448935,1766201958.526159
-0.9735637307167053,2.7938168048858643,1.2371894971004433,-0.29961785674095154,-0.8679338097572327,-2.3856647537906275,1766201958.5362248
-0.9735637307167053,2.7938168048858643,1.2371894971004433,-0.30169230699539185,-0.8700548410415649,-2.3868463553290535,1766201958.5461588
-0.9735637307167053,2.7938168048858643,1.2371894971004433,-0.3037165403366089,-0.8723345398902893,-2.3886535463332375,1766201958.556144
-0.9735637307167053,2.7938168048858643,1.2371894971004433,-0.30566343665122986,-0.8747367858886719,-2.388922758743402,1766201958.5661657
-0.9735637307167053,2.7938168048858643,1.2371894971004433,-0.30802905559539795,-0.876873791217804,-2.3906850760088445,1766201958.566219
-0.9735637307167053,2.7938168048858643,1.2371894971004433,-0.31038475036621094,-0.8791224956512451,-2.3922991888975695,1766201958.5763261
-0.9735637307167053,2.7938168048858643,1.2371894971004433,-0.3122573494911194,-0.8816027641296387,-2.3930417411450065,1766201958.5860887
-0.9735637307167053,2.7938168048858643,1.2371894971004433,-0.314616322517395,-0.8840681910514832,-2.3926749526552995,1766201958.5961478
-0.9735637307167053,2.7938168048858643,1.2371894971004433,-0.31702160835266113,-0.8860546350479126,-2.394739254567636,1766201958.6061559
-0.9735637307167053,2.7938168048858643,1.2371894971004433,-0.319535493850708,-0.8885989189147949,-2.395066591924588,1766201958.616143
-0.9735637307167053,2.7938168048858643,1.2371894971004433,-0.32219457626342773,-0.8911397457122803,-2.3961825003662436,1766201958.616194
-0.9735637307167053,2.7938168048858643,1.2371894971004433,-0.32429566979408264,-0.8937720656394958,-2.396650605701499,1766201958.626122
-0.9735637307167053,2.7938168048858643,1.2371894971004433,-0.3267265558242798,-0.8965243697166443,-2.3974785806292283,1766201958.6361923
-0.9735637307167053,2.7938168048858643,1.2371894971004433,-0.32963818311691284,-0.8988417983055115,-2.3973498729851883,1766201958.6461375
-0.9735637307167053,2.7938168048858643,1.2371894971004433,-0.3322185277938843,-0.9016863703727722,-2.3976638359343876,1766201958.6561565
-0.9735637307167053,2.7938168048858643,1.2371894971004433,-0.334880530834198,-0.9043014049530029,-2.3980007863371826,1766201958.6661592
-0.9735637307167053,2.7938168048858643,1.2371894971004433,-0.3379015326499939,-0.906886100769043,-2.3995777859836354,1766201958.6662138
-0.9735637307167053,2.7938168048858643,1.2371894971004433,-0.3405766785144806,-0.9097554683685303,-2.3996462129593223,1766201958.6761231
-0.9735637307167053,2.7938168048858643,1.2371894971004433,-0.3438012897968292,-0.9125320911407471,-2.3999011884802943,1766201958.6861312
-0.9735637307167053,2.7938168048858643,1.2371894971004433,-0.34697142243385315,-0.9151843190193176,-2.4001919754178043,1766201958.6961782
-0.9735637307167053,2.7938168048858643,1.2371894971004433,-0.34976235032081604,-0.9179270267486572,-2.40123804783613,1766201958.7061255
-0.9735637307167053,2.7938168048858643,1.2371894971004433,-0.35219717025756836,-0.9211247563362122,-2.4004881144211345,1766201958.7161765
-0.9735637307167053,2.7938168048858643,1.2371894971004433,-0.355238139629364,-0.9241520762443542,-2.4008168447295146,1766201958.71623
-0.9735637307167053,2.7938168048858643,1.2371894971004433,-0.3589111566543579,-0.9265641570091248,-2.402250470300125,1766201958.7261553
-0.9735637307167053,2.7938168048858643,1.2371894971004433,-0.36160606145858765,-0.9300716519355774,-2.4003991878525595,1766201958.7361062
-0.9735637307167053,2.7938168048858643,1.2371894971004433,-0.3650110960006714,-0.9332437515258789,-2.399468473532394,1766201958.746186
-0.9735637307167053,2.7938168048858643,1.2371894971004433,-0.36765256524086,-0.9362848401069641,-2.40079625049741,1766201958.7561746
-0.9735637307167053,2.7938168048858643,1.2371894971004433,-0.3708327114582062,-0.9395272135734558,-2.4008944912174686,1766201958.766148
-0.9735637307167053,2.7938168048858643,1.2371894971004433,-0.3746151924133301,-0.9425883889198303,-2.400615833117654,1766201958.7662032
-0.9735637307167053,2.7938168048858643,1.2371894971004433,-0.3778136670589447,-0.9457871317863464,-2.400482642901188,1766201958.7761092
-0.9735637307167053,2.7938168048858643,1.2371894971004433,-0.3809249997138977,-0.9493502378463745,-2.401581644828889,1766201958.7861896
-0.9735637307167053,2.7938168048858643,1.2371894971004433,-0.38471493124961853,-0.9523558020591736,-2.4014807397650277,1766201958.7961442
-0.9735637307167053,2.7938168048858643,1.2371894971004433,-0.38828593492507935,-0.955880343914032,-2.4003714551886777,1766201958.8061886
-0.9735637307167053,2.7938168048858643,1.2371894971004433,-0.3922213017940521,-0.9587945938110352,-2.4017816693983356,1766201958.8161771
-0.9735637307167053,2.7938168048858643,1.2371894971004433,-0.395529180765152,-0.9627178907394409,-2.4009188042647867,1766201958.816229
-0.9735637307167053,2.7938168048858643,1.2371894971004433,-0.39946943521499634,-0.9654709100723267,-2.400889966386431,1766201958.826182
-0.9735637307167053,2.7938168048858643,1.2371894971004433,-0.40290650725364685,-0.9694086313247681,-2.4001035347267776,1766201958.836178
-0.9735637307167053,2.7938168048858643,1.2371894971004433,-0.4066009819507599,-0.9730746150016785,-2.4011479849995854,1766201958.856184
-0.9735637307167053,2.7938168048858643,1.2371894971004433,-0.41102755069732666,-0.976299524307251,-2.401170183136454,1766201958.856237
-0.9735637307167053,2.7938168048858643,1.2371894971004433,-0.4141395092010498,-0.9799199104309082,-2.400162685196117,1766201958.866107
-0.9735637307167053,2.7938168048858643,1.2371894971004433,-0.4181894361972809,-0.9834177494049072,-2.4012597630879515,1766201958.8761377
-0.9735637307167053,2.7938168048858643,1.2371894971004433,-0.4215725064277649,-0.9872508645057678,-2.400565361485169,1766201958.8761883
-0.9735637307167053,2.7938168048858643,1.2371894971004433,-0.42592814564704895,-0.9910243153572083,-2.4000021589877756,1766201958.8863783
-0.9735637307167053,2.7938168048858643,1.2371894971004433,-0.4297179579734802,-0.9942321181297302,-2.4011216093305685,1766201958.896139
-0.9735637307167053,2.7938168048858643,1.2371894971004433,-0.43311238288879395,-0.9987391233444214,-2.4001089488806957,1766201958.906193
-0.9735637307167053,2.7938168048858643,1.2371894971004433,-0.4376065135002136,-1.0018539428710938,-2.4012298922733026,1766201958.9161785
-0.9735637307167053,2.7938168048858643,1.2371894971004433,-0.44155189394950867,-1.0062812566757202,-2.4008025998363514,1766201958.9162312
-0.9735637307167053,2.7938168048858643,1.2371894971004433,-0.44526785612106323,-1.010193943977356,-2.400482858125207,1766201958.9261527
-0.9735637307167053,2.7938168048858643,1.2371894971004433,-0.4493279755115509,-1.0138890743255615,-2.4023542711233814,1766201958.9363184
-0.9735637307167053,2.7938168048858643,1.2371894971004433,-0.4532254934310913,-1.018096923828125,-2.4007161838127424,1766201958.9462037
-0.9735637307167053,2.7938168048858643,1.2371894971004433,-0.45752209424972534,-1.0219160318374634,-2.402080134433246,1766201958.9561334
-0.9735637307167053,2.7938168048858643,1.2371894971004433,-0.46118566393852234,-1.0262970924377441,-2.4004496448097123,1766201958.9662023
-0.9735637307167053,2.7938168048858643,1.2371894971004433,-0.46555423736572266,-1.0303586721420288,-2.399399752040714,1766201958.9662545
-0.9735637307167053,2.7938168048858643,1.2371894971004433,-0.46988368034362793,-1.0341790914535522,-2.3989564310822935,1766201958.9761357
-0.9735637307167053,2.7938168048858643,1.2371894971004433,-0.4739219844341278,-1.0385452508926392,-2.3993080527729553,1766201958.986138
-0.9735637307167053,2.7938168048858643,1.2371894971004433,-0.4783865213394165,-1.0427052974700928,-2.397819079061589,1766201958.9961717
-0.9735637307167053,2.7938168048858643,1.2371894971004433,-0.48221564292907715,-1.0470854043960571,-2.396062508264018,1766201959.006166
-0.9735637307167053,2.7938168048858643,1.2371894971004433,-0.4869149923324585,-1.0512596368789673,-2.3968200715310695,1766201959.0161455
-0.9735637307167053,2.7938168048858643,1.2371894971004433,-0.4918288588523865,-1.0553088188171387,-2.394964544736908,1766201959.0161955
-0.9735637307167053,2.7938168048858643,1.2371894971004433,-0.49694913625717163,-1.0596791505813599,-2.3942763928015562,1766201959.0261078
-0.9735637307167053,2.7938168048858643,1.2371894971004433,-0.5010573863983154,-1.0638400316238403,-2.3920324330300904,1766201959.0363262
-0.9735637307167053,2.7938168048858643,1.2371894971004433,-0.5051203370094299,-1.0681657791137695,-2.387771353899664,1766201959.0461347
-0.9735637307167053,2.7938168048858643,1.2371894971004433,-0.5106285810470581,-1.0722239017486572,-2.3864040249477707,1766201959.0561688
-0.9735637307167053,2.7938168048858643,1.2371894971004433,-0.5146591067314148,-1.0769052505493164,-2.38255361871913,1766201959.06616
-0.9735637307167053,2.7938168048858643,1.2371894971004433,-0.519519031047821,-1.0813851356506348,-2.3797551797497185,1766201959.0662124
-0.9735637307167053,2.7938168048858643,1.2371894971004433,-0.5251656174659729,-1.0855053663253784,-2.3792714538971325,1766201959.0761487
-0.9735637307167053,2.7938168048858643,1.2371894971004433,-0.5294079184532166,-1.0899043083190918,-2.374372060891408,1766201959.0861628
-0.9735637307167053,2.7938168048858643,1.2371894971004433,-0.5340970158576965,-1.0948281288146973,-2.367408552858121,1766201959.0961776
-0.9735637307167053,2.7938168048858643,1.2371894971004433,-0.5389300584793091,-1.0993030071258545,-2.365548436245827,1766201959.1061547
-0.9735637307167053,2.7938168048858643,1.2371894971004433,-0.5439860224723816,-1.1039245128631592,-2.3617974001378896,1766201959.116111
-0.9735637307167053,2.7938168048858643,1.2371894971004433,-0.5492631196975708,-1.1084411144256592,-2.356368738946797,1766201959.1161544
-0.9735637307167053,2.7938168048858643,1.2371894971004433,-0.5537415146827698,-1.1130919456481934,-2.351542278959745,1766201959.126127
-0.9735637307167053,2.7938168048858643,1.2371894971004433,-0.5591152310371399,-1.117652177810669,-2.344305388776349,1766201959.1361578
-0.9735637307167053,2.7938168048858643,1.2371894971004433,-0.5641891360282898,-1.12234365940094,-2.340338677209935,1766201959.1461236
-0.9735637307167053,2.7938168048858643,1.2371894971004433,-0.57060307264328,-1.1262106895446777,-2.3322053997106433,1766201959.156148
-0.9735637307167053,2.7938168048858643,1.2371894971004433,-0.5739842653274536,-1.1316001415252686,-2.3276349042529603,1766201959.166168
-0.9735637307167053,2.7938168048858643,1.2371894971004433,-0.5791367888450623,-1.136470079421997,-2.3218568136848017,1766201959.1662207
-0.9735637307167053,2.7938168048858643,1.2371894971004433,-0.5841488242149353,-1.1408621072769165,-2.3147069081312805,1766201959.1760905
-0.9735637307167053,2.7938168048858643,1.2371894971004433,-0.590411901473999,-1.1452184915542603,-2.3062702243348285,1766201959.1861937
-0.9735637307167053,2.7938168048858643,1.2371894971004433,-0.5953626036643982,-1.1500519514083862,-2.2984121613525748,1766201959.1961482
-0.9735637307167053,2.7938168048858643,1.2371894971004433,-0.5998147130012512,-1.1549092531204224,-2.293574533236393,1766201959.206159
-0.9735637307167053,2.7938168048858643,1.2371894971004433,-0.6038069725036621,-1.1597638130187988,-2.2826690134141367,1766201959.216176
-0.9735637307167053,2.7938168048858643,1.2371894971004433,-0.6088169813156128,-1.1643668413162231,-2.2734725561226132,1766201959.226155
-0.9735637307167053,2.7938168048858643,1.2371894971004433,-0.6140132546424866,-1.168796181678772,-2.2670289514420348,1766201959.2262046
-0.9735637307167053,2.7938168048858643,1.2371894971004433,-0.6185838580131531,-1.1735402345657349,-2.2585645740250713,1766201959.2361195
-0.9735637307167053,2.7938168048858643,1.2371894971004433,-0.6226761937141418,-1.1783215999603271,-2.2467277865523765,1766201959.245988
-0.9735637307167053,2.7938168048858643,1.2371894971004433,-0.62771075963974,-1.183006763458252,-2.238745939775834,1766201959.2661166
-0.9735637307167053,2.7938168048858643,1.2371894971004433,-0.6368928551673889,-1.1919275522232056,-2.2210857456502286,1766201959.2661753
-0.9735637307167053,2.7938168048858643,1.2371894971004433,-0.6411126852035522,-1.196462631225586,-2.212567887957545,1766201959.2761307
-0.9735637307167053,2.7938168048858643,1.2371894971004433,-0.6455415487289429,-1.2008185386657715,-2.2034915522128573,1766201959.286154
-0.9735637307167053,2.7938168048858643,1.2371894971004433,-0.6497430801391602,-1.205162763595581,-2.1936246417657426,1766201959.2961264
-0.9735637307167053,2.7938168048858643,1.2371894971004433,-0.6538835763931274,-1.2095881700515747,-2.1852212314972097,1766201959.3061666
-0.9735637307167053,2.7938168048858643,1.2371894971004433,-0.6574954986572266,-1.2140260934829712,-2.17588782136442,1766201959.3161726
-0.9735637307167053,2.7938168048858643,1.2371894971004433,-0.6612626314163208,-1.218585729598999,-2.165125226047463,1766201959.3162248
-0.9735637307167053,2.7938168048858643,1.2371894971004433,-0.6652272939682007,-1.222656011581421,-2.1573472678627272,1766201959.3261364
-0.9735637307167053,2.7938168048858643,1.2371894971004433,-0.6691352128982544,-1.2268414497375488,-2.149048682842428,1766201959.3361683
-0.9735637307167053,2.7938168048858643,1.2371894971004433,-0.6725321412086487,-1.2311877012252808,-2.1383727414985847,1766201959.3561695
-0.9735637307167053,2.7938168048858643,1.2371894971004433,-0.6755934953689575,-1.2354391813278198,-2.1257003478936545,1766201959.3562214
-0.9735637307167053,2.7938168048858643,1.2371894971004433,-0.6805071234703064,-1.2390105724334717,-2.1242664476133686,1766201959.366136
-0.9735637307167053,2.7938168048858643,1.2371894971004433,-0.6833466291427612,-1.2435916662216187,-2.1105420153186483,1766201959.376138
-0.9735637307167053,2.7938168048858643,1.2371894971004433,-0.6882403492927551,-1.2471143007278442,-2.1045564936116543,1766201959.3761878
-0.9735637307167053,2.7938168048858643,1.2371894971004433,-0.6906349062919617,-1.2513697147369385,-2.092708374497801,1766201959.3861485
-0.9735637307167053,2.7938168048858643,1.2371894971004433,-0.6942085027694702,-1.2552293539047241,-2.0847585159963264,1766201959.3961074
-0.9735637307167053,2.7938168048858643,1.2371894971004433,-0.6969618201255798,-1.2593247890472412,-2.0730514158284765,1766201959.406146
-0.9735637307167053,2.7938168048858643,1.2371894971004433,-0.7001800537109375,-1.2633206844329834,-2.0651342114574107,1766201959.4161692
-0.9735637307167053,2.7938168048858643,1.2371894971004433,-0.7033419013023376,-1.267066240310669,-2.058150457014778,1766201959.4162207
-0.9735637307167053,2.7938168048858643,1.2371894971004433,-0.7055515050888062,-1.2713954448699951,-2.045292551086265,1766201959.4260795
-0.9735637307167053,2.7938168048858643,1.2371894971004433,-0.7085292935371399,-1.2748913764953613,-2.037682521615966,1766201959.4363105
-0.9735637307167053,2.7938168048858643,1.2371894971004433,-0.7121415138244629,-1.2786773443222046,-2.028541885112737,1766201959.446142
-0.9735637307167053,2.7938168048858643,1.2371894971004433,-0.7150564789772034,-1.2819541692733765,-2.0157496749631445,1766201959.4561355
-0.9735637307167053,2.7938168048858643,1.2371894971004433,-0.7175013422966003,-1.2862014770507812,-2.00825559859593,1766201959.4661877
-0.9735637307167053,2.7938168048858643,1.2371894971004433,-0.7199833393096924,-1.290542483329773,-2.000363403510402,1766201959.4662397
-0.9735637307167053,2.7938168048858643,1.2371894971004433,-0.7221258878707886,-1.2934463024139404,-1.9893180545068978,1766201959.4761317
-0.9735637307167053,2.7938168048858643,1.2371894971004433,-0.7239829301834106,-1.297271490097046,-1.9822240002480414,1766201959.486137
-0.9735637307167053,2.7938168048858643,1.2371894971004433,-0.7267398834228516,-1.3011302947998047,-1.9719986053071743,1766201959.4961734
-0.9735637307167053,2.7938168048858643,1.2371894971004433,-0.7290669083595276,-1.3048492670059204,-1.963816566138983,1766201959.506164
-0.9735637307167053,2.7938168048858643,1.2371894971004433,-0.7312241196632385,-1.3080964088439941,-1.95446350745448,1766201959.516138
-0.9735637307167053,2.7938168048858643,1.2371894971004433,-0.7339755296707153,-1.3118962049484253,-1.94623329316068,1766201959.5161896
-0.9735637307167053,2.7938168048858643,1.2371894971004433,-0.7353870868682861,-1.3152556419372559,-1.936824861507574,1766201959.526123
-0.9735637307167053,2.7938168048858643,1.2371894971004433,-0.738073468208313,-1.3189080953598022,-1.9298856051062427,1766201959.5361693
-0.9735637307167053,2.7938168048858643,1.2371894971004433,-0.7402393817901611,-1.3222299814224243,-1.9213198529731823,1766201959.5461814
-0.9735637307167053,2.7938168048858643,1.2371894971004433,-0.7419897317886353,-1.3258142471313477,-1.9148867554354487,1766201959.5561736
-0.9735637307167053,2.7938168048858643,1.2371894971004433,-0.7435523867607117,-1.3291571140289307,-1.90725507132692,1766201959.5661876
-0.9735637307167053,2.7938168048858643,1.2371894971004433,-0.7448661923408508,-1.332764744758606,-1.902035443378636,1766201959.5662386
-0.9735637307167053,2.7938168048858643,1.2371894971004433,-0.7464295625686646,-1.3363146781921387,-1.8961320624633686,1766201959.5761716
-0.9735637307167053,2.7938168048858643,1.2371894971004433,-0.7487132549285889,-1.3389687538146973,-1.8877206370919584,1766201959.5861003
-0.9735637307167053,2.7938168048858643,1.2371894971004433,-0.7503649592399597,-1.3424514532089233,-1.8822153259791012,1766201959.5961676
-0.9735637307167053,2.7938168048858643,1.2371894971004433,-0.7513628005981445,-1.3459103107452393,-1.8768618125426788,1766201959.6062007
-0.9735637307167053,2.7938168048858643,1.2371894971004433,-0.7530251741409302,-1.3489519357681274,-1.8714124369521343,1766201959.6161172
-0.9735637307167053,2.7938168048858643,1.2371894971004433,-0.754552960395813,-1.3521807193756104,-1.867222376818437,1766201959.6161852
-0.9735637307167053,2.7938168048858643,1.2371894971004433,-0.7557271718978882,-1.3555917739868164,-1.862932229528075,1766201959.626135
-0.9735637307167053,2.7938168048858643,1.2371894971004433,-0.7569342851638794,-1.3588128089904785,-1.8583804419406469,1766201959.636169
-0.9735637307167053,2.7938168048858643,1.2371894971004433,-0.7578507661819458,-1.3617545366287231,-1.8530434547626213,1766201959.6461425
-0.9735637307167053,2.7938168048858643,1.2371894971004433,-0.7591099143028259,-1.3650680780410767,-1.850830045982617,1766201959.656171
-0.9735637307167053,2.7938168048858643,1.2371894971004433,-0.7605244517326355,-1.3680732250213623,-1.8467637827730636,1766201959.666143
-0.9735637307167053,2.7938168048858643,1.2371894971004433,-0.7610267400741577,-1.3710507154464722,-1.843608282016735,1766201959.666193
-0.9735637307167053,2.7938168048858643,1.2371894971004433,-0.7622750997543335,-1.3738449811935425,-1.8407842305825428,1766201959.6761732
-0.9735637307167053,2.7938168048858643,1.2371894971004433,-0.7629992365837097,-1.3767874240875244,-1.8391640755915453,1766201959.6861484
-0.9735637307167053,2.7938168048858643,1.2371894971004433,-0.7639467120170593,-1.3795970678329468,-1.8354923360196913,1766201959.6961725
-0.9735637307167053,2.7938168048858643,1.2371894971004433,-0.7649781703948975,-1.382407307624817,-1.8330108332817496,1766201959.7061288
-0.9735637307167053,2.7938168048858643,1.2371894971004433,-0.7657943367958069,-1.3846466541290283,-1.8295219350807552,1766201959.716177
-0.9735637307167053,2.7938168048858643,1.2371894971004433,-0.7665092945098877,-1.3876690864562988,-1.829381433885218,1766201959.7162297
-0.9735637307167053,2.7938168048858643,1.2371894971004433,-0.767329216003418,-1.3901342153549194,-1.8276727437199216,1766201959.7261634
-0.9735637307167053,2.7938168048858643,1.2371894971004433,-0.767919659614563,-1.3924946784973145,-1.8245227960260613,1766201959.7361755
-0.9735637307167053,2.7938168048858643,1.2371894971004433,-0.7685605883598328,-1.3949673175811768,-1.8240329117627332,1766201959.7461045
-0.9735637307167053,2.7938168048858643,1.2371894971004433,-0.768972635269165,-1.3973822593688965,-1.8228227806971258,1766201959.756172
-0.9735637307167053,2.7938168048858643,1.2371894971004433,-0.7698282599449158,-1.3997719287872314,-1.8204533738582205,1766201959.7661605
-0.9735637307167053,2.7938168048858643,1.2371894971004433,-0.7706220746040344,-1.4019020795822144,-1.8178892951065722,1766201959.7761362
-0.9735637307167053,2.7938168048858643,1.2371894971004433,-0.7709832787513733,-1.404245376586914,-1.817498723635972,1766201959.7761836
-0.9735637307167053,2.7938168048858643,1.2371894971004433,-0.7714023590087891,-1.4062752723693848,-1.8145038663009974,1766201959.7861593
-0.9735637307167053,2.7938168048858643,1.2371894971004433,-0.77198725938797,-1.408428430557251,-1.8132580872110484,1766201959.7961738
-0.9735637307167053,2.7938168048858643,1.2371894971004433,-0.7730889916419983,-1.4102764129638672,-1.80864003887552,1766201959.8061433
-0.9735637307167053,2.7938168048858643,1.2371894971004433,-0.7733988165855408,-1.4124646186828613,-1.8069809792561347,1766201959.81618
-0.9735637307167053,2.7938168048858643,1.2371894971004433,-0.7736434936523438,-1.4143166542053223,-1.804397020400747,1766201959.8162317
-0.9735637307167053,2.7938168048858643,1.2371894971004433,-0.7749059796333313,-1.4160202741622925,-1.8001050181530769,1766201959.82615
-0.9735637307167053,2.7938168048858643,1.2371894971004433,-0.7753089666366577,-1.417970061302185,-1.7988859898959642,1766201959.8361335
-0.9735637307167053,2.7938168048858643,1.2371894971004433,-0.7756509780883789,-1.419646978378296,-1.7949181058405832,1766201959.8461304
-0.9735637307167053,2.7938168048858643,1.2371894971004433,-0.7765332460403442,-1.4213507175445557,-1.790790418397061,1766201959.856139
-0.9735637307167053,2.7938168048858643,1.2371894971004433,-0.7769451141357422,-1.4229934215545654,-1.7874710613272349,1766201959.8661237
-0.9735637307167053,2.7938168048858643,1.2371894971004433,-0.7780068516731262,-1.4245294332504272,-1.782821024137867,1766201959.87615
-0.9735637307167053,2.7938168048858643,1.2371894971004433,-0.7785931825637817,-1.4263272285461426,-1.778401903843625,1766201959.8761997
-0.9735637307167053,2.7938168048858643,1.2371894971004433,-0.7791843414306641,-1.427921175956726,-1.77413136763276,1766201959.8861256
-0.9735637307167053,2.7938168048858643,1.2371894971004433,-0.7799513936042786,-1.429465413093567,-1.76907755438089,1766201959.8961267
-0.9735637307167053,2.7938168048858643,1.2371894971004433,-0.7807251811027527,-1.4311259984970093,-1.7639451318694774,1766201959.9061587
-0.9735637307167053,2.7938168048858643,1.2371894971004433,-0.7812905311584473,-1.4326497316360474,-1.7584411717820052,1766201959.9161723
-0.9735637307167053,2.7938168048858643,1.2371894971004433,-0.7823169231414795,-1.4341208934783936,-1.7529848024469012,1766201959.9162252
-0.9735637307167053,2.7938168048858643,1.2371894971004433,-0.7826129198074341,-1.4359171390533447,-1.7467903830910527,1766201959.926138
-0.9735637307167053,2.7938168048858643,1.2371894971004433,-0.783371090888977,-1.4371901750564575,-1.7406149234472266,1766201959.9361746
-0.9735637307167053,2.7938168048858643,1.2371894971004433,-0.7841804623603821,-1.4386935234069824,-1.734749569175476,1766201959.9461534
-0.9735637307167053,2.7938168048858643,1.2371894971004433,-0.7848806381225586,-1.4402008056640625,-1.7274689230875624,1766201959.9561417
-0.9735637307167053,2.7938168048858643,1.2371894971004433,-0.7857212424278259,-1.44154691696167,-1.7208502139272848,1766201959.9661546
-0.9735637307167053,2.7938168048858643,1.2371894971004433,-0.7863984704017639,-1.4431577920913696,-1.714700474427344,1766201959.9662051
-0.9735637307167053,2.7938168048858643,1.2371894971004433,-0.7872104644775391,-1.4444451332092285,-1.7061794884851769,1766201959.9761178
-0.9735637307167053,2.7938168048858643,1.2371894971004433,-0.7880659103393555,-1.4458003044128418,-1.698975229125189,1766201959.9861553
-0.9735637307167053,2.7938168048858643,1.2371894971004433,-0.7886223196983337,-1.447242021560669,-1.6915466533975214,1766201959.9960675
-0.9735637307167053,2.7938168048858643,1.2371894971004433,-0.7898041009902954,-1.4484682083129883,-1.6832368089204552,1766201960.0061836
-0.9735637307167053,2.7938168048858643,1.2371894971004433,-0.7902459502220154,-1.4498356580734253,-1.6762612204860523,1766201960.016176
-0.9735637307167053,2.7938168048858643,1.2371894971004433,-0.7912028431892395,-1.451033115386963,-1.6670385917329564,1766201960.016229
-0.9735637307167053,2.7938168048858643,1.2371894971004433,-0.7917249202728271,-1.452485203742981,-1.6592352606984044,1766201960.0261045
-0.9735637307167053,2.7938168048858643,1.2371894971004433,-0.7924261689186096,-1.4536813497543335,-1.6511853313514357,1766201960.0363123
-0.9735637307167053,2.7938168048858643,1.2371894971004433,-0.793381929397583,-1.4549148082733154,-1.6422097453658895,1766201960.0461893
-0.9735637307167053,2.7938168048858643,1.2371894971004433,-0.794439971446991,-1.4559566974639893,-1.6330792977643136,1766201960.0561016
-0.9735637307167053,2.7938168048858643,1.2371894971004433,-0.794968843460083,-1.4573734998703003,-1.6254429434114979,1766201960.0661914
-0.9735637307167053,2.7938168048858643,1.2371894971004433,-0.7957788109779358,-1.4585037231445312,-1.6164281077120646,1766201960.0662448
-0.9735637307167053,2.7938168048858643,1.2371894971004433,-0.7966839075088501,-1.4596186876296997,-1.6074718544721105,1766201960.0761812
-0.9735637307167053,2.7938168048858643,1.2371894971004433,-0.7972034811973572,-1.4607559442520142,-1.5995506569829556,1766201960.0861442
-0.9735637307167053,2.7938168048858643,1.2371894971004433,-0.7982162833213806,-1.4616367816925049,-1.5901559760961759,1766201960.0961838
-0.9735637307167053,2.7938168048858643,1.2371894971004433,-0.7988987565040588,-1.4625250101089478,-1.5815439773843738,1766201960.1061828
-0.9735637307167053,2.7938168048858643,1.2371894971004433,-0.7996608018875122,-1.463500738143921,-1.5724254706259069,1766201960.116138
-0.9735637307167053,2.7938168048858643,1.2371894971004433,-0.8003026247024536,-1.4642647504806519,-1.564849594269678,1766201960.1161866
-0.9735637307167053,2.7938168048858643,1.2371894971004433,-0.8010004758834839,-1.465120792388916,-1.556186362319781,1766201960.1261601
-0.9735637307167053,2.7938168048858643,1.2371894971004433,-0.8014816045761108,-1.4657840728759766,-1.5485418910844329,1766201960.1361406
-0.9735637307167053,2.7938168048858643,1.2371894971004433,-0.8020387291908264,-1.4664465188980103,-1.540634981423342,1766201960.1461341
-0.9735637307167053,2.7938168048858643,1.2371894971004433,-0.8027883768081665,-1.4668300151824951,-1.531503420568618,1766201960.1561384
-0.9735637307167053,2.7938168048858643,1.2371894971004433,-0.803286612033844,-1.4674103260040283,-1.5242759634221466,1766201960.1661127
-0.9735637307167053,2.7938168048858643,1.2371894971004433,-0.8036892414093018,-1.4680300951004028,-1.5173347019551036,1766201960.1661558
-0.9735637307167053,2.7938168048858643,1.2371894971004433,-0.8044446706771851,-1.4683305025100708,-1.5103092449848148,1766201960.1860983
-0.9735637307167053,2.7938168048858643,1.2371894971004433,-0.8052980303764343,-1.4684712886810303,-1.5022085462959993,1766201960.1861386
-0.9735637307167053,2.7938168048858643,1.2371894971004433,-0.8058809041976929,-1.4688326120376587,-1.494893056085069,1766201960.1960714
-0.9735637307167053,2.7938168048858643,1.2371894971004433,-0.8064151406288147,-1.468955159187317,-1.487810941383285,1766201960.2060082
-0.9735637307167053,2.7938168048858643,1.2371894971004433,-0.8068604469299316,-1.4691135883331299,-1.4810972219644563,1766201960.2161076
-0.9735637307167053,2.7938168048858643,1.2371894971004433,-0.8073542714118958,-1.469190001487732,-1.4748218112355804,1766201960.2161324
-0.9735637307167053,2.7938168048858643,1.2371894971004433,-0.8079457879066467,-1.469181776046753,-1.4675683047107053,1766201960.2260978
-0.9735637307167053,2.7938168048858643,1.2371894971004433,-0.8083614110946655,-1.4692693948745728,-1.4616076418097974,1766201960.236126
-0.9735637307167053,2.7938168048858643,1.2371894971004433,-0.8089843988418579,-1.4692277908325195,-1.4549531843719636,1766201960.2461884
-0.9735637307167053,2.7938168048858643,1.2371894971004433,-0.8093798160552979,-1.469092845916748,-1.4486725099826012,1766201960.256165
-0.9735637307167053,2.7938168048858643,1.2371894971004433,-0.8100329637527466,-1.469007134437561,-1.4432960840096967,1766201960.2661476
-0.9735637307167053,2.7938168048858643,1.2371894971004433,-0.8107396364212036,-1.4692987203598022,-1.4401450379271452,1766201960.2661989
-0.9735637307167053,2.7938168048858643,1.2371894971004433,-0.8110194802284241,-1.4689511060714722,-1.4337011862692766,1766201960.2861946
-0.9735637307167053,2.7938168048858643,1.2371894971004433,-0.8111796379089355,-1.4690215587615967,-1.4292557447237237,1766201960.2862463
-0.9735637307167053,2.7938168048858643,1.2371894971004433,-0.8119372129440308,-1.4689762592315674,-1.4257209227921643,1766201960.296192
-0.9735637307167053,2.7938168048858643,1.2371894971004433,-0.8121212720870972,-1.4687161445617676,-1.4206346563941992,1766201960.3061275
-0.9735637307167053,2.7938168048858643,1.2371894971004433,-0.8126626014709473,-1.4686390161514282,-1.417098681961627,1766201960.3161824
-0.9735637307167053,2.7938168048858643,1.2371894971004433,-0.8129863142967224,-1.4685205221176147,-1.4134276686265677,1766201960.3162358
-0.9735637307167053,2.7938168048858643,1.2371894971004433,-0.8133757710456848,-1.4683518409729004,-1.4101127699981397,1766201960.326192
-0.9735637307167053,2.7938168048858643,1.2371894971004433,-0.8136057257652283,-1.4682055711746216,-1.4071238256483993,1766201960.336124
-0.9735637307167053,2.7938168048858643,1.2371894971004433,-0.8136757016181946,-1.468158483505249,-1.4050734580440714,1766201960.346188
-0.9735637307167053,2.7938168048858643,1.2371894971004433,-0.8140248656272888,-1.4681320190429688,-1.4031306126579448,1766201960.3561394
-0.9735637307167053,2.7938168048858643,1.2371894971004433,-0.8140899538993835,-1.4681005477905273,-1.4010907113824407,1766201960.3661332
-0.9735637307167053,2.7938168048858643,1.2371894971004433,-0.814129114151001,-1.4680324792861938,-1.399302694655357,1766201960.366182
-0.9735637307167053,2.7938168048858643,1.2371894971004433,-0.8142745494842529,-1.4680365324020386,-1.3981283184411701,1766201960.3761013
-0.9735637307167053,2.7938168048858643,1.2371894971004433,-0.8143254518508911,-1.4680145978927612,-1.3970963098351432,1766201960.3862062
-0.9735637307167053,2.7938168048858643,1.2371894971004433,-0.8143799304962158,-1.4680020809173584,-1.395849882433035,1766201960.3961282
-0.9735637307167053,2.7938168048858643,1.2371894971004433,-0.8144434690475464,-1.4680575132369995,-1.395357000378689,1766201960.406194
-0.9735637307167053,2.7938168048858643,1.2371894971004433,-0.8143324255943298,-1.4681382179260254,-1.3949234613880643,1766201960.4161744
-0.9735637307167053,2.7938168048858643,1.2371894971004433,-0.814386785030365,-1.4682236909866333,-1.3949539103199142,1766201960.416227
-0.9735637307167053,2.7938168048858643,1.2371894971004433,-0.8144243955612183,-1.4682046175003052,-1.3947005986783019,1766201960.4261446
-0.9735637307167053,2.7938168048858643,1.2371894971004433,-0.8144303560256958,-1.4683213233947754,-1.3948960090724043,1766201960.4361775
-0.9735637307167053,2.7938168048858643,1.2371894971004433,-0.8143834471702576,-1.4684337377548218,-1.3952484474860807,1766201960.4461367
-0.9735637307167053,2.7938168048858643,1.2371894971004433,-0.8143616318702698,-1.468571662902832,-1.3958479997628845,1766201960.4561453
-0.9735637307167053,2.7938168048858643,1.2371894971004433,-0.814179003238678,-1.4686752557754517,-1.3965608724785668,1766201960.4661982
-0.9735637307167053,2.7938168048858643,1.2371894971004433,-0.8142406940460205,-1.4689135551452637,-1.397526734362936,1766201960.466249
-0.9735637307167053,2.7938168048858643,1.2371894971004433,-0.8141623735427856,-1.4691290855407715,-1.3986643921857151,1766201960.4761713
-0.9735637307167053,2.7938168048858643,1.2371894971004433,-0.8140787482261658,-1.4692579507827759,-1.3995401324546417,1766201960.4861443
-0.9735637307167053,2.7938168048858643,1.2371894971004433,-0.8137484788894653,-1.4693552255630493,-1.4006527498587633,1766201960.4961824
-0.9735637307167053,2.7938168048858643,1.2371894971004433,-0.8137195706367493,-1.469538927078247,-1.4017056551075513,1766201960.5061586
-0.9735637307167053,2.7938168048858643,1.2371894971004433,-0.8135010004043579,-1.4697070121765137,-1.4029019228349922,1766201960.5161748
-0.9735637307167053,2.7938168048858643,1.2371894971004433,-0.8133912086486816,-1.469955325126648,-1.40406837334215,1766201960.526097
-0.9735637307167053,2.7938168048858643,1.2371894971004433,-0.8132779598236084,-1.470214605331421,-1.4054007680026783,1766201960.5261405
-0.9735637307167053,2.7938168048858643,1.2371894971004433,-0.8133529424667358,-1.4700219631195068,-1.4056887782930652,1766201960.536169
-0.9735637307167053,2.7938168048858643,1.2371894971004433,-0.8130336403846741,-1.4703389406204224,-1.4074865043288405,1766201960.5461953
-0.9735637307167053,2.7938168048858643,1.2371894971004433,-0.8129898309707642,-1.4704574346542358,-1.4082457192052211,1766201960.556106
-0.9735637307167053,2.7938168048858643,1.2371894971004433,-0.8128731846809387,-1.470639944076538,-1.4095796545356927,1766201960.5662003
-0.9735637307167053,2.7938168048858643,1.2371894971004433,-0.812675952911377,-1.4706065654754639,-1.410082860111271,1766201960.5662518
-0.9735637307167053,2.7938168048858643,1.2371894971004433,-0.8125588893890381,-1.4706006050109863,-1.4103302430090205,1766201960.576172
-0.9735637307167053,2.7938168048858643,1.2371894971004433,-0.8125,-1.4706900119781494,-1.4111403448331368,1766201960.5961792
-0.9735637307167053,2.7938168048858643,1.2371894971004433,-0.8125410676002502,-1.4709476232528687,-1.412866054230353,1766201960.5962322
-0.9735637307167053,2.7938168048858643,1.2371894971004433,-0.8126264214515686,-1.4710440635681152,-1.4131034965853044,1766201960.6061943
-0.9735637307167053,2.7938168048858643,1.2371894971004433,-0.8125317692756653,-1.470899224281311,-1.4121007497319855,1766201960.6161497
-0.9735637307167053,2.7938168048858643,1.2371894971004433,-0.8125953674316406,-1.471054196357727,-1.4133852475786617,1766201960.6161988
-0.9735637307167053,2.7938168048858643,1.2371894971004433,-0.8124297261238098,-1.471031904220581,-1.4134606505609306,1766201960.626128
-0.9735637307167053,2.7938168048858643,1.2371894971004433,-0.8126571178436279,-1.4710317850112915,-1.4131189362944703,1766201960.6361818
-0.9735637307167053,2.7938168048858643,1.2371894971004433,-0.8124717473983765,-1.4707454442977905,-1.4114519552161715,1766201960.6461504
-0.9735637307167053,2.7938168048858643,1.2371894971004433,-0.8125540018081665,-1.4706830978393555,-1.4111708555808136,1766201960.6561773
-0.9735637307167053,2.7938168048858643,1.2371894971004433,-0.8125553727149963,-1.4706385135650635,-1.4106463085091985,1766201960.666146
-0.9735637307167053,2.7938168048858643,1.2371894971004433,-0.8128100633621216,-1.4706904888153076,-1.4106246543596266,1766201960.6661963
-0.9735637307167053,2.7938168048858643,1.2371894971004433,-0.8128803372383118,-1.4705908298492432,-1.4102688688349212,1766201960.6760855
-0.9735637307167053,2.7938168048858643,1.2371894971004433,-0.8129953145980835,-1.4704906940460205,-1.40940122567285,1766201960.6861134
-0.9735637307167053,2.7938168048858643,1.2371894971004433,-0.813043475151062,-1.4703516960144043,-1.408727250122067,1766201960.6961403
-0.9735637307167053,2.7938168048858643,1.2371894971004433,-0.81316077709198,-1.4701995849609375,-1.4076197362805467,1766201960.7061343
-0.9735637307167053,2.7938168048858643,1.2371894971004433,-0.8131376504898071,-1.4700515270233154,-1.4071299240783077,1766201960.7161777
-0.9735637307167053,2.7938168048858643,1.2371894971004433,-0.8131729960441589,-1.4701087474822998,-1.4069466693963912,1766201960.7162302
-0.9735637307167053,2.7938168048858643,1.2371894971004433,-0.8132452368736267,-1.4700744152069092,-1.4064447635715636,1766201960.7261431
-0.9735637307167053,2.7938168048858643,1.2371894971004433,-0.8132977485656738,-1.469868540763855,-1.405476218881691,1766201960.7361448
-0.9735637307167053,2.7938168048858643,1.2371894971004433,-0.8133449554443359,-1.4697462320327759,-1.4047708258753226,1766201960.746192
-0.9735637307167053,2.7938168048858643,1.2371894971004433,-0.8134050369262695,-1.4695380926132202,-1.4038139082916772,1766201960.7561617
-0.9735637307167053,2.7938168048858643,1.2371894971004433,-0.8134779930114746,-1.4696400165557861,-1.4041213825022383,1766201960.7661812
-0.9735637307167053,2.7938168048858643,1.2371894971004433,-0.8136420249938965,-1.4694451093673706,-1.4031122166539103,1766201960.7662337
-0.9735637307167053,2.7938168048858643,1.2371894971004433,-0.8136079907417297,-1.4693790674209595,-1.4030524793787673,1766201960.7760823
-0.9735637307167053,2.7938168048858643,1.2371894971004433,-0.8137036561965942,-1.469317078590393,-1.4026406609655786,1766201960.7861922
-0.9735637307167053,2.7938168048858643,1.2371894971004433,-0.8137030601501465,-1.4693127870559692,-1.4026344012004697,1766201960.7961812
-0.9735637307167053,2.7938168048858643,1.2371894971004433,-0.8138175010681152,-1.469333291053772,-1.4024434519128697,1766201960.80613
-0.9735637307167053,2.7938168048858643,1.2371894971004433,-0.8138138055801392,-1.4693098068237305,-1.4023451346459428,1766201960.8161807
-0.9735637307167053,2.7938168048858643,1.2371894971004433,-0.8137462735176086,-1.469280481338501,-1.4022903887906757,1766201960.8162339
-0.9735637307167053,2.7938168048858643,1.2371894971004433,-0.8136929869651794,-1.4693547487258911,-1.4026863435519716,1766201960.8261733
-0.9735637307167053,2.7938168048858643,1.2371894971004433,-0.8137405514717102,-1.4694494009017944,-1.4029981907393632,1766201960.836138
-0.9735637307167053,2.7938168048858643,1.2371894971004433,-0.8137218356132507,-1.469552755355835,-1.4031639462438892,1766201960.8461974
-0.9735637307167053,2.7938168048858643,1.2371894971004433,-0.8136258125305176,-1.4693918228149414,-1.402691036679821,1766201960.8561785
-0.9735637307167053,2.7938168048858643,1.2371894971004433,-0.8136124014854431,-1.4695310592651367,-1.403043307910388,1766201960.8661296
-0.9735637307167053,2.7938168048858643,1.2371894971004433,-0.8134735226631165,-1.469733476638794,-1.403901672126041,1766201960.866179
-0.9735637307167053,2.7938168048858643,1.2371894971004433,-0.8134228587150574,-1.4698045253753662,-1.4041292045128908,1766201960.8761146
-0.9735637307167053,2.7938168048858643,1.2371894971004433,-0.8134571313858032,-1.4698618650436401,-1.404351023532027,1766201960.886196
-0.9735637307167053,2.7938168048858643,1.2371894971004433,-0.8133196234703064,-1.4700114727020264,-1.4050417022583257,1766201960.8961186
-0.9735637307167053,2.7938168048858643,1.2371894971004433,-0.8133270740509033,-1.4701498746871948,-1.405313795740198,1766201960.9061506
-0.9735637307167053,2.7938168048858643,1.2371894971004433,-0.8132893443107605,-1.470228910446167,-1.4056839249342232,1766201960.916183
-0.9735637307167053,2.7938168048858643,1.2371894971004433,-0.8132234215736389,-1.470283031463623,-1.4060225368157564,1766201960.9162362
-0.9735637307167053,2.7938168048858643,1.2371894971004433,-0.8131876587867737,-1.4702504873275757,-1.4060230099083024,1766201960.92612
-0.9735637307167053,2.7938168048858643,1.2371894971004433,-0.8131951093673706,-1.470434546470642,-1.4065146551697394,1766201960.9361467
-0.9735637307167053,2.7938168048858643,1.2371894971004433,-0.8131958842277527,-1.4702202081680298,-1.405756184773379,1766201960.9461477
-0.9735637307167053,2.7938168048858643,1.2371894971004433,-0.8129769563674927,-1.4703905582427979,-1.4063741125495208,1766201960.9561176
-0.9735637307167053,2.7938168048858643,1.2371894971004433,-0.8130534291267395,-1.4704573154449463,-1.40654560063637,1766201960.966183
-0.9735637307167053,2.7938168048858643,1.2371894971004433,-0.8128820061683655,-1.470532774925232,-1.4069278241037197,1766201960.966233
-0.9735637307167053,2.7938168048858643,1.2371894971004433,-0.812923014163971,-1.4705990552902222,-1.407264184145494,1766201960.9761348
-0.9735637307167053,2.7938168048858643,1.2371894971004433,-0.8129385709762573,-1.470637559890747,-1.407194580563537,1766201960.9861636
-0.9735637307167053,2.7938168048858643,1.2371894971004433,-0.8129670023918152,-1.4706389904022217,-1.4073497272977809,1766201961.0061913
-0.9735637307167053,2.7938168048858643,1.2371894971004433,-0.8130051493644714,-1.4706625938415527,-1.4070173626315305,1766201961.006244
-0.9735637307167053,2.7938168048858643,1.2371894971004433,-0.8128962516784668,-1.4705605506896973,-1.4073985911148714,1766201961.0161812
-0.9735637307167053,2.7938168048858643,1.2371894971004433,-0.8130165338516235,-1.4705569744110107,-1.4069523698232722,1766201961.0162344
-0.9735637307167053,2.7938168048858643,1.2371894971004433,-0.8130664229393005,-1.4706075191497803,-1.4072476001779906,1766201961.0260847
-0.9735637307167053,2.7938168048858643,1.2371894971004433,-0.813020646572113,-1.4705592393875122,-1.4071893261704445,1766201961.0361798
-0.9735637307167053,2.7938168048858643,1.2371894971004433,-0.8130534291267395,-1.4704842567443848,-1.4068162507361606,1766201961.0461907
-0.9735637307167053,2.7938168048858643,1.2371894971004433,-0.813100278377533,-1.470463514328003,-1.4063311710250002,1766201961.05611
-0.9735637307167053,2.7938168048858643,1.2371894971004433,-0.8133100271224976,-1.4702484607696533,-1.4053519087871478,1766201961.0661676
-0.9735637307167053,2.7938168048858643,1.2371894971004433,-0.8133042454719543,-1.4702250957489014,-1.4050798312769446,1766201961.0662184
-0.9735637307167053,2.7938168048858643,1.2371894971004433,-0.8131251335144043,-1.4702304601669312,-1.4056072179723578,1766201961.0761814
-0.9735637307167053,2.7938168048858643,1.2371894971004433,-0.8131362795829773,-1.4703717231750488,-1.4061395451674619,1766201961.086132
-0.9735637307167053,2.7938168048858643,1.2371894971004433,-0.8131818175315857,-1.4703096151351929,-1.4059165648667171,1766201961.096148
-0.9735637307167053,2.7938168048858643,1.2371894971004433,-0.8132416605949402,-1.470166563987732,-1.4054458939821655,1766201961.1061153
-0.9735637307167053,2.7938168048858643,1.2371894971004433,-0.8132590055465698,-1.4701281785964966,-1.4055372538911326,1766201961.1161242
-0.9735637307167053,2.7938168048858643,1.2371894971004433,-0.813322126865387,-1.4700424671173096,-1.4053397007624786,1766201961.1161823
-0.9735637307167053,2.7938168048858643,1.2371894971004433,-0.8133330345153809,-1.470028281211853,-1.4049374913918562,1766201961.1261382
-0.9735637307167053,2.7938168048858643,1.2371894971004433,-0.813473105430603,-1.469981074333191,-1.4046992610365854,1766201961.1363177
-0.9735637307167053,2.7938168048858643,1.2371894971004433,-0.8133999705314636,-1.4697891473770142,-1.4050481122813727,1766201961.146116
-0.9735637307167053,2.7938168048858643,1.2371894971004433,-0.8134015202522278,-1.4699339866638184,-1.4047083777531155,1766201961.1561778
-0.9735637307167053,2.7938168048858643,1.2371894971004433,-0.81336909532547,-1.469912052154541,-1.4049313755238126,1766201961.1661913
-0.9735637307167053,2.7938168048858643,1.2371894971004433,-0.8134066462516785,-1.4698493480682373,-1.4048293881778975,1766201961.1662457
-0.9735637307167053,2.7938168048858643,1.2371894971004433,-0.8133684992790222,-1.469881534576416,-1.404640268348002,1766201961.1761231
-0.9735637307167053,2.7938168048858643,1.2371894971004433,-0.8133336305618286,-1.4699119329452515,-1.4049757713474806,1766201961.1861904
-0.9735637307167053,2.7938168048858643,1.2371894971004433,-0.8133733868598938,-1.4698837995529175,-1.4047534882014738,1766201961.1961882
-0.9735637307167053,2.7938168048858643,1.2371894971004433,-0.8132820129394531,-1.4699379205703735,-1.4051056259946753,1766201961.2061188
-0.9735637307167053,2.7938168048858643,1.2371894971004433,-0.8132830858230591,-1.4699889421463013,-1.4049296809347145,1766201961.216109
-0.9735637307167053,2.7938168048858643,1.2371894971004433,-0.8132585287094116,-1.4700596332550049,-1.4052294717833644,1766201961.2161527
-0.9735637307167053,2.7938168048858643,1.2371894971004433,-0.8133112788200378,-1.4699164628982544,-1.404653989915239,1766201961.2260532
-0.9735637307167053,2.7938168048858643,1.2371894971004433,-0.8132750391960144,-1.4701915979385376,-1.4056175230433725,1766201961.236184
-0.9735637307167053,2.7938168048858643,1.2371894971004433,-0.8132592439651489,-1.470250129699707,-1.405776688702188,1766201961.2461178
-0.9735637307167053,2.7938168048858643,1.2371894971004433,-0.813306987285614,-1.470194935798645,-1.405445055244337,1766201961.2560441
-0.9735637307167053,2.7938168048858643,1.2371894971004433,-0.8132082223892212,-1.4702732563018799,-1.405945366541936,1766201961.2659674
-0.9735637307167053,2.7938168048858643,1.2371894971004433,-0.8132462501525879,-1.470281958580017,-1.4059133942884665,1766201961.2660425
-0.9735637307167053,2.7938168048858643,1.2371894971004433,-0.813346803188324,-1.4703760147094727,-1.4069333437052631,1766201961.276045
-0.9735637307167053,2.7938168048858643,1.2371894971004433,-0.8131977319717407,-1.470268964767456,-1.4058728441939412,1766201961.28599
-0.9735637307167053,2.7938168048858643,1.2371894971004433,-0.8131365180015564,-1.470481038093567,-1.4063265836941847,1766201961.2960675
-0.9735637307167053,2.7938168048858643,1.2371894971004433,-0.8132059574127197,-1.4705109596252441,-1.4072823225305409,1766201961.3060758
-0.9735637307167053,2.7938168048858643,1.2371894971004433,-0.8132801055908203,-1.4705246686935425,-1.4070642714842623,1766201961.316098
-0.9735637307167053,2.7938168048858643,1.2371894971004433,-0.8131220936775208,-1.4703710079193115,-1.4056231740860012,1766201961.3161201
-0.9735637307167053,2.7938168048858643,1.2371894971004433,-0.812953531742096,-1.4705249071121216,-1.4062610047854036,1766201961.3260558
-0.9735637307167053,2.7938168048858643,1.2371894971004433,-0.8130064606666565,-1.4704148769378662,-1.4058473096175712,1766201961.336101
-0.9735637307167053,2.7938168048858643,1.2371894971004433,-0.813044011592865,-1.470461368560791,-1.4055610687419298,1766201961.3461359
-0.9735637307167053,2.7938168048858643,1.2371894971004433,-0.8130561709403992,-1.4704519510269165,-1.4055522308934318,1766201961.35617
-0.9735637307167053,2.7938168048858643,1.2371894971004433,-0.8131013512611389,-1.470426082611084,-1.406435627264162,1766201961.366144
-0.9735637307167053,2.7938168048858643,1.2371894971004433,-0.8132858276367188,-1.470285415649414,-1.4059810530552719,1766201961.366192
-0.9735637307167053,2.7938168048858643,1.2371894971004433,-0.8131414651870728,-1.4703935384750366,-1.4063794129102687,1766201961.3761
-0.9735637307167053,2.7938168048858643,1.2371894971004433,-0.8132376074790955,-1.470413327217102,-1.4063614398673123,1766201961.3861794
-0.9735637307167053,2.7938168048858643,1.2371894971004433,-0.8134604692459106,-1.4703987836837769,-1.4070183820338962,1766201961.3961453
-0.9735637307167053,2.7938168048858643,1.2371894971004433,-0.8133251667022705,-1.4705259799957275,-1.4070482203305115,1766201961.4063232
-0.9735637307167053,2.7938168048858643,1.2371894971004433,-0.8133177757263184,-1.470454454421997,-1.4073153031836,1766201961.416325
-0.9735637307167053,2.7938168048858643,1.2371894971004433,-0.8132146596908569,-1.470262885093689,-1.406034282873059,1766201961.416392
-0.9786550998687744,2.7262775897979736,2.097898276091758,-0.8132146596908569,-1.470262885093689,-1.406034282873059,1766201961.416372
-0.9786550998687744,2.7262775897979736,2.097898276091758,-0.8131008744239807,-1.4702746868133545,-1.4058455118213524,1766201961.4260566
-0.9763090014457703,2.7200686931610107,2.1318799851963908,-0.8131008744239807,-1.4702746868133545,-1.4058455118213524,1766201961.4260962
-0.9763090014457703,2.7200686931610107,2.1318799851963908,-0.813144326210022,-1.4703953266143799,-1.4063079114683739,1766201961.4359777
-0.9751191735267639,2.717133045196533,2.151874162455269,-0.813144326210022,-1.4703953266143799,-1.4063079114683739,1766201961.435999
-0.9751191735267639,2.717133045196533,2.151874162455269,-0.8133664131164551,-1.470345377922058,-1.4069899101703758,1766201961.446001
-0.9742420315742493,2.7137515544891357,2.167867633058493,-0.8133664131164551,-1.470345377922058,-1.4069899101703758,1766201961.4460182
-0.9742420315742493,2.7137515544891357,2.167867633058493,-0.8132261037826538,-1.4701513051986694,-1.4058098272097819,1766201961.456158
-0.9731513857841492,2.7108232975006104,2.1855177063421785,-0.8132261037826538,-1.4701513051986694,-1.4058098272097819,1766201961.4562037
-0.9731513857841492,2.7108232975006104,2.1855177063421785,-0.8131839632987976,-1.4702255725860596,-1.4059292726995418,1766201961.46612
-0.9723081588745117,2.7073795795440674,2.2011052054699634,-0.8131839632987976,-1.4702255725860596,-1.4059292726995418,1766201961.4661589
-0.9723081588745117,2.7073795795440674,2.2011052054699634,-0.8132504224777222,-1.4703090190887451,-1.4058436683782911,1766201961.4661748
-0.9712914228439331,2.7042038440704346,2.2205990882843816,-0.8132504224777222,-1.4703090190887451,-1.4058436683782911,1766201961.4661837
-0.9712914228439331,2.7042038440704346,2.2205990882843816,-0.813274621963501,-1.4700731039047241,-1.4057664367405038,1766201961.4760067
-0.9704214930534363,2.7006607055664062,2.2369249921283965,-0.813274621963501,-1.4700731039047241,-1.4057664367405038,1766201961.4760184
-0.9693767428398132,2.697267770767212,2.2523834401341793,-0.813274621963501,-1.4700731039047241,-1.4057664367405038,1766201961.4860365
-0.9693767428398132,2.697267770767212,2.2523834401341793,-0.8133664727210999,-1.4702290296554565,-1.406987645930704,1766201961.4860182
-0.968370258808136,2.6936776638031006,2.269181547265333,-0.8133664727210999,-1.4702290296554565,-1.406987645930704,1766201961.49607
-0.968370258808136,2.6936776638031006,2.269181547265333,-0.8133159279823303,-1.4700368642807007,-1.4056741891659859,1766201961.496058
-0.9674795269966125,2.6901142597198486,2.2854182111439654,-0.8133159279823303,-1.4700368642807007,-1.4056741891659859,1766201961.5061443
-0.9674795269966125,2.6901142597198486,2.2854182111439654,-0.8134164214134216,-1.4701690673828125,-1.4069249574330371,1766201961.50611
-0.9669016003608704,2.686690092086792,2.302325392276037,-0.8134164214134216,-1.4701690673828125,-1.4069249574330371,1766201961.516172
-0.9669016003608704,2.686690092086792,2.302325392276037,-0.8131849765777588,-1.4701446294784546,-1.406077309612163,1766201961.5161345
-0.9658677577972412,2.6830787658691406,2.3178458125176165,-0.8131849765777588,-1.4701446294784546,-1.406077309612163,1766201961.5161982
-0.9658677577972412,2.6830787658691406,2.3178458125176165,-0.8132620453834534,-1.4702621698379517,-1.4059038262296044,1766201961.516188
-0.9658677577972412,2.6830787658691406,2.3178458125176165,-0.8131957650184631,-1.4701356887817383,-1.4060745738975808,1766201961.5259523
-0.964996874332428,2.679452657699585,2.3355454142699053,-0.8131957650184631,-1.4701356887817383,-1.4060745738975808,1766201961.525963
-0.963958740234375,2.675733804702759,2.3532548184713113,-0.8131957650184631,-1.4701356887817383,-1.4060745738975808,1766201961.5360692
-0.963958740234375,2.675733804702759,2.3532548184713113,-0.8131823539733887,-1.4702339172363281,-1.4062683166856773,1766201961.5360594
-0.963958740234375,2.675733804702759,2.3532548184713113,-0.8131733536720276,-1.4702202081680298,-1.406316820511588,1766201961.5461588
-0.9632551670074463,2.6720330715179443,2.3716447335110455,-0.8131733536720276,-1.4702202081680298,-1.406316820511588,1766201961.5462031
-0.9632551670074463,2.6720330715179443,2.3716447335110455,-0.8131532669067383,-1.470253825187683,-1.4064139799967281,1766201961.5560565
-0.9622412323951721,2.6683919429779053,2.3892445881438173,-0.8131532669067383,-1.470253825187683,-1.4064139799967281,1766201961.556095
-0.9622412323951721,2.6683919429779053,2.3892445881438173,-0.8131586313247681,-1.4701781272888184,-1.406066671860866,1766201961.5660594
-0.9611907601356506,2.6645431518554688,2.405649788794114,-0.8131586313247681,-1.4701781272888184,-1.406066671860866,1766201961.566085
-0.9611907601356506,2.6645431518554688,2.405649788794114,-0.8131848573684692,-1.4703078269958496,-1.40642678900349,1766201961.5660899
-0.9602881669998169,2.660811424255371,2.422604857954618,-0.8131848573684692,-1.4703078269958496,-1.40642678900349,1766201961.5660925
-0.9602881669998169,2.660811424255371,2.422604857954618,-0.8131560683250427,-1.4702473878860474,-1.4065155644883662,1766201961.5760174
-0.9593486189842224,2.6569631099700928,2.439304309697826,-0.8131560683250427,-1.4702473878860474,-1.4065155644883662,1766201961.5760262
-0.9585154056549072,2.653164863586426,2.457170224671258,-0.8131560683250427,-1.4702473878860474,-1.4065155644883662,1766201961.5860887
-0.9585154056549072,2.653164863586426,2.457170224671258,-0.8132571578025818,-1.4702303409576416,-1.4062025848674944,1766201961.5860524
-0.9585154056549072,2.653164863586426,2.457170224671258,-0.8133814930915833,-1.470264196395874,-1.407234924513053,1766201961.5960522
-0.9575017690658569,2.6492276191711426,2.473791946846335,-0.8133814930915833,-1.470264196395874,-1.407234924513053,1766201961.596087
-0.9575017690658569,2.6492276191711426,2.473791946846335,-0.8131867051124573,-1.4701188802719116,-1.406411952793402,1766201961.606053
-0.9566358327865601,2.6454362869262695,2.493188472190788,-0.8131867051124573,-1.4701188802719116,-1.406411952793402,1766201961.6060874
-0.9566358327865601,2.6454362869262695,2.493188472190788,-0.8132312297821045,-1.4702061414718628,-1.406626406330756,1766201961.616051
-0.9557012319564819,2.641557216644287,2.510928964044947,-0.8132312297821045,-1.4702061414718628,-1.406626406330756,1766201961.6160874
-0.9557012319564819,2.641557216644287,2.510928964044947,-0.8132768273353577,-1.470063328742981,-1.406121907130972,1766201961.6161044
-0.9546736478805542,2.637726306915283,2.5280106252539394,-0.8132768273353577,-1.470063328742981,-1.406121907130972,1766201961.616215
-0.9537293910980225,2.6338210105895996,2.544365511125859,-0.8132768273353577,-1.470063328742981,-1.406121907130972,1766201961.6261477
-0.9537293910980225,2.6338210105895996,2.544365511125859,-0.8133811950683594,-1.4701263904571533,-1.4058817620842,1766201961.6261373
-0.9537293910980225,2.6338210105895996,2.544365511125859,-0.8133053183555603,-1.4701683521270752,-1.4060687854430995,1766201961.6360567
-0.9527809619903564,2.629957675933838,2.561268704665515,-0.8133053183555603,-1.4701683521270752,-1.4060687854430995,1766201961.6360662
-0.9517999291419983,2.626019239425659,2.5781851904842665,-0.8133053183555603,-1.4701683521270752,-1.4060687854430995,1766201961.6461349
-0.9517999291419983,2.626019239425659,2.5781851904842665,-0.8132571578025818,-1.470231533050537,-1.4055275580982936,1766201961.6460998
-0.9508369565010071,2.621980905532837,2.5939284159950695,-0.8132571578025818,-1.470231533050537,-1.4055275580982936,1766201961.6561072
-0.9508369565010071,2.621980905532837,2.5939284159950695,-0.8132506608963013,-1.4701743125915527,-1.4056472163250455,1766201961.6560717
-0.9508369565010071,2.621980905532837,2.5939284159950695,-0.8132474422454834,-1.4701985120773315,-1.4061910007338505,1766201961.6661003
-0.9498662948608398,2.618036985397339,2.6080085888581763,-0.8132474422454834,-1.4701985120773315,-1.4061910007338505,1766201961.6661358
-0.9498662948608398,2.618036985397339,2.6080085888581763,-0.8129858374595642,-1.4703172445297241,-1.4061432888345688,1766201961.6661518
-0.9489936828613281,2.6140120029449463,2.6207480657773345,-0.8129858374595642,-1.4703172445297241,-1.4061432888345688,1766201961.666161
-0.9480480551719666,2.6099815368652344,2.6332658414341226,-0.8129858374595642,-1.4703172445297241,-1.4061432888345688,1766201961.6760585
-0.9480480551719666,2.6099815368652344,2.6332658414341226,-0.8131738305091858,-1.4702270030975342,-1.4058072724397355,1766201961.6760497
-0.9480480551719666,2.6099815368652344,2.6332658414341226,-0.8130092024803162,-1.4703569412231445,-1.4061099983140901,1766201961.6860914
-0.947033166885376,2.6059844493865967,2.6441608934395955,-0.8130092024803162,-1.4703569412231445,-1.4061099983140901,1766201961.6861088
-0.947033166885376,2.6059844493865967,2.6441608934395955,-0.8130737543106079,-1.4703220129013062,-1.4064395115553845,1766201961.6961372
-0.9460259079933167,2.601801633834839,2.6542106753573638,-0.8130737543106079,-1.4703220129013062,-1.4064395115553845,1766201961.696175
-0.9460259079933167,2.601801633834839,2.6542106753573638,-0.8131042122840881,-1.4703402519226074,-1.4066133406349388,1766201961.7060478
-0.9450125098228455,2.597564935684204,2.662639471607866,-0.8131042122840881,-1.4703402519226074,-1.4066133406349388,1766201961.7060783
-0.9450125098228455,2.597564935684204,2.662639471607866,-0.813274085521698,-1.4702322483062744,-1.4061642975331727,1766201961.7161188
-0.9440047740936279,2.593278646469116,2.6716641867497386,-0.813274085521698,-1.4702322483062744,-1.4061642975331727,1766201961.7161555
-0.9440047740936279,2.593278646469116,2.6716641867497386,-0.8132261037826538,-1.470332145690918,-1.4063817621312213,1766201961.7161722
-0.94292813539505,2.588937520980835,2.680390078461209,-0.8132261037826538,-1.470332145690918,-1.4063817621312213,1766201961.716182
-0.9418683052062988,2.5845189094543457,2.6843100635623904,-0.8132261037826538,-1.470332145690918,-1.4063817621312213,1766201961.7261522
-0.9418683052062988,2.5845189094543457,2.6843100635623904,-0.8134323954582214,-1.4703763723373413,-1.4068843383862089,1766201961.7261431
-0.9418683052062988,2.5845189094543457,2.6843100635623904,-0.8134324550628662,-1.4703612327575684,-1.4070278532093747,1766201961.736053
-0.9408164620399475,2.580144166946411,2.6905611807832703,-0.8134324550628662,-1.4703612327575684,-1.4070278532093747,1766201961.736062
-0.9398082494735718,2.575451135635376,2.6955906778668792,-0.8134324550628662,-1.4703612327575684,-1.4070278532093747,1766201961.7461283
-0.9398082494735718,2.575451135635376,2.6955906778668792,-0.8132403492927551,-1.4703991413116455,-1.4078122518685339,1766201961.7461097
-0.9398082494735718,2.575451135635376,2.6955906778668792,-0.8132516741752625,-1.4702081680297852,-1.4059017528222653,1766201961.7561224
-0.9387825727462769,2.5707719326019287,2.700009306424254,-0.8132516741752625,-1.4702081680297852,-1.4059017528222653,1766201961.7561593
-0.9387825727462769,2.5707719326019287,2.700009306424254,-0.8131438493728638,-1.470354676246643,-1.4063851456687035,1766201961.7661195
-0.9377627968788147,2.566117763519287,2.7041450670221683,-0.8131438493728638,-1.470354676246643,-1.4063851456687035,1766201961.7661545
-0.9377627968788147,2.566117763519287,2.7041450670221683,-0.8131512403488159,-1.4702016115188599,-1.4064976133711589,1766201961.76617
-0.9367415904998779,2.561359167098999,2.707275787748319,-0.8131512403488159,-1.4702016115188599,-1.4064976133711589,1766201961.7661788
-0.9367415904998779,2.561359167098999,2.707275787748319,-0.8131445646286011,-1.4704047441482544,-1.406751564716406,1766201961.7760327
-0.9357342720031738,2.556497573852539,2.710646798852501,-0.8131445646286011,-1.4704047441482544,-1.406751564716406,1766201961.776042
-0.9357342720031738,2.556497573852539,2.710646798852501,-0.8132569193840027,-1.4703454971313477,-1.407637775399399,1766201961.786098
-0.9346069097518921,2.5516443252563477,2.7127736607547908,-0.8132569193840027,-1.4703454971313477,-1.407637775399399,1766201961.786116
-0.9346069097518921,2.5516443252563477,2.7127736607547908,-0.8131746053695679,-1.4701690673828125,-1.406001139352636,1766201961.796109
-0.9336408972740173,2.5467731952667236,2.7145447194700854,-0.8131746053695679,-1.4701690673828125,-1.406001139352636,1766201961.7961462
-0.9336408972740173,2.5467731952667236,2.7145447194700854,-0.8131458759307861,-1.4701745510101318,-1.4064711543964108,1766201961.8061314
-0.9325644373893738,2.5418946743011475,2.7161380117012968,-0.8131458759307861,-1.4701745510101318,-1.4064711543964108,1766201961.8061647
-0.9315310120582581,2.5369062423706055,2.7160647468156385,-0.8131458759307861,-1.4701745510101318,-1.4064711543964108,1766201961.8161848
-0.9315310120582581,2.5369062423706055,2.7160647468156385,-0.81304532289505,-1.4703521728515625,-1.4068055779761661,1766201961.81614
-0.9304328560829163,2.5319128036499023,2.714994227158003,-0.81304532289505,-1.4703521728515625,-1.4068055779761661,1766201961.8162122
-0.9304328560829163,2.5319128036499023,2.714994227158003,-0.8131245374679565,-1.4703164100646973,-1.4067680498377675,1766201961.816202
-0.9293652772903442,2.526756763458252,2.7141198756301432,-0.8131245374679565,-1.4703164100646973,-1.4067680498377675,1766201961.826139
-0.9293652772903442,2.526756763458252,2.7141198756301432,-0.8133905529975891,-1.4701910018920898,-1.4073650584398962,1766201961.82613
-0.9293652772903442,2.526756763458252,2.7141198756301432,-0.8133045434951782,-1.470327615737915,-1.4078106773995767,1766201961.836059
-0.9282246828079224,2.521636962890625,2.7126319244708665,-0.8133045434951782,-1.470327615737915,-1.4078106773995767,1766201961.8360755
-0.9282246828079224,2.521636962890625,2.7126319244708665,-0.813311755657196,-1.470064401626587,-1.406225095609342,1766201961.8461313
-0.9270899295806885,2.516428232192993,2.7090008665487293,-0.813311755657196,-1.470064401626587,-1.406225095609342,1766201961.8461657
-0.9259345531463623,2.5110912322998047,2.7019729390474048,-0.813311755657196,-1.470064401626587,-1.406225095609342,1766201961.856187
-0.9259345531463623,2.5110912322998047,2.7019729390474048,-0.8132786154747009,-1.4701703786849976,-1.4066345212566704,1766201961.856144
-0.9247393012046814,2.505617618560791,2.696365482625734,-0.8132786154747009,-1.4701703786849976,-1.4066345212566704,1766201961.8661373
-0.9247393012046814,2.505617618560791,2.696365482625734,-0.8134123682975769,-1.470204472541809,-1.4074448946594718,1766201961.8661017
-0.923473596572876,2.5000839233398438,2.687023892615252,-0.8134123682975769,-1.470204472541809,-1.4074448946594718,1766201961.866163
-0.923473596572876,2.5000839233398438,2.687023892615252,-0.8133804202079773,-1.4703656435012817,-1.4076468856075657,1766201961.8661537
-0.923473596572876,2.5000839233398438,2.687023892615252,-0.8133618831634521,-1.4703000783920288,-1.4073801382486033,1766201961.8760092
-0.9221925735473633,2.49458646774292,2.6753547248433343,-0.8133618831634521,-1.4703000783920288,-1.4073801382486033,1766201961.876018
-0.9207906723022461,2.4888389110565186,2.6625420001039344,-0.8133618831634521,-1.4703000783920288,-1.4073801382486033,1766201961.8861482
-0.9207906723022461,2.4888389110565186,2.6625420001039344,-0.8130896091461182,-1.4702228307724,-1.4065433147778503,1766201961.8861122
-0.9207906723022461,2.4888389110565186,2.6625420001039344,-0.8130484223365784,-1.4703428745269775,-1.4065787541361987,1766201961.8960676
-0.9195734262466431,2.483123779296875,2.6473217004589964,-0.8130484223365784,-1.4703428745269775,-1.4065787541361987,1766201961.896101
-0.9195734262466431,2.483123779296875,2.6473217004589964,-0.8132188320159912,-1.470308542251587,-1.4069150550265732,1766201961.9061286
-0.9182203412055969,2.477307081222534,2.6279547740477436,-0.8132188320159912,-1.470308542251587,-1.4069150550265732,1766201961.9061623
-0.9182203412055969,2.477307081222534,2.6279547740477436,-0.8130746483802795,-1.4702506065368652,-1.4066477018912622,1766201961.916121
-0.9169330596923828,2.4713850021362305,2.607505015681976,-0.8130746483802795,-1.4702506065368652,-1.4066477018912622,1766201961.9161563
-0.9155930280685425,2.4652843475341797,2.584460834924122,-0.8130746483802795,-1.4702506065368652,-1.4066477018912622,1766201961.9261374
-0.9155930280685425,2.4652843475341797,2.584460834924122,-0.8130121827125549,-1.470269799232483,-1.4065657950685333,1766201961.9261034
-0.9142029285430908,2.459202527999878,2.5589891420501187,-0.8130121827125549,-1.470269799232483,-1.4065657950685333,1766201961.9261618
-0.9142029285430908,2.459202527999878,2.5589891420501187,-0.8131800293922424,-1.4701682329177856,-1.4062167544620519,1766201961.9261532
-0.912951648235321,2.4531092643737793,2.532280192062563,-0.8131800293922424,-1.4701682329177856,-1.4062167544620519,1766201961.936065
-0.912951648235321,2.4531092643737793,2.532280192062563,-0.8130851984024048,-1.470192551612854,-1.4070448397347517,1766201961.9360561
-0.9116626381874084,2.446779489517212,2.5017681943535557,-0.8130851984024048,-1.470192551612854,-1.4070448397347517,1766201961.9461534
-0.9116626381874084,2.446779489517212,2.5017681943535557,-0.8132688403129578,-1.4701517820358276,-1.4064866327705836,1766201961.9461179
-0.9116626381874084,2.446779489517212,2.5017681943535557,-0.8132558465003967,-1.4701634645462036,-1.4065938527580562,1766201961.9561026
-0.9103023409843445,2.4404654502868652,2.4687358244919664,-0.8132558465003967,-1.4701634645462036,-1.4065938527580562,1766201961.9561372
-0.9103023409843445,2.4404654502868652,2.4687358244919664,-0.8132659792900085,-1.4701720476150513,-1.406556026978564,1766201961.966099
-0.9103023409843445,2.4404654502868652,2.4687358244919664,-0.813092052936554,-1.4703620672225952,-1.407307129344157,1766201961.9661384
-0.9103023409843445,2.4404654502868652,2.4687358244919664,-0.8131552338600159,-1.4703797101974487,-1.4068481980994458,1766201961.9760923
-0.9103023409843445,2.4404654502868652,2.4687358244919664,-0.8132149577140808,-1.470205307006836,-1.406741860729889,1766201961.986106
-0.9103023409843445,2.4404654502868652,2.4687358244919664,-0.8130260705947876,-1.4703936576843262,-1.4071266705329637,1766201961.9961088
-0.9103023409843445,2.4404654502868652,2.4687358244919664,-0.8130900859832764,-1.4703240394592285,-1.4066608598459904,1766201962.0061164
-0.9103023409843445,2.4404654502868652,2.4687358244919664,-0.8130297064781189,-1.470420241355896,-1.4071680777821878,1766201962.0161026
-0.9103023409843445,2.4404654502868652,2.4687358244919664,-0.8130102157592773,-1.4703775644302368,-1.4071338729993337,1766201962.0261264
-0.9103023409843445,2.4404654502868652,2.4687358244919664,-0.8131648302078247,-1.4701879024505615,-1.4067346642591059,1766201962.0261745
-0.9103023409843445,2.4404654502868652,2.4687358244919664,-0.8131085634231567,-1.470273733139038,-1.4068495461003598,1766201962.0361032
-0.9103023409843445,2.4404654502868652,2.4687358244919664,-0.8130983710289001,-1.4702507257461548,-1.4067306242955848,1766201962.0460875
-0.9103023409843445,2.4404654502868652,2.4687358244919664,-0.813214123249054,-1.4701457023620605,-1.406844683417334,1766201962.056102
-0.9103023409843445,2.4404654502868652,2.4687358244919664,-0.8133252859115601,-1.470289945602417,-1.4080047723900997,1766201962.066088
-0.9103023409843445,2.4404654502868652,2.4687358244919664,-0.813208818435669,-1.4701560735702515,-1.4068439907244665,1766201962.0661273
-0.9103023409843445,2.4404654502868652,2.4687358244919664,-0.8132814168930054,-1.4701361656188965,-1.4070536763867456,1766201962.0761006
-0.9103023409843445,2.4404654502868652,2.4687358244919664,-0.8132638335227966,-1.470137596130371,-1.406747964824622,1766201962.0860915
-0.9103023409843445,2.4404654502868652,2.4687358244919664,-0.8132405877113342,-1.47025465965271,-1.4065798103322804,1766201962.09611
-0.9103023409843445,2.4404654502868652,2.4687358244919664,-0.8133811354637146,-1.4702924489974976,-1.4080364711450286,1766201962.1060495
-0.9103023409843445,2.4404654502868652,2.4687358244919664,-0.813280463218689,-1.4701076745986938,-1.4067995568160894,1766201962.1160808
-0.9103023409843445,2.4404654502868652,2.4687358244919664,-0.8131116628646851,-1.4702225923538208,-1.40709028524055,1766201962.1161346
-0.9103023409843445,2.4404654502868652,2.4687358244919664,-0.8131340146064758,-1.4703327417373657,-1.407090392702683,1766201962.1260567
-0.9103023409843445,2.4404654502868652,2.4687358244919664,-0.8131586313247681,-1.4701191186904907,-1.406378693605154,1766201962.1361048
-0.8937271237373352,2.2875452041625977,1.711153785094747,-0.8131586313247681,-1.4701191186904907,-1.406378693605154,1766201962.1361394
-0.8937271237373352,2.2875452041625977,1.711153785094747,-0.8131604194641113,-1.4701237678527832,-1.4063223621283578,1766201962.146086
-0.8937459588050842,2.2805473804473877,1.6928203249607006,-0.8131604194641113,-1.4701237678527832,-1.4063223621283578,1766201962.1461203
-0.8937459588050842,2.2805473804473877,1.6928203249607006,-0.8130055665969849,-1.4703140258789062,-1.4069291318680233,1766201962.1561115
-0.8938748240470886,2.2737231254577637,1.6766963846012597,-0.8130055665969849,-1.4703140258789062,-1.4069291318680233,1766201962.1561456
-0.8938748240470886,2.2737231254577637,1.6766963846012597,-0.813256025314331,-1.4700937271118164,-1.4067003448975197,1766201962.1661015
-0.893196165561676,2.2662227153778076,1.6639156639329318,-0.813256025314331,-1.4700937271118164,-1.4067003448975197,1766201962.166138
-0.893196165561676,2.2662227153778076,1.6639156639329318,-0.8133536577224731,-1.4702601432800293,-1.4079274918591707,1766201962.1661537
-0.8935728073120117,2.2597157955169678,1.6522724316560187,-0.8133536577224731,-1.4702601432800293,-1.4079274918591707,1766201962.166163
-0.8930599689483643,2.2525057792663574,1.6448318147102352,-0.8133536577224731,-1.4702601432800293,-1.4079274918591707,1766201962.1760428
-0.8930599689483643,2.2525057792663574,1.6448318147102352,-0.8132511377334595,-1.470126986503601,-1.4066830813877604,1766201962.176034
-0.8930599689483643,2.2525057792663574,1.6448318147102352,-0.8132615089416504,-1.4701405763626099,-1.4067879564439894,1766201962.1861093
-0.8930599689483643,2.2525057792663574,1.6448318147102352,-0.8131129741668701,-1.4702903032302856,-1.407388060447383,1766201962.1961043
-0.8930599689483643,2.2525057792663574,1.6448318147102352,-0.8132319450378418,-1.4701769351959229,-1.407104792581976,1766201962.2060597
-0.8930599689483643,2.2525057792663574,1.6448318147102352,-0.813237726688385,-1.4701443910598755,-1.4070996414886021,1766201962.2161098
-0.892102062702179,2.2235257625579834,1.612628650134637,-0.813237726688385,-1.4701443910598755,-1.4070996414886021,1766201962.216147
-0.892102062702179,2.2235257625579834,1.612628650134637,-0.8132650256156921,-1.470168948173523,-1.4067647330485193,1766201962.2261202
-0.891653835773468,2.2164695262908936,1.604194492679627,-0.8132650256156921,-1.470168948173523,-1.4067647330485193,1766201962.2261565
-0.891653835773468,2.2164695262908936,1.604194492679627,-0.8132275938987732,-1.4701632261276245,-1.4067566566178158,1766201962.2261727
-0.8943384289741516,2.21181058883667,1.5874412600224599,-0.8132275938987732,-1.4701632261276245,-1.4067566566178158,1766201962.2261817
-0.8943384289741516,2.21181058883667,1.5874412600224599,-0.8131043314933777,-1.470359206199646,-1.4071096272137211,1766201962.23605
-0.8915344476699829,2.2017743587493896,1.592035291173465,-0.8131043314933777,-1.470359206199646,-1.4071096272137211,1766201962.2360597
-0.8915344476699829,2.2017743587493896,1.592035291173465,-0.812991738319397,-1.4702924489974976,-1.407329771262631,1766201962.2460222
-0.8911937475204468,2.194361925125122,1.5875224942641908,-0.812991738319397,-1.4702924489974976,-1.407329771262631,1766201962.2460353
-0.8911937475204468,2.194361925125122,1.5875224942641908,-0.8131914138793945,-1.470208764076233,-1.4066820633558046,1766201962.2559834
-0.8913763761520386,2.1874494552612305,1.5913352855177176,-0.8131914138793945,-1.470208764076233,-1.4066820633558046,1766201962.2559934
-0.8913763761520386,2.1874494552612305,1.5913352855177176,-0.8129916787147522,-1.4703171253204346,-1.4073890786412802,1766201962.2661123
-0.8905807137489319,2.179330825805664,1.5836468647300193,-0.8129916787147522,-1.4703171253204346,-1.4073890786412802,1766201962.2661471
-0.8905807137489319,2.179330825805664,1.5836468647300193,-0.8130607008934021,-1.4703338146209717,-1.4073468425350613,1766201962.2661636
-0.8903343677520752,2.171708822250366,1.5853095799239243,-0.8130607008934021,-1.4703338146209717,-1.4073468425350613,1766201962.2661726
-0.8898652791976929,2.164163827896118,1.5812893486406037,-0.8130607008934021,-1.4703338146209717,-1.4073468425350613,1766201962.2761192
-0.8898652791976929,2.164163827896118,1.5812893486406037,-0.8129948377609253,-1.470320701599121,-1.4076124061112036,1766201962.276086
-0.8898652791976929,2.164163827896118,1.5812893486406037,-0.813179075717926,-1.4702070951461792,-1.407080697383569,1766201962.286117
-0.8895924687385559,2.1565089225769043,1.5829752106202681,-0.813179075717926,-1.4702070951461792,-1.407080697383569,1766201962.2861528
-0.8895924687385559,2.1565089225769043,1.5829752106202681,-0.8132954835891724,-1.4703553915023804,-1.4084292973520869,1766201962.2961
-0.8890687823295593,2.148973226547241,1.578432265027902,-0.8132954835891724,-1.4703553915023804,-1.4084292973520869,1766201962.2961335
-0.8890687823295593,2.148973226547241,1.578432265027902,-0.8131369948387146,-1.4702860116958618,-1.4071875936925102,1766201962.306098
-0.8887428641319275,2.141324996948242,1.5774202127437786,-0.8131369948387146,-1.4702860116958618,-1.4071875936925102,1766201962.3061314
-0.8887428641319275,2.141324996948242,1.5774202127437786,-0.8131059408187866,-1.4703494310379028,-1.4077280708235973,1766201962.3160517
-0.8882457613945007,2.1337809562683105,1.5733041266451135,-0.8131059408187866,-1.4703494310379028,-1.4077280708235973,1766201962.3160617
-0.8882457613945007,2.1337809562683105,1.5733041266451135,-0.813218355178833,-1.4701666831970215,-1.4073293455298295,1766201962.316066
-0.8879076838493347,2.1259305477142334,1.5728276870352573,-0.813218355178833,-1.4701666831970215,-1.4073293455298295,1766201962.316069
-0.8869969844818115,2.1177852153778076,1.567006268015779,-0.813218355178833,-1.4701666831970215,-1.4073293455298295,1766201962.3361306
-0.8869969844818115,2.1177852153778076,1.567006268015779,-0.8131554126739502,-1.4702935218811035,-1.407441787722794,1766201962.336096
-0.8866260647773743,2.1099095344543457,1.5668241360588306,-0.8131554126739502,-1.4702935218811035,-1.407441787722794,1766201962.3361573
-0.8866260647773743,2.1099095344543457,1.5668241360588306,-0.8131973147392273,-1.470200777053833,-1.4071643463766985,1766201962.3361464
-0.8866260647773743,2.1099095344543457,1.5668241360588306,-0.8131747841835022,-1.470159649848938,-1.407040958922563,1766201962.346061
-0.886325478553772,2.1028099060058594,1.5621428254830256,-0.8131747841835022,-1.470159649848938,-1.407040958922563,1766201962.3460703
-0.886325478553772,2.1028099060058594,1.5621428254830256,-0.8130339980125427,-1.4703071117401123,-1.4076253288969414,1766201962.3561137
-0.8857948184013367,2.095214366912842,1.5616314777874367,-0.8130339980125427,-1.4703071117401123,-1.4076253288969414,1766201962.3561485
-0.8857948184013367,2.095214366912842,1.5616314777874367,-0.8132237792015076,-1.470145344734192,-1.406802562807147,1766201962.3661106
-0.8850300908088684,2.0875232219696045,1.5561460606528306,-0.8132237792015076,-1.470145344734192,-1.406802562807147,1766201962.3661473
-0.8850300908088684,2.0875232219696045,1.5561460606528306,-0.8130040168762207,-1.4703152179718018,-1.40678948255662,1766201962.3661644
-0.8844828605651855,2.0797181129455566,1.555271041164781,-0.8130040168762207,-1.4703152179718018,-1.40678948255662,1766201962.3662639
-0.8836677074432373,2.072105646133423,1.548360859227179,-0.8130040168762207,-1.4703152179718018,-1.40678948255662,1766201962.376016
-0.8836677074432373,2.072105646133423,1.548360859227179,-0.8131123185157776,-1.4701844453811646,-1.4067375640182878,1766201962.3760064
-0.8836677074432373,2.072105646133423,1.548360859227179,-0.8131632804870605,-1.4701663255691528,-1.406648853611624,1766201962.3860788
-0.8828756213188171,2.0645408630371094,1.5465661226921517,-0.8131632804870605,-1.4701663255691528,-1.406648853611624,1766201962.3860886
-0.8828756213188171,2.0645408630371094,1.5465661226921517,-0.8132467269897461,-1.4701365232467651,-1.4068080693560718,1766201962.3961024
-0.8818524479866028,2.0569825172424316,1.5411149264661954,-0.8132467269897461,-1.4701365232467651,-1.4068080693560718,1766201962.3961387
-0.8818524479866028,2.0569825172424316,1.5411149264661954,-0.8130945563316345,-1.4702833890914917,-1.4073447959808023,1766201962.4061112
-0.8809159398078918,2.049427032470703,1.5403464938992402,-0.8130945563316345,-1.4702833890914917,-1.4073447959808023,1766201962.4061446
-0.8796519637107849,2.042142391204834,1.5355121825285747,-0.8130945563316345,-1.4702833890914917,-1.4073447959808023,1766201962.4161582
-0.8796519637107849,2.042142391204834,1.5355121825285747,-0.8132662177085876,-1.4701123237609863,-1.407068287083784,1766201962.4161239
-0.8785922527313232,2.03462815284729,1.5362864458761871,-0.8132662177085876,-1.4701123237609863,-1.407068287083784,1766201962.4161851
-0.8785922527313232,2.03462815284729,1.5362864458761871,-0.8129710555076599,-1.470388412475586,-1.4076919942001038,1766201962.4161742
-0.8785922527313232,2.03462815284729,1.5362864458761871,-0.8132354617118835,-1.470180869102478,-1.4071132627057095,1766201962.4261065
-0.8772382736206055,2.0274529457092285,1.5311722005596624,-0.8132354617118835,-1.470180869102478,-1.4071132627057095,1766201962.4261403
-0.8772382736206055,2.0274529457092285,1.5311722005596624,-0.8132184147834778,-1.470184326171875,-1.4072017748991268,1766201962.4360487
-0.8757814764976501,2.0203261375427246,1.5285693251973875,-0.8132184147834778,-1.470184326171875,-1.4072017748991268,1766201962.4360583
-0.8757814764976501,2.0203261375427246,1.5285693251973875,-0.8132200241088867,-1.4701735973358154,-1.4071968365935599,1766201962.4460132
-0.8745476603507996,2.0132429599761963,1.5278651135259398,-0.8132200241088867,-1.4701735973358154,-1.4071968365935599,1766201962.4460247
-0.8745476603507996,2.0132429599761963,1.5278651135259398,-0.8132541179656982,-1.4701342582702637,-1.4071309698767465,1766201962.4561305
-0.8730071783065796,2.006350040435791,1.5243263227544184,-0.8132541179656982,-1.4701342582702637,-1.4071309698767465,1766201962.4561667
-0.8730071783065796,2.006350040435791,1.5243263227544184,-0.8130345344543457,-1.4702554941177368,-1.4074325006141368,1766201962.466097
-0.8717383146286011,1.9992014169692993,1.5256851252106831,-0.8130345344543457,-1.4702554941177368,-1.4074325006141368,1766201962.4661326
-0.8717383146286011,1.9992014169692993,1.5256851252106831,-0.8129367828369141,-1.4703142642974854,-1.4072233197753217,1766201962.466149
-0.8702213168144226,1.9926044940948486,1.5219495984147466,-0.8129367828369141,-1.4703142642974854,-1.4072233197753217,1766201962.466158
-0.8687823414802551,1.9859284162521362,1.5191014062042671,-0.8129367828369141,-1.4703142642974854,-1.4072233197753217,1766201962.4760199
-0.8687823414802551,1.9859284162521362,1.5191014062042671,-0.8130131363868713,-1.4702825546264648,-1.4074812617855577,1766201962.4760103
-0.8674693703651428,1.9790040254592896,1.520595770344153,-0.8130131363868713,-1.4702825546264648,-1.4074812617855577,1766201962.4861643
-0.8674693703651428,1.9790040254592896,1.520595770344153,-0.8129897713661194,-1.4702696800231934,-1.4075925903034896,1766201962.4861288
-0.8658933639526367,1.9722175598144531,1.5159492226934637,-0.8129897713661194,-1.4702696800231934,-1.4075925903034896,1766201962.4961479
-0.8658933639526367,1.9722175598144531,1.5159492226934637,-0.8130081295967102,-1.4703243970870972,-1.407564713293801,1766201962.4961147
-0.8644533157348633,1.9655585289001465,1.514357127500446,-0.8130081295967102,-1.4703243970870972,-1.407564713293801,1766201962.5061557
-0.8644533157348633,1.9655585289001465,1.514357127500446,-0.8129794001579285,-1.4703195095062256,-1.4076202774551103,1766201962.5061207
-0.8644533157348633,1.9655585289001465,1.514357127500446,-0.8131455183029175,-1.4701873064041138,-1.4071054021623475,1766201962.516101
-0.8629024028778076,1.9588652849197388,1.5124112443412443,-0.8131455183029175,-1.4701873064041138,-1.4071054021623475,1766201962.5161362
-0.8629024028778076,1.9588652849197388,1.5124112443412443,-0.8131771683692932,-1.4701699018478394,-1.4071951708053019,1766201962.5161517
-0.8617234826087952,1.9522112607955933,1.5137203086433422,-0.8131771683692932,-1.4701699018478394,-1.4071951708053019,1766201962.5161622
-0.8602597713470459,1.945317268371582,1.5143952131670801,-0.8131771683692932,-1.4701699018478394,-1.4071951708053019,1766201962.5260372
-0.8602597713470459,1.945317268371582,1.5143952131670801,-0.8132766485214233,-1.4703547954559326,-1.4085692739298659,1766201962.5260248
-0.8602597713470459,1.945317268371582,1.5143952131670801,-0.8132050037384033,-1.4701805114746094,-1.4071947548130095,1766201962.5360558
-0.8588729500770569,1.9387016296386719,1.5104762324443899,-0.8132050037384033,-1.4701805114746094,-1.4071947548130095,1766201962.5360658
-0.8588729500770569,1.9387016296386719,1.5104762324443899,-0.813217282295227,-1.4701545238494873,-1.4071435020292768,1766201962.5461287
-0.8575078845024109,1.9323939085006714,1.5123574941139273,-0.813217282295227,-1.4701545238494873,-1.4071435020292768,1766201962.5461626
-0.8562868237495422,1.9250637292861938,1.5122557760879094,-0.813217282295227,-1.4701545238494873,-1.4071435020292768,1766201962.5561445
-0.8562868237495422,1.9250637292861938,1.5122557760879094,-0.8131300210952759,-1.4702565670013428,-1.4071721841167948,1766201962.5561092
-0.8562868237495422,1.9250637292861938,1.5122557760879094,-0.8132062554359436,-1.470176100730896,-1.4071571069132864,1766201962.5660968
-0.854384183883667,1.9187971353530884,1.5240023521670938,-0.8132062554359436,-1.470176100730896,-1.4071571069132864,1766201962.566132
-0.854384183883667,1.9187971353530884,1.5240023521670938,-0.8130304217338562,-1.4703525304794312,-1.4077297940294158,1766201962.5661478
-0.8538635969161987,1.9110791683197021,1.5093077214515198,-0.8130304217338562,-1.4703525304794312,-1.4077297940294158,1766201962.5661564
-0.8532547354698181,1.9047739505767822,1.5183929978495296,-0.8130304217338562,-1.4703525304794312,-1.4077297940294158,1766201962.5760658
-0.8532547354698181,1.9047739505767822,1.5183929978495296,-0.8130040168762207,-1.470314621925354,-1.407699127783129,1766201962.5760572
-0.8532547354698181,1.9047739505767822,1.5183929978495296,-0.812997043132782,-1.4702692031860352,-1.4074901141741927,1766201962.5861182
-0.8511150479316711,1.8968981504440308,1.5180717950608855,-0.812997043132782,-1.4702692031860352,-1.4074901141741927,1766201962.5861542
-0.8506589531898499,1.8894444704055786,1.5144560245963639,-0.812997043132782,-1.4702692031860352,-1.4074901141741927,1766201962.59616
-0.8506589531898499,1.8894444704055786,1.5144560245963639,-0.8130334615707397,-1.4703701734542847,-1.4076131434337635,1766201962.5961263
-0.8506589531898499,1.8894444704055786,1.5144560245963639,-0.8129576444625854,-1.4703235626220703,-1.407197315574564,1766201962.6061366
-0.849334180355072,1.881763219833374,1.510812936087986,-0.8129576444625854,-1.4703235626220703,-1.407197315574564,1766201962.6061702
-0.849334180355072,1.881763219833374,1.510812936087986,-0.8131236433982849,-1.4702317714691162,-1.4067079092457622,1766201962.6160614
-0.848310649394989,1.8738980293273926,1.5087712236070685,-0.8131236433982849,-1.4702317714691162,-1.4067079092457622,1766201962.6160963
-0.848310649394989,1.8738980293273926,1.5087712236070685,-0.8131664395332336,-1.4701528549194336,-1.4070218460809019,1766201962.6161122
-0.8471672534942627,1.8668385744094849,1.5091503913597397,-0.8131664395332336,-1.4701528549194336,-1.4070218460809019,1766201962.616123
-0.8471672534942627,1.8668385744094849,1.5091503913597397,-0.8130439519882202,-1.470298409461975,-1.4073004840228385,1766201962.626059
-0.846724271774292,1.8600714206695557,1.5117701437001345,-0.8130439519882202,-1.470298409461975,-1.4073004840228385,1766201962.6260672
-0.846724271774292,1.8600714206695557,1.5117701437001345,-0.8132187724113464,-1.4704440832138062,-1.4086772938156504,1766201962.6360393
-0.8449437022209167,1.8516525030136108,1.5040559330327599,-0.8132187724113464,-1.4704440832138062,-1.4086772938156504,1766201962.636049
-0.8449437022209167,1.8516525030136108,1.5040559330327599,-0.8132136464118958,-1.470163345336914,-1.407239148673106,1766201962.6461065
-0.8444250226020813,1.8443933725357056,1.5044306910000218,-0.8132136464118958,-1.470163345336914,-1.407239148673106,1766201962.6461427
-0.8444250226020813,1.8443933725357056,1.5044306910000218,-0.8130776882171631,-1.470298171043396,-1.4077392260054955,1766201962.6561038
-0.8427224159240723,1.8357439041137695,1.497014963469376,-0.8130776882171631,-1.470298171043396,-1.4077392260054955,1766201962.6561384
-0.8413072228431702,1.828123688697815,1.4967358627046863,-0.8130776882171631,-1.470298171043396,-1.4077392260054955,1766201962.6661477
-0.8413072228431702,1.828123688697815,1.4967358627046863,-0.8132473230361938,-1.4701616764068604,-1.4070557922795113,1766201962.6661134
-0.8411937355995178,1.8210543394088745,1.4971875277353945,-0.8132473230361938,-1.4701616764068604,-1.4070557922795113,1766201962.6661725
-0.8411937355995178,1.8210543394088745,1.4971875277353945,-0.8132555484771729,-1.4701523780822754,-1.407147291346345,1766201962.6661632
-0.8411937355995178,1.8210543394088745,1.4971875277353945,-0.8132621645927429,-1.4701738357543945,-1.4072776185787457,1766201962.676072
-0.8390653729438782,1.812756896018982,1.4921241287503226,-0.8132621645927429,-1.4701738357543945,-1.4072776185787457,1766201962.6761045
-0.8390653729438782,1.812756896018982,1.4921241287503226,-0.8130982518196106,-1.4702999591827393,-1.4072052017837173,1766201962.68613
-0.8375991582870483,1.8052374124526978,1.4906353820435738,-0.8130982518196106,-1.4702999591827393,-1.4072052017837173,1766201962.6861656
-0.8375991582870483,1.8052374124526978,1.4906353820435738,-0.8132070302963257,-1.4701673984527588,-1.4071410492152945,1766201962.6961057
-0.8368092775344849,1.7969225645065308,1.4795829689065785,-0.8132070302963257,-1.4701673984527588,-1.4071410492152945,1766201962.6961398
-0.834863007068634,1.7894667387008667,1.4931972655794754,-0.8132070302963257,-1.4701673984527588,-1.4071410492152945,1766201962.706087
-0.834863007068634,1.7894667387008667,1.4931972655794754,-0.8132708072662354,-1.4703245162963867,-1.4084106921806052,1766201962.7060518
-0.834863007068634,1.7894667387008667,1.4931972655794754,-0.8131030201911926,-1.470275640487671,-1.4071944612723868,1766201962.7160459
-0.8341934680938721,1.7815287113189697,1.4718458948358422,-0.8131030201911926,-1.470275640487671,-1.4071944612723868,1766201962.7160559
-0.8341934680938721,1.7815287113189697,1.4718458948358422,-0.8131116628646851,-1.4702532291412354,-1.4071788935537761,1766201962.7160602
-0.8333234190940857,1.774703860282898,1.4763060808346666,-0.8131116628646851,-1.4702532291412354,-1.4071788935537761,1766201962.716063
-0.8333234190940857,1.774703860282898,1.4763060808346666,-0.8131557703018188,-1.470157504081726,-1.4072708231744206,1766201962.726067
-0.8312041163444519,1.7668640613555908,1.4735150890820072,-0.8131557703018188,-1.470157504081726,-1.4072708231744206,1766201962.7260978
-0.8312041163444519,1.7668640613555908,1.4735150890820072,-0.81316739320755,-1.4701367616653442,-1.4071922709293772,1766201962.7461045
-0.8292646408081055,1.7526586055755615,1.4660642414202905,-0.81316739320755,-1.4701367616653442,-1.4071922709293772,1766201962.746157
-0.8292646408081055,1.7526586055755615,1.4660642414202905,-0.8131636381149292,-1.4701777696609497,-1.4072187609087525,1766201962.7461464
-0.8280017971992493,1.7452831268310547,1.4619172615006883,-0.8131636381149292,-1.4701777696609497,-1.4072187609087525,1766201962.7560632
-0.8280017971992493,1.7452831268310547,1.4619172615006883,-0.8131726384162903,-1.47016179561615,-1.4071989429674547,1766201962.7560537
-0.8280017971992493,1.7452831268310547,1.4619172615006883,-0.8131796717643738,-1.4702084064483643,-1.4073336516248653,1766201962.7660198
-0.826481819152832,1.7379169464111328,1.4576125738320278,-0.8131796717643738,-1.4702084064483643,-1.4073336516248653,1766201962.766032
-0.826481819152832,1.7379169464111328,1.4576125738320278,-0.8130844831466675,-1.470335841178894,-1.4078050094770758,1766201962.766038
-0.8249531984329224,1.7300435304641724,1.4400530286601878,-0.8130844831466675,-1.470335841178894,-1.4078050094770758,1766201962.7660632
-0.8249531984329224,1.7300435304641724,1.4400530286601878,-0.8131958246231079,-1.4701894521713257,-1.4073125610595276,1766201962.7760022
-0.8226880431175232,1.723127007484436,1.4547049255787587,-0.8131958246231079,-1.4701894521713257,-1.4073125610595276,1766201962.7760115
-0.8215111494064331,1.716200828552246,1.4458447664513512,-0.8131958246231079,-1.4701894521713257,-1.4073125610595276,1766201962.7861454
-0.8215111494064331,1.716200828552246,1.4458447664513512,-0.813212513923645,-1.4701340198516846,-1.407266665573365,1766201962.7861116
-0.8215111494064331,1.716200828552246,1.4458447664513512,-0.8131977915763855,-1.4701701402664185,-1.4072675698104162,1766201962.7961025
-0.8191866278648376,1.702983021736145,1.43688062589257,-0.8131977915763855,-1.4701701402664185,-1.4072675698104162,1766201962.8061318
-0.8191866278648376,1.702983021736145,1.43688062589257,-0.8131776452064514,-1.4701474905014038,-1.4071737678739151,1766201962.8060982
-0.8191866278648376,1.702983021736145,1.43688062589257,-0.8131864070892334,-1.4701688289642334,-1.4074257464352131,1766201962.816126
-0.8167805671691895,1.6956768035888672,1.439990097370438,-0.8131864070892334,-1.4701688289642334,-1.4074257464352131,1766201962.8161597
-0.8167805671691895,1.6956768035888672,1.439990097370438,-0.8131631016731262,-1.4701826572418213,-1.4071174736569365,1766201962.816176
-0.8162215948104858,1.6899257898330688,1.4347144814504276,-0.8131631016731262,-1.4701826572418213,-1.4071174736569365,1766201962.8161867
-0.8162215948104858,1.6899257898330688,1.4347144814504276,-0.8132176399230957,-1.4702067375183105,-1.4068752390067099,1766201962.8261507
-0.8162215948104858,1.6899257898330688,1.4347144814504276,-0.8129802942276001,-1.4702842235565186,-1.4076300413721052,1766201962.8360415
-0.8133640289306641,1.6761125326156616,1.431352198058673,-0.8129802942276001,-1.4702842235565186,-1.4076300413721052,1766201962.8360515
-0.812076210975647,1.6694152355194092,1.427607983439946,-0.8129802942276001,-1.4702842235565186,-1.4076300413721052,1766201962.8461473
-0.812076210975647,1.6694152355194092,1.427607983439946,-0.8130380511283875,-1.47029709815979,-1.4075607729402542,1766201962.8461134
-0.8109461665153503,1.6627215147018433,1.4267739085128213,-0.8130380511283875,-1.47029709815979,-1.4075607729402542,1766201962.8561625
-0.8109461665153503,1.6627215147018433,1.4267739085128213,-0.8130024075508118,-1.4703067541122437,-1.4078596703469841,1766201962.8561294
-0.8109461665153503,1.6627215147018433,1.4267739085128213,-0.8131085634231567,-1.470267653465271,-1.4071774778914947,1766201962.8661034
-0.8109461665153503,1.6627215147018433,1.4267739085128213,-0.8130351305007935,-1.4703915119171143,-1.4075052440905749,1766201962.8661432
-0.8091309070587158,1.649419903755188,1.425394216819422,-0.8130351305007935,-1.4703915119171143,-1.4075052440905749,1766201962.8661551
-0.8091309070587158,1.649419903755188,1.425394216819422,-0.8131645917892456,-1.4702558517456055,-1.4070739026395385,1766201962.8760083
-0.807805597782135,1.6421879529953003,1.4214889876448262,-0.8131645917892456,-1.4702558517456055,-1.4070739026395385,1766201962.8760178
-0.807805597782135,1.6421879529953003,1.4214889876448262,-0.8131425380706787,-1.470298171043396,-1.407846955399383,1766201962.886041
-0.807805597782135,1.6421879529953003,1.4214889876448262,-0.8131201863288879,-1.4702810049057007,-1.407639343201838,1766201962.8960428
-0.8065037131309509,1.6282435655593872,1.4202807037933913,-0.8131201863288879,-1.4702810049057007,-1.407639343201838,1766201962.896054
-0.8065037131309509,1.6282435655593872,1.4202807037933913,-0.813259482383728,-1.4701213836669922,-1.407138996817046,1766201962.9061117
-0.8055864572525024,1.620289921760559,1.4179882687518037,-0.813259482383728,-1.4701213836669922,-1.407138996817046,1766201962.9061453
-0.8061590194702148,1.61415433883667,1.417218743284857,-0.813259482383728,-1.4701213836669922,-1.407138996817046,1766201962.916158
-0.8061590194702148,1.61415433883667,1.417218743284857,-0.8130658268928528,-1.4703710079193115,-1.4074605829979139,1766201962.9161246
-0.8061099648475647,1.6070297956466675,1.4157527571818882,-0.8130658268928528,-1.4703710079193115,-1.4074605829979139,1766201962.9161823
-0.8061099648475647,1.6070297956466675,1.4157527571818882,-0.8131147623062134,-1.470307469367981,-1.4075540397281971,1766201962.916173
-0.8061099648475647,1.6070297956466675,1.4157527571818882,-0.8130266666412354,-1.470310091972351,-1.4076045273764455,1766201962.926091
-0.8063252568244934,1.5999425649642944,1.4147793700177076,-0.8130266666412354,-1.470310091972351,-1.4076045273764455,1766201962.9260993
-0.8063252568244934,1.5999425649642944,1.4147793700177076,-0.8129988312721252,-1.4702939987182617,-1.407775362445956,1766201962.93604
-0.806861400604248,1.5924570560455322,1.4152687260848407,-0.8129988312721252,-1.4702939987182617,-1.407775362445956,1766201962.9360492
-0.80751633644104,1.5852701663970947,1.4139950955538982,-0.8129988312721252,-1.4702939987182617,-1.407775362445956,1766201962.9461524
-0.80751633644104,1.5852701663970947,1.4139950955538982,-0.8129568099975586,-1.4703369140625,-1.4074221732901235,1766201962.946119
-0.8083440661430359,1.5778409242630005,1.4102918502322175,-0.8129568099975586,-1.4703369140625,-1.4074221732901235,1766201962.9561427
-0.8083440661430359,1.5778409242630005,1.4102918502322175,-0.8130621314048767,-1.4702928066253662,-1.4074937171529756,1766201962.9561071
-0.8083440661430359,1.5778409242630005,1.4102918502322175,-0.8130049705505371,-1.4703341722488403,-1.4078268522932238,1766201962.966104
-0.809815526008606,1.5710524320602417,1.4021001484506557,-0.8130049705505371,-1.4703341722488403,-1.4078268522932238,1766201962.966137
-0.809815526008606,1.5710524320602417,1.4021001484506557,-0.8131910562515259,-1.4701666831970215,-1.407290994547693,1766201962.9661524
-0.8109873533248901,1.563428282737732,1.3982575332171803,-0.8131910562515259,-1.4701666831970215,-1.407290994547693,1766201962.9661615
-0.8123672604560852,1.5557864904403687,1.3942293723432515,-0.8131910562515259,-1.4701666831970215,-1.407290994547693,1766201962.9760878
-0.8123672604560852,1.5557864904403687,1.3942293723432515,-0.8130419850349426,-1.4702571630477905,-1.407500364792624,1766201962.9760792
-0.8123672604560852,1.5557864904403687,1.3942293723432515,-0.8130017518997192,-1.4704080820083618,-1.4076091560811093,1766201962.986059
-0.8129052519798279,1.546759843826294,1.3976397502760318,-0.8130017518997192,-1.4704080820083618,-1.4076091560811093,1766201962.986089
-0.8129052519798279,1.546759843826294,1.3976397502760318,-0.8130741119384766,-1.4703471660614014,-1.4077708954136832,1766201962.9960415
-0.8145263195037842,1.538907527923584,1.3939107169600728,-0.8130741119384766,-1.4703471660614014,-1.4077708954136832,1766201962.996051
-0.8172832131385803,1.5321580171585083,1.3867627150674222,-0.8130741119384766,-1.4703471660614014,-1.4077708954136832,1766201963.0061479
-0.8172832131385803,1.5321580171585083,1.3867627150674222,-0.8130159378051758,-1.470291256904602,-1.4078735786630012,1766201963.006114
-0.8172832131385803,1.5321580171585083,1.3867627150674222,-0.8130740523338318,-1.4702593088150024,-1.4076916519451097,1766201963.0161035
-0.8202691078186035,1.524997353553772,1.3753410428707684,-0.8130740523338318,-1.4702593088150024,-1.4076916519451097,1766201963.0161386
-0.8202691078186035,1.524997353553772,1.3753410428707684,-0.8130913972854614,-1.4703301191329956,-1.4077809363930394,1766201963.0161552
-0.8224540948867798,1.5166984796524048,1.3685803608132066,-0.8130913972854614,-1.4703301191329956,-1.4077809363930394,1766201963.0161657
-0.8238981366157532,1.5080612897872925,1.3750269453997788,-0.8130913972854614,-1.4703301191329956,-1.4077809363930394,1766201963.0261517
-0.8238981366157532,1.5080612897872925,1.3750269453997788,-0.8132154941558838,-1.4701544046401978,-1.4074041483885398,1766201963.0261428
-0.8238981366157532,1.5080612897872925,1.3750269453997788,-0.8131784796714783,-1.470159649848938,-1.4072659614107854,1766201963.0360513
-0.8260713815689087,1.4992306232452393,1.367212615870355,-0.8131784796714783,-1.470159649848938,-1.4072659614107854,1766201963.0360603
-0.8260713815689087,1.4992306232452393,1.367212615870355,-0.8131629824638367,-1.470165729522705,-1.407368123163805,1766201963.0460143
-0.8271074295043945,1.4891464710235596,1.3719105738467565,-0.8131629824638367,-1.470165729522705,-1.407368123163805,1766201963.0460258
-0.8271074295043945,1.4891464710235596,1.3719105738467565,-0.8130683898925781,-1.470264196395874,-1.4072403932365778,1766201963.0561273
-0.8308306336402893,1.4820102453231812,1.360608216409036,-0.8130683898925781,-1.470264196395874,-1.4072403932365778,1766201963.056161
-0.8308306336402893,1.4820102453231812,1.360608216409036,-0.8130704760551453,-1.4702626466751099,-1.4072111937890361,1766201963.0661182
-0.8335049152374268,1.4735267162322998,1.3566667726111732,-0.8130704760551453,-1.4702626466751099,-1.4072111937890361,1766201963.066152
-0.8335049152374268,1.4735267162322998,1.3566667726111732,-0.8130981922149658,-1.4701893329620361,-1.406858338656026,1766201963.0661678
-0.8369014263153076,1.4534329175949097,1.3592441324640887,-0.8130981922149658,-1.4701893329620361,-1.406858338656026,1766201963.0760155
-0.8369014263153076,1.4534329175949097,1.3592441324640887,-0.8131482005119324,-1.4701672792434692,-1.4071924533088906,1766201963.076006
-0.8422621488571167,1.4468190670013428,1.33275628157051,-0.8131482005119324,-1.4701672792434692,-1.4071924533088906,1766201963.0860603
-0.8422621488571167,1.4468190670013428,1.33275628157051,-0.8130567669868469,-1.4703346490859985,-1.4073863496627033,1766201963.0860488
-0.8422621488571167,1.4468190670013428,1.33275628157051,-0.8130221366882324,-1.470277190208435,-1.4077011170178388,1766201963.096106
-0.8453558683395386,1.4274442195892334,1.3242285755262975,-0.8130221366882324,-1.470277190208435,-1.4077011170178388,1766201963.1061425
-0.8453558683395386,1.4274442195892334,1.3242285755262975,-0.8130666017532349,-1.4702515602111816,-1.40757752324658,1766201963.1061077
-0.8453558683395386,1.4274442195892334,1.3242285755262975,-0.8131966590881348,-1.4701581001281738,-1.407437275571589,1766201963.116135
-0.8492075204849243,1.4183896780014038,1.3050606637984847,-0.8131966590881348,-1.4701581001281738,-1.407437275571589,1766201963.1161695
-0.8492075204849243,1.4183896780014038,1.3050606637984847,-0.8132072687149048,-1.4701510667800903,-1.4072233221765635,1766201963.116187
-0.8492075204849243,1.4183896780014038,1.3050606637984847,-0.813238263130188,-1.4701292514801025,-1.407238607167627,1766201963.1260576
-0.8492075204849243,1.4183896780014038,1.3050606637984847,-0.8130512237548828,-1.4703243970870972,-1.407824492180731,1766201963.136046
-0.8492075204849243,1.4183896780014038,1.3050606637984847,-0.8131111264228821,-1.4703556299209595,-1.4077493262942093,1766201963.156104
-0.8587315082550049,1.3808314800262451,1.3169846113877042,-0.8131111264228821,-1.4703556299209595,-1.4077493262942093,1766201963.15614
-0.8587315082550049,1.3808314800262451,1.3169846113877042,-0.8132374882698059,-1.4701218605041504,-1.407125240571432,1766201963.1561563
-0.8587315082550049,1.3808314800262451,1.3169846113877042,-0.8130432367324829,-1.4702695608139038,-1.4074897482226774,1766201963.1660655
-0.8649935126304626,1.362494707107544,1.3058150242396722,-0.8130432367324829,-1.4702695608139038,-1.4074897482226774,1766201963.1660995
-0.8649935126304626,1.362494707107544,1.3058150242396722,-0.8132022023200989,-1.470090389251709,-1.4070413585758454,1766201963.1661158
-0.8673401474952698,1.3527562618255615,1.306223031204118,-0.8132022023200989,-1.470090389251709,-1.4070413585758454,1766201963.1661246
-0.8673401474952698,1.3527562618255615,1.306223031204118,-0.8129568099975586,-1.470260500907898,-1.4071128946214375,1766201963.1761084
-0.8719620704650879,1.3435041904449463,1.289324436561726,-0.8129568099975586,-1.470260500907898,-1.4071128946214375,1766201963.1761189
-0.8719620704650879,1.3435041904449463,1.289324436561726,-0.8129476308822632,-1.4703127145767212,-1.407246110292133,1766201963.186043
-0.8735346794128418,1.3336142301559448,1.3063146337099205,-0.8129476308822632,-1.4703127145767212,-1.407246110292133,1766201963.1860526
-0.8735346794128418,1.3336142301559448,1.3063146337099205,-0.8129783868789673,-1.470383644104004,-1.407740233538385,1766201963.1961308
-0.8790158033370972,1.3141403198242188,1.309562533045572,-0.8129783868789673,-1.470383644104004,-1.407740233538385,1766201963.2061489
-0.8790158033370972,1.3141403198242188,1.309562533045572,-0.8130416870117188,-1.4702832698822021,-1.4075497070203686,1766201963.2061133
-0.8819610476493835,1.3044097423553467,1.307855415722835,-0.8130416870117188,-1.4702832698822021,-1.4075497070203686,1766201963.2161627
-0.8819610476493835,1.3044097423553467,1.307855415722835,-0.8130780458450317,-1.4702950716018677,-1.4076552532205724,1766201963.2161276
-0.8849788904190063,1.294433832168579,1.3098912671416372,-0.8130780458450317,-1.4702950716018677,-1.4076552532205724,1766201963.2161882
-0.8849788904190063,1.294433832168579,1.3098912671416372,-0.813076913356781,-1.4703302383422852,-1.407839739277829,1766201963.216179
-0.8849788904190063,1.294433832168579,1.3098912671416372,-0.8131347894668579,-1.470288634300232,-1.4075754940367227,1766201963.2261171
-0.8891417980194092,1.2846449613571167,1.2954437608044047,-0.8131347894668579,-1.470288634300232,-1.4075754940367227,1766201963.226151
-0.8923486471176147,1.2745174169540405,1.2960868550602613,-0.8131347894668579,-1.470288634300232,-1.4075754940367227,1766201963.2360523
-0.8923486471176147,1.2745174169540405,1.2960868550602613,-0.8131719827651978,-1.4701097011566162,-1.4073842177497076,1766201963.236042
-0.8942626118659973,1.2642507553100586,1.31532654682024,-0.8131719827651978,-1.4701097011566162,-1.4073842177497076,1766201963.246145
-0.8942626118659973,1.2642507553100586,1.31532654682024,-0.8130744695663452,-1.4703041315078735,-1.4076916161118511,1766201963.2461107
-0.8942626118659973,1.2642507553100586,1.31532654682024,-0.8130401372909546,-1.4703176021575928,-1.4077259306086858,1766201963.2560816
-0.8988807201385498,1.2543030977249146,1.2977029555979374,-0.8130401372909546,-1.4703176021575928,-1.4077259306086858,1766201963.2561235
-0.8988807201385498,1.2543030977249146,1.2977029555979374,-0.813021183013916,-1.4703236818313599,-1.4078200692855956,1766201963.2659786
-0.9008235335350037,1.243863821029663,1.3172857229536241,-0.813021183013916,-1.4703236818313599,-1.4078200692855956,1766201963.265996
-0.9008235335350037,1.243863821029663,1.3172857229536241,-0.8130376935005188,-1.4704455137252808,-1.4076773218337362,1766201963.2664828
-0.9037849307060242,1.233599305152893,1.318367462058503,-0.8130376935005188,-1.4704455137252808,-1.4076773218337362,1766201963.266504
-0.9037849307060242,1.233599305152893,1.318367462058503,-0.8130773305892944,-1.4702792167663574,-1.4073640196386143,1766201963.2760084
-0.9084012508392334,1.223468542098999,1.3018940904732998,-0.8130773305892944,-1.4702792167663574,-1.4073640196386143,1766201963.2760253
-0.9084012508392334,1.223468542098999,1.3018940904732998,-0.8129854202270508,-1.4703052043914795,-1.4078072495236684,1766201963.286115
-0.9098930358886719,1.2128535509109497,1.319163472465111,-0.8129854202270508,-1.4703052043914795,-1.4078072495236684,1766201963.286153
-0.9098930358886719,1.2128535509109497,1.319163472465111,-0.8130737543106079,-1.4703457355499268,-1.407709253036953,1766201963.2960293
-0.913094699382782,1.2024511098861694,1.320527430237991,-0.8130737543106079,-1.4703457355499268,-1.407709253036953,1766201963.2960641
-0.913094699382782,1.2024511098861694,1.320527430237991,-0.812960147857666,-1.4703000783920288,-1.4077151968523847,1766201963.3060405
-0.916079044342041,1.1919879913330078,1.32281500468684,-0.812960147857666,-1.4703000783920288,-1.4077151968523847,1766201963.3060791
-0.916079044342041,1.1919879913330078,1.32281500468684,-0.8129547834396362,-1.4704617261886597,-1.4074964212037993,1766201963.3160331
-0.9188944697380066,1.1814154386520386,1.3204540049914795,-0.8129547834396362,-1.4704617261886597,-1.4074964212037993,1766201963.3160436
-0.9188944697380066,1.1814154386520386,1.3204540049914795,-0.8131424784660339,-1.4701707363128662,-1.4073416989572534,1766201963.3160484
-0.9220436215400696,1.1707693338394165,1.3217533534935781,-0.8131424784660339,-1.4701707363128662,-1.4073416989572534,1766201963.3160512
-0.9257012009620667,1.1596869230270386,1.3338805761268984,-0.8131424784660339,-1.4701707363128662,-1.4073416989572534,1766201963.3260515
-0.9257012009620667,1.1596869230270386,1.3338805761268984,-0.8131607174873352,-1.4701433181762695,-1.4072062285290703,1766201963.32604
-0.9257012009620667,1.1596869230270386,1.3338805761268984,-0.8131554126739502,-1.470157265663147,-1.4071735319039216,1766201963.3360484
-0.9286893606185913,1.1489183902740479,1.3330996569343823,-0.8131554126739502,-1.470157265663147,-1.4071735319039216,1766201963.3360624
-0.9286893606185913,1.1489183902740479,1.3330996569343823,-0.8131005764007568,-1.4702974557876587,-1.407515330300737,1766201963.3461146
-0.9286893606185913,1.1489183902740479,1.3330996569343823,-0.8131773471832275,-1.4704844951629639,-1.4089561234802488,1766201963.356104
-0.9345816373825073,1.127192735671997,1.3323164962793708,-0.8131773471832275,-1.4704844951629639,-1.4089561234802488,1766201963.3561394
-0.936637818813324,1.1165990829467773,1.3217672806512883,-0.8131773471832275,-1.4704844951629639,-1.4089561234802488,1766201963.366079
-0.936637818813324,1.1165990829467773,1.3217672806512883,-0.8131927251815796,-1.4702038764953613,-1.407477383219287,1766201963.3660433
-0.9394528269767761,1.1054563522338867,1.3200304750453393,-0.8131927251815796,-1.4702038764953613,-1.407477383219287,1766201963.366106
-0.9394528269767761,1.1054563522338867,1.3200304750453393,-0.8132461309432983,-1.4701745510101318,-1.407058828385146,1766201963.3660967
-0.9394528269767761,1.1054563522338867,1.3200304750453393,-0.8132484555244446,-1.470138669013977,-1.4071303843571898,1766201963.3760285
-0.9394528269767761,1.1054563522338867,1.3200304750453393,-0.8131929636001587,-1.4702175855636597,-1.4072853521524413,1766201963.3860302
-0.9438621401786804,1.0831565856933594,1.3285360827292771,-0.8131929636001587,-1.4702175855636597,-1.4072853521524413,1766201963.3860443
-0.9438621401786804,1.0831565856933594,1.3285360827292771,-0.8131891489028931,-1.4701414108276367,-1.4071995793456056,1766201963.3960826
-0.9467785954475403,1.0722073316574097,1.3253025638993658,-0.8131891489028931,-1.4701414108276367,-1.4071995793456056,1766201963.3961177
-0.9486761689186096,1.061026692390442,1.325133866454017,-0.8131891489028931,-1.4701414108276367,-1.4071995793456056,1766201963.4061096
-0.9486761689186096,1.061026692390442,1.325133866454017,-0.8131938576698303,-1.4701191186904907,-1.4069504257852377,1766201963.4060726
-0.9486761689186096,1.061026692390442,1.325133866454017,-0.8129458427429199,-1.4703094959259033,-1.407133750307383,1766201963.4161038
-0.9504377245903015,1.0498474836349487,1.3251701461180938,-0.8129458427429199,-1.4703094959259033,-1.407133750307383,1766201963.4161394
-0.9504377245903015,1.0498474836349487,1.3251701461180938,-0.8131316304206848,-1.4702280759811401,-1.4066703374567358,1766201963.4260967
-0.9504377245903015,1.0498474836349487,1.3251701461180938,-0.8130255341529846,-1.4702948331832886,-1.4076189751532535,1766201963.4261472
-0.9529322981834412,1.0380374193191528,1.340327995286189,-0.8130255341529846,-1.4702948331832886,-1.4076189751532535,1766201963.4261303
-0.9538434743881226,1.0269843339920044,1.3326739097683191,-0.8130255341529846,-1.4702948331832886,-1.4076189751532535,1766201963.4261565
-0.9538434743881226,1.0269843339920044,1.3326739097683191,-0.813064694404602,-1.4702602624893188,-1.4071759662452406,1766201963.4359815
-0.9555650353431702,1.0159844160079956,1.331356865832225,-0.813064694404602,-1.4702602624893188,-1.4071759662452406,1766201963.4360032
-0.9555650353431702,1.0159844160079956,1.331356865832225,-0.8130950927734375,-1.4702939987182617,-1.4076400906355957,1766201963.4459865
-0.9574941396713257,1.0040074586868286,1.3509840390005616,-0.8130950927734375,-1.4702939987182617,-1.4076400906355957,1766201963.446009
-0.9574941396713257,1.0040074586868286,1.3509840390005616,-0.8130759596824646,-1.470332145690918,-1.407780410138072,1766201963.4560487
-0.9588993191719055,0.9925002455711365,1.3517832946476673,-0.8130759596824646,-1.470332145690918,-1.407780410138072,1766201963.4560688
-0.9588993191719055,0.9925002455711365,1.3517832946476673,-0.8130800724029541,-1.470254898071289,-1.4078156602538223,1766201963.466108
-0.9596312642097473,0.9814291000366211,1.3416473565677027,-0.8130800724029541,-1.470254898071289,-1.4078156602538223,1766201963.4661431
-0.9596312642097473,0.9814291000366211,1.3416473565677027,-0.8131917715072632,-1.4701837301254272,-1.407364443821666,1766201963.466159
-0.9608088731765747,0.9700030088424683,1.3466984022536943,-0.8131917715072632,-1.4701837301254272,-1.407364443821666,1766201963.4661698
-0.9629107713699341,0.9579780101776123,1.361864580976874,-0.8131917715072632,-1.4701837301254272,-1.407364443821666,1766201963.4760635
-0.9629107713699341,0.9579780101776123,1.361864580976874,-0.8132153749465942,-1.470133662223816,-1.4072398845190353,1766201963.4760547
-0.9634397625923157,0.946735680103302,1.3518647610322352,-0.8132153749465942,-1.470133662223816,-1.4072398845190353,1766201963.486108
-0.9634397625923157,0.946735680103302,1.3518647610322352,-0.8130945563316345,-1.4703377485275269,-1.407759306502079,1766201963.4860783
-0.9634397625923157,0.946735680103302,1.3518647610322352,-0.8132092356681824,-1.4701697826385498,-1.4072693617362404,1766201963.4960861
-0.9654846787452698,0.9346001148223877,1.3689120289535914,-0.8132092356681824,-1.4701697826385498,-1.4072693617362404,1766201963.4961221
-0.9654846787452698,0.9346001148223877,1.3689120289535914,-0.8130198121070862,-1.4703246355056763,-1.4078117288825251,1766201963.5060534
-0.9667060971260071,0.9228621125221252,1.3724339122426734,-0.8130198121070862,-1.4703246355056763,-1.4078117288825251,1766201963.506087
-0.9667060971260071,0.9228621125221252,1.3724339122426734,-0.81305992603302,-1.4702861309051514,-1.407575384379209,1766201963.5160744
-0.9671972393989563,0.9114494323730469,1.3617134506269097,-0.81305992603302,-1.4702861309051514,-1.407575384379209,1766201963.5161092
-0.9671972393989563,0.9114494323730469,1.3617134506269097,-0.8130371570587158,-1.4702996015548706,-1.407627832618065,1766201963.5161254
-0.9685138463973999,0.8994811177253723,1.36802466028848,-0.8130371570587158,-1.4702996015548706,-1.407627832618065,1766201963.5161357
-0.9685138463973999,0.8994811177253723,1.36802466028848,-0.8130007982254028,-1.470318078994751,-1.4077970846195538,1766201963.526115
-0.9698600769042969,0.8874388337135315,1.3728546473455863,-0.8130007982254028,-1.470318078994751,-1.4077970846195538,1766201963.526124
-0.9698600769042969,0.8874388337135315,1.3728546473455863,-0.8131385445594788,-1.470138430595398,-1.4072042546391144,1766201963.5360408
-0.9709910750389099,0.875414252281189,1.3758092101706074,-0.8131385445594788,-1.470138430595398,-1.4072042546391144,1766201963.5360515
-0.9709910750389099,0.875414252281189,1.3758092101706074,-0.8129947185516357,-1.4704530239105225,-1.4077314881019365,1766201963.5460734
-0.9729992747306824,0.8628570437431335,1.391323246416917,-0.8129947185516357,-1.4704530239105225,-1.4077314881019365,1766201963.5460854
-0.9743337631225586,0.8507479429244995,1.3956266955541836,-0.8129947185516357,-1.4704530239105225,-1.4077314881019365,1766201963.5561311
-0.9743337631225586,0.8507479429244995,1.3956266955541836,-0.8131442070007324,-1.4701623916625977,-1.4074647723046774,1766201963.5560975
-0.9747424125671387,0.8389388918876648,1.3838895510275144,-0.8131442070007324,-1.4701623916625977,-1.4074647723046774,1766201963.56616
-0.9747424125671387,0.8389388918876648,1.3838895510275144,-0.8130223751068115,-1.4703037738800049,-1.407927915853708,1766201963.566127
-0.9768673181533813,0.8262123465538025,1.4029155289781958,-0.8130223751068115,-1.4703037738800049,-1.407927915853708,1766201963.566186
-0.9768673181533813,0.8262123465538025,1.4029155289781958,-0.8130936622619629,-1.4702826738357544,-1.4078640722729059,1766201963.5661757
-0.9768673181533813,0.8262123465538025,1.4029155289781958,-0.8132093548774719,-1.47016179561615,-1.4072240382541745,1766201963.5760317
-0.9781047105789185,0.8136327266693115,1.4061674909289807,-0.8132093548774719,-1.47016179561615,-1.4072240382541745,1766201963.576041
-0.9781047105789185,0.8136327266693115,1.4061674909289807,-0.8130982518196106,-1.4703080654144287,-1.407874460516404,1766201963.586106
-0.9795953631401062,0.8014464974403381,1.4101170978707234,-0.8130982518196106,-1.4703080654144287,-1.407874460516404,1766201963.5861392
-0.9795953631401062,0.8014464974403381,1.4101170978707234,-0.8132421374320984,-1.4702112674713135,-1.407041336578326,1766201963.5960531
-0.9808481335639954,0.7891024947166443,1.4124958885381973,-0.8132421374320984,-1.4702112674713135,-1.407041336578326,1766201963.5960875
-0.9808481335639954,0.7891024947166443,1.4124958885381973,-0.8131193518638611,-1.4703320264816284,-1.4077510790115282,1766201963.6060529
-0.9821598529815674,0.7765656113624573,1.414968615145058,-0.8131193518638611,-1.4703320264816284,-1.4077510790115282,1766201963.6060865
-0.9821598529815674,0.7765656113624573,1.414968615145058,-0.8131870031356812,-1.4702814817428589,-1.407202839978211,1766201963.6160722
-0.9834335446357727,0.7643237709999084,1.4189358563505636,-0.8131870031356812,-1.4702814817428589,-1.407202839978211,1766201963.6161067
-0.9834335446357727,0.7643237709999084,1.4189358563505636,-0.8132391571998596,-1.4701433181762695,-1.407082406853083,1766201963.6161222
-0.9846596121788025,0.7517927289009094,1.4195279632234015,-0.8132391571998596,-1.4701433181762695,-1.407082406853083,1766201963.6161325
-0.9858946204185486,0.7395505309104919,1.4211931089385765,-0.8132391571998596,-1.4701433181762695,-1.407082406853083,1766201963.6360538
-0.9858946204185486,0.7395505309104919,1.4211931089385765,-0.8131188154220581,-1.4702692031860352,-1.4076018289701158,1766201963.6360433
-0.9871076345443726,0.7271995544433594,1.4206163472784752,-0.8131188154220581,-1.4702692031860352,-1.4076018289701158,1766201963.6360612
-0.9871076345443726,0.7271995544433594,1.4206163472784752,-0.8129611015319824,-1.4703011512756348,-1.407113657467098,1766201963.6360586
-0.9875596761703491,0.7153196334838867,1.4123779890748662,-0.8129611015319824,-1.4703011512756348,-1.407113657467098,1766201963.6461418
-0.9875596761703491,0.7153196334838867,1.4123779890748662,-0.8131969571113586,-1.4701147079467773,-1.4071583772008744,1766201963.646107
-0.9875596761703491,0.7153196334838867,1.4123779890748662,-0.8131458163261414,-1.4701683521270752,-1.4067980792259238,1766201963.6561174
-0.9897230863571167,0.7035369873046875,1.4183116551117538,-0.8131458163261414,-1.4701683521270752,-1.4067980792259238,1766201963.6561508
-0.9898329377174377,0.690865695476532,1.412578892256466,-0.8131458163261414,-1.4701683521270752,-1.4067980792259238,1766201963.6661482
-0.9898329377174377,0.690865695476532,1.412578892256466,-0.8130196928977966,-1.4703737497329712,-1.4074923153216874,1766201963.6661098
-0.9914129972457886,0.6782296895980835,1.421312655232424,-0.8130196928977966,-1.4703737497329712,-1.4074923153216874,1766201963.6661744
-0.9914129972457886,0.6782296895980835,1.421312655232424,-0.8129359483718872,-1.4703660011291504,-1.4075366232867867,1766201963.666164
-0.9923830628395081,0.6660780310630798,1.4206159675475019,-0.8129359483718872,-1.4703660011291504,-1.4075366232867867,1766201963.6760514
-0.9923830628395081,0.6660780310630798,1.4206159675475019,-0.8131510615348816,-1.4703000783920288,-1.4074640035680144,1766201963.6760416
-0.9923830628395081,0.6660780310630798,1.4206159675475019,-0.8131319284439087,-1.4702935218811035,-1.4075217587425808,1766201963.6860085
-0.9926739931106567,0.6541102528572083,1.408137870446544,-0.8131319284439087,-1.4702935218811035,-1.4075217587425808,1766201963.6860182
-0.9926739931106567,0.6541102528572083,1.408137870446544,-0.813222348690033,-1.4701926708221436,-1.4074081182676978,1766201963.6961012
-0.9952929615974426,0.6428743600845337,1.4111034032605607,-0.813222348690033,-1.4701926708221436,-1.4074081182676978,1766201963.6961377
-0.9942373037338257,0.6300169229507446,1.408957480012635,-0.813222348690033,-1.4701926708221436,-1.4074081182676978,1766201963.7061398
-0.9942373037338257,0.6300169229507446,1.408957480012635,-0.8131095170974731,-1.4703322649002075,-1.4078781905165039,1766201963.7061064
-0.994767963886261,0.6181684136390686,1.4071613304912083,-0.8131095170974731,-1.4703322649002075,-1.4078781905165039,1766201963.7161562
-0.994767963886261,0.6181684136390686,1.4071613304912083,-0.8132352232933044,-1.4702048301696777,-1.4073371783131299,1766201963.7161202
-0.9969152212142944,0.6057080030441284,1.4108789811228144,-0.8132352232933044,-1.4702048301696777,-1.4073371783131299,1766201963.7162206
-0.9969152212142944,0.6057080030441284,1.4108789811228144,-0.8132147789001465,-1.4701964855194092,-1.407442967343919,1766201963.7162063
-0.9971336126327515,0.5943173170089722,1.3994831738461881,-0.8132147789001465,-1.4701964855194092,-1.407442967343919,1766201963.7261724
-0.9971336126327515,0.5943173170089722,1.3994831738461881,-0.8130185008049011,-1.4703313112258911,-1.4078673531567756,1766201963.7261455
-0.9978201389312744,0.5824881792068481,1.3977564179369586,-0.8130185008049011,-1.4703313112258911,-1.4078673531567756,1766201963.736055
-0.9978201389312744,0.5824881792068481,1.3977564179369586,-0.8130608797073364,-1.4703367948532104,-1.4077671643979883,1766201963.7360458
-0.9984267354011536,0.5708104372024536,1.3970675091506501,-0.8130608797073364,-1.4703367948532104,-1.4077671643979883,1766201963.7461376
-0.9984267354011536,0.5708104372024536,1.3970675091506501,-0.8130995035171509,-1.470289945602417,-1.4072438194268992,1766201963.7461
-0.9992918968200684,0.5589137673377991,1.393616963852156,-0.8130995035171509,-1.470289945602417,-1.4072438194268992,1766201963.7561421
-0.9992918968200684,0.5589137673377991,1.393616963852156,-0.8129564523696899,-1.470323085784912,-1.4077676577008869,1766201963.7561085
-0.9992918968200684,0.5589137673377991,1.393616963852156,-0.8130033016204834,-1.4704265594482422,-1.4075007610897088,1766201963.7661288
-1.0006130933761597,0.5466904640197754,1.4049195547794449,-0.8130033016204834,-1.4704265594482422,-1.4075007610897088,1766201963.766162
-1.0002812147140503,0.5353894233703613,1.397856069939795,-0.8130033016204834,-1.4704265594482422,-1.4075007610897088,1766201963.776161
-1.0002812147140503,0.5353894233703613,1.397856069939795,-0.8129231929779053,-1.4704140424728394,-1.4073645753784896,1766201963.776124
-1.001065731048584,0.5235936045646667,1.3982837413510933,-0.8129231929779053,-1.4704140424728394,-1.4073645753784896,1766201963.7762487
-1.001065731048584,0.5235936045646667,1.3982837413510933,-0.8129761219024658,-1.470310091972351,-1.4077233313012725,1766201963.7762299
-1.0031445026397705,0.5112469792366028,1.3968760271534482,-0.8129761219024658,-1.470310091972351,-1.4077233313012725,1766201963.786139
-1.0031445026397705,0.5112469792366028,1.3968760271534482,-0.813125491142273,-1.470194935798645,-1.407377961492566,1766201963.7861063
-1.0031445026397705,0.5112469792366028,1.3968760271534482,-0.8130604028701782,-1.4703752994537354,-1.407558983264477,1766201963.7961216
-1.003021240234375,0.4998612701892853,1.392932451741045,-0.8130604028701782,-1.4703752994537354,-1.407558983264477,1766201963.7961566
-1.003021240234375,0.4998612701892853,1.392932451741045,-0.8130074143409729,-1.4703317880630493,-1.4078348969621695,1766201963.806125
-1.0045661926269531,0.48747697472572327,1.4007723113409984,-0.8130074143409729,-1.4703317880630493,-1.4078348969621695,1766201963.806158
-1.0045661926269531,0.48747697472572327,1.4007723113409984,-0.8130499124526978,-1.470245599746704,-1.4077235007788722,1766201963.8161073
-1.0046850442886353,0.47607678174972534,1.3926799255089597,-0.8130499124526978,-1.470245599746704,-1.4077235007788722,1766201963.8161414
-1.0046850442886353,0.47607678174972534,1.3926799255089597,-0.8131037354469299,-1.4703340530395508,-1.408005882116228,1766201963.8161564
-1.0056535005569458,0.46416938304901123,1.393168707832369,-0.8131037354469299,-1.4703340530395508,-1.408005882116228,1766201963.8161666
-1.0056535005569458,0.46416938304901123,1.393168707832369,-0.8132239580154419,-1.4701876640319824,-1.407486133229107,1766201963.8260999
-1.0062038898468018,0.4523548483848572,1.393380612490811,-0.8132239580154419,-1.4701876640319824,-1.407486133229107,1766201963.826133
-1.007158875465393,0.44032585620880127,1.3980560092593708,-0.8132239580154419,-1.4701876640319824,-1.407486133229107,1766201963.8361409
-1.007158875465393,0.44032585620880127,1.3980560092593708,-0.8132280111312866,-1.470137596130371,-1.4073585062465999,1766201963.8361075
-1.007158875465393,0.44032585620880127,1.3980560092593708,-0.8130559921264648,-1.4704325199127197,-1.4074793888439154,1766201963.8461044
-1.0083248615264893,0.4283096492290497,1.3939082877610955,-0.8130559921264648,-1.4704325199127197,-1.4074793888439154,1766201963.8461401
-1.0102723836898804,0.4161494970321655,1.3843695154839026,-0.8130559921264648,-1.4704325199127197,-1.4074793888439154,1766201963.8561
-1.0102723836898804,0.4161494970321655,1.3843695154839026,-0.8131793141365051,-1.470228910446167,-1.4074583934224647,1766201963.8560674
-1.0102723836898804,0.4161494970321655,1.3843695154839026,-0.8132449984550476,-1.4701873064041138,-1.4067729411691678,1766201963.866131
-1.0118588209152222,0.3921201825141907,1.3907386848609564,-0.8132449984550476,-1.4701873064041138,-1.4067729411691678,1766201963.8661819
-1.0118588209152222,0.3921201825141907,1.3907386848609564,-0.8129964470863342,-1.470365285873413,-1.4074293603306545,1766201963.8661714
-1.0128251314163208,0.37995395064353943,1.3923246544429873,-0.8129964470863342,-1.470365285873413,-1.4074293603306545,1766201963.8761547
-1.0128251314163208,0.37995395064353943,1.3923246544429873,-0.8131700754165649,-1.4701725244522095,-1.4071791373384948,1766201963.8761213
-1.0140811204910278,0.3677160143852234,1.3932444092988452,-0.8131700754165649,-1.4701725244522095,-1.4071791373384948,1766201963.8860931
-1.0140811204910278,0.3677160143852234,1.3932444092988452,-0.8131034970283508,-1.4701941013336182,-1.407165672694849,1766201963.8860595
-1.0140811204910278,0.3677160143852234,1.3932444092988452,-0.8130624294281006,-1.4703023433685303,-1.4075363297033294,1766201963.8960574
-1.0170763731002808,0.35609278082847595,1.3942235919804513,-0.8130624294281006,-1.4703023433685303,-1.4075363297033294,1766201963.8960907
-1.0170763731002808,0.35609278082847595,1.3942235919804513,-0.8129557371139526,-1.4703222513198853,-1.4073607548860156,1766201963.9061294
-1.0184208154678345,0.34377923607826233,1.3931131822070744,-0.8129557371139526,-1.4703222513198853,-1.4073607548860156,1766201963.9061625
-1.0184208154678345,0.34377923607826233,1.3931131822070744,-0.8131104707717896,-1.470313310623169,-1.407638992230356,1766201963.9161103
-1.0208790302276611,0.33133557438850403,1.381942289371401,-0.8131104707717896,-1.470313310623169,-1.407638992230356,1766201963.9161441
-1.0208790302276611,0.33133557438850403,1.381942289371401,-0.8130180835723877,-1.470343828201294,-1.4077926533899505,1766201963.91616
-1.0204460620880127,0.3188168406486511,1.3832231772484727,-0.8130180835723877,-1.470343828201294,-1.4077926533899505,1766201963.9161692
-1.0204460620880127,0.3188168406486511,1.3832231772484727,-0.8131990432739258,-1.4702268838882446,-1.4073951538042169,1766201963.9261036
-1.0228583812713623,0.3068271279335022,1.393260270573822,-0.8131990432739258,-1.4702268838882446,-1.4073951538042169,1766201963.9261372
-1.0244344472885132,0.29451984167099,1.3908445523192834,-0.8131990432739258,-1.4702268838882446,-1.4073951538042169,1766201963.936146
-1.0244344472885132,0.29451984167099,1.3908445523192834,-0.8131469488143921,-1.470357894897461,-1.4075155466498903,1766201963.936111
-1.0244344472885132,0.29451984167099,1.3908445523192834,-0.8129889369010925,-1.4703322649002075,-1.4078649774514027,1766201963.9460928
-1.0260533094406128,0.28213539719581604,1.3894731181698128,-0.8129889369010925,-1.4703322649002075,-1.4078649774514027,1766201963.9461277
-1.027626872062683,0.26981812715530396,1.3881175625888145,-0.8129889369010925,-1.4703322649002075,-1.4078649774514027,1766201963.9561412
-1.027626872062683,0.26981812715530396,1.3881175625888145,-0.8130830526351929,-1.4702903032302856,-1.4077035037050631,1766201963.9561074
-1.027626872062683,0.26981812715530396,1.3881175625888145,-0.8130732774734497,-1.4703491926193237,-1.407581544856514,1766201963.9661336
-1.0282169580459595,0.25736480951309204,1.379772873625492,-0.8130732774734497,-1.4703491926193237,-1.407581544856514,1766201963.9661667
-1.0310415029525757,0.24531041085720062,1.3876503526103214,-0.8130732774734497,-1.4703491926193237,-1.407581544856514,1766201963.9761302
-1.0310415029525757,0.24531041085720062,1.3876503526103214,-0.8130279779434204,-1.470359206199646,-1.4076080056869937,1766201963.9760966
-1.0327531099319458,0.23308275640010834,1.3883435372173656,-0.8130279779434204,-1.470359206199646,-1.4076080056869937,1766201963.9761562
-1.0327531099319458,0.23308275640010834,1.3883435372173656,-0.8130470514297485,-1.470314621925354,-1.4073779593681461,1766201963.9761472
-1.0345755815505981,0.22081314027309418,1.389038906771083,-0.8130470514297485,-1.470314621925354,-1.4073779593681461,1766201963.9861696
-1.0345755815505981,0.22081314027309418,1.389038906771083,-0.8130123615264893,-1.470335602760315,-1.4075214768564541,1766201963.9861367
-1.0345755815505981,0.22081314027309418,1.389038906771083,-0.8129287958145142,-1.4704335927963257,-1.4077798017374719,1766201963.9960656
-1.0362625122070312,0.20860934257507324,1.3858217045902685,-0.8129287958145142,-1.4704335927963257,-1.4077798017374719,1766201963.996099
-1.0362625122070312,0.20860934257507324,1.3858217045902685,-0.8130069971084595,-1.4703114032745361,-1.407596031484001,1766201964.0060973
-1.0372430086135864,0.19617700576782227,1.3800574583407867,-0.8130069971084595,-1.4703114032745361,-1.407596031484001,1766201964.0061307
-1.042131781578064,0.1718870997428894,1.3893208167182458,-0.8130069971084595,-1.4703114032745361,-1.407596031484001,1766201964.01616
-1.042131781578064,0.1718870997428894,1.3893208167182458,-0.8130004405975342,-1.4703397750854492,-1.4075137065572259,1766201964.0161078
-1.042131781578064,0.1718870997428894,1.3893208167182458,-0.8130098581314087,-1.470358967781067,-1.4076339504591342,1766201964.0161483
-1.042131781578064,0.1718870997428894,1.3893208167182458,-0.8130029439926147,-1.4703189134597778,-1.4077774849962883,1766201964.0261285
-1.0430781841278076,0.15964901447296143,1.3804292332968215,-0.8130029439926147,-1.4703189134597778,-1.4077774849962883,1766201964.0261629
-1.045393466949463,0.1472855508327484,1.3819712573918026,-0.8130029439926147,-1.4703189134597778,-1.4077774849962883,1766201964.036151
-1.045393466949463,0.1472855508327484,1.3819712573918026,-0.8129628896713257,-1.4703298807144165,-1.407618575712323,1766201964.036117
-1.045393466949463,0.1472855508327484,1.3819712573918026,-0.8129710555076599,-1.4702248573303223,-1.4074040331349715,1766201964.0460577
-1.0485516786575317,0.13516686856746674,1.3932320058377985,-0.8129710555076599,-1.4702248573303223,-1.4074040331349715,1766201964.046091
-1.04960036277771,0.12295233458280563,1.3797022209940777,-0.8129710555076599,-1.4702248573303223,-1.4074040331349715,1766201964.0561452
-1.04960036277771,0.12295233458280563,1.3797022209940777,-0.8129974007606506,-1.4702833890914917,-1.4072020343078167,1766201964.0561101
-1.04960036277771,0.12295233458280563,1.3797022209940777,-0.8131322860717773,-1.470409870147705,-1.40769828578212,1766201964.066126
-1.0534371137619019,0.11071569472551346,1.3925151406831315,-0.8131322860717773,-1.470409870147705,-1.40769828578212,1766201964.066159
-1.0550519227981567,0.09846436232328415,1.3832465156751854,-0.8131322860717773,-1.470409870147705,-1.40769828578212,1766201964.0761466
-1.0550519227981567,0.09846436232328415,1.3832465156751854,-0.8130605220794678,-1.4703997373580933,-1.4075254997290305,1766201964.0761127
-1.0584369897842407,0.086646668612957,1.394329348706129,-0.8130605220794678,-1.4703997373580933,-1.4075254997290305,1766201964.0761726
-1.0584369897842407,0.086646668612957,1.394329348706129,-0.8130463361740112,-1.4704025983810425,-1.4075260540166898,1766201964.076162
-1.0584369897842407,0.086646668612957,1.394329348706129,-0.8130291700363159,-1.470405101776123,-1.407456718197763,1766201964.086121
-1.0611473321914673,0.07500791549682617,1.392985264464589,-0.8130291700363159,-1.470405101776123,-1.407456718197763,1766201964.0861552
-1.0611473321914673,0.07500791549682617,1.392985264464589,-0.8130028247833252,-1.470409631729126,-1.4074628897978854,1766201964.0961058
-1.0629409551620483,0.06316571682691574,1.3843006074041793,-0.8130028247833252,-1.470409631729126,-1.4074628897978854,1766201964.0961397
-1.0629409551620483,0.06316571682691574,1.3843006074041793,-0.8130131363868713,-1.4703681468963623,-1.4074317154741476,1766201964.1061091
-1.0694925785064697,0.04061560332775116,1.3992118474364827,-0.8130131363868713,-1.4703681468963623,-1.4074317154741476,1766201964.1161292
-1.0694925785064697,0.04061560332775116,1.3992118474364827,-0.812709629535675,-1.4704073667526245,-1.406597781118299,1766201964.1160958
-1.0716466903686523,0.029495958238840103,1.389235775843281,-0.812709629535675,-1.4704073667526245,-1.406597781118299,1766201964.1161547
-1.0716466903686523,0.029495958238840103,1.389235775843281,-0.8129818439483643,-1.470388650894165,-1.40702049103508,1766201964.1161454
-1.0716466903686523,0.029495958238840103,1.389235775843281,-0.8128028512001038,-1.4703141450881958,-1.406640445665906,1766201964.1261315
-1.0752497911453247,0.01905711181461811,1.3997638222586342,-0.8128028512001038,-1.4703141450881958,-1.406640445665906,1766201964.126164
-1.079091191291809,0.008348348550498486,1.4018854308112343,-0.8128028512001038,-1.4703141450881958,-1.406640445665906,1766201964.1360986
-1.079091191291809,0.008348348550498486,1.4018854308112343,-0.8130422830581665,-1.4704047441482544,-1.4075258019872927,1766201964.1360636
-1.079091191291809,0.008348348550498486,1.4018854308112343,-0.8130715489387512,-1.4704382419586182,-1.4077169416106994,1766201964.146127
-1.0813628435134888,-0.0025916085578501225,1.403768493661534,-0.8130715489387512,-1.4704382419586182,-1.4077169416106994,1766201964.1461596
-1.0842164754867554,-0.013453878462314606,1.3896906100055564,-0.8130715489387512,-1.4704382419586182,-1.4077169416106994,1766201964.1561604
-1.0842164754867554,-0.013453878462314606,1.3896906100055564,-0.8130666017532349,-1.4704277515411377,-1.407660276460854,1766201964.1561258
-1.0842164754867554,-0.013453878462314606,1.3896906100055564,-0.8131182789802551,-1.4703912734985352,-1.407418669676093,1766201964.1660926
-1.0872676372528076,-0.023969531059265137,1.3864799301697284,-0.8131182789802551,-1.4703912734985352,-1.407418669676093,1766201964.1661272
-1.0898076295852661,-0.03423360735177994,1.3963978671458444,-0.8131182789802551,-1.4703912734985352,-1.407418669676093,1766201964.1761487
-1.0898076295852661,-0.03423360735177994,1.3963978671458444,-0.8129106760025024,-1.470353364944458,-1.4069378365902074,1766201964.1761148
-1.0923961400985718,-0.04491901025176048,1.3995840378263018,-0.8129106760025024,-1.470353364944458,-1.4069378365902074,1766201964.1761742
-1.0923961400985718,-0.04491901025176048,1.3995840378263018,-0.8130520582199097,-1.4704025983810425,-1.4075850732597155,1766201964.1761646
-1.0923961400985718,-0.04491901025176048,1.3995840378263018,-0.8130684494972229,-1.4704620838165283,-1.4076950993347146,1766201964.1860788
-1.0953081846237183,-0.05523001402616501,1.400478409429533,-0.8130684494972229,-1.4704620838165283,-1.4076950993347146,1766201964.1861098
-1.0991114377975464,-0.0652245432138443,1.4127341990956976,-0.8130684494972229,-1.4704620838165283,-1.4076950993347146,1766201964.196135
-1.0991114377975464,-0.0652245432138443,1.4127341990956976,-0.8130744099617004,-1.4704186916351318,-1.4077884332951396,1766201964.1961007
-1.0991114377975464,-0.0652245432138443,1.4127341990956976,-0.8130371570587158,-1.4704111814498901,-1.4075155953807712,1766201964.2060528
-1.1019911766052246,-0.07554525136947632,1.4156688102068307,-0.8130371570587158,-1.4704111814498901,-1.4075155953807712,1766201964.2060866
-1.1019911766052246,-0.07554525136947632,1.4156688102068307,-0.8130118250846863,-1.470393419265747,-1.4074916403040398,1766201964.2161272
-1.1036618947982788,-0.08578629046678543,1.4031641846593401,-0.8130118250846863,-1.470393419265747,-1.4074916403040398,1766201964.2161615
-1.1036618947982788,-0.08578629046678543,1.4031641846593401,-0.8129518628120422,-1.4704136848449707,-1.4071982336431348,1766201964.2161775
-1.1073259115219116,-0.09569279104471207,1.413371273197922,-0.8129518628120422,-1.4704136848449707,-1.4071982336431348,1766201964.2161868
-1.1093891859054565,-0.1062772125005722,1.3980674155120216,-0.8129518628120422,-1.4704136848449707,-1.4071982336431348,1766201964.2260647
-1.1093891859054565,-0.1062772125005722,1.3980674155120216,-0.8129349946975708,-1.4704105854034424,-1.4072584091509415,1766201964.226017
-1.1125446557998657,-0.11648528277873993,1.412909153140183,-0.8129349946975708,-1.4704105854034424,-1.4072584091509415,1766201964.2361422
-1.1125446557998657,-0.11648528277873993,1.412909153140183,-0.8129314184188843,-1.4704385995864868,-1.407448116954545,1766201964.2361085
-1.1141972541809082,-0.12699797749519348,1.3992523242638362,-0.8129314184188843,-1.4704385995864868,-1.407448116954545,1766201964.246174
-1.1141972541809082,-0.12699797749519348,1.3992523242638362,-0.812949001789093,-1.4703067541122437,-1.407325714137733,1766201964.24614
-1.1166789531707764,-0.13741806149482727,1.4006865149836263,-0.812949001789093,-1.4703067541122437,-1.407325714137733,1766201964.256126
-1.1166789531707764,-0.13741806149482727,1.4006865149836263,-0.8129964470863342,-1.4704082012176514,-1.4075750522838806,1766201964.2560914
-1.118980050086975,-0.14794303476810455,1.397389999702828,-0.8129964470863342,-1.4704082012176514,-1.4075750522838806,1766201964.2661512
-1.118980050086975,-0.14794303476810455,1.397389999702828,-0.8130334615707397,-1.4703969955444336,-1.4074952023717198,1766201964.2661166
-1.1214772462844849,-0.15864495933055878,1.4002402690792393,-0.8130334615707397,-1.4703969955444336,-1.4074952023717198,1766201964.2662363
-1.1214772462844849,-0.15864495933055878,1.4002402690792393,-0.8128356337547302,-1.4703707695007324,-1.407141044247319,1766201964.2662182
-1.1229485273361206,-0.16929076611995697,1.4010624101910787,-0.8128356337547302,-1.4703707695007324,-1.407141044247319,1766201964.2760687
-1.1229485273361206,-0.16929076611995697,1.4010624101910787,-0.8130201101303101,-1.4703141450881958,-1.4073533672830607,1766201964.27606
-1.1248940229415894,-0.1799231916666031,1.402170003611722,-0.8130201101303101,-1.4703141450881958,-1.4073533672830607,1766201964.286167
-1.1248940229415894,-0.1799231916666031,1.402170003611722,-0.8130561709403992,-1.4704073667526245,-1.407498444251857,1766201964.2861335
-1.1248940229415894,-0.1799231916666031,1.402170003611722,-0.8130155205726624,-1.4703031778335571,-1.407443132321373,1766201964.2961254
-1.1248940229415894,-0.1799231916666031,1.402170003611722,-0.813058614730835,-1.470428466796875,-1.4074883108067573,1766201964.306115
-1.1319457292556763,-0.2231309413909912,1.4256545686773963,-0.813058614730835,-1.470428466796875,-1.4074883108067573,1766201964.3162007
-1.1319457292556763,-0.2231309413909912,1.4256545686773963,-0.8130602836608887,-1.4704102277755737,-1.4075831535456649,1766201964.3161237
-1.1319457292556763,-0.2231309413909912,1.4256545686773963,-0.8129972219467163,-1.4702938795089722,-1.4071479705455805,1766201964.316186
-1.1322592496871948,-0.23406322300434113,1.4179690550629969,-0.8129972219467163,-1.4702938795089722,-1.4071479705455805,1766201964.3261464
-1.1322592496871948,-0.23406322300434113,1.4179690550629969,-0.8129720091819763,-1.470288872718811,-1.4071501414475418,1766201964.326113
-1.1322592496871948,-0.23406322300434113,1.4179690550629969,-0.8130382299423218,-1.4703989028930664,-1.4072384418826527,1766201964.336126
-1.1336054801940918,-0.24500489234924316,1.4155518615697056,-0.8130382299423218,-1.4703989028930664,-1.4072384418826527,1766201964.3361611
-1.134526014328003,-0.2556420564651489,1.4235202922969645,-0.8130382299423218,-1.4703989028930664,-1.4072384418826527,1766201964.3461525
-1.134526014328003,-0.2556420564651489,1.4235202922969645,-0.8130068182945251,-1.470402717590332,-1.407412176593553,1766201964.346117
-1.135454535484314,-0.26655885577201843,1.424750314274541,-0.8130068182945251,-1.470402717590332,-1.407412176593553,1766201964.3561656
-1.135454535484314,-0.26655885577201843,1.424750314274541,-0.8130292296409607,-1.470422387123108,-1.4072855398928539,1766201964.3561316
-1.137353539466858,-0.2768310010433197,1.4405927178893791,-0.8130292296409607,-1.470422387123108,-1.4072855398928539,1766201964.3661668
-1.137353539466858,-0.2768310010433197,1.4405927178893791,-0.8130072355270386,-1.4704108238220215,-1.407844547986069,1766201964.3661332
-1.137353539466858,-0.2768310010433197,1.4405927178893791,-0.813040554523468,-1.4704519510269165,-1.4074248140377235,1766201964.3761098
-1.1373636722564697,-0.28765884041786194,1.4349694153763255,-0.813040554523468,-1.4704519510269165,-1.4074248140377235,1766201964.3761458
-1.1373636722564697,-0.28765884041786194,1.4349694153763255,-0.8130674958229065,-1.4704385995864868,-1.4074188081172647,1766201964.3762152
-1.1380082368850708,-0.2989645302295685,1.4219616246700022,-0.8130674958229065,-1.4704385995864868,-1.4074188081172647,1766201964.3762324
-1.1380082368850708,-0.2989645302295685,1.4219616246700022,-0.8130970001220703,-1.4704865217208862,-1.4075254829034654,1766201964.3861454
-1.1396597623825073,-0.3101595640182495,1.434979680613616,-0.8130970001220703,-1.4704865217208862,-1.4075254829034654,1766201964.3861723
-1.1408027410507202,-0.321262389421463,1.443106831239417,-0.8130970001220703,-1.4704865217208862,-1.4075254829034654,1766201964.3960524
-1.1408027410507202,-0.321262389421463,1.443106831239417,-0.8131178617477417,-1.4704025983810425,-1.407540182628258,1766201964.3960419
-1.141922950744629,-0.33275213837623596,1.4439993725962452,-0.8131178617477417,-1.4704025983810425,-1.407540182628258,1766201964.40614
-1.141922950744629,-0.33275213837623596,1.4439993725962452,-0.8131479620933533,-1.4704841375350952,-1.4080311468200792,1766201964.4061065
-1.1426432132720947,-0.34369149804115295,1.4494919054172446,-0.8131479620933533,-1.4704841375350952,-1.4080311468200792,1766201964.4161925
-1.1426432132720947,-0.34369149804115295,1.4494919054172446,-0.8131205439567566,-1.4703339338302612,-1.4075878239034205,1766201964.4161582
-1.1427940130233765,-0.35466447472572327,1.4451558384381107,-0.8131205439567566,-1.4703339338302612,-1.4075878239034205,1766201964.416263
-1.1427940130233765,-0.35466447472572327,1.4451558384381107,-0.812996506690979,-1.4703792333602905,-1.4069088049139076,1766201964.4162471
-1.143625259399414,-0.36577409505844116,1.4469230357863327,-0.812996506690979,-1.4703792333602905,-1.4069088049139076,1766201964.4260368
-1.143625259399414,-0.36577409505844116,1.4469230357863327,-0.8131040334701538,-1.4703030586242676,-1.40694807221591,1766201964.42601
-1.143625259399414,-0.36577409505844116,1.4469230357863327,-0.8131031394004822,-1.4702550172805786,-1.4070946834627673,1766201964.4360578
-1.143625259399414,-0.36577409505844116,1.4469230357863327,-0.8131059408187866,-1.470210313796997,-1.4066684319014877,1766201964.446008
-1.1449954509735107,-0.38858863711357117,1.432945544330322,-0.8131059408187866,-1.470210313796997,-1.4066684319014877,1766201964.4460225
-1.1449954509735107,-0.38858863711357117,1.432945544330322,-0.8117233514785767,-1.471028447151184,-1.4075829923446586,1766201964.4561245
-1.1464382410049438,-0.40004074573516846,1.4579249088623343,-0.8117233514785767,-1.471028447151184,-1.4075829923446586,1766201964.4561582
-1.1472150087356567,-0.41145065426826477,1.4580179784186196,-0.8117233514785767,-1.471028447151184,-1.4075829923446586,1766201964.466169
-1.1472150087356567,-0.41145065426826477,1.4580179784186196,-0.8129424452781677,-1.4700968265533447,-1.4060422054854502,1766201964.466136
-1.148267149925232,-0.4228907525539398,1.4540941262154816,-0.8129424452781677,-1.4700968265533447,-1.4060422054854502,1766201964.466194
-1.148267149925232,-0.4228907525539398,1.4540941262154816,-0.8130617141723633,-1.4701837301254272,-1.4066723757653528,1766201964.4661849
-1.148267149925232,-0.4228907525539398,1.4540941262154816,-0.813072144985199,-1.4701963663101196,-1.4066067724455615,1766201964.4860325
-1.1486341953277588,-0.4342963695526123,1.4593309695553824,-0.813072144985199,-1.4701963663101196,-1.4066067724455615,1766201964.486044
-1.1486341953277588,-0.4342963695526123,1.4593309695553824,-0.8132301568984985,-1.470373272895813,-1.407840180837378,1766201964.4860497
-1.149570345878601,-0.44573673605918884,1.4569915959265949,-0.8132301568984985,-1.470373272895813,-1.407840180837378,1766201964.4860528
-1.149570345878601,-0.44573673605918884,1.4569915959265949,-0.812936007976532,-1.470139980316162,-1.4063892413770183,1766201964.4960544
-1.149724006652832,-0.4572394788265228,1.4609625043883174,-0.812936007976532,-1.470139980316162,-1.4063892413770183,1766201964.4960635
-1.149724006652832,-0.4572394788265228,1.4609625043883174,-0.812593936920166,-1.4703572988510132,-1.4069823553971066,1766201964.5060828
-1.149724006652832,-0.4572394788265228,1.4609625043883174,-0.813014030456543,-1.4702377319335938,-1.4066661172629593,1766201964.516115
-1.1517270803451538,-0.4801885187625885,1.4562086219667971,-0.813014030456543,-1.4702377319335938,-1.4066661172629593,1766201964.5161507
-1.1517270803451538,-0.4801885187625885,1.4562086219667971,-0.8129792213439941,-1.470136046409607,-1.4067997304547841,1766201964.516218
-1.1522785425186157,-0.4917741119861603,1.455149068302686,-0.8129792213439941,-1.470136046409607,-1.4067997304547841,1766201964.5162349
-1.1527392864227295,-0.5032423734664917,1.4563964860566965,-0.8129792213439941,-1.470136046409607,-1.4067997304547841,1766201964.526152
-1.1527392864227295,-0.5032423734664917,1.4563964860566965,-0.8130627870559692,-1.470285415649414,-1.407251313103111,1766201964.5261173
-1.1532121896743774,-0.5146400332450867,1.4563311168718902,-0.8130627870559692,-1.470285415649414,-1.407251313103111,1766201964.5360296
-1.1532121896743774,-0.5146400332450867,1.4563311168718902,-0.8131082057952881,-1.4700881242752075,-1.4065146578550647,1766201964.5360203
-1.1532121896743774,-0.5146400332450867,1.4563311168718902,-0.8131186366081238,-1.470238208770752,-1.4067535976026753,1766201964.5460603
-1.1535956859588623,-0.5260770320892334,1.4550643716770302,-0.8131186366081238,-1.470238208770752,-1.4067535976026753,1766201964.546096
-1.1535956859588623,-0.5260770320892334,1.4550643716770302,-0.8128706216812134,-1.4700663089752197,-1.406396218537925,1766201964.5561004
-1.1538805961608887,-0.5373499393463135,1.4556476143486012,-0.8128706216812134,-1.4700663089752197,-1.406396218537925,1766201964.5561354
-1.1541016101837158,-0.5485310554504395,1.4542595900597324,-0.8128706216812134,-1.4700663089752197,-1.406396218537925,1766201964.5661526
-1.1541016101837158,-0.5485310554504395,1.4542595900597324,-0.8130806684494019,-1.4702141284942627,-1.4067283478184978,1766201964.5661194
-1.1544148921966553,-0.5595465898513794,1.451283405785218,-0.8130806684494019,-1.4702141284942627,-1.4067283478184978,1766201964.5661778
-1.1544148921966553,-0.5595465898513794,1.451283405785218,-0.813068151473999,-1.4702295064926147,-1.4071002280251206,1766201964.5661685
-1.1544148921966553,-0.5595465898513794,1.451283405785218,-0.8125656843185425,-1.470420479774475,-1.4068606710055214,1766201964.575981
-1.1545054912567139,-0.5706466436386108,1.4518365320607736,-0.8125656843185425,-1.470420479774475,-1.4068606710055214,1766201964.5759907
-1.1545054912567139,-0.5706466436386108,1.4518365320607736,-0.8131064176559448,-1.470280408859253,-1.4070334527846404,1766201964.5861056
-1.1545339822769165,-0.5813618302345276,1.4477472340321471,-0.8131064176559448,-1.470280408859253,-1.4070334527846404,1766201964.5861397
-1.1545339822769165,-0.5813618302345276,1.4477472340321471,-0.8130810856819153,-1.4702153205871582,-1.4067258803897562,1766201964.596061
-1.1542205810546875,-0.592283308506012,1.444651379622777,-0.8130810856819153,-1.4702153205871582,-1.4067258803897562,1766201964.596095
-1.1542205810546875,-0.592283308506012,1.444651379622777,-0.8130595088005066,-1.4702998399734497,-1.4070670392070517,1766201964.6061096
-1.15443754196167,-0.6029833555221558,1.444230379189544,-0.8130595088005066,-1.4702998399734497,-1.4070670392070517,1766201964.6061454
-1.1544464826583862,-0.6138162016868591,1.4456652944042305,-0.8130595088005066,-1.4702998399734497,-1.4070670392070517,1766201964.6161087
-1.1544464826583862,-0.6138162016868591,1.4456652944042305,-0.8130943775177002,-1.4701206684112549,-1.4067794299552718,1766201964.6160734
-1.1543753147125244,-0.6243510842323303,1.4417113248425923,-0.8130943775177002,-1.4701206684112549,-1.4067794299552718,1766201964.6161342
-1.1543753147125244,-0.6243510842323303,1.4417113248425923,-0.8131546974182129,-1.4702485799789429,-1.406775889296944,1766201964.6161249
-1.1542688608169556,-0.634922981262207,1.4392195907902978,-0.8131546974182129,-1.4702485799789429,-1.406775889296944,1766201964.6261437
-1.1542688608169556,-0.634922981262207,1.4392195907902978,-0.8131460547447205,-1.4700926542282104,-1.4066136808909748,1766201964.6261084
-1.1542688608169556,-0.634922981262207,1.4392195907902978,-0.8131327033042908,-1.470265507698059,-1.407062525687659,1766201964.6360648
-1.154180884361267,-0.645490825176239,1.4366419718399162,-0.8131327033042908,-1.470265507698059,-1.407062525687659,1766201964.636074
-1.1540430784225464,-0.6558834910392761,1.4354954153810642,-0.8131327033042908,-1.470265507698059,-1.407062525687659,1766201964.6461546
-1.1540430784225464,-0.6558834910392761,1.4354954153810642,-0.8131572604179382,-1.470206618309021,-1.4068271460402586,1766201964.6461203
-1.1540430784225464,-0.6558834910392761,1.4354954153810642,-0.8131071329116821,-1.4702731370925903,-1.4069875414471962,1766201964.6561255
-1.1538209915161133,-0.6662772297859192,1.4334102961989814,-0.8131071329116821,-1.4702731370925903,-1.4069875414471962,1766201964.65616
-1.1534537076950073,-0.6766579151153564,1.4332674827071685,-0.8131071329116821,-1.4702731370925903,-1.4069875414471962,1766201964.666155
-1.1534537076950073,-0.6766579151153564,1.4332674827071685,-0.8131487965583801,-1.4702270030975342,-1.4067571991903611,1766201964.6661217
-1.1532880067825317,-0.6867023706436157,1.4293863217618206,-0.8131487965583801,-1.4702270030975342,-1.4067571991903611,1766201964.6661804
-1.1532880067825317,-0.6867023706436157,1.4293863217618206,-0.8129926323890686,-1.4703706502914429,-1.4071914233139275,1766201964.666171
-1.1528559923171997,-0.6971681714057922,1.4290388840324482,-0.8129926323890686,-1.4703706502914429,-1.4071914233139275,1766201964.676076
-1.1528559923171997,-0.6971681714057922,1.4290388840324482,-0.8129132986068726,-1.4701402187347412,-1.4067797997305556,1766201964.676066
-1.152501106262207,-0.7074629664421082,1.4286872973294058,-0.8129132986068726,-1.4701402187347412,-1.4067797997305556,1766201964.6861129
-1.152501106262207,-0.7074629664421082,1.4286872973294058,-0.8128173351287842,-1.4701924324035645,-1.4068442683618136,1766201964.6861038
-1.152501106262207,-0.7074629664421082,1.4286872973294058,-0.8115698099136353,-1.4710907936096191,-1.407950264285247,1766201964.6960635
-1.1520310640335083,-0.7177460789680481,1.4274636845419197,-0.8115698099136353,-1.4710907936096191,-1.407950264285247,1766201964.6960754
-1.1516056060791016,-0.7279639840126038,1.428183143816712,-0.8115698099136353,-1.4710907936096191,-1.407950264285247,1766201964.7061439
-1.1516056060791016,-0.7279639840126038,1.428183143816712,-0.8130513429641724,-1.4703047275543213,-1.4075364523978267,1766201964.7061093
-1.1508710384368896,-0.7383525967597961,1.4325563423499894,-0.8130513429641724,-1.4703047275543213,-1.4075364523978267,1766201964.716167
-1.1508710384368896,-0.7383525967597961,1.4325563423499894,-0.813015878200531,-1.4704192876815796,-1.407436109856562,1766201964.716131
-1.1507267951965332,-0.7487067580223083,1.43038588191663,-0.813015878200531,-1.4704192876815796,-1.407436109856562,1766201964.7261403
-1.1507267951965332,-0.7487067580223083,1.43038588191663,-0.8130771517753601,-1.4702428579330444,-1.4070327122940745,1766201964.7261055
-1.1502904891967773,-0.7590499520301819,1.431412671724507,-0.8130771517753601,-1.4702428579330444,-1.4070327122940745,1766201964.7262282
-1.1502904891967773,-0.7590499520301819,1.431412671724507,-0.813118577003479,-1.4702531099319458,-1.4073337622462119,1766201964.7262087
-1.1502904891967773,-0.7590499520301819,1.431412671724507,-0.8129345178604126,-1.470108985900879,-1.4067877129387656,1766201964.7360613
-1.1500203609466553,-0.7696681022644043,1.4336075480546553,-0.8129345178604126,-1.470108985900879,-1.4067877129387656,1766201964.73607
-1.149746298789978,-0.7800197005271912,1.4326181748955127,-0.8129345178604126,-1.470108985900879,-1.4067877129387656,1766201964.7461557
-1.149746298789978,-0.7800197005271912,1.4326181748955127,-0.8130821585655212,-1.4701205492019653,-1.4068579791952223,1766201964.7461212
-1.149444341659546,-0.7906644940376282,1.4332710528446464,-0.8130821585655212,-1.4701205492019653,-1.4068579791952223,1766201964.7561343
-1.149444341659546,-0.7906644940376282,1.4332710528446464,-0.8131498694419861,-1.4702309370040894,-1.4070646733544012,1766201964.7561
-1.149444341659546,-0.7906644940376282,1.4332710528446464,-0.8131128549575806,-1.470104694366455,-1.406705766523671,1766201964.7661226
-1.1493772268295288,-0.8012959957122803,1.4348688783553265,-0.8131128549575806,-1.470104694366455,-1.406705766523671,1766201964.7661557
-1.1493772268295288,-0.8012959957122803,1.4348688783553265,-0.8129639625549316,-1.4701653718948364,-1.4069719976339414,1766201964.766171
-1.1492056846618652,-0.8120891451835632,1.4374343116117394,-0.8129639625549316,-1.4701653718948364,-1.4069719976339414,1766201964.7661803
-1.149208664894104,-0.8228917121887207,1.4384566360830964,-0.8129639625549316,-1.4701653718948364,-1.4069719976339414,1766201964.7760653
-1.149208664894104,-0.8228917121887207,1.4384566360830964,-0.8131113648414612,-1.4702683687210083,-1.4070856266847651,1766201964.7760556
-1.149208664894104,-0.8228917121887207,1.4384566360830964,-0.8122921586036682,-1.470671534538269,-1.4075955171635557,1766201964.7961156
-1.1493135690689087,-0.8336619138717651,1.4384767315245912,-0.8122921586036682,-1.470671534538269,-1.4075955171635557,1766201964.796149
-1.1493135690689087,-0.8336619138717651,1.4384767315245912,-0.812889575958252,-1.4701426029205322,-1.4067478877927837,1766201964.796165
-1.1495397090911865,-0.8444933891296387,1.4386170765343254,-0.812889575958252,-1.4701426029205322,-1.4067478877927837,1766201964.7961738
-1.1495397090911865,-0.8444933891296387,1.4386170765343254,-0.8129057884216309,-1.4701627492904663,-1.4065495827567238,1766201964.8060715
-1.1498432159423828,-0.8551456928253174,1.439557775460088,-0.8129057884216309,-1.4701627492904663,-1.4065495827567238,1766201964.8060813
-1.1502717733383179,-0.8658575415611267,1.4394449025892557,-0.8129057884216309,-1.4701627492904663,-1.4065495827567238,1766201964.8161533
-1.1502717733383179,-0.8658575415611267,1.4394449025892557,-0.8128815293312073,-1.4701234102249146,-1.4065422165629984,1766201964.8161178
-1.1508440971374512,-0.8765977621078491,1.4388710710694539,-0.8128815293312073,-1.4701234102249146,-1.4065422165629984,1766201964.816239
-1.1508440971374512,-0.8765977621078491,1.4388710710694539,-0.8127692341804504,-1.4701191186904907,-1.4066624414560946,1766201964.8162217
-1.1513696908950806,-0.8871194124221802,1.4364942564269607,-0.8127692341804504,-1.4701191186904907,-1.4066624414560946,1766201964.826125
-1.1513696908950806,-0.8871194124221802,1.4364942564269607,-0.8128774762153625,-1.4701305627822876,-1.4065506996986938,1766201964.8261154
-1.1513696908950806,-0.8871194124221802,1.4364942564269607,-0.8128308057785034,-1.4701484441757202,-1.4073381969003735,1766201964.836125
-1.1521555185317993,-0.8978546857833862,1.438062489051889,-0.8128308057785034,-1.4701484441757202,-1.4073381969003735,1766201964.8361585
-1.1530241966247559,-0.908446729183197,1.437667374762421,-0.8128308057785034,-1.4701484441757202,-1.4073381969003735,1766201964.846141
-1.1530241966247559,-0.908446729183197,1.437667374762421,-0.8126745820045471,-1.470436692237854,-1.4077379137518147,1766201964.8461068
-1.1538445949554443,-0.9188452959060669,1.4374895662304068,-0.8126745820045471,-1.470436692237854,-1.4077379137518147,1766201964.8561645
-1.1538445949554443,-0.9188452959060669,1.4374895662304068,-0.812721848487854,-1.4705111980438232,-1.4077375440802757,1766201964.8561296
-1.1538445949554443,-0.9188452959060669,1.4374895662304068,-0.8129464387893677,-1.4703893661499023,-1.4077744545654514,1766201964.8661199
-1.1548149585723877,-0.9292329549789429,1.4364670276726288,-0.8129464387893677,-1.4703893661499023,-1.4077744545654514,1766201964.8661537
-1.1548149585723877,-0.9292329549789429,1.4364670276726288,-0.8131831288337708,-1.4701735973358154,-1.4066176197351334,1766201964.866221
-1.155859112739563,-0.939668595790863,1.4364645143069739,-0.8131831288337708,-1.4701735973358154,-1.4066176197351334,1766201964.8662384
-1.156826376914978,-0.949917733669281,1.4364766454189124,-0.8131831288337708,-1.4701735973358154,-1.4066176197351334,1766201964.876118
-1.156826376914978,-0.949917733669281,1.4364766454189124,-0.8126612305641174,-1.470431923866272,-1.4070146322146626,1766201964.8760607
-1.1579827070236206,-0.9603055715560913,1.4368832292367866,-0.8126612305641174,-1.470431923866272,-1.4070146322146626,1766201964.8961635
-1.1579827070236206,-0.9603055715560913,1.4368832292367866,-0.8132339715957642,-1.4700478315353394,-1.4061509275293531,1766201964.8961298
-1.1591392755508423,-0.970391571521759,1.4358964237115766,-0.8132339715957642,-1.4700478315353394,-1.4061509275293531,1766201964.896188
-1.1591392755508423,-0.970391571521759,1.4358964237115766,-0.8132134675979614,-1.470012903213501,-1.4067239801009193,1766201964.896179
-1.1591392755508423,-0.970391571521759,1.4358964237115766,-0.8132575154304504,-1.4700990915298462,-1.4062385122114924,1766201964.9060683
-1.1603244543075562,-0.980785608291626,1.4358778546994198,-0.8132575154304504,-1.4700990915298462,-1.4062385122114924,1766201964.9061034
-1.1603244543075562,-0.980785608291626,1.4358778546994198,-0.8132100701332092,-1.4700883626937866,-1.406327461825653,1766201964.916111
-1.1616122722625732,-0.991064727306366,1.4364819131475515,-0.8132100701332092,-1.4700883626937866,-1.406327461825653,1766201964.9161456
-1.1616122722625732,-0.991064727306366,1.4364819131475515,-0.8128980398178101,-1.4700204133987427,-1.4053192373876635,1766201964.9161618
-1.1628444194793701,-1.0014418363571167,1.436410825052266,-0.8128980398178101,-1.4700204133987427,-1.4053192373876635,1766201964.9161708
-1.1642005443572998,-1.011885404586792,1.4377025798113805,-0.8128980398178101,-1.4700204133987427,-1.4053192373876635,1766201964.9261835
-1.1642005443572998,-1.011885404586792,1.4377025798113805,-0.8132416009902954,-1.4703065156936646,-1.406872199800125,1766201964.9261563
-1.1642005443572998,-1.011885404586792,1.4377025798113805,-0.8131811618804932,-1.4700428247451782,-1.406153062138607,1766201964.9360676
-1.165532112121582,-1.0222104787826538,1.4374864418260274,-0.8131811618804932,-1.4700428247451782,-1.406153062138607,1766201964.9361007
-1.165532112121582,-1.0222104787826538,1.4374864418260274,-0.8131031394004822,-1.4700263738632202,-1.4070148223516599,1766201964.946074
-1.1670143604278564,-1.0324970483779907,1.4362347463039364,-0.8131031394004822,-1.4700263738632202,-1.4070148223516599,1766201964.9461122
-1.1670143604278564,-1.0324970483779907,1.4362347463039364,-0.8130748271942139,-1.470039963722229,-1.4069582170316284,1766201964.9560323
-1.1685290336608887,-1.0430018901824951,1.4367960077081279,-0.8130748271942139,-1.470039963722229,-1.4069582170316284,1766201964.9560423
-1.1685290336608887,-1.0430018901824951,1.4367960077081279,-0.8129417896270752,-1.4701961278915405,-1.4067884977966065,1766201964.9660509
-1.1700642108917236,-1.053397536277771,1.4364770433644005,-0.8129417896270752,-1.4701961278915405,-1.4067884977966065,1766201964.966062
-1.1700642108917236,-1.053397536277771,1.4364770433644005,-0.8130780458450317,-1.4701132774353027,-1.40687679977179,1766201964.9660676
-1.1716334819793701,-1.0638508796691895,1.436810152552469,-0.8130780458450317,-1.4701132774353027,-1.40687679977179,1766201964.9660707
-1.1732792854309082,-1.0742552280426025,1.4376812359663227,-0.8130780458450317,-1.4701132774353027,-1.40687679977179,1766201964.9760382
-1.1732792854309082,-1.0742552280426025,1.4376812359663227,-0.8129329681396484,-1.4700442552566528,-1.4061297052132116,1766201964.9760296
-1.1732792854309082,-1.0742552280426025,1.4376812359663227,-0.8130688667297363,-1.4701364040374756,-1.407093751012793,1766201964.9860275
-1.174863576889038,-1.0846465826034546,1.4373068308581447,-0.8130688667297363,-1.4701364040374756,-1.407093751012793,1766201964.9860368
-1.1765425205230713,-1.0949259996414185,1.436832346667025,-0.8130688667297363,-1.4701364040374756,-1.407093751012793,1766201964.9961421
-1.1765425205230713,-1.0949259996414185,1.436832346667025,-0.8131943345069885,-1.4703279733657837,-1.4067247219767967,1766201964.996109
-1.178327202796936,-1.1052151918411255,1.4378470644273593,-0.8131943345069885,-1.4703279733657837,-1.4067247219767967,1766201965.006175
-1.178327202796936,-1.1052151918411255,1.4378470644273593,-0.8131716251373291,-1.4701170921325684,-1.4059557467221395,1766201965.0061398
-1.1800075769424438,-1.1155154705047607,1.438874877818181,-0.8131716251373291,-1.4701170921325684,-1.4059557467221395,1766201965.0161533
-1.1800075769424438,-1.1155154705047607,1.438874877818181,-0.8130086660385132,-1.4701550006866455,-1.4059402485621977,1766201965.0161188
-1.1817642450332642,-1.125793695449829,1.4388491153190204,-0.8130086660385132,-1.4701550006866455,-1.4059402485621977,1766201965.0161774
-1.1817642450332642,-1.125793695449829,1.4388491153190204,-0.8118460774421692,-1.4710081815719604,-1.4074657925351988,1766201965.0161686
-1.1817642450332642,-1.125793695449829,1.4388491153190204,-0.8129900097846985,-1.4701968431472778,-1.4059453705052107,1766201965.0260966
-1.1836509704589844,-1.135970950126648,1.440219025558316,-0.8129900097846985,-1.4701968431472778,-1.4059453705052107,1766201965.0261307
-1.1836509704589844,-1.135970950126648,1.440219025558316,-0.8129420280456543,-1.4701781272888184,-1.406180922458967,1766201965.0360312
-1.1855024099349976,-1.146028995513916,1.444526476101854,-0.8129420280456543,-1.4701781272888184,-1.406180922458967,1766201965.0360398
-1.1874760389328003,-1.1565032005310059,1.4439346340327188,-0.8129420280456543,-1.4701781272888184,-1.406180922458967,1766201965.0461416
-1.1874760389328003,-1.1565032005310059,1.4439346340327188,-0.8116396069526672,-1.4710462093353271,-1.4076295568093329,1766201965.0461078
-1.1894220113754272,-1.1666616201400757,1.4451241742482532,-0.8116396069526672,-1.4710462093353271,-1.4076295568093329,1766201965.0561187
-1.1894220113754272,-1.1666616201400757,1.4451241742482532,-0.8116833567619324,-1.4710382223129272,-1.407678788326098,1766201965.0560842
-1.1894220113754272,-1.1666616201400757,1.4451241742482532,-0.8123407959938049,-1.4704474210739136,-1.4073755441757552,1766201965.0660996
-1.191504716873169,-1.1768569946289062,1.44644551830673,-0.8123407959938049,-1.4704474210739136,-1.4073755441757552,1766201965.066133
-1.191504716873169,-1.1768569946289062,1.44644551830673,-0.8128966093063354,-1.4699703454971313,-1.4070617769708353,1766201965.0661488
-1.1936334371566772,-1.186856746673584,1.4515665378259626,-0.8128966093063354,-1.4699703454971313,-1.4070617769708353,1766201965.0661578
-1.1957839727401733,-1.1969380378723145,1.4535437247483571,-0.8128966093063354,-1.4699703454971313,-1.4070617769708353,1766201965.0760226
-1.1957839727401733,-1.1969380378723145,1.4535437247483571,-0.8129894733428955,-1.4700894355773926,-1.407025701493787,1766201965.0760128
-1.1980079412460327,-1.2069615125656128,1.455801480539525,-0.8129894733428955,-1.4700894355773926,-1.407025701493787,1766201965.0861268
-1.1980079412460327,-1.2069615125656128,1.455801480539525,-0.8128335475921631,-1.469897747039795,-1.4068434422964118,1766201965.0860934
-1.2002476453781128,-1.2169500589370728,1.4574168082936976,-0.8128335475921631,-1.469897747039795,-1.4068434422964118,1766201965.0961115
-1.2002476453781128,-1.2169500589370728,1.4574168082936976,-0.8130719661712646,-1.470070719718933,-1.4075383450431034,1766201965.0960777
-1.2002476453781128,-1.2169500589370728,1.4574168082936976,-0.8130512237548828,-1.4699029922485352,-1.407432802249783,1766201965.1061263
-1.2025974988937378,-1.2269684076309204,1.458301967374403,-0.8130512237548828,-1.4699029922485352,-1.407432802249783,1766201965.1061606
-1.2025974988937378,-1.2269684076309204,1.458301967374403,-0.8130507469177246,-1.4699034690856934,-1.4073911258463192,1766201965.1161308
-1.204868197441101,-1.236839771270752,1.4611271504657337,-0.8130507469177246,-1.4699034690856934,-1.4073911258463192,1766201965.1161652
-1.204868197441101,-1.236839771270752,1.4611271504657337,-0.813093364238739,-1.4698601961135864,-1.4070804311379803,1766201965.1161811
-1.207165002822876,-1.246700644493103,1.4633588081486857,-0.813093364238739,-1.4698601961135864,-1.4070804311379803,1766201965.1161902
-1.2096202373504639,-1.2567205429077148,1.4622501668355254,-0.813093364238739,-1.4698601961135864,-1.4070804311379803,1766201965.1261125
-1.2096202373504639,-1.2567205429077148,1.4622501668355254,-0.8130982518196106,-1.4698611497879028,-1.4069144223154997,1766201965.126078
-1.211808204650879,-1.2662878036499023,1.467626648375421,-0.8130982518196106,-1.4698611497879028,-1.4069144223154997,1766201965.1360524
-1.211808204650879,-1.2662878036499023,1.467626648375421,-0.813061535358429,-1.4699066877365112,-1.4069949179919863,1766201965.136043
-1.214024543762207,-1.2760554552078247,1.4690446717616235,-0.813061535358429,-1.4699066877365112,-1.4069949179919863,1766201965.146149
-1.214024543762207,-1.2760554552078247,1.4690446717616235,-0.812337338924408,-1.4703048467636108,-1.4076622560339507,1766201965.1461148
-1.214024543762207,-1.2760554552078247,1.4690446717616235,-0.8121563792228699,-1.4705809354782104,-1.4080564121574484,1766201965.156086
-1.216227412223816,-1.2858247756958008,1.4708698160469786,-0.8121563792228699,-1.4705809354782104,-1.4080564121574484,1766201965.156131
-1.216227412223816,-1.2858247756958008,1.4708698160469786,-0.8125203847885132,-1.4704171419143677,-1.4070246124773762,1766201965.1661065
-1.21836519241333,-1.2956410646438599,1.4720095598480047,-0.8125203847885132,-1.4704171419143677,-1.4070246124773762,1766201965.166145
-1.21836519241333,-1.2956410646438599,1.4720095598480047,-0.812139630317688,-1.4706337451934814,-1.4076534040753679,1766201965.166161
-1.2205876111984253,-1.3055789470672607,1.4713426119030082,-0.812139630317688,-1.4706337451934814,-1.4076534040753679,1766201965.1661704
-1.2205876111984253,-1.3055789470672607,1.4713426119030082,-0.8120120763778687,-1.470674991607666,-1.408391939530959,1766201965.1760066
-1.2225964069366455,-1.3154910802841187,1.471322924384664,-0.8120120763778687,-1.470674991607666,-1.408391939530959,1766201965.1760175
-1.2245920896530151,-1.3253042697906494,1.4728525028214727,-0.8120120763778687,-1.470674991607666,-1.408391939530959,1766201965.1860578
-1.2245920896530151,-1.3253042697906494,1.4728525028214727,-0.811806857585907,-1.4702876806259155,-1.4080066039726113,1766201965.1860456
-1.2245920896530151,-1.3253042697906494,1.4728525028214727,-0.8129413723945618,-1.4704341888427734,-1.4073983222293682,1766201965.1960685
-1.226759672164917,-1.3351463079452515,1.4712998216461954,-0.8129413723945618,-1.4704341888427734,-1.4073983222293682,1766201965.1960807
-1.226759672164917,-1.3351463079452515,1.4712998216461954,-0.8129972219467163,-1.4707307815551758,-1.4072857109662653,1766201965.2060506
-1.2287617921829224,-1.3448009490966797,1.4699723566323202,-0.8129972219467163,-1.4707307815551758,-1.4072857109662653,1766201965.2060802
-1.2306721210479736,-1.3543869256973267,1.4709299109489387,-0.8129972219467163,-1.4707307815551758,-1.4072857109662653,1766201965.216061
-1.2306721210479736,-1.3543869256973267,1.4709299109489387,-0.8130414485931396,-1.4710832834243774,-1.4071038715609974,1766201965.2160492
-1.2325743436813354,-1.3639590740203857,1.4694039812046757,-0.8130414485931396,-1.4710832834243774,-1.4071038715609974,1766201965.2160697
-1.2325743436813354,-1.3639590740203857,1.4694039812046757,-0.8130331635475159,-1.4707225561141968,-1.4074082242204853,1766201965.2160666
-1.2344257831573486,-1.3735105991363525,1.4679201397805086,-0.8130331635475159,-1.4707225561141968,-1.4074082242204853,1766201965.22615
-1.2344257831573486,-1.3735105991363525,1.4679201397805086,-0.8132373094558716,-1.4699046611785889,-1.4067870614639633,1766201965.226116
-1.2344257831573486,-1.3735105991363525,1.4679201397805086,-0.8130474090576172,-1.470923900604248,-1.4075860063142769,1766201965.235983
-1.2362418174743652,-1.382989525794983,1.4686226887224716,-0.8130474090576172,-1.470923900604248,-1.4075860063142769,1766201965.2359922
-1.2362418174743652,-1.382989525794983,1.4686226887224716,-0.8132318258285522,-1.4706088304519653,-1.4058037170613662,1766201965.2461224
-1.2378846406936646,-1.3924485445022583,1.466551463587977,-0.8132318258285522,-1.4706088304519653,-1.4058037170613662,1766201965.2461565
-1.2397046089172363,-1.402079701423645,1.4648936291680819,-0.8132318258285522,-1.4706088304519653,-1.4058037170613662,1766201965.2560997
-1.2397046089172363,-1.402079701423645,1.4648936291680819,-0.8133236765861511,-1.4703930616378784,-1.4056945199933955,1766201965.2560647
-1.2412686347961426,-1.4114856719970703,1.4625766844058625,-0.8133236765861511,-1.4703930616378784,-1.4056945199933955,1766201965.266018
-1.2412686347961426,-1.4114856719970703,1.4625766844058625,-0.8130459785461426,-1.4700956344604492,-1.4057910520654309,1766201965.2659967
-1.2428944110870361,-1.42110276222229,1.464150335193875,-0.8130459785461426,-1.4700956344604492,-1.4057910520654309,1766201965.2660332
-1.2428944110870361,-1.42110276222229,1.464150335193875,-0.8135416507720947,-1.469704031944275,-1.405236252013266,1766201965.2660272
-1.2428944110870361,-1.42110276222229,1.464150335193875,-0.8138545751571655,-1.469447374343872,-1.4045660179255346,1766201965.2759717
-1.2442731857299805,-1.4305827617645264,1.4581231639900905,-0.8138545751571655,-1.469447374343872,-1.4045660179255346,1766201965.2759895
-1.2442731857299805,-1.4305827617645264,1.4581231639900905,-0.8128776550292969,-1.4699132442474365,-1.4075431482273175,1766201965.2861009
-1.2458240985870361,-1.4401473999023438,1.4607423380069426,-0.8128776550292969,-1.4699132442474365,-1.4075431482273175,1766201965.286133
-1.2458240985870361,-1.4401473999023438,1.4607423380069426,-0.8128724098205566,-1.4699349403381348,-1.4078910361859773,1766201965.2960896
-1.2471051216125488,-1.4495877027511597,1.458949771338208,-0.8128724098205566,-1.4699349403381348,-1.4078910361859773,1766201965.2961395
-1.2471051216125488,-1.4495877027511597,1.458949771338208,-0.8128963708877563,-1.4699983596801758,-1.407814012230098,1766201965.3061285
-1.2484703063964844,-1.4591370820999146,1.4601091434402467,-0.8128963708877563,-1.4699983596801758,-1.407814012230098,1766201965.3061671
-1.249405860900879,-1.4685311317443848,1.460685004157643,-0.8128963708877563,-1.4699983596801758,-1.407814012230098,1766201965.3161047
-1.249405860900879,-1.4685311317443848,1.460685004157643,-0.812950611114502,-1.470133662223816,-1.4080522368417865,1766201965.3160658
-1.2505844831466675,-1.4780572652816772,1.4620971626898487,-0.812950611114502,-1.470133662223816,-1.4080522368417865,1766201965.3161292
-1.2505844831466675,-1.4780572652816772,1.4620971626898487,-0.8130940794944763,-1.4699456691741943,-1.4072491002348362,1766201965.3161201
-1.2505844831466675,-1.4780572652816772,1.4620971626898487,-0.8128660917282104,-1.4703888893127441,-1.4074519356894941,1766201965.3260474
-1.251535177230835,-1.4874753952026367,1.4635041120550978,-0.8128660917282104,-1.4703888893127441,-1.4074519356894941,1766201965.3260612
-1.2522876262664795,-1.4968743324279785,1.465006104313971,-0.8128660917282104,-1.4703888893127441,-1.4074519356894941,1766201965.3359873
-1.2522876262664795,-1.4968743324279785,1.465006104313971,-0.8123244643211365,-1.4701731204986572,-1.4084184361642516,1766201965.335977
-1.2522876262664795,-1.4968743324279785,1.465006104313971,-0.8131365776062012,-1.4698694944381714,-1.4059039282432417,1766201965.346059
-1.2530430555343628,-1.5063236951828003,1.466639223289843,-0.8131365776062012,-1.4698694944381714,-1.4059039282432417,1766201965.346096
-1.2536885738372803,-1.5158008337020874,1.4707198188167927,-0.8131365776062012,-1.4698694944381714,-1.4059039282432417,1766201965.356028
-1.2536885738372803,-1.5158008337020874,1.4707198188167927,-0.8128103613853455,-1.469855546951294,-1.4064405976823875,1766201965.356017
-1.2540878057479858,-1.5251433849334717,1.472198013991123,-0.8128103613853455,-1.469855546951294,-1.4064405976823875,1766201965.3661585
-1.2540878057479858,-1.5251433849334717,1.472198013991123,-0.8128008842468262,-1.4699006080627441,-1.4061802480720542,1766201965.3661246
-1.2545815706253052,-1.5345457792282104,1.4742132511854558,-0.8128008842468262,-1.4699006080627441,-1.4061802480720542,1766201965.3661826
-1.2545815706253052,-1.5345457792282104,1.4742132511854558,-0.8130348920822144,-1.4699081182479858,-1.4058273296435613,1766201965.3661735
-1.2549141645431519,-1.5437854528427124,1.4761461583276403,-0.8130348920822144,-1.4699081182479858,-1.4058273296435613,1766201965.3760202
-1.2549141645431519,-1.5437854528427124,1.4761461583276403,-0.8121419548988342,-1.470245122909546,-1.408736350084192,1766201965.376011
-1.2551072835922241,-1.5529979467391968,1.477512691051578,-0.8121419548988342,-1.470245122909546,-1.408736350084192,1766201965.3861785
-1.2551072835922241,-1.5529979467391968,1.477512691051578,-0.8126550316810608,-1.469858169555664,-1.40594942962519,1766201965.3861434
-1.2552586793899536,-1.5623048543930054,1.4787566310365867,-0.8126550316810608,-1.469858169555664,-1.40594942962519,1766201965.3961747
-1.2552586793899536,-1.5623048543930054,1.4787566310365867,-0.811754047870636,-1.4701341390609741,-1.4081599020145268,1766201965.3961399
-1.255300521850586,-1.5714149475097656,1.4814834806657025,-0.811754047870636,-1.4701341390609741,-1.4081599020145268,1766201965.4061604
-1.255300521850586,-1.5714149475097656,1.4814834806657025,-0.812896728515625,-1.4699478149414062,-1.4063357544617618,1766201965.4061244
-1.2552597522735596,-1.5805137157440186,1.4829967958797705,-0.812896728515625,-1.4699478149414062,-1.4063357544617618,1766201965.4161673
-1.2552597522735596,-1.5805137157440186,1.4829967958797705,-0.812832236289978,-1.4697154760360718,-1.405576581100556,1766201965.4161315
-1.2552316188812256,-1.5896276235580444,1.483226474170187,-0.812832236289978,-1.4697154760360718,-1.405576581100556,1766201965.4161923
-1.2552316188812256,-1.5896276235580444,1.483226474170187,-0.8126955032348633,-1.4704841375350952,-1.4085294393338053,1766201965.4161832
-1.2550792694091797,-1.5987355709075928,1.4841939819174095,-0.8126955032348633,-1.4704841375350952,-1.4085294393338053,1766201965.4261303
-1.2550792694091797,-1.5987355709075928,1.4841939819174095,-0.8130849599838257,-1.4698119163513184,-1.406119584299938,1766201965.426094
-1.2550792694091797,-1.5987355709075928,1.4841939819174095,-0.8131275773048401,-1.4701738357543945,-1.4065968104700546,1766201965.4360614
-1.2548383474349976,-1.6077162027359009,1.4857684483413027,-0.8131275773048401,-1.4701738357543945,-1.4065968104700546,1766201965.4360707
-1.2548383474349976,-1.6077162027359009,1.4857684483413027,-0.8135272264480591,-1.4696736335754395,-1.4048913606923736,1766201965.4460118
-1.2545161247253418,-1.6166563034057617,1.4869996205760863,-0.8135272264480591,-1.4696736335754395,-1.4048913606923736,1766201965.4460335
-1.2545161247253418,-1.6166563034057617,1.4869996205760863,-0.8129464387893677,-1.4704391956329346,-1.4077200666177743,1766201965.4559684
-1.2541526556015015,-1.6256678104400635,1.4870386388854795,-0.8129464387893677,-1.4704391956329346,-1.4077200666177743,1766201965.4559858
-1.2541526556015015,-1.6256678104400635,1.4870386388854795,-0.8131816387176514,-1.469881296157837,-1.406118250560348,1766201965.4661515
-1.2537931203842163,-1.6345919370651245,1.487884726451879,-0.8131816387176514,-1.469881296157837,-1.406118250560348,1766201965.466165
-1.2537931203842163,-1.6345919370651245,1.487884726451879,-0.8142603635787964,-1.4694468975067139,-1.4016228702307385,1766201965.4661698
-1.2533093690872192,-1.6435247659683228,1.4891117207942313,-0.8142603635787964,-1.4694468975067139,-1.4016228702307385,1766201965.4661727
-1.2533093690872192,-1.6435247659683228,1.4891117207942313,-0.8122807741165161,-1.4710379838943481,-1.408228017013956,1766201965.4760551
-1.2527719736099243,-1.6523677110671997,1.4906361496627536,-0.8122807741165161,-1.4710379838943481,-1.408228017013956,1766201965.4760647
-1.2522715330123901,-1.661138892173767,1.4920552630514985,-0.8122807741165161,-1.4710379838943481,-1.408228017013956,1766201965.4861348
-1.2522715330123901,-1.661138892173767,1.4920552630514985,-0.8130081295967102,-1.4719144105911255,-1.4131571949499993,1766201965.4861245
-1.2522715330123901,-1.661138892173767,1.4920552630514985,-0.8143250942230225,-1.4694793224334717,-1.4013963025189358,1766201965.496102
-1.2516810894012451,-1.6700196266174316,1.4932299723428064,-0.8143250942230225,-1.4694793224334717,-1.4013963025189358,1766201965.4961367
-1.2516810894012451,-1.6700196266174316,1.4932299723428064,-0.8128967881202698,-1.4715734720230103,-1.4117295680484374,1766201965.506111
-1.2510807514190674,-1.6788537502288818,1.494069059683312,-0.8128967881202698,-1.4715734720230103,-1.4117295680484374,1766201965.5061462
-1.2504072189331055,-1.6876643896102905,1.494452081524678,-0.8128967881202698,-1.4715734720230103,-1.4117295680484374,1766201965.5161672
-1.2504072189331055,-1.6876643896102905,1.494452081524678,-0.8127814531326294,-1.470739722251892,-1.4081845928355914,1766201965.5161297
-1.249779462814331,-1.6964671611785889,1.4952846401634172,-0.8127814531326294,-1.470739722251892,-1.4081845928355914,1766201965.5161922
-1.249779462814331,-1.6964671611785889,1.4952846401634172,-0.8124973177909851,-1.47090744972229,-1.4094757103886664,1766201965.5161834
-1.249779462814331,-1.6964671611785889,1.4952846401634172,-0.8131422996520996,-1.4697675704956055,-1.4060715636121663,1766201965.5260496
-1.2490981817245483,-1.7051410675048828,1.497027686557932,-0.8131422996520996,-1.4697675704956055,-1.4060715636121663,1766201965.5260623
-1.2483229637145996,-1.7139670848846436,1.4979397072252312,-0.8131422996520996,-1.4697675704956055,-1.4060715636121663,1766201965.5360665
-1.2483229637145996,-1.7139670848846436,1.4979397072252312,-0.812817394733429,-1.470712661743164,-1.410198748152436,1766201965.536056
-1.2483229637145996,-1.7139670848846436,1.4979397072252312,-0.8130338788032532,-1.470426321029663,-1.406843014380097,1766201965.546063
-1.2475253343582153,-1.7227615118026733,1.4985439534211566,-0.8130338788032532,-1.470426321029663,-1.406843014380097,1766201965.546101
-1.2466610670089722,-1.731635332107544,1.4984792253960149,-0.8130338788032532,-1.470426321029663,-1.406843014380097,1766201965.5559933
-1.2466610670089722,-1.731635332107544,1.4984792253960149,-0.8124349117279053,-1.470683217048645,-1.4098596963735943,1766201965.5559833
-1.2466610670089722,-1.731635332107544,1.4984792253960149,-0.8130757808685303,-1.4704114198684692,-1.4070851164105203,1766201965.566115
-1.2457685470581055,-1.7404897212982178,1.4991723461137227,-0.8130757808685303,-1.4704114198684692,-1.4070851164105203,1766201965.5661511
-1.2457685470581055,-1.7404897212982178,1.4991723461137227,-0.8128776550292969,-1.4704416990280151,-1.4087638764053851,1766201965.5661678
-1.2448664903640747,-1.749523401260376,1.4970670477816008,-0.8128776550292969,-1.4704416990280151,-1.4087638764053851,1766201965.5661767
-1.2437351942062378,-1.75818932056427,1.500423485956194,-0.8128776550292969,-1.4704416990280151,-1.4087638764053851,1766201965.5759983
-1.2437351942062378,-1.75818932056427,1.500423485956194,-0.8129138946533203,-1.470525860786438,-1.4072576937310166,1766201965.5759883
-1.2437351942062378,-1.75818932056427,1.500423485956194,-0.812798023223877,-1.4703950881958008,-1.4082953766668034,1766201965.5860307
-1.242647409439087,-1.7671175003051758,1.4999863440073011,-0.812798023223877,-1.4703950881958008,-1.4082953766668034,1766201965.58604
-1.24185311794281,-1.776197910308838,1.4999579260276032,-0.812798023223877,-1.4703950881958008,-1.4082953766668034,1766201965.5960352
-1.24185311794281,-1.776197910308838,1.4999579260276032,-0.812991738319397,-1.4703996181488037,-1.4066289025400298,1766201965.5960226
-1.24185311794281,-1.776197910308838,1.4999579260276032,-0.8140486478805542,-1.4696534872055054,-1.403216075957716,1766201965.6061335
-1.2405437231063843,-1.7849676609039307,1.502842918782702,-0.8140486478805542,-1.4696534872055054,-1.403216075957716,1766201965.6061685
-1.2405437231063843,-1.7849676609039307,1.502842918782702,-0.8128279447555542,-1.4709100723266602,-1.4076094361711196,1766201965.6161196
-1.2394963502883911,-1.7939281463623047,1.4989683630009913,-0.8128279447555542,-1.4709100723266602,-1.4076094361711196,1766201965.616155
-1.2394963502883911,-1.7939281463623047,1.4989683630009913,-0.8134446740150452,-1.470247745513916,-1.4044657205556088,1766201965.616171
-1.2382965087890625,-1.8028337955474854,1.4968975614681055,-0.8134446740150452,-1.470247745513916,-1.4044657205556088,1766201965.6161797
-1.2369145154953003,-1.811524748802185,1.4975740300103488,-0.8134446740150452,-1.470247745513916,-1.4044657205556088,1766201965.6261444
-1.2369145154953003,-1.811524748802185,1.4975740300103488,-0.8125817179679871,-1.4713267087936401,-1.4082282581814192,1766201965.6261096
-1.2369145154953003,-1.811524748802185,1.4975740300103488,-0.8134862780570984,-1.4703967571258545,-1.404329943310247,1766201965.6360326
-1.2356027364730835,-1.820472002029419,1.4959087685870325,-0.8134862780570984,-1.4703967571258545,-1.404329943310247,1766201965.6360416
-1.2356027364730835,-1.820472002029419,1.4959087685870325,-0.8127527236938477,-1.4712271690368652,-1.4075142698945418,1766201965.6461315
-1.2343639135360718,-1.8294531106948853,1.4919788748157536,-0.8127527236938477,-1.4712271690368652,-1.4075142698945418,1766201965.6461666
-1.2330355644226074,-1.8384908437728882,1.4904033144356916,-0.8127527236938477,-1.4712271690368652,-1.4075142698945418,1766201965.6561334
-1.2330355644226074,-1.8384908437728882,1.4904033144356916,-0.8104832172393799,-1.4689347743988037,-1.413856125716243,1766201965.6560986
-1.2317023277282715,-1.8475884199142456,1.4864967663466242,-0.8104832172393799,-1.4689347743988037,-1.413856125716243,1766201965.6661391
-1.2317023277282715,-1.8475884199142456,1.4864967663466242,-0.8130532503128052,-1.4704729318618774,-1.406849188889421,1766201965.6661057
-1.2317023277282715,-1.8475884199142456,1.4864967663466242,-0.8128799796104431,-1.4704605340957642,-1.4081521532064416,1766201965.676106
-1.2303484678268433,-1.8567456007003784,1.4816144566601164,-0.8128799796104431,-1.4704605340957642,-1.4081521532064416,1766201965.6761405
-1.2303484678268433,-1.8567456007003784,1.4816144566601164,-0.8130382299423218,-1.4705792665481567,-1.406407631774279,1766201965.6761563
-1.228853464126587,-1.86598539352417,1.4770423049277706,-0.8130382299423218,-1.4705792665481567,-1.406407631774279,1766201965.676168
-1.227433443069458,-1.8752771615982056,1.4733010296802809,-0.8130382299423218,-1.4705792665481567,-1.406407631774279,1766201965.6861374
-1.227433443069458,-1.8752771615982056,1.4733010296802809,-0.8130829334259033,-1.4701521396636963,-1.4065433408184407,1766201965.6861086
-1.227433443069458,-1.8752771615982056,1.4733010296802809,-0.8131335973739624,-1.4702677726745605,-1.4065798298009067,1766201965.6960416
-1.2258775234222412,-1.8846721649169922,1.4675672387922802,-0.8131335973739624,-1.4702677726745605,-1.4065798298009067,1766201965.6960526
-1.2242720127105713,-1.8940629959106445,1.4607277402611902,-0.8131335973739624,-1.4702677726745605,-1.4065798298009067,1766201965.7061296
-1.2242720127105713,-1.8940629959106445,1.4607277402611902,-0.8131908774375916,-1.4700180292129517,-1.4062777200678536,1766201965.7060928
-1.2227017879486084,-1.9035441875457764,1.4561302779650909,-0.8131908774375916,-1.4700180292129517,-1.4062777200678536,1766201965.7161384
-1.2227017879486084,-1.9035441875457764,1.4561302779650909,-0.8133695721626282,-1.4701356887817383,-1.4054719188481841,1766201965.716103
-1.2210501432418823,-1.9131677150726318,1.4525953192394638,-0.8133695721626282,-1.4701356887817383,-1.4054719188481841,1766201965.7161634
-1.2210501432418823,-1.9131677150726318,1.4525953192394638,-0.8134099841117859,-1.470217227935791,-1.404742760329577,1766201965.7161539
-1.2210501432418823,-1.9131677150726318,1.4525953192394638,-0.8129681348800659,-1.4707489013671875,-1.4073732662423146,1766201965.7260954
-1.2195947170257568,-1.9228477478027344,1.4497301109289766,-0.8129681348800659,-1.4707489013671875,-1.4073732662423146,1766201965.7261076
-1.2195947170257568,-1.9228477478027344,1.4497301109289766,-0.8127519488334656,-1.470691442489624,-1.4077805870326177,1766201965.7360442
-1.2178798913955688,-1.932522177696228,1.4458524636522154,-0.8127519488334656,-1.470691442489624,-1.4077805870326177,1766201965.7360537
-1.2162855863571167,-1.9421952962875366,1.4411159944061898,-0.8127519488334656,-1.470691442489624,-1.4077805870326177,1766201965.7461035
-1.2162855863571167,-1.9421952962875366,1.4411159944061898,-0.8128272294998169,-1.4709566831588745,-1.4082919252032162,1766201965.746068
-1.2146964073181152,-1.9518662691116333,1.437512030878569,-0.8128272294998169,-1.4709566831588745,-1.4082919252032162,1766201965.756119
-1.2146964073181152,-1.9518662691116333,1.437512030878569,-0.8135520219802856,-1.4701651334762573,-1.4040603145486628,1766201965.7560842
-1.213414192199707,-1.9616435766220093,1.4328497214453835,-0.8135520219802856,-1.4701651334762573,-1.4040603145486628,1766201965.7660987
-1.213414192199707,-1.9616435766220093,1.4328497214453835,-0.8131570816040039,-1.4706087112426758,-1.4058405467500972,1766201965.766066
-1.2115072011947632,-1.970708966255188,1.4241032526213673,-0.8131570816040039,-1.4706087112426758,-1.4058405467500972,1766201965.7661247
-1.2115072011947632,-1.970708966255188,1.4241032526213673,-0.8104685544967651,-1.469232201576233,-1.4127379224572625,1766201965.7661154
-1.2115072011947632,-1.970708966255188,1.4241032526213673,-0.8131315112113953,-1.4707027673721313,-1.4063457567379372,1766201965.776065
-1.2103878259658813,-1.9800320863723755,1.4191493748682742,-0.8131315112113953,-1.4707027673721313,-1.4063457567379372,1766201965.7760768
-1.209376573562622,-1.9895182847976685,1.4168062456386616,-0.8131315112113953,-1.4707027673721313,-1.4063457567379372,1766201965.7860665
-1.209376573562622,-1.9895182847976685,1.4168062456386616,-0.8136104941368103,-1.4697988033294678,-1.4045204976077459,1766201965.786053
-1.2084999084472656,-1.9992034435272217,1.4178128984245408,-0.8136104941368103,-1.4697988033294678,-1.4045204976077459,1766201965.7961223
-1.2084999084472656,-1.9992034435272217,1.4178128984245408,-0.8132162094116211,-1.47027587890625,-1.4064464439201025,1766201965.7960892
-1.2078373432159424,-2.007596254348755,1.4132202063318544,-0.8132162094116211,-1.47027587890625,-1.4064464439201025,1766201965.806108
-1.2078373432159424,-2.007596254348755,1.4132202063318544,-0.8134288787841797,-1.4699065685272217,-1.4057683652657547,1766201965.8060746
-1.2078373432159424,-2.007596254348755,1.4132202063318544,-0.8128077387809753,-1.4710886478424072,-1.4098506522833887,1766201965.8160696
-1.2068748474121094,-2.0164473056793213,1.4068778932821169,-0.8128077387809753,-1.4710886478424072,-1.4098506522833887,1766201965.8161042
-1.2068748474121094,-2.0164473056793213,1.4068778932821169,-0.8133336901664734,-1.4699316024780273,-1.4058287265195841,1766201965.8161206
-1.206149935722351,-2.0251455307006836,1.4037633965523915,-0.8133336901664734,-1.4699316024780273,-1.4058287265195841,1766201965.8161297
-1.206149935722351,-2.0251455307006836,1.4037633965523915,-0.8129901885986328,-1.4707945585250854,-1.406970909798951,1766201965.826061
-1.2054990530014038,-2.0335135459899902,1.3993899759519859,-0.8129901885986328,-1.4707945585250854,-1.406970909798951,1766201965.8260946
-1.2054990530014038,-2.0335135459899902,1.3993899759519859,-0.8131964206695557,-1.4703844785690308,-1.4067236858042427,1766201965.8359785
-1.2052744626998901,-2.0416598320007324,1.3980643699409385,-0.8131964206695557,-1.4703844785690308,-1.4067236858042427,1766201965.835988
-1.2052744626998901,-2.0416598320007324,1.3980643699409385,-0.8129330277442932,-1.4708378314971924,-1.406936164655121,1766201965.8460624
-1.2045083045959473,-2.049731731414795,1.3901767216468426,-0.8129330277442932,-1.4708378314971924,-1.406936164655121,1766201965.846096
-1.2045083045959473,-2.049731731414795,1.3901767216468426,-0.8126412034034729,-1.470986008644104,-1.4104102788863777,1766201965.8561163
-1.2043379545211792,-2.05806565284729,1.3875391735793228,-0.8126412034034729,-1.470986008644104,-1.4104102788863777,1766201965.8561518
-1.2043379545211792,-2.05806565284729,1.3875391735793228,-0.8126866221427917,-1.471207857131958,-1.4088754081200767,1766201965.8661036
-1.2039456367492676,-2.0656278133392334,1.3834683187408974,-0.8126866221427917,-1.471207857131958,-1.4088754081200767,1766201965.866138
-1.2039456367492676,-2.0656278133392334,1.3834683187408974,-0.812980055809021,-1.4704159498214722,-1.4074370140514318,1766201965.866154
-1.2034106254577637,-2.072453737258911,1.3770819815760438,-0.812980055809021,-1.4704159498214722,-1.4074370140514318,1766201965.8661628
-1.2034106254577637,-2.072453737258911,1.3770819815760438,-0.8126664757728577,-1.4712598323822021,-1.409420825303531,1766201965.8760335
-1.2032185792922974,-2.080298662185669,1.3755502620026532,-0.8126664757728577,-1.4712598323822021,-1.409420825303531,1766201965.8760436
-1.2028236389160156,-2.0867865085601807,1.3693216724591026,-0.8126664757728577,-1.4712598323822021,-1.409420825303531,1766201965.8861167
-1.2028236389160156,-2.0867865085601807,1.3693216724591026,-0.8130286931991577,-1.4703871011734009,-1.4071377985251845,1766201965.8860834
-1.2029156684875488,-2.0944063663482666,1.366140574636561,-0.8130286931991577,-1.4703871011734009,-1.4071377985251845,1766201965.8961177
-1.2029156684875488,-2.0944063663482666,1.366140574636561,-0.8127446174621582,-1.4710021018981934,-1.4095907798006575,1766201965.8960838
-1.2021616697311401,-2.1007943153381348,1.357259536612984,-0.8127446174621582,-1.4710021018981934,-1.4095907798006575,1766201965.9061375
-1.2021616697311401,-2.1007943153381348,1.357259536612984,-0.8130836486816406,-1.4703547954559326,-1.4071993328914725,1766201965.9061036
-1.2019189596176147,-2.1076061725616455,1.3521212517649859,-0.8130836486816406,-1.4703547954559326,-1.4071993328914725,1766201965.9160972
-1.2019189596176147,-2.1076061725616455,1.3521212517649859,-0.8127828240394592,-1.4711085557937622,-1.4102488896505165,1766201965.9160624
-1.2019121646881104,-2.1143739223480225,1.3505328282715414,-0.8127828240394592,-1.4711085557937622,-1.4102488896505165,1766201965.9161232
-1.2019121646881104,-2.1143739223480225,1.3505328282715414,-0.8133913278579712,-1.4702154397964478,-1.406028570028759,1766201965.9161136
-1.2019121646881104,-2.1143739223480225,1.3505328282715414,-0.8126429319381714,-1.470963716506958,-1.4094775073572183,1766201965.9260247
-1.2013945579528809,-2.1207873821258545,1.3485712045832852,-0.8126429319381714,-1.470963716506958,-1.4094775073572183,1766201965.9260738
-1.2013715505599976,-2.127408504486084,1.3443411169031505,-0.8126429319381714,-1.470963716506958,-1.4094775073572183,1766201965.936042
-1.2013715505599976,-2.127408504486084,1.3443411169031505,-0.8126662969589233,-1.470966100692749,-1.410617455619141,1766201965.9360318
-1.2013715505599976,-2.127408504486084,1.3443411169031505,-0.8127082586288452,-1.4710166454315186,-1.4111693020826455,1766201965.9460707
-1.2010670900344849,-2.1339526176452637,1.3369030295781015,-0.8127082586288452,-1.4710166454315186,-1.4111693020826455,1766201965.946107
-1.2009813785552979,-2.1403486728668213,1.3330566204077443,-0.8127082586288452,-1.4710166454315186,-1.4111693020826455,1766201965.956124
-1.2009813785552979,-2.1403486728668213,1.3330566204077443,-0.8128777146339417,-1.4709620475769043,-1.411996308850524,1766201965.9560883
-1.2009813785552979,-2.1403486728668213,1.3330566204077443,-0.8128639459609985,-1.471137523651123,-1.411765976657303,1766201965.9661112
-1.200842261314392,-2.1466166973114014,1.3269550082529966,-0.8128639459609985,-1.471137523651123,-1.411765976657303,1766201965.9661455
-1.200842261314392,-2.1466166973114014,1.3269550082529966,-0.8127040863037109,-1.471043586730957,-1.412322025184125,1766201965.966161
-1.2007315158843994,-2.1526336669921875,1.3248192896291746,-0.8127040863037109,-1.471043586730957,-1.412322025184125,1766201965.9661698
-1.200851321220398,-2.1586644649505615,1.320999164651409,-0.8127040863037109,-1.471043586730957,-1.412322025184125,1766201965.9760358
-1.200851321220398,-2.1586644649505615,1.320999164651409,-0.8130477070808411,-1.4706417322158813,-1.4076893504580517,1766201965.9760258
-1.2009466886520386,-2.1645305156707764,1.3185134138997634,-0.8130477070808411,-1.4706417322158813,-1.4076893504580517,1766201965.9861157
-1.2009466886520386,-2.1645305156707764,1.3185134138997634,-0.8127744197845459,-1.4710255861282349,-1.412047075952841,1766201965.9860854
-1.2011826038360596,-2.1699650287628174,1.3212502856292623,-0.8127744197845459,-1.4710255861282349,-1.412047075952841,1766201965.9960701
-1.2011826038360596,-2.1699650287628174,1.3212502856292623,-0.8130754232406616,-1.470630168914795,-1.4077851890227668,1766201965.996037
-1.2011826038360596,-2.1699650287628174,1.3212502856292623,-0.8129612803459167,-1.4703469276428223,-1.4082191101471384,1766201966.0061295
-1.201520562171936,-2.1756272315979004,1.3174700173007698,-0.8129612803459167,-1.4703469276428223,-1.4082191101471384,1766201966.0061646
-1.201520562171936,-2.1756272315979004,1.3174700173007698,-0.8129781484603882,-1.4707696437835693,-1.4083289584998984,1766201966.0261393
-1.201534628868103,-2.181126117706299,1.311650008430546,-0.8129781484603882,-1.4707696437835693,-1.4083289584998984,1766201966.0261753
-1.201534628868103,-2.181126117706299,1.311650008430546,-0.813113808631897,-1.470616102218628,-1.4079031477328598,1766201966.0262132
-1.2021063566207886,-2.1913983821868896,1.3090118566056947,-0.813113808631897,-1.470616102218628,-1.4079031477328598,1766201966.0262232
-1.2023380994796753,-2.196220874786377,1.3095316987000067,-0.813113808631897,-1.470616102218628,-1.4079031477328598,1766201966.0360427
-1.2023380994796753,-2.196220874786377,1.3095316987000067,-0.8132906556129456,-1.4702129364013672,-1.4075449891376008,1766201966.0360339
-1.2023380994796753,-2.196220874786377,1.3095316987000067,-0.8129570484161377,-1.470824122428894,-1.4086683852611739,1766201966.0460896
-1.2030471563339233,-2.2013237476348877,1.306399172805768,-0.8129570484161377,-1.470824122428894,-1.4086683852611739,1766201966.0461211
-1.203015685081482,-2.205503463745117,1.3081878150101476,-0.8129570484161377,-1.470824122428894,-1.4086683852611739,1766201966.0561435
-1.203015685081482,-2.205503463745117,1.3081878150101476,-0.8133488893508911,-1.4701424837112427,-1.4067665478095102,1766201966.0561073
-1.203015685081482,-2.205503463745117,1.3081878150101476,-0.8131396174430847,-1.4706745147705078,-1.4079697622712177,1766201966.0661
-1.2037142515182495,-2.2102086544036865,1.3041169807967037,-0.8131396174430847,-1.4706745147705078,-1.4079697622712177,1766201966.0661337
-1.2037142515182495,-2.2102086544036865,1.3041169807967037,-0.8131247758865356,-1.4702600240707397,-1.4075669946272118,1766201966.0760744
-1.2040894031524658,-2.214336633682251,1.3041404076630592,-0.8131247758865356,-1.4702600240707397,-1.4075669946272118,1766201966.0761077
-1.2040894031524658,-2.214336633682251,1.3041404076630592,-0.8131508231163025,-1.4706029891967773,-1.407776658656303,1766201966.076123
-1.2040199041366577,-2.2180378437042236,1.3044477242320285,-0.8131508231163025,-1.4706029891967773,-1.407776658656303,1766201966.076134
-1.2047083377838135,-2.2222559452056885,1.301633030306447,-0.8131508231163025,-1.4706029891967773,-1.407776658656303,1766201966.08608
-1.2047083377838135,-2.2222559452056885,1.301633030306447,-0.8128847479820251,-1.4703080654144287,-1.4081947539416335,1766201966.0860708
-1.2047083377838135,-2.2222559452056885,1.301633030306447,-0.8130071759223938,-1.4711812734603882,-1.4099986268648148,1766201966.0959504
-1.205122709274292,-2.225865125656128,1.3011652329304002,-0.8130071759223938,-1.4711812734603882,-1.4099986268648148,1766201966.0959585
-1.2052640914916992,-2.2289726734161377,1.3000769297303834,-0.8130071759223938,-1.4711812734603882,-1.4099986268648148,1766201966.1060615
-1.2052640914916992,-2.2289726734161377,1.3000769297303834,-0.8127453923225403,-1.4711194038391113,-1.4113263476122517,1766201966.10605
-1.2052640914916992,-2.2289726734161377,1.3000769297303834,-0.8128908276557922,-1.4713811874389648,-1.4127646020397735,1766201966.1160383
-1.2059640884399414,-2.232753276824951,1.2968492646215284,-0.8128908276557922,-1.4713811874389648,-1.4127646020397735,1766201966.1160536
-1.2059640884399414,-2.232753276824951,1.2968492646215284,-0.8128116726875305,-1.471065640449524,-1.4114397030739614,1766201966.126105
-1.206471562385559,-2.2357850074768066,1.2961889723011542,-0.8128116726875305,-1.471065640449524,-1.4114397030739614,1766201966.1261394
-1.206471562385559,-2.2357850074768066,1.2961889723011542,-0.8127411603927612,-1.471126675605774,-1.4112381804677956,1766201966.1261547
-1.2064419984817505,-2.2384891510009766,1.2965775140513014,-0.8127411603927612,-1.471126675605774,-1.4112381804677956,1766201966.1261656
-1.2067387104034424,-2.2414093017578125,1.2930030946869193,-0.8127411603927612,-1.471126675605774,-1.4112381804677956,1766201966.136044
-1.2067387104034424,-2.2414093017578125,1.2930030946869193,-0.813088595867157,-1.47059965133667,-1.409143435678017,1766201966.1360354
-1.2074573040008545,-2.2444653511047363,1.2890899342029547,-0.813088595867157,-1.47059965133667,-1.409143435678017,1766201966.146052
-1.2074573040008545,-2.2444653511047363,1.2890899342029547,-0.8131043314933777,-1.470596194267273,-1.4092018279884688,1766201966.1459942
-1.2078014612197876,-2.2470345497131348,1.287326145728268,-0.8131043314933777,-1.470596194267273,-1.4092018279884688,1766201966.156115
-1.2078014612197876,-2.2470345497131348,1.287326145728268,-0.8130842447280884,-1.4705532789230347,-1.4092243210170825,1766201966.1560805
-1.2078014612197876,-2.2470345497131348,1.287326145728268,-0.813118040561676,-1.4706084728240967,-1.4089577379565748,1766201966.1660974
-1.2080183029174805,-2.249166488647461,1.2892785410039829,-0.813118040561676,-1.4706084728240967,-1.4089577379565748,1766201966.166131
-1.2080183029174805,-2.249166488647461,1.2892785410039829,-0.8131189942359924,-1.4705915451049805,-1.4094991182442753,1766201966.1760693
-1.208545446395874,-2.2519946098327637,1.2815087977277817,-0.8131189942359924,-1.4705915451049805,-1.4094991182442753,1766201966.1761038
-1.208545446395874,-2.2519946098327637,1.2815087977277817,-0.8129938840866089,-1.4707772731781006,-1.409868672205445,1766201966.17612
-1.2088143825531006,-2.254281759262085,1.2785483819285048,-0.8129938840866089,-1.4707772731781006,-1.409868672205445,1766201966.1761315
-1.209089994430542,-2.256558418273926,1.2778400136099652,-0.8129938840866089,-1.4707772731781006,-1.409868672205445,1766201966.186121
-1.209089994430542,-2.256558418273926,1.2778400136099652,-0.812952995300293,-1.4708049297332764,-1.4100807033602711,1766201966.186111
-1.209089994430542,-2.256558418273926,1.2778400136099652,-0.8129527568817139,-1.470799446105957,-1.4097086925931068,1766201966.19599
-1.2090675830841064,-2.2583887577056885,1.2751170697157617,-0.8129527568817139,-1.470799446105957,-1.4097086925931068,1766201966.1960015
-1.2090675830841064,-2.2583887577056885,1.2751170697157617,-0.8129256367683411,-1.4706989526748657,-1.4098559068198795,1766201966.206119
-1.209781527519226,-2.2608437538146973,1.271831999582855,-0.8129256367683411,-1.4706989526748657,-1.4098559068198795,1766201966.2061546
-1.209781527519226,-2.2608437538146973,1.271831999582855,-0.8128705024719238,-1.4706836938858032,-1.4096146324933458,1766201966.2160897
-1.2101821899414062,-2.262821912765503,1.269703532084016,-0.8128705024719238,-1.4706836938858032,-1.4096146324933458,1766201966.216124
-1.2101821899414062,-2.262821912765503,1.269703532084016,-0.8130632638931274,-1.4705911874771118,-1.40898016128949,1766201966.2261226
-1.210242509841919,-2.2644195556640625,1.2678351293006298,-0.8130632638931274,-1.4705911874771118,-1.40898016128949,1766201966.2261326
-1.210242509841919,-2.2644195556640625,1.2678351293006298,-0.8130614161491394,-1.4705836772918701,-1.4091083990091517,1766201966.2261374
-1.2110469341278076,-2.2665517330169678,1.263693934511313,-0.8130614161491394,-1.4705836772918701,-1.4091083990091517,1766201966.2261403
-1.2110469341278076,-2.2665517330169678,1.263693934511313,-0.8128415942192078,-1.4706672430038452,-1.4094486178127352,1766201966.2360468
-1.2115190029144287,-2.2681658267974854,1.2623438403811365,-0.8128415942192078,-1.4706672430038452,-1.4094486178127352,1766201966.2360566
-1.2117236852645874,-2.269892930984497,1.2602864733374106,-0.8128415942192078,-1.4706672430038452,-1.4094486178127352,1766201966.246115
-1.2117236852645874,-2.269892930984497,1.2602864733374106,-0.8129608631134033,-1.4707026481628418,-1.4097354542209104,1766201966.246079
-1.2117236852645874,-2.269892930984497,1.2602864733374106,-0.812886655330658,-1.4707173109054565,-1.409678951081765,1766201966.2561038
-1.2123383283615112,-2.2715065479278564,1.2569937300926617,-0.812886655330658,-1.4707173109054565,-1.409678951081765,1766201966.2561395
-1.2123383283615112,-2.2715065479278564,1.2569937300926617,-0.8129349946975708,-1.4707155227661133,-1.410018207399889,1766201966.2660952
-1.212956428527832,-2.2728166580200195,1.256728309823329,-0.8129349946975708,-1.4707155227661133,-1.410018207399889,1766201966.266128
-1.212956428527832,-2.2728166580200195,1.256728309823329,-0.8129859566688538,-1.4706999063491821,-1.409537670218166,1766201966.2661443
-1.2133183479309082,-2.2741196155548096,1.256421306706928,-0.8129859566688538,-1.4706999063491821,-1.409537670218166,1766201966.2661533
-1.2131434679031372,-2.275282859802246,1.2539040556332384,-0.8129859566688538,-1.4706999063491821,-1.409537670218166,1766201966.2759895
-1.2131434679031372,-2.275282859802246,1.2539040556332384,-0.8129850029945374,-1.4707342386245728,-1.4095963980141561,1766201966.275981
-1.2139959335327148,-2.276693820953369,1.2509228646893495,-0.8129850029945374,-1.4707342386245728,-1.4095963980141561,1766201966.286057
-1.2139959335327148,-2.276693820953369,1.2509228646893495,-0.8129796385765076,-1.4706629514694214,-1.4096801604724134,1766201966.2860444
-1.2139959335327148,-2.276693820953369,1.2509228646893495,-0.812975287437439,-1.4707062244415283,-1.409835751913177,1766201966.2961214
-1.214521050453186,-2.2777347564697266,1.2495889078916884,-0.812975287437439,-1.4707062244415283,-1.409835751913177,1766201966.296156
-1.21499502658844,-2.2787272930145264,1.2494426798575686,-0.812975287437439,-1.4707062244415283,-1.409835751913177,1766201966.3061435
-1.21499502658844,-2.2787272930145264,1.2494426798575686,-0.813071608543396,-1.4705144166946411,-1.4093148642675195,1766201966.306108
-1.21499502658844,-2.2787272930145264,1.2494426798575686,-0.8130461573600769,-1.4705713987350464,-1.40943745713845,1766201966.316048
-1.215603232383728,-2.2797317504882812,1.24613854465118,-0.8130461573600769,-1.4705713987350464,-1.40943745713845,1766201966.3160834
-1.215603232383728,-2.2797317504882812,1.24613854465118,-0.812987744808197,-1.4709303379058838,-1.4089283759608684,1766201966.3260727
-1.2161973714828491,-2.2805328369140625,1.243807114270166,-0.812987744808197,-1.4709303379058838,-1.4089283759608684,1766201966.3261068
-1.2161973714828491,-2.2805328369140625,1.243807114270166,-0.8128937482833862,-1.4707319736480713,-1.410119603085088,1766201966.3261235
-1.2166508436203003,-2.281384229660034,1.2422578130829849,-0.8128937482833862,-1.4707319736480713,-1.410119603085088,1766201966.3261342
-1.2174010276794434,-2.2820467948913574,1.2422337709942828,-0.8128937482833862,-1.4707319736480713,-1.410119603085088,1766201966.3360367
-1.2174010276794434,-2.2820467948913574,1.2422337709942828,-0.8128418326377869,-1.4707146883010864,-1.4098294695349383,1766201966.336028
-1.2174010276794434,-2.2820467948913574,1.2422337709942828,-0.8129407167434692,-1.4707030057907104,-1.409878022086889,1766201966.3460977
-1.217957615852356,-2.282855749130249,1.2394567164727315,-0.8129407167434692,-1.4707030057907104,-1.409878022086889,1766201966.3461332
-1.2184360027313232,-2.28352689743042,1.2374683187168924,-0.8129407167434692,-1.4707030057907104,-1.409878022086889,1766201966.3561609
-1.2184360027313232,-2.28352689743042,1.2374683187168924,-0.812920093536377,-1.4707008600234985,-1.410083364554335,1766201966.3561254
-1.2184360027313232,-2.28352689743042,1.2374683187168924,-0.812950074672699,-1.4706727266311646,-1.4099087358629006,1766201966.366114
-1.218597412109375,-2.284219980239868,1.2341682368051246,-0.812950074672699,-1.4706727266311646,-1.4099087358629006,1766201966.3661482
-1.218597412109375,-2.284219980239868,1.2341682368051246,-0.8129604458808899,-1.4706553220748901,-1.4096838836528027,1766201966.3661654
-1.219004511833191,-2.2847797870635986,1.2329686482461724,-0.8129604458808899,-1.4706553220748901,-1.4096838836528027,1766201966.3661745
-1.219004511833191,-2.2847797870635986,1.2329686482461724,-0.8129644989967346,-1.4706755876541138,-1.4096960992450087,1766201966.3760343
-1.2194777727127075,-2.2852675914764404,1.2309277018448188,-0.8129644989967346,-1.4706755876541138,-1.4096960992450087,1766201966.3760433
-1.2201483249664307,-2.2857792377471924,1.227070149280797,-0.8129644989967346,-1.4706755876541138,-1.4096960992450087,1766201966.3860543
-1.2201483249664307,-2.2857792377471924,1.227070149280797,-0.8130120038986206,-1.470654845237732,-1.40961903857269,1766201966.3860443
-1.2201483249664307,-2.2857792377471924,1.227070149280797,-0.8130782246589661,-1.4704890251159668,-1.409146358829196,1766201966.396096
-1.2203731536865234,-2.2861080169677734,1.2265288239511234,-0.8130782246589661,-1.4704890251159668,-1.409146358829196,1766201966.3961306
-1.2207324504852295,-2.2864322662353516,1.2252673400655143,-0.8130782246589661,-1.4704890251159668,-1.409146358829196,1766201966.4061673
-1.2207324504852295,-2.2864322662353516,1.2252673400655143,-0.8130146861076355,-1.4706158638000488,-1.409498789458658,1766201966.4061315
-1.2207324504852295,-2.2864322662353516,1.2252673400655143,-0.8130814433097839,-1.4704923629760742,-1.4091309376150902,1766201966.4161055
-1.2210736274719238,-2.2867138385772705,1.2248188056149951,-0.8130814433097839,-1.4704923629760742,-1.4091309376150902,1766201966.4161408
-1.2210736274719238,-2.2867138385772705,1.2248188056149951,-0.8129557371139526,-1.4706549644470215,-1.409602019727346,1766201966.4161572
-1.2214609384536743,-2.286963939666748,1.2238765332100294,-0.8129557371139526,-1.4706549644470215,-1.409602019727346,1766201966.4161663
-1.2221579551696777,-2.2872352600097656,1.2200556757975456,-0.8129557371139526,-1.4706549644470215,-1.409602019727346,1766201966.4261086
-1.2221579551696777,-2.2872352600097656,1.2200556757975456,-0.8129642009735107,-1.4706976413726807,-1.409834859341623,1766201966.4260976
-1.2224713563919067,-2.287393808364868,1.2204898428205524,-0.8129642009735107,-1.4706976413726807,-1.409834859341623,1766201966.436012
-1.2224713563919067,-2.287393808364868,1.2204898428205524,-0.8129501342773438,-1.4706661701202393,-1.4097078993456753,1766201966.4359894
-1.2227256298065186,-2.287473440170288,1.2219284281468545,-0.8129501342773438,-1.4706661701202393,-1.4097078993456753,1766201966.4460182
-1.2227256298065186,-2.287473440170288,1.2219284281468545,-0.8129650950431824,-1.470664381980896,-1.4097141148756371,1766201966.4459763
-1.2227256298065186,-2.287473440170288,1.2219284281468545,-0.8129541277885437,-1.4706462621688843,-1.4096131366688391,1766201966.4560366
-1.2230429649353027,-2.2875618934631348,1.2217531435849074,-0.8129541277885437,-1.4706462621688843,-1.4096131366688391,1766201966.45605
-1.2230429649353027,-2.2875618934631348,1.2217531435849074,-0.8128095269203186,-1.4706461429595947,-1.409605363808476,1766201966.466004
-1.223430871963501,-2.2875869274139404,1.221323707661919,-0.8128095269203186,-1.4706461429595947,-1.409605363808476,1766201966.4660268
-1.2237930297851562,-2.2876012325286865,1.2212107149079319,-0.8128095269203186,-1.4706461429595947,-1.409605363808476,1766201966.4660666
-1.2237930297851562,-2.2876012325286865,1.2212107149079319,-0.8129761219024658,-1.47067391872406,-1.4098300168593345,1766201966.466059
-1.2245475053787231,-2.2876341342926025,1.2168735294278032,-0.8129761219024658,-1.47067391872406,-1.4098300168593345,1766201966.4759889
-1.2245475053787231,-2.2876341342926025,1.2168735294278032,-0.8129758834838867,-1.4706196784973145,-1.4094997183903684,1766201966.4759705
-1.2245475053787231,-2.2876341342926025,1.2168735294278032,-0.8129940629005432,-1.470664381980896,-1.409736612683691,1766201966.4860713
-1.2249712944030762,-2.287449836730957,1.220415026823439,-0.8129940629005432,-1.470664381980896,-1.409736612683691,1766201966.4860864
-1.2249712944030762,-2.287449836730957,1.220415026823439,-0.8128490447998047,-1.470666766166687,-1.4096987598272732,1766201966.496011
-1.2252572774887085,-2.287249803543091,1.2208973240215524,-0.8128490447998047,-1.470666766166687,-1.4096987598272732,1766201966.496077
