x,y,z,alpha,beta,gamma,time
0.1229938194155693,2.1114914417266846,0.5089929699897766,0.004525601428860945,-0.002576042913206033,-1.7024603146762183,1766193689.5838974
0.1229579746723175,2.1115081310272217,0.5090146660804749,0.004499534969272824,-0.002400400867519181,-1.7023504792762132,1766193689.5939677
0.1229405403137207,2.1115455627441406,0.5089952349662781,0.004496135473281816,-0.002393848418742873,-1.7024250468936546,1766193689.6038911
0.12295158207416534,2.111529588699341,0.5089649558067322,0.00444874133644212,-0.002453460666320203,-1.7021698402225303,1766193689.6138365
0.12300186604261398,2.111523389816284,0.5089645385742188,0.0042917141924168675,-0.002563815722330567,-1.7020465162765077,1766193689.6238725
0.12297634780406952,2.111473560333252,0.5090041160583496,0.004636518425468151,-0.002599257319722326,-1.7021692531314054,1766193689.6238952
0.12297762930393219,2.11151123046875,0.5089568495750427,0.004691064601099043,-0.002421655644363013,-1.7022859063508617,1766193689.6339762
0.12301464378833771,2.1114909648895264,0.5089478492736816,0.004842607458758565,-0.0024641211821378583,-1.7024632100976231,1766193689.6439657
0.1230345219373703,2.111452579498291,0.5089942812919617,0.004900238164702288,-0.002610570719239546,-1.7023174275145898,1766193689.6539748
0.12301824241876602,2.111492156982422,0.5089912414550781,0.004812503219307436,-0.0025797336320458955,-1.702333937245941,1766193689.6640434
0.12304818630218506,2.1114535331726074,0.50902259349823,0.004744728463130398,-0.002621766302358912,-1.702227682666908,1766193689.6641123
0.12304612994194031,2.1114327907562256,0.5089679956436157,0.004802591582638549,-0.0026092404736720643,-1.702253072768112,1766193689.6738994
0.12306872010231018,2.1114439964294434,0.5089560747146606,0.004845556834788596,-0.0024988304770336926,-1.702316121413829,1766193689.683908
0.123005710542202,2.1115198135375977,0.5089257955551147,0.004524811157809415,-0.00244013755925453,-1.7020361053201103,1766193689.6939626
0.12304386496543884,2.1114721298217773,0.5089982748031616,0.004658865848702317,-0.002582975687844913,-1.7021570878257104,1766193689.7041848
0.12298960238695145,2.1114649772644043,0.5090368390083313,0.0043794810526032,-0.0026372851634678903,-1.7019572766094737,1766193689.7139525
0.12298780679702759,2.1114883422851562,0.5090049505233765,0.004550884578521905,-0.0025227509190853827,-1.70214083113163,1766193689.723936
0.12297657877206802,2.111506462097168,0.5089575052261353,0.004586205412623723,-0.002516541466920561,-1.7021373962471507,1766193689.723991
0.122993603348732,2.111459970474243,0.5089396834373474,0.004641514375064411,-0.002378811515890121,-1.702300348117722,1766193689.7339294
0.12303265929222107,2.111440658569336,0.5089578032493591,0.004950978216315794,-0.002583154686111552,-1.7024529173172862,1766193689.7440155
0.1230483129620552,2.1114630699157715,0.5090090036392212,0.004585046170404704,-0.00268265808097249,-1.7020897221125655,1766193689.754006
0.12350556254386902,2.1112537384033203,0.5087024569511414,0.006046734851815718,-0.0026901857937298504,-1.7032874859328528,1766193689.763942
0.12386613339185715,2.1109325885772705,0.5080766081809998,0.007160875304633906,-0.0029625489929893454,-1.7041239696587174,1766193689.7639983
0.1235039010643959,2.111330509185791,0.5086584687232971,0.006015277139216704,-0.0024605631958124815,-1.7033067482663184,1766193689.7739656
0.12306379526853561,2.1114513874053955,0.5089680552482605,0.004756556957379198,-0.0025626603379999904,-1.7023129436162403,1766193689.7839847
0.12305155396461487,2.111490488052368,0.5089982151985168,0.004683129806226586,-0.002644898373267218,-1.7022170811876887,1766193689.7940233
0.1230110451579094,2.111488103866577,0.5089797377586365,0.004606478754185992,-0.002564266841029778,-1.7020675094134001,1766193689.804001
0.12300442904233932,2.1115357875823975,0.5089876055717468,0.004461911912972796,-0.002528252186924999,-1.702210495563738,1766193689.8139677
0.12302296608686447,2.111509323120117,0.508962094783783,0.004801613724633168,-0.0024483430976887303,-1.702368731202807,1766193689.8239715
0.12300802767276764,2.1114912033081055,0.5089708566665649,0.004518009519958311,-0.0025121971240566246,-1.702072167938803,1766193689.8240266
0.12302334606647491,2.111487627029419,0.5090208053588867,0.004419202010538073,-0.00247486700650015,-1.7021777013831272,1766193689.8339458
0.12298665940761566,2.1114985942840576,0.5089797377586365,0.004516644695779376,-0.0024970128324245527,-1.7020924749112358,1766193689.8439875
0.12297249585390091,2.1115195751190186,0.5089724063873291,0.004454096052551224,-0.002405295590453272,-1.7021215742659477,1766193689.8540137
0.12305060774087906,2.111497163772583,0.5090051889419556,0.0047019806257879255,-0.0026313810201352337,-1.7023157379037943,1766193689.863978
0.12299445271492004,2.1115000247955322,0.5089763402938843,0.004422342736180144,-0.002428015051946375,-1.7019367631716074,1766193689.8640325
0.12300288677215576,2.1115050315856934,0.5089644193649292,0.004598635613323214,-0.0024707784067653487,-1.7021499788229326,1766193689.8739793
0.12305112928152084,2.1114578247070312,0.5090099573135376,0.0043742304677637095,-0.0023874886055618807,-1.70195450327519,1766193689.8839693
0.12306101620197296,2.1114513874053955,0.5089623928070068,0.004924848294965426,-0.0024475865009883735,-1.702334283583004,1766193689.89403
0.1229948028922081,2.111528158187866,0.5089823007583618,0.0045148821463948914,-0.0023936986724637606,-1.7021132774777672,1766193689.9039743
0.122987762093544,2.111532688140869,0.5089812278747559,0.004616209062095064,-0.0023901754839707095,-1.7023402222658002,1766193689.9139788
0.122976154088974,2.1115331649780273,0.5089624524116516,0.004583085984416701,-0.0024746500344398036,-1.7023004085909335,1766193689.9140623
0.1229536235332489,2.1115124225616455,0.5089521408081055,0.0046250195045728386,-0.0024319570077254334,-1.7024031744636476,1766193689.9239478
0.12297820299863815,2.1114869117736816,0.5089650750160217,0.004679063007391498,-0.0024869295880684448,-1.7024294867449652,1766193689.933917
0.12301872670650482,2.1114752292633057,0.5089898109436035,0.004721905533670504,-0.002580069608139154,-1.7023034976374234,1766193689.9439747
0.12293143570423126,2.111513614654541,0.508987545967102,0.0045298214754236656,-0.0024235815527177415,-1.702181624469874,1766193689.9540238
0.12298478186130524,2.1115458011627197,0.5089864134788513,0.004475823288769145,-0.0024665983407538986,-1.7022578454081045,1766193689.9639804
0.12298135459423065,2.1115047931671143,0.5089826583862305,0.00455503552549632,-0.002514420009350441,-1.7022702195029114,1766193689.9640353
0.123021200299263,2.1114697456359863,0.5089905261993408,0.004773465506558631,-0.002528562469914209,-1.7023684731899655,1766193689.9739478
0.12300585210323334,2.1115124225616455,0.508956789970398,0.00455953494197,-0.002497013972436801,-1.702196944830334,1766193689.9839873
0.12302343547344208,2.1114840507507324,0.5090166330337524,0.004650677915806615,-0.002565233745552082,-1.7023344241018548,1766193689.9939673
0.12303416430950165,2.111482620239258,0.5090014338493347,0.004836386259504907,-0.002442741423754549,-1.7024822264538637,1766193690.003972
0.12354139983654022,2.111276626586914,0.5087041854858398,0.0060358962498436985,-0.002707096421243562,-1.7032630302619813,1766193690.0139859
0.12390889972448349,2.1108522415161133,0.5080493092536926,0.007282724952485244,-0.0030937907306965652,-1.704261712401309,1766193690.0140648
0.12351059168577194,2.111257791519165,0.5087176561355591,0.006090542041827845,-0.002725395007307034,-1.7033197698425073,1766193690.0339727
0.12302789092063904,2.111490488052368,0.5089683532714844,0.004683580432137367,-0.002420413889532876,-1.7022970414518044,1766193690.034056
0.12349604815244675,2.1112961769104004,0.5086932182312012,0.005853698221339223,-0.002694028484244842,-1.7031514434409571,1766193690.0439725
0.12385503947734833,2.1109395027160645,0.5081090331077576,0.0069335847709000985,-0.003053511360246936,-1.7038921813642565,1766193690.0539773
0.12296335399150848,2.1115505695343018,0.5090045928955078,0.004369590818962086,-0.002488657969368873,-1.7021565424850218,1766193690.0639777
0.12301898747682571,2.1114635467529297,0.5090160369873047,0.0045128528810152516,-0.00261877907840689,-1.7020873506805778,1766193690.0640333
0.12298299372196198,2.1115000247955322,0.5090038180351257,0.0045646784437095465,-0.002454241144230853,-1.7021317320128642,1766193690.073898
0.12297071516513824,2.1115024089813232,0.5089956521987915,0.004560537319452921,-0.0025273353014152247,-1.7021655926968344,1766193690.0839238
0.12299642711877823,2.111525058746338,0.5089718699455261,0.004577193903573683,-0.0025343111558124407,-1.702251553590537,1766193690.094025
0.12299758940935135,2.1114933490753174,0.5089603662490845,0.004675602259561736,-0.002462429876281616,-1.7022712024548285,1766193690.1039903
0.12303042411804199,2.111482620239258,0.5089360475540161,0.004605154951321854,-0.0024938811843222128,-1.7022139055442045,1766193690.1139743
0.12300172448158264,2.1114895343780518,0.508985698223114,0.0046425484418750225,-0.0024563342650874807,-1.702128882965707,1766193690.114063
0.12299569696187973,2.111528158187866,0.5089682936668396,0.004682087316911897,-0.0024711933173563075,-1.7022093952389505,1766193690.133951
0.12302578240633011,2.111459493637085,0.5089662671089172,0.004738348111341326,-0.0025681300873649188,-1.7023175870881166,1766193690.134044
0.12308283895254135,2.111435651779175,0.5089753270149231,0.004683294605476901,-0.0026613020272442814,-1.7021208224518862,1766193690.1439722
0.12299811840057373,2.111471176147461,0.5089638829231262,0.0047924490255149815,-0.0024849646415648075,-1.7024065774318489,1766193690.1539786
0.12299986928701401,2.1114883422851562,0.5090151429176331,0.004722153222637586,-0.0025359892933890372,-1.702207926559807,1766193690.1639621
0.12302126735448837,2.1114988327026367,0.5089592337608337,0.004733955742905923,-0.002518346021365402,-1.7023721110518844,1766193690.1640222
0.12297095358371735,2.1114892959594727,0.5089623928070068,0.004774524071183931,-0.002473238187555606,-1.7025048653732566,1766193690.1739364
0.12300380319356918,2.1114838123321533,0.5089563131332397,0.004630728232222448,-0.0025617460589245277,-1.702298829815657,1766193690.1839864
0.12295989692211151,2.1115341186523438,0.5089319944381714,0.0044878439745481,-0.0024734336331316887,-1.702356281229554,1766193690.1940281
0.12298880517482758,2.1114821434020996,0.5090181827545166,0.004557250773649467,-0.0025203895875957473,-1.7021813736255575,1766193690.2039864
0.12299879640340805,2.1115167140960693,0.5089234709739685,0.00461709734736211,-0.0023763053191099386,-1.702289839115038,1766193690.2140198
0.12303716689348221,2.1114492416381836,0.5089287757873535,0.0048132821659608895,-0.0024877606631642335,-1.7024018887120662,1766193690.2140768
0.1230073869228363,2.111462354660034,0.5089442729949951,0.0049333466902261765,-0.002529893108524088,-1.702555654498167,1766193690.2239974
0.1230219230055809,2.111464262008667,0.5089876055717468,0.004866190780428636,-0.00255155540684483,-1.7024436025277958,1766193690.2340157
0.12305160611867905,2.1114683151245117,0.5089917778968811,0.004709005419700143,-0.002552660921882906,-1.7022598939359141,1766193690.243982
0.12301836907863617,2.111520528793335,0.5089451670646667,0.004759115099201336,-0.0023420513354027303,-1.7022490611318615,1766193690.2540104
0.12304745614528656,2.1114916801452637,0.5089645981788635,0.004799682268365862,-0.0024544542119798816,-1.702505703612649,1766193690.2639823
0.1230255663394928,2.1114535331726074,0.5089868903160095,0.0048524674115465755,-0.0024722453601471388,-1.7025241469154087,1766193690.2640388
0.12302736937999725,2.1114654541015625,0.5090267062187195,0.004626304695628594,-0.0026310096938902167,-1.7022355560595137,1766193690.2739334
0.12299935519695282,2.1114418506622314,0.5090080499649048,0.0046117467692049895,-0.0026283027381305097,-1.7022362035627925,1766193690.2839706
0.12303180992603302,2.111501693725586,0.5089958310127258,0.004664282247536632,-0.0025655409377507124,-1.7023649451060794,1766193690.2939758
0.12294317036867142,2.1115667819976807,0.5089510679244995,0.004624190036168518,-0.002251488343835895,-1.7023959940128337,1766193690.3039794
0.12296810001134872,2.111510992050171,0.5089770555496216,0.00446100784817852,-0.002490713639700125,-1.7021876793841764,1766193690.3139827
0.12295264005661011,2.1115036010742188,0.5089541673660278,0.0045841957540174345,-0.0024308574909409925,-1.7022199028080387,1766193690.314067
0.12298862636089325,2.1114699840545654,0.5089725255966187,0.004748679233839576,-0.0024986923824449397,-1.7024400975914398,1766193690.3239727
0.12302232533693314,2.1114795207977295,0.5089582800865173,0.004860732679813267,-0.002525681914741626,-1.7023907246043,1766193690.3340294
0.12303309142589569,2.1115052700042725,0.5089582204818726,0.004748293513843894,-0.002480283193158209,-1.7023728909379072,1766193690.3439918
0.1235048845410347,2.111238956451416,0.5086951851844788,0.006154365999312096,-0.0027673486586874446,-1.7033129992696912,1766193690.3540127
0.12389245629310608,2.1108880043029785,0.5080990791320801,0.00715668958153399,-0.003116305324534256,-1.7038890010802197,1766193690.3540688
0.1234869733452797,2.1112515926361084,0.508722186088562,0.00594934829470525,-0.0027124431992448295,-1.7030218883883068,1766193690.3639724
0.12303663790225983,2.111454486846924,0.5090014934539795,0.00472595435564811,-0.0026203470463359285,-1.7020890234539356,1766193690.3740072
0.12305453419685364,2.1114416122436523,0.5089709758758545,0.004774634424693179,-0.0026068885945087503,-1.7024269536074743,1766193690.3839738
0.1230316162109375,2.111445426940918,0.5089722871780396,0.004559280428592933,-0.002562098231116994,-1.7019694422420883,1766193690.3940127
0.12299858778715134,2.1115152835845947,0.5089762806892395,0.004517095609223912,-0.0025140624087804397,-1.7021497965596186,1766193690.4039874
0.12297605723142624,2.1115028858184814,0.5089755058288574,0.004530405764734214,-0.0024100778880621954,-1.7022261828758933,1766193690.404043
0.12292876094579697,2.111518383026123,0.508983314037323,0.004388409135387309,-0.0024177005348044876,-1.7020505584154937,1766193690.4139688
0.12298831343650818,2.111473560333252,0.508935809135437,0.004801224717743745,-0.0025324193912969954,-1.7024589160049186,1766193690.4239824
0.12294720113277435,2.1115121841430664,0.5089795589447021,0.004525784925197589,-0.002443954829258428,-1.7023252650228824,1766193690.43396
0.12295517325401306,2.1115169525146484,0.5089552402496338,0.004488903743671314,-0.002483231362322826,-1.7021248522798436,1766193690.4439754
0.12298455834388733,2.1114532947540283,0.508976399898529,0.0047371817077060145,-0.0025005147499469363,-1.7023701216868696,1766193690.4540074
0.1230316013097763,2.1114563941955566,0.508960485458374,0.004728541821445867,-0.002540643135779916,-1.7021769381555811,1766193690.4540644
0.12304757535457611,2.1114470958709717,0.5089789032936096,0.004973046226541113,-0.0024378056354101224,-1.7025831077207791,1766193690.4639137
0.1230364739894867,2.1114981174468994,0.5089983940124512,0.004791048875317835,-0.002453042824926813,-1.7022957578140272,1766193690.4739168
0.1230282336473465,2.1114675998687744,0.5089918375015259,0.004902347400163857,-0.002546710091584651,-1.7024676242370769,1766193690.484003
0.12306028604507446,2.1114280223846436,0.5090035200119019,0.004711310576963724,-0.002603756489640487,-1.7021705717003,1766193690.493987
0.12300515919923782,2.1114633083343506,0.5089938640594482,0.004751020612256215,-0.0025129756346868194,-1.7022845247172302,1766193690.5039916
0.12301944941282272,2.1115031242370605,0.508947491645813,0.004696121233468494,-0.0024847881348195894,-1.702470726736639,1766193690.5139797
0.12299516052007675,2.111518621444702,0.5089554190635681,0.004501795571866586,-0.0024080267510285043,-1.7020432607505949,1766193690.5142074
0.12296459078788757,2.1115126609802246,0.5089787840843201,0.004467011218722611,-0.0024736765701798905,-1.7021352779323835,1766193690.5238817
0.1229938268661499,2.111501455307007,0.5089396834373474,0.004641489507184423,-0.002440177531652798,-1.7023173904089257,1766193690.5439157
0.12297685444355011,2.1114985942840576,0.508995532989502,0.004569164927800225,-0.002473390446399397,-1.702243969165755,1766193690.5439365
0.12300725281238556,2.1115102767944336,0.5089675784111023,0.0045022925831927135,-0.0024556251330231788,-1.7022489828397016,1766193690.5539165
0.12303994596004486,2.1114907264709473,0.5089392066001892,0.004691710838167915,-0.0024347482180010187,-1.7024257466363992,1766193690.5639157
0.12385665625333786,2.1120262145996094,0.5085309147834778,0.00764170660773447,-0.00123452062350885,-1.7067644315192985,1766193690.5639355
0.12391281872987747,2.110776662826538,0.5080050826072693,0.007453692150650322,-0.0031935264530623133,-1.7041419176807207,1766193690.573906
0.12352936714887619,2.111260414123535,0.5087006092071533,0.006171881157536928,-0.0026684962032375425,-1.7033615456579214,1766193690.583966
0.12351791560649872,2.1113195419311523,0.5086698532104492,0.005996148944081839,-0.0025571699015407706,-1.7032898676517143,1766193690.593979
0.12390781193971634,2.110888957977295,0.5080240964889526,0.0073614844585192084,-0.0030161193639732737,-1.7044586518678329,1766193690.6039877
0.1230272650718689,2.1114754676818848,0.5089451670646667,0.004680485553867424,-0.0023758211138103203,-1.7022083964527461,1766193690.604042
0.12303981930017471,2.1114635467529297,0.5089840888977051,0.0046340205809528206,-0.0025298317712057834,-1.7021701880164384,1766193690.613974
0.12300720065832138,2.1114842891693115,0.5089695453643799,0.0044679643416406165,-0.0024280764018964865,-1.702205693095203,1766193690.6239758
0.12301352620124817,2.1114933490753174,0.5089651346206665,0.004518903833573646,-0.0025817065203381645,-1.7022074921272152,1766193690.633968
0.12300717830657959,2.1115055084228516,0.5089671611785889,0.0045046054926139376,-0.0025216784699716,-1.7021673708102394,1766193690.6439984
0.12300609052181244,2.1114442348480225,0.5089682936668396,0.004681823166918166,-0.002503400577994776,-1.7021744143518152,1766193690.654031
0.12302786111831665,2.1114447116851807,0.5089806318283081,0.004559023923386177,-0.0026305698668135577,-1.7020211388087545,1766193690.6639733
0.12298750132322311,2.111457586288452,0.5090085864067078,0.004772416758089774,-0.002558367698881731,-1.702205520329862,1766193690.6640306
0.12301602214574814,2.1114814281463623,0.5090067386627197,0.004668368516325083,-0.0026400609799495153,-1.7022276031298718,1766193690.6739657
0.12302855402231216,2.1114797592163086,0.5089386701583862,0.004951544446115158,-0.0024487566939017666,-1.7024372890539787,1766193690.6839983
0.12300559133291245,2.111483573913574,0.5089613199234009,0.004586646342362196,-0.002456604802478124,-1.702244378385965,1766193690.6939733
0.12303297221660614,2.1114799976348877,0.5089704394340515,0.00475830054657296,-0.0025255472547369173,-1.702458250978748,1766193690.7040002
0.12302885949611664,2.111485719680786,0.5089706778526306,0.004800337642578068,-0.002566760216670473,-1.7022455217213357,1766193690.714027
0.12301994115114212,2.111476421356201,0.5089478492736816,0.004759468117675284,-0.0024832762462242137,-1.7023267874622368,1766193690.7140958
0.1230660080909729,2.1114633083343506,0.5089805126190186,0.004587962752105665,-0.0026815450968256014,-1.7021007809064252,1766193690.7239664
0.12303055822849274,2.1114330291748047,0.5089142322540283,0.004763344844375886,-0.002521225342554563,-1.7022532158929653,1766193690.73395
0.12301531434059143,2.111459970474243,0.5089741945266724,0.004653703946079105,-0.0024369623536997613,-1.7021928852873405,1766193690.7539728
0.1229633018374443,2.1115119457244873,0.5089455842971802,0.004390869281184396,-0.002407843697694219,-1.7019408077290867,1766193690.7540462
0.12294140458106995,2.111537218093872,0.5089926719665527,0.0042596862981396965,-0.0024572774795530144,-1.7018252592177956,1766193690.7639275
0.12299355864524841,2.1115026473999023,0.5089808702468872,0.004528882759645065,-0.0024263240614292793,-1.7022771754074284,1766193690.763944
0.12299870699644089,2.1114938259124756,0.5089945793151855,0.00452872800073272,-0.0024904184927060247,-1.7022158100235831,1766193690.7739296
0.12295679748058319,2.111473560333252,0.5089873671531677,0.004567905591298283,-0.0025332001073878055,-1.7021566773765358,1766193690.7839084
0.1230018362402916,2.1114842891693115,0.5089669823646545,0.0046900149128669315,-0.0025004587076068803,-1.7022965751265287,1766193690.7939472
0.1230153813958168,2.1114394664764404,0.5089410543441772,0.004786609807221073,-0.002510587842831567,-1.7023421716948746,1766193690.8339832
0.1230565756559372,2.1114697456359863,0.5089465379714966,0.0047316139751566975,-0.002519968205146652,-1.7021998601928698,1766193690.8340778
0.12305166572332382,2.1114988327026367,0.508962869644165,0.004727466939679265,-0.0024544186742517155,-1.702401770639693,1766193690.8342912
0.12304550409317017,2.111433506011963,0.5089840888977051,0.004614069031104925,-0.002436092553283591,-1.7022366718032194,1766193690.8343565
0.12303593754768372,2.11149263381958,0.5089956521987915,0.004559300612950177,-0.002573478449389021,-1.7020977038229104,1766193690.8539107
0.12297080457210541,2.1115081310272217,0.5089377164840698,0.00464998719334786,-0.0024170299083467327,-1.7023607687502949,1766193690.853928
0.12299251556396484,2.1115713119506836,0.5089628100395203,0.0045911055035398815,-0.002424278991664038,-1.702517669711526,1766193690.8639898
0.12293622642755508,2.111558437347412,0.5089608430862427,0.0044742548369040265,-0.002276982562359842,-1.7021410822325913,1766193690.8940134
0.1229812353849411,2.111504554748535,0.5090155005455017,0.004447869113126265,-0.002593763073788173,-1.7021872978790533,1766193690.8940947
0.12297111004590988,2.11149001121521,0.5089581608772278,0.004510598167027654,-0.0025414624327851558,-1.7021430094346939,1766193690.8942177
0.12299573421478271,2.1114938259124756,0.5089189410209656,0.0046962782721008305,-0.0024979886777930743,-1.7022399674551203,1766193690.894308
0.1229766458272934,2.1115400791168213,0.5089715123176575,0.004515239551077284,-0.0023543602097109762,-1.7022458095902608,1766193690.9039621
0.12301463633775711,2.111494302749634,0.5089476108551025,0.004747317225999054,-0.0024508839420385683,-1.7024067769061,1766193690.9039998
0.12305837124586105,2.1114614009857178,0.5089690685272217,0.004772024534845587,-0.0026267317738209632,-1.7023885660464633,1766193690.9139194
0.12303268164396286,2.1114771366119385,0.5089302659034729,0.004907295339675648,-0.0024534223981732303,-1.7025254357213429,1766193690.923917
0.1230633482336998,2.111464262008667,0.5089311003684998,0.004978384245772787,-0.002528666720373771,-1.7024648274479466,1766193690.9339366
0.12300732731819153,2.1114721298217773,0.5089743733406067,0.00492494436397674,-0.0025170823506693992,-1.7024821137607942,1766193690.9439883
0.12300778925418854,2.1114518642425537,0.5089720487594604,0.0047321100574165545,-0.002485391416053871,-1.702337322326678,1766193690.9540427
0.12303157150745392,2.1114540100097656,0.5089637041091919,0.004651219825279709,-0.0026435564758503947,-1.7023059878015008,1766193690.9640143
0.12306183576583862,2.111464500427246,0.5089772343635559,0.004758744232977216,-0.002608696350958782,-1.7022236889984046,1766193690.9640708
0.12297883629798889,2.1115145683288574,0.508989691734314,0.004594688736449248,-0.0024474461389420643,-1.7023581477132206,1766193690.9740274
0.1229676902294159,2.1115102767944336,0.5089865922927856,0.004462136761923852,-0.0024585094597636865,-1.7021637000651113,1766193690.983996
0.12300794571638107,2.1114871501922607,0.5089911222457886,0.004496017039344195,-0.0025269819011180163,-1.7022227033078128,1766193690.9939334
0.12299858778715134,2.1114962100982666,0.5089585781097412,0.004605947113250449,-0.002531965520139664,-1.702299817405872,1766193691.0040054
0.1230119839310646,2.11152982711792,0.5089853405952454,0.00459358069337562,-0.0025810416832188644,-1.7021440690388474,1766193691.0139031
0.12300627678632736,2.111477851867676,0.5089828372001648,0.004721760120021114,-0.002592320693537573,-1.7023088309585468,1766193691.0139582
0.12350808084011078,2.1113171577453613,0.5086925029754639,0.0061163871201494755,-0.0026333501620221123,-1.7034840938354752,1766193691.0240052
0.12387777119874954,2.1108481884002686,0.5080127120018005,0.007334138228829564,-0.0031330673833522516,-1.704254770026908,1766193691.0339458
0.12350190430879593,2.1112864017486572,0.5086712837219238,0.00617918737976057,-0.0027057079509577114,-1.7033750042749176,1766193691.0440512
0.12348898500204086,2.111302137374878,0.5086985230445862,0.005927478424757817,-0.0025474733039115034,-1.70315669315185,1766193691.053959
0.12393336743116379,2.1108312606811523,0.5080152750015259,0.007341892354718523,-0.003059031188679334,-1.7041666346722661,1766193691.0639493
0.12305206060409546,2.1114723682403564,0.5089566707611084,0.004694972445112725,-0.0024657867024469402,-1.702192588210494,1766193691.064081
0.12303303927183151,2.1114869117736816,0.5089635848999023,0.0046759496532885,-0.002430820743713604,-1.7021889281622078,1766193691.0739877
0.12302633374929428,2.1114587783813477,0.5089563131332397,0.004675401118467131,-0.0024929128342464197,-1.7022858857397067,1766193691.0839856
0.12299545109272003,2.111487627029419,0.5089752674102783,0.004588629946673227,-0.0025872407309488004,-1.7021329187339196,1766193691.093975
0.12303157150745392,2.1114869117736816,0.5090259313583374,0.0044019137705350155,-0.0026425915891169155,-1.7021296481443857,1766193691.1039853
0.12299679219722748,2.111459732055664,0.508986234664917,0.004581330327152908,-0.0025891043995434656,-1.7022722962492247,1766193691.1139333
0.12301051616668701,2.111480951309204,0.5089554190635681,0.004515626927015975,-0.002494899622199524,-1.702226120848306,1766193691.1140149
0.12299561500549316,2.111504316329956,0.5089696049690247,0.0047568418706098094,-0.0024812679335702767,-1.7025082381509262,1766193691.12397
0.12299718707799911,2.111483573913574,0.5089594721794128,0.004660989450387599,-0.002579749994551428,-1.7022074241782932,1766193691.1339762
0.12301159650087357,2.1114747524261475,0.5089669227600098,0.0047061070701704235,-0.002536140126202855,-1.7021881357815272,1766193691.1439018
0.12302476912736893,2.1114697456359863,0.508948564529419,0.004628677168946805,-0.002508424969694514,-1.7020113146859783,1766193691.1539264
0.12353072315454483,2.111199378967285,0.5087093114852905,0.005908321796660791,-0.0027793787432015926,-1.702910683463368,1766193691.1639922
0.12388338148593903,2.1108899116516113,0.5080562829971313,0.0072871210798447,-0.003024682042420507,-1.7041882152221848,1766193691.1640491
0.12352459132671356,2.111264705657959,0.5086635947227478,0.00602058192377544,-0.0026582540281048614,-1.7031727105875323,1766193691.173883
0.12304861098527908,2.111464262008667,0.5089851021766663,0.004873728173864847,-0.002552440170288652,-1.7023095472270218,1766193691.1839604
0.12299104034900665,2.1114799976348877,0.5089877843856812,0.004519085865895323,-0.0024775721327894968,-1.7019805826026517,1766193691.1939325
0.12303674966096878,2.111419439315796,0.5089831352233887,0.0048634968780670446,-0.002659689961629136,-1.7023501776788441,1766193691.2039726
0.123000867664814,2.111480474472046,0.5090150833129883,0.004633631031319667,-0.0025528075046703774,-1.7022531144708481,1766193691.213928
0.12298372387886047,2.1115097999572754,0.5089806914329529,0.0046295955134559195,-0.0023858840198947517,-1.7023541677062801,1766193691.213982
0.12299343943595886,2.1114933490753174,0.508967936038971,0.004644116118094601,-0.0024952240088634424,-1.7022371035809776,1766193691.2239606
0.12298038601875305,2.1114814281463623,0.50898277759552,0.004602793377378213,-0.002551621127380102,-1.70212516214209,1766193691.2339385
0.12300890684127808,2.111445903778076,0.5089669227600098,0.004634456609994092,-0.002630677781907342,-1.7021390893640103,1766193691.2438884
0.12300028651952744,2.1114518642425537,0.5090064406394958,0.0046542158686063125,-0.0026645755289352773,-1.7021778836189696,1766193691.2539115
0.12348026037216187,2.1112656593322754,0.5086413621902466,0.00599694758830828,-0.00262242995196204,-1.703112664887668,1766193691.2639074
0.123909130692482,2.110830068588257,0.5079911351203918,0.007439677770129196,-0.003108823854748167,-1.7042710836089776,1766193691.263962
0.12302583456039429,2.111478090286255,0.5089581608772278,0.004740478450238614,-0.0024777952288762353,-1.7021579532713715,1766193691.2739112
0.12382346391677856,2.111985683441162,0.5086023807525635,0.007696780714693535,-0.0013824969706979654,-1.7067543257050481,1766193691.283951
0.12401631474494934,2.110675096511841,0.5079187154769897,0.007795018297965614,-0.0033611114432414214,-1.7042810191199478,1766193691.293917
0.12302540242671967,2.111464738845825,0.5089575052261353,0.004736259206802504,-0.0024610961146164694,-1.7023689392742265,1766193691.303954
0.12296463549137115,2.111520528793335,0.5089308619499207,0.0046276560493828675,-0.002373261275513197,-1.7021022291482106,1766193691.3139307
0.12306327372789383,2.1114752292633057,0.5089693069458008,0.004630980005457036,-0.002482362695353515,-1.702057718126092,1766193691.3139858
0.12304095178842545,2.1114516258239746,0.5089589357376099,0.004651984021940555,-0.002536199427153733,-1.702002874460664,1766193691.3239634
0.12301500141620636,2.1114697456359863,0.5089840888977051,0.004637874417394503,-0.002498422706889262,-1.702223937449127,1766193691.3339145
0.12299437820911407,2.1115167140960693,0.5089726448059082,0.004539051302959664,-0.002492634960192624,-1.7021497755284627,1766193691.343923
0.12300687283277512,2.111499071121216,0.5089536309242249,0.004716945980145897,-0.002407169456763211,-1.702353996746477,1766193691.3539553
0.12304103374481201,2.111530065536499,0.5089410543441772,0.00474508173127795,-0.0024567661930838328,-1.7025201536080086,1766193691.363889
0.1229730099439621,2.1114304065704346,0.5089257955551147,0.004762692554571033,-0.00253210057222772,-1.7023906049954316,1766193691.3639462
0.1230316162109375,2.1114375591278076,0.5089631676673889,0.004793814658511088,-0.002646010559890527,-1.7022627935847898,1766193691.373916
0.12300821393728256,2.111454486846924,0.5089804530143738,0.004885830869997658,-0.0025619416845898664,-1.7024370700839984,1766193691.3839536
0.12303754687309265,2.111450433731079,0.5089460015296936,0.00493017430883334,-0.0025453854630054155,-1.70233141350866,1766193691.3939414
0.12304433435201645,2.1114938259124756,0.5089832544326782,0.004675879256857322,-0.002536131161822399,-1.7020488718811848,1766193691.403951
0.12303496152162552,2.111445903778076,0.5089742541313171,0.0048029737161494465,-0.0025537411740694854,-1.7022586031712987,1766193691.413947
0.12300848960876465,2.111457347869873,0.5089765787124634,0.0048293550339360445,-0.0024923382168562146,-1.7024004057495625,1766193691.4140172
0.12301590293645859,2.1114912033081055,0.5089671015739441,0.004723870591165165,-0.0025244754165734437,-1.702283912369104,1766193691.423912
0.12302827835083008,2.1114883422851562,0.5089661478996277,0.0046417758078795696,-0.002526496690256712,-1.7022194432876696,1766193691.4338882
0.1230248510837555,2.111440896987915,0.5089962482452393,0.00487484442021867,-0.0025365849045406504,-1.7024118966651047,1766193691.4438903
0.12299560010433197,2.1114461421966553,0.5089887380599976,0.004609160006149789,-0.0026046146087854655,-1.7022084239724138,1766193691.4538898
0.1229616031050682,2.1114954948425293,0.5089640021324158,0.004483244118584306,-0.0025580531943726927,-1.7020920653655482,1766193691.4639206
0.12300107628107071,2.1115124225616455,0.5089865326881409,0.004416574976552745,-0.002482620840542731,-1.7021628451156465,1766193691.4639785
0.12296218425035477,2.11147403717041,0.5090116858482361,0.004729758004425733,-0.002582255141315014,-1.7023155011274114,1766193691.4739132
0.12301941961050034,2.11149263381958,0.5090026259422302,0.004588740696457298,-0.0025393663024573594,-1.7022656874205127,1766193691.4838881
0.12299209833145142,2.1114509105682373,0.5089861154556274,0.004690631162518049,-0.0025750154521528962,-1.7023267489256684,1766193691.4939106
0.12304626405239105,2.1114485263824463,0.508957028388977,0.00486280873661936,-0.002562149131860912,-1.7022644417780703,1766193691.503913
0.1230786144733429,2.1114511489868164,0.5089216232299805,0.005010063032272375,-0.002568509131307759,-1.702462354307747,1766193691.513926
0.12302303314208984,2.111509323120117,0.5089564919471741,0.004780720856007745,-0.002421480687254296,-1.7023550384838588,1766193691.5139804
0.12306934595108032,2.1114139556884766,0.5089812278747559,0.005030548030678497,-0.0026255979111007555,-1.7025689704256093,1766193691.5239525
0.12302926927804947,2.1114320755004883,0.5090165138244629,0.004705605307480948,-0.0026341428553250433,-1.7021590515304013,1766193691.5339484
0.12302347272634506,2.111463785171509,0.5090116262435913,0.004548679245128389,-0.0025853302050994676,-1.70199415291384,1766193691.5439596
0.12296910583972931,2.1114578247070312,0.5090042948722839,0.004797563155561232,-0.002393399819061474,-1.7022183114705451,1766193691.5539079
0.12300451099872589,2.111530303955078,0.5089495778083801,0.004561732347860387,-0.0024146338631661837,-1.7022179658961856,1766193691.5638895
0.12296449393033981,2.111539125442505,0.5089854001998901,0.0044532442898177335,-0.0023571961135603683,-1.7020614809199894,1766193691.563945
0.12296721339225769,2.111490249633789,0.5089595913887024,0.004491953328018462,-0.0025228297118941668,-1.7020827118502337,1766193691.5739129
0.1229599341750145,2.1114518642425537,0.5089648365974426,0.004454767711611383,-0.002532414164892328,-1.701887703301312,1766193691.5838938
0.12295405566692352,2.1115477085113525,0.5089554190635681,0.0043603328592940116,-0.0023765950705579067,-1.7019919747211154,1766193691.593842
0.12299375236034393,2.1114649772644043,0.5089365839958191,0.004799028043406256,-0.002473798543364097,-1.7023374673201157,1766193691.6038673
0.1230146735906601,2.111506700515747,0.5089701414108276,0.004700293350643029,-0.002530245677138655,-1.7023573050541652,1766193691.613838
0.12303958833217621,2.111422538757324,0.5090200901031494,0.004866128160226113,-0.0026370756480522347,-1.7021968826142486,1766193691.6138904
0.12311632186174393,2.1113810539245605,0.5089343786239624,0.005257048818712522,-0.0026502206426383176,-1.702611699734344,1766193691.6239135
0.12302300333976746,2.111468553543091,0.508963942527771,0.00495112385476502,-0.0024816506957136704,-1.702466852396742,1766193691.6339023
0.12304642051458359,2.111482620239258,0.5089261531829834,0.004959438400002539,-0.0025138672669046858,-1.7025819339684782,1766193691.6440055
0.12299598008394241,2.1114420890808105,0.5089429020881653,0.004755278057457914,-0.002381414287322043,-1.7021219239487129,1766193691.6540236
0.12302549928426743,2.1114604473114014,0.5089704394340515,0.004634003858960555,-0.0024851111660688318,-1.702101407906704,1766193691.6540816
0.12302227318286896,2.111449718475342,0.5089426636695862,0.004633324830638666,-0.00259490175808494,-1.7022447671818732,1766193691.6639762
0.12302272766828537,2.111454486846924,0.508929967880249,0.004420850244111147,-0.0025071726936548794,-1.7020412630501651,1766193691.6839166
0.12299993634223938,2.1114845275878906,0.5089070200920105,0.004680606426930613,-0.00235276517837457,-1.7022771087486237,1766193691.6839364
0.12298201769590378,2.1115047931671143,0.5089823007583618,0.004644764568106423,-0.002429839787477726,-1.7022538524466395,1766193691.6940184
0.12302470207214355,2.1114654541015625,0.5089953541755676,0.004718877880900218,-0.0025557380680229797,-1.7022804360544765,1766193691.7039566
0.12300470471382141,2.1114470958709717,0.5089602470397949,0.004796013081820269,-0.002599756057246417,-1.702321964720753,1766193691.7040355
0.12301968038082123,2.1114425659179688,0.5089773535728455,0.0046973186425423984,-0.0026827438529133277,-1.7021393950420134,1766193691.714047
0.12350131571292877,2.1113245487213135,0.5086708068847656,0.006046340749037439,-0.0026167620112654217,-1.7033378736589007,1766193691.7239912
0.12384133785963058,2.110907554626465,0.5080552101135254,0.007016561501885134,-0.003012425281666711,-1.7039770789486084,1766193691.7339766
0.12356612086296082,2.1112711429595947,0.508686900138855,0.0062042723773402236,-0.0027365134069908645,-1.7035570301710405,1766193691.743991
0.12354375422000885,2.111257791519165,0.5086615681648254,0.0060667809851966525,-0.002637678722216417,-1.7032093018597059,1766193691.7540278
0.12391267716884613,2.1108343601226807,0.5080353617668152,0.007371237939144944,-0.003140646251308033,-1.7041842392977007,1766193691.7639985
0.12354269623756409,2.111319065093994,0.5086521506309509,0.006052155979643515,-0.0025653104353261817,-1.7032940346199228,1766193691.7740269
0.12390095740556717,2.1109564304351807,0.508106529712677,0.007153604236258325,-0.003064376509435482,-1.704128808858808,1766193691.7741034
0.12305457144975662,2.1115005016326904,0.5090277194976807,0.0046904162458743905,-0.002541872178200079,-1.7022246207263276,1766193691.7839975
0.1230493113398552,2.1114866733551025,0.508980393409729,0.004586902306571168,-0.002612084624239902,-1.7021695545162636,1766193691.7939248
0.12300114333629608,2.111436367034912,0.5089949369430542,0.00471432590878992,-0.0027000861244255553,-1.702360358316476,1766193691.8039944
0.1229567676782608,2.111509323120117,0.5089743137359619,0.00459908364041399,-0.00245578829301637,-1.702376586191543,1766193691.8139727
0.12296830117702484,2.111534595489502,0.5090138912200928,0.0044359868996822855,-0.002525399593311286,-1.7021810415634364,1766193691.8141432
0.1230127289891243,2.111487865447998,0.5089449286460876,0.004792939171598623,-0.0024709847078310215,-1.7023953863841563,1766193691.8240047
0.12305378913879395,2.1114401817321777,0.5089466571807861,0.004674675904203289,-0.002573590197201552,-1.7022105672549086,1766193691.8340216
0.12302837520837784,2.111510753631592,0.5089733004570007,0.004464247925917922,-0.0025806587839866907,-1.7019977232518135,1766193691.8439722
0.12306088954210281,2.1114799976348877,0.5089149475097656,0.004905438994691895,-0.0024054997662415756,-1.702446658824362,1766193691.8540304
0.12352563440799713,2.111332893371582,0.5086544156074524,0.0059970803320353325,-0.002663103038659549,-1.7032913078084468,1766193691.863973
0.1238461434841156,2.1109957695007324,0.5081387162208557,0.00692822982471597,-0.0029949878876512604,-1.704007354865306,1766193691.8740232
0.12348445504903793,2.1112165451049805,0.5086915493011475,0.0058711045454404144,-0.0027448957213690966,-1.7030317462509008,1766193691.8740852
0.12299302220344543,2.111450672149658,0.5089898109436035,0.004693531741504477,-0.002576823045258425,-1.7021777411302697,1766193691.8839984
0.12299927324056625,2.1114964485168457,0.508976936340332,0.004670416513777026,-0.0024023927797889766,-1.7023571369153276,1766193691.89397
0.12301406264305115,2.111471652984619,0.5089911222457886,0.0047391449842574904,-0.002526884248388793,-1.7023467149223617,1766193691.9039967
0.12301591783761978,2.1114587783813477,0.5089452266693115,0.004572651231361467,-0.002569927420443506,-1.7021932476847919,1766193691.9140167
0.12295594811439514,2.111497640609741,0.5089572072029114,0.004361921452778916,-0.0025447292445191067,-1.7019149645739602,1766193691.9142013
0.12296750396490097,2.111510992050171,0.5089738368988037,0.004417437552399616,-0.002493316068658901,-1.7019707687699783,1766193691.9239259
0.12301059067249298,2.111456871032715,0.5089623928070068,0.004680337743921168,-0.0025068886447437025,-1.7022446222129248,1766193691.9339185
0.12302085012197495,2.1114957332611084,0.5089268684387207,0.004792636547866606,-0.002432082503341741,-1.7024639017788892,1766193691.9439917
0.12301303446292877,2.1114494800567627,0.5089926719665527,0.004643521911975618,-0.0026073717739204605,-1.702202744431218,1766193691.9539685
0.12306078523397446,2.111449956893921,0.5089464783668518,0.00488811591288663,-0.0025896836999343233,-1.7022207943115575,1766193691.9541628
0.1234688088297844,2.1112942695617676,0.5087002515792847,0.005945812687980678,-0.002605021030890714,-1.7030917547816433,1766193691.9739807
0.12386957556009293,2.110830307006836,0.5080035328865051,0.007353939665079513,-0.0031573921566502763,-1.704207577114607,1766193691.974194
0.12349802255630493,2.111286163330078,0.5086659789085388,0.006015747748150768,-0.0026209870211553457,-1.7031768983812827,1766193691.9839544
0.12308884412050247,2.111433506011963,0.5089678764343262,0.004960058600213995,-0.0026229812890405067,-1.702413003727667,1766193691.994016
0.12306391447782516,2.1114587783813477,0.5089730024337769,0.004626164978132058,-0.0026345624252785303,-1.7021283553971966,1766193692.0039697
0.1230478435754776,2.1114349365234375,0.5088977217674255,0.004761917543162239,-0.0024946607775061837,-1.702223242328384,1766193692.0139387
0.12304254621267319,2.1114654541015625,0.5089682936668396,0.004614880828777417,-0.0024513941966778185,-1.7021887221187895,1766193692.0140219
0.123026542365551,2.1115188598632812,0.5089889168739319,0.004571632407890491,-0.0025280728965963,-1.7022577676422475,1766193692.023988
0.12300555408000946,2.1114659309387207,0.508983850479126,0.004568629068446777,-0.002461596225417842,-1.702217072155036,1766193692.0339663
0.12300048768520355,2.1114766597747803,0.5089737176895142,0.0046357821913894665,-0.0025571763277090834,-1.7024131330274577,1766193692.0439873
0.12295061349868774,2.111478805541992,0.5089731812477112,0.0045642591310343554,-0.0023783950590618485,-1.7021872937732359,1766193692.0540152
0.12298467755317688,2.1114625930786133,0.5090038776397705,0.004674728024042428,-0.002443199035952692,-1.7023590093600072,1766193692.063939
0.12298938632011414,2.1114866733551025,0.5089702010154724,0.004683293131732942,-0.0024684241588033167,-1.7022596527918352,1766193692.0639958
0.12301494181156158,2.1114768981933594,0.5089573264122009,0.004798692912656366,-0.0024902956235768937,-1.702340624163051,1766193692.0740323
0.12303553521633148,2.1114323139190674,0.5089106559753418,0.0047849091190933415,-0.002488791638629514,-1.7023249817867567,1766193692.0840142
0.12347642332315445,2.1112582683563232,0.5086835026741028,0.005942023807140162,-0.002706583389341509,-1.7030302269159763,1766193692.0940177
0.12391246110200882,2.1108477115631104,0.5080747604370117,0.00724796322256226,-0.0031253125913438054,-1.7039469074272333,1766193692.1039937
0.12351004034280777,2.1112403869628906,0.5087006688117981,0.0058016751335942165,-0.0027249283002600375,-1.7028556964361252,1766193692.1139767
0.12302670627832413,2.1114304065704346,0.5089753270149231,0.004898014491329619,-0.002563680939068359,-1.702426010360118,1766193692.1140776
0.12301161885261536,2.111510753631592,0.5089256763458252,0.004682381748772733,-0.0023333968937261254,-1.702305112468055,1766193692.1239896
0.12301790714263916,2.111483335494995,0.5089412331581116,0.004772717075768521,-0.002407164352603015,-1.7022429860109345,1766193692.1340225
0.12300210446119308,2.1114933490753174,0.5089993476867676,0.004527807850276469,-0.002631435517280381,-1.7022462159313925,1766193692.1439703
0.1229606494307518,2.1114511489868164,0.5089858174324036,0.004670684151365704,-0.0024802453953519836,-1.7022640497315369,1766193692.1540184
0.12299192696809769,2.1114773750305176,0.5089464783668518,0.00471156999814964,-0.0024585220642653715,-1.702292701632924,1766193692.154075
0.12300103902816772,2.1114768981933594,0.5089651942253113,0.004665593554216242,-0.002543439274618721,-1.7023158998986283,1766193692.163983
0.12299609184265137,2.1114914417266846,0.5089401602745056,0.004629800786864615,-0.002506302977360821,-1.7022375485346766,1766193692.1839845
0.12301619350910187,2.111464500427246,0.5089473724365234,0.004684096155191066,-0.002537037088381453,-1.7022044941350727,1766193692.1840377
0.12336882203817368,2.1119444370269775,0.5086972713470459,0.006792793585443129,-0.0014496204397076054,-1.7055519486211699,1766193692.1940374
0.12304822355508804,2.1114091873168945,0.5089658498764038,0.004949225895381351,-0.0025739467945962214,-1.7023921555263304,1766193692.203975
0.12306307256221771,2.1114161014556885,0.5089419484138489,0.00496367047841019,-0.0026881302847180854,-1.7023389986904633,1766193692.2040296
0.1230333223938942,2.111438274383545,0.5089346170425415,0.005067897133888513,-0.0024624690980034796,-1.7024375780928949,1766193692.2138877
0.12304645776748657,2.111448287963867,0.5089284777641296,0.0048469768632992275,-0.002521842479711309,-1.7024222101158748,1766193692.2239552
0.12304509431123734,2.1114511489868164,0.5089444518089294,0.004862239781990382,-0.0024927422547911145,-1.7023850728914613,1766193692.233951
0.12304828315973282,2.1114614009857178,0.5090370178222656,0.004734083259152536,-0.0025894306944089828,-1.7023695878999563,1766193692.2439747
0.12297063320875168,2.111501932144165,0.50896817445755,0.004685656709397995,-0.002432978853020156,-1.7023181899770377,1766193692.2540593
0.122979074716568,2.1114962100982666,0.5089588165283203,0.004562816286858862,-0.0024782633864747247,-1.7021643846318768,1766193692.2639756
0.12298360466957092,2.1115176677703857,0.5089882016181946,0.00441903289406319,-0.0024823571882052788,-1.7020044566887946,1766193692.2640302
0.12298900634050369,2.1114625930786133,0.5089877843856812,0.004648963277204712,-0.002513585884579346,-1.7021849496525145,1766193692.2839952
0.1229953020811081,2.111464262008667,0.5089836120605469,0.004536468985351387,-0.0026088863632340413,-1.7020534918429915,1766193692.2840486
0.12302160263061523,2.111441135406494,0.5090349316596985,0.0046917198294107385,-0.0026369600082322385,-1.7023764853001875,1766193692.293955
0.12299448996782303,2.111492156982422,0.5089848041534424,0.004854605471475317,-0.0024368768043790865,-1.702416765321611,1766193692.3039389
0.12304065376520157,2.111463785171509,0.5089697241783142,0.0048410866066582485,-0.0024552118481223333,-1.7023635812263673,1766193692.3140204
0.12350501120090485,2.111293077468872,0.5086439251899719,0.00614389130244774,-0.002602510246140718,-1.7033105833501332,1766193692.31419
0.12397634983062744,2.1107466220855713,0.5079816579818726,0.007534926158008284,-0.003215282706368202,-1.7042599138023284,1766193692.323924
0.12351378798484802,2.1112771034240723,0.508690595626831,0.005990490301987113,-0.0026395647651279545,-1.7030539221639218,1766193692.3339176
0.12301624566316605,2.111464023590088,0.5090222954750061,0.004758211601401664,-0.002404937446938545,-1.7021864432004934,1766193692.3439853
0.12301582098007202,2.111482620239258,0.5089846253395081,0.00468092487174787,-0.002514958418680518,-1.7021732516414292,1766193692.3539681
0.1230640858411789,2.1114559173583984,0.5089887380599976,0.004715450409028775,-0.0025236053224130675,-1.702311116626881,1766193692.3639317
0.12306945770978928,2.111445903778076,0.5089954137802124,0.004726283996957378,-0.002636555065911485,-1.7022396816321137,1766193692.3639889
0.12299436330795288,2.111480474472046,0.5089996457099915,0.0044807945838581265,-0.0025373959002333905,-1.702155455321206,1766193692.3739593
0.12298599630594254,2.1114864349365234,0.5090032815933228,0.0046130981155664,-0.0024885884671145514,-1.7023097855621054,1766193692.3839586
0.12297274172306061,2.1115143299102783,0.5090025067329407,0.004431094029518751,-0.002564144496007109,-1.7020779831449115,1766193692.3939269
0.12298668920993805,2.111504077911377,0.5089771747589111,0.004471661158160729,-0.0024583904106253345,-1.7020019339932266,1766193692.403997
0.12299550324678421,2.1114659309387207,0.5089843273162842,0.004527919836842583,-0.002513893641019485,-1.7018471245067006,1766193692.4139502
0.12300562113523483,2.111497640609741,0.5089753270149231,0.004705991920731654,-0.002440881337685708,-1.7023453605968508,1766193692.4140372
0.12300501018762589,2.111502170562744,0.5089294910430908,0.004830780986741433,-0.002413499345809098,-1.7022743365800534,1766193692.4239275
0.12299611419439316,2.1114864349365234,0.5089578032493591,0.004891244811495711,-0.0024612624950710806,-1.7024587884897682,1766193692.4339287
0.12305548787117004,2.1114680767059326,0.5089541673660278,0.00493552802651289,-0.0025700342075616746,-1.7024140859390966,1766193692.4439592
0.12301989644765854,2.111443281173706,0.5089674592018127,0.004927785135189161,-0.0025581335282024013,-1.70242815427226,1766193692.4539664
0.12302157282829285,2.111456871032715,0.5089840888977051,0.004706366914425829,-0.002534957269088014,-1.7021085455167604,1766193692.463992
0.12300407886505127,2.1114819049835205,0.5089707970619202,0.004769431262572669,-0.002413657328105418,-1.7024234358334933,1766193692.464048
0.12298586964607239,2.111492395401001,0.5089637041091919,0.004635734008737183,-0.0024585447456644052,-1.7022492541693255,1766193692.4740267
0.12298369407653809,2.1114959716796875,0.5089934468269348,0.00462167836565264,-0.002519338685995395,-1.7022344286564701,1766193692.48397
0.1229720413684845,2.111431837081909,0.508979082107544,0.004500501627021933,-0.0026085551206574253,-1.7021483060880613,1766193692.4940104
0.12301827222108841,2.111443519592285,0.5089734792709351,0.0045626446783251185,-0.002557272111986831,-1.7020060951624412,1766193692.5039957
0.12296357750892639,2.111478328704834,0.508995532989502,0.004351460770050221,-0.0025140918134695144,-1.7020987990801566,1766193692.50405
0.12302207946777344,2.111454963684082,0.5089874267578125,0.004696089198931298,-0.0025287606643569424,-1.702238951552566,1766193692.513963
0.123014435172081,2.111456871032715,0.5089372992515564,0.004884757928506729,-0.0024697881468002973,-1.7024180710910297,1766193692.5239944
0.12299522757530212,2.111447334289551,0.5089511871337891,0.00468503188442593,-0.002383126244132514,-1.7020884706083195,1766193692.5339723
0.1230037584900856,2.1114680767059326,0.5089776515960693,0.004798505909723646,-0.00245839378034578,-1.7021877299679409,1766193692.5439966
0.12301384657621384,2.111480236053467,0.5089713335037231,0.004789542936644293,-0.002490581530093724,-1.7021838261601676,1766193692.5539844
0.12301988154649734,2.1114845275878906,0.5089651942253113,0.004877218218928592,-0.002457951735363937,-1.702444128703309,1766193692.5540743
0.12302838265895844,2.111461639404297,0.5089578628540039,0.004899923677444168,-0.0024565896038476523,-1.702451767658174,1766193692.5639799
0.12301938235759735,2.111466884613037,0.508949339389801,0.004873839866410226,-0.002489645274754803,-1.702306938483307,1766193692.5739145
0.12345879524946213,2.1112046241760254,0.5087116956710815,0.005918498624080258,-0.0028179528924354522,-1.7030024887542345,1766193692.593923
0.12382389605045319,2.110938549041748,0.5081278085708618,0.006934795884686434,-0.0030245896620809567,-1.7037959423320979,1766193692.5939484
0.12346336990594864,2.111268997192383,0.5086984038352966,0.005868903521059562,-0.002675360830098982,-1.7032211061641587,1766193692.6039784
0.12298272550106049,2.1114916801452637,0.5089423656463623,0.0046544525427068065,-0.0024332240925808166,-1.702311984731521,1766193692.6139798
0.12296346575021744,2.111494541168213,0.5089605450630188,0.0046625957411620435,-0.0023697737139864792,-1.702367693875079,1766193692.6140723
0.12304645776748657,2.1114513874053955,0.508958637714386,0.004840084631843918,-0.0026195680478308865,-1.702578215898992,1766193692.6239758
0.1230165883898735,2.1114611625671387,0.5089579224586487,0.004862474722358242,-0.0025404012803648453,-1.7023818135057107,1766193692.6339815
0.12299756705760956,2.111492872238159,0.5089596509933472,0.004757543461382669,-0.0023538030173706113,-1.702375876353907,1766193692.6439974
0.12298331409692764,2.111499309539795,0.5089128017425537,0.00481778853649422,-0.002300863554249005,-1.702520719573742,1766193692.6540096
0.12300338596105576,2.111449718475342,0.5089234113693237,0.00491957601526933,-0.002506634036624333,-1.7023251257614926,1766193692.663978
0.12302491068840027,2.1114344596862793,0.5089265704154968,0.004998068141540478,-0.0025714118102965378,-1.7024576923023373,1766193692.664033
0.12303922325372696,2.111461877822876,0.5089219212532043,0.004881643443206352,-0.0025286016332820866,-1.7024400224447842,1766193692.6739666
0.12305452674627304,2.1114330291748047,0.508944034576416,0.004804769992511291,-0.002582526746644775,-1.7023382513805887,1766193692.6939871
0.12302500009536743,2.1114253997802734,0.5089110136032104,0.004935518706011235,-0.0025314620526346327,-1.7023442938321138,1766193692.6940684
0.12300755083560944,2.1114656925201416,0.50896155834198,0.0047140642965924386,-0.00247663316762256,-1.7022225458278797,1766193692.7039905
0.12299220263957977,2.111436367034912,0.5089948177337646,0.004580508547031101,-0.0025329886899702254,-1.7021285562359336,1766193692.7140124
0.12296610325574875,2.1114625930786133,0.5090107917785645,0.004528742519708519,-0.0025271468578756087,-1.7022097364227058,1766193692.714073
0.12299571931362152,2.111494541168213,0.5089713931083679,0.0045731739837421015,-0.0024734879169580433,-1.7021848302246574,1766193692.7239895
0.12299957871437073,2.1114845275878906,0.5089543461799622,0.004820875159635919,-0.0024442584689326773,-1.7025449887565967,1766193692.7339766
0.12301570922136307,2.111478090286255,0.5089548826217651,0.004818778683417235,-0.0025036082641251853,-1.7023353655876696,1766193692.743974
0.12299136072397232,2.1114630699157715,0.5090141296386719,0.0046618077957989714,-0.002569385355152002,-1.7020796701272949,1766193692.7539752
0.12299424409866333,2.111408233642578,0.5090221762657166,0.004503211885279705,-0.002671194131951549,-1.7018972275751827,1766193692.763956
0.12300796061754227,2.1114401817321777,0.5089882016181946,0.004571348728510122,-0.0026074149653400828,-1.7020900253736446,1766193692.7640116
0.12302158772945404,2.111482620239258,0.5089446902275085,0.004863477272637135,-0.002511158986033969,-1.7025307594582784,1766193692.7739246
0.12303090840578079,2.1114747524261475,0.5089216232299805,0.00483656319562993,-0.002398771432894044,-1.7023109675637265,1766193692.7839122
0.12307518720626831,2.1114120483398438,0.5089578032493591,0.005033245106539978,-0.0026096922126882423,-1.7022943064983769,1766193692.7938626
0.12304895371198654,2.1114389896392822,0.5089693069458008,0.0048148477075158555,-0.0025490305717885526,-1.702177336920526,1766193692.803999
0.12301699072122574,2.1114649772644043,0.5089665651321411,0.004788663176134568,-0.0024276235312270834,-1.7024338095237694,1766193692.8040526
0.12299419939517975,2.1114702224731445,0.5089635252952576,0.0048907222748080775,-0.0024996181529044004,-1.7024746825646044,1766193692.8140142
0.12298570573329926,2.1114816665649414,0.5089613795280457,0.004679913586611463,-0.002463118667529092,-1.7022903858400662,1766193692.8239472
0.12300368398427963,2.111469268798828,0.5089881420135498,0.004609968871093136,-0.002581995927562535,-1.7020852061355893,1766193692.8339877
0.12298524379730225,2.1114745140075684,0.5089952945709229,0.004353498104746648,-0.0024513833756094543,-1.701937896994023,1766193692.843976
0.12302732467651367,2.1114344596862793,0.5089811086654663,0.004796343961126325,-0.0025419666542996254,-1.7023792663138926,1766193692.8540084
0.12297594547271729,2.111483573913574,0.5089936852455139,0.004497523284014599,-0.002447010012159775,-1.7021987736514796,1766193692.8540716
0.12299762666225433,2.1114630699157715,0.5089867115020752,0.004584987960109173,-0.0024469509137364526,-1.7020736165183308,1766193692.8639228
0.12302558124065399,2.111448049545288,0.5089411735534668,0.004815898921617564,-0.0025364407163450797,-1.7023346895756148,1766193692.8740103
0.12302761524915695,2.1114423274993896,0.508931577205658,0.004800664379391742,-0.0025938628931564045,-1.70212048030468,1766193692.8839934
0.12299826741218567,2.111463785171509,0.5089435577392578,0.004630685193416007,-0.0023757407418235873,-1.702163984550939,1766193692.8939822
0.1234719380736351,2.1112728118896484,0.5086683034896851,0.005990775726336576,-0.002635138557523685,-1.7031688674597643,1766193692.9039936
0.12386719882488251,2.1108486652374268,0.5080274343490601,0.007180576277007179,-0.0031746364768099845,-1.7040546818625844,1766193692.9040475
0.12349309027194977,2.111283540725708,0.5086967349052429,0.006201643067895892,-0.0026659411919630082,-1.7033158790224867,1766193692.9140213
0.12303365021944046,2.11147141456604,0.5089567303657532,0.004818007783470653,-0.00254140817064684,-1.702306152560676,1766193692.9239643
0.12303202599287033,2.1114401817321777,0.5089778900146484,0.004839293513248879,-0.002592565204805624,-1.7023854540521324,1766193692.9340098
0.12299485504627228,2.1114795207977295,0.5089649558067322,0.0047491925539516104,-0.0024066750323541897,-1.7025103169898579,1766193692.9439917
0.12298361957073212,2.111520290374756,0.5089657306671143,0.004643458479662858,-0.002391773961810161,-1.7022585734728033,1766193692.9539793
0.12302210181951523,2.111417770385742,0.5090022087097168,0.0048886966892179255,-0.002653471715851294,-1.702297073625358,1766193692.9639843
0.12296520918607712,2.1115057468414307,0.5089837908744812,0.004491457138928792,-0.002417945349602805,-1.702169801800002,1766193692.9640381
0.1229720190167427,2.1114912033081055,0.5089695453643799,0.0046943988662391896,-0.002481077345422407,-1.7023862495903417,1766193692.973987
0.12299361824989319,2.111475944519043,0.5089199542999268,0.004754915742924622,-0.002457785927434065,-1.7023995246907373,1766193692.9839714
0.12301182001829147,2.111450433731079,0.5089978575706482,0.004853817768568283,-0.002588607858068401,-1.702315777451427,1766193692.993968
0.12302413582801819,2.1114461421966553,0.5089728236198425,0.0048138718311991225,-0.0026227997402338433,-1.7023462887337928,1766193693.0040095
0.12300699204206467,2.1114869117736816,0.5089557766914368,0.004671647588200648,-0.0025382582997165643,-1.702297391925202,1766193693.0139334
0.12347986549139023,2.1112399101257324,0.5086337924003601,0.006075077025495126,-0.0025970992317437586,-1.7031217514311516,1766193693.0139885
0.12390733510255814,2.1108365058898926,0.5080086588859558,0.007489307688555967,-0.0030398035752162568,-1.704251893961049,1766193693.0239835
0.1234537810087204,2.111292839050293,0.5086976885795593,0.00586723111759593,-0.0026763160510606342,-1.7028828601913921,1766193693.0339878
0.1230454072356224,2.111480951309204,0.50896817445755,0.004569042501243797,-0.0025144705028489027,-1.7019950156573296,1766193693.04397
0.1229957565665245,2.111481189727783,0.5089520812034607,0.00466562774716529,-0.002498338709310036,-1.7021615308215445,1766193693.0540257
0.12301088869571686,2.111501693725586,0.508942723274231,0.004543361654049465,-0.002556042065534505,-1.7021528965308614,1766193693.0540814
0.12295929342508316,2.1114988327026367,0.5089762806892395,0.004614247096896971,-0.0024665696941767014,-1.7023023011189828,1766193693.0639894
0.12293246388435364,2.1115097999572754,0.5089957118034363,0.004491692792510694,-0.002376455492603666,-1.7022527508205076,1766193693.0738842
0.12300547957420349,2.1114866733551025,0.509002685546875,0.004776495940252102,-0.002549554555443991,-1.7022435884953455,1766193693.0839162
0.12297424674034119,2.1114985942840576,0.5089974999427795,0.004620392279705973,-0.0025825122283220344,-1.7022452264521546,1766193693.0939872
0.12299921363592148,2.1114346981048584,0.5090084075927734,0.004866402025991624,-0.002598103819241454,-1.702452003339603,1766193693.1039574
0.12303440272808075,2.1114187240600586,0.5089490413665771,0.004700723654227705,-0.002620502163303188,-1.7023346403517436,1766193693.1140096
0.12302190810441971,2.111433267593384,0.5089170932769775,0.0048744187356410135,-0.0024990347122454083,-1.7023667680541963,1766193693.1140642
0.12352479994297028,2.1113040447235107,0.5085869431495667,0.006028740610016866,-0.0025466670084892153,-1.7033478444520578,1766193693.1239765
0.12384893000125885,2.110898971557617,0.5080075860023499,0.007108962759688644,-0.003022693515651126,-1.7040163029949411,1766193693.133912
0.12350142747163773,2.111257314682007,0.5086390376091003,0.006097874471917179,-0.0026126690839184154,-1.7032009904242142,1766193693.14398
0.12339568138122559,2.1119446754455566,0.5086230039596558,0.0070549532681312335,-0.0013902289781930293,-1.7058047797456415,1766193693.1539783
0.12299739569425583,2.1114630699157715,0.5089315176010132,0.00481599943288006,-0.002378925379693855,-1.702448842379799,1766193693.163982
0.1230102926492691,2.1114203929901123,0.5090152621269226,0.00476552819246841,-0.00257185798288907,-1.7024358970052476,1766193693.164062
0.12303580343723297,2.1114470958709717,0.5089771151542664,0.004662941658862038,-0.00263869023706926,-1.7022371361796398,1766193693.173943
0.12299831211566925,2.111478805541992,0.5089151859283447,0.004533049539286365,-0.0024404456392162306,-1.702129206081696,1766193693.1839302
0.123009592294693,2.1114964485168457,0.5089448094367981,0.004461348724025517,-0.002445835418620054,-1.7019903201453925,1766193693.1939218
0.1229930967092514,2.1114602088928223,0.5089611411094666,0.004515658323142214,-0.0024142940245127265,-1.7021600326031259,1766193693.203974
0.12299565225839615,2.1114721298217773,0.5089647769927979,0.004451315635826704,-0.002580927983201551,-1.7019527824000114,1766193693.2139776
0.12296631187200546,2.111494541168213,0.508965015411377,0.004487793036385897,-0.002502057146471406,-1.701964808926962,1766193693.214062
0.12299025058746338,2.1114628314971924,0.5089539289474487,0.004626017274254898,-0.002483885487207671,-1.7021214913180027,1766193693.2238796
0.12302689254283905,2.111410140991211,0.5089395046234131,0.0048736657361816114,-0.00257947535236049,-1.7023319182534822,1766193693.2339158
0.12306078523397446,2.111462116241455,0.5089253187179565,0.004958576367249771,-0.002559223461782653,-1.7022804699274106,1766193693.2439356
0.12348529696464539,2.1112327575683594,0.5086745619773865,0.0059280614510485415,-0.002681455207811327,-1.7030440729457244,1766193693.2539837
0.1238752007484436,2.110886335372925,0.5080793499946594,0.0071164774567597806,-0.0030779653228975405,-1.7038144396495831,1766193693.2639194
0.12344817072153091,2.1112048625946045,0.5087474584579468,0.005621827965100804,-0.002872315428527063,-1.7025661773742733,1766193693.2639773
0.123020239174366,2.1114368438720703,0.5089535117149353,0.004735273512118363,-0.0024679681005054664,-1.7021314913061216,1766193693.273884
0.12300105392932892,2.1114614009857178,0.5089662075042725,0.004725694006780906,-0.002540426651733907,-1.7020410950930078,1766193693.2839205
0.12304416298866272,2.1114683151245117,0.5089607238769531,0.004822833154315116,-0.0025566993517398,-1.7023164118702883,1766193693.2938693
0.12301165610551834,2.111506223678589,0.5089521408081055,0.004698104591546824,-0.0024504646133632776,-1.7022272755861863,1766193693.3039205
0.12300441414117813,2.1115097999572754,0.5089837908744812,0.004561223397460377,-0.0025095700495193505,-1.7022719095340297,1766193693.3039403
0.12297168374061584,2.1114964485168457,0.5090005397796631,0.004566934959296778,-0.002508016570845106,-1.7021775559284784,1766193693.31396
0.1230006143450737,2.111487865447998,0.5089588165283203,0.004688755574537568,-0.002518329334295829,-1.7023505899933293,1766193693.3239155
0.12293744832277298,2.1115000247955322,0.5089854001998901,0.0046313319269894035,-0.0024946989464212544,-1.7022316811031541,1766193693.333964
0.12299209833145142,2.1114771366119385,0.5089797973632812,0.004688417880078827,-0.0026324698115444004,-1.7022249091440436,1766193693.3439908
0.1229916512966156,2.1114845275878906,0.5089761018753052,0.0047144772498177775,-0.0025432207937765654,-1.7021917068648638,1766193693.3539295
0.12300091981887817,2.1114509105682373,0.5089797973632812,0.0047201010132305165,-0.0025624775708041284,-1.7022630600183568,1766193693.363949
0.12303192913532257,2.1114439964294434,0.5089648962020874,0.004749196748224987,-0.0024620328032904444,-1.70221267480511,1766193693.3640049
0.12302645295858383,2.1114869117736816,0.5089252591133118,0.0047488246875953604,-0.0024365766190203577,-1.7022566975242344,1766193693.37382
0.12350738793611526,2.1112558841705322,0.5086692571640015,0.006097293150465373,-0.002636081714173386,-1.7031819630723017,1766193693.3838837
0.12391284108161926,2.110799789428711,0.5080345869064331,0.007283607604642105,-0.0031730382774282826,-1.704157574288685,1766193693.3939378
0.12344903498888016,2.111236333847046,0.5086820125579834,0.005761730107583626,-0.0027035293407863354,-1.7027162649019703,1766193693.4139888
0.12299701571464539,2.111520767211914,0.5089757442474365,0.004568468445365202,-0.0024627496010734442,-1.7022343895191023,1766193693.4140975
0.12298694252967834,2.111490249633789,0.5089826583862305,0.00467152158777162,-0.0025755465640974764,-1.7023072801434724,1766193693.4239664
0.12302327901124954,2.1115283966064453,0.508955717086792,0.00448559755990804,-0.0023693488451085863,-1.7021639439631424,1766193693.4339726
0.12299811094999313,2.1114861965179443,0.5089839696884155,0.004716451767426499,-0.002572830053769817,-1.7022919789320985,1766193693.443977
0.1229991540312767,2.11149001121521,0.5089926719665527,0.0046466880200693,-0.0026275899229400218,-1.7023060232888572,1766193693.4539886
0.12299487739801407,2.1114606857299805,0.5089772939682007,0.00467814273317015,-0.002599431491214184,-1.7021410138533486,1766193693.4639869
0.12297063320875168,2.11148738861084,0.5089272856712341,0.004558434174139369,-0.0024109035043844043,-1.7021003602096993,1766193693.4640405
0.12298521399497986,2.11149525642395,0.5089383125305176,0.0046785561461505564,-0.002463051947066044,-1.7022671480259413,1766193693.4738941
0.12299766391515732,2.1114537715911865,0.5089529752731323,0.004754343547746807,-0.002588429136971248,-1.7021514037557692,1766193693.4839442
0.12301474064588547,2.1115009784698486,0.5089775919914246,0.004603381754855273,-0.002525357439177608,-1.7019760977514407,1766193693.4939413
0.12309399247169495,2.1114420890808105,0.5089603066444397,0.004990682361438836,-0.0026282083362883834,-1.702327559092287,1766193693.5039809
0.12304650992155075,2.111480236053467,0.508931040763855,0.00495900177887884,-0.0024164012239638105,-1.7025614837469023,1766193693.5139
0.12300483882427216,2.1114940643310547,0.5089479684829712,0.004760532187734247,-0.0023907983458458636,-1.7024199054805356,1766193693.5139542
0.1230069249868393,2.1114697456359863,0.5089629292488098,0.004816275275177195,-0.0025191936943527765,-1.702345963815602,1766193693.5239723
0.12296587973833084,2.111475706100464,0.5090040564537048,0.004599302218054757,-0.0025603827352258172,-1.7021691939450578,1766193693.5339844
0.12297670543193817,2.111499547958374,0.508988618850708,0.004538717333334616,-0.0025598935086247436,-1.7021060909275325,1766193693.5439737
0.12298806011676788,2.111448287963867,0.5089540481567383,0.004642504901331228,-0.002565824539724111,-1.7023000319333665,1766193693.5539625
0.12298602610826492,2.111494541168213,0.5089603662490845,0.004558718729300233,-0.002445104639775917,-1.7022393275813992,1766193693.5639548
0.12297134846448898,2.111499547958374,0.5089325308799744,0.004682759139576275,-0.0023708762205557794,-1.7023343466307868,1766193693.5640113
0.12299391627311707,2.111464738845825,0.5089582204818726,0.004624801322809078,-0.002499788449380113,-1.7020692342800174,1766193693.5738935
0.1229797899723053,2.1114814281463623,0.5089868903160095,0.004618979136249942,-0.0025403280272093725,-1.7021788955190578,1766193693.583955
0.12305302917957306,2.111481189727783,0.5089452266693115,0.0047548631492264,-0.0025770595865048877,-1.702334350131391,1766193693.594026
0.12305647879838943,2.1114816665649414,0.5089501738548279,0.004955199923554927,-0.002501144585499991,-1.7025083088898965,1766193693.6039424
0.12349219620227814,2.111309766769409,0.5086480975151062,0.00627974946547065,-0.0025292380022891945,-1.7034715789293449,1766193693.6138494
0.12394224107265472,2.1107733249664307,0.5079646110534668,0.007471050448268104,-0.003146187433344598,-1.7041944872617896,1766193693.6139047
0.12349767237901688,2.111238479614258,0.5087092518806458,0.005969367059343081,-0.0027714387940689987,-1.7031421409642196,1766193693.6238399
0.12304554879665375,2.111440896987915,0.5089963674545288,0.004795242517285486,-0.002551884608947706,-1.702244133723719,1766193693.6339474
0.12342827022075653,2.111264944076538,0.5086578130722046,0.005872096266819729,-0.0026525336824548243,-1.7030477035125642,1766193693.6439693
0.1238485649228096,2.1109118461608887,0.5080679059028625,0.0069977948010376346,-0.00301305943785146,-1.7038918799322615,1766193693.653931
0.122995525598526,2.111480474472046,0.5089790225028992,0.004633095943733032,-0.002583990184537106,-1.7020822125641344,1766193693.6639142
0.12344721704721451,2.1112797260284424,0.5086675882339478,0.00589435959773378,-0.0026630566543389012,-1.703218917108063,1766193693.663932
0.12377853691577911,2.110978603363037,0.5081515908241272,0.00672748618836104,-0.0029462385916168617,-1.703725107463845,1766193693.6739163
0.12297267466783524,2.11147403717041,0.5089729428291321,0.004590422380228404,-0.002465258029822878,-1.7021827243297198,1766193693.683967
0.12297188490629196,2.111515998840332,0.5089468359947205,0.00464773498135345,-0.002382763757314542,-1.702192146677233,1766193693.6939716
0.12348640710115433,2.1112871170043945,0.5086614489555359,0.006162777708501398,-0.0026346135718679337,-1.7035238575574514,1766193693.7039647
0.12385884672403336,2.1109049320220947,0.5080928802490234,0.007170883550099729,-0.0031143207980241744,-1.704149817059582,1766193693.713894
0.12300954759120941,2.1114649772644043,0.5089669823646545,0.004828392181105765,-0.0024233489151488934,-1.702305780009736,1766193693.7139487
0.12300290912389755,2.111449718475342,0.5089644193649292,0.004704904410114847,-0.002574566440300851,-1.7021860156022914,1766193693.723997
0.12304310500621796,2.111424207687378,0.5089377164840698,0.004847867609166256,-0.0025186390654895197,-1.7023991467856043,1766193693.7339275
0.12303988635540009,2.111436605453491,0.5089944005012512,0.004674100849834788,-0.002639610632375561,-1.7020823955308382,1766193693.7439713
0.12300781160593033,2.1114468574523926,0.508971095085144,0.004625741095647689,-0.0025707287063851903,-1.7021991602316748,1766193693.7539718
0.12306366115808487,2.111403703689575,0.5089287757873535,0.005070930868673496,-0.0025661482900109006,-1.7026832475671334,1766193693.7640069
0.12301916629076004,2.1114554405212402,0.5089712142944336,0.00461842573943106,-0.0025305984349964193,-1.7021685663956514,1766193693.764063
0.12298811972141266,2.111492872238159,0.5089600682258606,0.0044895370284081405,-0.0024873617442461066,-1.7020096353460556,1766193693.7739558
0.12299025803804398,2.1114661693573,0.5089409947395325,0.004656160871142848,-0.002534151426743081,-1.7020163207410435,1766193693.7839637
0.12299326807260513,2.1114864349365234,0.5089355111122131,0.004794180235461062,-0.0024752949114700855,-1.7024377321425137,1766193693.7939432
0.12351370602846146,2.1112422943115234,0.5086535215377808,0.006228576335574488,-0.002738307569481027,-1.7033770565164883,1766193693.8039665
0.12382567673921585,2.110947847366333,0.5081332325935364,0.006969735742119837,-0.0031285879567753733,-1.7039619486455837,1766193693.8139555
0.12345229089260101,2.1112139225006104,0.5086855292320251,0.005849645710654008,-0.0027283413360255065,-1.7027359914795557,1766193693.8140354
0.12302853912115097,2.1114354133605957,0.508942186832428,0.004805155589411733,-0.002594148410422804,-1.7021742145708556,1766193693.8239079
0.123059943318367,2.1114180088043213,0.5089500546455383,0.004921538601670242,-0.0025677559601628435,-1.7022826304403367,1766193693.8339307
0.12304260581731796,2.111445188522339,0.5089441537857056,0.004878578849682387,-0.002459003145264197,-1.7023726752387398,1766193693.8439236
0.12307507544755936,2.111433267593384,0.5089226961135864,0.005164298264370272,-0.0024751813712314253,-1.7025725814640356,1766193693.853899
0.12310060858726501,2.1114304065704346,0.5089910626411438,0.00488459588667383,-0.0025931004401097708,-1.702248587213114,1766193693.8639865
0.12303239852190018,2.111445188522339,0.5089747905731201,0.004712113992061153,-0.002604284047634188,-1.7021112616322034,1766193693.8640418
0.1230446994304657,2.1114115715026855,0.508991539478302,0.004808403295960437,-0.0025929029993549987,-1.7021784435320826,1766193693.8740222
0.12302200496196747,2.111445903778076,0.5089733004570007,0.004762429245500258,-0.0024780037866772827,-1.7022401032085326,1766193693.883936
0.12300782650709152,2.1114470958709717,0.5089312791824341,0.004858887909292628,-0.0024984426190821137,-1.7024161686499302,1766193693.8938975
0.12298159301280975,2.1115033626556396,0.5089452266693115,0.004621275774555473,-0.0024556527717482907,-1.7022468635058325,1766193693.9039845
0.12304116040468216,2.1114416122436523,0.5089585781097412,0.00475990043056743,-0.002654930534697309,-1.7022491448671453,1766193693.9139392
0.12303497642278671,2.1114084720611572,0.5089753866195679,0.004801175524842896,-0.002640813435433124,-1.7022527316908171,1766193693.9239643
0.12342170625925064,2.111213207244873,0.5087055563926697,0.0056770340630548114,-0.0027656777710013732,-1.702734224986064,1766193693.924021
0.12385943531990051,2.1108810901641846,0.5080093741416931,0.007167376640125684,-0.003033084766900524,-1.7041013548152915,1766193693.9338908
0.12349554151296616,2.111215353012085,0.5086827278137207,0.005944840981177366,-0.002824190037595694,-1.7030022079695493,1766193693.9439008
0.1234583705663681,2.111237049102783,0.5087106227874756,0.005617166509001971,-0.0028883877785413703,-1.702661167519762,1766193693.9540262
0.12398593872785568,2.110727548599243,0.5079399347305298,0.007513779580858057,-0.0033417712013970235,-1.7040103084496283,1766193693.9639971
0.1235211193561554,2.111262321472168,0.5086347460746765,0.006138536179009526,-0.0026827394864201654,-1.703220199514507,1766193693.9640524
0.12384119629859924,2.1109583377838135,0.5081175565719604,0.006987011569402836,-0.002946675388585918,-1.7040443823966966,1766193693.9739537
0.12303511798381805,2.11144757270813,0.5089232325553894,0.004710308924299934,-0.0025581543183221846,-1.7020451768155938,1766193693.9840043
0.1230601891875267,2.111417055130005,0.5089694857597351,0.004767111751378729,-0.002576990018470434,-1.7021264747844342,1766193693.9938905
0.12301422655582428,2.1114869117736816,0.50898677110672,0.004499029404532962,-0.002534896629631564,-1.702013723954757,1766193694.0039985
0.12304645776748657,2.111508846282959,0.5089337825775146,0.004596400664760874,-0.002587778865923041,-1.7021341972390376,1766193694.0140183
0.12298960983753204,2.1114437580108643,0.5089559555053711,0.004675578363217691,-0.0025834663360824258,-1.702177890687665,1766193694.0239723
0.12297438830137253,2.1115047931671143,0.5089755058288574,0.004483643336321536,-0.0024386516186333767,-1.701894123602345,1766193694.0240254
0.12300398200750351,2.1114401817321777,0.5090038180351257,0.004627744230221521,-0.0026495450112545334,-1.7020907231735083,1766193694.0340314
0.12299211323261261,2.111429214477539,0.5089930891990662,0.004697008921951908,-0.002642397601846197,-1.7021297453983495,1766193694.0439181
0.12304946780204773,2.111426830291748,0.5089465379714966,0.0049529386092053585,-0.0026438660210469935,-1.702372147645646,1766193694.0540235
0.12345067411661148,2.1112284660339355,0.5086805820465088,0.005835588951322086,-0.002726516215141201,-1.7029012885918424,1766193694.0540807
0.1238880380988121,2.110825300216675,0.5079869627952576,0.007331293728424515,-0.003068947663232501,-1.703872569576342,1766193694.0639646
0.12347511202096939,2.111217737197876,0.5086967349052429,0.005784973303445945,-0.0028156944545318498,-1.7027822915687465,1766193694.073961
0.12300102412700653,2.111442804336548,0.5089894533157349,0.00464211254545594,-0.0025384803419201715,-1.7020184102779798,1766193694.0839772
0.12301114946603775,2.111456871032715,0.508967936038971,0.004669764304826375,-0.0026055694865421398,-1.701908297740172,1766193694.0940323
0.12305926531553268,2.1114578247070312,0.5089482665061951,0.0048598193936310805,-0.0025033042991236313,-1.702269621698748,1766193694.1039622
0.12303733080625534,2.1114871501922607,0.5089510083198547,0.004653778727571896,-0.0025958955698265865,-1.702079474690465,1766193694.1139853
0.1230289563536644,2.1114466190338135,0.5089432597160339,0.004708190523226402,-0.002557895755744115,-1.7021540644459954,1766193694.1239283
0.12302350252866745,2.111433982849121,0.5089706182479858,0.00473610341827419,-0.0026384912671575003,-1.702160200987805,1766193694.123964
0.12294726818799973,2.1114916801452637,0.5089526772499084,0.00457432114466103,-0.0024869790263607077,-1.7022143449128961,1766193694.133907
0.12299907952547073,2.1115031242370605,0.5089731812477112,0.004539925432127257,-0.002485127809144998,-1.702069420307145,1766193694.1439188
0.12299461662769318,2.111471652984619,0.5090012550354004,0.004537991499328565,-0.002500238446353401,-1.7019903801394416,1766193694.1540306
0.1230076402425766,2.111452579498291,0.5089976191520691,0.004510726240944038,-0.0025791476046474727,-1.7018916922468592,1766193694.1639304
0.1229991763830185,2.1114962100982666,0.5089938044548035,0.004676504675040259,-0.0025111896975577425,-1.70204162609396,1766193694.1639843
0.12302127480506897,2.111471652984619,0.5089738965034485,0.004822685113792319,-0.0025808950567071318,-1.7022179635996637,1766193694.1739645
0.12346483021974564,2.1112701892852783,0.5086840391159058,0.006075650335778195,-0.0026994811452472995,-1.7031447946002751,1766193694.1839142
0.12392263859510422,2.110776424407959,0.5079893469810486,0.007517646274860381,-0.0032104089676707427,-1.704233771907799,1766193694.1939623
0.1234917864203453,2.111250400543213,0.5086638927459717,0.0060516939175712875,-0.0026974182368716586,-1.7031624185537186,1766193694.2039855
0.12303628027439117,2.1114556789398193,0.5089447498321533,0.004831046873392156,-0.002467651949945654,-1.7022936441764709,1766193694.2139678
0.1229756772518158,2.111506462097168,0.5090168118476868,0.004649490384569678,-0.0025110451598924183,-1.7021808848906284,1766193694.2140448
0.12298400700092316,2.111471652984619,0.5089536309242249,0.004569212215072487,-0.002539086537911602,-1.7019954981976997,1766193694.2339628
0.12302891165018082,2.111467123031616,0.5090191960334778,0.00457357495615665,-0.0026048423810669115,-1.7021683319120662,1766193694.234134
0.12347040325403214,2.1112310886383057,0.5087116956710815,0.0058694574074043444,-0.002708053411289623,-1.702979522820297,1766193694.2439675
0.12387220561504364,2.11085844039917,0.5080487728118896,0.007173702374131552,-0.0029925613492513734,-1.7040044840583437,1766193694.2539198
0.12304994463920593,2.111405372619629,0.5089768171310425,0.00466609710565114,-0.0026727198310760353,-1.7021431989415683,1766193694.2639804
0.12345894426107407,2.1112236976623535,0.5086837410926819,0.00588385745720523,-0.0028300799279619374,-1.7029015916534271,1766193694.264036
0.12379011511802673,2.110957622528076,0.5081112384796143,0.006979684750001918,-0.0029192840247309767,-1.703872259139646,1766193694.2740278
0.12300405651330948,2.111466646194458,0.5089467763900757,0.004833552164641793,-0.002437595559512028,-1.7022959408366054,1766193694.2839196
0.1230214536190033,2.111475944519043,0.5090352296829224,0.004722360254237608,-0.0025072013013821086,-1.702198898688645,1766193694.2940078
0.12300898134708405,2.111452102661133,0.5090017914772034,0.004776856916709466,-0.002504930830072777,-1.7021923001211052,1766193694.3039908
0.12298509478569031,2.1114888191223145,0.5089513659477234,0.004637422441801843,-0.002521427688701402,-1.7019939512323543,1766193694.3139868
0.12303002923727036,2.111461877822876,0.508912980556488,0.004859485877199175,-0.0024635979850378123,-1.702250415837927,1766193694.3140652
0.12302614003419876,2.111499547958374,0.5089567303657532,0.004950081617262807,-0.002406737970547335,-1.7025676058141521,1766193694.333981
0.12298617511987686,2.1114912033081055,0.5089709758758545,0.004731254436648823,-0.0025028281489390234,-1.7023581315624483,1766193694.3340662
0.1229962632060051,2.1114649772644043,0.508998692035675,0.004676049064967488,-0.0024838067966954825,-1.7022603527119096,1766193694.343927
0.12296698987483978,2.111476182937622,0.5089693069458008,0.004453343605788944,-0.0024773632620977634,-1.701999172480147,1766193694.3539307
0.12297996133565903,2.1115190982818604,0.5090175271034241,0.004412280931598179,-0.0025302930506793833,-1.7020446002863099,1766193694.3639956
0.12297239899635315,2.111483097076416,0.5089731812477112,0.004690103167652385,-0.002489958144413018,-1.7023336363291175,1766193694.364051
0.12297597527503967,2.111496925354004,0.5089482069015503,0.0047449499118513245,-0.0024677114943362907,-1.7024050309570977,1766193694.3738506
0.12297205626964569,2.1115000247955322,0.5089439153671265,0.004590813447156007,-0.002486660173102674,-1.7020977133128412,1766193694.3839498
0.12300647795200348,2.1114346981048584,0.5089817047119141,0.004758213655311317,-0.002612117368183877,-1.702143525375414,1766193694.3939862
0.122978575527668,2.111476421356201,0.5089633464813232,0.00462471597101837,-0.0024406795147289707,-1.7020853134319547,1766193694.4039922
0.12348026037216187,2.1112592220306396,0.5086659789085388,0.005863925608821401,-0.002654486642154836,-1.7029799303440865,1766193694.413964
0.12388066947460175,2.11090087890625,0.5080150365829468,0.0072708115849312435,-0.003050250870831895,-1.7040246324340842,1766193694.414045
0.12352866679430008,2.111318826675415,0.5086625814437866,0.0061557671805038405,-0.002585513026252676,-1.7034354179916356,1766193694.4339375
0.12349512428045273,2.1113622188568115,0.5086641311645508,0.006015660878818989,-0.0025308670966759155,-1.7032002782347575,1766193694.4340158
0.12392035871744156,2.110729932785034,0.5078887343406677,0.007524077438958885,-0.0031994989576783297,-1.7042376213425479,1766193694.4439673
0.1234915480017662,2.1112899780273438,0.5086899995803833,0.0058927519518792845,-0.002666425619169931,-1.7030921244915846,1766193694.4539871
0.12389550358057022,2.1107611656188965,0.5079649686813354,0.0075521337906732265,-0.0031676041365481843,-1.7043256682487207,1766193694.4639888
0.12295475602149963,2.1114656925201416,0.5089862942695618,0.0045005092139703134,-0.0025430313736630188,-1.702111487973707,1766193694.464046
0.12299908697605133,2.1114814281463623,0.5089498162269592,0.004526935103729978,-0.0024532468347725628,-1.7020709246123813,1766193694.473962
0.12338956445455551,2.1112542152404785,0.5087010264396667,0.005618723903667696,-0.00267569720696193,-1.7026875877144017,1766193694.483929
0.12383334338665009,2.1109795570373535,0.5081444978713989,0.006903836095223551,-0.0030589261059788897,-1.7038375632069762,1766193694.4939873
0.12298167496919632,2.111483573913574,0.5089520215988159,0.0047638622362298376,-0.002473056321798121,-1.7022899296539484,1766193694.5039916
0.12299582362174988,2.1114728450775146,0.5089582204818726,0.004625124512225195,-0.0024468297073811603,-1.7020387776176462,1766193694.5139775
0.12301070988178253,2.1114773750305176,0.5089873671531677,0.004678529265608022,-0.0025524525229824826,-1.7020408950899881,1766193694.5140738
0.12351896613836288,2.1113076210021973,0.5086466073989868,0.006216139709373699,-0.002604694861352715,-1.703534925760091,1766193694.5239673
0.12393365055322647,2.1107118129730225,0.5079705715179443,0.007510453414643673,-0.0031205814150398643,-1.7042086504764176,1766193694.5339558
0.12303254008293152,2.1114566326141357,0.5089784860610962,0.004884733583674897,-0.0024726936198433747,-1.7023662119378766,1766193694.5439694
0.12303248792886734,2.111506223678589,0.508984386920929,0.0048467945637338744,-0.002509760981578349,-1.7023460579701293,1766193694.5539742
0.12303683906793594,2.11148738861084,0.5089742541313171,0.004774682713370324,-0.0025068847215897775,-1.702385995781133,1766193694.563968
0.12296375632286072,2.111482858657837,0.5090163946151733,0.0044420472784750835,-0.002451287596522231,-1.701907861050266,1766193694.564024
0.12304102629423141,2.111422538757324,0.5089829564094543,0.004674188034373451,-0.0025733112413280496,-1.702155481362314,1766193694.5739868
0.1230006217956543,2.111447811126709,0.5089789032936096,0.004610376067944139,-0.0025801833065404976,-1.7019770851442462,1766193694.5839922
0.12300703674554825,2.1114108562469482,0.5089929103851318,0.004663133525410656,-0.002682334491696639,-1.7019808565767245,1766193694.5939867
0.12296334654092789,2.111508846282959,0.5089684724807739,0.004463664111311115,-0.002405611126629357,-1.701998419759376,1766193694.6039853
0.12300361692905426,2.111459493637085,0.5089691281318665,0.0046648598604592416,-0.0024822864879527336,-1.7022073700673184,1766193694.6139839
0.12299144268035889,2.1114633083343506,0.5089718699455261,0.004711292514526691,-0.002456663692090281,-1.7021640351899483,1766193694.6140637
0.12299016863107681,2.1114284992218018,0.5089744925498962,0.004793887804383554,-0.002580981555619585,-1.7022211339746072,1766193694.6239178
0.12298045307397842,2.111509323120117,0.5089659690856934,0.004546807982393896,-0.00247338704862214,-1.70201779382575,1766193694.63386
0.12348829954862595,2.111311435699463,0.5087010860443115,0.005852302385598482,-0.0028105343937958084,-1.7030814237207017,1766193694.6439183
0.12385901063680649,2.110874652862549,0.5080459713935852,0.007229049191263814,-0.003014988361235623,-1.7040581291821795,1766193694.6540122
0.12347300350666046,2.1112284660339355,0.5086724162101746,0.00588778282236541,-0.0027371289078979366,-1.7028993723408075,1766193694.6639867
0.1234496608376503,2.111224412918091,0.5087258815765381,0.006051768722886719,-0.002719394128827778,-1.70296301597401,1766193694.6640432
0.12386205792427063,2.110901117324829,0.5080912113189697,0.007232347576854241,-0.0030422096221527756,-1.7040499676262206,1766193694.6739297
0.12299720197916031,2.1115078926086426,0.5089741349220276,0.0043747579697109885,-0.002465813738698036,-1.7020310556618268,1766193694.68396
0.12345825880765915,2.1112725734710693,0.5087133049964905,0.005942938342901979,-0.002642494586528062,-1.7031636677296222,1766193694.6939337
0.12386544048786163,2.1108951568603516,0.5080990791320801,0.007180825805455617,-0.003108030277374459,-1.7040829836281803,1766193694.7039518
0.12301096320152283,2.1115074157714844,0.5089699625968933,0.004673512270732137,-0.002583570332371076,-1.702377671238106,1766193694.7040057
0.12297247350215912,2.111456871032715,0.5089831948280334,0.004658335923681687,-0.002493814086817633,-1.7024489899176845,1766193694.7138963
0.12299027293920517,2.1114654541015625,0.5089287161827087,0.004797652496260586,-0.0023912983056330593,-1.7026443269010196,1766193694.723945
0.12299150973558426,2.111473798751831,0.5089296102523804,0.004824430432284908,-0.0025179581267124797,-1.70288384304468,1766193694.7439494
0.12305228412151337,2.111489772796631,0.508942186832428,0.004682262023352195,-0.002581392365910273,-1.7027657709666595,1766193694.7440019
0.12311138957738876,2.111523151397705,0.5089276432991028,0.004584047830853897,-0.0024159565552979287,-1.7030262893331798,1766193694.7538888
0.12355425953865051,2.111365795135498,0.5086226463317871,0.006045335444480419,-0.002404345140650666,-1.704697270191571,1766193694.7639527
0.12389951199293137,2.1121015548706055,0.508516252040863,0.007634196929763407,-0.001287263454304562,-1.7082068069686551,1766193694.7640076
0.1239682212471962,2.112154245376587,0.5084659457206726,0.007726133765880603,-0.001053605339506539,-1.709112366833533,1766193694.7739131
0.12403669953346252,2.110994338989258,0.5080193877220154,0.007341306655656583,-0.00279673861286423,-1.7069325669300324,1766193694.7839525
0.1237441822886467,2.111412525177002,0.5087330937385559,0.006009647227359088,-0.0025285145429475623,-1.7067739450963966,1766193694.7939758
0.12465603649616241,2.11013126373291,0.5073455572128296,0.008709835858359067,-0.003961199756540933,-1.7076377049063367,1766193694.803994
0.12396111339330673,2.112316608428955,0.5078970193862915,0.008180255219272212,0.0002978025152626692,-1.7124960266040457,1766193694.8139677
0.12387869507074356,2.111541509628296,0.5087485909461975,0.005916480766781894,-0.0022938949032632566,-1.7083906892027068,1766193694.814041
0.12444815039634705,2.1110920906066895,0.5079644322395325,0.007350989450095427,-0.0027538788910043215,-1.7100370913656568,1766193694.823977
0.12378023564815521,2.1123011112213135,0.5086836814880371,0.006319049798397296,-0.001124317733551579,-1.7111955128452647,1766193694.8439233
0.12322402745485306,2.112152576446533,0.5084300637245178,0.004244340370263815,-0.0004200082607495007,-1.7105674732024534,1766193694.8439782
0.1239725649356842,2.11240291595459,0.5086779594421387,0.006298241657509579,-0.0012609695355646244,-1.712267848818855,1766193694.8540194
0.12372107058763504,2.1120834350585938,0.5089409947395325,0.004438618127556526,-0.0022243824733548558,-1.7099522560032254,1766193694.8639598
0.12337899953126907,2.1125075817108154,0.5087754726409912,0.0018418246742726418,-0.0016490798572085443,-1.7078422157575837,1766193694.8640125
0.12348693609237671,2.1122989654541016,0.508415162563324,0.0044561816671812825,-0.0007083563654184161,-1.7127078204058166,1766193694.8738964
0.12391762435436249,2.1126139163970947,0.5084391236305237,0.00581834756114618,-0.0002753207964510898,-1.713772687770224,1766193694.8839483
0.1238916665315628,2.1122536659240723,0.5089941024780273,0.004532817584116127,-0.0023620384543559204,-1.71075510625512,1766193694.8939648
0.12404090911149979,2.1127429008483887,0.5084502696990967,0.005744632946919393,-0.0004482220426521995,-1.7139869651869843,1766193694.9039624
0.12388096749782562,2.112368106842041,0.5090563297271729,0.004465116058047789,-0.0024054902672754576,-1.7106674823612398,1766193694.913936
0.12414708733558655,2.1128640174865723,0.5087483525276184,0.005892959331486129,-0.0015081039189682865,-1.7127241610844794,1766193694.9140096
0.12400344014167786,2.1129417419433594,0.5083655714988708,0.005940223085395206,-0.00030255209633546883,-1.713902863005515,1766193694.9238474
0.12394718825817108,2.1129391193389893,0.5083713531494141,0.00582652142816604,-0.0003416125122756565,-1.7135213872110155,1766193694.9339173
0.12389234453439713,2.1130049228668213,0.508372962474823,0.00575069587620648,-0.00037965559023967393,-1.7132073433664003,1766193694.9438915
0.1240570917725563,2.112938165664673,0.5086931586265564,0.006359399698540795,-0.001490187748496204,-1.7124988388690734,1766193694.9539394
0.12382959574460983,2.112993001937866,0.508365273475647,0.006099072660435272,-0.0003511156757945906,-1.7129841263250372,1766193694.9639647
0.12398703396320343,2.1129209995269775,0.5086572170257568,0.0062229016627213555,-0.0014684054510604393,-1.7116920487069236,1766193694.964025
0.1237589567899704,2.112940788269043,0.5082961916923523,0.006239151619014962,-0.00033706718687127196,-1.7124279065206809,1766193694.9738557
0.12426184117794037,2.113065481185913,0.5079566836357117,0.008022764287010436,-0.00019346709499760677,-1.7142469724518292,1766193694.983891
0.12437766045331955,2.111966609954834,0.5082849860191345,0.006362483544698046,-0.00292606259761104,-1.709766079973885,1766193694.9939773
0.12434757500886917,2.1128077507019043,0.5085920095443726,0.007240979078984748,-0.0016355315845517394,-1.711864681440044,1766193695.0039797
0.12388996034860611,2.1127707958221436,0.508705198764801,0.006363336322400157,-0.0015023499722765538,-1.7105788844092338,1766193695.013939
0.12353083491325378,2.112291097640991,0.5089375972747803,0.005024047722152902,-0.002429141819788343,-1.7080990103419649,1766193695.0140185
0.12357104569673538,2.1122875213623047,0.5089598894119263,0.00454864876905874,-0.002380487389025164,-1.707930026737021,1766193695.0238867
0.12351058423519135,2.112229347229004,0.508962094783783,0.004648807205643269,-0.0023661793188649847,-1.707825180454036,1766193695.0338805
0.12353464961051941,2.112164258956909,0.5089524388313293,0.004587917632539581,-0.0023398415737692253,-1.707655374906341,1766193695.0439217
0.12346900999546051,2.112159013748169,0.5089620351791382,0.004445124146085068,-0.0021916686139257413,-1.7077222643241403,1766193695.0539203
0.12386884540319443,2.112440824508667,0.5086719393730164,0.006673134434690764,-0.0013444422547174905,-1.710899582637729,1766193695.0639172
0.1235174760222435,2.1119673252105713,0.5089660882949829,0.004594869579573428,-0.0022804645412696192,-1.7078954574415552,1766193695.0639358
0.12344711273908615,2.1119871139526367,0.509004533290863,0.004469226157990482,-0.002273790321019879,-1.7078242223372047,1766193695.0739276
0.12352241575717926,2.111917018890381,0.5089554190635681,0.004691639768378065,-0.0022393798341721746,-1.7081009744456848,1766193695.0839775
0.12427356839179993,2.112269163131714,0.5085294246673584,0.007459427506222024,-0.0011174868648737724,-1.712042036085584,1766193695.0939867
0.1241069808602333,2.1120657920837402,0.5079697370529175,0.0074174904713904125,-0.0002291246951098509,-1.712813432070972,1766193695.1039896
0.12424463033676147,2.112175941467285,0.5085797905921936,0.007401613193915517,-0.0011342090982913835,-1.711948580837129,1766193695.1040444
0.12353431433439255,2.1121938228607178,0.5084196925163269,0.006350428119327834,0.00010534995455864534,-1.7116169868620774,1766193695.1139586
0.12386653572320938,2.112170457839966,0.508804976940155,0.006780910691122766,-0.0010294576030918329,-1.711211178344998,1766193695.1239533
0.12373866140842438,2.112170696258545,0.5087236762046814,0.006277824045501756,-0.0011171879128610994,-1.7103007603390599,1766193695.133951
0.12345513701438904,2.11171293258667,0.5089850425720215,0.004633284797916915,-0.0021326238657010306,-1.7077428119460398,1766193695.1539829
0.1236950010061264,2.112165927886963,0.5087369084358215,0.006276325425006178,-0.000979000309383476,-1.7102719308937695,1766193695.1540596
0.12391155958175659,2.1115312576293945,0.5087437033653259,0.005831413199508703,-0.002250760753141144,-1.7085389765251235,1766193695.1639776
0.12429481744766235,2.1122848987579346,0.5086177587509155,0.007321624816160795,-0.0008935687035887411,-1.7116545637017362,1766193695.1640322
0.12342076748609543,2.111872434616089,0.5089482069015503,0.004333161199218756,-0.002203121510593461,-1.7073509834072471,1766193695.17392
0.12371155619621277,2.112295150756836,0.5087037086486816,0.006586786821374551,-0.0011179714277422996,-1.7105468140670308,1766193695.1839776
0.1230335384607315,2.1121666431427,0.5084439516067505,0.00408777183889011,-0.0004814229215826424,-1.7089285329325912,1766193695.193982
0.12303335964679718,2.1121649742126465,0.5084713697433472,0.004076525529348902,-0.00046976174041227535,-1.7088508585923288,1766193695.20398
0.12344158440828323,2.1119682788848877,0.5089867115020752,0.004414299450207987,-0.002349573284768841,-1.7071529594777504,1766193695.2140143
0.12353047728538513,2.112558126449585,0.5083439350128174,0.006624539741446075,-0.00021017077968028561,-1.7111177467119294,1766193695.214068
0.1238873153924942,2.1118927001953125,0.5087060332298279,0.005845684116811688,-0.0024906311701832873,-1.7078238041194387,1766193695.2239683
0.12424390763044357,2.1114611625671387,0.5080064535140991,0.007132233153793409,-0.002902805658614645,-1.70849097804485,1766193695.2339737
0.12419342994689941,2.1125264167785645,0.5084983706474304,0.00778254751504114,-0.0015096662599817022,-1.7107842326924154,1766193695.243966
0.12393047660589218,2.112617015838623,0.5081520080566406,0.0073114058401736685,-0.0003836737110184912,-1.7108119605008032,1766193695.2539647
0.12346895039081573,2.1125688552856445,0.5083709955215454,0.006577611495409526,-0.00042770156123962075,-1.7093917894503863,1766193695.2639802
0.12343661487102509,2.1126608848571777,0.5082905292510986,0.006516492730414807,-0.00026458251429066894,-1.7089407742702902,1766193695.2640352
0.12361857295036316,2.112553358078003,0.508594810962677,0.006773978521896765,-0.0014820438459870312,-1.7076046173833874,1766193695.2740316
0.12317647784948349,2.1121785640716553,0.5089070200920105,0.004577208180159053,-0.0021408894320855804,-1.7037716608286881,1766193695.2839336
0.12308767437934875,2.112064838409424,0.5089343786239624,0.004442769216150776,-0.0022586199194773882,-1.7026906749792814,1766193695.2939825
0.12304989993572235,2.1119368076324463,0.5089820027351379,0.00449947319932883,-0.0023730542320120405,-1.7014735596999564,1766193695.3039823
0.1229366734623909,2.111936092376709,0.50865638256073,0.004507055423009262,-0.0015921039420953233,-1.7007470625559085,1766193695.314014
0.12282513827085495,2.111743927001953,0.5089053511619568,0.004872377356677955,-0.002323881745954447,-1.6989841549966789,1766193695.3141756
0.12269438058137894,2.1115708351135254,0.5088386535644531,0.005249692838352657,-0.0025459995643498786,-1.69749975333073,1766193695.3239732
0.12216071784496307,2.111799478530884,0.508437991142273,0.004521669315955651,-0.0007196931541194475,-1.696344887690711,1766193695.3339763
0.1219663992524147,2.111609697341919,0.50845867395401,0.004115051291776268,-0.0008394449213180172,-1.6937678992336525,1766193695.3439984
0.12175321578979492,2.1113486289978027,0.5084022283554077,0.004396850077278951,-0.000934399630745522,-1.6915777893113317,1766193695.3540068
0.12219837307929993,2.111398935317993,0.5082212090492249,0.007246593065515974,-0.0004759596491786067,-1.6919273146028444,1766193695.3639693
0.12145678699016571,2.110919237136841,0.5083647966384888,0.005352246338509887,-0.0010800186771452345,-1.6873038617583342,1766193695.364022
0.12170016765594482,2.1109023094177246,0.5083001255989075,0.007261772795273279,-0.0007257267958636854,-1.6867367078189337,1766193695.3739622
0.12154839932918549,2.1106152534484863,0.5082458257675171,0.007555283944421084,-0.0009684867427998319,-1.6841951851130879,1766193695.3839588
0.12177395820617676,2.1100943088531494,0.508426308631897,0.008238804453783275,-0.002353350084349606,-1.6809750054892778,1766193695.3939788
0.12089721858501434,2.1094985008239746,0.5088831782341003,0.005172479296725105,-0.003286765331075062,-1.6731146977108535,1766193695.4039354
0.12026546895503998,2.1095049381256104,0.5084753632545471,0.004984234640591223,-0.0013920035423402467,-1.6714238406397728,1766193695.4139829
0.12011247128248215,2.1091582775115967,0.5084039568901062,0.005980999984217687,-0.001015590288351457,-1.6689334465012682,1766193695.423934
0.11968348920345306,2.1086721420288086,0.5085076093673706,0.0053417182131849685,-0.0011247380425203457,-1.6647336796995085,1766193695.423989
0.1193726509809494,2.108231544494629,0.5085388422012329,0.0052843803637589145,-0.0011069597874635198,-1.6617008282718568,1766193695.4339612
0.11997626721858978,2.1080610752105713,0.5082079768180847,0.007259997324825918,-0.0008126260552019186,-1.660596838224579,1766193695.4439373
0.11964146792888641,2.1070351600646973,0.5077472925186157,0.008177243795733783,-0.0011998552413315356,-1.6569745941402227,1766193695.453965
0.11923916637897491,2.1061294078826904,0.5087830424308777,0.006495223019902176,-0.0028331370684246343,-1.6492811625872026,1766193695.4639711
0.11860763281583786,2.10579776763916,0.5089063048362732,0.005962173617236998,-0.002627726579906114,-1.6457857680095185,1766193695.4640243
0.11876200139522552,2.1052775382995605,0.5086938142776489,0.0069420462838127245,-0.002809447783907722,-1.643455065883658,1766193695.4738746
0.11870843172073364,2.104105234146118,0.5078989863395691,0.008160453547864972,-0.0038247842123494153,-1.640308989538323,1766193695.4839797
0.1173783615231514,2.1047275066375732,0.5084046721458435,0.007099743739778292,-0.0003525014195140428,-1.6383811108097728,1766193695.493968
0.11780975759029388,2.104980707168579,0.5079936981201172,0.010160847061431008,0.00036319095442133195,-1.6396488514088425,1766193695.503972
0.1175163984298706,2.103722333908081,0.5077947378158569,0.009249916431766533,-0.00039886393134658054,-1.6352926919467872,1766193695.5140269
0.11557450890541077,2.1037304401397705,0.5081952214241028,0.0013562351031261718,0.00029982799782677483,-1.6248555460348493,1766193695.5141878
0.11601252853870392,2.1028292179107666,0.5083951354026794,0.007507468063469018,3.8334752676884445e-05,-1.6275549313066378,1766193695.5239635
0.1159207671880722,2.102487802505493,0.5083344578742981,0.008316187300571954,0.00026452137000424993,-1.6265374085722681,1766193695.5339322
0.1160619705915451,2.1015710830688477,0.5090406537055969,0.007171275948081199,-0.0022646185119926886,-1.6211435692548009,1766193695.5439646
0.11520902812480927,2.101741075515747,0.5085633993148804,0.006137639307349494,5.962777008717286e-05,-1.620926706800538,1766193695.5539715
0.11558373272418976,2.1016225814819336,0.5085451602935791,0.007968301276417821,2.7753719692140098e-05,-1.621904225737192,1766193695.5639884
0.1149139329791069,2.1011722087860107,0.5085962414741516,0.005631106960723389,-0.00014264769484017864,-1.618509736848653,1766193695.564045
0.1147373616695404,2.1009693145751953,0.5086079239845276,0.005424889952810373,-0.00020238893631366756,-1.6174137425074488,1766193695.573879
0.11473491042852402,2.100769281387329,0.5086060166358948,0.0058624876831070635,6.337485240703799e-06,-1.6174218059816734,1766193695.5839856
0.11469750106334686,2.1006603240966797,0.5086075067520142,0.005701648546208423,0.0001416003003975832,-1.6171692146327332,1766193695.5940185
0.11483114957809448,2.1005308628082275,0.5085759162902832,0.005973325305694098,0.0001705846075743455,-1.6176171066982787,1766193695.6039908
0.114803746342659,2.100475788116455,0.5086033344268799,0.005819752982018146,0.000177031966583614,-1.6177515743747595,1766193695.6138763
0.11483913660049438,2.1004462242126465,0.5086033344268799,0.005657680801444217,5.688178845231123e-05,-1.618132779680273,1766193695.613913
0.11511684954166412,2.1004137992858887,0.508451521396637,0.007040038156787064,-1.623701960481923e-05,-1.6203414138516312,1766193695.623843
0.11513618379831314,2.100524663925171,0.5085561871528625,0.006493882529788612,0.0001073801821704881,-1.6205197236021045,1766193695.6339042
0.11583037674427032,2.1007659435272217,0.5084525942802429,0.008332421504365766,-6.26652074223878e-05,-1.6241267199959966,1766193695.643861
0.11533486843109131,2.1007182598114014,0.5084951519966125,0.006700379910920802,-9.715548281230954e-05,-1.623130169001525,1766193695.6538568
0.11561043560504913,2.1009089946746826,0.50841224193573,0.0075839958017351215,-2.383089129389841e-05,-1.625244531570958,1766193695.663917
0.1155824363231659,2.1010193824768066,0.508465051651001,0.0069387631675033885,-9.124751769499207e-05,-1.6256261837141486,1766193695.6739097
0.11585059016942978,2.101264476776123,0.5083905458450317,0.007818192224841867,0.00011904367611664195,-1.6276218538870841,1766193695.6739497
0.11587317287921906,2.1014347076416016,0.5084471106529236,0.007319461363170761,0.00020183628544209433,-1.6281891409260172,1766193695.6839297
0.11643338203430176,2.1018433570861816,0.5084261298179626,0.008028259450038296,0.00023093150935992514,-1.630882808455583,1766193695.6939209
0.11690456420183182,2.1021761894226074,0.5083070397377014,0.008339459297898097,0.00015953939225457213,-1.6326331997946808,1766193695.703918
0.117067851126194,2.102243661880493,0.5077605843544006,0.00921203835224756,0.00011618101401583793,-1.6338175215888415,1766193695.713955
0.11743655800819397,2.103114128112793,0.5080647468566895,0.009869909345465692,0.0006431484340684893,-1.6365461969467883,1766193695.714093
0.11631901562213898,2.102905035018921,0.5085859298706055,0.005043668595359942,-0.0003870703403654852,-1.6319617723631248,1766193695.7239206
0.11762331426143646,2.1037087440490723,0.5079483985900879,0.00974562969926978,0.00035311290900690744,-1.6381810685217966,1766193695.733982
0.11744187027215958,2.1034209728240967,0.5077654123306274,0.009079901692535763,-0.0004952091987709171,-1.637123831673857,1766193695.7439737
0.11672736704349518,2.1037745475769043,0.5084466934204102,0.005850765340282347,-0.0005563345437764776,-1.6345688684479867,1766193695.753956
0.1166483461856842,2.104135036468506,0.5084474682807922,0.005618182485370041,-0.0006221868788813703,-1.6345592702897556,1766193695.7639542
0.11671039462089539,2.104323387145996,0.5084581971168518,0.005658847477662534,-0.0008260002982263304,-1.6349287559270183,1766193695.7640116
0.11705947667360306,2.1041946411132812,0.5088236927986145,0.006154895506257114,-0.0030077759423825594,-1.6339165818788122,1766193695.7739244
0.11729999631643295,2.1043169498443604,0.5086650252342224,0.00719782648240027,-0.0032230134675262563,-1.6346791666759637,1766193695.783976
0.11670370399951935,2.1049857139587402,0.50840163230896,0.006263905531592735,-0.0012811553370255199,-1.6357421635915408,1766193695.7940164
0.1168220192193985,2.1051719188690186,0.508359432220459,0.006943499853913185,-0.0012891149065998783,-1.636676676004142,1766193695.8039749
0.11682160198688507,2.105336904525757,0.5083774924278259,0.006835657416247972,-0.0012944056337372818,-1.6369802355680687,1766193695.813972
0.11693383008241653,2.1054863929748535,0.5083459615707397,0.007321057882892492,-0.0013513009300804553,-1.6373811830772365,1766193695.8141923
0.11682754009962082,2.1055619716644287,0.5084158182144165,0.00662962857276604,-0.0013785985571178447,-1.6367030502824336,1766193695.8240123
0.11687901616096497,2.1056010723114014,0.5083708763122559,0.00675210724885497,-0.0013708444455094472,-1.6370375340522272,1766193695.833968
0.11682714521884918,2.105651617050171,0.5084547400474548,0.006348047282183925,-0.0013187504406425702,-1.6365618751662028,1766193695.8439305
0.11694397032260895,2.1056950092315674,0.5083318948745728,0.00699668532169665,-0.0011622166271992472,-1.6374186322417796,1766193695.8539674
0.11674510687589645,2.1056768894195557,0.5084156394004822,0.005746581997007498,-0.0010885353392493613,-1.6361651113980686,1766193695.8639755
0.11678318679332733,2.1055800914764404,0.5084675550460815,0.006139786043702616,-0.001245949005003513,-1.6364593535749428,1766193695.8739312
0.11676409095525742,2.1055445671081543,0.5084245204925537,0.006057234077337214,-0.0011396600661799474,-1.6364421843163812,1766193695.8739839
0.1167280375957489,2.105470895767212,0.5084148645401001,0.0056301000179969874,-0.001054750946717442,-1.6362079584607576,1766193695.88393
0.11674080044031143,2.1052987575531006,0.5083786249160767,0.006085636781317398,-0.0011235714475557803,-1.6366145495264504,1766193695.8939593
0.11723028868436813,2.104705333709717,0.5087649822235107,0.006740719739029313,-0.0029158031048619696,-1.6352831287184133,1766193695.903972
0.11763964593410492,2.1058197021484375,0.5079172253608704,0.010070519746398129,3.0637041117863236e-05,-1.6416425287105398,1766193695.9139783
0.11782164871692657,2.1036713123321533,0.5078678727149963,0.008216424272845881,-0.0038117218122211177,-1.6357695813279547,1766193695.9140453
0.11753562092781067,2.1040499210357666,0.5086959600448608,0.007004894271295709,-0.002985488313031266,-1.6351102236753194,1766193695.9239137
0.11766551434993744,2.104703187942505,0.5080083608627319,0.009573268814093911,-0.00031366481381092984,-1.6394798627493743,1766193695.933914
0.11784722656011581,2.1030192375183105,0.5078692436218262,0.008136107198261092,-0.0037194481716009025,-1.634968160026238,1766193695.943977
0.11751998960971832,2.103620767593384,0.5087095499038696,0.0071411328929243964,-0.002163794198807964,-1.6349491729702104,1766193695.9539769
0.11756286025047302,2.1036901473999023,0.507682740688324,0.009216185311909798,-0.0004115122914472083,-1.638298464029526,1766193695.9639432
0.11764883995056152,2.1041266918182373,0.507989764213562,0.009315053075796977,0.0003275492844103749,-1.6387108728597164,1766193695.9640877
0.117482028901577,2.103341817855835,0.5076912045478821,0.00909374713643284,-0.0003810740643440049,-1.6374335276726282,1766193695.9739687
0.11753614246845245,2.103349208831787,0.5083408355712891,0.008172346606755835,-0.0009772738243793884,-1.635366551370567,1766193695.98392
0.11730533093214035,2.103163242340088,0.5077072978019714,0.009119017275816637,-0.00017713621246664488,-1.636419674636557,1766193695.993921
0.11621960252523422,2.103041887283325,0.5085316300392151,0.004783495525009475,-0.00026801291733812005,-1.6320425468116542,1766193696.0039177
0.11610500514507294,2.102959394454956,0.50853031873703,0.004627983140687468,-0.00015826272391731061,-1.6314134724012745,1766193696.01395
0.11606088280677795,2.1027615070343018,0.5085654854774475,0.004979354406632647,-7.859774250592136e-05,-1.6309538808217163,1766193696.0139854
0.11611072719097137,2.102696418762207,0.5085480213165283,0.005433190015281574,-0.00012293125324516549,-1.6308608681848376,1766193696.0239184
0.11711962521076202,2.1030147075653076,0.5079541206359863,0.009850981579929762,0.0006189730158810756,-1.6349864683059008,1766193696.0339203
0.1168745905160904,2.10274338722229,0.508284866809845,0.008520724318381202,8.485944381103258e-05,-1.6329923724258497,1766193696.043985
0.11700016260147095,2.102924108505249,0.5079777836799622,0.009929368425519999,0.0005768943556150158,-1.6339344676707643,1766193696.0539756
0.11677771806716919,2.1026859283447266,0.5082626342773438,0.008601000638810774,6.221455275307358e-05,-1.6320385683410494,1766193696.0639744
0.11601854860782623,2.1024177074432373,0.5083721876144409,0.0070064474676221605,1.9511402447550203e-05,-1.62973596957267,1766193696.0739682
0.11601533740758896,2.102437973022461,0.5082869529724121,0.007650834229269421,0.00013723895722032403,-1.629892691197762,1766193696.0742016
0.11635220795869827,2.1025943756103516,0.5083267688751221,0.008380379384127213,-2.9810069736517018e-05,-1.6307011526892874,1766193696.0839763
0.11591049283742905,2.1024539470672607,0.508409321308136,0.006668226001848815,-0.00011480533452737754,-1.6289967245018875,1766193696.0939689
0.11629213392734528,2.1027169227600098,0.5082895159721375,0.008168883555228672,0.00013247607334343768,-1.630774085601569,1766193696.103987
0.11630341410636902,2.102748394012451,0.5082431435585022,0.008260661661620882,6.614539797444196e-05,-1.6309030553023505,1766193696.1139863
0.11595363914966583,2.102600336074829,0.5083357691764832,0.006774267391365882,-0.0002883224227210786,-1.6294793617151782,1766193696.1140668
0.11591354012489319,2.1027212142944336,0.5083337426185608,0.006148055668754238,-0.00041589204376155916,-1.6290846861078512,1766193696.123973
0.11595367640256882,2.1028051376342773,0.5083405375480652,0.006099224468195427,-0.0005219778437216369,-1.6295181135978485,1766193696.1339777
0.11681349575519562,2.1031367778778076,0.5081349015235901,0.008610685793167578,-0.0002087296003000864,-1.6326405346713744,1766193696.1439695
0.11703062802553177,2.102997303009033,0.5077414512634277,0.009289316992935587,-0.0004375439290865828,-1.633758618262186,1766193696.1539676
0.11717812716960907,2.1035404205322266,0.5079866051673889,0.00972326751482221,4.683069044708102e-05,-1.6349136159179702,1766193696.1639683
0.11669039726257324,2.102855920791626,0.5089157223701477,0.006830544975580791,-0.0025800750522862056,-1.6302177269167522,1766193696.1740134
0.11715705692768097,2.102879762649536,0.5087735652923584,0.007328524655874868,-0.0025063834186487264,-1.6309798358873644,1766193696.1740713
0.11736845225095749,2.102461814880371,0.508232831954956,0.00792455468141377,-0.003163127697612727,-1.6313036576848257,1766193696.1839228
0.11738264560699463,2.103893995285034,0.5078932642936707,0.009766818050157531,0.00022285679785611544,-1.6365853743622871,1766193696.1940084
0.11727438122034073,2.1034066677093506,0.5076435208320618,0.009085592101022737,-0.0005154997937623617,-1.6355974592282707,1766193696.2039886
0.1163252741098404,2.103497266769409,0.5084648728370667,0.005213609892142556,-0.0005002406834701368,-1.632275662884746,1766193696.2139888
0.11731259524822235,2.103269338607788,0.5087130069732666,0.007194068844517755,-0.0023289584776451187,-1.63299491928192,1766193696.2140675
0.1174749806523323,2.1031558513641357,0.5079749226570129,0.008264058151122161,-0.001980910432439419,-1.6344899599625613,1766193696.2239645
0.11732743680477142,2.103332757949829,0.5087726712226868,0.006918051343024135,-0.0025137400101309056,-1.6330786187878452,1766193696.2338488
0.117449089884758,2.103630304336548,0.5077593922615051,0.009110949756656942,-0.0009345556151773023,-1.636726753342652,1766193696.2439132
0.11653019487857819,2.1038193702697754,0.5084887742996216,0.005881908452511513,-0.00102823149367028,-1.6338185024194454,1766193696.2539353
0.11706981807947159,2.1034865379333496,0.5088251233100891,0.0069769712617677145,-0.002613454317564907,-1.6333508702831343,1766193696.2639787
0.11724184453487396,2.103524923324585,0.5087496042251587,0.007247052324748229,-0.0027422583523411706,-1.6336140070451173,1766193696.2640321
0.11743344366550446,2.1034164428710938,0.5087721943855286,0.00730210033563386,-0.0026830849412951383,-1.6335734697013637,1766193696.2738469
0.11742919683456421,2.103732109069824,0.5077324509620667,0.00925887534018575,-0.00105493081740547,-1.636691473075498,1766193696.2839105
0.11709999293088913,2.1035876274108887,0.5087859630584717,0.007130437592653635,-0.0026535645750900274,-1.6330435686567208,1766193696.2939286
0.11710038781166077,2.1035144329071045,0.5088839530944824,0.006924534560632099,-0.0025773054992076425,-1.632808223264711,1766193696.3039863
0.1174979954957962,2.1043221950531006,0.5078945159912109,0.009642677905121064,-0.0002769837864914526,-1.6372463135249566,1766193696.3139687
0.11745915561914444,2.1030073165893555,0.5082547664642334,0.00784682587039483,-0.003258165305547211,-1.632902709688752,1766193696.3141418
0.11688347160816193,2.1034274101257324,0.5089092254638672,0.0064428230990490765,-0.0026588242590512403,-1.6319368149166515,1766193696.3239176
0.11722888052463531,2.1033713817596436,0.5087772011756897,0.007125206982785484,-0.002617382558508301,-1.6323386523217436,1766193696.3339128
0.11737112700939178,2.1029300689697266,0.5083112120628357,0.007445823696871044,-0.003096153274799867,-1.6321310023114277,1766193696.3439975
0.11719527840614319,2.1032602787017822,0.5087378025054932,0.00705942715102254,-0.0026356744556671557,-1.6320807319007973,1766193696.353978
0.1173236146569252,2.1028635501861572,0.5083282589912415,0.007527823944701076,-0.0030791772309579604,-1.6318619680381925,1766193696.354058
0.11674631386995316,2.1031904220581055,0.5089558362960815,0.006006281049163674,-0.0025828327575931,-1.630873702780417,1766193696.3639903
0.11736610531806946,2.103924036026001,0.507885754108429,0.009779679010149785,0.0001780188284092239,-1.636732014969977,1766193696.3840027
0.11729004979133606,2.1033506393432617,0.5076954960823059,0.009358855140652099,-0.0005440485780797597,-1.6358486167113822,1766193696.384064
0.11729937791824341,2.1029820442199707,0.5087723731994629,0.007352890057148857,-0.002586266530519943,-1.6318548666042183,1766193696.394011
0.11726558208465576,2.103156328201294,0.5076263546943665,0.009419065549121901,-0.0005671009182899815,-1.6352913492262866,1766193696.4039671
0.11745928227901459,2.1038010120391846,0.507960319519043,0.010027552319555932,0.0003721983177568231,-1.6369873714283252,1766193696.4139788
0.11740611493587494,2.1024250984191895,0.5082769989967346,0.007749928291732765,-0.0030591984779416055,-1.6315984560572956,1766193696.414057
0.11688583344221115,2.102846384048462,0.5088750720024109,0.006801345471434088,-0.0024584087547969897,-1.6312435851991778,1766193696.423971
0.11721441149711609,2.1027369499206543,0.5087792277336121,0.007338935287700322,-0.0024308981303123784,-1.6317711154822288,1766193696.4339864
0.11734986305236816,2.1026721000671387,0.5080491900444031,0.008138034422514371,-0.0018927799723077502,-1.6328280325433953,1766193696.443969
0.11733105778694153,2.1036293506622314,0.5078703165054321,0.00983062867775066,0.00031276708580408235,-1.6365419194542787,1766193696.45397
0.1173405572772026,2.1023404598236084,0.5082423090934753,0.007510418297346447,-0.0027500895919339075,-1.6313766946230566,1766193696.4639866
0.11663660407066345,2.1027650833129883,0.5089674592018127,0.005931150684861316,-0.0023083186768310415,-1.6303759757184084,1766193696.464044
0.11613749712705612,2.1030654907226562,0.5084875226020813,0.004858397863744798,-0.00043562867287001966,-1.6309921833740635,1766193696.4839294
0.11727185547351837,2.103577136993408,0.507911205291748,0.009611060348442346,0.0002557413727815259,-1.6362243188573113,1766193696.4839876
0.11732702702283859,2.102335214614868,0.5083028078079224,0.00772042421675188,-0.0029587519120832855,-1.6317404562088456,1766193696.4940135
0.11726947128772736,2.103593349456787,0.5079290866851807,0.009607852231828957,0.0002439254579611438,-1.6361197092805166,1766193696.5039773
0.1171659305691719,2.1030967235565186,0.5077056288719177,0.009285374429868857,-0.00042730700921423125,-1.6350951461326404,1766193696.514019
0.11616943031549454,2.103083372116089,0.5084930658340454,0.005193316291768223,-0.0005581716382996464,-1.6310787854264257,1766193696.5140767
0.11623074114322662,2.103144407272339,0.5085628032684326,0.005316711301294172,-0.0006887996314056545,-1.6311952198333006,1766193696.5239496
0.11625553667545319,2.1032121181488037,0.508489727973938,0.005393686483867445,-0.000674285466013977,-1.6311286761045645,1766193696.5340166
0.11621715128421783,2.1032164096832275,0.5085119605064392,0.005058309586712706,-0.0005464559293285234,-1.6310198416061354,1766193696.543941
0.11616401374340057,2.1032400131225586,0.5085219144821167,0.005026807625633721,-0.0007503351780369714,-1.630849148915368,1766193696.554013
0.11611972004175186,2.1032097339630127,0.50848788022995,0.004909996241412648,-0.000659869347500913,-1.6310574327235166,1766193696.5639722
0.11731420457363129,2.103813648223877,0.5078688263893127,0.009915255216190263,0.0001532496985921774,-1.636551486675239,1766193696.56403
0.11719675362110138,2.1032767295837402,0.5077086687088013,0.009295044573328741,-0.0008066577463432074,-1.6351967783045276,1766193696.5839224
0.11615017056465149,2.1033432483673096,0.5084120035171509,0.005259089897177006,-0.0005770727065798445,-1.63138051811735,1766193696.583941
0.11715836822986603,2.1030566692352295,0.5087058544158936,0.007246018894519098,-0.002439389378206176,-1.631854517847491,1766193696.5939455
0.11729148775339127,2.1026341915130615,0.5082797408103943,0.007495312348174825,-0.00310593561145151,-1.6314857985828013,1766193696.6039464
0.11721257865428925,2.103034734725952,0.5087392926216125,0.007322590801144766,-0.0024871935571386325,-1.6319274044794705,1766193696.6140242
0.11737984418869019,2.1025497913360596,0.5081880688667297,0.007721635079714509,-0.0031698664056275666,-1.6316219516738244,1766193696.6141825
0.11622445285320282,2.103304624557495,0.5085498094558716,0.004930076800114366,-0.0007244338993332125,-1.6313584102795102,1766193696.6239498
0.11742784082889557,2.103924036026001,0.5079155564308167,0.0096683753334231,0.00023426337115261146,-1.636813796598741,1766193696.633949
0.11733383685350418,2.103200912475586,0.5077447891235352,0.009240350214233705,-0.0009056997349175347,-1.635218374386418,1766193696.6439726
0.11632633209228516,2.1032614707946777,0.5086023807525635,0.005124101979495291,-0.0008975765597724937,-1.6314558432848807,1766193696.653971
0.11626167595386505,2.103238344192505,0.5085501074790955,0.004865259818255513,-0.000652210055596476,-1.6313072698618745,1766193696.6639931
0.11627212911844254,2.1032447814941406,0.5085734724998474,0.004780891682949345,-0.0007293561414811276,-1.6309067597880922,1766193696.6640496
0.11724203824996948,2.1029186248779297,0.5087438225746155,0.007379060639242374,-0.0023740246637852726,-1.631980020796011,1766193696.6740155
0.11777372658252716,2.10123610496521,0.5071150064468384,0.009361234949464253,-0.005149651145348142,-1.6304215295958842,1766193696.6839867
0.11667106300592422,2.1029186248779297,0.5089820027351379,0.005879436931673602,-0.0024935941375597397,-1.6306903504617545,1766193696.6940112
0.11660053580999374,2.102896213531494,0.5089544653892517,0.005736702078400364,-0.002350798221860476,-1.6303710529329403,1766193696.7039905
0.11661701649427414,2.1028482913970947,0.5089754462242126,0.005732859617761647,-0.0025718791973447534,-1.630128648401643,1766193696.713981
0.11619292199611664,2.1031007766723633,0.5084654092788696,0.00527708461388075,-0.0005961130771998241,-1.631440195672793,1766193696.714059
0.1173420250415802,2.1036810874938965,0.5078422427177429,0.010001525249576681,0.0003163000553849174,-1.6369158737916287,1766193696.7240007
0.11728314310312271,2.1023988723754883,0.5082319974899292,0.007646998394778651,-0.0029631295639039566,-1.6315070882472111,1766193696.7339742
0.11620751768350601,2.103062629699707,0.5084992051124573,0.005480483670455854,-0.0006188396580938766,-1.631547522016195,1766193696.7439892
0.1168874055147171,2.102753162384033,0.5088656544685364,0.007002625032564759,-0.002416517103693411,-1.6313234018939418,1766193696.7540057
0.11636769026517868,2.1030826568603516,0.5084573030471802,0.006119913043339297,-0.0006708498194998374,-1.6321235990412772,1766193696.7639754
0.11670006811618805,2.1027374267578125,0.508956789970398,0.006276835520207351,-0.0025080413950218975,-1.6304387728777254,1766193696.7640455
0.11665306985378265,2.1027631759643555,0.509007453918457,0.0058678125543086285,-0.0023953464842434965,-1.6300100756443525,1766193696.7739487
0.11612436175346375,2.103006362915039,0.5085240006446838,0.004718023956308604,-0.0005189597273812011,-1.6307835292018107,1766193696.7940123
0.11614656448364258,2.103065252304077,0.50845867395401,0.0047991234948319824,-0.0005767000364731293,-1.6307733227782018,1766193696.7940693
0.11613468825817108,2.103052854537964,0.5084568858146667,0.004979950145040381,-0.0005421288970956374,-1.6310115422071614,1766193696.8039753
0.11552773416042328,2.1034939289093018,0.5080145597457886,0.0011680701008047524,8.093460603524497e-05,-1.6272555294702509,1766193696.8139853
0.11612696945667267,2.103041410446167,0.5084799528121948,0.004891743847389756,-0.0005577845317929045,-1.6309029286124928,1766193696.8140574
0.11612693965435028,2.1030242443084717,0.5084407329559326,0.004969330754459001,-0.000729077149177255,-1.6307820328332019,1766193696.8239744
0.11674884706735611,2.1027092933654785,0.5089107751846313,0.006387684498432939,-0.0027706001710430844,-1.630443140835412,1766193696.833975
0.11616715788841248,2.102949857711792,0.5084221363067627,0.0053322307936642215,-0.0008992267414121204,-1.631240400665878,1766193696.8439646
0.11728906631469727,2.103440284729004,0.5078668594360352,0.009824217099139436,-0.0001254405177571678,-1.6361440497630202,1766193696.853977
0.11719034612178802,2.1026487350463867,0.5076644420623779,0.009231872739565999,-0.0012838318418450121,-1.6347407399032368,1766193696.8639553
0.11735527217388153,2.1032111644744873,0.5078675746917725,0.009861905935602953,-0.00033284816325842507,-1.6360171385913678,1766193696.8640096
0.11634644120931625,2.102574586868286,0.5083951354026794,0.006529976875513877,-0.0009238210421343942,-1.6319980215402985,1766193696.8739042
0.11630046367645264,2.1024577617645264,0.5084625482559204,0.005814269153642254,-0.0011583429549059422,-1.6312878846556862,1766193696.8939276
0.11610149592161179,2.102264165878296,0.5084693431854248,0.0047709839175187905,-0.0009400774076056749,-1.6302272115168168,1766193696.893952
0.1161089539527893,2.1020350456237793,0.5084067583084106,0.0053739649417058385,-0.0009222038079476381,-1.6303789524439922,1766193696.903926
0.11656194925308228,2.1020493507385254,0.5083265900611877,0.00751121813540822,-0.0005846716325742501,-1.6325792041532572,1766193696.9140108
0.11656692624092102,2.1018645763397217,0.5083114504814148,0.007878817124918691,-0.0004002791249377539,-1.6326197845458914,1766193696.9140682
0.1161055788397789,2.1013379096984863,0.5082874298095703,0.0064092353251853935,-0.000504533699945692,-1.630413257629649,1766193696.9239614
0.11603541672229767,2.101080894470215,0.5083392858505249,0.006134336385415692,-0.000561173116477146,-1.6298064066479463,1766193696.933981
0.11619722098112106,2.100780487060547,0.5082224011421204,0.007557703386969062,-0.0006677497885553123,-1.6304434627076376,1766193696.943962
0.11631138622760773,2.1006131172180176,0.5082904100418091,0.007392301236611963,-0.0007203421433271952,-1.6301674019720631,1766193696.9540164
0.11612637341022491,2.100234031677246,0.5081738829612732,0.007834786948187827,-0.0007519429733907675,-1.6296997790985353,1766193696.9639437
0.11599855124950409,2.099843740463257,0.5082283020019531,0.007413787264151032,-0.0007812991566391789,-1.628559706041573,1766193696.9639986
0.11587360501289368,2.099405288696289,0.5083227157592773,0.006940988420163244,-0.0006742932738527668,-1.6276814076424444,1766193696.9739306
0.11623027920722961,2.0993335247039795,0.5083845853805542,0.007748063056900021,-0.00035163002359739023,-1.6281227314986775,1766193696.9839883
0.1161668673157692,2.0990993976593018,0.5083926320075989,0.007635472462944183,-0.00037826755068982713,-1.627546668051112,1766193696.993912
0.11615222692489624,2.098783016204834,0.5084289908409119,0.007808897780710799,-0.00025487638758963754,-1.6271864915598588,1766193697.003937
0.11556699126958847,2.0983965396881104,0.5084227323532104,0.005795303508102705,-0.0004165833716605588,-1.6241232966185883,1766193697.0139523
0.11538377404212952,2.098118782043457,0.5084569454193115,0.005219851254712216,-0.00041421346637690256,-1.6231492749863867,1766193697.0140324
0.11528383195400238,2.0978851318359375,0.5085161924362183,0.00494358786863203,-0.00031235961628352807,-1.622268283797504,1766193697.0239995
0.11464515328407288,2.0980966091156006,0.5080820322036743,0.0014480515852861788,0.0005398207811786544,-1.6183015157928504,1766193697.0339355
0.11520899087190628,2.0974419116973877,0.5084514617919922,0.006094043900296715,-0.00028915240526681965,-1.6220975527008374,1766193697.0439503
0.1152382493019104,2.097254991531372,0.5083193182945251,0.007482515344289078,7.343704078044813e-05,-1.6227139284708558,1766193697.053975
0.11534930020570755,2.097158193588257,0.508332371711731,0.007922351027873448,8.112355612620763e-05,-1.6228293623014958,1766193697.063945
0.11532575637102127,2.0970544815063477,0.5083433389663696,0.0079627561389586,0.00012495652821722377,-1.622368368540879,1766193697.0739512
0.11510300636291504,2.0969715118408203,0.5084400773048401,0.007053227108163976,0.0001385760553596409,-1.6209850791316593,1766193697.0740268
0.1154913380742073,2.0971128940582275,0.5082177519798279,0.009235641332738414,0.00028221565549072257,-1.6228706068041883,1766193697.0839946
0.11582022905349731,2.0977489948272705,0.5081132054328918,0.010416635378778141,0.0009556807608079027,-1.6249502401121132,1766193697.0939522
0.11588998138904572,2.0958385467529297,0.5074809789657593,0.008717958523372817,-0.00210257955834916,-1.6200628452924517,1766193697.1039762
0.11579699069261551,2.09786057472229,0.5081169605255127,0.010588948692456168,0.001078780867714343,-1.625313404115983,1766193697.113959
0.11516589671373367,2.0971434116363525,0.5083824396133423,0.007938134909941452,0.0002746489150584317,-1.6209289938866063,1766193697.1140387
0.11505002528429031,2.0972237586975098,0.5084174871444702,0.007410102210518775,-2.2733200245706787e-05,-1.6201253628577263,1766193697.1239383
0.11501672118902206,2.0973315238952637,0.5083732008934021,0.007006231486983183,-5.2526889776983624e-05,-1.619816227336637,1766193697.133974
0.11509755998849869,2.0974831581115723,0.5083142518997192,0.007337301923539011,-0.00011252307464594118,-1.6203009014219014,1766193697.1439874
0.11498288065195084,2.0976390838623047,0.5083853006362915,0.006293559967932199,-0.0004574782337323068,-1.619300465263258,1766193697.1539698
0.11525607109069824,2.097870349884033,0.508318305015564,0.007053382461835849,-0.0005682380839998792,-1.6208369767017405,1766193697.16397
0.1151837632060051,2.09804368019104,0.5083696246147156,0.006605012132588744,-0.000598981577577367,-1.6207676847553623,1766193697.1640244
0.11520544439554214,2.0981292724609375,0.5083620548248291,0.0062704838129081135,-0.0007563674517238578,-1.620763839350007,1766193697.1738544
0.11528131365776062,2.098336696624756,0.508297860622406,0.006606851167612613,-0.0008516718507774441,-1.621441489311859,1766193697.183893
0.11627337336540222,2.0989792346954346,0.5079053640365601,0.009630142892505095,-0.0004378327894644151,-1.625504239368419,1766193697.1939194
0.11628959327936172,2.09853458404541,0.5076983571052551,0.009398011981690248,-0.0012128474254341306,-1.6251025391042615,1766193697.203967
0.11574527621269226,2.0989325046539307,0.5082181692123413,0.007889014471436683,-0.0008027317018452253,-1.6243481464845466,1766193697.2139332
0.11627542227506638,2.099174737930298,0.5082842111587524,0.008273634579799745,-0.0009219649337094404,-1.6254773664554392,1766193697.2139888
0.11637428402900696,2.0989418029785156,0.5076642632484436,0.009339852030325783,-0.0011189132871322054,-1.626603742933842,1766193697.2239203
0.11599653214216232,2.0993170738220215,0.5083837509155273,0.007792257330552934,-0.0008537226624458669,-1.6262712603971834,1766193697.2338555
0.11558128148317337,2.099349021911621,0.5083085894584656,0.006817414803698993,-0.0008848815291655634,-1.625355409839622,1766193697.243875
0.1155470535159111,2.0994372367858887,0.5083400011062622,0.005865210308692037,-0.0008545285097298083,-1.6249811705259423,1766193697.2539217
0.1157495304942131,2.0995430946350098,0.5083110928535461,0.006710166531968271,-0.0009355026214939511,-1.626576399874208,1766193697.2639744
0.11573208123445511,2.0996062755584717,0.5082938075065613,0.006446965168928243,-0.0009615009514755091,-1.6266623494676344,1766193697.26403
0.11615455895662308,2.0999128818511963,0.5082416534423828,0.007721541831563925,-0.0007856008139950035,-1.6287598234156333,1766193697.2739549
0.11580152809619904,2.0997421741485596,0.5083220601081848,0.006631493513658377,-0.001119484307208322,-1.6275960689839333,1766193697.2839715
0.1158464252948761,2.0998189449310303,0.5082547068595886,0.006935409731479621,-0.0008939475281474677,-1.62827735959608,1766193697.3039696
0.11572688817977905,2.099752187728882,0.5083633065223694,0.005819129890597175,-0.001115156812135489,-1.6270626572355114,1766193697.3040237
0.11629360914230347,2.100029230117798,0.5082868337631226,0.007968419046261872,-0.0007793729553653755,-1.6297961735973463,1766193697.313969
0.11637387424707413,2.100020408630371,0.5082765221595764,0.007937910206349296,-0.0009013751349947949,-1.6299420354854186,1766193697.3140438
0.11635127663612366,2.09999680519104,0.5082918405532837,0.007869157261365738,-0.0009264149354232343,-1.6299799570695974,1766193697.323971
0.11638658493757248,2.0999224185943604,0.5082979798316956,0.007762587472183292,-0.0007703019388482827,-1.6297132226795112,1766193697.3338497
0.116252101957798,2.099905014038086,0.5083313584327698,0.007442297512150876,-0.0006346555795056951,-1.6291734359408223,1766193697.3439183
0.11624196916818619,2.099825859069824,0.5083402991294861,0.007527416777835746,-0.0006286106313093282,-1.6291966383185053,1766193697.3538702
0.11573643982410431,2.0995800495147705,0.5083585977554321,0.005865659460103708,-0.0007842079970533323,-1.6270885311769783,1766193697.3639686
0.11580460518598557,2.0995075702667236,0.5083308219909668,0.006416011858048588,-0.000868285209965453,-1.6273270377573508,1766193697.3640232
0.11561122536659241,2.0994322299957275,0.5083597898483276,0.005719312357043488,-0.0005056868319363516,-1.6264274621734363,1766193697.3739574
0.1156311184167862,2.099377155303955,0.5083643198013306,0.005663549041880378,-0.0005375435325808407,-1.6260864358947242,1766193697.3839424
0.11558820307254791,2.0993165969848633,0.508331835269928,0.00589982716019384,-0.000493478009105572,-1.6259976746822595,1766193697.3939567
0.11563179641962051,2.0992372035980225,0.5083489418029785,0.006175951852142229,-0.0005467772513015357,-1.6258260790928896,1766193697.4039702
0.11565852165222168,2.099165439605713,0.5082997679710388,0.006522828774129136,-0.0005927615765036525,-1.6258598293469526,1766193697.4140105
0.11555790156126022,2.0991201400756836,0.508384108543396,0.006299813709382203,-0.0007307091105163974,-1.6249721482459547,1766193697.4140677
0.11559131741523743,2.0990371704101562,0.508375883102417,0.006581840552476032,-0.0007077881141117261,-1.6251802290438035,1766193697.423987
0.11567455530166626,2.0989160537719727,0.5083515048027039,0.006570532545550014,-0.0007826746498445215,-1.6250338300010483,1766193697.4339342
0.1156022772192955,2.098893642425537,0.5083150863647461,0.0067764143510739274,-0.0008533658112718946,-1.62456565923085,1766193697.4439797
0.11563808470964432,2.098850727081299,0.5083343982696533,0.007268073796211847,-0.0007867617426025575,-1.624965122212945,1766193697.4539828
0.11595212668180466,2.098876476287842,0.5084090232849121,0.007725407828062683,-0.0008300462055938971,-1.6256247702824307,1766193697.4639823
0.11540031433105469,2.0986647605895996,0.5084241628646851,0.005720748760219544,-0.0006422345427818557,-1.623033113248316,1766193697.4641573
0.11565568298101425,2.0987460613250732,0.5082747340202332,0.007463349963992772,-0.0007185331610542288,-1.6247237913892785,1766193697.4739413
0.11555281281471252,2.098644256591797,0.508330762386322,0.006725763250451852,-0.0008985726267460299,-1.624016665505992,1766193697.4838476
0.11529973894357681,2.098576068878174,0.5084332823753357,0.005389434455141569,-0.0008420302111952094,-1.622523707678792,1766193697.4939675
0.11539000272750854,2.0985288619995117,0.5083678960800171,0.005637353345902718,-0.0005875820890790226,-1.6229756700648408,1766193697.5039625
0.11529864370822906,2.098548650741577,0.508428156375885,0.005645506420228254,-0.0006939313156117474,-1.6226521738352242,1766193697.5140119
0.11531229317188263,2.098544120788574,0.5084288120269775,0.0056036207831555405,-0.0006835687513954772,-1.6226513696916742,1766193697.5140676
0.11541987955570221,2.0985822677612305,0.5083633661270142,0.0062905789367372796,-0.0008120738154018104,-1.6233926723624261,1766193697.5239527
0.11535044014453888,2.0985474586486816,0.5084400773048401,0.006117766167133068,-0.0007680162782248039,-1.6231828251723903,1766193697.5340319
0.1154361441731453,2.098560333251953,0.508394181728363,0.006358427482789921,-0.0006744985570308463,-1.6234915111150336,1766193697.5439818
0.1154961958527565,2.0985937118530273,0.5083900094032288,0.00642525899996728,-0.0006360183352194892,-1.623655850905112,1766193697.5539856
0.1157640814781189,2.0987191200256348,0.5082715749740601,0.007768540287890293,-0.0005286362818231767,-1.625019766547993,1766193697.5639873
0.11577773839235306,2.0988008975982666,0.5082716345787048,0.007752410480974993,-0.0007094744484550167,-1.6249454960054337,1766193697.5640426
0.11605232954025269,2.0989034175872803,0.508345901966095,0.007973896420209556,-0.0008185355173331414,-1.6256875109521076,1766193697.5739374
0.11548511683940887,2.0987305641174316,0.5083734393119812,0.006230137988200439,-0.0008536882359265581,-1.6237892572746657,1766193697.5839124
0.11556418985128403,2.09883713722229,0.508321225643158,0.006646122704369585,-0.0007953828646936851,-1.6241845905498915,1766193697.5940187
0.11614283919334412,2.098947048187256,0.5083597302436829,0.007903734147200183,-0.0007749801579456578,-1.626066937978009,1766193697.603979
0.11554040759801865,2.098904848098755,0.5083609819412231,0.00625889919539511,-0.0007419517136658688,-1.6240799289243206,1766193697.6138496
0.11550210416316986,2.0989248752593994,0.5083439946174622,0.006115789232451858,-0.000816262023120389,-1.6238598388438055,1766193697.613914
0.11552917212247849,2.098928928375244,0.5083478093147278,0.006058651751420038,-0.0008375945166546717,-1.6240049088726383,1766193697.6238391
0.11543449014425278,2.099008798599243,0.5083975195884705,0.006199014832488485,-0.0008690301864384346,-1.6237802685394618,1766193697.6340523
0.115472711622715,2.099006414413452,0.5083599090576172,0.006125018341847895,-0.00081453426506875,-1.6239024154527075,1766193697.6439202
0.1154961884021759,2.0990800857543945,0.5083777904510498,0.006182521669859628,-0.0006971929901326847,-1.623920463678345,1766193697.6538842
0.11555646359920502,2.099104166030884,0.5083750486373901,0.00676294853179004,-0.0008913917968045664,-1.6244163579888855,1766193697.6638522
0.1156429797410965,2.099094867706299,0.5083212852478027,0.006906203034090829,-0.0008171824767940107,-1.6245720938339494,1766193697.6639233
0.11649523675441742,2.0994808673858643,0.5079119801521301,0.009971535943031531,-0.0002787848422928325,-1.6281964085791478,1766193697.673942
0.11640060693025589,2.0988757610321045,0.5076441168785095,0.009596423043461921,-0.001064054733732651,-1.6271070079865566,1766193697.6839664
0.1162761002779007,2.099273681640625,0.508277177810669,0.008415219718261641,-0.0008937156615419389,-1.6265072066448663,1766193697.693957
0.11556541174650192,2.09909725189209,0.508355438709259,0.006772540447162773,-0.0008566020345066291,-1.6243454130737085,1766193697.703989
0.11565501987934113,2.0990774631500244,0.5083012580871582,0.007219839361910547,-0.0008765476611947002,-1.6250922461603323,1766193697.7139702
0.11549101769924164,2.0990471839904785,0.5083421468734741,0.006376135562456812,-0.0007974448604126643,-1.6241264530532158,1766193697.7141976
0.11555301398038864,2.0990548133850098,0.5083317756652832,0.006693615069398202,-0.0008532908805673596,-1.6243069942349788,1766193697.7239742
0.11544735729694366,2.099062919616699,0.5083975195884705,0.00577713905334549,-0.0006714939740246909,-1.6234201801247397,1766193697.7339742
0.11597339063882828,2.0992279052734375,0.5083265900611877,0.007934138382655963,-0.0006262535082443917,-1.6259434989180788,1766193697.7439668
0.115617536008358,2.0990233421325684,0.5082913041114807,0.006924355630921084,-0.000698583628276714,-1.6245872087638749,1766193697.7539673
0.11549218744039536,2.098965883255005,0.5083112120628357,0.006309390927304762,-0.0006881160959944076,-1.6238480581027304,1766193697.763998
0.11560371518135071,2.0989608764648438,0.5083106756210327,0.006935213686329327,-0.0007817408279369204,-1.6245181862651288,1766193697.7739704
0.11566181480884552,2.09892201423645,0.508283793926239,0.007174846436616223,-0.0008073499004940763,-1.6247956531495695,1766193697.7742026
0.11643363535404205,2.0993082523345947,0.5078870058059692,0.009835961575653841,-0.00025573031817006556,-1.6278678775830568,1766193697.783969
0.11630477011203766,2.0990781784057617,0.5082719326019287,0.008355900025499522,-0.0007784407750839519,-1.6265340953237533,1766193697.7939708
0.11645564436912537,2.0993051528930664,0.5078823566436768,0.010082378611340533,-0.00017373759547403646,-1.6280752336646906,1766193697.8039665
0.11563798785209656,2.098884344100952,0.5082656741142273,0.007347349669677719,-0.0007746257325204843,-1.6247554840144018,1766193697.813964
0.11566254496574402,2.098886728286743,0.508246898651123,0.007298696643430354,-0.0006680843657389371,-1.6248672196906735,1766193697.8140543
0.11553972214460373,2.098863363265991,0.5083232522010803,0.006585822193310381,-0.0007908829902435366,-1.6240908645548702,1766193697.8239996
0.1154313012957573,2.0988376140594482,0.5083135366439819,0.006124974168971059,-0.0007061578515147088,-1.623353055438124,1766193697.833933
0.11544549465179443,2.098816156387329,0.5083287954330444,0.0062398959382973145,-0.0007450760878129366,-1.6235766836091332,1766193697.8439653
0.11548715084791183,2.09881329536438,0.508313775062561,0.006329810988281904,-0.0007553726320238052,-1.6235723723740343,1766193697.853939
0.11582516878843307,2.0989742279052734,0.5083566904067993,0.007459185163128755,-0.0006966807791334328,-1.6248793727123279,1766193697.8639576
0.1154751107096672,2.098864793777466,0.5083239674568176,0.006694381574554538,-0.0009019261352284049,-1.6239509736154087,1766193697.8641274
0.11555811017751694,2.098841905593872,0.5082862377166748,0.007033429247709511,-0.0007496864149912204,-1.6241664873250952,1766193697.8740096
0.11552520096302032,2.0988471508026123,0.5083548426628113,0.006714836236269644,-0.0008251744994503193,-1.6239331847146221,1766193697.883958
0.11557010561227798,2.098923444747925,0.5083135366439819,0.00704164053216216,-0.0008746379463581009,-1.6240860647306026,1766193697.8940263
0.11591050028800964,2.0990405082702637,0.5083673596382141,0.00787634453877893,-0.0008222623889611675,-1.6251755318460293,1766193697.9039416
0.11640819907188416,2.099308729171753,0.5078715085983276,0.009903980017330907,-0.0002573898632890874,-1.6274282143742416,1766193697.913964
0.11631249636411667,2.0987491607666016,0.5076748728752136,0.009339158766778384,-0.0010976926681895752,-1.626066140048361,1766193697.914052
0.11638326942920685,2.099355697631836,0.5079099535942078,0.00977787762862436,-0.0002589821815140685,-1.6272263086907686,1766193697.9239972
0.11559352278709412,2.0989878177642822,0.5082995295524597,0.00710265464587948,-0.0008615790931926134,-1.6240722256886446,1766193697.933973
0.11556345224380493,2.0990071296691895,0.5082845091819763,0.006945137287975716,-0.0007798435646642687,-1.6239741241101606,1766193697.9439971
0.11535260081291199,2.098949670791626,0.5083752870559692,0.005843359945593849,-0.0008829965177062646,-1.6229293918921157,1766193697.954012
0.11635375022888184,2.099461078643799,0.5078751444816589,0.009761212420624993,-0.00026101612054713953,-1.6272901473321215,1766193697.9640095
0.11625295877456665,2.0988829135894775,0.5076311826705933,0.009357141729121669,-0.0009750356157065296,-1.6263269899253958,1766193697.9641721
0.11543566733598709,2.098982334136963,0.5083574056625366,0.006414594528687182,-0.0008738207130077059,-1.6234827361194437,1766193697.973988
0.11542277038097382,2.0989785194396973,0.5083121657371521,0.006475218101881191,-0.0008582124235138394,-1.6234306052806267,1766193697.9839687
0.11536857485771179,2.099001884460449,0.5083973407745361,0.006163723740560899,-0.0010294302854717855,-1.623183570822776,1766193697.993927
0.11549023538827896,2.098996162414551,0.5083443522453308,0.006704863229127024,-0.0008648436171882393,-1.6238054791441554,1766193698.0039804
0.11594390869140625,2.099132537841797,0.5083223581314087,0.007925604551690025,-0.0009228105481040687,-1.625307675102133,1766193698.0139794
0.11637541651725769,2.099390983581543,0.5078880190849304,0.009875277232456165,-0.000419681136198402,-1.6272262816835803,1766193698.014068
0.11627839505672455,2.0988309383392334,0.5080492496490479,0.008375388344822017,-0.0012556027808387517,-1.62560033714177,1766193698.0239732
0.11642849445343018,2.0993616580963135,0.5078678727149963,0.010059646764867968,-0.00028418614089603645,-1.6276000001666713,1766193698.0339818
0.11631595343351364,2.098775863647461,0.5076279640197754,0.009451671274453151,-0.0011057962573291866,-1.62625413524457,1766193698.0439782
0.11571846157312393,2.0990090370178223,0.508245587348938,0.007859334519426685,-0.0007644668962837405,-1.6250715760882062,1766193698.053966
0.11551990360021591,2.09897518157959,0.5083203315734863,0.006831576771645857,-0.0008582032265572379,-1.623842791945216,1766193698.0639927
0.11548303812742233,2.098945379257202,0.508358359336853,0.006539959985458377,-0.0009170994819543999,-1.6236922333360901,1766193698.064163
0.1156754344701767,2.0990207195281982,0.5082445740699768,0.007651512168874905,-0.0006864556330980374,-1.6247786487337506,1766193698.0740669
0.11547388881444931,2.0989198684692383,0.5083184838294983,0.006828275876283935,-0.0007853675317442942,-1.6239955915478774,1766193698.0839703
0.11554758995771408,2.098945140838623,0.5083075165748596,0.007030634105360641,-0.0008385856036963748,-1.624083068194806,1766193698.093968
0.11542506515979767,2.0989022254943848,0.5083438158035278,0.00636080405537341,-0.0009067084841017587,-1.6233085151455764,1766193698.103982
0.11560346931219101,2.0989315509796143,0.5082676410675049,0.007339429588112289,-0.0008751184449206311,-1.624430187236023,1766193698.11397
0.11546767503023148,2.0988447666168213,0.5083629488945007,0.006517997189079985,-0.0009087111980735729,-1.6233452858735102,1766193698.1239874
0.11620855331420898,2.098997116088867,0.508329451084137,0.008200531830941443,-0.0008887217652811902,-1.625418917779293,1766193698.1241617
0.11629223078489304,2.098703622817993,0.5076887607574463,0.009381210691438154,-0.0010318312050436494,-1.6259397910000817,1766193698.1340299
0.116387277841568,2.0992679595947266,0.5079208016395569,0.009685492622377792,-0.00021825249330864862,-1.6269210677619466,1766193698.1439986
0.11543698608875275,2.098808765411377,0.508368968963623,0.006320734803731631,-0.0008278077167467977,-1.6231642166724252,1766193698.1539361
0.11540619283914566,2.0988800525665283,0.5083757638931274,0.006289065092397956,-0.0008254537180334573,-1.6229510280219324,1766193698.163986
0.11583875119686127,2.0989816188812256,0.5084030032157898,0.007610864697177657,-0.0008771621002651298,-1.6245782439349046,1766193698.1640413
0.1154835894703865,2.0988945960998535,0.5083310008049011,0.006741831368559881,-0.0008085982587854803,-1.6234773705250163,1766193698.1740165
0.11553850024938583,2.0988986492156982,0.5082798004150391,0.006989881876081758,-0.0008396296861413942,-1.6236664882126852,1766193698.1839771
0.115341916680336,2.098919153213501,0.508399248123169,0.0061862963092542975,-0.0010358598452279073,-1.6228818983442221,1766193698.194024
0.11536100506782532,2.098874568939209,0.5084009170532227,0.0060987835159737915,-0.0008647402649463709,-1.6230395098858623,1766193698.20399
0.1155046746134758,2.098912000656128,0.5083529949188232,0.007084745821654665,-0.0009585879189367126,-1.6238797941634495,1766193698.2139554
0.1154053807258606,2.098897695541382,0.508377194404602,0.006479719285825666,-0.0009405744605776729,-1.6232454489745982,1766193698.2239928
0.11546360701322556,2.0989205837249756,0.5083479881286621,0.006980590242900872,-0.0010290253254207715,-1.6238230600840875,1766193698.2241607
0.11543219536542892,2.0989603996276855,0.5083233118057251,0.006736744742868973,-0.0009474737277008133,-1.6234101293237444,1766193698.2339642
0.11542675644159317,2.0989279747009277,0.5083792209625244,0.006403510680490518,-0.0009202572617143647,-1.6232018274812925,1766193698.2439685
0.11569236218929291,2.0989906787872314,0.5082272291183472,0.007713000986615471,-0.000812113149556538,-1.62449929009989,1766193698.253961
0.11567516624927521,2.0990149974823,0.5082710385322571,0.007609765212938772,-0.0008116136415101952,-1.624366342223623,1766193698.2639937
0.11547808349132538,2.0988945960998535,0.5083301067352295,0.006492313821025238,-0.0009598765792696732,-1.6231187808082905,1766193698.2640479
0.1155000701546669,2.098950147628784,0.5083051323890686,0.006719657260542333,-0.0008611493896224885,-1.6232658866102592,1766193698.2739308
0.11548417806625366,2.0989954471588135,0.5083297491073608,0.006754970009493404,-0.0009056844658786486,-1.6233303109424766,1766193698.283964
0.11559344083070755,2.0989990234375,0.5082806944847107,0.007424173845488614,-0.0008833401177496821,-1.6241880814477552,1766193698.293977
0.11545819044113159,2.0989582538604736,0.5083359479904175,0.0066264548497060975,-0.0009606702691438776,-1.6232231656056426,1766193698.3040159
0.11543242633342743,2.0989537239074707,0.5083238482475281,0.0066774414227929605,-0.0009392903588314609,-1.6233402492655737,1766193698.313985
0.11540413647890091,2.0989158153533936,0.5083737969398499,0.006387666996255712,-0.0009579984239980608,-1.6230047097151241,1766193698.3239868
0.11533265560865402,2.0989367961883545,0.5083863735198975,0.005967735129984024,-0.0008465026123741173,-1.62279653855062,1766193698.3241446
0.11546915024518967,2.098959445953369,0.5082941651344299,0.006982973444596474,-0.000871052606852319,-1.623688184630424,1766193698.3339481
0.11551585048437119,2.098963499069214,0.5083048939704895,0.006957387357777816,-0.0008140600691155578,-1.6235754858191507,1766193698.3439777
0.11537739634513855,2.098848581314087,0.5084306001663208,0.006183059500860769,-0.0007545656608013494,-1.622765668394003,1766193698.353986
0.11539957672357559,2.0989129543304443,0.5083858966827393,0.0063082735682545256,-0.0009127635749407954,-1.6228961709503285,1766193698.3639667
0.11538513749837875,2.098883867263794,0.5083823204040527,0.0063251639996403305,-0.0008236374086736006,-1.62279310465986,1766193698.3640227
0.11530928313732147,2.0988783836364746,0.50840824842453,0.0059388452870387624,-0.0008854747561599901,-1.6225612968265106,1766193698.374017
0.11551112681627274,2.0989458560943604,0.5083421468734741,0.006937789839221049,-0.0008504223224337245,-1.623474920556251,1766193698.3839855
0.11576104164123535,2.0990185737609863,0.5082126259803772,0.008205895238420833,-0.0007315016037867095,-1.6250458935554952,1766193698.393971
0.11540096253156662,2.098903179168701,0.5083770155906677,0.006391460100717132,-0.0009294045541486816,-1.6231327915928468,1766193698.4039707
0.11539091169834137,2.0988948345184326,0.5084380507469177,0.006158408134391866,-0.0009504260108976419,-1.6227840531912374,1766193698.4140453
0.1152588278055191,2.0988948345184326,0.5084403157234192,0.005700549985334728,-0.0009158806069203482,-1.6224631096848074,1766193698.4141006
0.11537722498178482,2.098923921585083,0.5083944201469421,0.006313337687267001,-0.0010502410419587977,-1.6228516607751136,1766193698.4239733
0.11553207784891129,2.0989489555358887,0.5083363056182861,0.006955566977631398,-0.0008288364093941673,-1.6236622185756835,1766193698.434016
0.11539921909570694,2.0989034175872803,0.5083489418029785,0.006235038614109619,-0.000984687509890656,-1.622857058892584,1766193698.443983
0.11629806458950043,2.099364995956421,0.5079469680786133,0.009674542357467546,-0.0003362008402906046,-1.6265947841228947,1766193698.4539733
0.11624771356582642,2.0988235473632812,0.5077004432678223,0.009243898249324105,-0.001036416180955228,-1.6256444121607148,1766193698.4640024
0.11636163294315338,2.09930157661438,0.5078935027122498,0.009934071252328204,-0.00038823819547816534,-1.6269773771068872,1766193698.464182
0.11545348912477493,2.098883867263794,0.5083861947059631,0.006753520269268381,-0.0009015889156381105,-1.6232312207468667,1766193698.4739265
0.11541131883859634,2.0989532470703125,0.5083484053611755,0.006761927291122634,-0.0009339706266060127,-1.6232009764425386,1766193698.4839776
0.1154266819357872,2.098958730697632,0.5083266496658325,0.0069008096175865365,-0.000958998706851576,-1.6235268807066066,1766193698.4940205
0.11559835076332092,2.0990426540374756,0.5082457661628723,0.007526343071141452,-0.0006399403564394915,-1.624072794255164,1766193698.5039911
0.11550132185220718,2.0989670753479004,0.508307933807373,0.007034470003495402,-0.0008232806484761365,-1.6237061715563923,1766193698.5140188
0.1153341680765152,2.098935604095459,0.5084012746810913,0.006208809364434563,-0.0009739568557491672,-1.6226113781738696,1766193698.5141897
0.11535627394914627,2.099005699157715,0.5083857178688049,0.006383089054043205,-0.0009275346808849636,-1.6228382380332662,1766193698.523983
0.11534637212753296,2.0989456176757812,0.5083696246147156,0.006220521577063141,-0.00099275087970987,-1.6227128818072751,1766193698.5340147
0.115421362221241,2.0990140438079834,0.5083285570144653,0.006612043198502223,-0.0007764725487528848,-1.6230794522438927,1766193698.5439825
0.11558809876441956,2.0990772247314453,0.5082706212997437,0.007435103061626809,-0.0008356167585354546,-1.623839567989927,1766193698.5540316
0.1154918298125267,2.0990302562713623,0.5083469152450562,0.006967324277688449,-0.0009868736733370073,-1.6234111541553766,1766193698.563996
0.11531529575586319,2.098950147628784,0.5084104537963867,0.006165442869046098,-0.0010026032864962067,-1.622417334428569,1766193698.5641508
0.11530040204524994,2.0989553928375244,0.508409857749939,0.006017687668531893,-0.0010050755969183407,-1.6223283774606345,1766193698.573929
0.11550818383693695,2.0990614891052246,0.5083096623420715,0.0070883105581195874,-0.0008324330219600373,-1.623501748150936,1766193698.5839674
0.11537571996450424,2.0990099906921387,0.5083504319190979,0.006441397368426338,-0.0009363491308486529,-1.6226205793131971,1766193698.594014
0.11529871076345444,2.098957061767578,0.508394718170166,0.0061162446895686685,-0.0010495650849140466,-1.6223114548499786,1766193698.603988
0.1153414249420166,2.0989677906036377,0.5084127187728882,0.006120075541853387,-0.0008934764209287244,-1.6226153840612096,1766193698.6139438
0.11552922427654266,2.099036693572998,0.5083158016204834,0.007183841609308757,-0.0009653746769770151,-1.623535583415492,1766193698.6140327
0.11541206389665604,2.0990166664123535,0.5083928108215332,0.006427610746258082,-0.0009534181544734651,-1.6226810013682116,1766193698.6339629
0.11586932837963104,2.099146604537964,0.508372962474823,0.007734849995925235,-0.0007509063909672662,-1.6243583284135306,1766193698.634049
0.11555944383144379,2.0990848541259766,0.5082449913024902,0.007257792435919968,-0.0007300394557852946,-1.623485778268804,1766193698.643922
0.11541623622179031,2.09904408454895,0.508324146270752,0.006543249703842418,-0.0008730573300360437,-1.6228104905721903,1766193698.6538966
0.11634117364883423,2.099424362182617,0.5078963041305542,0.00985417358578444,-0.00016993763615236795,-1.6266699107885152,1766193698.6639311
0.1162150502204895,2.0988504886627197,0.5076609253883362,0.009487213149651464,-0.0009582738490358995,-1.6257216907432075,1766193698.6639566
0.11629019677639008,2.099381685256958,0.5079066753387451,0.0096257787012115,-0.00031492531609007184,-1.6264090603155663,1766193698.6738935
0.11538833379745483,2.0989508628845215,0.5083515644073486,0.006691405435282167,-0.000949481507891761,-1.6230052722398427,1766193698.6839914
0.11539708077907562,2.098989963531494,0.5083625316619873,0.006698618367657198,-0.0009975444121962948,-1.622962348392551,1766193698.693939
0.11542834341526031,2.0989480018615723,0.5083969235420227,0.006685848573772842,-0.0008971221965453689,-1.6230918631248572,1766193698.7039866
0.11541074514389038,2.09891676902771,0.5083631873130798,0.006512768726522223,-0.0008830782819049249,-1.6229114438277772,1766193698.7139595
0.11535800248384476,2.098900556564331,0.5083832740783691,0.006165354812755183,-0.0008984132275587091,-1.6224652438239353,1766193698.7239578
0.11535704880952835,2.0989394187927246,0.5083833336830139,0.006312139667094829,-0.0008697375921905045,-1.622586653742601,1766193698.733889
0.11553103476762772,2.098961591720581,0.5083362460136414,0.007077286212770512,-0.0009271479100297923,-1.623482852986955,1766193698.7339432
0.11543168872594833,2.0989506244659424,0.5083513259887695,0.006536018823748924,-0.0007647389321465859,-1.6227923380348652,1766193698.743919
0.1155507043004036,2.099013328552246,0.5082605481147766,0.00713016451592861,-0.0008562241724207828,-1.623258410837223,1766193698.753928
0.11534960567951202,2.0989439487457275,0.5083954334259033,0.005901621735698839,-0.0008663024520357247,-1.6221595929123462,1766193698.7639172
0.1153324693441391,2.0990090370178223,0.5083653330802917,0.0060094122519033346,-0.0009367577380264033,-1.6221450204334493,1766193698.7639382
0.11534925550222397,2.0989606380462646,0.5083839297294617,0.0059802293073450054,-0.0009968298846324652,-1.6222561544178091,1766193698.774028
0.11543818563222885,2.0989747047424316,0.5083465576171875,0.006489507227961714,-0.0008425175340321693,-1.622839541465662,1766193698.7839534
0.11541260778903961,2.098944664001465,0.5083618760108948,0.006366944457750841,-0.0008686174148754811,-1.622749502705864,1766193698.7939394
0.11547760665416718,2.099006414413452,0.5083134770393372,0.0067697157519923615,-0.0007782807115403492,-1.623156517768719,1766193698.8038943
0.11544069647789001,2.098996877670288,0.508330762386322,0.006744582258117797,-0.0009137326375271436,-1.6231146327038757,1766193698.8139393
0.11535157263278961,2.0989511013031006,0.5083878636360168,0.006285274485822501,-0.0009261479553057692,-1.6226501444673342,1766193698.8140192
0.11535587906837463,2.0989530086517334,0.5084075331687927,0.006342618717462327,-0.001062378650533305,-1.6226530533170687,1766193698.8239136
0.11631952226161957,2.0993969440460205,0.5079532861709595,0.009847917125869835,-0.00022790129140359927,-1.6266327551645403,1766193698.8339155
0.11624389886856079,2.0988051891326904,0.5076729655265808,0.009284537086696465,-0.000963489785060599,-1.6253193601040037,1766193698.843929
0.1163581907749176,2.099350690841675,0.5079255104064941,0.009824666323003056,-0.0002964584709553944,-1.6264948735061624,1766193698.853871
0.11545451730489731,2.0989856719970703,0.5083326697349548,0.006797840386619814,-0.0009821408288749982,-1.622908562136753,1766193698.8639674
0.1154051274061203,2.0989859104156494,0.5083485245704651,0.0063124031589102585,-0.0009637928637840429,-1.6225492598662277,1766193698.8641064
0.11553496867418289,2.099015235900879,0.5082720518112183,0.007127052344917583,-0.0008374404394715126,-1.6232518519335342,1766193698.87402
0.1153191477060318,2.098984718322754,0.5083978772163391,0.0060379348598349515,-0.000993472276769528,-1.6222011146912705,1766193698.883968
0.11535966396331787,2.0989816188812256,0.5083457827568054,0.006083237833515905,-0.0007642184681675586,-1.6223474955413977,1766193698.8939471
0.1153855174779892,2.0990142822265625,0.5083693265914917,0.006579699855331823,-0.000878609515851477,-1.6228760495799353,1766193698.903969
0.11628632247447968,2.09936261177063,0.507933497428894,0.00970320678610539,-0.00025828577386235535,-1.6266172670592345,1766193698.9139264
0.11620179563760757,2.0988662242889404,0.5076537728309631,0.00925799001770983,-0.0010617697617814864,-1.6254072453227142,1766193698.913982
0.11630147695541382,2.0994062423706055,0.5079210996627808,0.00975570622714212,-0.00021529698399658066,-1.6267256009134663,1766193698.9238513
0.11620522290468216,2.0988645553588867,0.5077093839645386,0.009194934892131327,-0.0008676120140815751,-1.625391720966183,1766193698.9338539
0.1153608113527298,2.098921537399292,0.5084128379821777,0.006383916757848663,-0.0010852071050399593,-1.6225621663200314,1766193698.9440048
0.11546317487955093,2.0989956855773926,0.5083075165748596,0.006970798845259094,-0.0009182344751081084,-1.6232230455007768,1766193698.9539053
0.11633129417896271,2.099400281906128,0.5079268217086792,0.009680050215127045,-0.00019727852877500493,-1.6264293379617538,1766193698.9639347
0.11627749353647232,2.0987613201141357,0.5076358318328857,0.009498343565504564,-0.0011122249037213336,-1.625429735539936,1766193698.9639902
0.11552027612924576,2.098987340927124,0.5082887411117554,0.007175460763716134,-0.0008828297541260778,-1.6234160481345945,1766193698.9738917
0.11526194214820862,2.0989651679992676,0.5083819627761841,0.005614063016964988,-0.0008962993874588104,-1.6217635569169835,1766193698.9839118
0.11550165712833405,2.0990023612976074,0.5083338022232056,0.007051170118970167,-0.0009500581978926448,-1.6232791909228588,1766193698.9939387
0.11551856994628906,2.0990288257598877,0.5083264708518982,0.007127009026390168,-0.0009103387413396341,-1.6233089418341713,1766193699.0039418
0.11546191573143005,2.0989973545074463,0.508315920829773,0.006619987485186712,-0.0007427068100099927,-1.6228888581107086,1766193699.013937
0.1152644157409668,2.098973035812378,0.5083922147750854,0.005884934353109975,-0.0009177838418912544,-1.6221248292839623,1766193699.0140183
0.11534715443849564,2.0989766120910645,0.5083327889442444,0.006589731548418151,-0.0009258772431218201,-1.6228453465777601,1766193699.0239515
0.11547251790761948,2.098994255065918,0.5083380937576294,0.006815049468957344,-0.000856149346517085,-1.6230809134335675,1766193699.0439754
0.11547285318374634,2.0989723205566406,0.5083072781562805,0.006858407018350376,-0.0008539209718519149,-1.6232182918316542,1766193699.0440307
0.1153908520936966,2.0990118980407715,0.5083228349685669,0.006384522330811311,-0.0009313428370417042,-1.6225270225513013,1766193699.053965
0.11540959775447845,2.0990235805511475,0.508385181427002,0.006600132471216973,-0.0009179274518595606,-1.6227118427549276,1766193699.063963
0.11583162099123001,2.0991342067718506,0.5083949565887451,0.007712634731209231,-0.0007861554784265556,-1.6243383830913642,1766193699.064034
0.11543874442577362,2.0989737510681152,0.5083250999450684,0.0065962622954151935,-0.0009235028871168052,-1.6227040204628163,1766193699.0739443
0.11562855541706085,2.0990545749664307,0.5082542300224304,0.00779517738269058,-0.0008674705174617394,-1.623924032636501,1766193699.0839832
0.11534951627254486,2.098954677581787,0.5084033012390137,0.006353517151320061,-0.001029961030007886,-1.6224744452399387,1766193699.093949
0.11536846309900284,2.098975419998169,0.5083532929420471,0.006295111260480495,-0.0008667545986374667,-1.6225524031819063,1766193699.1039765
0.11560910195112228,2.099059820175171,0.5082724690437317,0.007482869334248367,-0.0008370151204025964,-1.6238551977862778,1766193699.1139655
0.11585042625665665,2.0991036891937256,0.5083448886871338,0.007742571142455488,-0.0008851431114870566,-1.6243718366851478,1766193699.1140435
0.11564309895038605,2.0990891456604004,0.5081766843795776,0.00785546428252376,-0.0007491799695237559,-1.6241963074350276,1766193699.1239765
0.11532297730445862,2.0989491939544678,0.5083593130111694,0.006012331403597814,-0.0008196849625365433,-1.6223090973470633,1766193699.1340318
0.11537504196166992,2.0989792346954346,0.5083739757537842,0.0064554764108474385,-0.00086467131978513,-1.6228197808664497,1766193699.143989
0.1152750626206398,2.098989725112915,0.5084221363067627,0.006082636270980511,-0.0009857072304686047,-1.6223668933843627,1766193699.1540282
0.11525978147983551,2.0989301204681396,0.5084168910980225,0.005795922596579473,-0.0009233449220807684,-1.6222264902782013,1766193699.154084
0.11545500159263611,2.0990254878997803,0.5083344578742981,0.007085516609595598,-0.0009529121616566805,-1.6234610214212286,1766193699.1639664
0.11533662676811218,2.0989925861358643,0.5083968639373779,0.006230294640023689,-0.0008263882216565515,-1.6226567180345006,1766193699.1739843
0.11528673022985458,2.0989603996276855,0.5083857774734497,0.0058104809163878795,-0.0008290592731528019,-1.622083886385674,1766193699.1839519
0.11632636189460754,2.0993454456329346,0.5079389810562134,0.009741788191702239,-0.0003447953149285546,-1.6264257675741287,1766193699.1940098
0.11625435203313828,2.0987627506256104,0.5076474547386169,0.009369171456863957,-0.001010296641689199,-1.6253186227747896,1766193699.2039595
0.11616700142621994,2.0991573333740234,0.5082810521125793,0.008206668596986124,-0.0008996936429117846,-1.6247377008032535,1766193699.213981
0.1154024675488472,2.098938465118408,0.5083643198013306,0.006395357295722515,-0.0009825936563185318,-1.6225138643832366,1766193699.2140584
0.11538973450660706,2.098987579345703,0.5083795189857483,0.006503684122835233,-0.0009587035634562604,-1.6227550970294105,1766193699.2239559
0.11565980315208435,2.099132776260376,0.5081925392150879,0.007941438073686366,-0.0006977345045165044,-1.6242719497471008,1766193699.2339172
0.11544133722782135,2.099050998687744,0.5083130598068237,0.007008775858435654,-0.0008812153227703997,-1.6233104624090957,1766193699.2439456
0.11630420386791229,2.0994033813476562,0.5079037547111511,0.009747583756467901,-0.0002677353810571298,-1.626624911823354,1766193699.2540152
0.11620662361383438,2.0988292694091797,0.5076922178268433,0.009232568076107216,-0.0009779308965933541,-1.6255748167223385,1766193699.2639062
0.11552558839321136,2.0989975929260254,0.5082952380180359,0.007396154695639491,-0.0009032048466810622,-1.6237776516856843,1766193699.263964
0.11534681916236877,2.099003791809082,0.5083525776863098,0.006607883951139837,-0.0009482844181416448,-1.6229731813617339,1766193699.273933
0.11533258855342865,2.0989856719970703,0.5083401203155518,0.006445139822255026,-0.0009505706929860331,-1.6226520820798243,1766193699.2839463
0.11628127098083496,2.099379539489746,0.5079279541969299,0.009608496938309983,-0.00020799417374349648,-1.626273284360194,1766193699.2939115
0.116221122443676,2.0988028049468994,0.5076891183853149,0.009352579625542617,-0.0011583009420329852,-1.625350925930322,1766193699.3039312
0.11568044126033783,2.0990970134735107,0.5082182884216309,0.007908343843162795,-0.0007719240319282425,-1.6242134565729387,1766193699.3139067
0.11544401943683624,2.099025249481201,0.5083144903182983,0.0066858148089951695,-0.0008998325678979818,-1.6228180752280397,1766193699.3139708
0.11548402160406113,2.098980665206909,0.5083479881286621,0.006827155276208656,-0.000803731989856035,-1.6231573055366624,1766193699.3239853
0.11551496386528015,2.09901762008667,0.5083127021789551,0.0070493678094301895,-0.0009088081489851228,-1.6231335056055287,1766193699.3338966
0.11540323495864868,2.0989885330200195,0.5083949565887451,0.006561218330661426,-0.0009188571922235839,-1.6228199266574543,1766193699.353982
0.1153213158249855,2.0989556312561035,0.5083904266357422,0.0061227307312396225,-0.0008477200540652025,-1.622389510566034,1766193699.3540678
0.1153593584895134,2.0989251136779785,0.5083857774734497,0.006188744799948241,-0.000902609919564753,-1.622581127160296,1766193699.3639565
0.11520254611968994,2.0989694595336914,0.5084336400032043,0.005297035590626828,-0.0009573560174466971,-1.6215810860961148,1766193699.3640125
0.11541227996349335,2.098997116088867,0.5083128809928894,0.0064223701238179986,-0.0007222671553731944,-1.6226311789359156,1766193699.3739576
0.11624950170516968,2.0994250774383545,0.5078423619270325,0.00955606134893273,-0.00027442195557991094,-1.6262188563459943,1766193699.383968
0.11620451509952545,2.0988924503326416,0.5076742172241211,0.009292815530111175,-0.0009460237866216195,-1.6253463521336544,1766193699.3939059
0.11629579961299896,2.099428653717041,0.5078613758087158,0.009775508515868604,-0.00027540515557905056,-1.6265170178758013,1766193699.4039128
0.11615225672721863,2.0991790294647217,0.5082815289497375,0.008399150530149765,-0.0007521431309714026,-1.6251519863979238,1766193699.4138973
0.11622273921966553,2.0988311767578125,0.5076729655265808,0.009326230280288639,-0.001192170181229429,-1.6253829385141927,1766193699.4139497
0.11578550189733505,2.099090814590454,0.5081823468208313,0.00835070088112209,-0.0007150848474340223,-1.6247846515561721,1766193699.4239411
0.1153603345155716,2.0989773273468018,0.5083685517311096,0.006546775470972421,-0.0009546821449244083,-1.6226922893418887,1766193699.4338996
0.11539257317781448,2.098965883255005,0.5083991289138794,0.006427154094647411,-0.0008781961173958483,-1.6225584045130412,1766193699.4540203
0.1155322790145874,2.0989937782287598,0.5082899928092957,0.007311102901799718,-0.0009408271143670449,-1.6234104303357437,1766193699.454076
0.11543399095535278,2.0989601612091064,0.5083653926849365,0.006466760791059924,-0.0008239923273296993,-1.622712981469493,1766193699.4639752
0.1154421791434288,2.098992109298706,0.5083408951759338,0.00677284283472757,-0.0009396011052583685,-1.6228676725885007,1766193699.4640305
0.11535900086164474,2.0989623069763184,0.508378267288208,0.006022704574492656,-0.0008188365946270164,-1.6223027769131706,1766193699.4739168
0.1153845265507698,2.0990068912506104,0.5083312392234802,0.00646217035440921,-0.0009238731450390216,-1.6228714942306322,1766193699.483893
0.1154075339436531,2.0990002155303955,0.5083305835723877,0.006756494234983406,-0.0008718697316872716,-1.6229547058638043,1766193699.4940157
0.11529643088579178,2.0989487171173096,0.5083885192871094,0.005915563515783315,-0.0008404489884981062,-1.6222489053402434,1766193699.503951
0.11538279801607132,2.098996877670288,0.5083509087562561,0.0064812404952018935,-0.0007817977435848877,-1.6227585577379264,1766193699.5139334
0.11629170179367065,2.099379062652588,0.5079151391983032,0.009586338772717206,-0.00038760063101420545,-1.6262080252428297,1766193699.5139887
0.11624323576688766,2.098846673965454,0.5076659917831421,0.009287248806892799,-0.0009707029916360766,-1.6255680688562297,1766193699.5239935
0.11631704866886139,2.0993573665618896,0.5079110860824585,0.009615817882537204,-0.000293247331736652,-1.62622453038247,1766193699.5340207
0.11633272469043732,2.0994150638580322,0.5078607201576233,0.00978127405686357,-0.00029881449066118025,-1.6263467105220626,1766193699.543969
0.11625131219625473,2.098782777786255,0.5076478123664856,0.009470331871153804,-0.001142448519448259,-1.6252528633714705,1766193699.553979
0.11592509597539902,2.099069595336914,0.5083469748497009,0.007959887899335926,-0.0010595368166915237,-1.6244084911295744,1766193699.5639324
0.11559516191482544,2.0990333557128906,0.5082172751426697,0.007385427929604426,-0.0008560744713317763,-1.6236242544356045,1766193699.5639873
0.11556709557771683,2.098989725112915,0.5082620978355408,0.007265657799697685,-0.0007794205425234166,-1.623530902647238,1766193699.5739179
0.11550331860780716,2.099013328552246,0.5083279609680176,0.007002584877665444,-0.0008919347491914714,-1.6233320823728545,1766193699.583899
0.11556673049926758,2.0990591049194336,0.5082262754440308,0.007562571070047306,-0.0008018007962371953,-1.6238981132035675,1766193699.593933
0.11519446969032288,2.0989181995391846,0.5084304213523865,0.0053488174392269435,-0.0008942934965384808,-1.62167816823202,1766193699.6039386
0.11530206352472305,2.098982810974121,0.5083310008049011,0.006163042785641242,-0.0008591551861960052,-1.6224195012571063,1766193699.613947
0.11530008167028427,2.0989768505096436,0.5083509087562561,0.0060675092102443874,-0.0009188305559657419,-1.6221678489036586,1766193699.6140316
0.11526913195848465,2.098977565765381,0.5083928108215332,0.005862336875504588,-0.000800857274719704,-1.6221483343610639,1766193699.6238558
0.1162693202495575,2.0994417667388916,0.5078779458999634,0.009847935843535239,-0.0002806544328174714,-1.6264285222341928,1766193699.6339138
0.11621703207492828,2.098832368850708,0.5076187252998352,0.009483195018275867,-0.001037487014028768,-1.6255198539226252,1766193699.6438546
0.11633659899234772,2.0994176864624023,0.5078756213188171,0.009906344026790694,-0.0002933987598798663,-1.6267297350717382,1766193699.6538765
0.11550203710794449,2.098982572555542,0.5083061456680298,0.007081306680493733,-0.0008662488045503032,-1.6233526093709514,1766193699.663924
0.11532516777515411,2.0989205837249756,0.508393406867981,0.00597103521188606,-0.0009291145097863725,-1.6222648021244221,1766193699.6639807
0.11546724289655685,2.0989651679992676,0.5083535313606262,0.006795515080471104,-0.0008600645528667807,-1.623127632244468,1766193699.673937
0.11634933948516846,2.0993947982788086,0.5078927278518677,0.010017531117508565,-0.00022368270323572847,-1.6267971327635953,1766193699.6839871
0.11626123636960983,2.098842144012451,0.5076565146446228,0.009361526725006715,-0.0009328845862492034,-1.6255752795430525,1766193699.69398
0.11535996943712234,2.0989487171173096,0.5083451271057129,0.006128162942803681,-0.0008075557101387192,-1.6224115669923167,1766193699.7040086
0.1154174879193306,2.098951578140259,0.5083515644073486,0.006493409603108457,-0.0008567676208023125,-1.622685191584237,1766193699.714025
0.11535762995481491,2.0989742279052734,0.5083311796188354,0.006349308624844645,-0.0008544994618683549,-1.622533162052033,1766193699.7140853
0.11554370075464249,2.099034547805786,0.5082381367683411,0.0072706806289652495,-0.0006979338687637929,-1.62364048339259,1766193699.7240086
0.11627833545207977,2.0994536876678467,0.5078798532485962,0.009577900008304201,-0.00025409245062054845,-1.6261899255944798,1766193699.7339334
0.1162155419588089,2.098799705505371,0.5076741576194763,0.009183119895147852,-0.0010272925793422204,-1.6252310496450229,1766193699.7439702
0.11547059565782547,2.0989952087402344,0.5083678960800171,0.006804705024775724,-0.0008492478721264623,-1.6229516207497325,1766193699.7540348
0.11532940715551376,2.0989890098571777,0.5083768367767334,0.006358685158237686,-0.0009673743054715917,-1.622411178750938,1766193699.7639382
0.11544018983840942,2.098994255065918,0.5083515644073486,0.007027233774854877,-0.0010077030180771008,-1.6232313155428892,1766193699.7640116
0.11541617661714554,2.0989866256713867,0.5084090232849121,0.006774100532514146,-0.000957214139048614,-1.6230092271021488,1766193699.7739484
0.1154039204120636,2.0989487171173096,0.5083593130111694,0.006639380125894258,-0.0009044237442128912,-1.6228851888854587,1766193699.783969
0.11526550352573395,2.098921298980713,0.5084384083747864,0.005772651856213827,-0.0009268940341082471,-1.6219131485544753,1766193699.793914
0.11532893031835556,2.0989181995391846,0.5083702802658081,0.006099980915665376,-0.0009044803137154242,-1.622224485967556,1766193699.803948
0.11539387702941895,2.098945379257202,0.5083645582199097,0.006446838273385885,-0.0008705603496386711,-1.6227036812312683,1766193699.804113
0.11535383760929108,2.0989673137664795,0.5084065794944763,0.006150663865865462,-0.0009964549046626483,-1.6223743884201638,1766193699.8139157
0.1154494658112526,2.0989949703216553,0.5083114504814148,0.0067639626981633415,-0.0008792034198844969,-1.6229807096842028,1766193699.8239367
0.11535719782114029,2.098984956741333,0.5083298683166504,0.006469612616563531,-0.0008669665760034261,-1.6226372343557467,1766193699.833892
0.11533690243959427,2.0989339351654053,0.5083895921707153,0.006137945092810193,-0.0011158999822545763,-1.6222306401216506,1766193699.8439376
0.11534388363361359,2.0989537239074707,0.5084025263786316,0.006420699660149046,-0.0010807186886248076,-1.622688912967929,1766193699.85394
0.1153242215514183,2.0989654064178467,0.5083654522895813,0.006287948939846698,-0.0009656633267969978,-1.6225697414812323,1766193699.8639495
0.11630004644393921,2.09938907623291,0.5079168081283569,0.009750468719190154,-0.0003901257065305395,-1.6264314741376191,1766193699.864005
0.11620204150676727,2.098829746246338,0.507632315158844,0.009445538172862008,-0.0011390914502203088,-1.6253843806563542,1766193699.8739123
0.11630943417549133,2.0994317531585693,0.5079417824745178,0.009830311955805134,-0.00027470697935521584,-1.6264688778637801,1766193699.883942
0.1155364066362381,2.0989792346954346,0.5083318948745728,0.007158604895982717,-0.000807403817433447,-1.6234602892870666,1766193699.8938873
0.11547733843326569,2.0989866256713867,0.5083674788475037,0.0069361058757834385,-0.0010272404404376703,-1.6231422869941206,1766193699.9039304
0.11532191932201385,2.0989584922790527,0.5084438323974609,0.00578308183663412,-0.0008931476287878939,-1.6220650896078894,1766193699.913939
0.11529463529586792,2.098917245864868,0.5084167122840881,0.005812361764708339,-0.0008905059813565026,-1.622050588229295,1766193699.9140172
0.11526510864496231,2.0989601612091064,0.5083963871002197,0.005752376811409737,-0.000873987618430885,-1.6219297624887585,1766193699.9239495
0.11534035950899124,2.098992109298706,0.5083666443824768,0.006295546278356259,-0.0009780926287750542,-1.6225647239580527,1766193699.9338958
0.11535969376564026,2.098991870880127,0.5083587169647217,0.0064921432680551325,-0.0009108285865134753,-1.6228530005995419,1766193699.943937
0.11532062292098999,2.0989372730255127,0.5083493590354919,0.0059851119494012325,-0.0008486494811410088,-1.622437763371648,1766193699.95401
0.11529012769460678,2.0989277362823486,0.5083819031715393,0.005867104750824603,-0.0008348240614807041,-1.6220690051416429,1766193699.9639583
0.115327849984169,2.0990207195281982,0.5083217620849609,0.006488634908254822,-0.0008878062278044548,-1.622727030224203,1766193699.9640136
0.11535052955150604,2.098964214324951,0.5083650946617126,0.00621660850449291,-0.0008447373275137884,-1.6223797662229027,1766193699.9739046
0.11546999961137772,2.0989530086517334,0.5082910656929016,0.007088460273683505,-0.0008795530394204319,-1.6234594145808157,1766193699.9838917
0.11633582413196564,2.0993590354919434,0.507946789264679,0.009929930923185365,-0.00032498665249554857,-1.626723573376021,1766193699.9938893
0.11621154844760895,2.0988335609436035,0.5076891183853149,0.009339012360858021,-0.0010163827412512142,-1.6255980001788883,1766193700.0039701
0.11632049083709717,2.0993905067443848,0.5078874826431274,0.01003347303942346,-0.00030652597279265853,-1.626806741759411,1766193700.0139577
0.11633065342903137,2.0993924140930176,0.5079058408737183,0.009956002573655403,-0.0004536528192959377,-1.6266468958500802,1766193700.0140357
0.11625439673662186,2.098815441131592,0.507674515247345,0.009460584634068838,-0.0009509796398913179,-1.6256628682869854,1766193700.0238173
0.11546507477760315,2.098989725112915,0.5082990527153015,0.0067412997589875396,-0.0007339872576339278,-1.6229877120747171,1766193700.0339093
0.11539851129055023,2.098996877670288,0.5083335041999817,0.006324380549441921,-0.0007962524727547597,-1.6224684623545627,1766193700.0439177
0.11547840386629105,2.0989699363708496,0.508301317691803,0.006910654859215646,-0.0008368333634376636,-1.623144139548713,1766193700.053914
0.1154523640871048,2.098961591720581,0.5083474516868591,0.006534623138431424,-0.0008847903893508957,-1.6226885116454515,1766193700.0639625
0.11527088284492493,2.0989558696746826,0.5083850622177124,0.005966538694340899,-0.000875116593201563,-1.622150970063423,1766193700.0640168
0.11532022058963776,2.0990066528320312,0.5083474516868591,0.006183200802143215,-0.0009308127489446631,-1.6222983964919389,1766193700.0738182
0.11537496000528336,2.099034070968628,0.5083422660827637,0.006686522296065113,-0.0009505640645675872,-1.6228159721748412,1766193700.0839257
0.11545107513666153,2.0990371704101562,0.5083276033401489,0.0069464698484268585,-0.0009153884547944473,-1.6230039486698737,1766193700.0939155
0.11552035808563232,2.0990192890167236,0.5082942247390747,0.007277764343462766,-0.0007565602329804681,-1.623577456034963,1766193700.103967
0.1155131384730339,2.0989811420440674,0.5082991719245911,0.007374554449905135,-0.0008426321693009772,-1.6236518613577247,1766193700.1139176
0.1153867244720459,2.0989646911621094,0.508388102054596,0.006620735067232311,-0.0009706710107420076,-1.622737324043822,1766193700.1139712
0.11532586067914963,2.0990004539489746,0.5083938837051392,0.006159822257674335,-0.0009447231865043709,-1.6222291139221665,1766193700.1239045
0.1163313090801239,2.0993735790252686,0.5078872442245483,0.009841986133825482,-0.0002191624087269109,-1.6265255322914396,1766193700.1339397
0.11626263707876205,2.0988614559173584,0.5076801180839539,0.009347306144835659,-0.0008575417939095556,-1.625346643075208,1766193700.143957
0.11633443832397461,2.0993757247924805,0.5079193115234375,0.009991625308906266,-0.0003805647507039691,-1.6265599382891478,1766193700.153913
0.11540952324867249,2.0989794731140137,0.5083121061325073,0.0066437758125417684,-0.0008879625964171168,-1.622763965327668,1766193700.1639693
0.11530430614948273,2.0989742279052734,0.5083633065223694,0.005997619405877221,-0.000946979926380475,-1.6220693268138557,1766193700.1640246
0.11625058948993683,2.0994138717651367,0.5078954100608826,0.009530047407430223,-0.00029532300394134443,-1.6260945697324463,1766193700.1738636
0.11624594032764435,2.0988354682922363,0.5076519846916199,0.009384179735193534,-0.0009149468705219081,-1.6255465334346217,1766193700.183984
0.11535970866680145,2.098911762237549,0.5083955526351929,0.006300404220763839,-0.0009532759249664197,-1.6224447435292002,1766193700.1939588
0.11534662544727325,2.0989646911621094,0.508367121219635,0.006352154360136267,-0.0008309551295777515,-1.6225059374193516,1766193700.203993
0.11550193279981613,2.099005937576294,0.5082991719245911,0.007310888931424595,-0.0009038077054138718,-1.6235773371520281,1766193700.2140248
0.1154208555817604,2.0990042686462402,0.5083411931991577,0.0068050569508471175,-0.000923644880475528,-1.6229992620368336,1766193700.2140808
0.11535339802503586,2.0989830493927,0.5083745121955872,0.0064475016450336155,-0.0009644904733873749,-1.6225700007237454,1766193700.2238495
0.11560007929801941,2.099062442779541,0.5082597732543945,0.007640517640243806,-0.0006997059415962443,-1.6239034068637777,1766193700.2339182
0.11549459397792816,2.098947525024414,0.5083093047142029,0.006984905248081855,-0.0008804910926434795,-1.623079654068984,1766193700.2439864
0.11545880138874054,2.098998785018921,0.5083646178245544,0.006906152484762482,-0.0010052643794568183,-1.6230655433814598,1766193700.253947
0.11548853665590286,2.0990426540374756,0.5083195567131042,0.007190747519947478,-0.000858772091040721,-1.6233394845288032,1766193700.2639487
0.11540815234184265,2.099027156829834,0.5083456039428711,0.006697235459625166,-0.0009454309125404453,-1.6227969028838278,1766193700.2739882
0.11540069431066513,2.099008083343506,0.5083405375480652,0.006742578385003772,-0.0009761189040442947,-1.6228886925225687,1766193700.2740755
0.11528655886650085,2.0989925861358643,0.5083844065666199,0.005946463432605032,-0.0009413993345554879,-1.6220476100931032,1766193700.2840004
0.11560433357954025,2.0990538597106934,0.50825434923172,0.007485821560296698,-0.0007022421605084552,-1.623785124831516,1766193700.2939239
0.11538383364677429,2.0990149974823,0.5083445310592651,0.006540004806020021,-0.0008975709989221405,-1.622694545250294,1766193700.3039374
0.11523810029029846,2.098947763442993,0.5083885192871094,0.0055593909191546005,-0.0008101620749039523,-1.6217557825080686,1766193700.3140252
0.11533457040786743,2.0989811420440674,0.5083663463592529,0.00625935453205795,-0.000907845152343573,-1.6223611839276824,1766193700.3140903
0.11537931114435196,2.09897518157959,0.5083483457565308,0.006364652551324892,-0.0008392575743290115,-1.6226046255714432,1766193700.323996
0.11543670296669006,2.098951816558838,0.5083498358726501,0.0066830147200103345,-0.0009481316965607048,-1.6228583765088378,1766193700.334017
0.11552365124225616,2.099003791809082,0.508307695388794,0.007179818338490093,-0.0009335298169160561,-1.6233670722654023,1766193700.343977
0.11529364436864853,2.0989553928375244,0.5083909034729004,0.006183643751737891,-0.001009055291113753,-1.6223739382135915,1766193700.3540137
0.11535294353961945,2.0989859104156494,0.5084397196769714,0.006367077167612763,-0.0009612652097242777,-1.6224434568391588,1766193700.3639905
0.11571555584669113,2.099095344543457,0.5084320306777954,0.007478399371961314,-0.0009268083186311322,-1.623816825139929,1766193700.373949
0.115402951836586,2.0989654064178467,0.5083904266357422,0.00654526182570309,-0.0009960423933093637,-1.62276645744406,1766193700.3741596
0.11538432538509369,2.0989303588867188,0.5083976984024048,0.006280561750994252,-0.0008916407667573295,-1.6224339142952362,1766193700.3839302
0.11542948335409164,2.0989911556243896,0.508341372013092,0.0068331431203088435,-0.0009759957608679999,-1.6230567983974413,1766193700.393892
0.11532910168170929,2.098961114883423,0.5083613991737366,0.006306973689819866,-0.0009372499050551888,-1.6224202415660143,1766193700.4039822
0.11631199717521667,2.099419116973877,0.5078539848327637,0.009695620932046263,-0.00029765723889153703,-1.6263233210599215,1766193700.4140265
0.11622244119644165,2.098869800567627,0.5076618194580078,0.009276725627218532,-0.0009155368453479814,-1.6252670178457906,1766193700.414085
0.1163153201341629,2.0994155406951904,0.5078980326652527,0.009559791907830809,-0.00017127498881164895,-1.626266685822808,1766193700.423943
0.11537567526102066,2.099015474319458,0.5083155632019043,0.006539554484434129,-0.0008283293597626293,-1.6227354665870366,1766193700.4340336
0.11553962528705597,2.099006414413452,0.5082758665084839,0.007371898435753984,-0.0008107148096297911,-1.623633523568154,1766193700.4439633
0.11524344235658646,2.0989463329315186,0.5083895325660706,0.0059239262657874775,-0.0009760690428481346,-1.6221336236328356,1766193700.4539602
0.11578723043203354,2.0990796089172363,0.5083627104759216,0.007589966501211473,-0.000817151438388894,-1.6241429748802312,1766193700.4639804
0.1162702888250351,2.0993990898132324,0.507875382900238,0.009577654697042552,-0.0002652990499479121,-1.6262266636923606,1766193700.473972
0.11624323576688766,2.0988056659698486,0.5076701641082764,0.00935311725500054,-0.0010367724484671007,-1.6254093016119593,1766193700.4740555
0.11532537639141083,2.09897780418396,0.5084041953086853,0.006375051246368828,-0.0009324043196984433,-1.6224674861725878,1766193700.483974
0.11549253016710281,2.0989580154418945,0.5083426833152771,0.006874525114219732,-0.0009193886577806929,-1.6231192794796576,1766193700.4940255
0.11542994529008865,2.099029541015625,0.5083834528923035,0.006790141506303566,-0.0009490845457508299,-1.622942679914782,1766193700.5039773
0.11552909016609192,2.098996639251709,0.5083467364311218,0.006935128934786742,-0.0007938030709082185,-1.6232005845339528,1766193700.5139856
0.11539189517498016,2.0989456176757812,0.5083962678909302,0.006219910426611887,-0.000891251407996843,-1.6224144010105812,1766193700.514058
0.1153019368648529,2.09895920753479,0.5083767175674438,0.005851523431762546,-0.0008511838980413201,-1.622042318938889,1766193700.5239296
0.11532598733901978,2.098961114883423,0.5083491206169128,0.00613961498456528,-0.0008017515332189422,-1.6225323054103946,1766193700.5338852
0.11556214839220047,2.099052906036377,0.5082613229751587,0.00740684762949586,-0.0007947029739905238,-1.6238378013991839,1766193700.5439415
0.11533844470977783,2.0989603996276855,0.5083333253860474,0.006484437287568032,-0.0010083923392513261,-1.6227271687199947,1766193700.5539515
0.11540253460407257,2.0989809036254883,0.5083210468292236,0.00679030287907381,-0.0010176897358398205,-1.6229418973359535,1766193700.5639966
0.11541493982076645,2.0989835262298584,0.5083539485931396,0.006649836235785991,-0.0009588003449522253,-1.6227600723388453,1766193700.564052
0.11636655032634735,2.0993998050689697,0.5079049468040466,0.00974587707058856,-0.00023324262806467691,-1.6263497561907438,1766193700.5739477
0.11621672660112381,2.098824977874756,0.5076361894607544,0.009407785225537538,-0.0010571429038371033,-1.625405212612061,1766193700.584007
0.11617644131183624,2.099114179611206,0.5082446932792664,0.008279332916988588,-0.0009223204047272065,-1.6249355780030523,1766193700.5939748
0.11541549116373062,2.098956823348999,0.5083926916122437,0.006496921053204025,-0.0008966755845715752,-1.6228491626543287,1766193700.6040018
0.11634540557861328,2.099360942840576,0.5078969597816467,0.009771071868430731,-0.0002723386499904604,-1.626555458625899,1766193700.6140103
0.1162167638540268,2.0988736152648926,0.5076524019241333,0.009250794695263416,-0.0009651367405366306,-1.6253871451017714,1766193700.6140652
0.1153884157538414,2.098979949951172,0.5084037184715271,0.006570005244408643,-0.0010019625158850796,-1.6228258560718842,1766193700.6239882
0.11538779735565186,2.098959445953369,0.508354127407074,0.006387164098693661,-0.0008546997625077902,-1.6227686106778925,1766193700.6339884
0.1152273565530777,2.0989723205566406,0.5084194540977478,0.005681093124431119,-0.001027010808959745,-1.6220014985614926,1766193700.6439736
0.11537386476993561,2.099003791809082,0.5083068013191223,0.006382416251821554,-0.0008183905104886955,-1.622727089861559,1766193700.6540153
0.11544696241617203,2.0989763736724854,0.5083174705505371,0.00664613199483323,-0.0008467466620957143,-1.6230603047513532,1766193700.6639962
0.11545759439468384,2.099013090133667,0.5082922577857971,0.006926005348861131,-0.0008608495070481598,-1.6231236551624186,1766193700.664053
0.11536193639039993,2.098968744277954,0.5083532929420471,0.0065517481539961436,-0.001010594502670698,-1.6227444175912629,1766193700.6839697
0.11633501946926117,2.099376678466797,0.5079010725021362,0.009831690121009658,-0.000245012216229814,-1.6264928497937448,1766193700.6840258
0.11624548584222794,2.098771333694458,0.5076547265052795,0.009389671911840312,-0.001035572107960808,-1.6254675891379748,1766193700.694019
0.1163196861743927,2.0993921756744385,0.5079083442687988,0.009776027393094572,-0.000213472044652379,-1.6266638674454423,1766193700.703989
0.116230808198452,2.0987720489501953,0.5076313018798828,0.009459176998089808,-0.0011717364114134418,-1.6253255990976159,1766193700.7040453
0.1162758320569992,2.0993802547454834,0.5079061388969421,0.009595103791714575,-0.0003860413545618364,-1.6261832276591652,1766193700.713941
0.11533749848604202,2.098891019821167,0.5084164142608643,0.0060414857196661,-0.0008755162152086614,-1.6223610520830054,1766193700.72401
0.11545675992965698,2.0989644527435303,0.5083374381065369,0.006867098985737507,-0.0010011301910255001,-1.6232141686151325,1766193700.7340176
0.11529288440942764,2.098973512649536,0.5084066390991211,0.005900537879481266,-0.0009191298749844912,-1.6221046856263097,1766193700.7439969
0.11539322882890701,2.0989737510681152,0.5083271861076355,0.006450799489737269,-0.000804012616628085,-1.6227791050025668,1766193700.7539363
0.11539141833782196,2.0990004539489746,0.5083798170089722,0.006505149715531005,-0.0009570409653008623,-1.6226618331425844,1766193700.7540226
0.11527368426322937,2.0989160537719727,0.5083945989608765,0.005860110836166549,-0.0008246946490367888,-1.6220587698301037,1766193700.7639303
0.11532633006572723,2.0990188121795654,0.5083453059196472,0.006480920409967573,-0.0008572840755801237,-1.6227403370872244,1766193700.7839172
0.11527558416128159,2.0989644527435303,0.5083744525909424,0.005978437748520702,-0.0008455912412616464,-1.6223008941326398,1766193700.7839441
0.11525127291679382,2.098970413208008,0.5083791017532349,0.005976580939697262,-0.000981756088899381,-1.6222160529264826,1766193700.794012
0.11534959077835083,2.098994016647339,0.5083621740341187,0.006540411372662219,-0.0009436380438542022,-1.6227792693325944,1766193700.8039894
0.11631263792514801,2.099411725997925,0.5078570246696472,0.009938611322184352,-0.00035300100946877405,-1.6265321250996005,1766193700.813927
0.1162249818444252,2.0988190174102783,0.5076666474342346,0.009412309532403067,-0.00114662631732383,-1.6254082551930242,1766193700.8139832
0.11636391282081604,2.0994246006011963,0.5079025626182556,0.010058685224102932,-0.0003356016552235131,-1.6266742514097474,1766193700.823987
0.11568690091371536,2.0990633964538574,0.5082036852836609,0.008021073770767663,-0.0008135734976734689,-1.6242233777767736,1766193700.8340223
0.11546587944030762,2.0989551544189453,0.5083493590354919,0.006655829435906096,-0.000885368335144338,-1.6229622043347502,1766193700.8439827
0.11566657572984695,2.0990238189697266,0.5082758069038391,0.007569470626538324,-0.0008215290223575268,-1.6239167377977461,1766193700.8538787
0.1153268814086914,2.0989975929260254,0.5084093809127808,0.006242150536261476,-0.0009420020801722286,-1.6225269764410064,1766193700.8639934
0.11527030169963837,2.0989866256713867,0.5083795785903931,0.0057787287742497384,-0.0009460135100835435,-1.6219405262018294,1766193700.8640485
0.11520683765411377,2.0989277362823486,0.5084362626075745,0.005511020774757198,-0.0010137877544394408,-1.6218432609231002,1766193700.8740115
0.11525414884090424,2.0989341735839844,0.5084161758422852,0.0059784840561890795,-0.0008530480762490429,-1.6224147495097299,1766193700.8840208
0.11532119661569595,2.098921298980713,0.508375346660614,0.006018557697736265,-0.0008710222072167753,-1.6223159135819891,1766193700.894024
0.11534170806407928,2.0990076065063477,0.5084007382392883,0.005985635344059518,-0.0007827313606233457,-1.6221114078632357,1766193700.903993
0.11552735418081284,2.0990498065948486,0.508270263671875,0.0073380078781602265,-0.000845466269189677,-1.6235090912983707,1766193700.9139726
0.11560510843992233,2.0990517139434814,0.5082535147666931,0.0075668924293234505,-0.0007229185583030228,-1.6237605352630002,1766193700.914103
0.11549275368452072,2.099010467529297,0.5083213448524475,0.006998779952270502,-0.0009408514414786904,-1.6231405045103318,1766193700.9239967
0.11539075523614883,2.098954439163208,0.5083584189414978,0.0065734935246546606,-0.0009724541386867816,-1.622666812666234,1766193700.9340103
0.1158529594540596,2.099104166030884,0.5083835124969482,0.007793264165461766,-0.0009900428699546784,-1.6241771452883165,1766193700.9439838
0.11552062630653381,2.0989792346954346,0.5083281993865967,0.007006335486432401,-0.0008761714139971451,-1.623344681878851,1766193700.9539323
0.1163272112607956,2.099407434463501,0.5078692436218262,0.009907792474627046,-0.0002774413447864611,-1.6265154616377782,1766193700.9639823
0.11621291935443878,2.0988340377807617,0.5076723098754883,0.00936922853285407,-0.0011430493299016326,-1.6254395780636324,1766193700.9640374
0.1162591278553009,2.0994224548339844,0.5079281330108643,0.009662949866039303,-0.00034477632960640086,-1.6263411663532,1766193700.9739623
0.1163163036108017,2.0994558334350586,0.5078569650650024,0.009825722973084774,-0.00013035919209408844,-1.6266162495480696,1766193700.9839573
0.11618511378765106,2.0989017486572266,0.5076592564582825,0.009267084958864132,-0.0009462322979445877,-1.62541826575997,1766193700.9939845
0.11534316837787628,2.099010467529297,0.5083431005477905,0.006437718365016953,-0.000896682922552567,-1.6225900923684888,1766193701.0039637
0.11551270633935928,2.0990335941314697,0.5082805156707764,0.0072290048734343195,-0.0008595813330592947,-1.6234751861747034,1766193701.013931
0.11533241719007492,2.09894061088562,0.5083720684051514,0.006091313523685025,-0.0008476621820548877,-1.6224642046240088,1766193701.014012
0.11527456343173981,2.0989530086517334,0.5083823204040527,0.00596944729722963,-0.0010078472058918295,-1.6221283476540322,1766193701.023972
0.11526188999414444,2.098964214324951,0.508396327495575,0.005769741605519385,-0.0008508034884924916,-1.622006688070331,1766193701.03402
0.11524378508329391,2.0989065170288086,0.5084335207939148,0.005587983396885004,-0.000900570244323466,-1.6218959417382086,1766193701.0439808
0.11547830700874329,2.0989668369293213,0.5083433985710144,0.0069417183686226805,-0.0008657290443984394,-1.6231484705183437,1766193701.0540185
0.11548876017332077,2.0989768505096436,0.5083237290382385,0.0070097427018314985,-0.0008481855428976215,-1.6232077277567836,1766193701.0639877
0.11541330814361572,2.0989320278167725,0.5083885192871094,0.006568563227689678,-0.0008874454025411033,-1.6228256477728484,1766193701.0640435
0.11583155393600464,2.099104404449463,0.5083825588226318,0.007709991694427687,-0.0009365321479235573,-1.624080254402376,1766193701.0740206
0.11539115011692047,2.0989787578582764,0.5083693861961365,0.006451075524202375,-0.000854218387504939,-1.622643844385007,1766193701.0839648
0.11535105109214783,2.098982334136963,0.5083939433097839,0.006358637925151742,-0.0009716236239048696,-1.622570308884482,1766193701.094051
0.11539436131715775,2.098986864089966,0.5083341002464294,0.00643685814769337,-0.0009746505378891336,-1.6225274412838997,1766193701.1039968
0.11534641683101654,2.098926305770874,0.5083357691764832,0.006259242454971332,-0.0009673733380466007,-1.6225901384057178,1766193701.11394
0.1152564212679863,2.0989673137664795,0.5083979368209839,0.005814812601007802,-0.0009408603805862695,-1.6219022497423348,1766193701.1140192
0.11526337265968323,2.098949432373047,0.5084102153778076,0.0059556058717230255,-0.0009442557283866874,-1.6221262931302465,1766193701.1239855
0.1152149885892868,2.098930597305298,0.5083972811698914,0.005570014326335214,-0.00084646167132816,-1.6217708181397077,1766193701.1340172
0.11528654396533966,2.098940849304199,0.5083606243133545,0.005943433177730318,-0.0007823247149349992,-1.622184745094321,1766193701.1439836
0.1163158267736435,2.099360942840576,0.5078808665275574,0.009988402095656495,-0.00038289549356198085,-1.6265298419384533,1766193701.1540241
0.1161908209323883,2.098862648010254,0.5076622366905212,0.009413918666329816,-0.0009926230958131326,-1.6254088794347081,1766193701.1540797
0.11634121835231781,2.099393129348755,0.5078405141830444,0.010025250636822584,-0.0003430791664779374,-1.6266661800148867,1766193701.1639452
0.11544010043144226,2.098940849304199,0.508376955986023,0.006641063782511538,-0.000888195101501374,-1.622819109712213,1766193701.1739883
0.11534395068883896,2.0989484786987305,0.5083830952644348,0.0060926514578557725,-0.0009827835073901747,-1.6222247211906744,1766193701.1939766
0.11530464142560959,2.0989058017730713,0.5084196329116821,0.005602397697471216,-0.0009435560582616189,-1.6217700926270116,1766193701.1942205
0.11542470008134842,2.0989394187927246,0.5083345174789429,0.0067241217942044015,-0.001030859826663811,-1.622937685872253,1766193701.2039807
0.11531469970941544,2.098928928375244,0.5084265470504761,0.006010813028225488,-0.0009979671766469876,-1.6222803726540531,1766193701.2040367
0.11528821289539337,2.098961591720581,0.5083749294281006,0.006053710783721686,-0.0009486168949877183,-1.6223983861975064,1766193701.2140195
0.1152268797159195,2.0989041328430176,0.5084283947944641,0.005684475082160682,-0.0008793965341465035,-1.6221166855269937,1766193701.223939
0.11552130430936813,2.0990498065948486,0.5082696080207825,0.007345835080292641,-0.0007987610998310047,-1.6236633166694519,1766193701.234019
0.11626742780208588,2.0994019508361816,0.5078731775283813,0.009655469848211426,-0.0002957601799970378,-1.6262228677533666,1766193701.243971
0.11621259897947311,2.098856210708618,0.5076577067375183,0.009199760745889895,-0.0008409450418717138,-1.625186520466433,1766193701.2539616
0.11631734669208527,2.099402666091919,0.5078514814376831,0.00988215442704549,-0.00020003080856765605,-1.6265832109523974,1766193701.263952
0.11621027439832687,2.0987725257873535,0.5076584219932556,0.009518013232189584,-0.001186309434254842,-1.6253865096405804,1766193701.2640073
0.11629146337509155,2.0993547439575195,0.5078982710838318,0.00972213439596142,-0.0002656917399907436,-1.626440474290387,1766193701.2739873
0.11554205417633057,2.0989816188812256,0.5082689523696899,0.007431042835706693,-0.0009005640823222163,-1.6235796701215068,1766193701.2839727
0.11638373136520386,2.099384307861328,0.5078805685043335,0.009981396197257813,-0.00014630663736335788,-1.626750611285929,1766193701.293972
0.11622883379459381,2.0987496376037598,0.5076202750205994,0.009411933711752564,-0.001075347044034585,-1.6253848995673725,1766193701.3039947
0.11544270068407059,2.0989701747894287,0.508346438407898,0.006766640227843496,-0.0009949234512850566,-1.6228098426025894,1766193701.313983
0.11534637212753296,2.098906993865967,0.5083988904953003,0.006199260105248602,-0.000860516111348666,-1.622417922154597,1766193701.3141804
0.11534523963928223,2.098902702331543,0.5083926320075989,0.006343069137996609,-0.001019017121497424,-1.6224932937991137,1766193701.3239286
0.11539100110530853,2.0989902019500732,0.5083500146865845,0.006531096153441162,-0.0009382709336664749,-1.6226799987931506,1766193701.3339152
0.11535792797803879,2.0989935398101807,0.5083733201026917,0.00648037386332596,-0.0009681018246657208,-1.6226512308917596,1766193701.3439517
0.11538727581501007,2.0989067554473877,0.508370578289032,0.006297422366875652,-0.0009657938930623293,-1.6225815524168887,1766193701.3540404
0.11521662026643753,2.0990192890167236,0.5083864331245422,0.005685625639871922,-0.0008939033127674675,-1.621916886387054,1766193701.3639417
0.11527474224567413,2.0989861488342285,0.5084020495414734,0.006021191703532829,-0.0008580683917908033,-1.6221167953232676,1766193701.364
0.11545503884553909,2.098985433578491,0.5083461999893188,0.006838829960120135,-0.0008927433603426371,-1.6231547495759446,1766193701.3739855
0.11538584530353546,2.0989596843719482,0.5083669424057007,0.006542132991241362,-0.0009589821156578415,-1.6226577259792718,1766193701.383996
0.1162954717874527,2.099324941635132,0.5079095363616943,0.009715819235696914,-0.0003120491030414593,-1.6263137834096464,1766193701.3939872
0.11622850596904755,2.0988142490386963,0.5076649188995361,0.009456519166336748,-0.0010607950629396138,-1.6253974214608855,1766193701.403994
0.11637610197067261,2.0993645191192627,0.5079218745231628,0.009951214352793138,-0.000273224450577674,-1.62660399694588,1766193701.4140136
0.11577775329351425,2.099088430404663,0.508372962474823,0.007637722198789713,-0.0009054536953903259,-1.6239669292329821,1766193701.4141624
0.11565036326646805,2.0990138053894043,0.5082477331161499,0.007706060839604231,-0.0007572606629260659,-1.62395248328701,1766193701.4239957
0.11635476350784302,2.0994200706481934,0.5078675746917725,0.009965902731661157,-0.0002809021660624784,-1.6266049711471537,1766193701.4339886
0.11620739102363586,2.0988330841064453,0.5076319575309753,0.009393897826998518,-0.0010226639853419504,-1.6252854660385638,1766193701.4439728
0.11575992405414581,2.0990920066833496,0.5083686709403992,0.007452981789008021,-0.0008348156672613528,-1.6238926994370184,1766193701.4539585
0.11537924408912659,2.098937749862671,0.5083743929862976,0.006288351433421879,-0.0008568759709450826,-1.6227425951879835,1766193701.463988
0.11532702296972275,2.0989203453063965,0.5083897709846497,0.00611013266730733,-0.0008901402636483787,-1.622458867262774,1766193701.464044
0.11535105854272842,2.098963975906372,0.5083654522895813,0.006524110134069697,-0.0009683121764198949,-1.622871840726342,1766193701.4739265
0.11534106731414795,2.098909854888916,0.5083669424057007,0.006212775689239948,-0.000928743004586727,-1.6224743002459996,1766193701.483913
0.11542290449142456,2.0990025997161865,0.5083281993865967,0.006809954933143456,-0.0009790172559525998,-1.6230030828567168,1766193701.4939728
0.11538540571928024,2.0989065170288086,0.5083298087120056,0.006380875251981322,-0.0008923022749538812,-1.6226575913371937,1766193701.503964
0.11534643173217773,2.098936080932617,0.5083621144294739,0.006393841572202087,-0.0008861802196887819,-1.6224857302111722,1766193701.513938
0.11578456312417984,2.099050760269165,0.5081701874732971,0.00829410534479004,-0.0007008819945959885,-1.6246036879714651,1766193701.5140126
0.11547038704156876,2.0989294052124023,0.508293628692627,0.006775950762783968,-0.0008195798195259251,-1.6229753661578474,1766193701.5239282
0.115683913230896,2.0990331172943115,0.5082159042358398,0.007727751473964263,-0.000688756790463045,-1.6239213680578546,1766193701.533929
0.11556185781955719,2.0990054607391357,0.5082529783248901,0.007443345160120998,-0.0009141943790565732,-1.6234660571839163,1766193701.5439842
0.11555215716362,2.099027633666992,0.508267343044281,0.00757468386071865,-0.0008969660947661031,-1.6238256201680348,1766193701.5540166
0.11541174352169037,2.0989701747894287,0.5083204507827759,0.00663085667590964,-0.0008839958934936784,-1.622913193106604,1766193701.5639663
0.11527363955974579,2.0989139080047607,0.5083768963813782,0.0060659753380222226,-0.0010477969483895463,-1.6223009654219722,1766193701.564027
0.11541857570409775,2.0990116596221924,0.5083103775978088,0.006737015927667432,-0.0009277991259669517,-1.6229340568029618,1766193701.5738714
0.11530076712369919,2.098968982696533,0.5083324313163757,0.006233998748241272,-0.0009357092667113766,-1.622424670841254,1766193701.5839496
0.1152615025639534,2.0989720821380615,0.5084007382392883,0.005877997008827227,-0.000977502004743362,-1.6219133547303028,1766193701.6039324
0.11630387604236603,2.0993993282318115,0.5078964233398438,0.0098186405995722,-0.00038918778298637527,-1.626581345543138,1766193701.603988
0.1162128672003746,2.09889817237854,0.5076482892036438,0.00923767794298243,-0.000666295459474715,-1.6253809439578193,1766193701.6139157
0.11631058156490326,2.0993664264678955,0.5078657269477844,0.009686841612037068,-0.00031773846827166035,-1.626297021887553,1766193701.6139746
0.11547072231769562,2.0989887714385986,0.5083364844322205,0.007071801216034994,-0.0009654998884710636,-1.6232005850131122,1766193701.6338665
0.11635838449001312,2.0993800163269043,0.5078942775726318,0.009893313799975883,-0.00028519550556353464,-1.6264835415475203,1766193701.633887
0.11623484641313553,2.098763942718506,0.5076571702957153,0.009377877651579849,-0.001161034727091587,-1.62517783444599,1766193701.6438468
0.11571502685546875,2.099062442779541,0.5084192156791687,0.007314772621442354,-0.0009253141384660217,-1.6235623230241663,1766193701.6538434
0.11557718366384506,2.0989997386932373,0.5082669854164124,0.0075328285542007115,-0.0008519902171689878,-1.6236621793836585,1766193701.6639717
0.11633138358592987,2.099372625350952,0.5079100131988525,0.009915556658815957,-0.00035917699890841454,-1.6263969692684446,1766193701.6640334
0.11622987687587738,2.098802328109741,0.5076572895050049,0.009179147148009839,-0.0009644781121204512,-1.6251768760160525,1766193701.6739347
0.11534677445888519,2.0989458560943604,0.5083351135253906,0.006404684674775151,-0.0009796854056051232,-1.6225020580595455,1766193701.683917
0.11539454013109207,2.0989603996276855,0.5083408355712891,0.006413291544032045,-0.0008361628855376148,-1.6226177989983286,1766193701.6939085
0.1153644323348999,2.0989739894866943,0.5083250403404236,0.006465666455414126,-0.0008071026539081586,-1.6226599768973975,1766193701.7039232
0.11534329503774643,2.098985195159912,0.5083224177360535,0.006614585281816512,-0.0009470461595280257,-1.6228711488507457,1766193701.713927
0.11527279019355774,2.098991870880127,0.5083784461021423,0.006010232344687923,-0.000896841790408198,-1.6222425461635597,1766193701.7139575
0.1153775304555893,2.098963499069214,0.5083696842193604,0.006515855950569764,-0.0010403318506536125,-1.6226809161986706,1766193701.7239301
0.11533818393945694,2.0989015102386475,0.5084286332130432,0.006079646004248431,-0.0009796950024104118,-1.6222335598670958,1766193701.733949
0.11547025293111801,2.0989654064178467,0.5082777142524719,0.0072452064082192714,-0.0009659244653503818,-1.6233079440869151,1766193701.7439659
0.11561904847621918,2.0990331172943115,0.5082281827926636,0.007777854312663375,-0.000926202833603116,-1.6239128710914543,1766193701.753946
0.11547346413135529,2.09900164604187,0.5083281993865967,0.006765877142503482,-0.0009600480733844693,-1.622775572528537,1766193701.754032
0.11533872783184052,2.0989601612091064,0.5083611011505127,0.00627498557962409,-0.0009505633910776125,-1.6223415937456984,1766193701.7639618
0.11580581218004227,2.0990798473358154,0.5083736777305603,0.007475599168697789,-0.000802144424916023,-1.6238745407121515,1766193701.773951
0.11548434942960739,2.0990166664123535,0.5083086490631104,0.006880432317099175,-0.0008479140612123303,-1.6229243330941183,1766193701.783975
0.11630816757678986,2.099379062652588,0.5078775882720947,0.009755407271026226,-0.0002845393250615526,-1.626423622242853,1766193701.793964
0.11621199548244476,2.0988121032714844,0.5076544880867004,0.009494346654233803,-0.0011283244262068062,-1.6254874098691614,1766193701.8039658
0.11628714203834534,2.0994014739990234,0.507903516292572,0.009599153060319096,-0.000378693490527132,-1.6262858221446126,1766193701.813934
0.11524249613285065,2.0989644527435303,0.5083812475204468,0.005869779717644961,-0.0009783712260023887,-1.6221248316147836,1766193701.8140152
0.11530067026615143,2.0989623069763184,0.5083691477775574,0.00636396250867556,-0.0010233098101496323,-1.622686080835681,1766193701.8239665
0.1153985932469368,2.098992109298706,0.5083670616149902,0.006692220268382085,-0.0009615778774836716,-1.6230350830117617,1766193701.8339806
0.11537409573793411,2.0990078449249268,0.5083003640174866,0.006753723546621888,-0.0008850226344991056,-1.6229843460508673,1766193701.8439784
0.11583651602268219,2.0991251468658447,0.5083196759223938,0.00792118412579768,-0.0008229197062627056,-1.624370084077715,1766193701.853949
0.11544332653284073,2.098973035812378,0.5082802176475525,0.006820429953461716,-0.0007311521641347511,-1.6229840281638424,1766193701.8640556
0.11530076712369919,2.0989556312561035,0.5083795189857483,0.006160028825761102,-0.0009314624052391083,-1.6223032751457003,1766193701.864112
0.11580382287502289,2.0990781784057617,0.5083699822425842,0.007676667383071886,-0.000908347876271372,-1.6240426902707736,1766193701.8739517
0.1161763072013855,2.0991010665893555,0.5082876086235046,0.008190601026148787,-0.0008635920166857584,-1.6248108186618226,1766193701.8839788
0.11619114875793457,2.099119186401367,0.5082882642745972,0.008387723002816665,-0.0008371000077886959,-1.6250497963262562,1766193701.8939478
0.1162860095500946,2.0994303226470947,0.5078356862068176,0.009818667774476956,-0.00020872339658839018,-1.6265101240176956,1766193701.9040008
0.11620881408452988,2.0988717079162598,0.5076366662979126,0.009323866371052954,-0.0007867839335304114,-1.6254013661463025,1766193701.9138987
0.1161099523305893,2.0991909503936768,0.5082542896270752,0.008321955585908118,-0.0008880467370398119,-1.6250619461942801,1766193701.9139583
0.11543422937393188,2.099005937576294,0.5082988739013672,0.00677078298317764,-0.0007994735428396288,-1.6230758108144474,1766193701.9239316
0.11526156216859818,2.0989580154418945,0.5083531141281128,0.005978726929147009,-0.0009662845070406286,-1.622230933686172,1766193701.9339535
0.11535392701625824,2.0989956855773926,0.5083889365196228,0.00660261383999215,-0.000982866226647331,-1.6228210040312536,1766193701.9439886
0.11525412648916245,2.0989432334899902,0.508432924747467,0.005681253301134887,-0.0008597582793155573,-1.6219099553891905,1766193701.9539795
0.11577094346284866,2.0990688800811768,0.5083718299865723,0.007624205285677384,-0.0008701291829784321,-1.6241764179497535,1766193701.9639654
0.11628426611423492,2.0993595123291016,0.5078951120376587,0.009743160477466548,-0.0003852859627626906,-1.6262846339632666,1766193701.9640212
0.11623604595661163,2.0988688468933105,0.5076436400413513,0.009526727073117617,-0.0009638745960117292,-1.6255795719286,1766193701.9740736
0.11611607670783997,2.099081039428711,0.5083144903182983,0.008249723580507028,-0.0010932181568917409,-1.624624771598416,1766193701.9839487
0.11613370478153229,2.099118947982788,0.5082700252532959,0.008261758474196128,-0.000841361241277587,-1.6247986235843803,1766193701.9939446
0.11534719169139862,2.0988872051239014,0.5083757638931274,0.006069271313828551,-0.0009516822712066112,-1.6221489786669867,1766193702.0039318
0.1163458377122879,2.099388599395752,0.507880687713623,0.009960232523684944,-0.0003969126693822828,-1.6264782957231103,1766193702.013927
0.11623929440975189,2.0988690853118896,0.5076398849487305,0.00956152403535703,-0.000949157887287503,-1.6255392948580512,1766193702.0139823
0.11539426445960999,2.0989577770233154,0.5083164572715759,0.006429115992524024,-0.0009953275629962463,-1.6224212591228349,1766193702.0239527
0.1153491660952568,2.0989205837249756,0.5083438158035278,0.006185456107357982,-0.001084248788609845,-1.622318771915955,1766193702.033967
0.11525453627109528,2.0988452434539795,0.5084242224693298,0.005680107891412933,-0.001224744342402921,-1.621709383135783,1766193702.043954
0.11524491757154465,2.0987303256988525,0.5083730816841125,0.005826086709439416,-0.001278029645426977,-1.621844808210871,1766193702.0539486
0.1153053343296051,2.0986928939819336,0.5084086656570435,0.005927631500217282,-0.0014703642931811654,-1.6219895559211104,1766193702.0639677
0.1152932345867157,2.098508596420288,0.5083901882171631,0.005749125324107326,-0.0014879415638212156,-1.6217783253043638,1766193702.0640244
0.11522434651851654,2.0983920097351074,0.5084266662597656,0.005513325058599605,-0.0016502734395262375,-1.621468194808096,1766193702.073954
0.11554040014743805,2.098316192626953,0.5082816481590271,0.007016158219523091,-0.0014813125440560836,-1.622667171426316,1766193702.0839794
0.11523681879043579,2.097960948944092,0.5084188580513,0.0056581461161415054,-0.001499672172943395,-1.6209977249968166,1766193702.0939627
0.11550088971853256,2.0977985858917236,0.5082197785377502,0.0076488122314686035,-0.0013787676543529906,-1.6222673666095124,1766193702.1039324
0.11599072813987732,2.0983848571777344,0.5078999996185303,0.010234274889631101,-0.00019640102066747716,-1.6257304769726961,1766193702.113954
0.11591356992721558,2.0964674949645996,0.5075483918190002,0.00860301157023782,-0.0025069441397088756,-1.62075816610119,1766193702.1140344
0.1157805398106575,2.0975821018218994,0.5079354643821716,0.009870315215479456,1.192400930680683e-05,-1.6237731813041296,1766193702.1239626
0.11527641862630844,2.0964133739471436,0.5081536769866943,0.008180913596446935,-0.0009653814993037078,-1.619364021620582,1766193702.133974
0.11477505415678024,2.0958287715911865,0.5085355043411255,0.005979148744348466,-0.001085294406068906,-1.6159000525703742,1766193702.1439915
0.11498069018125534,2.0955538749694824,0.5084959864616394,0.007165481379181163,-0.0009320847567860981,-1.6158864926855423,1766193702.1539862
0.1148979663848877,2.095108985900879,0.5085437297821045,0.007166195213694095,-0.0010824154550672501,-1.6143374078396173,1766193702.164037
0.11537773907184601,2.0949840545654297,0.5080456733703613,0.00951566794605068,-0.0007111785297690737,-1.6153883655281247,1766193702.1640937
0.11533771455287933,2.092705249786377,0.5076375603675842,0.008528107822402375,-0.004371927587735332,-1.6083545110769404,1766193702.174019
0.11496537923812866,2.093496322631836,0.5085569024085999,0.008836836265359395,-0.0020391097215401045,-1.6096343560445894,1766193702.1839745
0.11425922065973282,2.0929248332977295,0.5081828832626343,0.008212846418364483,-0.0008535230520714621,-1.6073041209088843,1766193702.194028
0.11411130428314209,2.0923573970794678,0.5082465410232544,0.00786442307592784,-0.001049999436178979,-1.6050089423755893,1766193702.2039762
0.11358029395341873,2.0915331840515137,0.5085439085960388,0.006244767948407568,-0.000965542176751347,-1.6008598388612305,1766193702.2139807
0.11287657916545868,2.0911288261413574,0.5085679292678833,0.0022778442370478343,-0.0006528419264045379,-1.5945558239441846,1766193702.2141798
0.11264187842607498,2.0904653072357178,0.5085260272026062,0.002880818493533841,-0.0004217310414468101,-1.5925103425029594,1766193702.2239537
0.11399371176958084,2.089341878890991,0.5089480876922607,0.00879053288669678,-0.0028540372147919145,-1.5932637373495744,1766193702.2339532
0.1122216209769249,2.089054822921753,0.5086755752563477,0.0030825300844771913,-0.0007680564672070577,-1.5876359857643496,1766193702.2439837
0.11192182451486588,2.0883638858795166,0.5085881948471069,0.002446281956953103,-0.0009143237795650253,-1.5847238155197576,1766193702.2539418
0.11139467358589172,2.0876615047454834,0.5082826614379883,0.0017079152255680388,-0.0006640968652737501,-1.5811645635120708,1766193702.2639606
0.11124767363071442,2.086888551712036,0.5082940459251404,0.001959352790076614,-0.00018391079938238558,-1.5783609608101858,1766193702.2640145
0.11106012761592865,2.0861213207244873,0.5082842111587524,0.0016091281040471867,-0.00014941391251179845,-1.5753696383598885,1766193702.2739527
0.1110072210431099,2.085202932357788,0.5085783004760742,0.0018775858201162802,-0.00041236096218467944,-1.5726082707455182,1766193702.2839396
0.11053064465522766,2.084381341934204,0.5082955956459045,0.0017384168203892715,-0.00019655287449834566,-1.5686189372774992,1766193702.294012
0.1103181391954422,2.0835623741149902,0.5081453919410706,0.002174023020342125,-0.00032841454330018817,-1.5657150300472344,1766193702.3039815
0.11005668342113495,2.082655429840088,0.5083797574043274,0.0018466278009556078,-0.0004739358023099243,-1.5622904896706535,1766193702.3140118
0.10995768755674362,2.0815930366516113,0.5083560943603516,0.00197632022640428,-0.0006040914939368644,-1.5593679786483623,1766193702.3140688
0.10949062556028366,2.080810070037842,0.508177638053894,0.001848577338247365,-0.00046087760697927657,-1.5556852721067302,1766193702.3239908
0.10932323336601257,2.079794406890869,0.5083855986595154,0.0019178379422992386,-0.00042199329485494396,-1.5524213664734476,1766193702.3339822
0.10904533416032791,2.078932046890259,0.5082248449325562,0.001489550832436903,-0.0006185184078925097,-1.5487272326997317,1766193702.3439376
0.10892069339752197,2.0780327320098877,0.5084623098373413,0.0016258244231728309,-0.0007526263772119381,-1.5448993287513915,1766193702.3540134
0.10856997966766357,2.07700777053833,0.5086064338684082,0.002005770229988908,-0.0005600808133129727,-1.5403993126452422,1766193702.3639789
0.1085352748632431,2.0760116577148438,0.5090119242668152,0.00281492497836527,-0.0005668631968266189,-1.5375481026527638,1766193702.3640342
0.10791616141796112,2.0751113891601562,0.5084540247917175,0.001170036876398505,-0.0005016735355857294,-1.5327455775058294,1766193702.3739357
0.10749171674251556,2.073920488357544,0.5082465410232544,0.0015387021044170764,-0.0005222026597130836,-1.5284803992537894,1766193702.3840034
0.10720710456371307,2.0729734897613525,0.5083339214324951,0.0013275063677570301,-0.0007997283854641269,-1.5242899275926034,1766193702.3939795
0.10693473368883133,2.071861743927002,0.5082721710205078,0.0016205474397808582,-0.0007198062595131266,-1.520107096498516,1766193702.4039888
0.10917922109365463,2.070930242538452,0.5078145265579224,0.01238677532109518,-0.000861269404892854,-1.5263374426833538,1766193702.4140184
0.11445176601409912,2.0757977962493896,0.5059708952903748,0.05730056706549718,0.011086085368941458,-1.6025286927050753,1766193702.423989
0.11582900583744049,2.085655450820923,0.5011193156242371,0.08014513244995296,0.03694984348051797,-1.647386854811967,1766193702.4240441
0.11539459228515625,2.0878989696502686,0.4996931850910187,0.08436533563186206,0.044818059678606526,-1.6532099201667652,1766193702.4340234
0.11534255743026733,2.089815139770508,0.49893951416015625,0.08899440720557572,0.05212347748285113,-1.660851869610237,1766193702.443978
0.11529846489429474,2.086591958999634,0.49987345933914185,0.08547190798015153,0.04741775702217747,-1.6476124740275329,1766193702.4540095
0.1146552562713623,2.0858936309814453,0.49964654445648193,0.08502972581149763,0.04803139218215858,-1.6426654016475613,1766193702.4639869
0.10957813262939453,2.059260606765747,0.5109854936599731,0.03339880147880928,-0.011563184832280346,-1.531892347745173,1766193702.4640422
0.1139039397239685,2.0840392112731934,0.4993811845779419,0.0860762165016381,0.049987354536689704,-1.6354338553200414,1766193702.474013
0.10890039056539536,2.056009531021118,0.5108510851860046,0.03339618137139628,-0.012368583916743857,-1.521432924766977,1766193702.4839878
0.10788872838020325,2.0557966232299805,0.5105980634689331,0.02888797943822332,-0.010600815024467308,-1.5086974121698706,1766193702.4940147
0.10448981821537018,2.057767629623413,0.5081667304039001,0.006089471658439795,-0.0009774857817818588,-1.4664553112625314,1766193702.5039964
0.10743620991706848,2.053330421447754,0.5107514262199402,0.02999174312838549,-0.010544412021432251,-1.5016393827135694,1766193702.5140133
0.10720206052064896,2.0523595809936523,0.5106934309005737,0.03000177966304736,-0.01054657535029531,-1.4972178225247499,1766193702.523988
0.10738156735897064,2.050358295440674,0.5109841823577881,0.03307095688556775,-0.012173464168182338,-1.4969958212473784,1766193702.524042
0.10229574143886566,2.053196430206299,0.5083554983139038,0.00109777581182529,-0.00048069962129090475,-1.4424954232851752,1766193702.5340343
0.1028287410736084,2.0516576766967773,0.5082855820655823,0.003726893266983001,-0.001639186630067227,-1.4386641759035668,1766193702.54399
0.10266807675361633,2.0505871772766113,0.5082516074180603,0.004027355437230078,-0.0012964162852169012,-1.4339789370602556,1766193702.554022
0.10248729586601257,2.049485921859741,0.5083614587783813,0.004073749835338844,-0.0013527115520413056,-1.4300521568825095,1766193702.5639365
0.10234710574150085,2.0485408306121826,0.508292555809021,0.0042033458776135485,-0.0014456838069773045,-1.4259739981373056,1766193702.5639923
0.10214709490537643,2.04750394821167,0.508220911026001,0.004846966226715002,-0.00140564421723845,-1.4222505965673256,1766193702.57393
0.10209916532039642,2.0462779998779297,0.5083245635032654,0.005171917416335941,-0.0015001704409597358,-1.4185958797369167,1766193702.5839882
0.10198201984167099,2.04533052444458,0.5083460807800293,0.005573061827798353,-0.0014374026415801924,-1.41464819550541,1766193702.5939746
0.10179369151592255,2.0444211959838867,0.5083280205726624,0.005587898513655472,-0.0013857096077455027,-1.4106865089794292,1766193702.603991
0.10237713158130646,2.043093204498291,0.5086332559585571,0.0067820150868024365,-0.002898105171079595,-1.4081846246561773,1766193702.6139824
0.10161130130290985,2.042451858520508,0.508246898651123,0.005274021306502682,-0.001349457507953192,-1.403329614362939,1766193702.6239712
0.10179571062326431,2.041236162185669,0.5085033774375916,0.006042571638421752,-0.001985277895592638,-1.400955901067694,1766193702.624027
0.1010231003165245,2.0413129329681396,0.5084027647972107,0.001809501581056819,0.0016206359876187089,-1.3904889744834705,1766193702.634013
0.10086660087108612,2.0396056175231934,0.5086191892623901,0.003026442670942949,-0.0005915066267832246,-1.3911998087368862,1766193702.643997
0.10095390677452087,2.0391218662261963,0.5086885690689087,0.0023625619533525215,0.0007377317742729941,-1.3855000274680143,1766193702.6539378
0.10092323273420334,2.038320779800415,0.5085106492042542,0.0019901426098671623,0.0009817093482029989,-1.3825888233617407,1766193702.6639957
0.10095596313476562,2.036935567855835,0.5089943408966064,0.0035486305111083814,-1.0518370492216806e-05,-1.38173041176121,1766193702.6640518
0.10028883814811707,2.036285161972046,0.5097238421440125,0.008316270706917329,-0.0030399420695735443,-1.3804553436984444,1766193702.673938
0.10030882060527802,2.0355064868927,0.5098855495452881,0.008174369940872016,-0.003040166194602322,-1.3783420340908967,1766193702.683916
0.10039668530225754,2.0345733165740967,0.5099645853042603,0.008697927485846798,-0.0030795321764779914,-1.3769581969888818,1766193702.6939201
0.10096728801727295,2.0334677696228027,0.5087499022483826,0.004201196443484017,-0.0008869455326596471,-1.3766801644015974,1766193702.7039902
0.1011493057012558,2.032515287399292,0.5087755918502808,0.003633736092519567,-0.0008668555968118785,-1.3754173589768346,1766193702.7140133
0.10130617022514343,2.031540870666504,0.5087429881095886,0.0037673000540339873,-0.0008850524702426865,-1.3743683186494107,1766193702.7140696
0.10266470909118652,2.029980182647705,0.5085837841033936,0.007509322696699131,-0.0037071935309485734,-1.3783469699882973,1766193702.7239306
0.10638520121574402,2.0229477882385254,0.5128452777862549,0.030099577699457612,-0.01164726239914217,-1.4162385543925622,1766193702.7339568
0.10188518464565277,2.028942346572876,0.5087348222732544,0.0024464661473487795,-0.0007298110900765221,-1.3725159062762673,1766193702.7439888
0.10241766273975372,2.027737855911255,0.5086601972579956,0.003088796242701142,-0.0013644058758318183,-1.3736083918686,1766193702.7540112
0.10269580781459808,2.0267181396484375,0.5086725950241089,0.0032400662902072924,-0.0012454068485223601,-1.3737762299657732,1766193702.7639909
0.10294149816036224,2.025749444961548,0.508734941482544,0.003780364522234065,-0.0017350140864603911,-1.3744259605704146,1766193702.76405
0.10316921025514603,2.0248568058013916,0.508758544921875,0.004227178824417933,-0.0019993600423623085,-1.3748825469162447,1766193702.7738795
0.10351258516311646,2.0236775875091553,0.5088011026382446,0.004241885445443977,-0.0019648935634473106,-1.3753757027558229,1766193702.7839801
0.10382700711488724,2.0225512981414795,0.5088726878166199,0.004287089523998575,-0.0017629134161374796,-1.376062726187728,1766193702.7939672
0.10408274829387665,2.0215492248535156,0.5087916851043701,0.004350920391588151,-0.0016531016119592668,-1.37648821345269,1766193702.8039727
0.10473978519439697,2.020249605178833,0.5085828900337219,0.0029975152537764812,-0.0012521733053031984,-1.3774745022283972,1766193702.8139591
0.10504518449306488,2.0190422534942627,0.5087029933929443,0.003155757382321332,-0.001123363016219603,-1.3784186402843268,1766193702.8141046
0.10554248094558716,2.017914295196533,0.5089083909988403,0.0034075078674511055,-0.0006167618824568585,-1.3783323819873123,1766193702.8340044
0.10515496134757996,2.0169565677642822,0.5099719166755676,0.008510995130040992,-0.0032396698436093223,-1.380338513072672,1766193702.8340747
0.10559578239917755,2.0156750679016113,0.5098543763160706,0.008235945820748734,-0.003216569678353826,-1.381364446705557,1766193702.8438497
0.1064373254776001,2.0140187740325928,0.5090035200119019,0.004633885325008462,-0.001491099837260365,-1.3835130674041707,1766193702.8539615
0.10706847161054611,2.0124356746673584,0.5086594223976135,0.0032892725176788006,-0.0011996716693045424,-1.385322167677987,1766193702.8639727
0.10751567780971527,2.0109739303588867,0.5086957812309265,0.003299176123235725,-0.0016882120569379582,-1.3868765162709196,1766193702.8640285
0.10794439911842346,2.009453058242798,0.5086820721626282,0.002989281265792067,-0.0017237997602854817,-1.3881659129895287,1766193702.8739054
0.10832150280475616,2.0079739093780518,0.509011447429657,0.0050881200702583545,-0.0027116893942632694,-1.389825775267827,1766193702.883966
0.10823836922645569,2.0067214965820312,0.509853720664978,0.00822775067232414,-0.0044269555447194004,-1.3905867047158913,1766193702.8939586
0.10872669517993927,2.0050835609436035,0.5100725889205933,0.008730145047012106,-0.004132175711998598,-1.392215788800176,1766193702.9039845
0.1102542132139206,2.00276255607605,0.5085504651069641,0.005210725682454147,-0.003486438796983256,-1.3968995217347373,1766193702.913959
0.11141566932201385,2.0008065700531006,0.5093172192573547,0.008057776439123006,-0.005540408842372138,-1.3995491565834661,1766193702.9140434
0.11095422506332397,1.9994227886199951,0.5086474418640137,0.002671983434215003,-0.0021230054700186285,-1.3970096936078165,1766193702.933975
0.11159798502922058,1.9976407289505005,0.5090156197547913,0.0028968146347590497,-0.002192873192697063,-1.397194048811712,1766193702.9341617
0.1120133101940155,1.995592713356018,0.5086374282836914,0.002503055900355383,-0.002009899402429037,-1.4002404731044116,1766193702.943972
0.11252155900001526,1.993508219718933,0.5086377859115601,0.0028277860112260527,-0.0022405392086271556,-1.4020560464570575,1766193702.9539652
0.1131184846162796,1.9913374185562134,0.5085963010787964,0.004982344205254166,-0.0032420606058306714,-1.4055018893799986,1766193702.9639869
0.11437834054231644,1.9888607263565063,0.50885409116745,0.006233079803111487,-0.004878724002111838,-1.4075174750532817,1766193702.964043
0.1146991103887558,1.9869821071624756,0.5093098878860474,0.0074497411523609955,-0.005230973918457422,-1.4098009056220793,1766193702.9739585
0.1144840195775032,1.9851574897766113,0.5088548064231873,0.002402903440447936,-0.002356370093304598,-1.4091680787816587,1766193702.9839666
0.11524955183267593,1.9827767610549927,0.5088531970977783,0.0018322215593938797,-0.003037184692965802,-1.4090547737277461,1766193702.993985
0.11570759117603302,1.9805551767349243,0.5086545944213867,0.0021499480186009745,-0.0026972093366313286,-1.4109327137282233,1766193703.0039146
0.12032467126846313,1.9720861911773682,0.5123537182807922,0.026831757477913058,-0.01627122441818653,-1.4492637224003468,1766193703.014022
0.1209009662270546,1.971287727355957,0.5119416117668152,0.029159383610683674,-0.010832557892213174,-1.4579755440736308,1766193703.0140827
0.12198101729154587,1.9691213369369507,0.5113311409950256,0.032842854726380016,-0.016345608990869027,-1.4654778724183608,1766193703.023999
0.1227683573961258,1.9658348560333252,0.511424720287323,0.02906672651035845,-0.01752203555811705,-1.4589376195096662,1766193703.033888
0.12490182369947433,1.9627580642700195,0.5150908827781677,0.024947487727850975,0.005956106824573382,-1.4679055189268801,1766193703.0439012
0.12335532903671265,1.9628819227218628,0.5108001232147217,0.028824467585348776,-0.01313357642194113,-1.4643326769782556,1766193703.0540273
0.12429377436637878,1.9595956802368164,0.5110183358192444,0.03101857732906759,-0.014246079274715114,-1.4694805095818217,1766193703.063965
0.12501287460327148,1.9568756818771362,0.5110784769058228,0.03228576721337072,-0.014590759372998672,-1.4726161192275486,1766193703.064028
0.12527287006378174,1.9545828104019165,0.5109632015228271,0.029498565898276922,-0.013456017861863359,-1.4696085470298816,1766193703.0740268
0.1260710507631302,1.9514203071594238,0.5112148523330688,0.03012832272498183,-0.014162301006859284,-1.4722251802738595,1766193703.0839665
0.12883378565311432,1.9463847875595093,0.5153639316558838,0.02469703548409516,0.005446870709203889,-1.476596476576264,1766193703.0939364
0.12738847732543945,1.9460675716400146,0.5110859274864197,0.03017922252187202,-0.014224828594589407,-1.4741187225703112,1766193703.1039643
0.12821252644062042,1.9426969289779663,0.5112157464027405,0.03143338356794354,-0.015038901620925714,-1.478345776671201,1766193703.113958
0.12415748089551926,1.9435542821884155,0.5087066888809204,0.001393090777813163,-0.0031300369886121757,-1.4318654191315934,1766193703.1140416
0.12938238680362701,1.9379589557647705,0.5116048455238342,0.028647777422188644,-0.013316240342311148,-1.4788434519794609,1766193703.12395
0.13031817972660065,1.9342975616455078,0.5116530060768127,0.03063227697299314,-0.014441468698923316,-1.4816879492000878,1766193703.133929
0.13084237277507782,1.9300545454025269,0.5113972425460815,0.030292188315409165,-0.015451338032751602,-1.481004213576068,1766193703.1440036
0.13101017475128174,1.9275845289230347,0.5111390948295593,0.02787518009837143,-0.013634447391241096,-1.4776406969839395,1766193703.1539254
0.13381165266036987,1.9234474897384644,0.5145469307899475,0.02594804550948342,-0.0003426018479466334,-1.4855013744135532,1766193703.1639645
0.1328812837600708,1.9196698665618896,0.5117514133453369,0.027954727608465693,-0.016321335046837502,-1.4761794036249505,1766193703.164019
0.1333206593990326,1.9172382354736328,0.5116465091705322,0.03050414144227268,-0.014004768435267363,-1.4824950321124797,1766193703.1739452
0.13343951106071472,1.9147207736968994,0.5115206241607666,0.027292362653128188,-0.012340201366969656,-1.4764604744058056,1766193703.1839542
0.1358267068862915,1.9092018604278564,0.5156252384185791,0.022172796857554414,0.00759994970113024,-1.4785220501197474,1766193703.1938944
0.1347884237766266,1.9066038131713867,0.5118311643600464,0.027485045776436783,-0.015089278379309186,-1.4719041302943705,1766193703.203951
0.13534070551395416,1.9043601751327515,0.5118632912635803,0.030869030220958528,-0.013273790463355396,-1.4786469450758184,1766193703.2139184
0.13528795540332794,1.9018746614456177,0.5115331411361694,0.02686133219237529,-0.011541214504660235,-1.4699424349143486,1766193703.213934
0.13587544858455658,1.899110198020935,0.5120106339454651,0.02830364281916928,-0.011959872807952828,-1.4720892431242552,1766193703.2239408
0.13835515081882477,1.892889142036438,0.515630841255188,0.024290492770421453,0.005834119239969656,-1.4727887668708384,1766193703.2339761
0.13676224648952484,1.8912914991378784,0.5117848515510559,0.02887555723535145,-0.014396673343560639,-1.4659127391783817,1766193703.2438982
0.13275326788425446,1.8920069932937622,0.5093556642532349,0.00043340411156713967,-0.0026162554975106026,-1.4174995454966732,1766193703.2538996
0.13332778215408325,1.8886730670928955,0.5093729496002197,0.0018214962988131241,-0.0025654849170403254,-1.4142500845288999,1766193703.2639453
0.13758239150047302,1.8816694021224976,0.5116836428642273,0.02719885262028818,-0.01467336916489577,-1.4529236336514444,1766193703.2640007
0.13790953159332275,1.8783425092697144,0.5115758776664734,0.028234492217054357,-0.014819825649726094,-1.450189377556723,1766193703.2739725
0.1384499967098236,1.875575065612793,0.512217104434967,0.029212446053568982,-0.014733726819156944,-1.4497160123133215,1766193703.2840016
0.138790562748909,1.8709996938705444,0.5120270252227783,0.0298929111123752,-0.016062770274165496,-1.4441076437876446,1766193703.2939482
0.13902753591537476,1.8662269115447998,0.5142483711242676,0.027399256321773015,-0.004300339155221384,-1.4362628053706923,1766193703.3039708
0.13871172070503235,1.8651769161224365,0.5118667483329773,0.025520528530675646,-0.012838132803714096,-1.428095767093471,1766193703.3139095
0.13947853446006775,1.8610882759094238,0.5120924115180969,0.02759090931112719,-0.014200410677380192,-1.4267711965064984,1766193703.3139658
0.13983461260795593,1.8567218780517578,0.5122473835945129,0.02445011516008304,-0.015209786901284444,-1.4145193748650162,1766193703.3239686
0.14038226008415222,1.8529536724090576,0.5124176740646362,0.025500610785929027,-0.015989867015251596,-1.4108005012515021,1766193703.3439798
0.1403064876794815,1.8508130311965942,0.5121085047721863,0.02687975660655431,-0.013357511868179068,-1.409887103700741,1766193703.344035
0.1404377669095993,1.8476932048797607,0.5120113492012024,0.02674285745002117,-0.012501769421669074,-1.404527034272036,1766193703.3540277
0.14136818051338196,1.8420990705490112,0.5126792788505554,0.024245932314104986,-0.01760419063307477,-1.392396221649293,1766193703.3639984
0.14444777369499207,1.8339952230453491,0.51850825548172,0.01673694736607118,0.02611260057468168,-1.3888677009653063,1766193703.3640554
0.14438050985336304,1.8311113119125366,0.5171024799346924,0.0222676609036307,0.003833274165739801,-1.3855012718048634,1766193703.373913
0.14523352682590485,1.8284525871276855,0.5185126066207886,0.017369280500303425,0.025933654776483205,-1.381764932580292,1766193703.3839693
0.1435350477695465,1.8291058540344238,0.5148569345474243,0.02896169397297927,-0.0016000747743957803,-1.386109947205106,1766193703.3939366
0.1447528600692749,1.8244318962097168,0.5151258111000061,0.02414187592971307,-0.0055310916985699165,-1.373683230746918,1766193703.403968
0.1448093205690384,1.822079062461853,0.5148665308952332,0.022909988344990136,-0.006455192194454141,-1.3663848414503932,1766193703.4140217
0.13909265398979187,1.8265584707260132,0.5102542638778687,0.0021280406442059988,-0.001633234392677977,-1.3248570833305917,1766193703.4140806
0.14024659991264343,1.823366641998291,0.5101836323738098,0.002835217390491522,-0.0037146472504826305,-1.3210754247724645,1766193703.423926
0.14087453484535217,1.820360779762268,0.5100225806236267,0.001231904114575617,-0.0026214242033136535,-1.317289232054406,1766193703.4339805
0.14142322540283203,1.817910075187683,0.5104085206985474,0.0013564933575387285,-0.0022268803291806923,-1.3139131279046605,1766193703.4439442
0.14708209037780762,1.8082261085510254,0.515028178691864,0.02403352506446719,-0.004675111635974585,-1.3537126931120511,1766193703.4539342
0.14755131304264069,1.8057266473770142,0.5150482654571533,0.022765848695771092,-0.0057469358617638034,-1.3490674460531369,1766193703.46397
0.14780819416046143,1.8039665222167969,0.5145576596260071,0.021043806636748735,-0.0057819809764849085,-1.343526956669008,1766193703.4640257
0.14845256507396698,1.8017483949661255,0.5146310925483704,0.021011560493585615,-0.004439606073659722,-1.3420981724097003,1766193703.4739866
0.1477797031402588,1.8012068271636963,0.5130563378334045,0.017288806192642055,-0.008225686159006743,-1.3324127419259577,1766193703.4839997
0.149693101644516,1.7971240282058716,0.5147354006767273,0.021610311675882045,-0.00585357448647386,-1.3404880837058433,1766193703.4939678
0.15037396550178528,1.7946549654006958,0.5149983763694763,0.02244040838629184,-0.005860722451769036,-1.3405992677531218,1766193703.503997
0.15113747119903564,1.7924193143844604,0.5149490237236023,0.02312417817335554,-0.005394348187241104,-1.3413463945802537,1766193703.5139503
0.15181401371955872,1.790323257446289,0.5152530074119568,0.02103283399608243,-0.0088936364022006,-1.3369085205248568,1766193703.5140295
0.1516084522008896,1.7893961668014526,0.5141859650611877,0.019512348135641823,-0.007142666593475483,-1.3343383021189608,1766193703.523964
0.15155228972434998,1.7882343530654907,0.5132202506065369,0.018251474190549018,-0.011149408135223715,-1.3308509898299974,1766193703.5340405
0.15359896421432495,1.784229040145874,0.5149867534637451,0.023089571920570633,-0.007445411721121017,-1.3418537311085479,1766193703.5439453
0.15376856923103333,1.7825220823287964,0.5142953395843506,0.02135324618157091,-0.009281450417354536,-1.3386754800451646,1766193703.554043
0.15423913300037384,1.780897617340088,0.5143616795539856,0.020298726319740362,-0.007223220517327185,-1.337764870338113,1766193703.563918
0.15368515253067017,1.7807791233062744,0.5125035047531128,0.01853552925067235,-0.015819952829624135,-1.3330384748294475,1766193703.5639753
0.1515515148639679,1.7823147773742676,0.5105081796646118,0.001434821990428532,-0.006340693144406694,-1.3033344380034453,1766193703.5739594
0.15686333179473877,1.7737549543380737,0.515091598033905,0.022582620233481676,-0.008141276450271637,-1.34386218444165,1766193703.5839515
0.15658092498779297,1.7757896184921265,0.5145394802093506,0.022558025571009263,-0.011854775179621722,-1.350804603124318,1766193703.59393
0.15321297943592072,1.7762324810028076,0.5103097558021545,0.00015240498341784596,-0.003769725253299928,-1.303843905343839,1766193703.6039646
0.15380293130874634,1.7744086980819702,0.5098785758018494,-0.0007375888346844367,-0.0025027453521724195,-1.3038750823957672,1766193703.6139495
0.15830448269844055,1.7659379243850708,0.5133863091468811,0.02066309909120998,-0.01501445451896955,-1.3390625959940134,1766193703.6140254
0.16089676320552826,1.7619309425354004,0.5150794386863708,0.020338315944650534,-0.01025595289456707,-1.3416099852190808,1766193703.6239612
0.16112186014652252,1.761427402496338,0.5145988464355469,0.023257951200625092,-0.0018437526997657028,-1.3508421175977594,1766193703.6338506
0.16206654906272888,1.758662223815918,0.5146520733833313,0.024261363484425386,-0.0014357599276434586,-1.352580629893805,1766193703.643927
0.1627504825592041,1.7558274269104004,0.5145150423049927,0.023426169532272497,-0.002460172786548265,-1.3512879271800105,1766193703.6538808
0.16300055384635925,1.7535990476608276,0.5144487619400024,0.025393121772522533,-0.004861570276387681,-1.3527031330515602,1766193703.6640203
0.16438937187194824,1.7507134675979614,0.5144208073616028,0.022798263939537478,-0.0037743025253523933,-1.3498628378163309,1766193703.6640785
0.16584911942481995,1.7468279600143433,0.5150610208511353,0.025031809557783297,-0.0016225635100243104,-1.355325034510785,1766193703.6738565
0.16638317704200745,1.7439488172531128,0.5148198008537292,0.02310633605545181,-0.000732224906047881,-1.3514286903553043,1766193703.683941
0.16655372083187103,1.7415215969085693,0.5146085023880005,0.024570252520316988,-0.0025679159221345814,-1.351400987133306,1766193703.6939542
0.16732972860336304,1.741000771522522,0.5133194923400879,0.020245812546196312,-0.010918875430290402,-1.3470030382003435,1766193703.7039874
0.1686725616455078,1.734827995300293,0.5148481726646423,0.02442882613444316,-0.0035128182479526038,-1.3517706285085835,1766193703.7139478
0.17045126855373383,1.7310926914215088,0.5149634480476379,0.02356412875303263,-0.0004533320152240567,-1.3525078619415862,1766193703.7140357
0.17047640681266785,1.7287794351577759,0.5146258473396301,0.024166442669935773,-0.002188979287453955,-1.3502624502498874,1766193703.7239487
0.17131800949573517,1.7261028289794922,0.513113796710968,0.022333965041924128,-0.010877320748772139,-1.348005045284712,1766193703.734018
0.1734195500612259,1.7209906578063965,0.5149149298667908,0.022356806662836827,0.00044871855370766145,-1.3508818410093273,1766193703.743996
0.1744154393672943,1.7177910804748535,0.5148926377296448,0.02177647290443551,0.0012150388974336839,-1.3498432206714266,1766193703.7539554
0.1751866489648819,1.7136938571929932,0.5151183605194092,0.025930133515997426,-0.0036006328506371804,-1.353740534520986,1766193703.7639563
0.17625916004180908,1.710458517074585,0.515565037727356,0.02497032407867623,-0.0025753097896200035,-1.353774216993848,1766193703.76401
0.17770028114318848,1.7066686153411865,0.515063464641571,0.02285481451319964,-0.000456044348311833,-1.3507024052403505,1766193703.7739134
0.17882010340690613,1.7027496099472046,0.5150002241134644,0.02278287936131271,-0.0030075560422678097,-1.3506536120192238,1766193703.783893
0.17948001623153687,1.6990556716918945,0.5151496529579163,0.02492440835813304,-0.004153256549229307,-1.3517623038544642,1766193703.7939
0.18136058747768402,1.6949948072433472,0.5152372717857361,0.02352011807844085,-0.001890409829301862,-1.3514714204910423,1766193703.803974
0.18220645189285278,1.691495418548584,0.5149258971214294,0.02267608891933595,-0.004702422720329257,-1.3494182782366777,1766193703.813952
0.18319156765937805,1.6878695487976074,0.5146641731262207,0.02306269266407109,-0.006745020864825483,-1.34988247849117,1766193703.8140266
0.1847078949213028,1.6834518909454346,0.5152469277381897,0.02235738411583393,-0.00280572394704266,-1.3500037184219602,1766193703.8239574
0.18541987240314484,1.6791987419128418,0.5151494145393372,0.024408688668954237,-0.003057420726273392,-1.35018567768772,1766193703.8339498
0.18717509508132935,1.6750072240829468,0.5151382088661194,0.020633203158091053,0.0017454375357693842,-1.3458580012517414,1766193703.8438938
0.18869440257549286,1.6703633069992065,0.5152908563613892,0.022313959125480065,-0.0009518940727668844,-1.3485172296795704,1766193703.8539634
0.18958133459091187,1.6669654846191406,0.5148695111274719,0.022669623796583466,-0.0057815853643469976,-1.3483071400456437,1766193703.8639545
0.19126833975315094,1.661793828010559,0.5157343149185181,0.02172319719035762,0.002063205997435034,-1.3488905306447252,1766193703.8640084
0.19149479269981384,1.6581006050109863,0.5150012373924255,0.02160283713487776,-0.0028647045791361293,-1.3441882570623067,1766193703.8739
0.19280938804149628,1.6542457342147827,0.5137569308280945,0.020600556648121555,-0.009772112650845896,-1.342789694231453,1766193703.8839157
0.19535164535045624,1.6485718488693237,0.5157402753829956,0.02217158564365101,-0.0001379299388572566,-1.3487910285114049,1766193703.8939297
0.19649448990821838,1.6436020135879517,0.5154121518135071,0.020191288139659584,7.18241383253759e-05,-1.344365512069682,1766193703.9038947
0.197958305478096,1.638980507850647,0.5153937935829163,0.02168101492131192,-0.0012231893970344914,-1.34583231459735,1766193703.9139414
0.19944176077842712,1.6343048810958862,0.5156013369560242,0.022087171928171802,-0.003763740763926851,-1.3457457303393316,1766193703.9140172
0.20076586306095123,1.6300241947174072,0.5150790810585022,0.023696952787095278,-0.008029186618615944,-1.348949438487408,1766193703.9238229
0.20179502665996552,1.6256506443023682,0.5152270197868347,0.019059167612259433,-0.0009785371721308756,-1.3412098438920688,1766193703.933832
0.20359277725219727,1.6200947761535645,0.5153160095214844,0.020638518604617403,-0.0031856922151954634,-1.3429807025452327,1766193703.943883
0.20290404558181763,1.6193134784698486,0.5116617679595947,0.006629673565929749,-0.0054899097488509034,-1.3096385664455952,1766193703.9539292
0.2029644101858139,1.6158584356307983,0.5112747550010681,0.005589262384284693,-0.003546819002237213,-1.3147012407656529,1766193703.9638784
0.20587603747844696,1.609732985496521,0.5118913054466248,0.007873136712697614,-0.0024887565484793673,-1.3124460756938,1766193703.9640355
0.20786124467849731,1.6040610074996948,0.511870801448822,0.006225083904665495,-0.004703779858543795,-1.3079457821646265,1766193703.9739678
0.20823055505752563,1.5987508296966553,0.5112532377243042,0.00309621773433205,-0.006215922616336385,-1.3053579209683939,1766193703.9839404
0.20994828641414642,1.5933091640472412,0.5117734670639038,0.0024984333397534766,-0.004722297382598215,-1.304641059762868,1766193703.993932
0.21105796098709106,1.5900676250457764,0.5113829970359802,0.00506777266584785,-0.003187494676522295,-1.3125886278465464,1766193704.0039783
0.21295735239982605,1.5828279256820679,0.5119399428367615,0.0016395535164736178,-0.005245100288175636,-1.3032155724648342,1766193704.01398
0.21422924101352692,1.5786783695220947,0.511644721031189,0.0031637430101340057,-0.0069920691756811355,-1.3086065911955949,1766193704.014065
0.21631211042404175,1.5728543996810913,0.5114509463310242,0.0041334555901052375,-0.001563060638944907,-1.3086792713663642,1766193704.0239198
0.2181704342365265,1.5666066408157349,0.5114173889160156,0.0030413421353309594,-0.0057927429328707754,-1.304113305913207,1766193704.0339398
0.21943484246730804,1.5610802173614502,0.5121572613716125,0.0008929552637562468,-0.005945528655371228,-1.301870616185309,1766193704.0439744
0.22089464962482452,1.5574320554733276,0.5114882588386536,0.004391001006132642,-0.004518524537791363,-1.310899932688176,1766193704.0539494
0.22329014539718628,1.54929780960083,0.511805534362793,0.0013016392940487188,-0.005758488167712914,-1.302115856725754,1766193704.0639412
0.22409716248512268,1.5451340675354004,0.5115158557891846,0.004572062437059338,-0.0020257754547830945,-1.3093214766821604,1766193704.0639973
0.22657811641693115,1.5382022857666016,0.5123491287231445,0.0009458814878971182,-0.006334105941570065,-1.3003514084535692,1766193704.073889
0.22906015813350677,1.5339182615280151,0.5122462511062622,0.0076730823448455,-0.005826622236267934,-1.308498830892121,1766193704.0839152
0.23116210103034973,1.5270987749099731,0.5120649337768555,0.005710384876229939,-0.0011358360590278827,-1.3063019141146213,1766193704.0939364
0.2322106957435608,1.5222926139831543,0.5119512677192688,0.004655396602672686,-0.0034687524398089678,-1.3087171743900974,1766193704.1039636
0.23382700979709625,1.5168696641921997,0.5121734142303467,0.004795729070361967,-0.0012195852377331737,-1.310992201297057,1766193704.113987
0.23565034568309784,1.5104360580444336,0.5119597911834717,0.004414380932555305,-0.002670575548334384,-1.3086957356639666,1766193704.1140566
0.23826667666435242,1.5021673440933228,0.5126585960388184,0.0011844490058170029,-0.005091392742663112,-1.2997026281209179,1766193704.1239152
0.2399250715970993,1.4971485137939453,0.5121074914932251,0.003467790751038043,-0.0018601252219497127,-1.3047250725634398,1766193704.1339161
0.24303007125854492,1.4901095628738403,0.5127158761024475,0.004719090740144157,-0.005016696277784524,-1.301210390294945,1766193704.1439772
0.24410748481750488,1.483382225036621,0.5128464698791504,0.0011907183791228767,-0.00533059640756114,-1.298645501018607,1766193704.1539288
0.2456105649471283,1.47921884059906,0.5120713710784912,0.003947465202532115,-0.002629659494259265,-1.306248519583975,1766193704.1639457
0.24805118143558502,1.470460057258606,0.5128075480461121,0.0010178431811451764,-0.004643446754809565,-1.2973921956100742,1766193704.1640012
0.25014275312423706,1.4648789167404175,0.5125758051872253,0.0022994612384619035,-0.00598040652745293,-1.299378056898154,1766193704.1738925
0.2520230710506439,1.4576843976974487,0.5126432776451111,0.0008290950768021401,-0.005789965039282655,-1.2965990400483485,1766193704.1839302
0.25390300154685974,1.4525024890899658,0.5120759606361389,0.00411994390869233,-0.0016269137866598944,-1.3038371588073094,1766193704.1939633
0.25553199648857117,1.446663737297058,0.512207567691803,0.004618829465276881,-0.002317200808478724,-1.3052592058412607,1766193704.2039468
0.257926881313324,1.4383589029312134,0.5123881697654724,0.0019477741764400067,-0.0035530258968773615,-1.2983785188303327,1766193704.2138915
0.2601669728755951,1.4333604574203491,0.5127406120300293,0.006761022136419878,-0.0033971924540162988,-1.305115578915906,1766193704.2139452
0.26271194219589233,1.425898551940918,0.5125519633293152,0.006979658048009703,-0.00469570554288433,-1.301238706693283,1766193704.2239127
0.2650938034057617,1.4181405305862427,0.5129990577697754,0.005111416537223359,-0.004978614421594889,-1.2973415582016548,1766193704.2339196
0.2657742202281952,1.4125425815582275,0.5124396085739136,0.004938969262532104,-0.002710890332823716,-1.301073490337494,1766193704.2438989
0.26819169521331787,1.4054487943649292,0.5121637582778931,0.005031430528706293,-0.0027848697998222958,-1.3008088427746216,1766193704.2539563
0.2705550193786621,1.3968236446380615,0.5130443572998047,0.001932245090188922,-0.0054508316214580636,-1.2932777613259567,1766193704.2639487
0.2721729874610901,1.3901249170303345,0.5131555795669556,0.0010983310816890617,-0.005348670236027988,-1.2925211631258335,1766193704.2640016
0.2744135558605194,1.38312566280365,0.5131508111953735,0.001994403602822539,-0.005247767276737626,-1.2928170276466655,1766193704.273901
0.2766696810722351,1.3771418333053589,0.5125030279159546,0.004853962527772486,-0.00235114857277436,-1.2989960355616126,1766193704.2839148
0.2791805863380432,1.3701777458190918,0.5128219723701477,0.008039217700137874,-0.00316897299991496,-1.2989142266834537,1766193704.2939334
0.2813693583011627,1.3615522384643555,0.5131644010543823,0.002593673136570403,-0.005504011051730235,-1.292384938604301,1766193704.3039522
0.2833367586135864,1.3552993535995483,0.5126482844352722,0.005057674190242103,-0.003220019872084978,-1.2966889484978414,1766193704.3139477
0.28516098856925964,1.347237229347229,0.5134715437889099,0.001606002809603847,-0.0057394005203508,-1.2917154515947848,1766193704.3140113
0.28741052746772766,1.339536190032959,0.5134278535842896,0.0005508154224864631,-0.0048785699661711675,-1.291088974018799,1766193704.3238897
0.2903384566307068,1.3318535089492798,0.5142205357551575,0.0023674459273307735,-0.006813439520076864,-1.290583796944852,1766193704.333951
0.2923259735107422,1.3248590230941772,0.5138000845909119,0.001672414582023366,-0.0049692317670341725,-1.291733566593992,1766193704.3438902
0.2950560450553894,1.3180903196334839,0.5135920643806458,0.005076889445695217,-0.004991820813352181,-1.2938465433928814,1766193704.354012
0.29718172550201416,1.310443639755249,0.5133218169212341,0.0030645564200401983,-0.004927249181699988,-1.2935578295644814,1766193704.3639457
0.29919373989105225,1.3040913343429565,0.5131881833076477,0.005257102547238247,-0.002002564616833867,-1.29961156468916,1766193704.3739316
0.3017343282699585,1.2970850467681885,0.5131169557571411,0.005765215841027028,-0.0025536640710883043,-1.3012213985626981,1766193704.3740935
0.3043738901615143,1.2899712324142456,0.5135484337806702,0.00681784713931688,-0.002997859748878641,-1.3032203259206299,1766193704.3839748
0.3063938617706299,1.2820054292678833,0.5131548643112183,0.00603705253983793,-0.0026393075375264266,-1.3034379039144963,1766193704.3939703
0.30951809883117676,1.2744174003601074,0.5138482451438904,0.008057887685430597,-0.0040287265944976445,-1.302040876690554,1766193704.4039462
0.31232088804244995,1.2662652730941772,0.5137268304824829,0.007308037454031766,-0.005447599791251882,-1.3006491593326852,1766193704.4139519
0.31469422578811646,1.2588216066360474,0.5138295292854309,0.0071372299562320685,-0.00585222161986875,-1.3016424513289062,1766193704.414019
0.3170689046382904,1.2508796453475952,0.5136158466339111,0.006385475818956131,-0.0056839434132928785,-1.3019925180075125,1766193704.4239678
0.3190327286720276,1.2438527345657349,0.5134432315826416,0.006079201638228154,-0.0044060488123326864,-1.3061863711690878,1766193704.4339461
0.3222038149833679,1.2364600896835327,0.5136614441871643,0.007490203289323637,-0.005175280425824062,-1.307911119335266,1766193704.4439576
0.3241843283176422,1.2291858196258545,0.5133838057518005,0.006022156514233054,-0.0037898557866573057,-1.3099190745365614,1766193704.453947
0.326377272605896,1.220981240272522,0.5132225751876831,0.006160767057432254,-0.0039240348256042714,-1.309990216806746,1766193704.4639354
0.3289068043231964,1.2132195234298706,0.5135543346405029,0.005663757910527188,-0.003629870140792985,-1.309802834275313,1766193704.463991
0.33148524165153503,1.2052637338638306,0.5136211514472961,0.006029728830668623,-0.0038165063795179244,-1.3117558995573866,1766193704.4739578
0.3341355323791504,1.197426199913025,0.5134923458099365,0.006335740975614943,-0.0036922153631513675,-1.312247329789203,1766193704.4839506
0.3366701900959015,1.1899932622909546,0.5137264132499695,0.004727462476996686,-0.004536013842133754,-1.3132888040590005,1766193704.493962
0.3391271233558655,1.1813125610351562,0.5135264992713928,0.005388596207099295,-0.0036041377994427896,-1.3131277939812038,1766193704.5039468
0.3419976830482483,1.1736385822296143,0.5137147307395935,0.007923655983503348,-0.003289483887132163,-1.3151349022294667,1766193704.5139515
0.3447977900505066,1.1663025617599487,0.5150449275970459,0.006972974209640346,-0.005786547911873698,-1.317331920430209,1766193704.5140333
0.34732574224472046,1.1566439867019653,0.5143937468528748,0.006301211432069314,-0.005926173690289194,-1.3104203255421067,1766193704.5239334
0.3496173620223999,1.149214267730713,0.5140655040740967,0.006321236628723393,-0.0034642233258814444,-1.3141652136648825,1766193704.533949
0.3525350093841553,1.1408239603042603,0.5143625736236572,0.004676115221213283,-0.006367850027105108,-1.3108377540141476,1766193704.5439892
0.3546728789806366,1.13240385055542,0.5144344568252563,0.004595509995472676,-0.005228742060021076,-1.3106859594279772,1766193704.5539799
0.35784241557121277,1.1251298189163208,0.5142574310302734,0.0072676598757919165,-0.005474951909239352,-1.3121916204604096,1766193704.563953
0.3593392074108124,1.1166458129882812,0.5145648717880249,0.003984960818517917,-0.004733819052962271,-1.3096795310659426,1766193704.5738893
0.36198344826698303,1.1090339422225952,0.5144955515861511,0.004503588569037425,-0.003870775529916445,-1.3115218225892933,1766193704.5740855
0.3644266724586487,1.100676417350769,0.5144595503807068,0.005287293034902946,-0.0038768408413624496,-1.3100740667340276,1766193704.583978
0.3673911690711975,1.092657446861267,0.515156626701355,0.005887152895641341,-0.004691788576162524,-1.3082814654570936,1766193704.5939162
0.3694099187850952,1.0850085020065308,0.515045166015625,0.0061470602784455194,-0.003126364886566382,-1.308417939337744,1766193704.6039653
0.37169957160949707,1.0771877765655518,0.5152450799942017,0.0061452590418335585,-0.0026252045628158403,-1.3081972201926457,1766193704.613955
0.37397629022598267,1.0692569017410278,0.5152248740196228,0.00406692914753774,-0.002911589172011708,-1.306224172614932,1766193704.614025
0.37585580348968506,1.061652421951294,0.5149855017662048,0.004113711895849958,-0.002264269268647945,-1.3043492774884766,1766193704.6239512
0.3782472610473633,1.0539588928222656,0.5149694085121155,0.004064414385189154,-0.0026686982955844867,-1.3034621425230029,1766193704.6339564
0.3812289237976074,1.0470893383026123,0.5149970650672913,0.006485937334652606,-0.0032442944235425045,-1.3042023033004837,1766193704.643947
0.38289734721183777,1.0391125679016113,0.5155883431434631,0.00649974653400419,-0.002781828947028778,-1.3028256832075218,1766193704.653957
0.38544267416000366,1.0319855213165283,0.5149613618850708,0.006569838819660265,-0.0035285481857702267,-1.3012340973788734,1766193704.6639497
0.38775619864463806,1.024032473564148,0.5156770944595337,0.0068705907848591275,-0.004697260275297263,-1.2981609516658326,1766193704.6740139
0.389771044254303,1.01827073097229,0.515827476978302,0.006342404143665136,-0.005211730814572388,-1.302182509730757,1766193704.6740732
0.39160314202308655,1.0104509592056274,0.5155299305915833,0.007301377569049098,-0.003556002590804927,-1.2993475566005332,1766193704.6839466
0.3936602473258972,1.003509283065796,0.5152912139892578,0.00735486692373072,-0.003481569835188192,-1.2989111076133404,1766193704.6939871
0.3955549895763397,0.9966157078742981,0.5150811672210693,0.005844875540580104,-0.0030768896615196743,-1.298687269662606,1766193704.7039955
0.39774060249328613,0.9898687601089478,0.5152665376663208,0.005957487042478376,-0.002990281392399068,-1.2974120245887286,1766193704.713934
0.39964422583580017,0.9835230112075806,0.5154160261154175,0.0058924859029110925,-0.0028574394433644257,-1.2986418000137254,1766193704.713989
0.4021962583065033,0.975841760635376,0.5160620212554932,0.005586332414302865,-0.005308244746084655,-1.2930761727815088,1766193704.7238922
0.4041253626346588,0.9700958728790283,0.5160665512084961,0.007091425837635708,-0.004458408271644417,-1.2952661641962793,1766193704.73402
0.4056248068809509,0.9634540677070618,0.515579879283905,0.005760064875584136,-0.0034258913836878262,-1.2952002339359392,1766193704.7438881
0.407989501953125,0.957388699054718,0.5162637233734131,0.006202213255662609,-0.003254168530928133,-1.29621537856487,1766193704.7539482
0.4100002646446228,0.9509092569351196,0.515781581401825,0.006896792560826284,-0.0032045668580863093,-1.295781585013365,1766193704.7639081
0.4119853675365448,0.943886935710907,0.5160907506942749,0.0037517834985831638,-0.005265308731478937,-1.290777819053431,1766193704.7739246
0.41387033462524414,0.9384102821350098,0.515646755695343,0.004291203778823908,-0.0038555154810465415,-1.293495656604201,1766193704.7739804
0.4163234829902649,0.9328470230102539,0.5156548023223877,0.004619928895892411,-0.00453547006177601,-1.294185737371952,1766193704.7839377
0.4181743562221527,0.9268276691436768,0.5166745185852051,0.006050526743771223,-0.0036561106051461265,-1.2949999902953866,1766193704.793953
0.41984736919403076,0.9222662448883057,0.5161871910095215,0.003103114206200437,-0.00489338056472847,-1.298780246439925,1766193704.8039403
0.4219333231449127,0.915713906288147,0.5163357853889465,0.0035224962747211304,-0.0048536881093138255,-1.2958485344266866,1766193704.8139498
0.4239369034767151,0.9103325605392456,0.5170280337333679,0.005209571790451417,-0.006255179115893137,-1.2985248450202747,1766193704.814025
0.42562800645828247,0.9036845564842224,0.5161541700363159,0.00467576931726075,-0.0037037322652446526,-1.295405989947563,1766193704.823908
0.42730551958084106,0.897343099117279,0.5160926580429077,0.0036278933493005872,-0.004789681239146843,-1.2925757230513681,1766193704.8339372
0.42947036027908325,0.8922046422958374,0.5166569352149963,0.006344825793206689,-0.004836555638423427,-1.29566393021562,1766193704.8439794
0.43113869428634644,0.8868881464004517,0.5160934329032898,0.0033497077652363083,-0.005584148470356841,-1.2949148983268306,1766193704.85391
0.4329938590526581,0.8813662528991699,0.5162755250930786,0.004327190381109228,-0.00399657286556846,-1.2974877141808654,1766193704.8639226
0.4352305233478546,0.8769145607948303,0.516958475112915,0.004508843377617505,-0.006738645222412079,-1.2994973982420113,1766193704.863975
0.43682172894477844,0.8705199956893921,0.5163536667823792,0.005781237178550153,-0.004597651359500108,-1.2981825721247466,1766193704.8739064
0.43807193636894226,0.8652721047401428,0.5165717601776123,0.004322326694285358,-0.003894533238446803,-1.297809758244691,1766193704.8839445
0.44028255343437195,0.8604061603546143,0.5163313150405884,0.004252874206141379,-0.00497108578333375,-1.2994072180470784,1766193704.8939536
0.4418897330760956,0.8545517921447754,0.5168247222900391,0.005168053697402867,-0.004947958482871938,-1.298489582376419,1766193704.9039683
0.44432634115219116,0.8505708575248718,0.516783595085144,0.006811584336784035,-0.006389614766751701,-1.3023705374212184,1766193704.9139514
0.4462874233722687,0.8440182209014893,0.5166081786155701,0.008386090859392483,-0.004732820638730883,-1.298045648274433,1766193704.9140198
0.4476016163825989,0.8394272327423096,0.5167507529258728,0.005600905955252885,-0.007567279814697041,-1.2984571520459196,1766193704.9239092
0.44890424609184265,0.834068238735199,0.5171177387237549,0.006213739174897461,-0.0055402373449100475,-1.2991663925602683,1766193704.9338515
0.45033717155456543,0.8291276693344116,0.5171699523925781,0.005550714217310694,-0.005196757916295609,-1.3007802045675696,1766193704.9439738
0.4523368179798126,0.8235177397727966,0.5174142718315125,0.0011798137469768723,-0.008077636615735777,-1.295549927437105,1766193704.9539676
0.45323726534843445,0.8179888129234314,0.5166777968406677,0.0036402079555713247,-0.00631617061180071,-1.2956854634074757,1766193704.963925
0.4553653597831726,0.8131866455078125,0.5174002051353455,0.003091511289797035,-0.007085695938849805,-1.2966506112398546,1766193704.9639804
0.45664143562316895,0.8087995648384094,0.5170289874076843,0.004597624286893859,-0.005945078183316808,-1.2984587358786033,1766193704.9839616
0.4582248628139496,0.8040164709091187,0.5171627402305603,0.003922240838978904,-0.006570191576331386,-1.3002447602417189,1766193704.984016
0.45971041917800903,0.7986465692520142,0.5167926549911499,0.005007671846361081,-0.005647961577862025,-1.2989871073523578,1766193704.9939346
0.461419016122818,0.7924566268920898,0.5168396234512329,0.002722432694300599,-0.00853283195557448,-1.2944182507155708,1766193705.003818
0.4632343649864197,0.789849042892456,0.5172005295753479,0.004213419950897883,-0.008044699010688983,-1.3021878474675321,1766193705.013916
0.465215265750885,0.7843091487884521,0.5177323222160339,0.0036240833691875193,-0.008273018228648142,-1.2998995660918726,1766193705.0139701
0.466802716255188,0.7776539921760559,0.5176735520362854,0.0007802586963815829,-0.0102623831442276,-1.2931305456287168,1766193705.023885
0.46842294931411743,0.7722336649894714,0.51726233959198,0.004624278624293813,-0.00940399417632554,-1.2936742026342698,1766193705.0339131
0.47039100527763367,0.7684229016304016,0.5175972580909729,0.0027352064205502947,-0.00820246339672665,-1.2990716402383604,1766193705.0439959
0.47244998812675476,0.7612943649291992,0.518067479133606,0.0002127363109833907,-0.010210630984172636,-1.2924749928940342,1766193705.0539207
0.4735056161880493,0.7571920156478882,0.5174993872642517,0.0033853038036999604,-0.00920740770048802,-1.297079349296808,1766193705.0639493
0.47574323415756226,0.7517189979553223,0.5182532668113708,0.002867012614307963,-0.009325077312382456,-1.2967797909774526,1766193705.0739625
0.4772845506668091,0.7462054491043091,0.5180596709251404,0.004192107328512832,-0.00915256883145269,-1.2961116139861524,1766193705.083943
0.4789847135543823,0.7388851046562195,0.5177040696144104,0.002531191157491523,-0.010073824796071796,-1.2898206678408561,1766193705.0839982
0.48102444410324097,0.734307587146759,0.5182960033416748,0.002937398691680816,-0.008934972021741256,-1.2941183523489497,1766193705.0939472
0.48256415128707886,0.7291017174720764,0.5181823968887329,0.00224868591567491,-0.008199027606238462,-1.2947221486391138,1766193705.1039684
0.48472389578819275,0.7214428782463074,0.5180174112319946,0.00043501192889789297,-0.009350931055628819,-1.2882931565111122,1766193705.1139662
0.48689156770706177,0.7154826521873474,0.519054651260376,0.0012318916784456557,-0.010651202434946048,-1.2889417609037201,1766193705.114044
0.4889143407344818,0.7098785042762756,0.518958568572998,0.001509843329767412,-0.010683512970545475,-1.2883278747441596,1766193705.123974
0.49074336886405945,0.7034760117530823,0.5189282894134521,0.0018567266138757581,-0.009738190062415815,-1.2876315117314372,1766193705.1339588
0.49243783950805664,0.6974443793296814,0.5183818340301514,0.0013763653377061068,-0.009901748171441719,-1.287406623639242,1766193705.1439252
0.49446502327919006,0.690802812576294,0.5184825658798218,0.001326668403906196,-0.009240480509208688,-1.2861060422106467,1766193705.1539462
0.4967288374900818,0.6848208904266357,0.518699049949646,0.0020789233177072723,-0.010959897742293343,-1.2862905945407517,1766193705.1639698
0.4984202980995178,0.6780857443809509,0.5187153816223145,0.002966034495651785,-0.00944009526673146,-1.2847893602464062,1766193705.1640246
0.5001642107963562,0.672041654586792,0.5183420181274414,0.002199323669267033,-0.009842179558583715,-1.2841708158151288,1766193705.1740205
0.5023251175880432,0.6653336882591248,0.5187068581581116,0.003237277635773404,-0.010820478441331141,-1.2841776175189852,1766193705.1838498
0.5044898986816406,0.6590527296066284,0.5187414884567261,0.002760210793571271,-0.010284049936333046,-1.2834807305218114,1766193705.1938918
0.5066210031509399,0.6524121165275574,0.5189079642295837,0.0027034445531720014,-0.011197052706351886,-1.2830492366606703,1766193705.2039149
0.5082122683525085,0.64592444896698,0.5186741948127747,0.002514166718199827,-0.010813334680482515,-1.281705688191878,1766193705.2139442
0.5105584263801575,0.639299750328064,0.5188619494438171,0.0030465634176420394,-0.01055720526186524,-1.2826828030335495,1766193705.2139742
0.5129849314689636,0.6324624419212341,0.5189738869667053,0.0026126428871511417,-0.01127308704917488,-1.2820329537385595,1766193705.2239182
0.5151258111000061,0.6257427930831909,0.5189569592475891,0.0012298027811674045,-0.011243731253576843,-1.2803821930934645,1766193705.2340186
0.51750648021698,0.6200326681137085,0.5193011164665222,0.0020319175225671504,-0.010449700996865196,-1.2840056648213851,1766193705.2439344
0.51982182264328,0.6123528480529785,0.5197694897651672,0.0015719166222329408,-0.01087400574865208,-1.2804668030102269,1766193705.2539353
0.5218314528465271,0.6044101715087891,0.5199991464614868,-0.0012454170517632514,-0.013543515189243401,-1.2763782584139087,1766193705.2639816
0.5242801904678345,0.5970669388771057,0.5203701257705688,-0.0014460281794497552,-0.014445935230396313,-1.2754165160772377,1766193705.264034
0.5264447331428528,0.5905369520187378,0.5196613073348999,0.0009291127179086043,-0.012481840624780841,-1.2772717026689862,1766193705.27393
0.5287323594093323,0.5836436748504639,0.5198566913604736,2.183964844632118e-05,-0.01323227663035095,-1.2767725070365856,1766193705.284003
0.5311516523361206,0.5764327645301819,0.5201927423477173,0.0005487619766573256,-0.014027061226930891,-1.276263729582277,1766193705.293964
0.5337370038032532,0.5690274238586426,0.5207279920578003,0.0001202001653409623,-0.015458258214399525,-1.2750938562514917,1766193705.303955
0.5357546806335449,0.5621988773345947,0.5199692249298096,0.0008961165310592098,-0.013098894349909126,-1.2763942480177872,1766193705.3140187
0.53864586353302,0.5545096397399902,0.5208151936531067,0.0012470757213892088,-0.015553111158225429,-1.2753344442167507,1766193705.3140883
0.5407446622848511,0.5482305884361267,0.5199235677719116,0.002984145175082372,-0.012526383740225803,-1.2780979732499511,1766193705.3239992
0.5430980324745178,0.5402061343193054,0.5204975008964539,0.001790239839554789,-0.01367953884571381,-1.2757833104531269,1766193705.3339522
0.5459694862365723,0.5321398973464966,0.5212891101837158,-0.0017063581180878312,-0.016783689847936066,-1.2725708277430252,1766193705.3439736
0.5481530427932739,0.5253932476043701,0.5209432244300842,-0.0010866941452586318,-0.015549461877971606,-1.2744737322270994,1766193705.3539324
0.5508127808570862,0.5181413888931274,0.5213790535926819,0.0002701090176566986,-0.016102474395758706,-1.2758091938134684,1766193705.363955
0.553331196308136,0.5115050077438354,0.5208427906036377,0.0020402279513046084,-0.01245042298334614,-1.2782947724575744,1766193705.3640096
0.5558028221130371,0.5034258365631104,0.5211997032165527,-3.268857695065184e-05,-0.01391432169971741,-1.2766841543281473,1766193705.3739328
0.5584582090377808,0.49572208523750305,0.5214551091194153,-0.00043861203642260957,-0.014191025837396504,-1.2762765523625308,1766193705.3939676
0.560782253742218,0.4890035390853882,0.520500123500824,0.002986212623681124,-0.010884465462398938,-1.2796565658120107,1766193705.394034
0.5633196234703064,0.48151102662086487,0.5206822752952576,0.0028951398270495535,-0.011100714772175056,-1.279736227559682,1766193705.403978
0.5657613277435303,0.4738236665725708,0.5215305089950562,0.0021463009095661115,-0.012099830426642946,-1.2790127019732436,1766193705.4140112
0.5684981942176819,0.467303991317749,0.5213835835456848,0.0041302420723862724,-0.010166945277233875,-1.2817564861833048,1766193705.4140563
0.570939302444458,0.45997604727745056,0.5213889479637146,0.004028587869488883,-0.010625736054916696,-1.2819006804455362,1766193705.4239616
0.573851466178894,0.4505232870578766,0.5227829217910767,-0.001121442474340022,-0.015958026266995436,-1.2739809012414511,1766193705.433988
0.5762806534767151,0.44363337755203247,0.5227641463279724,-0.0007131091618397643,-0.019306411236788994,-1.2747818874269286,1766193705.4440274
0.5788265466690063,0.43670839071273804,0.5227855443954468,-0.001334236206528572,-0.01592015602776666,-1.2762224778045672,1766193705.4538968
0.5810248851776123,0.4293407201766968,0.5225889682769775,-0.00021066602929568952,-0.016833392872477072,-1.2762702470660248,1766193705.463981
0.583172619342804,0.42340561747550964,0.5215451121330261,0.002828717589540916,-0.010230693668071663,-1.2822789290891574,1766193705.464035
0.586297333240509,0.4149754047393799,0.5234192609786987,-0.0019630763060944963,-0.01636764589287712,-1.2754837192734823,1766193705.4739642
0.5883253812789917,0.4078434109687805,0.5230273008346558,-0.0002570193923144562,-0.015882382055738206,-1.2751213132715729,1766193705.494013
0.5906603932380676,0.4026452898979187,0.5218691229820251,0.004992933747088569,-0.008418990191040717,-1.2821822743463063,1766193705.4940715
0.5927312970161438,0.39432621002197266,0.5229288935661316,0.00030300673972254237,-0.013385907830147021,-1.2761616741193844,1766193705.5039773
0.595221221446991,0.3870457112789154,0.5233488082885742,0.00020345753043783587,-0.014869676525846653,-1.2747017017374525,1766193705.5140178
0.5977693796157837,0.38063305616378784,0.5242153406143188,-0.002210281298942404,-0.015145268123467504,-1.2740065750857608,1766193705.51408
0.5996416807174683,0.3733384907245636,0.5238835215568542,-0.001559009795084185,-0.015970611869139742,-1.2722024851962632,1766193705.523998
0.6024271845817566,0.3670513927936554,0.5245691537857056,-0.002876271723182978,-0.01624276795881991,-1.2725273090897011,1766193705.5339866
0.6041674613952637,0.3608788251876831,0.5237572193145752,-0.0007018645537036574,-0.014282499650572206,-1.2733274493164737,1766193705.543974
0.6058084964752197,0.3565279543399811,0.5228384733200073,0.0022215145390936967,-0.008953516260563944,-1.2799394334703247,1766193705.553935
0.6084851026535034,0.35122841596603394,0.5233723521232605,0.002441749239773612,-0.008978350553118577,-1.283215532983559,1766193705.5639858
0.6102644801139832,0.3441244661808014,0.5230697393417358,0.0026762750559173273,-0.008366256664955017,-1.2807570955622587,1766193705.564041
0.6126289963722229,0.3384418785572052,0.5233625769615173,0.0020556204367034665,-0.010329788542977272,-1.2810391417168996,1766193705.5740137
0.6144111156463623,0.332013338804245,0.523150622844696,0.003041408143359511,-0.008659228152350332,-1.2804461105570326,1766193705.5839438
0.6168318390846252,0.3265848159790039,0.523622989654541,0.002438038350733985,-0.010171832835397101,-1.2803705517388018,1766193705.594003
0.6184776425361633,0.3200293183326721,0.5234915614128113,0.002785099066953913,-0.010052080817088884,-1.277871754161579,1766193705.6039817
0.6204423308372498,0.3143042325973511,0.5232951641082764,0.0026279268203054543,-0.008537346236393628,-1.278862563506517,1766193705.6139553
0.6224021315574646,0.3085630238056183,0.5235152244567871,0.0032076623753894626,-0.009350215908974781,-1.278332731392673,1766193705.6140332
0.6244478821754456,0.30339840054512024,0.5237642526626587,0.00142155326512388,-0.010151309443489227,-1.279835284845634,1766193705.6238902
0.6260644793510437,0.2973845601081848,0.52374267578125,0.003527606258371941,-0.008803535353323812,-1.2779394668461976,1766193705.6338434
0.6283109784126282,0.2921774387359619,0.5239651203155518,0.0007022781429827271,-0.010089951702300115,-1.2782563501954498,1766193705.6438606
0.6296151280403137,0.28645461797714233,0.5239059925079346,0.003993086553852622,-0.008703266473178909,-1.2779152071212667,1766193705.6538785
0.6314220428466797,0.2807901203632355,0.523813009262085,0.0025978449152811696,-0.009495983699440796,-1.2760346172543096,1766193705.6639168
0.6335331797599792,0.27538201212882996,0.5242014527320862,0.0028870382535966304,-0.008618440751093038,-1.2765938237389496,1766193705.663937
0.6357734799385071,0.26965928077697754,0.5241207480430603,0.005269861833981789,-0.011314540654950349,-1.2739028512549,1766193705.673846
0.6369351148605347,0.2639971375465393,0.5241625308990479,0.002496863470508407,-0.012696415605012591,-1.2727405249688335,1766193705.6839142
0.6385635733604431,0.2596801519393921,0.5241411924362183,0.004053932893370329,-0.010205408575236427,-1.2759514999777872,1766193705.6939273
0.6402671933174133,0.2546588182449341,0.5243282914161682,0.0036676824298121297,-0.010715667506538403,-1.2764372716136914,1766193705.703978
0.6418159604072571,0.24969221651554108,0.5243375301361084,0.003508386639591219,-0.009932258119322697,-1.2768365265497938,1766193705.7040381
0.6434462666511536,0.24452903866767883,0.5245310068130493,0.0036963474776029854,-0.010149949982196801,-1.2764378500031546,1766193705.7140205
0.644953727722168,0.2392815202474594,0.5244436860084534,0.0052749326338429724,-0.008774627424335359,-1.2780852805454181,1766193705.723931
0.6465058326721191,0.23424383997917175,0.5243564248085022,0.0055258556780231425,-0.009930968362472573,-1.2773470221466183,1766193705.7339783
0.6477893590927124,0.22967830300331116,0.5243722200393677,0.004897162513965772,-0.008474781327964295,-1.2771587664983732,1766193705.743968
0.6495674848556519,0.2246316820383072,0.5242771506309509,0.004789171758791522,-0.00879853967900768,-1.2775377681949878,1766193705.7539682
0.6517121195793152,0.22029995918273926,0.5245882868766785,0.005296656063534726,-0.009571915394047704,-1.2797121156685822,1766193705.7639794
0.6530326008796692,0.21542786061763763,0.5243973731994629,0.0035952250539989486,-0.011212717345125495,-1.2790176922513987,1766193705.7640448
0.6545529365539551,0.21064214408397675,0.524361789226532,0.005387174131780444,-0.008444591902056578,-1.2808029141229014,1766193705.7739322
0.6564391851425171,0.20535650849342346,0.5244996547698975,0.0037725345260717007,-0.00803967148193238,-1.2788885423982834,1766193705.7839723
0.657857358455658,0.20131434500217438,0.5246867537498474,0.005933102162292219,-0.008937539354473603,-1.2814315054943626,1766193705.8039727
0.6614072322845459,0.19225051999092102,0.5248875617980957,0.0054366187138709535,-0.00920215026326272,-1.2830601262643933,1766193705.8040583
0.6630698442459106,0.1870681345462799,0.524872899055481,0.0036666916345222886,-0.009926672686750753,-1.2803960900891347,1766193705.8140342
0.6649580597877502,0.18162153661251068,0.525112509727478,0.003242867983590388,-0.010883257572660721,-1.2773262139496147,1766193705.823968
0.6666615009307861,0.17731425166130066,0.525165855884552,0.003197332808379788,-0.011350323782233454,-1.278244733956048,1766193705.8340168
0.6683340072631836,0.1725970059633255,0.5252986550331116,0.00255881281791226,-0.010534562754372903,-1.2784987561538068,1766193705.8439746
0.6702584028244019,0.17019353806972504,0.5256744623184204,0.002984764836256756,-0.009577532769273518,-1.2855521017536355,1766193705.8539808
0.6714768409729004,0.16373133659362793,0.5252794623374939,0.0023859584710320615,-0.009942969846790316,-1.2795062344635095,1766193705.863918
0.6732296943664551,0.15918029844760895,0.5256240367889404,0.0029286381359091324,-0.009424956814496148,-1.2804658298562457,1766193705.8639588
0.6745137572288513,0.1563611626625061,0.526188850402832,0.0011874679632194543,-0.01209480278376836,-1.2834570613847194,1766193705.8739803
0.6761693954467773,0.1500844955444336,0.5258456468582153,0.00239051157953374,-0.010152889218354534,-1.2808033357444821,1766193705.883971
0.6778257489204407,0.14567230641841888,0.5256701111793518,0.0026127189532094996,-0.010790952282383066,-1.2810721772439149,1766193705.8939693
0.6795493960380554,0.14099529385566711,0.5257189273834229,0.0026777737508555653,-0.010723921762634227,-1.2813539927562898,1766193705.9039772
0.6807355284690857,0.13618230819702148,0.5254114866256714,0.002919601262413171,-0.011283173865637057,-1.2823283397552587,1766193705.913979
0.6821602582931519,0.13137298822402954,0.5257865190505981,0.003684386044354053,-0.012096010459030538,-1.2824687040950051,1766193705.9140444
0.683878481388092,0.12663346529006958,0.5256643295288086,0.0035116940116559333,-0.012459677148560087,-1.2816907446687504,1766193705.9239683
0.684583842754364,0.12226001918315887,0.5259429216384888,0.0005492039876497549,-0.011348024459855891,-1.2775100778903496,1766193705.9339812
0.6875015497207642,0.11720727384090424,0.5257061719894409,0.005041801143844391,-0.01142028355761458,-1.2838798142658316,1766193705.9439745
0.6891231536865234,0.111992247402668,0.5258863568305969,0.004769845250451104,-0.011540801781411689,-1.2834959262916406,1766193705.9539807
0.6906999945640564,0.10692720115184784,0.5259370803833008,0.0061945173670975365,-0.009574020434064271,-1.2854146514587665,1766193705.9639769
0.692290186882019,0.10158252716064453,0.5262294411659241,0.005441945980788135,-0.009533416617943184,-1.2842128442448966,1766193705.9640317
0.6939830183982849,0.09562060236930847,0.5262075662612915,0.004310096669089713,-0.010239450028397941,-1.281508354641993,1766193705.9739857
0.6958717107772827,0.09027102589607239,0.526163637638092,0.004639581163973014,-0.009336450760457757,-1.2820232357415682,1766193705.9839723
0.6974957585334778,0.08447720110416412,0.5259279012680054,0.0038928312768062544,-0.009535257908054436,-1.2813140738860351,1766193705.9940097
0.6991421580314636,0.07881027460098267,0.5260394811630249,0.0033582806369607354,-0.009455064032384705,-1.2803957078515096,1766193706.0039787
0.701098620891571,0.07314418256282806,0.5260136127471924,0.00411205585917777,-0.008444507143649839,-1.280222178489851,1766193706.0139763
0.702856719493866,0.06747927516698837,0.5259503126144409,0.004078825897289878,-0.008608186882956365,-1.2802989511738958,1766193706.0140774
0.7046406865119934,0.061847589910030365,0.526161253452301,0.003505225960132339,-0.008665246102777373,-1.2798099170609387,1766193706.0239658
0.7065804600715637,0.055853307247161865,0.5262413024902344,0.003481665146261215,-0.008499179362384491,-1.2793070524045638,1766193706.0340106
0.708487868309021,0.0502464696764946,0.5264248847961426,0.005179694490749979,-0.009094443855800466,-1.2798806583080815,1766193706.0440013
0.7105236649513245,0.04439595714211464,0.5265651941299438,0.004308506063777486,-0.010325762116798955,-1.2794511024978572,1766193706.054034
0.7122698426246643,0.038350723683834076,0.52683424949646,0.004829086421095008,-0.00887126366311378,-1.2790574971745603,1766193706.0639892
0.7145480513572693,0.032867223024368286,0.5267422795295715,0.0034856508010179207,-0.010538230225001003,-1.2789250545217827,1766193706.0640435
0.7163422703742981,0.026040546596050262,0.5263611674308777,0.00418208167214095,-0.008874623634109766,-1.2778326241430988,1766193706.0739236
0.7184311747550964,0.020195266231894493,0.5269900560379028,0.004550499060070917,-0.010206981636444235,-1.2783006122331422,1766193706.0839128
0.7205991148948669,0.014138549566268921,0.5266388654708862,0.004229989028807639,-0.009915849353393125,-1.2782334948264489,1766193706.0940065
0.7224516868591309,0.0074971383437514305,0.5266980528831482,0.0040492476166092,-0.009615602884548359,-1.2771387039718263,1766193706.1039886
0.724285900592804,0.0013227947056293488,0.5271505117416382,0.005246572190140446,-0.008200398407901143,-1.276438414083014,1766193706.1140184
0.7265299558639526,-0.004855647683143616,0.5267913937568665,0.004114717833526031,-0.00854518586750063,-1.2763764315866526,1766193706.1140635
0.7287572026252747,-0.010988142341375351,0.5269762873649597,0.005598084337941094,-0.006749414717057173,-1.2791785215557514,1766193706.1239145
0.73138827085495,-0.017549948766827583,0.5270714163780212,0.00591496225040274,-0.005755042666085549,-1.2782949472897058,1766193706.133933
0.7333109378814697,-0.0260300412774086,0.529547929763794,-0.0005710454498135273,-0.010013023544525396,-1.2681808473609515,1766193706.1439886
0.7353702187538147,-0.03182581067085266,0.5276831388473511,0.003910663773903466,-0.005729793870023888,-1.274094305320649,1766193706.153984
0.7376946210861206,-0.038997381925582886,0.5276236534118652,0.00411255690902373,-0.003621936298770809,-1.2735904826552034,1766193706.1639764
0.740088701248169,-0.045252107083797455,0.5279407501220703,0.004520502244820952,-0.0026244709616431764,-1.274010433633039,1766193706.1640291
0.7421927452087402,-0.052268654108047485,0.5279505848884583,0.004773941938798635,-0.0019871026137010064,-1.273307729483051,1766193706.1739645
0.7442802786827087,-0.05942471697926521,0.5280783176422119,0.005858969445885917,-0.0007722691154861042,-1.2730358622259657,1766193706.1840017
0.7463746666908264,-0.06643021106719971,0.5281615257263184,0.006071562643398229,0.00021057393333934302,-1.2722666810474539,1766193706.193988
0.7486774921417236,-0.07348458468914032,0.5282990336418152,0.0059184652909256815,0.0020205768758469267,-1.2720943174953678,1766193706.2039862
0.7510107755661011,-0.0803062915802002,0.5281099081039429,0.006582287215859269,0.002266384260102245,-1.2724739452378366,1766193706.214018
0.7530996799468994,-0.08724109828472137,0.5284098386764526,0.007071338649723649,0.0016528235917762511,-1.271252994585076,1766193706.214074
0.7552288770675659,-0.09422366321086884,0.5280863046646118,0.0072831956466886585,0.003386805329135977,-1.2717475152876112,1766193706.223982
0.7574244141578674,-0.10093145072460175,0.5281467437744141,0.007765598287258938,0.0036067990244928183,-1.2717234141958669,1766193706.2339683
0.7576053738594055,-0.10849211364984512,0.5298709273338318,-0.0036924472137034323,0.005458215298631215,-1.2612327893394752,1766193706.2439835
0.7615787982940674,-0.11406683921813965,0.5281813740730286,0.008043180178492077,0.003855155112829721,-1.2716368554209359,1766193706.2540183
0.7635966539382935,-0.12101277709007263,0.5280115008354187,0.00907086439013434,0.004694083009910304,-1.2714063750076336,1766193706.2639666
0.7657939791679382,-0.12763404846191406,0.5282472968101501,0.00826515440447196,0.004268713657392328,-1.2708762645588736,1766193706.2640216
0.7680312991142273,-0.13321977853775024,0.5283796787261963,0.007933608407502055,0.0024169751456984334,-1.2714327142187365,1766193706.2739816
0.7702422738075256,-0.13970836997032166,0.5284394025802612,0.007538420281119983,0.003242659262868403,-1.2713621774397885,1766193706.2839797
0.7723106741905212,-0.14566455781459808,0.5285399556159973,0.00741702724151064,0.002674346790958513,-1.271420022820588,1766193706.2939796
0.7743315100669861,-0.1514590084552765,0.5285806059837341,0.00801521187534268,0.0035525489371938507,-1.2718758873881388,1766193706.303955
0.7763653993606567,-0.15765392780303955,0.5286614894866943,0.007221966252741162,0.0030378764702188718,-1.2714410493074824,1766193706.313954
0.7783564329147339,-0.1636888086795807,0.5285392999649048,0.007134824108988524,0.0031558708633760927,-1.2709867728137156,1766193706.3140297
0.7802935838699341,-0.16960129141807556,0.5284466743469238,0.007572518120042828,0.00365297622351829,-1.271249121486928,1766193706.323953
0.7822675108909607,-0.17518486082553864,0.528455913066864,0.007640908771895585,0.003996692530799586,-1.271404823933439,1766193706.333947
0.784144401550293,-0.18084602057933807,0.5284820795059204,0.007047755250636352,0.0034842536196339684,-1.270818374850376,1766193706.343952
0.7859243750572205,-0.1861049085855484,0.5283181071281433,0.008115120306501486,0.0034802856068562823,-1.2714580846045147,1766193706.3539584
0.7877824902534485,-0.19161199033260345,0.5282578468322754,0.008498856994683225,0.0034799824020460197,-1.2714815585297732,1766193706.3639572
0.7895431518554688,-0.19661445915699005,0.5282016396522522,0.008700675263756803,0.0028549769017145116,-1.2720094946753622,1766193706.3640163
0.7913581132888794,-0.20203833281993866,0.5283483266830444,0.008287840254873342,0.002699973763298706,-1.2714657905192452,1766193706.3739586
0.7932631373405457,-0.2071371078491211,0.5282894968986511,0.007792339059229362,0.0030390171644384574,-1.2717035294423975,1766193706.3839967
0.7948480844497681,-0.2120206654071808,0.5283789038658142,0.008113632126447671,0.0030261772300895196,-1.2716021579767247,1766193706.3939328
0.7967349290847778,-0.21723085641860962,0.5282115340232849,0.00816541841437569,0.002645136589138629,-1.2719125912616995,1766193706.4039545
0.795825719833374,-0.22268018126487732,0.5296987295150757,-0.0035641621135174633,0.004476343400347358,-1.259925144077506,1766193706.4138951
0.8001906871795654,-0.22677044570446014,0.5285407304763794,0.007769036893558261,0.002928449602147293,-1.272287952485496,1766193706.4139497
0.8018118739128113,-0.2315264642238617,0.5286246538162231,0.007858639653160263,0.003515640538000159,-1.2720844863600822,1766193706.4239805
0.8012277483940125,-0.2369418442249298,0.5296080708503723,-0.002710749750185795,0.004524054358871497,-1.2624145059399665,1766193706.4339583
0.8051304221153259,-0.2407374382019043,0.5284000039100647,0.008168420108367486,0.0033393193158018646,-1.2725861168558692,1766193706.4439383
0.8043733239173889,-0.24585896730422974,0.5294591188430786,-0.0034120393940827317,0.004330571706825521,-1.2609280172974517,1766193706.4539554
0.8040505647659302,-0.25269579887390137,0.5315297245979309,0.003715656065416043,-0.0006239007655812043,-1.2780784657293405,1766193706.463987
0.8074592351913452,-0.25464946031570435,0.5291429162025452,-0.0025010656930835548,0.005000991164096085,-1.2614156793353488,1766193706.464041
0.8109384775161743,-0.25824201107025146,0.5286697149276733,0.007990659225503158,0.0017328692427550964,-1.2724437149667476,1766193706.4739015
0.8103113174438477,-0.2631572186946869,0.5302417874336243,-0.0031937841890799434,0.003777347479212243,-1.2621070947024815,1766193706.483989
0.8101754784584045,-0.2682311534881592,0.5303964018821716,-0.001340050810201264,-0.0011272321666952517,-1.2714826357795332,1766193706.4940052
0.811614990234375,-0.2716117799282074,0.5295398831367493,-0.0031516944911410367,0.0027020313555185197,-1.263210448687581,1766193706.503956
0.8144671320915222,-0.27551934123039246,0.5295924544334412,-0.002748581734243442,0.002816230792254786,-1.261705460248685,1766193706.5139058
0.8157328963279724,-0.27922120690345764,0.5298526287078857,-0.0029429767363426135,0.0023130027712508516,-1.2614576418411187,1766193706.5139606
0.8169050216674805,-0.2833609879016876,0.529493510723114,-0.002035104973339757,0.0036615983454021954,-1.2618853747992949,1766193706.5239542
0.8207195401191711,-0.2866798937320709,0.528734028339386,0.00775912722805895,0.0008281014514013521,-1.2716794645248326,1766193706.533965
0.821884036064148,-0.29033514857292175,0.5288388729095459,0.00691437381456435,0.0016888955076630728,-1.270910216959849,1766193706.54398
0.8232653141021729,-0.29384592175483704,0.5287625193595886,0.00765800304843863,0.001258758176925693,-1.2721787447182544,1766193706.5539415
0.8243862390518188,-0.29781869053840637,0.5287377834320068,0.007910063255465243,0.001048452097813346,-1.2720901454316151,1766193706.56399
0.8258033990859985,-0.3011625409126282,0.5287144780158997,0.008655541355516463,0.001620329383023918,-1.2728773530164224,1766193706.564045
0.8267228603363037,-0.30510595440864563,0.5289091467857361,0.007868574982598273,0.0008174777919385235,-1.27082688631792,1766193706.5738957
0.8282691240310669,-0.3082834482192993,0.5287452936172485,0.008458516970975228,0.0012846212988079954,-1.2726027713720196,1766193706.5839963
0.8293368816375732,-0.3121040165424347,0.5287938117980957,0.007558671570190451,0.0003545066981205305,-1.2709318702041135,1766193706.5939472
0.8306939005851746,-0.3155475854873657,0.5286399126052856,0.007690789730688821,3.635174839784716e-05,-1.2708402464168842,1766193706.6039703
0.8318028450012207,-0.318981409072876,0.5287983417510986,0.007644832811099563,0.00026111785160963454,-1.2704422152727117,1766193706.6139355
0.8329513669013977,-0.32251352071762085,0.5287407636642456,0.007934756888475145,0.00011185962129647464,-1.2700607501193186,1766193706.6239772
0.8340328335762024,-0.32606184482574463,0.5285543203353882,0.007289559009001399,-0.0006777505374219504,-1.2693515660136936,1766193706.624033
0.8351247310638428,-0.32924747467041016,0.5288753509521484,0.007731196682651249,-0.00032340604868555254,-1.2693753685552243,1766193706.6339629
0.8361614942550659,-0.33268284797668457,0.5288537740707397,0.008084165519814848,-1.41545440450995e-08,-1.2689066384330219,1766193706.6439357
0.8374925851821899,-0.33577463030815125,0.5287080407142639,0.006959282013879303,-0.000943850169014603,-1.2685974040035717,1766193706.6539385
0.8384073376655579,-0.339166522026062,0.528921365737915,0.00782846837510074,-0.00035554336168806475,-1.2679940645088945,1766193706.6639602
0.839328408241272,-0.34252628684043884,0.5288953185081482,0.008080105272144459,-0.00013697925521941067,-1.267895961218672,1766193706.6640015
0.8406996130943298,-0.34557604789733887,0.5286663174629211,0.007123614789050884,-0.0013747090336883288,-1.267789249225172,1766193706.673911
0.8415521383285522,-0.34880587458610535,0.5283951163291931,0.008106866378202083,8.52088742752717e-05,-1.2677432512786724,1766193706.6839247
0.8422698378562927,-0.35177668929100037,0.5290366411209106,0.007418205120683315,-0.0009042137231347239,-1.267164940731991,1766193706.6939795
0.8432226181030273,-0.35505130887031555,0.5287864804267883,0.008077784708824762,0.00041841124460583227,-1.2662322724003254,1766193706.7039769
0.8446695804595947,-0.35709673166275024,0.5288472771644592,0.008123143232999277,-0.00028633426070941804,-1.2682747215134194,1766193706.713987
0.8454171419143677,-0.3607679307460785,0.5288470387458801,0.008124360128437707,-0.0002887617165032036,-1.2660648219185537,1766193706.7239776
0.8465458750724792,-0.363317608833313,0.528928279876709,0.007310747770594922,-0.0009453317634639391,-1.2664334163563453,1766193706.7240317
0.8476517200469971,-0.36627650260925293,0.5287853479385376,0.007262865725876642,-0.0012695889137538353,-1.2660943487080023,1766193706.7339625
0.8484710454940796,-0.36923444271087646,0.5284703969955444,0.008968386573861615,-0.00037518423412183306,-1.2661305739626059,1766193706.743958
0.8493655920028687,-0.3719685971736908,0.5286803245544434,0.008542244801750403,-0.0006678320431667823,-1.2656783086642318,1766193706.753954
0.8498069047927856,-0.3750624358654022,0.528960645198822,0.00511067798516827,-0.0017784213772769639,-1.264070069178951,1766193706.7639377
0.8514127731323242,-0.3771635890007019,0.5286327004432678,0.007106590997235033,-0.001582467208149684,-1.2651888657811965,1766193706.7639666
0.8523730039596558,-0.3797107934951782,0.5290071368217468,0.00792230979623631,-0.0004496702784680117,-1.2647225274744727,1766193706.7739258
0.8532165288925171,-0.3821335434913635,0.5288180708885193,0.008505699951175944,0.0003569890560903367,-1.2659213172541275,1766193706.783975
0.8539752960205078,-0.38487687706947327,0.5288211107254028,0.008514965793068497,-2.510694022438237e-05,-1.2650394715832842,1766193706.79396
0.8548010587692261,-0.3874480128288269,0.528947114944458,0.007611435085037765,-0.0009258136786593511,-1.2641620022306523,1766193706.8039358
0.8554952144622803,-0.3899403512477875,0.5286930203437805,0.009005077334967592,0.00031553766050903203,-1.264758545600501,1766193706.8139563
0.8545549511909485,-0.39350295066833496,0.5295508503913879,0.004235256921244101,-0.0016257079947364227,-1.2658622776056194,1766193706.823938
0.8573025465011597,-0.39403608441352844,0.5291699171066284,0.007156900556903865,-0.0006115883001100039,-1.2640777134862435,1766193706.823992
0.8578808307647705,-0.3965112864971161,0.5290578007698059,0.007601221252091515,8.763095526695934e-06,-1.2638840794094575,1766193706.8339372
0.8584152460098267,-0.3988916277885437,0.5288015007972717,0.008437579493476198,3.0473264343146437e-05,-1.263482490002378,1766193706.8439553
0.8592982888221741,-0.40084487199783325,0.5287641882896423,0.008641889563276635,-0.0003114260305583055,-1.2638228219859862,1766193706.853957
0.8596605062484741,-0.40278390049934387,0.529220461845398,0.007180147359609901,-0.0004674110255573701,-1.262581964988634,1766193706.8639355
0.8606106638908386,-0.4047316610813141,0.528940737247467,0.007593822618549478,-0.0003600352848635691,-1.262836644383939,1766193706.8639767
0.8589694499969482,-0.40672680735588074,0.529253363609314,-0.0005079285542709057,0.0002650549564989432,-1.2544909293565378,1766193706.8739827
0.8589262962341309,-0.4086266756057739,0.5294737815856934,-0.0015944116642766064,-0.0006172088264589961,-1.2545110092895015,1766193706.8839605
0.8626041412353516,-0.41020676493644714,0.5290977358818054,0.007705812313041147,-0.001483420856267577,-1.2626799644642868,1766193706.8939815
0.863285481929779,-0.4116285443305969,0.5292194485664368,0.007735097215185328,-0.0008291127151241468,-1.2629013979756276,1766193706.9039414
0.8638349771499634,-0.41333407163619995,0.5292183756828308,0.007321043931015428,-0.000965210209586088,-1.2630609977508278,1766193706.9139726
0.8644289970397949,-0.4149455428123474,0.5292129516601562,0.007145992489836339,-0.001433653280338336,-1.262293841175918,1766193706.923947
0.8649691343307495,-0.41636544466018677,0.5291255116462708,0.008079977461726527,-0.0005376817933046248,-1.2629411218956013,1766193706.9239902
0.8652273416519165,-0.4180470407009125,0.529205858707428,0.007969534926651629,-0.0006357535711534364,-1.2627690744144484,1766193706.9339573
0.8658050298690796,-0.41949743032455444,0.5291887521743774,0.007755030088252526,-0.00015391534852100076,-1.2625123066190744,1766193706.9439354
0.8662599325180054,-0.42065495252609253,0.5292198061943054,0.007772271720444052,-0.0007674614084114307,-1.2626057737162097,1766193706.9539537
0.8668361306190491,-0.4218687117099762,0.5290708541870117,0.008196169045958034,-0.0009061264975322931,-1.2626388855613213,1766193706.963949
0.8674589395523071,-0.4227008819580078,0.5291256904602051,0.008930064139222751,0.00015849871193445426,-1.2638590215553012,1766193706.9640062
0.8675969839096069,-0.4244295358657837,0.529107928276062,0.007921197664093833,-0.0013233314427429572,-1.2621634978903207,1766193706.9740124
0.8680523037910461,-0.425459623336792,0.5292540192604065,0.007615022922617675,-0.0016995396773733223,-1.2620767559075572,1766193706.9839804
0.8684313893318176,-0.42676690220832825,0.5291687846183777,0.00749821155494643,-0.0016138678456224353,-1.2616410964755242,1766193706.9939785
0.8687429428100586,-0.4280260503292084,0.5291100740432739,0.007977289268813888,-0.0017586882036770791,-1.2616676921309686,1766193707.003988
0.8692066669464111,-0.4292528033256531,0.5288357138633728,0.008511093912186476,-0.0030006136899405214,-1.2619124369456343,1766193707.0139549
0.869715690612793,-0.43000882863998413,0.5290290713310242,0.0074266263557017575,-0.003618649919330024,-1.2622253085194701,1766193707.014023
0.8698120713233948,-0.43114718794822693,0.5290002226829529,0.008540907951443822,-0.0027048462577623817,-1.262347684125558,1766193707.0340135
0.8704153895378113,-0.43196600675582886,0.5289100408554077,0.008215803731577284,-0.0029942228576440026,-1.262849044995696,1766193707.0340693
0.8706327080726624,-0.43352824449539185,0.5289739966392517,0.00840068689777131,-0.0031294496262510804,-1.2619069486617347,1766193707.0439923
0.8711284399032593,-0.43471860885620117,0.528946578502655,0.00849447416359058,-0.0032834414963463362,-1.2620529972932732,1766193707.054011
0.8714389801025391,-0.43564242124557495,0.5287038087844849,0.010065707114022451,-0.0020117864628561174,-1.2640564994468906,1766193707.0639982
0.8718972206115723,-0.43677520751953125,0.5288350582122803,0.009803110930701997,-0.0019503172313865501,-1.2638665611286843,1766193707.0640504
0.8726507425308228,-0.43818771839141846,0.5288640260696411,0.008393263294629865,-0.0033261130703856412,-1.2622713781434423,1766193707.073971
0.8731290102005005,-0.4396791160106659,0.5290390253067017,0.008266268489213054,-0.0031738578554200564,-1.2624535041081597,1766193707.083973
0.8736122846603394,-0.4404680132865906,0.5291043519973755,0.008566866534615856,-0.002041290842350819,-1.2643805681715334,1766193707.093951
0.8741831183433533,-0.44277670979499817,0.5290306806564331,0.007423131199697292,-0.003952549223471665,-1.261324969926149,1766193707.1039517
0.8742689490318298,-0.4443434476852417,0.5291264057159424,0.008603412208529674,-0.0025567950294164365,-1.2614204121278567,1766193707.113962
0.8751518726348877,-0.44529181718826294,0.5292419195175171,0.007913582104157286,-0.0037064200590937093,-1.2621378615922254,1766193707.1140394
0.8755202889442444,-0.44675686955451965,0.5289112329483032,0.00811121314778859,-0.002500662523958415,-1.2622205248844076,1766193707.1339476
0.8759779334068298,-0.44823533296585083,0.528883695602417,0.00858922351495852,-0.0023523501856557555,-1.2625629302137245,1766193707.134024
0.8764528632164001,-0.4495353698730469,0.5291737914085388,0.008692028405429333,-0.002253853768827382,-1.2630888301976202,1766193707.1439652
0.8770222067832947,-0.4509626626968384,0.5290282368659973,0.007875391504983812,-0.002715313712704611,-1.2632038070362372,1766193707.1539674
0.8774615526199341,-0.45252394676208496,0.5292384624481201,0.008363200072044755,-0.0019915653314156,-1.262782062624584,1766193707.1639545
0.8782572150230408,-0.453204870223999,0.5291175246238708,0.008588207965841314,-0.0010614005401598106,-1.2641456084055491,1766193707.1640098
0.8786206245422363,-0.4544754922389984,0.5290740132331848,0.008685335353041728,-0.001534994207732961,-1.2644056252715252,1766193707.173936
0.8788900971412659,-0.45596590638160706,0.5290690660476685,0.008863162735459593,-0.0014998541730439515,-1.2639725504711077,1766193707.183995
0.8794357776641846,-0.45777809619903564,0.529327392578125,0.008566758768991456,-0.0005426986387401752,-1.2628750110461975,1766193707.1939778
0.8798772692680359,-0.4592181444168091,0.5294483304023743,0.007964096840138664,-0.00100710388684697,-1.2616818386933615,1766193707.203978
0.8801589012145996,-0.4602360129356384,0.529442310333252,0.008082822886561007,-0.0009872540901791616,-1.262190425438602,1766193707.213955
0.8805876970291138,-0.46114903688430786,0.529420793056488,0.008293956012049308,-0.0011149968107603775,-1.2622158473332825,1766193707.2140398
0.881004273891449,-0.46199721097946167,0.5294030904769897,0.008096203943721198,-0.0013114193470267494,-1.2624956552783746,1766193707.2338932
0.8812314867973328,-0.4630693793296814,0.5293576717376709,0.00833499076650906,-0.0008874346648613897,-1.2621239550879375,1766193707.2339456
0.8814747929573059,-0.46380266547203064,0.5293461680412292,0.008242608779139933,-0.0009224377445842575,-1.2619956395181602,1766193707.2439582
0.8818586468696594,-0.46435362100601196,0.5293523669242859,0.008462284509048137,-0.0009532724445033138,-1.2618739232620741,1766193707.2538934
0.8820109963417053,-0.46499598026275635,0.5293864011764526,0.008502504459225737,-0.0009272956144618823,-1.2616993392094271,1766193707.2639616
0.882012665271759,-0.4657413065433502,0.5293115377426147,0.008374109419798683,-0.001196536824802707,-1.2617218003861577,1766193707.2640164
0.8820938467979431,-0.4658429026603699,0.529244601726532,0.009383923299317129,-0.00014708667962729625,-1.2631934596210528,1766193707.2739549
0.8824104070663452,-0.46628984808921814,0.529177188873291,0.00837300185024784,-0.0016173802003852011,-1.2623475537471815,1766193707.2839353
0.8826313614845276,-0.46676576137542725,0.529328465461731,0.007789377947370148,-0.001501208212297227,-1.2617806537526566,1766193707.2939353
0.882500410079956,-0.46724921464920044,0.5291973352432251,0.008783900746993588,-0.0011346094227681525,-1.2615495717342993,1766193707.3039384
0.8827446103096008,-0.4671515226364136,0.5293213725090027,0.007892348999498908,-0.0016608012061825616,-1.2616906494223106,1766193707.3139849
0.8825936913490295,-0.46720317006111145,0.5291332602500916,0.0078093114804256986,-0.0028441034829994076,-1.2612256778340718,1766193707.3140647
0.8827379941940308,-0.46724480390548706,0.5292443037033081,0.007568376224701086,-0.0026539405073829677,-1.2615074447087364,1766193707.3239543
0.8827671408653259,-0.46718984842300415,0.5292733311653137,0.00789552397766742,-0.002748271235974266,-1.2618009635422764,1766193707.3338976
0.8826663494110107,-0.4671013057231903,0.5291262269020081,0.007900355829651064,-0.002760514185762098,-1.2616212839840353,1766193707.3439262
0.8827646970748901,-0.4671487808227539,0.5291690826416016,0.007728332972849552,-0.0020460441339246018,-1.2618219088932614,1766193707.353978
0.8826907277107239,-0.46683692932128906,0.5291606783866882,0.007839557056400954,-0.00219588544804263,-1.2624992426345218,1766193707.3639374
0.8824704885482788,-0.4665941596031189,0.5291944742202759,0.008600677895252658,-0.0019671334307976964,-1.263629089708622,1766193707.3639941
0.882561445236206,-0.4659704566001892,0.5292243957519531,0.007816737495636595,-0.00282556976886975,-1.2645445755531164,1766193707.373903
0.8823323249816895,-0.46582186222076416,0.5292273163795471,0.008493875656264919,-0.002296551498101998,-1.2655569953897676,1766193707.383916
0.8824843168258667,-0.46480947732925415,0.5292995572090149,0.008498111900504325,-0.0027207592469588055,-1.267410803779656,1766193707.3938377
0.8826236724853516,-0.4640442132949829,0.5294409990310669,0.0088561355365438,-0.002736081089432712,-1.27024142578054,1766193707.4039285
0.8823819756507874,-0.46387457847595215,0.5291914343833923,0.009736301125495022,-0.002600049820601507,-1.2713470074221103,1766193707.4139667
0.8822399377822876,-0.4635402262210846,0.5290676951408386,0.009432097181580206,-0.003069882760670509,-1.2724098865806814,1766193707.4140472
0.8821617364883423,-0.4633028209209442,0.5291516184806824,0.008936244497930861,-0.003253251120887394,-1.274178204444844,1766193707.4238558
0.8821923732757568,-0.4626785218715668,0.5291739106178284,0.00775767603592908,-0.0041760596061952955,-1.2761452731635243,1766193707.433884
0.8823220729827881,-0.4622158110141754,0.529050350189209,0.00793301789976278,-0.00362991007262532,-1.2787547613052246,1766193707.4439294
0.8824681639671326,-0.4614947736263275,0.5292853713035583,0.008289968565817752,-0.003391267444883253,-1.2827370441275812,1766193707.4539483
0.8826515078544617,-0.46066412329673767,0.5290936231613159,0.008269074515654317,-0.0037039921603960234,-1.286246788298068,1766193707.4639912
0.8827418684959412,-0.4600907564163208,0.5292313098907471,0.008246199453520937,-0.004149937778850209,-1.2900620597838695,1766193707.4640477
0.8829176425933838,-0.45953038334846497,0.529112696647644,0.008027547292483119,-0.004714809173026298,-1.2940638555814044,1766193707.4739032
0.8829429149627686,-0.4590185880661011,0.5291293263435364,0.007969678797044804,-0.004315839117198732,-1.2978705579255378,1766193707.4839377
0.8832572102546692,-0.45832526683807373,0.5292460322380066,0.007588638836512128,-0.004544770150618295,-1.3028649147852611,1766193707.4939523
0.8832484483718872,-0.4577403962612152,0.5294995903968811,0.007398293795921047,-0.00386800309689777,-1.3074317448067978,1766193707.5039403
0.8835325241088867,-0.4571852684020996,0.5291965007781982,0.009063241647750358,-0.0024385553588211076,-1.3134927893892456,1766193707.5139532
0.8836537599563599,-0.4566046893596649,0.529488205909729,0.007041963672165808,-0.004112455640478118,-1.3171298502056854,1766193707.514037
0.884024977684021,-0.45588019490242004,0.5293242931365967,0.00856574118873292,-0.003052037205723041,-1.3237491442483453,1766193707.5239153
0.8844196200370789,-0.4554447531700134,0.5293446183204651,0.008726296542784107,-0.0027699925868450927,-1.329861420736623,1766193707.5439303
0.884782612323761,-0.4549042880535126,0.5292617678642273,0.008589129973516069,-0.0031869992595453776,-1.3360665145249748,1766193707.5439618
0.8850825428962708,-0.45461076498031616,0.529036819934845,0.009227637050036718,-0.003306913082855244,-1.3423005726448123,1766193707.553938
0.8856353163719177,-0.4536548852920532,0.5291478633880615,0.008945179578292661,-0.0037774907061682455,-1.3496466964416824,1766193707.5639727
0.8861247301101685,-0.45300203561782837,0.5291088223457336,0.008284114718169604,-0.004375666689404507,-1.3567271590901218,1766193707.5640304
0.8865578174591064,-0.4526937007904053,0.5292094349861145,0.00891876772995911,-0.003327192137626198,-1.363830552504406,1766193707.5738494
0.886848509311676,-0.4521770775318146,0.5290786027908325,0.009897925864144229,-0.0029101508543131985,-1.3718738169001665,1766193707.5839212
0.8876906633377075,-0.45149359107017517,0.5290346145629883,0.008589245161950103,-0.004154753102082953,-1.3801125543320811,1766193707.5939186
0.8880605101585388,-0.45134639739990234,0.5292055010795593,0.009372621874316525,-0.0035629180973679787,-1.3879625461787604,1766193707.6039536
0.8886754512786865,-0.4505370855331421,0.5289714932441711,0.009230596529952858,-0.004297133267132857,-1.397060065818587,1766193707.6139834
0.8892673850059509,-0.45023494958877563,0.5289978981018066,0.008340756133471666,-0.003642373651257546,-1.4062979199906458,1766193707.6140606
0.8888728618621826,-0.45033183693885803,0.5294339060783386,0.005717414443566163,-0.0027286014762406,-1.412186957913211,1766193707.623891
0.8908838033676147,-0.4493412971496582,0.5290859341621399,0.008817072425450037,-0.0035201839904828993,-1.425586969049307,1766193707.6438947
0.8912993669509888,-0.4493071138858795,0.5292053818702698,0.00949018705006131,-0.0038322705516989535,-1.4349345208727182,1766193707.6439383
0.8922240734100342,-0.44899117946624756,0.5291124582290649,0.00937134446211702,-0.0037178434900822267,-1.4454335376942424,1766193707.6538432
0.8931202292442322,-0.44817063212394714,0.5291095972061157,0.010057521314130765,-0.0028324561430720942,-1.457486577987707,1766193707.6639123
0.8942432403564453,-0.4477218985557556,0.5286042094230652,0.010408601147509081,-0.0030461464948802843,-1.4688455737435275,1766193707.6639364
0.8946321606636047,-0.44709378480911255,0.5291853547096252,0.008797468094206085,-0.0033276980036613685,-1.4795968391983316,1766193707.673863
0.8960295915603638,-0.44636550545692444,0.5289969444274902,0.010527507698373864,-0.003030445314423947,-1.493075703622932,1766193707.6839435
0.8969213366508484,-0.44587981700897217,0.5290008783340454,0.00951707809444933,-0.0037196877502443473,-1.5044615172202325,1766193707.6939847
0.897610068321228,-0.44565311074256897,0.5290674567222595,0.009997549505291041,-0.0033161406518015177,-1.5161224930199677,1766193707.7039669
0.8991913795471191,-0.4447490870952606,0.5287827849388123,0.010259478379850862,-0.0033579287495378563,-1.5291177582976367,1766193707.7139819
0.9003150463104248,-0.4438828229904175,0.52903813123703,0.008857776971125428,-0.0033927518377862708,-1.541637374340456,1766193707.7140636
0.9007676243782043,-0.443488746881485,0.529349148273468,0.009694253073861247,-0.0028120245739009227,-1.5524436396093795,1766193707.7240093
0.9014665484428406,-0.4433932900428772,0.5292556285858154,0.010419932952491133,-0.002417022991114098,-1.5641980801791502,1766193707.7339602
0.9023298621177673,-0.44265270233154297,0.529572606086731,0.00973303227353711,-0.002174873160565409,-1.5751766696636564,1766193707.7440014
0.903651237487793,-0.4420097768306732,0.5293236970901489,0.010889213835806235,-0.0016927225195785235,-1.587678983621392,1766193707.7539601
0.9044697880744934,-0.4417130947113037,0.5292332172393799,0.011514131409405787,-0.0010544871745936358,-1.598110477340331,1766193707.7640007
0.9054281115531921,-0.44091641902923584,0.5293776988983154,0.007439412993595257,-0.0047686640855820195,-1.60736544415377,1766193707.7640579
0.9062701463699341,-0.4404750168323517,0.5293636322021484,0.006765757318554585,-0.0050572721554287435,-1.6174524677766768,1766193707.7740486
0.9069207310676575,-0.44051358103752136,0.5292731523513794,0.011267290278417386,-0.0014777661824540687,-1.6270851817288674,1766193707.784002
0.9075266718864441,-0.44028714299201965,0.5293861031532288,0.011422388382786305,-0.001125791986213391,-1.6360031502862875,1766193707.7940228
0.909282922744751,-0.43947556614875793,0.5289517641067505,0.009730578231595519,-0.003390682003342593,-1.6446692500823812,1766193707.8039882
0.9090638160705566,-0.43933284282684326,0.5292529463768005,0.01204590684663665,-0.0019241970693647057,-1.6520451976783517,1766193707.8139875
0.9099867343902588,-0.4389432668685913,0.5290451645851135,0.012010547318170781,-0.002596943547211916,-1.6603912833776708,1766193707.82398
0.9107112884521484,-0.43896540999412537,0.5290562510490417,0.01104077998654452,-0.0016088092479134048,-1.6667683037011012,1766193707.8340137
0.9110849499702454,-0.4391196668148041,0.5286394357681274,0.01218785173982836,-0.0026394534640775567,-1.6721303463640451,1766193707.8340716
0.9117118716239929,-0.4387321174144745,0.5288752317428589,0.011704100712190243,-0.0030100103173329677,-1.6792715164142322,1766193707.843883
0.9123216271400452,-0.4386049211025238,0.5287813544273376,0.012162722552264799,-0.0031161760678080504,-1.6830442243160937,1766193707.8539221
0.9122692346572876,-0.4385620653629303,0.5288554430007935,0.012548074758862833,-0.002090393894841927,-1.688705484537754,1766193707.8639877
0.9134734869003296,-0.43823713064193726,0.5286807417869568,0.009834644007037143,-0.0039786364062965335,-1.6943197762415747,1766193707.8640544
0.9138811230659485,-0.43835410475730896,0.5287087559700012,0.009471755776134612,-0.003585242908358585,-1.6989172515984972,1766193707.8738804
0.9142935872077942,-0.4385968744754791,0.5286357402801514,0.009313804634910054,-0.003584460423431321,-1.7022413365953413,1766193707.8839192
0.9141142964363098,-0.43890130519866943,0.5286271572113037,0.011699355304727684,-0.0031330641700624846,-1.7068747303035372,1766193707.8939402
0.9145658016204834,-0.43920716643333435,0.5286708474159241,0.011491835421314255,-0.002513089033791264,-1.7110144170152772,1766193707.9039295
0.9154501557350159,-0.4393114447593689,0.5285950899124146,0.009143946824462481,-0.003455886006618662,-1.714781809698178,1766193707.914033
0.9156662225723267,-0.43965598940849304,0.5285013914108276,0.009170632197936788,-0.0038222181019725494,-1.7182498678050906,1766193707.9140913
0.9159612655639648,-0.4402382969856262,0.5284689664840698,0.009313889737381528,-0.0038313265971260365,-1.7222766115270598,1766193707.9239867
0.9161666035652161,-0.4408624768257141,0.5283600687980652,0.009483724958643648,-0.004299015113760767,-1.7258039490836887,1766193707.9340155
0.9160361886024475,-0.44122976064682007,0.528717041015625,0.011088845089461728,-0.003963829002998878,-1.7289688029876935,1766193707.953939
0.9165863394737244,-0.4419950544834137,0.5284771919250488,0.00949674061779006,-0.004256679056579565,-1.732796318225856,1766193707.9540179
0.9167540073394775,-0.44250059127807617,0.5287495851516724,0.00911397120913493,-0.0043797653911843825,-1.7357221401965102,1766193707.9639788
0.9169632196426392,-0.44346097111701965,0.5286931395530701,0.009453232703637005,-0.004470581969914235,-1.739279733303917,1766193707.9640353
0.9171913862228394,-0.4443834125995636,0.5286799669265747,0.009165912425538637,-0.004439248105441979,-1.743230828030281,1766193707.9739397
0.9171082973480225,-0.44523385167121887,0.5286943912506104,0.010363834818386342,-0.0036561772387379413,-1.7463620795605364,1766193707.983937
0.9174559116363525,-0.44631001353263855,0.5286025404930115,0.009146377681965486,-0.003792145200034792,-1.7499919921220537,1766193707.9939497
0.9176118969917297,-0.44717711210250854,0.5288155674934387,0.00971460487493106,-0.003346644112868075,-1.7531476622779631,1766193708.003977
0.9177375435829163,-0.4482734203338623,0.5286092162132263,0.009054514057353575,-0.0026623132718586614,-1.7565674434133696,1766193708.0139472
0.9176307320594788,-0.4495258629322052,0.5287471413612366,0.011109546606508118,-0.0021972558715489697,-1.7604818689849426,1766193708.014038
0.9177122116088867,-0.45070332288742065,0.5288249850273132,0.01111945029875409,-0.0021844840591102436,-1.763656123620383,1766193708.0239766
0.9181599020957947,-0.4517645239830017,0.5286201238632202,0.010194754454322679,-0.002732426146164954,-1.7672695119522697,1766193708.034026
0.9181597232818604,-0.45318102836608887,0.5287995934486389,0.009961359619951284,-0.0023327509670163296,-1.7708657828989582,1766193708.1239815
0.9182546138763428,-0.45608842372894287,0.5287556648254395,0.010358067793454303,-0.0027675829266088775,-1.777595794207336,1766193708.1240659
0.9184516668319702,-0.45747703313827515,0.5288180708885193,0.00953196143250484,-0.00330803677548774,-1.781054033634983,1766193708.124197
0.9181967377662659,-0.46380338072776794,0.5290800929069519,0.011152233733444044,-0.0033654242533353545,-1.7929091878593073,1766193708.1243465
0.9179335236549377,-0.4655551314353943,0.5289493799209595,0.011257647019297169,-0.0030400429573706933,-1.796717608261023,1766193708.1244733
0.9180113673210144,-0.46725302934646606,0.528972864151001,0.011319170490219441,-0.002828159706679449,-1.799420621583051,1766193708.1246238
0.918219268321991,-0.46913477778434753,0.5287728309631348,0.009636822616592608,-0.0035357259971053752,-1.8031824206372549,1766193708.1247365
0.9185440540313721,-0.47064733505249023,0.5294767022132874,0.010296183317950918,-0.005811175574709408,-1.8036587497393473,1766193708.133954
0.9179050326347351,-0.47280213236808777,0.5289638042449951,0.010081796815631719,-0.0035581208641274945,-1.808066513867199,1766193708.1439323
0.9179118871688843,-0.47518837451934814,0.5287966132164001,0.009396846750224477,-0.002900917576134404,-1.8113017017590092,1766193708.1539328
0.9174838066101074,-0.4770277440547943,0.5291506052017212,0.010808245188566289,-0.0028049647423141286,-1.813389141151975,1766193708.1639228
0.9175336360931396,-0.4795001149177551,0.5287458300590515,0.009360157907289085,-0.0025856082100772144,-1.816413548795035,1766193708.163942
0.9169113636016846,-0.48116761445999146,0.529207706451416,0.011674695816222483,-0.0029193108882638176,-1.817495442865557,1766193708.1739118
0.9170301556587219,-0.48393434286117554,0.5287798047065735,0.009860103372973907,-0.0027048240790883667,-1.8213070263471762,1766193708.1838977
0.9164389371871948,-0.48590052127838135,0.529070258140564,0.010019699069182982,-0.003493603434942054,-1.822570100726982,1766193708.1939497
0.9159789681434631,-0.4879656434059143,0.5291152596473694,0.01091126907631489,-0.0047010271846325315,-1.823113695396012,1766193708.2040186
0.9155949950218201,-0.49084681272506714,0.5288770198822021,0.010728675172807973,-0.0029880974920373144,-1.8269384650381892,1766193708.2138999
0.9152790904045105,-0.4933989942073822,0.5288518667221069,0.010404149602721045,-0.002916546757357903,-1.828605548779298,1766193708.2139525
0.9145428538322449,-0.4957157373428345,0.5290617346763611,0.011904056546627682,-0.0030237105158847813,-1.8300974265854932,1766193708.2239664
0.9142457246780396,-0.498213529586792,0.5287887454032898,0.01106821283121452,-0.003553846812871096,-1.831838536888933,1766193708.2339861
0.9136504530906677,-0.5010119676589966,0.5289892554283142,0.011481566394082212,-0.0034932709048698628,-1.8335442722348978,1766193708.2439947
0.9133771657943726,-0.5039522647857666,0.5288362503051758,0.010505992106320498,-0.003129953122755556,-1.835703223374553,1766193708.2539322
0.9125677347183228,-0.5066348314285278,0.5291987657546997,0.0115196289261258,-0.0029952395264525103,-1.8365937682126365,1766193708.2639322
0.9120004177093506,-0.5095695853233337,0.529097318649292,0.01172592675007561,-0.002900864747221764,-1.83869111515425,1766193708.2639868
0.9112488031387329,-0.5123459696769714,0.5291935205459595,0.01265987633734688,-0.0018406256016890018,-1.8396244725415976,1766193708.2739007
0.9109312295913696,-0.5153469443321228,0.529240608215332,0.011480783806635737,-0.00256053240658981,-1.8410101915647357,1766193708.2839103
0.9103276133537292,-0.5185246467590332,0.5291856527328491,0.011112766619695916,-0.0030992333724678745,-1.8420619229921131,1766193708.2939844
0.9099013209342957,-0.521450400352478,0.5291127562522888,0.010832817362605919,-0.0039042680782331585,-1.8437070596688556,1766193708.3039882
0.9089095592498779,-0.524986982345581,0.5293789505958557,0.011286575879201215,-0.0026651202705487427,-1.8442356693146182,1766193708.313956
0.9083999991416931,-0.5281370878219604,0.5291209816932678,0.011014750817703742,-0.002431505365202181,-1.8457591635071124,1766193708.3140204
0.9082093238830566,-0.5315718054771423,0.5295212268829346,0.010957651744070977,-0.003845954261268627,-1.846708850658914,1766193708.323948
0.9072633385658264,-0.5349336266517639,0.5293340682983398,0.011491831625786549,-0.0033723859272654397,-1.8487407886502925,1766193708.3339508
0.9066898226737976,-0.5383989810943604,0.5293905735015869,0.01076031210319617,-0.0036207314167938415,-1.8492822420794501,1766193708.3439314
0.90584796667099,-0.5416671633720398,0.5294218063354492,0.01107403756577712,-0.003156407548696891,-1.8503914792692768,1766193708.3540118
0.9050468802452087,-0.5453488230705261,0.5296962857246399,0.011038687596684487,-0.004269107749037919,-1.850949177200191,1766193708.363975
0.9043992161750793,-0.5488466024398804,0.5293905735015869,0.010067888136480565,-0.003763197533122177,-1.8527345241174769,1766193708.3640296
0.903583824634552,-0.5526067018508911,0.5293861627578735,0.009593394325733131,-0.004469102665316371,-1.8532425922158473,1766193708.3738983
0.9024919867515564,-0.556297242641449,0.5295687913894653,0.011041987489625735,-0.003913139243779609,-1.8542830412373748,1766193708.383989
0.9018629193305969,-0.5601557493209839,0.5293554663658142,0.010018116979888374,-0.004363717339431386,-1.855318095352193,1766193708.3940156
0.9007893204689026,-0.5640341639518738,0.5295571088790894,0.010671426857496617,-0.00405550578659864,-1.8558271000436064,1766193708.4039803
0.9001540541648865,-0.5678004026412964,0.5292149186134338,0.010534590543272692,-0.0043796167484059685,-1.8571057832450417,1766193708.4139333
0.8991885781288147,-0.5717901587486267,0.5295249223709106,0.01038149630215907,-0.0044769577750179935,-1.8576537523295342,1766193708.4139879
0.8982489705085754,-0.5757749676704407,0.5296100378036499,0.00998549965753754,-0.004231393481309424,-1.8575490425389805,1766193708.423973
0.8970498442649841,-0.5799515247344971,0.5293561816215515,0.0112841463568259,-0.0036156278414869827,-1.8588614160777952,1766193708.4339044
0.8961920738220215,-0.58408522605896,0.5294328331947327,0.010256040379280238,-0.004496294194235005,-1.8599924262734306,1766193708.443988
0.8950560092926025,-0.5882163643836975,0.5295974612236023,0.01019437234956305,-0.00445492352724225,-1.8591079318370272,1766193708.4539366
0.8940113186836243,-0.5924593806266785,0.5293431282043457,0.009711551611981742,-0.004534410516098439,-1.8602657335683521,1766193708.4638247
0.8929663896560669,-0.5966220498085022,0.5293791890144348,0.009800659018320106,-0.005026400705439975,-1.8608275726557433,1766193708.4638608
0.8919337391853333,-0.6010808348655701,0.5294339656829834,0.010033735642412545,-0.0051876911363279935,-1.8616470277925237,1766193708.4739623
0.8904288411140442,-0.60551518201828,0.5297611951828003,0.010471002623347428,-0.00424673903437581,-1.861586181390693,1766193708.4839854
0.8896234631538391,-0.6099742650985718,0.5294694304466248,0.010146530700706225,-0.004976624324584079,-1.8623179621174206,1766193708.4940062
0.8883315324783325,-0.614258885383606,0.529520571231842,0.011132452730873715,-0.005561318404074269,-1.8625920196605268,1766193708.503964
0.8872157335281372,-0.6190183162689209,0.52951979637146,0.01055223709645528,-0.004803122970081424,-1.8631110862700697,1766193708.5139556
0.8862612843513489,-0.6235811114311218,0.5296026468276978,0.010192465699085421,-0.005627023305991748,-1.8640311189668877,1766193708.5140274
0.8848503232002258,-0.6283152103424072,0.5296628475189209,0.011232009133198924,-0.004759788861824366,-1.8637049300597925,1766193708.5239875
0.8835995197296143,-0.633034884929657,0.5296482443809509,0.010705956659684534,-0.004781844420198175,-1.8642780306862148,1766193708.5339558
0.8824838995933533,-0.6377984881401062,0.5295228958129883,0.009565286779061521,-0.005559731464285151,-1.8644695781354685,1766193708.5439205
0.8812140822410583,-0.6426280736923218,0.5293840169906616,0.009941685506983563,-0.00526067439367919,-1.8646707315332152,1766193708.553983
0.8798500895500183,-0.6474190950393677,0.5296313166618347,0.01010997029818759,-0.005376763751581694,-1.8650269252692895,1766193708.563989
0.8783138394355774,-0.6524842977523804,0.5297948122024536,0.011466244856730994,-0.004262465089877962,-1.8655400440375045,1766193708.5640428
0.8769060969352722,-0.6574414372444153,0.5297852754592896,0.011585056621259708,-0.004112919153909697,-1.8651203741631022,1766193708.5739565
0.8757071495056152,-0.662405788898468,0.5299025177955627,0.010299375958070057,-0.004427385176755865,-1.865893127270165,1766193708.5839944
0.874278724193573,-0.6673664450645447,0.5298365950584412,0.010941258682370678,-0.004377912547938918,-1.8657795412256606,1766193708.5939565
0.8729165196418762,-0.6725183725357056,0.5299985408782959,0.011209262802363796,-0.003985971379476555,-1.8658738305179978,1766193708.6039739
0.8717946410179138,-0.6775422692298889,0.5298796892166138,0.010365038039793115,-0.0039725180779356,-1.8668842919668984,1766193708.6140049
0.8702835440635681,-0.6825359463691711,0.529956579208374,0.01130095747969693,-0.003037969438699953,-1.8668998698768262,1766193708.6140606
0.8690659999847412,-0.6875393390655518,0.5300586223602295,0.010795560941575664,-0.003456037791969755,-1.8671977100809614,1766193708.6239128
0.8675459623336792,-0.6925752758979797,0.5302451252937317,0.011498866465664084,-0.0028693983559854213,-1.8672984532004033,1766193708.633917
0.8663785457611084,-0.6975040435791016,0.5300513505935669,0.010975457296445846,-0.0026787996905602907,-1.8677046800260095,1766193708.6439543
0.8647963404655457,-0.7024015188217163,0.5302398800849915,0.011753777375162946,-0.00211645721707139,-1.8679400119008982,1766193708.6538913
0.8637087941169739,-0.7070615291595459,0.530083954334259,0.010963152945334296,-0.0020395167141991247,-1.8678294751832798,1766193708.6638842
0.8621530532836914,-0.7118306159973145,0.5303984880447388,0.0124723466545994,-0.0013860365704918053,-1.867458455770106,1766193708.6739266
0.8611153364181519,-0.7167479991912842,0.530143678188324,0.011356582498081172,-0.001314019310440442,-1.8682647845622515,1766193708.6739638
0.8595256805419922,-0.7215505242347717,0.5305315852165222,0.012093284152493939,-0.0009103854380697703,-1.8681078770110782,1766193708.6838255
0.8584868907928467,-0.7261090278625488,0.5304301381111145,0.011183348111633528,-0.0015197847734939988,-1.8679878327738024,1766193708.694026
0.8572566509246826,-0.7305142283439636,0.5302707552909851,0.011398261754707551,-0.0013042995937578871,-1.867883106458959,1766193708.703989
0.8560328483581543,-0.7347921133041382,0.5305189490318298,0.011270779266352553,-0.0016383649355762283,-1.8680262429536234,1766193708.7139645
0.8550089001655579,-0.7389764785766602,0.5307754874229431,0.010846488918606758,-0.0017095172076998398,-1.8680306292336708,1766193708.714041
0.85382080078125,-0.7432487607002258,0.5304296016693115,0.01098143174998229,-0.0012398220803703645,-1.868069584041296,1766193708.7239006
0.8525116443634033,-0.7474456429481506,0.5304834842681885,0.010676036278345364,-0.0018389327586311355,-1.868469756268011,1766193708.7339194
0.8517465591430664,-0.7515777945518494,0.5303748250007629,0.010018796770291202,-0.0017684981840771644,-1.8678791452610524,1766193708.7439668
0.850500226020813,-0.7552390694618225,0.5308355093002319,0.011605342349060683,-0.0017827887868019654,-1.867905936999058,1766193708.7539551
0.8496569991111755,-0.7589549422264099,0.5306965708732605,0.010777261356217429,-0.002657571010309232,-1.8683984758892676,1766193708.763947
0.8487492799758911,-0.7626230120658875,0.5305853486061096,0.010725160061504514,-0.0029098351373776986,-1.8683652349278748,1766193708.764001
0.8475237488746643,-0.7663180828094482,0.5307228565216064,0.011836273027602194,-0.002894234411028479,-1.8683924800797558,1766193708.7740126
0.8469612002372742,-0.7696058750152588,0.5309522151947021,0.010450062692431749,-0.003220433999804168,-1.867944719277982,1766193708.7839553
0.8457636833190918,-0.7734424471855164,0.5304969549179077,0.010199942615504663,-0.003648358440305247,-1.8689593138118723,1766193708.7939312
0.8451160192489624,-0.7769438624382019,0.530735194683075,0.010149031352457814,-0.0037884754922826495,-1.8683081886571653,1766193708.8039443
0.8439847230911255,-0.7802566885948181,0.5308660268783569,0.011436352930939954,-0.0029533453332651746,-1.868343514134235,1766193708.8139863
0.8434434533119202,-0.7835309505462646,0.5307292938232422,0.010354185452270561,-0.0037005130208288693,-1.8688539367866142,1766193708.8140633
0.8424034118652344,-0.7867679595947266,0.530854344367981,0.011292551190093099,-0.002515084463347641,-1.8687197516078355,1766193708.8239105
0.8418080806732178,-0.789749264717102,0.5307280421257019,0.010119699893351156,-0.003322602439273826,-1.8682924171550297,1766193708.8339126
0.8410191535949707,-0.793149471282959,0.5308067202568054,0.009687666866343567,-0.002963841435702392,-1.868476847475812,1766193708.8439229
0.8403543829917908,-0.7958260774612427,0.5311222672462463,0.010555669662257103,-0.003101574982299659,-1.8683530250371425,1766193708.8539162
0.8391048312187195,-0.7988953590393066,0.5310975313186646,0.011502815598469308,-0.0025718534626969184,-1.8674667908208258,1766193708.8639727
0.8385388255119324,-0.8016251921653748,0.5307519435882568,0.01071011078605653,-0.003143087307483388,-1.8674022384193052,1766193708.874022
0.8376296162605286,-0.8044729828834534,0.5307537317276001,0.01024242677635778,-0.003933869460091762,-1.8659652600934862,1766193708.8740773
0.8368777632713318,-0.8072263598442078,0.5308066010475159,0.010753214260043035,-0.0042533086783529475,-1.8653409410736066,1766193708.8839204
0.8359282612800598,-0.810060441493988,0.5309090614318848,0.01061987326451823,-0.004063587882795395,-1.8642696138525987,1766193708.8939161
0.835196852684021,-0.8125625252723694,0.5307767987251282,0.009698175708423067,-0.004467328058715653,-1.8631476309104957,1766193708.9039207
0.8342504501342773,-0.815159797668457,0.5308673977851868,0.010179628201878888,-0.004966177253151492,-1.8611848100395467,1766193708.9139068
0.833185076713562,-0.8176984190940857,0.5310481786727905,0.01093697437889115,-0.004507167675539743,-1.8583036764888212,1766193708.9139535
0.8325167894363403,-0.8200786709785461,0.5310423374176025,0.009842872472096654,-0.005117838642423371,-1.8563306186665038,1766193708.9238605
0.8317088484764099,-0.8227705955505371,0.5308796763420105,0.010424235163074143,-0.0045265014284872115,-1.8547952299613644,1766193708.9339583
0.8308286666870117,-0.8252763152122498,0.5308849215507507,0.010135017111060117,-0.004938755711794069,-1.851785174424688,1766193708.9439929
0.8299273252487183,-0.8278076648712158,0.5309554934501648,0.010266745998413004,-0.004742118690803904,-1.8486930499681196,1766193708.954013
0.8292092680931091,-0.8303733468055725,0.5310796499252319,0.009490407299184487,-0.004320752471713013,-1.8454785176424182,1766193708.9639742
0.8279255032539368,-0.8328971266746521,0.5312780737876892,0.010476600585730586,-0.0033331512137835806,-1.8404911361152876,1766193708.973965
0.8274065852165222,-0.8353508114814758,0.5309770107269287,0.009201449559526757,-0.004191287353073199,-1.837685396527257,1766193708.97405
0.8263264894485474,-0.8377050161361694,0.5310376882553101,0.009958959288530236,-0.003974259529824253,-1.8332838802916542,1766193708.9839323
0.8253517150878906,-0.8400731086730957,0.5309155583381653,0.009411218476955722,-0.004202739457036196,-1.8279907841944782,1766193708.9938898
0.8243815302848816,-0.8426831364631653,0.5310754179954529,0.00980344563509476,-0.003912564413550745,-1.8237774848198096,1766193709.0039291
0.8232221603393555,-0.8448315262794495,0.5312744975090027,0.010826103934437748,-0.0037463728831417975,-1.8179120751783506,1766193709.0140247
0.8223713636398315,-0.8471202850341797,0.5310624241828918,0.009821788865339963,-0.004542867415061564,-1.8131679495289335,1766193709.0140796
0.8210721015930176,-0.8496719002723694,0.5313200354576111,0.011192532766687384,-0.0035104990751432547,-1.8073318255640267,1766193709.0239644
0.820300281047821,-0.8514524102210999,0.531370997428894,0.010807392955887235,-0.005014210719033862,-1.800807258526903,1766193709.0339863
0.8192591071128845,-0.8538609743118286,0.5312137007713318,0.009818076095282872,-0.004286427147515125,-1.7950998165316108,1766193709.0439827
0.8183042407035828,-0.8562217950820923,0.5310904383659363,0.008812344147242503,-0.004140796262830965,-1.7892294737410215,1766193709.0539787
0.8170010447502136,-0.8581397533416748,0.5313364863395691,0.010168167719438738,-0.0050694735501293445,-1.7809380348601858,1766193709.0639856
0.8162843585014343,-0.8601157069206238,0.5314828753471375,0.010883001391115126,-0.004655835272257029,-1.7741636684944002,1766193709.064047
0.8148406147956848,-0.8625361323356628,0.531226634979248,0.012297445248052765,-0.003267866873342504,-1.7684415259249435,1766193709.073888
0.8143733739852905,-0.8644259572029114,0.5314438343048096,0.010177188862673716,-0.005421295220805402,-1.760536650814256,1766193709.0839453
0.8131698369979858,-0.8665481209754944,0.5314018130302429,0.010369114240695755,-0.004785434904593048,-1.753810090607743,1766193709.0939505
0.8121657371520996,-0.8686007857322693,0.5314827561378479,0.010234629784355843,-0.004568006896069005,-1.7456030872438422,1766193709.10397
0.8110326528549194,-0.8705414533615112,0.5314539074897766,0.011760934011566252,-0.004455083171378929,-1.7375125282137929,1766193709.1139514
0.8101999163627625,-0.8727063536643982,0.5313929915428162,0.011282675984779968,-0.003811137699387154,-1.7314522597466686,1766193709.1140335
0.8091842532157898,-0.8747608661651611,0.5311896204948425,0.009500621450261138,-0.004036038682006256,-1.7231095488398118,1766193709.12397
0.8085744380950928,-0.8765477538108826,0.5312331318855286,0.010517047152210598,-0.003905683126338072,-1.7154885677639555,1766193709.1339562
0.8074048161506653,-0.8784242272377014,0.5312904715538025,0.010210514695172165,-0.004284563334935359,-1.707899389262724,1766193709.143977
0.8063327074050903,-0.8803006410598755,0.5312937498092651,0.009883762605914552,-0.003596091017175216,-1.6999962630691776,1766193709.1540053
0.8053884506225586,-0.8820428252220154,0.5312612652778625,0.009438228376830341,-0.004471303826455515,-1.6918310950547242,1766193709.163963
0.8044929504394531,-0.8836904764175415,0.5314767956733704,0.010679645375881121,-0.0033019106083694845,-1.6836462015333065,1766193709.1640167
0.8040468692779541,-0.8850914835929871,0.531298041343689,0.010189627082613806,-0.004317397780121144,-1.6758271391588495,1766193709.1739693
0.8032692074775696,-0.8868740797042847,0.5312578678131104,0.009799059382616574,-0.0035891813191089605,-1.6680055084444383,1766193709.1839771
0.8022119402885437,-0.8885089755058289,0.5313944220542908,0.010136575200470472,-0.004335498178752344,-1.659311631046408,1766193709.19401
0.8013650178909302,-0.8897127509117126,0.5315508246421814,0.010054580446352239,-0.005019160396155258,-1.6518616235831003,1766193709.2039874
0.8007879853248596,-0.8912454843521118,0.5313904285430908,0.009911835163432393,-0.005285877167772118,-1.643256462692494,1766193709.2139418
0.7998230457305908,-0.8928370475769043,0.5312628149986267,0.009479282330867554,-0.005010069093785552,-1.6348131852744392,1766193709.21402
0.7993497252464294,-0.8941853642463684,0.5316202640533447,0.009152528401595115,-0.004697264277397998,-1.6265265299772222,1766193709.2239795
0.7985283136367798,-0.8954236507415771,0.5314456224441528,0.009754660735052757,-0.005400543772129261,-1.6180493683505126,1766193709.234015
0.7978420257568359,-0.8968635201454163,0.5314724445343018,0.010006235844196793,-0.004807185685990039,-1.6094809767470415,1766193709.24396
0.7970157265663147,-0.8979058861732483,0.5319281220436096,0.008980188469677606,-0.005674355336023651,-1.6010436824093832,1766193709.2540169
0.7961481213569641,-0.899109423160553,0.5321519374847412,0.008235945900612317,-0.006109786208557416,-1.5913655027274933,1766193709.2639394
0.7949642539024353,-0.9007402062416077,0.5320931077003479,0.010617288342329471,-0.002860192305240926,-1.5826636211793759,1766193709.2639937
0.7949066162109375,-0.9017627835273743,0.5318872928619385,0.009917405333633755,-0.004719474540612683,-1.573441303566623,1766193709.283979
0.794279932975769,-0.9031005501747131,0.5317807197570801,0.008361237246972306,-0.004490117565678793,-1.5640700811099888,1766193709.2840328
0.7932522892951965,-0.9040950536727905,0.5321161150932312,0.008105238161564282,-0.00635496617713164,-1.5551446032428802,1766193709.2940106
0.7926226854324341,-0.9052101969718933,0.5317928791046143,0.00986734428717048,-0.004388318854716981,-1.5466018145573734,1766193709.303975
0.7922213077545166,-0.9063701629638672,0.5319100618362427,0.008607405481073789,-0.004859706540138707,-1.5367824472170204,1766193709.3139844
0.7915018200874329,-0.9072621464729309,0.5316877961158752,0.00864904222773504,-0.0052719027147616485,-1.52798137629692,1766193709.3140607
0.7904077172279358,-0.9078927040100098,0.5319287180900574,0.009169292165799071,-0.0052304437504284255,-1.5198765068226385,1766193709.3339703
0.7894958257675171,-0.9090934991836548,0.5321123003959656,0.007108359681609182,-0.008146184624111326,-1.5109123821894113,1766193709.334047
0.7890596389770508,-0.9097173810005188,0.5321352481842041,0.008954370628317141,-0.005104299664311163,-1.5019059143373508,1766193709.3439138
0.7883038520812988,-0.9104606509208679,0.5322729349136353,0.00889097290614587,-0.0049818710270966935,-1.4938114125777635,1766193709.3539212
0.7877698540687561,-0.9113197922706604,0.5322304964065552,0.008252878804954804,-0.005357192077958157,-1.4849073347704735,1766193709.3639266
0.7870475649833679,-0.9119338393211365,0.5321186184883118,0.008875259448021889,-0.005498976968957727,-1.4763202998529996,1766193709.3639865
0.7865899205207825,-0.9124294519424438,0.532085657119751,0.008955134311934133,-0.0051335345791328636,-1.46861449470181,1766193709.3838468
0.7856768369674683,-0.9133050441741943,0.5318140983581543,0.00660683953670642,-0.0051249844742938,-1.460687799415065,1766193709.3838644
0.7854849100112915,-0.9135268926620483,0.5318664908409119,0.008193984647625241,-0.00494675375160062,-1.4518937562689904,1766193709.393924
0.7848941087722778,-0.9135058522224426,0.5320605635643005,0.00902483519685708,-0.0050854366646026885,-1.4447543247561239,1766193709.4039118
0.7840607166290283,-0.9141687154769897,0.5318476557731628,0.007148355512448495,-0.005024962644469686,-1.436684578990805,1766193709.413839
0.7838546633720398,-0.9143091440200806,0.5320568680763245,0.008069507483760925,-0.004927617463154043,-1.4298236529055004,1766193709.4138882
0.7835053205490112,-0.9145585298538208,0.5318624973297119,0.00820758345540403,-0.005565645350185301,-1.4234260813715476,1766193709.423977
0.7832197546958923,-0.914595365524292,0.5316861867904663,0.007870074346257252,-0.0065030440139675115,-1.415894521711695,1766193709.4339278
0.7821909189224243,-0.9147385358810425,0.532170832157135,0.006724551639916967,-0.0059130064860205295,-1.4088441004169414,1766193709.4439797
0.7815314531326294,-0.9146784543991089,0.5323772430419922,0.006862223827056942,-0.007241028922415381,-1.4024763640836948,1766193709.453981
0.7812695503234863,-0.9145393371582031,0.5319172739982605,0.007448694699495629,-0.0065214195063372634,-1.3976084605227141,1766193709.4639149
0.7807250022888184,-0.9145392179489136,0.5318803787231445,0.008226766873216515,-0.006318668458675833,-1.3919840052298489,1766193709.4639719
0.7798510789871216,-0.9142521619796753,0.5319330096244812,0.008140335562378698,-0.0061952128579822125,-1.3865091516231123,1766193709.4739325
0.7779295444488525,-0.914190411567688,0.532216489315033,0.0014363682109116882,-0.006016050676976532,-1.3774379980426763,1766193709.483884
0.7776641845703125,-0.9142059683799744,0.5321455001831055,0.0005387175052857798,-0.005987520175215384,-1.3712025908916354,1766193709.4939253
0.7786015272140503,-0.9143491387367249,0.5317283272743225,0.007529497495771568,-0.008891750494633449,-1.3723071507125195,1766193709.5039365
0.7785830497741699,-0.9140875339508057,0.531551718711853,0.008687083478851157,-0.008679138721112822,-1.3685384971064816,1766193709.5139272
0.7780086398124695,-0.9143161177635193,0.5315361618995667,0.009014381871853326,-0.00792373083709279,-1.3641660034236351,1766193709.5141137
0.7779614329338074,-0.9141883850097656,0.5315030813217163,0.00831234594612227,-0.008231253345903808,-1.3609056915370872,1766193709.5239522
0.777638852596283,-0.9142650365829468,0.5312643647193909,0.007587260337060743,-0.008348312061044087,-1.3579271232906416,1766193709.5339296
0.7769548296928406,-0.9142416715621948,0.5317739248275757,0.00733820380308517,-0.008572179553223864,-1.3540294637968926,1766193709.5439746
0.7771183252334595,-0.9143297076225281,0.5316618084907532,0.007772366310165114,-0.008803629610475122,-1.3513930021759,1766193709.5540242
0.7773278951644897,-0.9148802161216736,0.5313506722450256,0.007647996908519572,-0.00855400859920845,-1.347964376330339,1766193709.5639746
0.7766984701156616,-0.9148450493812561,0.5317405462265015,0.007797170501188799,-0.009098128332759808,-1.3460805260872988,1766193709.5640285
0.775072455406189,-0.9151097536087036,0.5325032472610474,-0.00016422329546660966,-0.0067460580586365185,-1.3372121923729907,1766193709.5740173
0.7764785885810852,-0.9154714345932007,0.5316823124885559,0.00742437189203721,-0.009576661658026302,-1.3411454201258932,1766193709.583989
0.7764079570770264,-0.9156988263130188,0.5317499041557312,0.007479893744660629,-0.009841180778220722,-1.339570252580284,1766193709.5940127
0.7764606475830078,-0.9160057306289673,0.5315746665000916,0.007610402451799961,-0.009322889458303474,-1.336793528853725,1766193709.603978
0.7764205932617188,-0.9169237017631531,0.5316099524497986,0.007656979513077085,-0.009506519298905216,-1.3338770668053812,1766193709.6139336
0.7763409614562988,-0.9176163673400879,0.5316565632820129,0.008032814674092822,-0.008183692097980711,-1.33188809812631,1766193709.6139889
0.7763655185699463,-0.9181925654411316,0.5316747426986694,0.007160878590024123,-0.008545499052958278,-1.329812061649157,1766193709.6239967
0.7766758799552917,-0.9194028377532959,0.5312766432762146,0.007698112443361246,-0.007133809755205585,-1.3273405542639483,1766193709.633846
0.7765676379203796,-0.9199920296669006,0.5314291715621948,0.007312899678909549,-0.008857127895306892,-1.3252644769715294,1766193709.6438923
0.7745971083641052,-0.9204922318458557,0.5321668982505798,-0.00018641477639665523,-0.00738917137546666,-1.3171754661814157,1766193709.6538606
0.7769126296043396,-0.9220418930053711,0.5314134359359741,0.006759090252027371,-0.008321085793124624,-1.319920446143829,1766193709.6638923
0.7771449089050293,-0.9230621457099915,0.5315032005310059,0.0065903811691356085,-0.008154049122586436,-1.3177499498836236,1766193709.663914
0.777270495891571,-0.9240883588790894,0.5315977334976196,0.006139420980926923,-0.008262336709904863,-1.3152911775623326,1766193709.673923
0.7774649858474731,-0.9249796867370605,0.5314702391624451,0.006745442659147724,-0.008830287361366,-1.3141252990988221,1766193709.6939876
0.7774816155433655,-0.9260119199752808,0.5314814448356628,0.0070760654593039615,-0.008402404539578108,-1.3120920819877098,1766193709.6940727
0.7773953080177307,-0.9269236922264099,0.5316991806030273,0.007233065386265111,-0.008995113744760117,-1.310689773317975,1766193709.7039425
0.7774305939674377,-0.9276542067527771,0.5319316983222961,0.0075902932362515345,-0.010398273933033378,-1.3089303257249778,1766193709.713976
0.77752685546875,-0.9290610551834106,0.5315951108932495,0.00836469014402722,-0.010260056838882708,-1.3069044886897203,1766193709.714065
0.777769148349762,-0.9307854771614075,0.5318208336830139,0.006814634824928611,-0.009040786349335956,-1.3047486336962404,1766193709.7239125
0.7778283953666687,-0.931960940361023,0.5318689346313477,0.006790819095417595,-0.00918434837460615,-1.303081598862353,1766193709.733914
0.7783026695251465,-0.9335948824882507,0.5319682359695435,0.006796890201190946,-0.010222746691839767,-1.2998174284326098,1766193709.7439668
0.7761249542236328,-0.9346247315406799,0.5321784615516663,0.00275767339297298,-0.009222776291375048,-1.293154079057112,1766193709.753964
0.7786883115768433,-0.9363564848899841,0.5322154760360718,0.00672746668358099,-0.012421734665043158,-1.2951434951135266,1766193709.7640028
0.7789890170097351,-0.9380835294723511,0.5317566990852356,0.00681264096859738,-0.008939195845499286,-1.2948394691750635,1766193709.76406
0.7793476581573486,-0.9397783279418945,0.53196120262146,0.006887037357693077,-0.008894864923104583,-1.2924941330006041,1766193709.773967
0.7797935009002686,-0.9408554434776306,0.5319743156433105,0.007280831355077892,-0.008835008159998905,-1.2921105438601141,1766193709.7840269
0.7801926136016846,-0.9430791735649109,0.5318995118141174,0.007178206699673378,-0.009032746561887645,-1.2889206552595847,1766193709.794019
0.7804412245750427,-0.9450699090957642,0.5319369435310364,0.0069915455801416665,-0.008105346465200827,-1.287052630182463,1766193709.8039758
0.7807208895683289,-0.9467008709907532,0.5320463180541992,0.006504568152894916,-0.009869774676327703,-1.2845421315013992,1766193709.8140328
0.7814477682113647,-0.949180006980896,0.5313872694969177,0.006448930747445419,-0.008476185518679492,-1.2822541436175885,1766193709.8239913
0.7818700075149536,-0.9511623978614807,0.5321789383888245,0.006450851220767419,-0.01017551428238865,-1.2793990016796424,1766193709.8240469
0.7824912667274475,-0.9530694484710693,0.531891942024231,0.007200644100573353,-0.01016686847098997,-1.27787387343605,1766193709.833977
0.7826477289199829,-0.9547091722488403,0.5317255258560181,0.007256616827880143,-0.0075349788951773215,-1.278027433473353,1766193709.843992
0.783196747303009,-0.9573802351951599,0.5314046144485474,0.006054668824248198,-0.00881927533263736,-1.2740186862763867,1766193709.8539789
0.7839006185531616,-0.959601104259491,0.5322468280792236,0.005896838621181689,-0.011008087476476539,-1.269778125213956,1766193709.8640022
0.7844762802124023,-0.961872935295105,0.5325308442115784,0.006374316519056677,-0.0118359381769637,-1.2673870526785778,1766193709.864059
0.7847537994384766,-0.9641419649124146,0.5319945216178894,0.006633736605086961,-0.010024055347224075,-1.2670998367307793,1766193709.874014
0.7854404449462891,-0.9664664268493652,0.5317434668540955,0.0066677249070799,-0.01001523418061168,-1.2647663305592356,1766193709.883972
0.7861644625663757,-0.9691196084022522,0.532378077507019,0.006455645330912726,-0.01084774980638564,-1.2617177649919245,1766193709.8939493
0.7870785593986511,-0.971466064453125,0.5320193767547607,0.006602334635917249,-0.01047499400947822,-1.2610034044485705,1766193709.9039905
0.7876573204994202,-0.9739689230918884,0.5318797826766968,0.006429187738668603,-0.009340500667365036,-1.2595193863013605,1766193709.914018
0.7886444926261902,-0.9769924879074097,0.5322480797767639,0.006622552579781264,-0.009305921241238708,-1.2556660804873399,1766193709.9140744
0.789164662361145,-0.9796300530433655,0.5324346423149109,0.006019395185013102,-0.009477954527519067,-1.2541587641542356,1766193709.923992
0.789973258972168,-0.9823021292686462,0.532202422618866,0.00656807521660421,-0.00947628067986067,-1.2532507398730772,1766193709.933909
0.7909843921661377,-0.9852662086486816,0.531784176826477,0.0064019355908339634,-0.008730485061311116,-1.2506982918608565,1766193709.943943
0.7917977571487427,-0.9883918166160583,0.5319950580596924,0.006163580018873535,-0.010036871122804852,-1.2488046735517289,1766193709.954021
0.7926716804504395,-0.9909327626228333,0.5321473479270935,0.006490521166837226,-0.008964616726697898,-1.2473988930849498,1766193709.9640086
0.7936460971832275,-0.994063675403595,0.5320510864257812,0.006412079543625665,-0.009162945221700422,-1.244851443286578,1766193709.9641285
0.7945126295089722,-0.9966763257980347,0.5323068499565125,0.007436588000349581,-0.00916873993222675,-1.2444729216716637,1766193709.9739323
0.7956163287162781,-1.0000734329223633,0.5321824550628662,0.00663342974882664,-0.008787767193642522,-1.2424792573355343,1766193709.9839332
0.7968437075614929,-1.003477931022644,0.5325846672058105,0.007068980594818868,-0.01080147546072765,-1.239918705365187,1766193709.9940608
0.7975627183914185,-1.0064823627471924,0.5322892069816589,0.0069932086260441175,-0.00892040273882564,-1.2389820006765386,1766193710.003973
0.7990822196006775,-1.0100657939910889,0.5322142839431763,0.006663995634308538,-0.009058789883595248,-1.2376589658301596,1766193710.014026
0.8001181483268738,-1.013190507888794,0.532311737537384,0.0067048326790186815,-0.010296899768189406,-1.2365317667204692,1766193710.0140843
0.8009660243988037,-1.0165166854858398,0.5322994589805603,0.006718434827045593,-0.009432003956347577,-1.2348886294240584,1766193710.0238576
0.8021363019943237,-1.0199031829833984,0.5324975848197937,0.007087928235269501,-0.008854423226602985,-1.2337671675622839,1766193710.033967
0.8032392263412476,-1.0232298374176025,0.5325512886047363,0.007009391370732649,-0.008143091249981553,-1.2330354855232792,1766193710.0439565
0.8044019341468811,-1.0264359712600708,0.5324773788452148,0.006403436514775266,-0.00985595013061732,-1.2317746459578198,1766193710.054029
0.8055816888809204,-1.030085802078247,0.5329784154891968,0.006302280201312919,-0.007031115776685367,-1.2314039779207842,1766193710.0639124
0.8072516322135925,-1.0339041948318481,0.5327772498130798,0.006625502479410372,-0.00817335146634961,-1.2295299006226772,1766193710.0639663
0.8086176514625549,-1.0371429920196533,0.5327885746955872,0.006532593964029004,-0.007518995045918228,-1.2295868779887777,1766193710.0739493
0.8099889159202576,-1.0412076711654663,0.5327925682067871,0.006548532979088894,-0.008034114865943224,-1.2274870543497693,1766193710.0839486
0.8110685348510742,-1.0447241067886353,0.5331667065620422,0.0059515139130207955,-0.008706945171226261,-1.226585516170963,1766193710.1039693
0.8128349184989929,-1.0490089654922485,0.5329189896583557,0.006763843546380879,-0.008394063927210512,-1.2250037101984257,1766193710.104023
0.8142457008361816,-1.0523931980133057,0.5331303477287292,0.006261166270028085,-0.008551537025039382,-1.2240826476782676,1766193710.1138887
0.815563440322876,-1.056860327720642,0.5328450202941895,0.005868536583292286,-0.008260744997027988,-1.2226633000472495,1766193710.1139426
0.8172332048416138,-1.060775637626648,0.5327532887458801,0.006211938536996509,-0.009592223507208644,-1.2230146194893257,1766193710.1239617
0.8187212347984314,-1.064904808998108,0.5329562425613403,0.006734202323029549,-0.009710160029817113,-1.2215762602736668,1766193710.133897
0.8201741576194763,-1.0687270164489746,0.5331846475601196,0.00643394351293112,-0.008416748020672582,-1.2208036571695828,1766193710.1439655
0.8214529156684875,-1.072953462600708,0.5329796671867371,0.006585674599110824,-0.009678661029789199,-1.21878165491986,1766193710.1539083
0.8232284188270569,-1.0772366523742676,0.5332097411155701,0.006333914149590119,-0.009744135234700718,-1.2184863995613189,1766193710.163943
0.8249669671058655,-1.0813490152359009,0.5329623818397522,0.005643803700842457,-0.008575580375976012,-1.2181805939702002,1766193710.1639977
0.8265377283096313,-1.0855644941329956,0.5336392521858215,0.006134148560282082,-0.009215854697313152,-1.2164411562003066,1766193710.1739087
0.8283778429031372,-1.089910864830017,0.5330697894096375,0.005722258200114244,-0.009326696520681917,-1.2165280881832823,1766193710.1839323
0.8300726413726807,-1.0941674709320068,0.5332193970680237,0.0053016514763244834,-0.008089930950645807,-1.2155110808199594,1766193710.1939192
0.8318386077880859,-1.0991973876953125,0.5331016778945923,0.005312145513987242,-0.0086633264717906,-1.2137276140448476,1766193710.2039382
0.8336621522903442,-1.1035187244415283,0.5336345434188843,0.005872422712159343,-0.007576162501648978,-1.2129138330534632,1766193710.2139103
0.8356678485870361,-1.1083019971847534,0.5331824421882629,0.005645408972033195,-0.0072425306729575695,-1.2127796880547421,1766193710.2139654
0.8372430801391602,-1.1129810810089111,0.533382773399353,0.005829830707446928,-0.008800751208506452,-1.211386088466662,1766193710.2239137
0.8392345309257507,-1.1177239418029785,0.5333870053291321,0.00562757895835548,-0.008102768499986089,-1.2109782546405963,1766193710.2339535
0.8408043384552002,-1.1222803592681885,0.5334591269493103,0.005117314282440504,-0.00765786771749775,-1.209286645044899,1766193710.2438846
0.8430671095848083,-1.1273469924926758,0.5335023999214172,0.005457169924777095,-0.009231812590995805,-1.2089856978613687,1766193710.253946
0.8449351787567139,-1.132002353668213,0.5336376428604126,0.005436619161958972,-0.008528220493584236,-1.2086150017239308,1766193710.263904
0.8465502262115479,-1.1366376876831055,0.5337638258934021,0.004615909270552358,-0.008780749595218912,-1.2074717427381205,1766193710.2639573
0.8487613201141357,-1.1418185234069824,0.5334532260894775,0.0049574928401245315,-0.008923875808219843,-1.207612865550612,1766193710.2738633
0.8508127331733704,-1.146721601486206,0.5334872007369995,0.005465531973642052,-0.009385072328097415,-1.2080312749577362,1766193710.2839813
0.8530948162078857,-1.1516660451889038,0.5338050723075867,0.005580944517849682,-0.009972554540359085,-1.2091971560608834,1766193710.293949
0.8553485870361328,-1.1568154096603394,0.5333067774772644,0.005100925848606421,-0.008674453962770865,-1.2090219242757438,1766193710.3039405
0.856342613697052,-1.1614879369735718,0.5343733429908752,0.0040028032952814825,-0.007677177809831221,-1.209845387579259,1766193710.3139052
0.8591480255126953,-1.166570782661438,0.5339567065238953,0.005592065062652913,-0.007847261863673885,-1.2102205467348688,1766193710.3139577
0.8613082766532898,-1.171746850013733,0.5338733196258545,0.005998194069209762,-0.007512100822581024,-1.210555747651079,1766193710.3239539
0.8634613752365112,-1.1767581701278687,0.5339320302009583,0.005737006851215808,-0.0061963893780519,-1.2120085800710014,1766193710.333882
0.8652434945106506,-1.1814385652542114,0.5345012545585632,0.00467305830718751,-0.00602460122565209,-1.2150258528211595,1766193710.343949
0.8679065108299255,-1.1865183115005493,0.5339971780776978,0.005555302693642,-0.006056759925978182,-1.2160043263626654,1766193710.3539512
0.8698903322219849,-1.1914079189300537,0.534170389175415,0.005838947988593049,-0.006626440634191089,-1.218415323902117,1766193710.3639314
0.8723139762878418,-1.1962586641311646,0.5342576503753662,0.005638836782436987,-0.005185136159393543,-1.2221332682051862,1766193710.3639872
0.8748762607574463,-1.200857162475586,0.534512460231781,0.0055992768088822175,-0.006022113004975918,-1.2257851095964916,1766193710.373964
0.8770734071731567,-1.2057092189788818,0.5344215035438538,0.005857682753016965,-0.00497942585319507,-1.2296639172259411,1766193710.3839507
0.8789573907852173,-1.210031270980835,0.5346598625183105,0.004784205060712035,-0.004595874348255636,-1.2343519738013777,1766193710.393976
0.8813930153846741,-1.214314341545105,0.5344483256340027,0.005548879627219534,-0.004435507086467695,-1.2384511644747083,1766193710.4039679
0.8834239840507507,-1.2179524898529053,0.534720778465271,0.006329323921248591,-0.0021011712754772376,-1.2455211383210218,1766193710.4139566
0.8848955631256104,-1.2229490280151367,0.5352197289466858,0.003459770354408506,-0.0033239705066905796,-1.248431702727321,1766193710.4140363
0.8877824544906616,-1.227365255355835,0.5347999334335327,0.005228872210198457,-0.004220495423471098,-1.254204674632137,1766193710.4239697
0.8897445797920227,-1.2317314147949219,0.5347811579704285,0.004473594539577808,-0.004408299298704782,-1.2593888896073746,1766193710.4339526
0.8916318416595459,-1.2357958555221558,0.5349791646003723,0.004497257546496098,-0.003816841184194939,-1.2662009236765515,1766193710.4439886
0.8927456140518188,-1.2394939661026,0.5354746580123901,0.0004578581153743758,-0.001575476221646471,-1.2674447605702053,1766193710.4539478
0.8961057662963867,-1.2435013055801392,0.535085141658783,0.005391101637711045,-0.0028580817829535724,-1.2775214747694503,1766193710.46393
0.8981297612190247,-1.247868299484253,0.5351376533508301,0.005080314220334149,-0.003723018330295405,-1.2822095383042895,1766193710.4639847
0.899787187576294,-1.2515039443969727,0.5354547500610352,0.0052961765016931,-0.002671967534033951,-1.288446248422778,1766193710.4739635
0.9018487930297852,-1.2548043727874756,0.5353916883468628,0.006039343922709773,-0.0017621777842403705,-1.295762649751435,1766193710.4839482
0.9023932218551636,-1.2583352327346802,0.5357387661933899,0.002654684467772641,-0.0005540256382261925,-1.2962347527109348,1766193710.4939756
0.9041392803192139,-1.262370228767395,0.5357244610786438,0.0010993643932891712,-0.0003557125380388917,-1.3004173277102031,1766193710.5039556
0.9058961868286133,-1.2656264305114746,0.5357635021209717,0.0027888474446295594,-0.0001597526070523184,-1.3074974235731116,1766193710.5139868
0.9073812365531921,-1.269445776939392,0.5359908938407898,0.0011504267354545473,0.00014469049954440343,-1.3111304691586114,1766193710.5140705
0.9102209806442261,-1.27298104763031,0.5352724194526672,0.005518805748210984,-0.0022487816118962113,-1.3225507192001837,1766193710.5238504
0.9117687344551086,-1.276106834411621,0.535481333732605,0.005281476878702852,-0.002643067981827198,-1.3278522175978287,1766193710.5338852
0.9122893214225769,-1.2795089483261108,0.5357840657234192,0.001672457644238675,-0.0012629603981461688,-1.3291721742408553,1766193710.5439818
0.9139692187309265,-1.282957911491394,0.5359132289886475,0.004573136267961362,-0.004311525778501635,-1.337740505819323,1766193710.5539165
0.9154804944992065,-1.286078929901123,0.535719096660614,0.005709370336428203,-0.003936500141674565,-1.3422153861805597,1766193710.563993
0.9171539545059204,-1.2895182371139526,0.5355439782142639,0.005039783856011077,-0.0036711728961666976,-1.346324566043311,1766193710.564048
0.9183842539787292,-1.292231559753418,0.5356689095497131,0.005296504718639674,-0.0037411417412259447,-1.3516535772971445,1766193710.5740178
0.9197303652763367,-1.2952044010162354,0.5356680750846863,0.005468705110132085,-0.0029656467085782227,-1.356175868224465,1766193710.5839486
0.9209057092666626,-1.2981961965560913,0.535735011100769,0.005461245212678946,-0.0034211452015767705,-1.3606394751696413,1766193710.5939662
0.922005832195282,-1.3012293577194214,0.535618007183075,0.006156631131869691,-0.003736614708207645,-1.3642779994368353,1766193710.6039793
0.923079252243042,-1.303974986076355,0.5356719493865967,0.005830748058982244,-0.003688481975643601,-1.3684649465641867,1766193710.6139674
0.9241761565208435,-1.3067954778671265,0.535588264465332,0.005963134747887154,-0.004074546692416326,-1.3721633898780725,1766193710.6140764
0.925301730632782,-1.309838056564331,0.5354788303375244,0.0058879940272094965,-0.0034673207226189407,-1.3748101657747804,1766193710.6239173
0.9252210259437561,-1.3128026723861694,0.5357978940010071,0.00331592574514827,-0.004429810369287281,-1.3785468892005386,1766193710.6339562
0.9260959625244141,-1.3157309293746948,0.5358846187591553,0.0037707564767695224,-0.00498116693804123,-1.382475620857695,1766193710.6439774
0.9277325868606567,-1.3178497552871704,0.5357670187950134,0.005850922965956001,-0.0036915590293168403,-1.3837580140714174,1766193710.65398
0.9285283088684082,-1.3207356929779053,0.5357036590576172,0.00605692123115473,-0.003763054314494974,-1.3861317800884154,1766193710.6639917
0.9288157820701599,-1.3232978582382202,0.5358709692955017,0.005879662001015306,-0.005139764808391845,-1.3881289854513446,1766193710.6640456
0.9296233057975769,-1.3262814283370972,0.5360315442085266,0.005279416140456812,-0.005574500003573387,-1.3884479142404156,1766193710.6739767
0.9306973218917847,-1.3285818099975586,0.5357872247695923,0.005808947903413778,-0.004672451715724227,-1.3901047456816098,1766193710.6839812
0.9314815998077393,-1.3311922550201416,0.5356072187423706,0.0061448414548704745,-0.003985587434613172,-1.3912544399546527,1766193710.6939816
0.9322805404663086,-1.3337774276733398,0.5356377363204956,0.005916583890392469,-0.0038987627270616046,-1.3928027382063102,1766193710.7039852
0.932782769203186,-1.3363407850265503,0.5360044240951538,0.005568412171794317,-0.004084912542877046,-1.3921250999029033,1766193710.713984
0.9332908391952515,-1.3392400741577148,0.5358045101165771,0.005761240071486188,-0.004727689073777055,-1.3918006522970268,1766193710.7140703
0.9336864352226257,-1.3414785861968994,0.53577721118927,0.006584989536127578,-0.003941833226214422,-1.39205527658314,1766193710.723986
0.9341163635253906,-1.3439242839813232,0.5360058546066284,0.007085564105256864,-0.004467928849503719,-1.3917563137572975,1766193710.7339792
0.9349978566169739,-1.3465725183486938,0.5358693599700928,0.00551520734266787,-0.0038663673454753223,-1.3918307680131672,1766193710.7439795
0.9353000521659851,-1.3486961126327515,0.5358675122261047,0.006040174812575105,-0.004124063072842902,-1.3917805768275602,1766193710.754014
0.9359121322631836,-1.351351022720337,0.5356218814849854,0.005931602375351982,-0.003959603837410512,-1.3906921873143092,1766193710.76398
0.9362574815750122,-1.3532707691192627,0.536139190196991,0.0060630504529196995,-0.003721550685905102,-1.3913820383417868,1766193710.764034
0.9369090795516968,-1.3558295965194702,0.535790205001831,0.006141994617594574,-0.003549071056400213,-1.3904665606244695,1766193710.7739794
0.9365265965461731,-1.3578211069107056,0.5364079475402832,0.005845519647280098,-0.00519620881095191,-1.3910990418369655,1766193710.783979
0.937049150466919,-1.3600897789001465,0.5362683534622192,0.00630486688683122,-0.004946912567974885,-1.390801281290591,1766193710.7939875
0.9379236698150635,-1.3617045879364014,0.5360926389694214,0.006119243141340583,-0.0034773485953252256,-1.3913174271425832,1766193710.8039937
0.938323438167572,-1.3636655807495117,0.5358466506004333,0.006383105428552577,-0.00415386871011396,-1.3909467066033283,1766193710.813987
0.9391029477119446,-1.365691065788269,0.5356897711753845,0.006459958610272843,-0.00342232374195048,-1.3925585354480563,1766193710.8140712
0.9391568899154663,-1.3673114776611328,0.5363247990608215,0.006193007728654862,-0.005033912265302391,-1.3935010500118639,1766193710.8239489
0.9395898580551147,-1.3691697120666504,0.5362236499786377,0.006294338057510536,-0.0041534714758741835,-1.3934336771971014,1766193710.8339272
0.9400554895401001,-1.3706871271133423,0.5361332297325134,0.0071312625399338175,-0.004778715061100095,-1.3954700019129544,1766193710.8439875
0.9403928518295288,-1.3724479675292969,0.5363565683364868,0.006228014800279484,-0.005463202283807119,-1.3980531217344883,1766193710.8539572
0.941312849521637,-1.3736995458602905,0.5358114242553711,0.006454191442331666,-0.004753713643000937,-1.3999935242777006,1766193710.8639576
0.9417272210121155,-1.3751659393310547,0.5359095931053162,0.006365651411058391,-0.004509816438840615,-1.4022846462288328,1766193710.8640132
0.9423084855079651,-1.376599907875061,0.5359602570533752,0.006695715823606029,-0.0051611751848734426,-1.4053368664095636,1766193710.8739557
0.9426274299621582,-1.3778902292251587,0.5359688401222229,0.006915021159945459,-0.0051825841953746675,-1.4079759683233781,1766193710.8839426
0.9432581663131714,-1.3792362213134766,0.536099374294281,0.006419674458090889,-0.004741949497651735,-1.410475419805878,1766193710.8939753
0.9437549710273743,-1.380298376083374,0.5358769297599792,0.007203702894078418,-0.0041593779543273954,-1.4154223767616567,1766193710.9039671
0.9444687366485596,-1.3814955949783325,0.5359107851982117,0.007020890514909653,-0.003750388403813112,-1.4191595915041744,1766193710.9139564
0.9446853995323181,-1.3832205533981323,0.5359682440757751,0.006863421504385572,-0.005200694296797115,-1.421148517801638,1766193710.9239247
0.9454774260520935,-1.3836052417755127,0.5359505414962769,0.007071332179911216,-0.0036185363339107015,-1.426835377885604,1766193710.923978
0.9456843733787537,-1.3851778507232666,0.5361989736557007,0.0076500234824625766,-0.0035544512723280153,-1.4305965530991835,1766193710.9339
0.9466872811317444,-1.3860441446304321,0.5361183285713196,0.00656779817726368,-0.0026871835270634572,-1.4353799546528478,1766193710.943953
0.947287917137146,-1.3871804475784302,0.5360053181648254,0.006722295275685931,-0.0037150085069395963,-1.440018371330292,1766193710.9539545
0.9476425647735596,-1.3880141973495483,0.535847008228302,0.007895148451149818,-0.0031660770585996926,-1.4446801573027468,1766193710.963969
0.9485849142074585,-1.3888912200927734,0.5360574722290039,0.006977939590380028,-0.0030601785604460487,-1.4506066732020444,1766193710.9640243
0.9487609267234802,-1.3897713422775269,0.5359682440757751,0.007727680696341535,-0.004203239966912033,-1.4550482426917464,1766193710.9739242
0.9491236805915833,-1.3909004926681519,0.5363554358482361,0.005047243605841447,-0.004904052951738667,-1.4599135079140257,1766193710.983979
0.9492936134338379,-1.3918458223342896,0.5365123748779297,0.0041433178743884224,-0.004091187934265703,-1.4643759096140532,1766193710.9939582
0.9493875503540039,-1.3925023078918457,0.5367467999458313,0.005249130845014639,-0.003826464189717031,-1.46942859640306,1766193711.003938
0.950011670589447,-1.3931161165237427,0.536611795425415,0.0042250954089218485,-0.004364273453075405,-1.4746821454358041,1766193711.0139406
0.9511483907699585,-1.3938349485397339,0.5364396572113037,0.00329199939819094,-0.004022751542750363,-1.4801397731934687,1766193711.0239773
0.951309859752655,-1.3943384885787964,0.5364659428596497,0.005751840288135831,-0.004473290655147953,-1.48558922710349,1766193711.0240326
0.9522280693054199,-1.3951148986816406,0.5365105271339417,0.00390374666227949,-0.003433771161305956,-1.4904563391812542,1766193711.0338786
0.9519785046577454,-1.3953877687454224,0.5366735458374023,0.002650534503190398,-0.0025350999596041816,-1.4929173700261056,1766193711.0439177
0.9526784420013428,-1.396026611328125,0.5366343259811401,0.004355203006813954,-0.0028267258469442226,-1.4984693072064086,1766193711.0539274
0.9540442228317261,-1.3964266777038574,0.5362071990966797,0.006831848087202219,-0.003061947153720872,-1.5041157961254483,1766193711.0639396
0.9540842175483704,-1.3969557285308838,0.5363479852676392,0.0069452457544378395,-0.0014612743730736052,-1.5070859362167461,1766193711.063972
0.9548981785774231,-1.397013783454895,0.5358344912528992,0.007458731147643553,-0.0026173024177738066,-1.5106781289926912,1766193711.0739875
0.9553267359733582,-1.397217869758606,0.5358335375785828,0.008164002855484319,-0.0023254259720506274,-1.5152667579334913,1766193711.083935
0.9552849531173706,-1.3972500562667847,0.5360973477363586,0.007715405861469437,-0.002050665538741051,-1.5183544866771919,1766193711.0939481
0.9557573795318604,-1.3971576690673828,0.5361396670341492,0.008145361708584382,-0.0024236438669539362,-1.5224703367651529,1766193711.1039321
0.955822229385376,-1.3972054719924927,0.5362218022346497,0.008180950809712206,-0.002692819038984368,-1.5246816176253282,1766193711.113941
0.955841064453125,-1.3972221612930298,0.5362568497657776,0.007898773825307832,-0.0029403589632830147,-1.5267458602335529,1766193711.1239846
0.9561795592308044,-1.3968391418457031,0.5362929105758667,0.007341122563922565,-0.0024867968026323446,-1.5300649598444325,1766193711.124039
0.9565003514289856,-1.3966972827911377,0.5361509919166565,0.00708781136386622,-0.0029897973214241254,-1.5323179524206765,1766193711.1339552
0.956561803817749,-1.396705985069275,0.5359901785850525,0.007666988346459715,-0.0034115609736772596,-1.5333724799449184,1766193711.1439261
0.9564613103866577,-1.3969181776046753,0.5359858870506287,0.007419968280697614,-0.004198371107041223,-1.5336305925791627,1766193711.1539795
0.9566167593002319,-1.3966176509857178,0.5361714363098145,0.006532041102479134,-0.003999630920153426,-1.5353001456389994,1766193711.1639683
0.9563243985176086,-1.3964459896087646,0.5361741185188293,0.00813746706718896,-0.002358935782110863,-1.5363870546250185,1766193711.164024
0.9561679363250732,-1.3962430953979492,0.5365476608276367,0.005946483840952165,-0.0027033862988344666,-1.5359833910660252,1766193711.1739016
0.9559086561203003,-1.3959723711013794,0.5365080833435059,0.006476318562170164,-0.00235022819795308,-1.5360361408330396,1766193711.1839883
0.956400454044342,-1.3954823017120361,0.5364387631416321,0.00577723759304032,-0.003768202030995165,-1.537070399609947,1766193711.1939662
0.9563429355621338,-1.395161509513855,0.5362368822097778,0.005870726093974186,-0.0039820364275555435,-1.53687526613415,1766193711.2039433
0.9557783007621765,-1.3949874639511108,0.5365270376205444,0.0054174352781294274,-0.0028880190825854796,-1.535409656153831,1766193711.2139
0.9556837677955627,-1.3946359157562256,0.5364686250686646,0.0062951652791082705,-0.0032087778305695297,-1.535116972032321,1766193711.213957
0.9557110667228699,-1.3943084478378296,0.5365328788757324,0.006199347412412586,-0.003285053866054431,-1.5345847403713424,1766193711.2239387
0.9555798172950745,-1.394004464149475,0.5361153483390808,0.005226174754283068,-0.004897746577221149,-1.534089673198428,1766193711.2339315
0.955841600894928,-1.393540859222412,0.536218523979187,0.006975437352846057,-0.0050898048539118985,-1.533372666250905,1766193711.2439685
0.9552988409996033,-1.3930532932281494,0.5363648533821106,0.006471261459080242,-0.004214792568871116,-1.5302316867475185,1766193711.2539494
0.9552523493766785,-1.3928948640823364,0.5363239645957947,0.006600744955066311,-0.004835539469622612,-1.5303329530157768,1766193711.2639554
0.955042839050293,-1.3924351930618286,0.5364391803741455,0.005740575422812748,-0.005064322476921355,-1.528677111284616,1766193711.2640073
0.955068826675415,-1.3920719623565674,0.5363646745681763,0.005603266804931037,-0.005370502921355285,-1.5275556524166984,1766193711.2739518
0.9548575282096863,-1.391795039176941,0.5363686680793762,0.005462867383264185,-0.005208541726292197,-1.525928590077861,1766193711.2839878
0.9548548460006714,-1.391517996788025,0.5361902713775635,0.006410389730326624,-0.005712820576006754,-1.5250207832247045,1766193711.293925
0.9547693133354187,-1.3914000988006592,0.5361537337303162,0.006332572852802527,-0.006071277890901628,-1.5234544694957661,1766193711.3039882
0.9547812938690186,-1.3910775184631348,0.5362395644187927,0.005819340670964076,-0.0053753262025685354,-1.5226021399167764,1766193711.3139467
0.9546465277671814,-1.3909311294555664,0.5360399484634399,0.007292320697054821,-0.005589486736886353,-1.5214476902496081,1766193711.3141234
0.9543665051460266,-1.3908343315124512,0.5361723899841309,0.006870756685432203,-0.0056091137099142,-1.5202091216886147,1766193711.323977
0.9544639587402344,-1.3906375169754028,0.535971462726593,0.007637376854324693,-0.005559257361252865,-1.5188688524686524,1766193711.334014
0.9545865058898926,-1.3905516862869263,0.5360897183418274,0.006403185134664404,-0.004773432630713714,-1.5181761734387391,1766193711.3440175
0.954087495803833,-1.3904142379760742,0.5363249182701111,0.005197560298478782,-0.005157736392749989,-1.517061121836459,1766193711.354014
0.9545580148696899,-1.3902465105056763,0.5360249280929565,0.006500807683024287,-0.005056424073668667,-1.516933859634187,1766193711.3639674
0.953942060470581,-1.3900773525238037,0.536292552947998,0.004902692294487753,-0.005129278792858589,-1.5158945134541464,1766193711.364023
0.9543144106864929,-1.3900479078292847,0.5360849499702454,0.0062206884589802135,-0.005245211127860815,-1.5161493535990782,1766193711.37402
0.9543609619140625,-1.3899486064910889,0.5360931158065796,0.006213868568759734,-0.005510487481310368,-1.5161192782183943,1766193711.3839898
0.954377293586731,-1.3899832963943481,0.5360668301582336,0.006153738219269796,-0.005325777683892322,-1.5162424347037382,1766193711.393931
0.9544212222099304,-1.389991283416748,0.5360639095306396,0.006090810968355396,-0.00526178993346256,-1.5165145398884972,1766193711.4039872
0.9546504020690918,-1.390041708946228,0.5360192656517029,0.006484794812663508,-0.005200731265803152,-1.5172966207912555,1766193711.4140196
0.9542552828788757,-1.3900980949401855,0.536327064037323,0.005077701571877614,-0.005142848691720598,-1.517579796950095,1766193711.4140759
0.9541786909103394,-1.3901331424713135,0.5363693833351135,0.0060465786770048475,-0.004899274945604368,-1.5184092170695818,1766193711.4339745
0.9541780352592468,-1.3902370929718018,0.5364203453063965,0.005912511804284312,-0.004639014447938771,-1.5194378101612347,1766193711.4340549
0.9546449184417725,-1.3903398513793945,0.5362873077392578,0.004860416908607827,-0.004867673165381275,-1.5207123557368343,1766193711.443928
0.9545515775680542,-1.3904476165771484,0.536190390586853,0.00613555536377147,-0.005638952033747571,-1.5220947216403373,1766193711.45397
0.9546813368797302,-1.3905256986618042,0.5363377332687378,0.005468665710862816,-0.005194742721389931,-1.5239921570050527,1766193711.463941
0.9547476172447205,-1.390718698501587,0.5363596081733704,0.004899811410164457,-0.005023728693255966,-1.5251875148106864,1766193711.4639971
0.9548307061195374,-1.3907639980316162,0.5362318754196167,0.006296064335849707,-0.005218464957731593,-1.5270483296886963,1766193711.4740114
0.9546660780906677,-1.3909947872161865,0.536561131477356,0.005411385914843445,-0.003884676314736958,-1.5277045707584174,1766193711.4839413
0.9558432102203369,-1.3912255764007568,0.5358752608299255,0.008710358289915369,-0.004198834391260983,-1.5320040036637332,1766193711.494012
0.9559807777404785,-1.3912354707717896,0.5358123183250427,0.008818387223439639,-0.005097932232410782,-1.534571494946416,1766193711.5039861
0.9556339383125305,-1.3914271593093872,0.5363637804985046,0.005684810564780065,-0.005573725002546503,-1.5365462681186588,1766193711.513973
0.9558497071266174,-1.3915472030639648,0.5362996459007263,0.003435272757619231,-0.004921599897370453,-1.5387270658994936,1766193711.5140455
0.9562072157859802,-1.3916523456573486,0.5364711880683899,0.005089589510372108,-0.005206354420955495,-1.5422840240759441,1766193711.533974
0.9561139941215515,-1.3917973041534424,0.5365210175514221,0.0056482907079878,-0.005793541400735935,-1.5459188183315191,1766193711.5340545
0.9575022459030151,-1.3920481204986572,0.5359092950820923,0.007365920820920894,-0.004251674184074648,-1.549729551238297,1766193711.5439718
0.9577354192733765,-1.3920313119888306,0.5357049107551575,0.008308716519745048,-0.0048680232979675065,-1.5534167304857476,1766193711.5539865
0.9579569101333618,-1.3922220468521118,0.5359251499176025,0.00821336283313999,-0.004765078413815754,-1.557110660050228,1766193711.5639377
0.9575384855270386,-1.39214026927948,0.536340594291687,0.006889117380409517,-0.004691991676251071,-1.5610377529442248,1766193711.5639954
0.9581118226051331,-1.391973853111267,0.5362539291381836,0.007660580344075755,-0.0026015581874049573,-1.5648261861824881,1766193711.5739298
0.9586407542228699,-1.3921573162078857,0.535959005355835,0.007579236531211839,-0.004333508966095675,-1.5699907935725688,1766193711.5838773
0.9591914415359497,-1.3922709226608276,0.5359256863594055,0.00958069242428237,-0.0034362072105635203,-1.5754943554400402,1766193711.593914
0.9597695469856262,-1.3916904926300049,0.5359811782836914,0.008386492824035549,-0.004029020344217045,-1.5814778881626492,1766193711.6039944
0.9599133729934692,-1.3918588161468506,0.5361644625663757,0.0074826990587631365,-0.004427868470124089,-1.5851522675875727,1766193711.6139746
0.9601565003395081,-1.3918513059616089,0.5362705588340759,0.006938620105592293,-0.005287093969663617,-1.5911056295203148,1766193711.6239796
0.9604767560958862,-1.3919687271118164,0.5365890860557556,0.006248861273354817,-0.004056918820463509,-1.5959309596164104,1766193711.6240346
0.9615945219993591,-1.392018437385559,0.5363438725471497,0.005647212731291584,-0.004520106452227026,-1.6025293326889345,1766193711.6339808
0.9623799324035645,-1.3918665647506714,0.5360316038131714,0.007728404758070575,-0.004156056623674983,-1.6083659417475469,1766193711.6438413
0.9634571075439453,-1.3915767669677734,0.5360187292098999,0.007282883113742134,-0.004122601536282118,-1.6140595224018432,1766193711.6538434
0.963958203792572,-1.3914588689804077,0.5358448028564453,0.007540600610406193,-0.003662422712178071,-1.6212251479733824,1766193711.6638677
0.963681161403656,-1.391249418258667,0.5366212725639343,0.004656638355711803,-0.0038343058823770036,-1.6260205054168755,1766193711.6638906
0.9637694954872131,-1.3913542032241821,0.5366291403770447,0.006072272094574539,-0.0035322897560279344,-1.633707059504421,1766193711.673871
0.9648650288581848,-1.3908659219741821,0.5359880924224854,0.007799234880659883,-0.004724687786179631,-1.6423664274941738,1766193711.683922
0.9657204747200012,-1.3910287618637085,0.5355337858200073,0.007138803751222765,-0.0042235048993233045,-1.6502636903756913,1766193711.6938896
0.9661450386047363,-1.390537142753601,0.5358502864837646,0.008111568103447922,-0.004528181187627616,-1.6577069411044696,1766193711.7038865
0.96689772605896,-1.3902040719985962,0.5359084010124207,0.008256699585580321,-0.004254187607532547,-1.666239213253743,1766193711.7139285
0.9674872159957886,-1.3899928331375122,0.5357951521873474,0.008583333689357075,-0.00470670621681157,-1.6746959283767675,1766193711.7140791
0.9683720469474792,-1.3897535800933838,0.5356356501579285,0.008149960005966043,-0.0043806758223708915,-1.6837209117338128,1766193711.7238495
0.9692395329475403,-1.3891783952713013,0.5361670255661011,0.007512542717005266,-0.0048714130945168455,-1.6930406429456055,1766193711.7339053
0.9698924422264099,-1.3890012502670288,0.5361274480819702,0.007404109749544178,-0.0050308501148066355,-1.7012377685790954,1766193711.743963
0.9707772135734558,-1.3889418840408325,0.5356437563896179,0.0075116569255117135,-0.004418122883892417,-1.7105471806526593,1766193711.7539093
0.9716570377349854,-1.3883192539215088,0.5358041524887085,0.008713199484008482,-0.005309950013475998,-1.7191042271544956,1766193711.7638996
0.9722207188606262,-1.3879930973052979,0.536077082157135,0.007877797235829922,-0.005685905937574508,-1.7284510168156673,1766193711.7639556
0.9732760190963745,-1.3882094621658325,0.53583163022995,0.008795808788726194,-0.0030566058976385733,-1.7370665352790027,1766193711.7739098
0.9742063283920288,-1.387487530708313,0.5358019471168518,0.008048193624781666,-0.004468347701489616,-1.746298957888243,1766193711.7839494
0.9748278856277466,-1.3872376680374146,0.5356883406639099,0.008399943176833811,-0.003954022928212301,-1.754117981894013,1766193711.7939029
0.9756410717964172,-1.3872677087783813,0.5359103679656982,0.009116041343307835,-0.002642862515194608,-1.7631103870696514,1766193711.8039095
0.9761686325073242,-1.3869773149490356,0.5359064340591431,0.009337831471446695,-0.0022775015487066937,-1.7696179916637382,1766193711.813885
0.9767115116119385,-1.386763572692871,0.5359838008880615,0.008952382296712505,-0.0029981689355609944,-1.7776936048093703,1766193711.8139386
0.9779531955718994,-1.385952353477478,0.5358424186706543,0.007848211551795352,-0.004033676935930526,-1.7859322338439574,1766193711.8238854
0.9786438345909119,-1.3856759071350098,0.535728394985199,0.007930802650554496,-0.004261427066314019,-1.7923843663309438,1766193711.8439548
0.9792670011520386,-1.3857189416885376,0.5358036160469055,0.00785789288926607,-0.004275281114447946,-1.7982703060968686,1766193711.8440099
0.9799244999885559,-1.3855020999908447,0.5357137322425842,0.008139049415995967,-0.0045677054359388024,-1.804806924371527,1766193711.853904
0.9802988171577454,-1.3854005336761475,0.5357096195220947,0.008503650116692947,-0.003613419878002289,-1.8102327774136702,1766193711.8639357
0.9808618426322937,-1.3848179578781128,0.5358780026435852,0.007414217850599183,-0.003821812469920314,-1.8158063657256427,1766193711.864008
0.9814043045043945,-1.3847829103469849,0.5356853604316711,0.008009576343705565,-0.0040055732114602505,-1.8208948028204375,1766193711.8739576
0.9815027117729187,-1.3846280574798584,0.5358151197433472,0.009125370105130075,-0.002975352558325182,-1.8249164142105123,1766193711.8839386
0.9819535613059998,-1.3843148946762085,0.5356443524360657,0.008649692047886097,-0.004078403716101491,-1.82848617982566,1766193711.8939447
0.9824090600013733,-1.3841959238052368,0.5358925461769104,0.008337970161577241,-0.0037622233702744997,-1.831251196772256,1766193711.903962
0.9827297925949097,-1.3840444087982178,0.5359088182449341,0.008696032343193827,-0.0037608359259916433,-1.8343741110778269,1766193711.913943
0.9828367233276367,-1.3836392164230347,0.5358361601829529,0.008738127462249685,-0.004005797556935739,-1.8369220180008479,1766193711.9140291
0.9830237627029419,-1.3835177421569824,0.5357396006584167,0.008483535651052783,-0.004568087946685636,-1.8381849483247776,1766193711.9239476
0.983204185962677,-1.38346529006958,0.5357793569564819,0.008320721771248218,-0.004599177436170578,-1.8395192446158224,1766193711.9339447
0.9831823110580444,-1.383606195449829,0.5358250737190247,0.008547079326226796,-0.0037636348789677233,-1.8405650910142177,1766193711.9439623
0.9832818508148193,-1.3834480047225952,0.5358368754386902,0.008642382796834998,-0.0036198646195352226,-1.8416750010960115,1766193711.954035
0.9835152626037598,-1.383179783821106,0.5359618663787842,0.008648876755920236,-0.004321290088332949,-1.8415343127282178,1766193711.9639986
0.9835615754127502,-1.3831380605697632,0.5358515977859497,0.008119055009500852,-0.00417713334438653,-1.8412046203915018,1766193711.9640746
0.9834778308868408,-1.3833791017532349,0.535888135433197,0.009010231136650353,-0.003801299763198505,-1.84188425958536,1766193711.9738884
0.9834976196289062,-1.3832334280014038,0.5359135866165161,0.008721310040176544,-0.004650804279718193,-1.8410931647220614,1766193711.9839208
0.9834120869636536,-1.3833450078964233,0.5359601378440857,0.00866938141346402,-0.00494612160298909,-1.8401231591571405,1766193711.993945
0.9833399057388306,-1.383423924446106,0.5358902215957642,0.009567779207427686,-0.004408410308595007,-1.8399546231504682,1766193712.0039802
0.983220636844635,-1.3834847211837769,0.5358576774597168,0.00970084842889961,-0.0042800403761802846,-1.8391201481149024,1766193712.0139756
0.9829815626144409,-1.3834911584854126,0.5358731150627136,0.009430244522603586,-0.004211621019577078,-1.8375374671435676,1766193712.0140612
0.9827814102172852,-1.3837772607803345,0.5358231663703918,0.009483984644173759,-0.004508889903694223,-1.8359169347273476,1766193712.0239882
0.9826304912567139,-1.3841170072555542,0.5358952283859253,0.009185122847944914,-0.004056406580611291,-1.8339636783555406,1766193712.034026
0.9823902249336243,-1.384028434753418,0.5359403491020203,0.00881753755862098,-0.0035814175249364163,-1.832272651266823,1766193712.043929
0.9820913672447205,-1.3840705156326294,0.5359556078910828,0.008999987014614972,-0.004089303523982494,-1.8315470071821232,1766193712.0540226
0.982056736946106,-1.3837939500808716,0.5355734825134277,0.007825330347815308,-0.0039072963683301825,-1.828952796333462,1766193712.0639749
0.9817896485328674,-1.384232759475708,0.5357303619384766,0.008634786178877427,-0.003632020752231293,-1.8277431075206492,1766193712.0640302
0.9816762208938599,-1.3844456672668457,0.5355961918830872,0.007977364368735267,-0.003202404730632988,-1.8257824326212178,1766193712.0739737
0.9814707040786743,-1.3847155570983887,0.5358636975288391,0.009013717309405539,-0.0031861501790970055,-1.8251920103747548,1766193712.08399
0.9815942645072937,-1.3847429752349854,0.5356526374816895,0.008581914875139318,-0.003787707179982848,-1.824238718411824,1766193712.0940106
0.981369137763977,-1.3848284482955933,0.5358843207359314,0.009585707796379801,-0.0033598790343420627,-1.8242891611519407,1766193712.1039648
0.9815793037414551,-1.3847280740737915,0.5357996225357056,0.008585893332780715,-0.004065330291346356,-1.8223192152965055,1766193712.1139662
0.981456458568573,-1.3847723007202148,0.5358891487121582,0.008880285028944465,-0.0037208188582554696,-1.8214969966674566,1766193712.1141336
0.9813560247421265,-1.3847286701202393,0.535771369934082,0.008703916022723846,-0.003802555754300485,-1.820085378962401,1766193712.1239924
0.9811475872993469,-1.3847169876098633,0.5357506275177002,0.008783420097333029,-0.004128624164539765,-1.818803658194771,1766193712.1339765
0.9806251525878906,-1.384677767753601,0.5358308553695679,0.006502149307208697,-0.0035472318220795863,-1.8154335096738374,1766193712.1439652
0.9806591868400574,-1.3846864700317383,0.5357496738433838,0.007198322223195374,-0.0031253101840800113,-1.8144746978105228,1766193712.153982
0.980277955532074,-1.3849198818206787,0.5357488393783569,0.007199589511664969,-0.003352789394222857,-1.81146043840856,1766193712.1639736
0.9803380966186523,-1.3850257396697998,0.5356786847114563,0.00752205611529547,-0.0036630739344651877,-1.8104456203118438,1766193712.1640284
0.980152428150177,-1.3851972818374634,0.5356147885322571,0.007227477392406435,-0.003112369636731496,-1.8089397263046871,1766193712.1740222
0.9800829887390137,-1.3852990865707397,0.5356065034866333,0.007995564786919731,-0.0032280212381603167,-1.807510790391061,1766193712.1839817
0.9800577163696289,-1.385420560836792,0.5356175899505615,0.008271681384235703,-0.00475167102307534,-1.8060203424392707,1766193712.1940556
0.9798865914344788,-1.3854026794433594,0.5357440114021301,0.008231236013171456,-0.004372554147349566,-1.80434427166414,1766193712.203966
0.9796915650367737,-1.3853042125701904,0.5357651114463806,0.00870593097049832,-0.003913876642499798,-1.8016540456880232,1766193712.2140102
0.9795081615447998,-1.3853870630264282,0.5358825325965881,0.008432196012709852,-0.004509354039712897,-1.7991785584045663,1766193712.2140706
0.9789681434631348,-1.3854739665985107,0.5359682440757751,0.008892475296763677,-0.0028708028271466467,-1.7963642648306277,1766193712.2239232
0.9790107011795044,-1.3853704929351807,0.5356478095054626,0.007909491943352573,-0.004022948790661107,-1.7928156213182276,1766193712.2339172
0.9788371920585632,-1.385369896888733,0.5356395244598389,0.008358610408748732,-0.0046486773951934035,-1.7900499996850454,1766193712.253985
0.9782359004020691,-1.3853954076766968,0.5357372164726257,0.008039366623188994,-0.00464742241973256,-1.785727101614603,1766193712.2540708
0.9778664708137512,-1.3854601383209229,0.5357957482337952,0.008094633808559312,-0.005205767592559777,-1.7813717941889655,1766193712.2639759
0.9774665832519531,-1.3854353427886963,0.5357583165168762,0.008100961342928828,-0.004749335607608412,-1.7768913429344306,1766193712.2640316
0.9770774245262146,-1.385667324066162,0.5356136560440063,0.008169780760789962,-0.004698549810397607,-1.771522927527948,1766193712.2739284
0.9764060974121094,-1.3861054182052612,0.5356037616729736,0.00824795638454632,-0.0040429870806080286,-1.7661341398480388,1766193712.283991
0.9757875800132751,-1.3862196207046509,0.5356059074401855,0.008782611606797086,-0.0038551187607407055,-1.7603144282562164,1766193712.293965
0.9754235148429871,-1.3862205743789673,0.5356639623641968,0.008470756269570483,-0.004207016602751276,-1.7545068837279847,1766193712.303972
0.9745689630508423,-1.3865481615066528,0.5360496640205383,0.009194474101980024,-0.0031506430106641825,-1.7485196072030154,1766193712.313985
0.9745844602584839,-1.386535882949829,0.5357047319412231,0.007683670850696036,-0.005065496525213438,-1.742618752990212,1766193712.3140714
0.9742192029953003,-1.3865151405334473,0.535785436630249,0.007728291754840009,-0.004745966894886801,-1.7365853181365447,1766193712.323973
0.9734200239181519,-1.3868776559829712,0.5357518196105957,0.008247206982638849,-0.004733325609357012,-1.7312528909823375,1766193712.3340235
0.972952127456665,-1.3871204853057861,0.5356699228286743,0.008188114087214496,-0.005015796102819038,-1.725486568551241,1766193712.3439956
0.9721583724021912,-1.3873445987701416,0.5359804630279541,0.008232708100190453,-0.004549253638356995,-1.7193612157128446,1766193712.3539746
0.9719269871711731,-1.3875486850738525,0.5355511903762817,0.008521184831475638,-0.004517336989002587,-1.7147577432688184,1766193712.3639731
0.9712356925010681,-1.3875993490219116,0.5357659459114075,0.008481922720561409,-0.004369600561326137,-1.7087532836851163,1766193712.374013
0.9706453084945679,-1.3878264427185059,0.5356590151786804,0.008896898043228236,-0.004906488036296126,-1.7048847722698446,1766193712.374073
0.9703565239906311,-1.38803231716156,0.5356653332710266,0.009002644294206379,-0.004873372439180085,-1.7011155380333016,1766193712.3839889
0.9687290191650391,-1.3881546258926392,0.5364644527435303,0.0060354663688348105,-0.0015527669866156055,-1.691882433436435,1766193712.393987
0.9694886207580566,-1.3882489204406738,0.5360405445098877,0.00820500682007364,-0.0035516565043142117,-1.6935298618702284,1766193712.403975
0.9691514372825623,-1.3883246183395386,0.5355531573295593,0.007673311294111246,-0.004481136797061036,-1.6910730288327407,1766193712.4140172
0.9688138365745544,-1.3881478309631348,0.5359541177749634,0.008139631460276978,-0.004110328849300175,-1.6877730190265443,1766193712.414077
0.9687476754188538,-1.3883386850357056,0.535875678062439,0.008460218514321084,-0.004193463557612046,-1.685656449074535,1766193712.4239852
0.9686955809593201,-1.3884966373443604,0.5357570648193359,0.008352576654448506,-0.004445502256524023,-1.6852036221830526,1766193712.4340255
0.9686742424964905,-1.3884265422821045,0.5356957316398621,0.00847976380939476,-0.004461019014147566,-1.68397493401846,1766193712.4439864
0.9686896800994873,-1.3885588645935059,0.5356493592262268,0.008592169849802721,-0.0047026414078445685,-1.6847116763705707,1766193712.4539368
0.9687231779098511,-1.3883975744247437,0.5358034372329712,0.008575240372825631,-0.004500189592275485,-1.684417088111791,1766193712.4639919
0.9687723517417908,-1.388504981994629,0.5357493162155151,0.008632906733307699,-0.004617936655479031,-1.6860236611436363,1766193712.4640489
0.9688684940338135,-1.3883589506149292,0.5357270240783691,0.008817800239377376,-0.004461162838745508,-1.6879020637407518,1766193712.4738803
0.9690621495246887,-1.3883018493652344,0.5356219410896301,0.007992521115626358,-0.004685275584307084,-1.6895722121904848,1766193712.4839857
0.969436764717102,-1.388065218925476,0.5357176065444946,0.007383051939051036,-0.005057745269473183,-1.692013077641495,1766193712.493987
0.9693590998649597,-1.3883156776428223,0.5360415577888489,0.008783998526975869,-0.003538703370237958,-1.6936079308000889,1766193712.503996
0.96895831823349,-1.3882118463516235,0.5364231467247009,0.0067942091123011725,-0.002905528316168898,-1.6938827791000401,1766193712.5139382
0.9700999855995178,-1.3880274295806885,0.5356425046920776,0.008865376519451771,-0.004878296348411548,-1.699584636265037,1766193712.514018
0.9702928066253662,-1.3877832889556885,0.5355336666107178,0.00869804891022126,-0.005062233356084028,-1.7025073723730668,1766193712.5239275
0.9705217480659485,-1.3876490592956543,0.5355582237243652,0.008639571271049544,-0.004732322362422516,-1.7055367726445843,1766193712.5340104
0.97090083360672,-1.3875433206558228,0.5356605052947998,0.008148886047385154,-0.004584620401749038,-1.7083785429377336,1766193712.5439734
0.9711898565292358,-1.387362003326416,0.5358105897903442,0.008306351985934523,-0.00398981292787689,-1.7106041787808302,1766193712.553979
0.9712543487548828,-1.3875974416732788,0.5359876751899719,0.008943109765564075,-0.003046232707059822,-1.7132156317297842,1766193712.5639856
0.9718962907791138,-1.3871833086013794,0.5357074737548828,0.008412207510282753,-0.004361496497846054,-1.7178236838846541,1766193712.5640428
0.9721352458000183,-1.3869946002960205,0.5359450578689575,0.008158444334254045,-0.004183294263084961,-1.7205396729058888,1766193712.5739098
0.9726079106330872,-1.3868896961212158,0.5356643199920654,0.00782597730127837,-0.004674656168459918,-1.7234681184252658,1766193712.5839734
0.9728728532791138,-1.3868228197097778,0.5356183052062988,0.00823650377345386,-0.004843062130702409,-1.7261721590270462,1766193712.5939763
0.9730263352394104,-1.3869240283966064,0.5357338786125183,0.008749873270356874,-0.004056844312346821,-1.7287195454700974,1766193712.6039703
0.9731584191322327,-1.386628270149231,0.5357426404953003,0.008204284313596105,-0.004856289758482642,-1.7301155589741701,1766193712.6140144
0.9731970429420471,-1.3866201639175415,0.5357064604759216,0.008397462933446618,-0.004533815842666344,-1.7316218923455016,1766193712.614076
0.9732206463813782,-1.3866409063339233,0.5356049537658691,0.008589982806271493,-0.0044659298974446746,-1.7324767458773032,1766193712.6239772
0.9733473658561707,-1.3865635395050049,0.535710871219635,0.008372475287077576,-0.004708698628600722,-1.7335964860670698,1766193712.633983
0.9733152389526367,-1.3865247964859009,0.5357232093811035,0.008651357512256373,-0.004256072295471307,-1.7341878228386531,1766193712.643985
0.9733419418334961,-1.3864730596542358,0.5357838273048401,0.008473265450030083,-0.004283038600726019,-1.7343716317854687,1766193712.6540217
0.973186194896698,-1.3865643739700317,0.5357918739318848,0.008773310819298948,-0.003939197244072697,-1.7340494097343964,1766193712.6639752
0.9733312129974365,-1.3865820169448853,0.5357946753501892,0.008407127850421855,-0.0043624546723540275,-1.7338109043312675,1766193712.6640298
0.9732831716537476,-1.3866528272628784,0.5357646942138672,0.008106623664106192,-0.00459610258452124,-1.7327360351891083,1766193712.6739752
0.9731244444847107,-1.3868693113327026,0.5357622504234314,0.00841179092882937,-0.0046579829604913425,-1.7317971881724534,1766193712.6840003
0.972895622253418,-1.3870617151260376,0.5357952117919922,0.008367346675549269,-0.004765852404902533,-1.7302555742141934,1766193712.6939783
0.9730380177497864,-1.3871593475341797,0.5355692505836487,0.00813912489600302,-0.0054796796636834635,-1.7292549373220798,1766193712.703988
0.9727539420127869,-1.3875032663345337,0.5355965495109558,0.008361616777025507,-0.004863327339772001,-1.727606935959515,1766193712.7139866
0.9726495742797852,-1.3875439167022705,0.5356338620185852,0.007995951507629875,-0.005898667933104582,-1.7260273722856325,1766193712.7140698
0.9722325801849365,-1.3880250453948975,0.5356176495552063,0.008479279410260701,-0.005400754539807577,-1.7238084422945374,1766193712.723987
0.971968412399292,-1.3882478475570679,0.5357481837272644,0.008292772809433005,-0.005302949762506486,-1.721521095031945,1766193712.7339797
0.9718306064605713,-1.3884925842285156,0.5356085300445557,0.008186352113132178,-0.005583970510098798,-1.7205489488040462,1766193712.7439868
0.9716007709503174,-1.3889756202697754,0.5355973839759827,0.008443748692235482,-0.0055248872910362975,-1.718045431120773,1766193712.7539887
0.9715083241462708,-1.3892704248428345,0.5356205701828003,0.008478408951032534,-0.006338491178284821,-1.7162055943730887,1766193712.7639563
0.9711995124816895,-1.3901346921920776,0.5355437994003296,0.008645080161816818,-0.005448019618395465,-1.714034840881538,1766193712.7640116
0.9708179831504822,-1.39093017578125,0.5358464121818542,0.008990467131431298,-0.004493356518872126,-1.7119761891159255,1766193712.7740123
0.9705047607421875,-1.391526222229004,0.5359085202217102,0.008702546478444796,-0.004665271277853071,-1.709824554958623,1766193712.7839847
0.9701703190803528,-1.3924036026000977,0.5358598828315735,0.009537111027349427,-0.004252193856856104,-1.7076215062025801,1766193712.7939866
0.9699233770370483,-1.3927011489868164,0.536129891872406,0.009102923239735584,-0.004295110202110711,-1.706357515224291,1766193712.803996
0.9702240824699402,-1.3936872482299805,0.5358601808547974,0.0077807515166310745,-0.004557630090775298,-1.7047292577494297,1766193712.8139281
0.9700606465339661,-1.3944319486618042,0.535735547542572,0.00766191374759236,-0.005395771889570657,-1.703613832280902,1766193712.8139842
0.9696742296218872,-1.3952741622924805,0.5357597470283508,0.007845203183248068,-0.005735544833254251,-1.7017413740035474,1766193712.8239663
0.969486653804779,-1.3962401151657104,0.53577721118927,0.008249166935231124,-0.005438296943334374,-1.6999624410378986,1766193712.8339872
0.9690771698951721,-1.3968894481658936,0.5357304215431213,0.008565872123842038,-0.005460712201228558,-1.6993794598195244,1766193712.8439867
0.9690828323364258,-1.3982245922088623,0.5352359414100647,0.007812241665847485,-0.005587572761223634,-1.6980497225684974,1766193712.853981
0.9689834713935852,-1.3992937803268433,0.5353718400001526,0.00805713081777884,-0.005345609569041102,-1.6971560762719795,1766193712.8639946
0.9685808420181274,-1.4001929759979248,0.535484790802002,0.008491320082892842,-0.005492740592620601,-1.696094294307161,1766193712.8640497
0.9685137867927551,-1.4009901285171509,0.5357526540756226,0.008415434868589942,-0.006182339761089782,-1.6955870350328481,1766193712.8739288
0.9683417081832886,-1.4026528596878052,0.5356701016426086,0.008311551896427282,-0.005339030239543303,-1.6935082861657864,1766193712.8839636
0.9677311182022095,-1.4036314487457275,0.5361453890800476,0.0074122461203049725,-0.004648385984184124,-1.6924786705243666,1766193712.8939674
0.9682115316390991,-1.404592514038086,0.5358480215072632,0.008607940143042747,-0.00589924897731465,-1.694471911367851,1766193712.9039686
0.9679135084152222,-1.4059500694274902,0.5356791615486145,0.008252174846404245,-0.005862427368245086,-1.693330635602485,1766193712.9139643
0.9676988124847412,-1.4073493480682373,0.5357657670974731,0.008105633879270298,-0.005407161528161275,-1.691599452049037,1766193712.9239762
0.9677540063858032,-1.4089714288711548,0.5356358289718628,0.00792613917847129,-0.005828276399376289,-1.6923220344011058,1766193712.924031
0.9676018357276917,-1.4101649522781372,0.5358566045761108,0.007935594080130092,-0.005544860351569209,-1.6921628835081635,1766193712.9340127
0.9672329425811768,-1.411678433418274,0.5359994173049927,0.008575699061015943,-0.005598311181721967,-1.69346823054157,1766193712.9439898
0.9673864245414734,-1.4130371809005737,0.5359753966331482,0.007724034555475158,-0.006100730944980843,-1.6942914380589191,1766193712.953972
0.9673145413398743,-1.414486289024353,0.5360785126686096,0.006525382912870064,-0.004883939421995525,-1.6950409154333173,1766193712.9639692
0.9671258330345154,-1.4163485765457153,0.5356497764587402,0.0075787384799907214,-0.005223169427270121,-1.6949141488040513,1766193712.964032
0.9670389890670776,-1.4177721738815308,0.5360134243965149,0.00911728803402801,-0.004369485297578825,-1.696935927160092,1766193712.973969
0.9670718908309937,-1.4192800521850586,0.5359547138214111,0.00857931445386809,-0.005010712091670383,-1.6974940573631072,1766193712.983888
0.966925323009491,-1.420663833618164,0.5360158085823059,0.0087289298642028,-0.003942265634317287,-1.6982723971283977,1766193712.9939244
0.9660458564758301,-1.4221757650375366,0.5365432500839233,0.0068523481292974255,-0.0035037670372527656,-1.6963107636857442,1766193713.0039165
0.9662902355194092,-1.4238067865371704,0.53634113073349,0.007699511900283756,-0.0035583742898614855,-1.698653401435998,1766193713.0139515
0.9667496681213379,-1.4252355098724365,0.5361095070838928,0.008526403297446028,-0.003789893090541786,-1.7007049248544672,1766193713.0139868
0.9666344523429871,-1.4263840913772583,0.5361909866333008,0.00808376688868315,-0.003639460386450509,-1.7013603644974473,1766193713.0239787
0.9667429327964783,-1.4280198812484741,0.5358225703239441,0.008072798361924809,-0.0030290518971017658,-1.7024875172185039,1766193713.0339353
0.9666303992271423,-1.4292446374893188,0.5360780358314514,0.008312409983735317,-0.0032485702655415862,-1.7028280601705834,1766193713.04399
0.9666001200675964,-1.4305347204208374,0.536073625087738,0.008521724515472135,-0.0030675867998599,-1.7029191493320934,1766193713.0539775
0.9661814570426941,-1.4317803382873535,0.5366268157958984,0.00881059640004086,-0.0016511257244283927,-1.7025625779648303,1766193713.063992
0.9662066698074341,-1.4325028657913208,0.5366314649581909,0.008491891227851052,-0.0014013872284035112,-1.7031630635789972,1766193713.0739517
0.966255784034729,-1.4335545301437378,0.5364362001419067,0.0072487712762143745,-0.0030090135973975867,-1.7043479161215689,1766193713.0740447
0.9659848213195801,-1.4342519044876099,0.5367130041122437,0.006861275225663236,-0.002098247017614874,-1.7034569183938832,1766193713.083999
0.9659125804901123,-1.43500816822052,0.5364475250244141,0.008048450889047664,-0.0017298062458480517,-1.7042541895588557,1766193713.0940292
0.9661505818367004,-1.4357385635375977,0.5362705588340759,0.008092457312073342,-0.002789398581735006,-1.7044464119711076,1766193713.1039693
0.9659342169761658,-1.4364488124847412,0.5362698435783386,0.008645253955306074,-0.002569708197034767,-1.7052422866122119,1766193713.113987
0.9660161137580872,-1.4370899200439453,0.5360570549964905,0.00863753866293529,-0.002982566574279643,-1.7063183536707742,1766193713.1140766
0.9659863710403442,-1.4373631477355957,0.5362571477890015,0.008931028882541514,-0.002759308003769706,-1.7061109573591533,1766193713.1239808
0.9661157727241516,-1.4379467964172363,0.5361242294311523,0.008850726973955364,-0.002978231102899355,-1.707223263058213,1766193713.1339788
0.9663115739822388,-1.438236117362976,0.5360857248306274,0.008558731551954545,-0.0029732012879501164,-1.7081176691466675,1766193713.143977
0.9661992192268372,-1.4383074045181274,0.5360859632492065,0.008489814773019846,-0.00297261905574252,-1.7084531431343053,1766193713.1540217
0.9662720561027527,-1.438400149345398,0.5361670851707458,0.008714634138715698,-0.0029298259656910064,-1.7093891590687063,1766193713.163933
0.966295599937439,-1.4383912086486816,0.5361601710319519,0.008728503184951405,-0.0028867231914027026,-1.7099847800176868,1766193713.173946
0.9662373065948486,-1.438309907913208,0.5360847115516663,0.00868253304712435,-0.002848469409066675,-1.7102861145119042,1766193713.1740258
0.9662995338439941,-1.4381378889083862,0.5360754728317261,0.00863628855242382,-0.002813231673794169,-1.7107414147929934,1766193713.184001
0.9663142561912537,-1.4379310607910156,0.5360720753669739,0.00869340570154293,-0.00282627089829971,-1.7112994491069835,1766193713.1938457
0.9664039611816406,-1.4373151063919067,0.5362033843994141,0.008656199180152513,-0.002794712306817277,-1.7122461192445224,1766193713.2039678
0.9664939641952515,-1.4368586540222168,0.5361835360527039,0.008231429213749081,-0.0035094952445632833,-1.712952286286112,1766193713.2140145
0.9667499661445618,-1.436423897743225,0.5361706018447876,0.007573082935843243,-0.004273124183753216,-1.7131951290356877,1766193713.2140794
0.9668630361557007,-1.4360454082489014,0.5361090302467346,0.007472317671728887,-0.0044113434176856845,-1.7131327182945697,1766193713.2239428
0.9667667150497437,-1.435670018196106,0.5361396074295044,0.008016843875082962,-0.003956996588004268,-1.7128666563838921,1766193713.2340136
0.9669184684753418,-1.4351725578308105,0.535797655582428,0.007559837549448022,-0.004363153478038433,-1.7131736522139052,1766193713.2439768
0.9670094847679138,-1.4346702098846436,0.5360782742500305,0.008143652135364951,-0.004401501022953883,-1.7122220065138831,1766193713.2540176
0.9671843647956848,-1.4340760707855225,0.536025881767273,0.007944069233342876,-0.004854324575419987,-1.7116621831000827,1766193713.2639763
0.9673553109169006,-1.4333537817001343,0.5360491871833801,0.007661221753942195,-0.0052760765348963765,-1.711483209987157,1766193713.2739396
0.96723473072052,-1.432727336883545,0.5359653234481812,0.007685403474129149,-0.004901154233612002,-1.710088008480957,1766193713.2740164
0.9671654105186462,-1.4321712255477905,0.5359756946563721,0.0077389693578839205,-0.004857104644200015,-1.709082438595403,1766193713.2839813
0.967015266418457,-1.4317333698272705,0.5360074043273926,0.008209309701217804,-0.004810376051653667,-1.7090952585335484,1766193713.2939653
0.9669910073280334,-1.4311137199401855,0.5360257029533386,0.00835279573573876,-0.00474080951197866,-1.7089176438588334,1766193713.3039844
0.966935932636261,-1.4304999113082886,0.5360356569290161,0.008519974960637573,-0.005075939150512303,-1.7074296123864083,1766193713.3140156
0.9667975902557373,-1.4298949241638184,0.5360943078994751,0.008458254027808428,-0.0051505243670094,-1.7068757677569,1766193713.3140745
0.9667810797691345,-1.4294304847717285,0.5360088348388672,0.008191640749615871,-0.0053134894412553944,-1.7062539307498377,1766193713.3239787
0.9667438864707947,-1.4291037321090698,0.5359205007553101,0.008442401628497895,-0.0054442358604861905,-1.7066414422603249,1766193713.3339858
0.9669077396392822,-1.4287811517715454,0.5359363555908203,0.008484481346729283,-0.005438618218539152,-1.7060404068332762,1766193713.3439882
0.9669557213783264,-1.4284422397613525,0.5361326336860657,0.00816995095336908,-0.004794075436168751,-1.7057083224911898,1766193713.3539374
0.9669033885002136,-1.4280691146850586,0.5362237095832825,0.008083582227462686,-0.004528992716457884,-1.7051504617336368,1766193713.3639767
0.9669796824455261,-1.427769422531128,0.5361499190330505,0.008323010118106725,-0.004593362781105883,-1.7051962983183024,1766193713.3640318
0.9670530557632446,-1.427394151687622,0.5358371734619141,0.008476572377347433,-0.00578944627068271,-1.7048962196329909,1766193713.3739734
0.967064619064331,-1.427130937576294,0.5358884334564209,0.00823253347795408,-0.006057422422654213,-1.704741061011367,1766193713.3839796
0.9671329259872437,-1.4269523620605469,0.5358541011810303,0.00847339303412781,-0.006027440750461349,-1.7047338026583616,1766193713.3939385
0.9671875834465027,-1.4269434213638306,0.5356563329696655,0.00818479523509554,-0.005806593366687483,-1.7045349574848518,1766193713.4039614
0.966521680355072,-1.4272404909133911,0.5362606644630432,0.009350291229496549,-0.0037644891712583384,-1.7039749369425072,1766193713.4139328
0.9671776294708252,-1.4269198179244995,0.5358401536941528,0.008396377061867294,-0.005877328911729247,-1.7049141760963888,1766193713.4140136
0.9665487408638,-1.4273425340652466,0.5362755060195923,0.009626887412860425,-0.0038101696680159915,-1.7045146199552073,1766193713.4240024
0.9670934081077576,-1.427093267440796,0.535897970199585,0.008342737217812672,-0.005879456883508728,-1.7051639293159615,1766193713.4339814
0.9671809077262878,-1.427323341369629,0.5356761813163757,0.008172049986178914,-0.005871953669139302,-1.7057336268109684,1766193713.443966
0.9670589566230774,-1.4276903867721558,0.5361624360084534,0.008348408308927458,-0.004414449626275433,-1.706071633370388,1766193713.4540126
0.9671164751052856,-1.4279829263687134,0.5360739231109619,0.008235433371512182,-0.004659036606179192,-1.7061155666214605,1766193713.4639919
0.9670287370681763,-1.4281328916549683,0.5359101295471191,0.008416648036284174,-0.0055308937901122086,-1.7064517426005863,1766193713.4640462
0.9669253826141357,-1.4284344911575317,0.5359338521957397,0.008332394848495727,-0.0054512485574227405,-1.7065484619522029,1766193713.4739616
0.9669266939163208,-1.4288489818572998,0.5359432101249695,0.008296952732451894,-0.00518690546986177,-1.7070705433255366,1766193713.4839942
0.9669028520584106,-1.429301142692566,0.5357677340507507,0.007739497254305908,-0.0052657757076933955,-1.7077239843496648,1766193713.493965
0.9670048356056213,-1.4294054508209229,0.5360543131828308,0.008350286149828912,-0.005196616646008981,-1.7074709648950714,1766193713.5039723
0.9671768546104431,-1.4298664331436157,0.5360839366912842,0.008735851903062345,-0.004988571118783782,-1.7084407830519972,1766193713.5140185
0.9672772288322449,-1.4303371906280518,0.5360329747200012,0.008602104652435274,-0.004723194911165942,-1.7085220343231993,1766193713.514076
0.9671136140823364,-1.4308258295059204,0.5359643697738647,0.008614183119813091,-0.004681761536296218,-1.7092806528928834,1766193713.523964
0.967138409614563,-1.4312732219696045,0.5359481573104858,0.00829678320427229,-0.004474550533386696,-1.7097274435963294,1766193713.533905
0.9670314192771912,-1.4314985275268555,0.53590989112854,0.008594623592292846,-0.004402772266863496,-1.710283469825336,1766193713.543931
0.9671839475631714,-1.431861400604248,0.5359339714050293,0.008003852944154859,-0.004573730567216069,-1.7107406089779544,1766193713.5540195
0.9671269059181213,-1.4323285818099976,0.5359119176864624,0.00780916413587974,-0.004597402209415913,-1.7106840133255699,1766193713.5639937
0.9671153426170349,-1.4326503276824951,0.5359405875205994,0.007680080869998687,-0.004000014757648096,-1.710482382808996,1766193713.5640495
0.9671691060066223,-1.4326865673065186,0.536139190196991,0.007433577718258982,-0.004905747683509098,-1.7109891244836164,1766193713.5839741
0.9671100378036499,-1.4332653284072876,0.5360129475593567,0.007610133870762855,-0.004155341483328994,-1.7108090056871803,1766193713.5840306
0.967032790184021,-1.433566927909851,0.5360227227210999,0.007933468781470403,-0.004611155772789541,-1.7119113625589628,1766193713.5939336
0.9671097993850708,-1.4339443445205688,0.5360585451126099,0.007988965949908852,-0.004483139587432447,-1.711912594589288,1766193713.6039987
0.9669891595840454,-1.4341660737991333,0.5360909104347229,0.008258857413497526,-0.00447741632866583,-1.7120910532688467,1766193713.614022
0.9672049880027771,-1.4342763423919678,0.5360630750656128,0.00841800910376011,-0.004473824399917118,-1.7126348841450674,1766193713.6140797
0.9671013951301575,-1.43449866771698,0.536150336265564,0.008376181622352593,-0.004208531653657292,-1.7127711212207308,1766193713.623916
0.9670477509498596,-1.4345781803131104,0.5360981225967407,0.008243275711169597,-0.004258901131824137,-1.7125438640808397,1766193713.634024
0.9672618508338928,-1.4347339868545532,0.5360587239265442,0.00811316302863897,-0.004161714071688846,-1.712881172084682,1766193713.6439483
0.9669937491416931,-1.4346846342086792,0.536042332649231,0.00822889270905785,-0.004330254014410189,-1.7126719952395086,1766193713.6538444
0.9669058322906494,-1.4345495700836182,0.5360730290412903,0.008310161224863607,-0.004328340238207428,-1.7129366921032303,1766193713.6638978
0.9669376611709595,-1.4345736503601074,0.5360478758811951,0.008286755955033176,-0.00432340975389101,-1.7127017664748785,1766193713.663917
0.9669709205627441,-1.4343069791793823,0.536088764667511,0.008119822674433713,-0.00439542019849119,-1.7130871826675542,1766193713.673929
0.9670348167419434,-1.4342350959777832,0.5360873937606812,0.007841056533949564,-0.00478083017618916,-1.7126015500614058,1766193713.6838503
0.9670261144638062,-1.4340271949768066,0.5361033082008362,0.007891458128347902,-0.004752208343237132,-1.7125143542074175,1766193713.6939027
0.9669786691665649,-1.4337451457977295,0.536167323589325,0.0075696257279058475,-0.0040769720999526875,-1.712295435253242,1766193713.7040012
0.9670071005821228,-1.433510184288025,0.5361182689666748,0.007601910091471764,-0.004286392726461156,-1.712073670111412,1766193713.7140222
0.9671083688735962,-1.4333035945892334,0.5360106229782104,0.007859125501016527,-0.004858593508426247,-1.7110908057953407,1766193713.714082
0.967232346534729,-1.433066725730896,0.536071240901947,0.007934841975461883,-0.004922030756841235,-1.7111829665225025,1766193713.7239714
0.967166006565094,-1.4327657222747803,0.5360702276229858,0.007506689252525913,-0.00503767469778185,-1.711695268770188,1766193713.7340372
0.9673553109169006,-1.4329055547714233,0.5359358191490173,0.0076587766076871315,-0.004630575651977778,-1.7111870525130397,1766193713.743999
0.9672114849090576,-1.4321966171264648,0.5360360741615295,0.00790223033553834,-0.0046568190581842955,-1.7104262622896587,1766193713.7539718
0.9673391580581665,-1.4320796728134155,0.5359447598457336,0.007906127149126778,-0.004602798597800223,-1.7097826740965958,1766193713.7640028
0.9673117399215698,-1.4317166805267334,0.5358965992927551,0.008439252124890965,-0.004583130512238973,-1.7100817358168299,1766193713.764061
0.9670045375823975,-1.4315565824508667,0.5359606146812439,0.0083707506746525,-0.004943270562894188,-1.7100392614426831,1766193713.7740242
0.9671165347099304,-1.4314813613891602,0.5359440445899963,0.008140287636295778,-0.004665136519751033,-1.7095128094553866,1766193713.7839224
0.9669453501701355,-1.4311258792877197,0.5359150767326355,0.008410895130933516,-0.004866073353491841,-1.7092803343276508,1766193713.7939777
0.966950535774231,-1.4307925701141357,0.5359883904457092,0.008513888225005218,-0.004700501991984938,-1.7081293018083674,1766193713.803994
0.9669590592384338,-1.4304600954055786,0.5359705090522766,0.008652162856052494,-0.004967813803817497,-1.7081284311756935,1766193713.813967
0.9669753313064575,-1.4304513931274414,0.5360090136528015,0.008094295786750198,-0.004660951810414966,-1.7075208691829886,1766193713.814049
0.9668355584144592,-1.4301544427871704,0.5361173152923584,0.00830791731445047,-0.005046476148169944,-1.7073934902954502,1766193713.8240023
0.9667941331863403,-1.4299336671829224,0.5361092686653137,0.0084410627870202,-0.005104135195913096,-1.7073248214580208,1766193713.8339877
0.9668799042701721,-1.4297360181808472,0.5360545516014099,0.008285856754026088,-0.0053842273819892416,-1.7071209679714217,1766193713.8439963
0.9669419527053833,-1.4296300411224365,0.5360346436500549,0.00835929424298964,-0.005393766160608607,-1.7070052151702788,1766193713.8540134
0.9669550657272339,-1.4295679330825806,0.5360398292541504,0.008370238635194427,-0.005391551107587767,-1.7068446225974487,1766193713.863993
0.9669742584228516,-1.4295225143432617,0.5360292196273804,0.008378884489578176,-0.005370093475647659,-1.7067269390641877,1766193713.8640487
0.9669506549835205,-1.42970609664917,0.5356991291046143,0.0077011403387161935,-0.005528531369156749,-1.7074294752415038,1766193713.8740132
0.9669280052185059,-1.4296098947525024,0.5356136560440063,0.007801743253037893,-0.005184422676053724,-1.707536090522526,1766193713.8939755
0.966913640499115,-1.4296377897262573,0.5356713533401489,0.007676541926274158,-0.005428884364717242,-1.7073078413052667,1766193713.8940537
0.9668712019920349,-1.4296883344650269,0.5357248783111572,0.0076789810376326085,-0.005415427743061125,-1.7072689939059922,1766193713.9039197
0.9668562412261963,-1.4295246601104736,0.5360636115074158,0.0083376145755509,-0.005321376515045446,-1.706522309347747,1766193713.9138744
0.9667942523956299,-1.4296053647994995,0.5361212491989136,0.00838805422105458,-0.005047747186792734,-1.70651628255122,1766193713.9138966
0.9667730331420898,-1.4296785593032837,0.5361078381538391,0.008467988486863856,-0.005027561997660031,-1.7066392528309102,1766193713.923861
0.9667931199073792,-1.4297188520431519,0.5361118912696838,0.008322285184631429,-0.00502943587937312,-1.7066907379161973,1766193713.9339368
0.9668107032775879,-1.4298278093338013,0.5360973477363586,0.008328757771225746,-0.005011255216905509,-1.7067897915707797,1766193713.9439156
0.9668620824813843,-1.430017352104187,0.5361008048057556,0.008364451352630831,-0.0050010411176225995,-1.7071407260039326,1766193713.9539254
0.9669086337089539,-1.430122971534729,0.5361084938049316,0.008321528902306136,-0.004951799294940063,-1.7072155049930013,1766193713.9639344
0.9670565724372864,-1.4303436279296875,0.5359457731246948,0.008591005839790732,-0.004713000111707208,-1.707663085082804,1766193713.963964
0.9670713543891907,-1.430531620979309,0.5359614491462708,0.008768106856980384,-0.004673818540991688,-1.7079106769802803,1766193713.9738786
0.9670473337173462,-1.4307752847671509,0.5358989834785461,0.00891866113657865,-0.00461195069408824,-1.7093305693606085,1766193713.9939287
0.9670847058296204,-1.4310061931610107,0.5359945297241211,0.008642734641018064,-0.004689884423552677,-1.7090181582391815,1766193713.9939542
0.967042863368988,-1.4311976432800293,0.5359785556793213,0.008269812441008585,-0.004398847117693229,-1.7091717306570329,1766193714.0039732
0.9670774936676025,-1.431373119354248,0.5359349846839905,0.008405436887423906,-0.00441731508464832,-1.709270155573465,1766193714.013988
0.967006504535675,-1.4314827919006348,0.535942018032074,0.008335266032434733,-0.004647584453899131,-1.7091762549992806,1766193714.0140686
0.9669137597084045,-1.431469202041626,0.5359213352203369,0.008576008085020966,-0.004576535353544608,-1.71000423935509,1766193714.023916
0.966948926448822,-1.431609034538269,0.535955011844635,0.008434563573710738,-0.0042508875008289045,-1.7090885167794414,1766193714.0338895
0.9668689370155334,-1.4317342042922974,0.5361183285713196,0.008040102089117027,-0.0042005404536327095,-1.708837928475867,1766193714.0439217
0.9669463038444519,-1.4318245649337769,0.5359655022621155,0.00838918976943077,-0.004277559841431196,-1.7093267266283974,1766193714.0539584
0.9671801328659058,-1.4319487810134888,0.535977840423584,0.00792651367388476,-0.004031381774509147,-1.70934943788812,1766193714.0639853
0.9670801162719727,-1.4320638179779053,0.5358961820602417,0.008076529273470037,-0.004427001481113178,-1.7095061571572094,1766193714.0640388
0.9670959711074829,-1.4321553707122803,0.535942792892456,0.008018534537216356,-0.0044052696342062785,-1.7094951743610205,1766193714.074017
0.9671355485916138,-1.4322669506072998,0.5360026955604553,0.0077114440144782715,-0.004561289601818292,-1.7094484120883982,1766193714.083983
0.9670903086662292,-1.4323103427886963,0.5359292030334473,0.007908529408528105,-0.004548573192899586,-1.709716120048787,1766193714.0939744
0.9671609401702881,-1.4323744773864746,0.5359457731246948,0.007736429610251822,-0.004640079078312153,-1.7094576443910567,1766193714.1039798
0.9671889543533325,-1.4326437711715698,0.5359025597572327,0.0074638840301964006,-0.004503449559770359,-1.710061595304978,1766193714.1140192
0.9671425819396973,-1.4325510263442993,0.5358808040618896,0.007842000439695547,-0.004789236773577978,-1.7102491836019376,1766193714.1140766
0.967104434967041,-1.4323887825012207,0.5359741449356079,0.00781427036131287,-0.00469052064334201,-1.7095662987464684,1766193714.1239138
0.9670950174331665,-1.432380199432373,0.5359306335449219,0.007756618638971294,-0.004645194201011558,-1.7093806687486663,1766193714.1339142
0.9670217037200928,-1.4324373006820679,0.5358197689056396,0.008018159149303407,-0.004796376122294963,-1.710450128646354,1766193714.1439261
0.9670343399047852,-1.432286024093628,0.5359561443328857,0.007918248479756093,-0.0045626922731979115,-1.709348465861658,1766193714.1539314
0.9669298529624939,-1.4322363138198853,0.5359808802604675,0.008092131300892567,-0.004587946530236941,-1.7091261919339469,1766193714.1639516
0.9668291807174683,-1.432078242301941,0.5360100865364075,0.008022173551606749,-0.004228117518759521,-1.709188911693281,1766193714.1640222
0.9669488668441772,-1.4320576190948486,0.5360125303268433,0.008376761910898353,-0.004498850330439476,-1.7090714565753562,1766193714.1739883
0.9669822454452515,-1.4319547414779663,0.5360175371170044,0.00833676612977343,-0.004522084567761659,-1.7090979069365977,1766193714.1840014
0.9669959545135498,-1.43185555934906,0.5360435843467712,0.00819455992638861,-0.0045506217113739705,-1.7089797924545256,1766193714.1939816
0.9669650793075562,-1.4316730499267578,0.5360560417175293,0.008227232809896264,-0.004250008827292708,-1.709092914953826,1766193714.2039983
0.9671067595481873,-1.431562066078186,0.5360390543937683,0.008292166455975305,-0.004518859205912396,-1.7091243927357669,1766193714.2140205
0.9670674800872803,-1.431702733039856,0.535948634147644,0.008308599845456543,-0.00471904120274646,-1.709329354178062,1766193714.2140765
0.96703040599823,-1.4315861463546753,0.5359209775924683,0.008540228585985668,-0.004606871232102066,-1.7095259228694404,1766193714.2239847
0.967051088809967,-1.4314846992492676,0.5359333753585815,0.00854824773762899,-0.004633838439977607,-1.7094285704252543,1766193714.233919
0.9670160412788391,-1.431473970413208,0.5359444618225098,0.008421007967547148,-0.004785649415539538,-1.7091589147866155,1766193714.2439976
0.9669872522354126,-1.4312989711761475,0.5358327627182007,0.00870375846589314,-0.004717043187785165,-1.7095778078267345,1766193714.2539883
0.9669498801231384,-1.4312713146209717,0.5359073877334595,0.00847197016242773,-0.0048961379881642016,-1.709159809480566,1766193714.263984
0.9670218229293823,-1.431227684020996,0.5358733534812927,0.008455869574028614,-0.004604065921695662,-1.7092700158150305,1766193714.264038
0.9669394493103027,-1.4311102628707886,0.5359185934066772,0.008476433758179731,-0.004836009479052974,-1.708900141259137,1766193714.273937
0.9669424891471863,-1.4310542345046997,0.5358580350875854,0.008695103579228506,-0.004722828829100739,-1.708919827299704,1766193714.2839193
0.966997504234314,-1.4310201406478882,0.5359567999839783,0.008623198784892039,-0.004808634901115548,-1.7090030813826587,1766193714.2939277
0.9670667052268982,-1.431134819984436,0.535950243473053,0.008183071655976155,-0.004683758040772597,-1.708448602361124,1766193714.3039467
0.96693354845047,-1.4310033321380615,0.5359768271446228,0.008414980003368334,-0.004809309804458587,-1.708422212341814,1766193714.3139734
0.9669478535652161,-1.430983066558838,0.5359681844711304,0.00839176645568028,-0.004842378759603762,-1.708351487341275,1766193714.3140512
0.967038094997406,-1.4310169219970703,0.5359488129615784,0.008340506077064835,-0.00489580350175011,-1.708353952282035,1766193714.3239808
0.9670852422714233,-1.4307252168655396,0.5360677242279053,0.008652402664187214,-0.00463800429674009,-1.7083631901569987,1766193714.3340251
0.9669530391693115,-1.4310007095336914,0.5359777212142944,0.008489241243826884,-0.004901998829854275,-1.7084154622692937,1766193714.343993
0.9670687317848206,-1.4309818744659424,0.5359935164451599,0.008313350319582417,-0.004539630567279132,-1.7076884646232249,1766193714.3540125
0.9670476317405701,-1.431151032447815,0.5359466671943665,0.008304063181738708,-0.0048133457353631654,-1.7083778096875228,1766193714.3639777
0.966924250125885,-1.4310448169708252,0.5358800888061523,0.008718981573509086,-0.004743724256869769,-1.7087142466011238,1766193714.3640323
0.9669486880302429,-1.43110990524292,0.5359277725219727,0.008583805021505233,-0.004840728708017441,-1.7085244471382213,1766193714.3740125
0.966959536075592,-1.4311292171478271,0.5359144806861877,0.00845155762802072,-0.00484921973656544,-1.7084830608006114,1766193714.383981
0.9669370055198669,-1.4311450719833374,0.5358861088752747,0.008612032639751419,-0.004616560754679522,-1.7088298268975655,1766193714.393978
0.9669492244720459,-1.4312512874603271,0.5359530448913574,0.008369241295713285,-0.004729301932831215,-1.7086573928287518,1766193714.4039805
0.9669650793075562,-1.431288480758667,0.5359262824058533,0.008351675961563495,-0.004732396108225767,-1.7087230017239685,1766193714.4139864
0.9669725298881531,-1.4313364028930664,0.5359337329864502,0.008350662897434007,-0.004738965649227019,-1.7087888556839952,1766193714.4140663
0.9669702649116516,-1.4313756227493286,0.5359592437744141,0.008288782401558567,-0.00471432368334501,-1.7087719416029397,1766193714.4240155
0.966956615447998,-1.4314571619033813,0.5359780788421631,0.00830009443412076,-0.0047159269604078,-1.7088509806356698,1766193714.4339848
0.966972291469574,-1.431464672088623,0.5359405279159546,0.008446015152973578,-0.004472408510094601,-1.7090876615018624,1766193714.4439788
0.9670137166976929,-1.4315388202667236,0.5359643697738647,0.008208023866043144,-0.004703374892294171,-1.7089255564266395,1766193714.4540176
0.9670178294181824,-1.4315342903137207,0.5359123349189758,0.008477888942842654,-0.004565359192189926,-1.709172897465385,1766193714.4540803
0.9669201970100403,-1.4315372705459595,0.5359577536582947,0.008353790017626896,-0.004774571304046126,-1.7093752578244426,1766193714.46398
0.9668818712234497,-1.4315240383148193,0.535970151424408,0.00851021811734396,-0.004622364362279757,-1.7095915804628643,1766193714.4739761
0.9668565392494202,-1.4316095113754272,0.5359920263290405,0.008361171554453354,-0.004843542707269928,-1.7094228107223781,1766193714.4839716
0.9668687582015991,-1.431589126586914,0.535905122756958,0.008562756049783375,-0.004656863057700777,-1.7097173513415904,1766193714.4939826
0.9669347405433655,-1.4315379858016968,0.5360389947891235,0.007705986875279581,-0.004905235647562595,-1.7095694182208352,1766193714.503961
0.9669130444526672,-1.4317681789398193,0.5359277129173279,0.008317825441817629,-0.0046141136218604975,-1.709067923437047,1766193714.5139856
0.9668543934822083,-1.4317377805709839,0.5360547304153442,0.008086607884391429,-0.0044996426137875745,-1.7089503945156213,1766193714.5140655
0.9669023156166077,-1.431654930114746,0.536067008972168,0.008035097031196573,-0.004462386443767763,-1.7092061309434492,1766193714.5239143
0.9669578671455383,-1.4317998886108398,0.5359740853309631,0.008209129590153645,-0.004647136530688359,-1.708961471529023,1766193714.5339198
0.9669698476791382,-1.4317944049835205,0.5359422564506531,0.008215939571507836,-0.00460692932404386,-1.7089825402200085,1766193714.5439227
0.9669948816299438,-1.4317967891693115,0.5359847545623779,0.008261830925108017,-0.0046544485980481295,-1.7089824392197515,1766193714.553939
0.9670038819313049,-1.4317874908447266,0.5359753966331482,0.008257382665856763,-0.004684792710123202,-1.7089827223374772,1766193714.563941
0.9670013189315796,-1.4317947626113892,0.5359362363815308,0.00825167217305384,-0.004778572180612994,-1.7089147557802953,1766193714.5639968
0.9670587778091431,-1.4315992593765259,0.5359464883804321,0.008341268006287835,-0.00462918750908468,-1.7093269483618674,1766193714.5739882
0.9669701457023621,-1.43170166015625,0.5359029769897461,0.008297514734783842,-0.004746338067277291,-1.7089776896943207,1766193714.5839734
0.9670030474662781,-1.4315791130065918,0.5359604954719543,0.008381869390920291,-0.004691131960175626,-1.7093195537617667,1766193714.5939422
0.9669181108474731,-1.43169105052948,0.535952091217041,0.008323790903459593,-0.004771447546344973,-1.7089177026180704,1766193714.6039865
0.9669290781021118,-1.4315770864486694,0.5359117388725281,0.008429345424951693,-0.004636441437031926,-1.7095335402307617,1766193714.6139877
0.9668295383453369,-1.4315155744552612,0.5359580516815186,0.008281935111758204,-0.004850970415210361,-1.7092282916260502,1766193714.614064
0.9669224619865417,-1.431601643562317,0.5359532237052917,0.008278413740922487,-0.004694743808164532,-1.7088407823296565,1766193714.623902
0.9669151306152344,-1.431579351425171,0.5359632968902588,0.00822782903375527,-0.004702297539255744,-1.7087709625512388,1766193714.633913
0.9668678641319275,-1.4314557313919067,0.5359950661659241,0.008267255921571199,-0.00484109987252034,-1.7091457325400896,1766193714.6439688
0.9669787883758545,-1.43149995803833,0.5359706282615662,0.008305534618457172,-0.004783891837966262,-1.7087904606374236,1766193714.6540093
0.9671080708503723,-1.4315409660339355,0.5358827114105225,0.008194269787297714,-0.004510535784819016,-1.7089468246991164,1766193714.663998
0.9670396447181702,-1.4313507080078125,0.5359953045845032,0.008349152467576415,-0.004689895276701992,-1.7091657549516435,1766193714.6640522
0.9670884609222412,-1.4314558506011963,0.5359832644462585,0.008497784998685351,-0.004744811716935479,-1.70919563114076,1766193714.674013
0.9669826030731201,-1.4313945770263672,0.5359485149383545,0.00839446597101236,-0.004824188745635231,-1.7090700493425435,1766193714.6839845
0.9671211242675781,-1.431464672088623,0.5358788967132568,0.008393100144052121,-0.004525062831822638,-1.7090313885900876,1766193714.6939754
0.9669942855834961,-1.4313768148422241,0.5358573794364929,0.008570487197675256,-0.004638125088240194,-1.7090645410751524,1766193714.7039988
0.9669504165649414,-1.4313745498657227,0.5358984470367432,0.0085549700903877,-0.004657640109328618,-1.7090800533440433,1766193714.7139776
0.966939389705658,-1.4313833713531494,0.535901665687561,0.008518935111441724,-0.004664664440243026,-1.7090315751240206,1766193714.7140553
0.9669488072395325,-1.4313994646072388,0.5359211564064026,0.008327563894994252,-0.0047916076224357425,-1.7089968129309223,1766193714.7239704
0.9669330716133118,-1.4313591718673706,0.5359112620353699,0.008399757393522231,-0.004769155180059585,-1.7093727437852373,1766193714.7340105
0.9669860005378723,-1.4313092231750488,0.5359379053115845,0.008398805397089513,-0.004696071280650392,-1.7098895428983416,1766193714.7439833
0.9669902920722961,-1.431343913078308,0.5359372496604919,0.008505157137794678,-0.004591922505114441,-1.710060573117919,1766193714.7540262
0.9670257568359375,-1.4313501119613647,0.5359942317008972,0.008331957006980322,-0.0046756451215293334,-1.7104784958181591,1766193714.7639465
0.9671907424926758,-1.4313817024230957,0.5359299182891846,0.008039313494480822,-0.004718058888958883,-1.7109953009499552,1766193714.7640169
0.9673082828521729,-1.4312615394592285,0.5359028577804565,0.008292542661402395,-0.004615245483706749,-1.7114869272120126,1766193714.773887
0.9675590991973877,-1.4313336610794067,0.5358622670173645,0.008467044301223301,-0.004531639819539838,-1.712689854722164,1766193714.7838902
0.967609167098999,-1.4312705993652344,0.5358965992927551,0.008568943481769078,-0.00461570543972962,-1.7136158592756376,1766193714.7939107
0.9677432179450989,-1.431228756904602,0.5358771085739136,0.008454155314791323,-0.004830916179797,-1.7147732172533823,1766193714.803944
0.9678131341934204,-1.4312788248062134,0.5358462333679199,0.00819579111142949,-0.004654334262259787,-1.7156554458635853,1766193714.8139646
0.967879056930542,-1.4312185049057007,0.5358371734619141,0.00828535443229621,-0.004710206151340362,-1.717102720217704,1766193714.814047
0.9678425788879395,-1.4312947988510132,0.5359253287315369,0.00846588439370284,-0.004958715203973303,-1.7193549147677327,1766193714.8239107
0.9679025411605835,-1.4313340187072754,0.5359821319580078,0.008681302525232713,-0.004829623764569072,-1.721173953152043,1766193714.8339157
0.9679818749427795,-1.4312838315963745,0.5365612506866455,0.008965469333438171,-0.0031172318073165554,-1.724075411327268,1766193714.843925
0.9683687686920166,-1.431261658668518,0.5359872579574585,0.008319929531606644,-0.004670283906302234,-1.7264464222183213,1766193714.853895
0.9686196446418762,-1.4312512874603271,0.5359211564064026,0.007876564107080852,-0.004875165608361137,-1.7287534863514584,1766193714.8639786
0.9688650369644165,-1.431157112121582,0.5359500050544739,0.007826606887746567,-0.005622605810093151,-1.7310234601104568,1766193714.8640325
0.9690549969673157,-1.4311177730560303,0.5360100865364075,0.007742222564545264,-0.005594923986544264,-1.7338794465834568,1766193714.873926
0.9693909883499146,-1.4310401678085327,0.5360890030860901,0.007689199191324723,-0.005516322044205917,-1.735812617573511,1766193714.8839917
0.9699416756629944,-1.4311895370483398,0.5361749529838562,0.006652140903407033,-0.0050902063058466005,-1.7410011610861535,1766193714.893988
0.9699801206588745,-1.430918574333191,0.5360738039016724,0.007838019472967639,-0.005698003014487472,-1.7447005166951925,1766193714.9039798
0.9703802466392517,-1.430854082107544,0.5360304713249207,0.00835079925902987,-0.005169779237600438,-1.7485706817179696,1766193714.9139805
0.9704262614250183,-1.4312485456466675,0.5360751748085022,0.008973163548714464,-0.004672793752978312,-1.7526844568590432,1766193714.9140525
0.9702883362770081,-1.431503415107727,0.5362991094589233,0.01036452909234415,-0.0032287241976805057,-1.7568725845536037,1766193714.9239256
0.9711117744445801,-1.4315265417099,0.5362303256988525,0.009179531877121871,-0.004034611039568401,-1.7611021728737632,1766193714.9338996
0.9712079763412476,-1.431460976600647,0.5364038348197937,0.009503381405024564,-0.0037380068576638227,-1.7663123830358534,1766193714.9439287
0.9710459113121033,-1.4315274953842163,0.5364659428596497,0.010244763234297707,-0.002984822747984236,-1.7719135248600884,1766193714.9539623
0.9724422097206116,-1.4318056106567383,0.5357677936553955,0.00831353107742945,-0.005273929089789143,-1.7764975000871985,1766193714.9639819
0.9728789925575256,-1.4311106204986572,0.5360956192016602,0.008344586530320653,-0.005003155258891373,-1.7835493585728501,1766193714.9640353
0.9730829000473022,-1.4312258958816528,0.5361509919166565,0.008797337639289665,-0.004516848602881157,-1.7890866973133261,1766193714.9739869
0.9737783074378967,-1.4314758777618408,0.5358723998069763,0.008223534659015106,-0.0050339007564485895,-1.7953560520966159,1766193714.9839225
0.9744008183479309,-1.4313039779663086,0.5361117720603943,0.007759074654393648,-0.005365806632372355,-1.8025354847866484,1766193714.9939244
0.9749646186828613,-1.431597352027893,0.5360578894615173,0.009093942590501823,-0.00468686387901537,-1.8095761615914614,1766193715.0040035
0.9757764339447021,-1.4314262866973877,0.5361249446868896,0.008770405348775117,-0.005280172172562636,-1.81627186484518,1766193715.0139549
0.9763849973678589,-1.4319554567337036,0.5360303521156311,0.008789181881376291,-0.005299005791261249,-1.8243527535635928,1766193715.0239706
0.9768380522727966,-1.4319082498550415,0.5360867381095886,0.008605008894378626,-0.004485684911968121,-1.8318599588569509,1766193715.0240235
0.9779208302497864,-1.4320716857910156,0.5360883474349976,0.0090238121617504,-0.005067027851913934,-1.8423226016153933,1766193715.0339305
0.9773667454719543,-1.432603359222412,0.536959707736969,0.006653526754682676,-0.0034415457065209393,-1.8459863051035865,1766193715.0439944
0.9792271256446838,-1.4327239990234375,0.535967230796814,0.00859170616489254,-0.004512744467669742,-1.8585185526741113,1766193715.0539799
0.979962170124054,-1.4326332807540894,0.536063551902771,0.00876149038912622,-0.004635571306399482,-1.8678615213717924,1766193715.0639286
0.9808741807937622,-1.4330244064331055,0.5358960628509521,0.008689895414227336,-0.004782985701276506,-1.8764212094486372,1766193715.0639896
0.9815144538879395,-1.4333168268203735,0.5359833836555481,0.0074628760457869855,-0.003944425516312325,-1.8855157934256708,1766193715.073925
0.982347309589386,-1.43318510055542,0.5361599326133728,0.008658686293096459,-0.004525985956123392,-1.8958844249482312,1766193715.0839968
0.9831882119178772,-1.4331835508346558,0.5361844897270203,0.008573282630889845,-0.004222021478657094,-1.9053744488328812,1766193715.0939467
0.9839897155761719,-1.433591604232788,0.5361777544021606,0.008388523601224279,-0.003247651270873137,-1.9171979989893322,1766193715.1039727
0.9850342869758606,-1.4331295490264893,0.5363638997077942,0.00913981183280966,-0.004779239223559157,-1.9257530601871804,1766193715.1139753
0.9858430624008179,-1.4335722923278809,0.5363514423370361,0.00865887763992348,-0.003048470359439972,-1.9360077648968437,1766193715.1239774
0.9869227409362793,-1.4332505464553833,0.5363715291023254,0.009006255122576487,-0.003226698648097788,-1.947393289216706,1766193715.1240344
0.9880338311195374,-1.433347463607788,0.5364046692848206,0.008454674538162305,-0.004042000717236468,-1.957461770645492,1766193715.1339607
0.9888785481452942,-1.4332480430603027,0.5363805890083313,0.008578462844214518,-0.004334187905591496,-1.9688015199456506,1766193715.1439493
0.9897391200065613,-1.4335085153579712,0.5362982749938965,0.009476687885294611,-0.0038050610542704763,-1.9795192190674389,1766193715.1539333
0.9906278848648071,-1.4330735206604004,0.536338746547699,0.008460427984196007,-0.003377266111317778,-1.9893435767373113,1766193715.163909
0.9918115139007568,-1.433396339416504,0.536274254322052,0.00923020158037349,-0.0036268397458293637,-1.9991154188965616,1766193715.163964
0.9925402998924255,-1.4331042766571045,0.5364055633544922,0.009186368177869938,-0.003898001841698614,-2.009739932429954,1766193715.173854
0.993313729763031,-1.4332330226898193,0.5366681218147278,0.008258158722597886,-0.003515685023255684,-2.0173987225038257,1766193715.1838849
0.994446873664856,-1.4330506324768066,0.5363205075263977,0.009276263710585642,-0.0033704192112173383,-2.0276272790670293,1766193715.193872
0.9951204061508179,-1.433073878288269,0.5366168022155762,0.008594170920279752,-0.004463471182926492,-2.034626113183288,1766193715.2039454
0.9959859251976013,-1.4327573776245117,0.5366780161857605,0.008476413072825977,-0.0028000692696852052,-2.0442893742720867,1766193715.2139497
0.9968506693840027,-1.4324510097503662,0.5363218784332275,0.00937198554407676,-0.003722721912787284,-2.053377578757117,1766193715.2238922
0.9974676966667175,-1.432328462600708,0.5364706516265869,0.008558908625482272,-0.0032830980587874167,-2.059791889909317,1766193715.2239475
0.998490035533905,-1.4321781396865845,0.5362040400505066,0.009663166041415639,-0.003352146988627534,-2.0672704525340335,1766193715.2339494
0.9991790056228638,-1.4319303035736084,0.536419689655304,0.009557078063530821,-0.004005241097592718,-2.073879159074148,1766193715.2439463
0.9999604821205139,-1.4319568872451782,0.5363864898681641,0.009264922326189364,-0.004135549136085084,-2.078772258320131,1766193715.2538912
1.0001654624938965,-1.4317424297332764,0.5366654992103577,0.007967673717982045,-0.004278517071833311,-2.0832616215324915,1766193715.2638843
1.0013424158096313,-1.4317436218261719,0.5363328456878662,0.009882632018479895,-0.003929362197827045,-2.090053888618558,1766193715.2639377
1.0015649795532227,-1.4316462278366089,0.5364847183227539,0.009411953847715733,-0.0031483838000017444,-2.094185927316345,1766193715.2738361
1.0020534992218018,-1.4313945770263672,0.5363214015960693,0.009071190986509993,-0.0030729887922807965,-2.0983770779058712,1766193715.2839377
1.0024200677871704,-1.430986762046814,0.5362762212753296,0.010304716615577844,-0.004277804684047638,-2.1021012045267518,1766193715.2939847
1.002861499786377,-1.4309989213943481,0.5362417697906494,0.009680614638666216,-0.0038595831317173894,-2.10483929325051,1766193715.303886
1.0032364130020142,-1.4308521747589111,0.5363560318946838,0.010160863886157579,-0.003905609793261967,-2.108953793134978,1766193715.3139305
1.0037140846252441,-1.4308661222457886,0.5362753868103027,0.0101860738235564,-0.0036749678925904468,-2.110482029838874,1766193715.323892
1.0039680004119873,-1.4306421279907227,0.5363562107086182,0.010112767747023549,-0.0036365131413471476,-2.113173230860907,1766193715.3239465
1.0039931535720825,-1.4304966926574707,0.5363351702690125,0.00961986283936033,-0.003789645139645518,-2.1143243288785323,1766193715.333904
1.0042766332626343,-1.4308005571365356,0.5364368557929993,0.009535479824233365,-0.0034276396106233224,-2.1166784313542677,1766193715.3439054
1.0046343803405762,-1.4308724403381348,0.5362594723701477,0.010357273892150206,-0.00423001832738256,-2.1182652850862747,1766193715.353881
1.004583477973938,-1.4306453466415405,0.5364488959312439,0.009482666623257443,-0.003397021159409636,-2.1181717563194233,1766193715.3639572
1.004873514175415,-1.4306615591049194,0.5363896489143372,0.010078367904631416,-0.0036514503115436976,-2.119642361634091,1766193715.364013
1.0049171447753906,-1.4309194087982178,0.5360756516456604,0.010069525029194492,-0.0042952818046358724,-2.1212922418209748,1766193715.373824
1.0047078132629395,-1.4304139614105225,0.5364099740982056,0.00962516516224909,-0.003814592698150538,-2.1208874005738436,1766193715.3839157
1.0046000480651855,-1.4307432174682617,0.5361610651016235,0.009059103639779428,-0.0035669433922557647,-2.1226282557576566,1766193715.3939447
1.0046870708465576,-1.430458903312683,0.5363990664482117,0.009386936508457028,-0.003405119035355994,-2.1220944272430886,1766193715.4039073
1.004687786102295,-1.4308135509490967,0.5361430644989014,0.009440948763453777,-0.0030340432063071356,-2.1237650953708105,1766193715.4139462
1.0046104192733765,-1.4304336309432983,0.5363349318504333,0.009288873921024399,-0.003373798440948512,-2.122514693606729,1766193715.4239597
1.0047667026519775,-1.4305591583251953,0.5363324880599976,0.009873963138239034,-0.0030375669658295056,-2.123477962796203,1766193715.424015
1.0046721696853638,-1.4306256771087646,0.5363412499427795,0.009727288803894512,-0.00297962261903141,-2.1234102046020005,1766193715.433882
1.0046886205673218,-1.430706262588501,0.5363551378250122,0.009801929368451269,-0.002861694739237622,-2.123642621721192,1766193715.4439101
1.004639983177185,-1.4308379888534546,0.5363916158676147,0.009588981454362683,-0.002793415304141189,-2.1235374410790375,1766193715.4538865
1.0046712160110474,-1.4310327768325806,0.5363584160804749,0.009799029387052604,-0.002867268209221459,-2.1230357937522655,1766193715.4639661
1.0046675205230713,-1.431128740310669,0.5363470315933228,0.009729393653572097,-0.0028786255891425985,-2.1230700229814694,1766193715.464021
1.0045047998428345,-1.4310611486434937,0.5363150835037231,0.009610777591086948,-0.0033616061705379723,-2.122793690973438,1766193715.4738932
1.0044699907302856,-1.431153416633606,0.536329984664917,0.009601462489479977,-0.003363171789944502,-2.1228178655156524,1766193715.4839427
1.0043761730194092,-1.4313323497772217,0.5364194512367249,0.009376286240763232,-0.0034263249170106026,-2.1225843910818245,1766193715.493964
1.0043338537216187,-1.431328296661377,0.5363045930862427,0.00942503699736136,-0.0034103040862273103,-2.1228407186171547,1766193715.503978
1.0043561458587646,-1.4314128160476685,0.536302387714386,0.009652566081855881,-0.00342281050269176,-2.123140563370772,1766193715.5139499
1.0042566061019897,-1.431545615196228,0.5363994240760803,0.009467521652461931,-0.0034755978589870004,-2.1228659072819482,1766193715.5140367
1.004289150238037,-1.4316706657409668,0.5365126132965088,0.009573688221628806,-0.0038605184138626714,-2.1224291809590743,1766193715.5239096
1.0041921138763428,-1.4316686391830444,0.5363650321960449,0.009510473761208001,-0.0033858256238821606,-2.122946501821695,1766193715.5339484
1.0042445659637451,-1.4317188262939453,0.5364094972610474,0.009592500241951088,-0.003762872423456227,-2.1225018235256874,1766193715.543908
1.004148244857788,-1.4317585229873657,0.536385178565979,0.009475874680962245,-0.0033252377816191166,-2.1229135105136465,1766193715.5538895
1.004199743270874,-1.4318287372589111,0.5365322828292847,0.009570886702656486,-0.003866496943013484,-2.1223366603390104,1766193715.5639467
1.0041992664337158,-1.4317562580108643,0.5363553762435913,0.009690825696216689,-0.003232958935942825,-2.1230191044295528,1766193715.5640016
1.0041007995605469,-1.4317481517791748,0.536412239074707,0.00940775564505844,-0.003268600053603607,-2.122684682119704,1766193715.5738192
1.0040920972824097,-1.4317177534103394,0.5363835692405701,0.009359100013744376,-0.0032807743672195406,-2.1226498653742816,1766193715.583857
1.0040756464004517,-1.4317244291305542,0.5364224314689636,0.009301902550960257,-0.0033776465428662712,-2.1225747112277453,1766193715.593863
1.0041124820709229,-1.4316825866699219,0.5364254713058472,0.009444138837348513,-0.0033856524168701025,-2.122634526295195,1766193715.6039495
1.0041426420211792,-1.4316335916519165,0.5364518761634827,0.009331255788807792,-0.003480735929173923,-2.1224955040856885,1766193715.6139462
1.0043838024139404,-1.4316341876983643,0.5362786054611206,0.009763535030199432,-0.00347662964428695,-2.1230627476089454,1766193715.614034
1.004402995109558,-1.4315754175186157,0.5362414121627808,0.009838903503454878,-0.0034839031752145412,-2.1231067684707035,1766193715.6238554
1.0043270587921143,-1.4314888715744019,0.5362943410873413,0.009648927987504856,-0.003541969437137835,-2.122975577937935,1766193715.6338937
1.00409996509552,-1.4312663078308105,0.5363681316375732,0.010279880284715926,-0.003488069056523911,-2.1229951231972124,1766193715.6439047
1.0043212175369263,-1.4314006567001343,0.5363595485687256,0.009558101342244102,-0.0035740993172413845,-2.1227639802138496,1766193715.6539557
1.0044103860855103,-1.4312001466751099,0.5362840890884399,0.009934126746518519,-0.0035076835046447784,-2.124015936062001,1766193715.6638482
1.0044281482696533,-1.4311785697937012,0.536247193813324,0.009513496206335076,-0.0034803949657126,-2.122701723148758,1766193715.6638806
1.0044975280761719,-1.4313123226165771,0.5363560318946838,0.009396908105108329,-0.0031309986451708138,-2.122886995125992,1766193715.6738508
1.0045075416564941,-1.4312682151794434,0.5363472700119019,0.00942763574247206,-0.003172282013270967,-2.122872861764532,1766193715.68396
1.0045007467269897,-1.4311621189117432,0.5363375544548035,0.009165504786401057,-0.003177820648479444,-2.1226177525169563,1766193715.6939795
1.0046993494033813,-1.4311918020248413,0.536327064037323,0.009661686575220619,-0.0030822858260642423,-2.1230425823898313,1766193715.70393
1.0047736167907715,-1.4311738014221191,0.5363020300865173,0.00961033254534152,-0.0029622000459215447,-2.122990175536188,1766193715.7139442
1.0046131610870361,-1.4310985803604126,0.5363566279411316,0.009296373093193443,-0.003099104830917817,-2.122877213400878,1766193715.7140234
1.0046364068984985,-1.4311035871505737,0.5363657474517822,0.009379833811434523,-0.003073220910348976,-2.1226902516677386,1766193715.7340312
1.004623532295227,-1.4311000108718872,0.5363457202911377,0.009428963400610266,-0.0031325461762427946,-2.122854700918243,1766193715.7340896
1.004645586013794,-1.4310946464538574,0.5363410115242004,0.009435456504206586,-0.003156657837420288,-2.122848896261866,1766193715.7439108
1.0046242475509644,-1.431067943572998,0.5363348722457886,0.009557779602779537,-0.003163985997532128,-2.123030545296747,1766193715.7539062
1.0046652555465698,-1.4310054779052734,0.5362675786018372,0.009648477755365897,-0.003084414741536239,-2.1231653651841405,1766193715.7639132
1.0045918226242065,-1.4310897588729858,0.5363432168960571,0.009476563424486212,-0.0032003690804729245,-2.1229518429928254,1766193715.763968
1.004455804824829,-1.4309887886047363,0.5363889932632446,0.009370255410969863,-0.0031998694471614244,-2.123676689181304,1766193715.7739112
1.004433035850525,-1.4310208559036255,0.5363745093345642,0.009337854124575776,-0.0031457056871254416,-2.1236932610515713,1766193715.7839506
1.0045300722122192,-1.4311997890472412,0.5363534688949585,0.009494427872380584,-0.003165730213756875,-2.123004158652445,1766193715.7939544
1.004501461982727,-1.431138038635254,0.536309540271759,0.009398150396652547,-0.0031326653352954344,-2.1229216889323346,1766193715.8039324
1.0045970678329468,-1.431226372718811,0.5363383889198303,0.009668017921832821,-0.0029918116631289346,-2.1231754152558,1766193715.8139324
1.0045090913772583,-1.4312975406646729,0.5363996624946594,0.009360662256455115,-0.0029978231555219184,-2.122884132752842,1766193715.8139875
1.0044639110565186,-1.4312365055084229,0.5363608002662659,0.00938856709049979,-0.003382767036448199,-2.122585116675136,1766193715.823964
1.0046477317810059,-1.4312925338745117,0.5362619757652283,0.009868597355113163,-0.003320248182165926,-2.123180841035988,1766193715.8338866
1.0041916370391846,-1.4312211275100708,0.5364537239074707,0.010122849721423813,-0.0032644628353549593,-2.12257556794919,1766193715.843891
1.004600167274475,-1.431334376335144,0.5362164974212646,0.009942745602130461,-0.0034266984977621836,-2.1231942291509758,1766193715.8539088
1.0044183731079102,-1.431361436843872,0.536331832408905,0.009599779537131089,-0.0035047463177606806,-2.1228049771845363,1766193715.863912
1.0043550729751587,-1.4313056468963623,0.5362938642501831,0.009492609013409634,-0.0034981013056797207,-2.122694140474265,1766193715.8639646
1.0043121576309204,-1.4312678575515747,0.5362311601638794,0.009634036360762007,-0.003390187150863753,-2.1232872581320574,1766193715.8738925
1.0044718980789185,-1.431493878364563,0.5362465381622314,0.009766089374681406,-0.003477012914151117,-2.1230940864412906,1766193715.8839083
1.00430166721344,-1.4313443899154663,0.5362623333930969,0.009525968291679772,-0.003518150835815717,-2.1226635525025683,1766193715.8939466
1.0041474103927612,-1.4313174486160278,0.5364299416542053,0.009338146213430737,-0.0036220255632694377,-2.123187389065628,1766193715.903912
1.0039818286895752,-1.4313585758209229,0.5365031361579895,0.010041910303019522,-0.003267435489446666,-2.122522803304151,1766193715.9139209
1.0039833784103394,-1.4313687086105347,0.5364622473716736,0.010089216503347728,-0.0031606484063406845,-2.1223843218665803,1766193715.9139743
1.0040209293365479,-1.4313366413116455,0.5364868640899658,0.009934266199842995,-0.0032488893460043303,-2.122358499212846,1766193715.923944
1.0044965744018555,-1.4313879013061523,0.5362158417701721,0.009708500497767036,-0.0032832015363487067,-2.122810326980579,1766193715.93389
1.0044996738433838,-1.4313610792160034,0.536246120929718,0.009745110546567185,-0.0033189282037466303,-2.1228123149844027,1766193715.9439483
1.004482626914978,-1.431352138519287,0.5362887978553772,0.009536691934024273,-0.003333497321656499,-2.122648072878693,1766193715.9539337
1.0045329332351685,-1.4314132928848267,0.5362716913223267,0.009698824503142502,-0.0033825363272947584,-2.1228295213533213,1766193715.9639535
1.00454843044281,-1.4313499927520752,0.5362247228622437,0.00994596330012882,-0.003367720791490314,-2.123092864200665,1766193715.9640045
1.0045557022094727,-1.4313627481460571,0.536240816116333,0.009767854068822529,-0.0035437176085209715,-2.122863689352101,1766193715.9738915
1.004418969154358,-1.4313222169876099,0.5363268852233887,0.009533986623522697,-0.003578609683077169,-2.1226082936678803,1766193715.9838915
1.0043580532073975,-1.4312070608139038,0.5362905263900757,0.009421495425872681,-0.0035603743323393377,-2.122456250095717,1766193715.9939513
1.0043814182281494,-1.431171178817749,0.5362648367881775,0.009474045952959002,-0.0035473296413711607,-2.1225469432872184,1766193716.003968
1.004377841949463,-1.431156039237976,0.5362548232078552,0.00941725519204423,-0.0035899138359968014,-2.122451952785384,1766193716.013949
1.0045487880706787,-1.431188941001892,0.5362341403961182,0.009645310634180091,-0.003416628896803109,-2.123248539915087,1766193716.0140324
1.0045139789581299,-1.431232213973999,0.5362745523452759,0.009469724570680278,-0.0030758265655129505,-2.1228567366476923,1766193716.0239294
1.0045145750045776,-1.4312140941619873,0.5363126993179321,0.00938346628604859,-0.003092248386989695,-2.1227676693418998,1766193716.04397
1.0046125650405884,-1.4311959743499756,0.536251962184906,0.009818419469563898,-0.0033159245774982858,-2.1228788486999317,1766193716.044023
1.004668116569519,-1.4312858581542969,0.5362962484359741,0.009497123073361181,-0.0030302658252330163,-2.122912754100598,1766193716.0539126
1.0046770572662354,-1.431253433227539,0.5362797975540161,0.00958538619065989,-0.002965833634556883,-2.1230344506663985,1766193716.0639105
1.0046170949935913,-1.4312325716018677,0.536283552646637,0.009386397687905952,-0.002970647788399824,-2.1228723028931005,1766193716.0639632
1.0045092105865479,-1.431265950202942,0.5363700985908508,0.009364819431540574,-0.003137837673608043,-2.1227619835325693,1766193716.0738869
1.0045236349105835,-1.4312552213668823,0.5363384485244751,0.009410116843284567,-0.0030799985308930435,-2.1227394239435466,1766193716.083911
1.004634141921997,-1.4312173128128052,0.5362538695335388,0.009771114668683165,-0.0034613809090494694,-2.122933432186837,1766193716.0938845
1.0044678449630737,-1.4312528371810913,0.5363306999206543,0.009416356391193708,-0.0031593082843412515,-2.1228470666394923,1766193716.10393
1.0044525861740112,-1.4312691688537598,0.5363499522209167,0.00943109628234284,-0.0031741016667251,-2.1228258081649347,1766193716.1139498
1.0044273138046265,-1.4312212467193604,0.5363044142723083,0.009371263656259031,-0.003140134599092231,-2.1228576975856637,1766193716.1140337
1.0043342113494873,-1.4311637878417969,0.5363011360168457,0.009340978834441313,-0.0035838691433543357,-2.1224905423946043,1766193716.1239388
1.004530668258667,-1.4312608242034912,0.5362868905067444,0.00956182262530731,-0.0029093790646071366,-2.1235051835121035,1766193716.143975
1.0045745372772217,-1.4312161207199097,0.5362347364425659,0.009950333389196956,-0.0033381235716462582,-2.123143474096109,1766193716.1440287
1.0044097900390625,-1.4312472343444824,0.5362947583198547,0.009270531380985105,-0.00308170881254514,-2.1225529847268025,1766193716.1538877
1.0046190023422241,-1.4312876462936401,0.5362535715103149,0.009967712485248765,-0.0033065229637062018,-2.123119545450376,1766193716.1639466
1.0046015977859497,-1.43130624294281,0.5362627506256104,0.009821391915965458,-0.0033221640485618683,-2.1229769159985206,1766193716.1639986
1.0044522285461426,-1.4312797784805298,0.5363081693649292,0.009590377763254034,-0.0034355652946145665,-2.1225111063540942,1766193716.1738927
1.004604458808899,-1.4312708377838135,0.5362194776535034,0.009914801068709785,-0.003322643554948121,-2.123005128179346,1766193716.1839583
1.00452721118927,-1.4312821626663208,0.5362673401832581,0.009652777881653299,-0.0033717869800847745,-2.122738567876534,1766193716.1939487
1.0043562650680542,-1.4313116073608398,0.5363888144493103,0.009370578215277594,-0.003479850215154182,-2.122251556043027,1766193716.203945
1.0043399333953857,-1.4312303066253662,0.5363020300865173,0.009340348524886686,-0.00345527450506572,-2.1223939934427154,1766193716.2139876
1.0045005083084106,-1.4313669204711914,0.5362524390220642,0.009605388832994301,-0.003448912241088715,-2.1227840681985737,1766193716.2140682
1.0045127868652344,-1.4313474893569946,0.5362477898597717,0.009686517860335728,-0.003498057989816785,-2.1227942344283672,1766193716.2238994
1.0043673515319824,-1.4312217235565186,0.5362700819969177,0.009621879722080881,-0.003553721364265187,-2.1226074038448988,1766193716.2339482
1.004324197769165,-1.4313255548477173,0.5363506078720093,0.009258785217720625,-0.003217279102820534,-2.1224450889361828,1766193716.2439678
1.0043216943740845,-1.4312454462051392,0.5362657904624939,0.00945057686095357,-0.003585670700976704,-2.122492222582648,1766193716.253954
1.004347801208496,-1.4312041997909546,0.5362825989723206,0.0094404100107039,-0.003456871974226389,-2.1225394231074572,1766193716.2639687
1.004401683807373,-1.4312938451766968,0.5363016724586487,0.009569762950907477,-0.0034319858574312022,-2.122649067580723,1766193716.2640228
1.0045188665390015,-1.4312978982925415,0.5362665057182312,0.009811379378215059,-0.003347253742964177,-2.122956527896362,1766193716.2739167
1.0044537782669067,-1.4313063621520996,0.5363668203353882,0.00958619697801034,-0.0034501051635661105,-2.1226060051259035,1766193716.2839081
1.0045607089996338,-1.431339144706726,0.5362706780433655,0.009675781778776255,-0.0033474604279540854,-2.122747450758927,1766193716.293908
1.0046080350875854,-1.4313397407531738,0.5362141132354736,0.009771569309117264,-0.0033696642710318472,-2.122866071419958,1766193716.303908
1.0044739246368408,-1.4313331842422485,0.5363664627075195,0.0092621863443955,-0.0031377085564780094,-2.122549393071396,1766193716.3139026
1.0045925378799438,-1.4313594102859497,0.536308228969574,0.009665506670211387,-0.003056660712493909,-2.1231539509735695,1766193716.3139534
1.004118800163269,-1.4310778379440308,0.5364354252815247,0.010041606059643476,-0.003360161064223892,-2.122424529607267,1766193716.3239565
1.0043854713439941,-1.4311803579330444,0.5362969040870667,0.00944634160500219,-0.003561136620679606,-2.122403665883493,1766193716.3339064
1.0044660568237305,-1.4312723875045776,0.5363016128540039,0.009484641291447217,-0.0031288829003398334,-2.12284547236397,1766193716.3439665
1.004407525062561,-1.431250810623169,0.5362991094589233,0.009253872595809036,-0.0031867114939975517,-2.122575797298993,1766193716.3539119
1.004454255104065,-1.4312833547592163,0.5362843871116638,0.009560473488470713,-0.0031020503123582975,-2.123004114909888,1766193716.3639102
1.0044782161712646,-1.431357741355896,0.5363799929618835,0.009527501697021186,-0.0031456016077009335,-2.1229304100795914,1766193716.3639627
1.0044183731079102,-1.4311792850494385,0.5363236665725708,0.009489647350281662,-0.003522586666727525,-2.1225261967972706,1766193716.3739355
1.0044769048690796,-1.4311648607254028,0.5362465977668762,0.009580447509413795,-0.003429969797613515,-2.122682909411319,1766193716.3839116
1.004591941833496,-1.4312454462051392,0.5361985564231873,0.009715614922916137,-0.0033145808889131346,-2.122969149457831,1766193716.393936
1.0044310092926025,-1.431172490119934,0.5362372398376465,0.00943281755626189,-0.003487892369345048,-2.1224420511153923,1766193716.403966
1.004634976387024,-1.4312593936920166,0.536272406578064,0.009937775355532419,-0.0033424003826731594,-2.1230981084467735,1766193716.4139512
1.0045100450515747,-1.4312312602996826,0.5363123416900635,0.009568449148753284,-0.0034777628725129114,-2.1225942098233532,1766193716.4140325
1.0045089721679688,-1.431155800819397,0.5362599492073059,0.009585931702356536,-0.0034454380907295557,-2.1226573747728583,1766193716.4239223
1.0046255588531494,-1.4313220977783203,0.536206841468811,0.009784560293971184,-0.0035013720154599046,-2.1228731285076776,1766193716.4339721
1.0043545961380005,-1.4311413764953613,0.5363145470619202,0.009524158149662914,-0.0034986616295054175,-2.1233296487337965,1766193716.4539766
1.0045489072799683,-1.431269884109497,0.536261260509491,0.009927493399274043,-0.0034491308077574533,-2.123044085133973,1766193716.454053
1.004567265510559,-1.4313348531723022,0.5362542867660522,0.009793337565340133,-0.003409877757626479,-2.12292232843736,1766193716.463966
1.0043411254882812,-1.4311399459838867,0.5363119840621948,0.009383346052976612,-0.003103815700122765,-2.1235675000245218,1766193716.4640224
1.004516363143921,-1.431312918663025,0.5362419486045837,0.009688436768229119,-0.0034349946852545435,-2.122812192488625,1766193716.4739573
1.0043540000915527,-1.4311814308166504,0.5362420678138733,0.009416021477124097,-0.003529573427938012,-2.1224121128737057,1766193716.4839807
1.0045497417449951,-1.431337594985962,0.5362491011619568,0.009694719902918699,-0.0034011618779162525,-2.122817110878453,1766193716.4939659
1.0043683052062988,-1.431210994720459,0.5363080501556396,0.009377838165031929,-0.0035585830408067336,-2.122301233682077,1766193716.5039697
1.0043805837631226,-1.4311758279800415,0.5362688899040222,0.009407444483385298,-0.003466600532130004,-2.1221963670590642,1766193716.5139716
1.0045366287231445,-1.431278944015503,0.5362612009048462,0.009635201388392243,-0.003405343166027203,-2.122407812069921,1766193716.5141556
1.0044212341308594,-1.4312223196029663,0.5362840890884399,0.009378925703183577,-0.0034979108652753114,-2.121805801056017,1766193716.523958
1.004603624343872,-1.4313054084777832,0.5362659692764282,0.009878695851338862,-0.00336636981556733,-2.1223136293972424,1766193716.5339491
1.0045667886734009,-1.4313584566116333,0.5362467765808105,0.009704015767552773,-0.003432698295380732,-2.1216610360586574,1766193716.5439785
1.0042502880096436,-1.431061863899231,0.5362890958786011,0.009299528311765217,-0.0036469205154330956,-2.1215708423725195,1766193716.5539422
1.0044537782669067,-1.431434988975525,0.5362943410873413,0.0096659184171442,-0.0031361061425120335,-2.120698992896766,1766193716.5639591
1.0042624473571777,-1.4316861629486084,0.5360420942306519,0.009521069026246552,-0.0036720045791584824,-2.1221064946137376,1766193716.5640152
1.0042924880981445,-1.4313833713531494,0.5362807512283325,0.009902202876260733,-0.00354758068815413,-2.1190324802264886,1766193716.573929
1.004127860069275,-1.4313231706619263,0.5362654328346252,0.009883776708040044,-0.0034854502583816986,-2.118212806602825,1766193716.5839026
1.0036954879760742,-1.4316761493682861,0.536183774471283,0.009502771180892659,-0.0028088530367369083,-2.1175921163206093,1766193716.593931
1.0036672353744507,-1.431343913078308,0.5363008379936218,0.010252416270621005,-0.003942905199302371,-2.1155169097101103,1766193716.6039693
1.0036109685897827,-1.431518316268921,0.536346435546875,0.01002470729316855,-0.003197262674739127,-2.113375596304115,1766193716.613954
1.0035775899887085,-1.431459665298462,0.5364182591438293,0.009792673410442461,-0.0024338060931190088,-2.111260387947637,1766193716.6140375
1.0032557249069214,-1.431246042251587,0.5362372398376465,0.01014169392619303,-0.003664283041131187,-2.108464070244501,1766193716.623919
1.0029031038284302,-1.4312020540237427,0.5361015796661377,0.01000513743920517,-0.003490915282648468,-2.1061725104935727,1766193716.6339204
1.0026090145111084,-1.4313217401504517,0.536247968673706,0.00955712362138472,-0.0036559239318315487,-2.10238701728184,1766193716.6439295
1.0022586584091187,-1.4312852621078491,0.5362508893013,0.00948029866055723,-0.0036450863337169305,-2.098950889139071,1766193716.6539133
1.001933217048645,-1.431473970413208,0.5364441871643066,0.008974497005034474,-0.003002266272772107,-2.095410481087978,1766193716.6639535
1.0014522075653076,-1.431105136871338,0.5363314747810364,0.009302397762625633,-0.004010254442174665,-2.0916861713744557,1766193716.6640077
1.0012233257293701,-1.431261420249939,0.5363101959228516,0.009498483179081961,-0.003911421586978252,-2.0867602415758393,1766193716.6739566
1.000801920890808,-1.4315663576126099,0.5362758636474609,0.010276453641279139,-0.004067248526862515,-2.082576117051677,1766193716.6839843
1.000225305557251,-1.4316853284835815,0.536406934261322,0.009986666938895567,-0.004225833442779338,-2.0770591617028966,1766193716.6939552
0.9997314810752869,-1.4313673973083496,0.5362734794616699,0.009335858265294063,-0.003922203548778523,-2.0705986637815124,1766193716.7039595
0.9990025758743286,-1.4313457012176514,0.5360374450683594,0.009565515845379536,-0.003588882746157148,-2.0649852892086002,1766193716.7139466
0.9984223246574402,-1.4313325881958008,0.5362162590026855,0.008710182254430805,-0.00371063131213231,-2.0586688183054975,1766193716.7140286
0.9977529048919678,-1.431640863418579,0.5360563397407532,0.009241224910781129,-0.0035744309392979293,-2.0511821649384934,1766193716.7239516
0.9968748092651367,-1.4317646026611328,0.5365448594093323,0.01052071445100463,-0.003296822978312852,-2.0447087780797917,1766193716.7339542
0.9962975382804871,-1.4314929246902466,0.5364197492599487,0.00984819466646953,-0.0041453542488638665,-2.0362792449445637,1766193716.7438688
0.995766282081604,-1.4316153526306152,0.5362219214439392,0.008731934874269142,-0.004160573829254581,-2.0279741373619924,1766193716.753932
0.9950293302536011,-1.4314746856689453,0.536224901676178,0.008875758372854436,-0.0042000208056882865,-2.0210201013589346,1766193716.7639222
0.9940803050994873,-1.4314888715744019,0.5364482402801514,0.008823193844537894,-0.005171950578858386,-2.012473584453572,1766193716.7738817
0.9935713410377502,-1.4319146871566772,0.5363093614578247,0.009412896520274704,-0.0030874481327614342,-2.00397050209405,1766193716.77391
0.992661714553833,-1.431715965270996,0.5363520979881287,0.008502366915727184,-0.0043682945687082775,-1.9954787682337023,1766193716.7839696
0.9918907880783081,-1.4318923950195312,0.5362503528594971,0.008647981765132574,-0.004551860395066358,-1.9864027385992014,1766193716.7939723
0.9910697937011719,-1.432098388671875,0.536159336566925,0.009039404511605694,-0.004339053221177549,-1.976703430176088,1766193716.8039753
0.9901624321937561,-1.4319909811019897,0.5362330079078674,0.008764703298941934,-0.004828181974942237,-1.9686429746364609,1766193716.8139515
0.9894120693206787,-1.4320412874221802,0.5363452434539795,0.008919458436073814,-0.005385629058705304,-1.9585126913362854,1766193716.8140347
0.988338053226471,-1.4321625232696533,0.536448061466217,0.008265026985026444,-0.004923266483899923,-1.9497236207022322,1766193716.8239694
0.9876112937927246,-1.432374358177185,0.5361738801002502,0.008735782334548576,-0.00493551351811299,-1.9400064043896115,1766193716.8339553
0.9866328239440918,-1.4323924779891968,0.5362382531166077,0.009150469952133186,-0.00529231111839124,-1.9298964486317403,1766193716.8439736
0.9855931997299194,-1.4327213764190674,0.5364500284194946,0.009333878014077968,-0.003548593798167292,-1.9221561488011836,1766193716.8539412
0.9848018884658813,-1.4327136278152466,0.5362955927848816,0.008738799342676806,-0.0046937445293220885,-1.9129674514324384,1766193716.8639815
0.9841134548187256,-1.4327808618545532,0.5363379120826721,0.008824685531054517,-0.004865154064300243,-1.90378027340869,1766193716.864035
0.9834316372871399,-1.4331514835357666,0.5361583232879639,0.0087777128024421,-0.004832673303675792,-1.8948280875760743,1766193716.8739004
0.9825789332389832,-1.4332796335220337,0.5363372564315796,0.009159769492980899,-0.0037811073105845543,-1.8870757005501,1766193716.8839133
0.9819155931472778,-1.4334633350372314,0.5362891554832458,0.009142410816178477,-0.0038589260796947143,-1.8794760327953255,1766193716.8938925
0.9808467626571655,-1.4337366819381714,0.5363675951957703,0.009660939161543524,-0.003610641651111831,-1.8710607852224979,1766193716.9039137
0.9803646206855774,-1.433782935142517,0.5362241268157959,0.00904716002097049,-0.004743164936934376,-1.864693762269692,1766193716.9139576
0.9796127676963806,-1.4338197708129883,0.5361431837081909,0.007218193625922056,-0.004591128493568871,-1.8557003081205272,1766193716.9140384
0.9787248373031616,-1.434342861175537,0.5363547205924988,0.008839507620166052,-0.0034432551286084296,-1.8517293631585745,1766193716.923977
0.9783205389976501,-1.4339702129364014,0.5361905694007874,0.00843092302866282,-0.004409334992992645,-1.8451351758669992,1766193716.9340122
0.9778170585632324,-1.4344977140426636,0.536246120929718,0.009891406588706199,-0.005675807027098706,-1.8413229006008922,1766193716.9439847
0.9771209955215454,-1.434532880783081,0.5360533595085144,0.008045315025917398,-0.004437885757504674,-1.8348361347055469,1766193716.9539888
0.9768573045730591,-1.4349716901779175,0.5362341403961182,0.01004946273262974,-0.0053082168666893715,-1.8308200587756636,1766193716.9639378
0.9759703874588013,-1.435058355331421,0.5361482501029968,0.009022362455231577,-0.004394499332712408,-1.8251454131444238,1766193716.9639933
0.9757561087608337,-1.4350093603134155,0.5360187292098999,0.008362613784646934,-0.00486034579040548,-1.8209030592979052,1766193716.9739454
0.9752097129821777,-1.4355391263961792,0.5364981889724731,0.010809972438451101,-0.0032035625850905963,-1.8179591833398456,1766193716.983934
0.9753329753875732,-1.435294270515442,0.5361109375953674,0.00862973625557457,-0.003815188158721401,-1.8151627005335225,1766193716.993968
0.975339949131012,-1.4356938600540161,0.5360596179962158,0.00929630117061703,-0.003799245810976189,-1.813356780812265,1766193717.0039763
0.9750685691833496,-1.43583345413208,0.5361365079879761,0.00926702122698702,-0.004055006353220569,-1.8120709581915018,1766193717.0139496
0.9749818444252014,-1.4360352754592896,0.53602534532547,0.009234152245845098,-0.003865993606063908,-1.8105387400600623,1766193717.0140278
0.9748234748840332,-1.435789942741394,0.5360884666442871,0.008404288675455333,-0.0048375670236638765,-1.8087273159866262,1766193717.023974
0.9747285842895508,-1.4358569383621216,0.536098301410675,0.008291971740923304,-0.004882782547410903,-1.8079826879157908,1766193717.0339496
0.9746730923652649,-1.4359122514724731,0.5361170768737793,0.00825889034209476,-0.004849278954500239,-1.8076241974030487,1766193717.0439498
0.9746796488761902,-1.43598473072052,0.5361412763595581,0.008211336037986806,-0.004826530821511926,-1.807600045487764,1766193717.0539796
0.9743912220001221,-1.4362001419067383,0.5362142324447632,0.009383892593550835,-0.0033733629971752365,-1.8076610686339978,1766193717.0639496
0.974777340888977,-1.435929298400879,0.5360748767852783,0.008275374569649248,-0.004907142795641941,-1.8081495675244408,1766193717.064005
0.9750232100486755,-1.4359678030014038,0.5359892249107361,0.008799472584777245,-0.0051572279396675065,-1.8094285918761321,1766193717.0739443
0.9751296639442444,-1.4359382390975952,0.5360057353973389,0.008826525626240292,-0.005137227588916508,-1.8101464030130365,1766193717.0839357
0.9751133322715759,-1.4361923933029175,0.5361080169677734,0.00930956383269296,-0.003766429769983064,-1.8110839621885404,1766193717.093971
0.9752323031425476,-1.436110019683838,0.5360314249992371,0.009285417550143817,-0.0038218949985802065,-1.8121217429506176,1766193717.1039853
0.9754629731178284,-1.4359753131866455,0.5358787178993225,0.008584847494566634,-0.004598167776601849,-1.8129654117715925,1766193717.113982
0.9755222797393799,-1.4359409809112549,0.5358980894088745,0.008626521013353228,-0.004556974644640135,-1.8137795427010592,1766193717.114061
0.9756990075111389,-1.4358093738555908,0.5358226299285889,0.008311325440618971,-0.004969850499222836,-1.8149157375483405,1766193717.123907
0.9756518006324768,-1.4355608224868774,0.5360574722290039,0.008495993773625475,-0.004923738063706725,-1.815128747358477,1766193717.1339197
0.9757248759269714,-1.4356343746185303,0.5360625982284546,0.008118515091140855,-0.004555280434333132,-1.8157141660968565,1766193717.1439166
0.9758106470108032,-1.4355108737945557,0.5360457301139832,0.008142726271583346,-0.004433493262690549,-1.8158461026528334,1766193717.153941
0.9758948683738708,-1.43540620803833,0.5360867381095886,0.008095938221943523,-0.00448195760639385,-1.8164223753944115,1766193717.1639607
0.9757116436958313,-1.4354325532913208,0.5360243320465088,0.008464896145958781,-0.0047419707691331425,-1.8179422464624406,1766193717.1640184
0.9758810997009277,-1.435438871383667,0.536067545413971,0.008150366674268219,-0.004598146773707693,-1.8182793697473858,1766193717.1739054
0.9758972525596619,-1.435425043106079,0.5358337163925171,0.007689539894392122,-0.004791926459274621,-1.8192751472751947,1766193717.1839168
0.9759120941162109,-1.435433030128479,0.5358114838600159,0.007714013618811658,-0.004794633619558285,-1.8192967964101165,1766193717.19391
0.9757068157196045,-1.4352701902389526,0.5359362959861755,0.008133051953480304,-0.004508006643346539,-1.817051868550967,1766193717.2039804
0.9754241108894348,-1.4355604648590088,0.5366731286048889,0.011048696480147741,-0.003229343071398141,-1.8190096295618767,1766193717.2139862
0.9760693907737732,-1.4349747896194458,0.5359839200973511,0.008121701773006808,-0.0051450161368576785,-1.8181163693090543,1766193717.2140481
0.975861132144928,-1.4349080324172974,0.5361096858978271,0.008507127276277683,-0.004867664708012911,-1.8175258746882053,1766193717.22398
0.9753556847572327,-1.4352158308029175,0.5364546775817871,0.01042289538552276,-0.0030262770182495633,-1.8168511872377195,1766193717.2339323
0.9755041599273682,-1.4350459575653076,0.5364035964012146,0.010030284876732772,-0.0030641759631835418,-1.815785307196207,1766193717.2439759
0.975820004940033,-1.4349232912063599,0.5361238718032837,0.008392871830270163,-0.0034892788681934388,-1.814973019991528,1766193717.2539477
0.9753926992416382,-1.434851050376892,0.5366541147232056,0.009353759083191544,-0.0028704386308078833,-1.8141646405778666,1766193717.2639704
0.9756991267204285,-1.4351156949996948,0.5360434055328369,0.007509650834335467,-0.004031697687636274,-1.8149513666185226,1766193717.2640119
0.9753061532974243,-1.4350653886795044,0.5361475944519043,0.009270653419676332,-0.0035574680001914756,-1.8140061035580548,1766193717.2739818
0.9754398465156555,-1.4352452754974365,0.536072850227356,0.008711015130716399,-0.0039051511896501744,-1.8141764980588169,1766193717.2839293
0.9754081964492798,-1.4352558851242065,0.5360972881317139,0.008602608180592681,-0.003994878680484166,-1.813786588781345,1766193717.2939827
0.9751530885696411,-1.435415267944336,0.5361140966415405,0.009178752195494072,-0.004026955830470688,-1.8130691978537132,1766193717.3039777
0.975127100944519,-1.4354327917099,0.5361165404319763,0.00916705593531629,-0.004022235389002039,-1.812882239424649,1766193717.3139865
0.975216805934906,-1.4353513717651367,0.5360777378082275,0.009266481564586189,-0.0038904720555133798,-1.8130680727125748,1766193717.3140435
0.9752280116081238,-1.43538236618042,0.5360550880432129,0.009278601638005342,-0.003918888947508547,-1.8129008661652581,1766193717.3239858
0.9752307534217834,-1.4354329109191895,0.5360708832740784,0.00925702639268739,-0.003895486017797563,-1.8128238571819024,1766193717.3339732
0.9752325415611267,-1.4354697465896606,0.5360524654388428,0.009274108376189498,-0.003925029271242587,-1.8128174926369134,1766193717.3439848
0.975505530834198,-1.4356107711791992,0.5360416769981384,0.009125393899562307,-0.004070698666585553,-1.8134110507233983,1766193717.35397
0.9752074480056763,-1.4355653524398804,0.5360642671585083,0.009215551351140484,-0.0038838230597737773,-1.8129504961873075,1766193717.363969
0.9754084348678589,-1.435593605041504,0.5360809564590454,0.00873326917392038,-0.003961078371690026,-1.8125174011878875,1766193717.3739822
0.9753449559211731,-1.4357411861419678,0.5360914468765259,0.008799044726579247,-0.0038296990566400717,-1.813403256792171,1766193717.374042
0.9750683307647705,-1.4356995820999146,0.5362188220024109,0.009082310056632051,-0.0037841629763866306,-1.8125183619975576,1766193717.3839579
0.9751819968223572,-1.4357880353927612,0.5359742045402527,0.008799382165646942,-0.0036087383753716463,-1.8134503513380504,1766193717.3939614
0.9751832485198975,-1.4354479312896729,0.5363501906394958,0.008957901422235497,-0.0036145551558219003,-1.8125747600438662,1766193717.4039676
0.9751926064491272,-1.435478687286377,0.5363521575927734,0.008888827577659004,-0.0036291220906697263,-1.8128460634122632,1766193717.4139743
0.9755959510803223,-1.4354467391967773,0.536020040512085,0.007840969887215176,-0.0041787295568319555,-1.8131031254367618,1766193717.4140365
0.975677490234375,-1.4355268478393555,0.5359898209571838,0.007617229644620115,-0.0043545629555825326,-1.8136067508388851,1766193717.4240134
0.9757778644561768,-1.4355605840682983,0.5359542965888977,0.007908433837214662,-0.004551754004566215,-1.814052162885326,1766193717.4339795
0.9755508899688721,-1.4354500770568848,0.5361763834953308,0.008190749340515682,-0.004361253373179646,-1.8141759945378482,1766193717.4439666
0.9758151769638062,-1.4354759454727173,0.5359793901443481,0.007616869175014957,-0.004336101548149454,-1.81418914471173,1766193717.453978
0.9757370948791504,-1.4356558322906494,0.535966157913208,0.008034861484687624,-0.00499075392674378,-1.814658966692335,1766193717.4639776
0.9758175611495972,-1.4355741739273071,0.5359983444213867,0.0078029019889433995,-0.0045568811594581754,-1.8146570244893476,1766193717.4739683
0.9756413698196411,-1.4355096817016602,0.5361124277114868,0.00842401069595085,-0.004543603956460106,-1.8146685609318893,1766193717.4740305
0.9758111238479614,-1.435616374015808,0.5359169244766235,0.007794071399762345,-0.0046633067671523675,-1.8143485006074263,1766193717.4840052
0.975905179977417,-1.4355109930038452,0.5359618663787842,0.008091040933699995,-0.004490213151890135,-1.8148583944658654,1766193717.49402
0.9757786393165588,-1.4354469776153564,0.5359613299369812,0.00781262975463969,-0.0045726221136885205,-1.814319070885819,1766193717.5040123
0.9757273197174072,-1.4352976083755493,0.5359988808631897,0.0075961257043121325,-0.004259834374968454,-1.8138528340845759,1766193717.514064
0.9755796790122986,-1.4353293180465698,0.5360376238822937,0.007470692956235047,-0.004680478094383035,-1.8139772296978613,1766193717.51412
0.9755713939666748,-1.435415506362915,0.5362458825111389,0.008085198206650174,-0.0037926127608196346,-1.8133176981440444,1766193717.5239985
0.9756532311439514,-1.435354232788086,0.5360062718391418,0.007842622033869835,-0.0037931265360168034,-1.8135267083348758,1766193717.534069
0.975674569606781,-1.4352998733520508,0.5360220074653625,0.007455551069153813,-0.004586669480142303,-1.8130410891483006,1766193717.5440543
0.9753329157829285,-1.4353660345077515,0.5361774563789368,0.00886088457726815,-0.00356141996320337,-1.8135544093462945,1766193717.5540261
0.9755019545555115,-1.4354655742645264,0.5360446572303772,0.00858554176400466,-0.003933456578220078,-1.813958158896625,1766193717.5640478
0.9756445288658142,-1.4351412057876587,0.5360413193702698,0.007989685684199457,-0.004589482628021764,-1.8133263738468848,1766193717.5740156
0.9753977656364441,-1.4355367422103882,0.5361493825912476,0.0091152299048826,-0.003266298607297953,-1.8140125855798752,1766193717.5740652
0.9754875302314758,-1.4354548454284668,0.5361413359642029,0.00877429325730942,-0.0035385728692130295,-1.8140045167693122,1766193717.5839212
0.9754102826118469,-1.4356993436813354,0.5359728932380676,0.009894536107908775,-0.003524059780430752,-1.8150067970978236,1766193717.5939488
0.9757877588272095,-1.4356733560562134,0.5358722805976868,0.007906216700222894,-0.004328146743081895,-1.8153973458311485,1766193717.6039166
0.9754568338394165,-1.4354619979858398,0.5360996127128601,0.0085981641357398,-0.003590532594988521,-1.81402211028138,1766193717.613933
0.9755071997642517,-1.4354802370071411,0.535892903804779,0.008212034607569932,-0.003920454043874705,-1.814261860567489,1766193717.613988
0.975432813167572,-1.4355937242507935,0.535926878452301,0.008103354915189766,-0.004124124143211368,-1.813879634633286,1766193717.6239393
0.9752196669578552,-1.4353094100952148,0.5363490581512451,0.008825657271323319,-0.003569132894964405,-1.812668840691077,1766193717.6339335
0.975434422492981,-1.4354933500289917,0.5359926819801331,0.008275782057984925,-0.003711956882085466,-1.81433330748444,1766193717.644039
0.9756964445114136,-1.4351621866226196,0.5359881520271301,0.007588056035524009,-0.00432022908300494,-1.8133837826463004,1766193717.6538992
0.975744903087616,-1.4353060722351074,0.5359051823616028,0.007737486062387853,-0.0045673832471940096,-1.8139106974432773,1766193717.663848
0.9756569266319275,-1.4352670907974243,0.5362474322319031,0.008167597288472122,-0.0034390818945939316,-1.8136497743936582,1766193717.663871
0.9758104085922241,-1.4353175163269043,0.5359887480735779,0.007854951396754828,-0.004619683877474252,-1.814122851761616,1766193717.673898
0.9757102727890015,-1.4353041648864746,0.5362682342529297,0.008207359844716156,-0.0034357724808029605,-1.8139342494341895,1766193717.6839566
0.9752964973449707,-1.4357235431671143,0.5363095998764038,0.0101068467995122,-0.003248251588041378,-1.8153733191500743,1766193717.6939611
0.9752892851829529,-1.435988426208496,0.5365133285522461,0.011244982062058638,-0.0033036560860131444,-1.8167802624261655,1766193717.7039087
0.975676953792572,-1.435280203819275,0.5361161231994629,0.008232374826529809,-0.004370579689439104,-1.8143970167556283,1766193717.7139468
0.9757040143013,-1.4354337453842163,0.536104142665863,0.008386755578768808,-0.004609159630824984,-1.8147476380860568,1766193717.7139726
0.9758114814758301,-1.4354463815689087,0.5359288454055786,0.008186301294794585,-0.004801199320069039,-1.815158633616249,1766193717.7239182
0.9756698608398438,-1.4352351427078247,0.5360377430915833,0.00798108648017007,-0.004702774724593748,-1.81533476210084,1766193717.7339673
0.9754443168640137,-1.4352575540542603,0.5361996293067932,0.008148955683111579,-0.004425525946795082,-1.8148951473407777,1766193717.7438455
0.975752592086792,-1.4354665279388428,0.5359213352203369,0.007811912294881793,-0.004493315583419045,-1.8144511163105013,1766193717.7539742
0.9756951332092285,-1.4353747367858887,0.5359923839569092,0.007645398422147815,-0.00420380070911462,-1.814056617338339,1766193717.763999
0.975688636302948,-1.4353693723678589,0.5360091924667358,0.007602305454481111,-0.004202556537915163,-1.8138568744763217,1766193717.7640567
0.9756208062171936,-1.4355521202087402,0.535963237285614,0.007308066009635924,-0.004259933534888692,-1.8135426371652303,1766193717.7839973
0.9756986498832703,-1.43533456325531,0.535987138748169,0.007549196336361413,-0.004293581516318023,-1.8136384096607063,1766193717.784079
0.975527822971344,-1.4353389739990234,0.5361731052398682,0.0081551147826418,-0.004291404638974827,-1.8137368990603224,1766193717.7939248
0.9756162762641907,-1.4354079961776733,0.5360138416290283,0.008636294971544096,-0.0046489072432410955,-1.8143085499989604,1766193717.8040109
0.9756087064743042,-1.4355604648590088,0.5361886620521545,0.00910912595602167,-0.00386930224750923,-1.8146188218137351,1766193717.8140628
0.9757346510887146,-1.4353909492492676,0.5361441969871521,0.008771165734288563,-0.004728338348141714,-1.8145944046289355,1766193717.814133
0.9757483005523682,-1.4353768825531006,0.5360968708992004,0.008774032554678898,-0.004781722390699929,-1.8146883165291787,1766193717.8239863
0.9759680032730103,-1.4354166984558105,0.5359148383140564,0.00820875348079549,-0.004705376333102906,-1.8145361091022927,1766193717.8339763
0.975369930267334,-1.4353636503219604,0.5365164279937744,0.009335659520133838,-0.002960749710454562,-1.8137794055705332,1766193717.843999
0.9755648374557495,-1.4353141784667969,0.5360947847366333,0.008400754900614718,-0.004639308763072135,-1.8141507144002729,1766193717.8539734
0.9757441282272339,-1.4353383779525757,0.5359371900558472,0.007863289312505878,-0.004607094008378565,-1.8139235084834489,1766193717.8639734
0.9756931066513062,-1.4353386163711548,0.5359007120132446,0.007482751349947052,-0.004167461515760634,-1.8138301772193548,1766193717.8640325
0.9756629467010498,-1.4353034496307373,0.5359047055244446,0.007486083715698895,-0.004163874394966048,-1.8136267068673013,1766193717.8839023
0.9756771922111511,-1.4352301359176636,0.535991907119751,0.007488171642750342,-0.0044356778864748075,-1.8135792139769549,1766193717.8839571
0.9755573272705078,-1.4354028701782227,0.5363251566886902,0.007914001874429416,-0.003764699698585006,-1.8133102915985535,1766193717.8939292
0.9757192134857178,-1.4353110790252686,0.5359359383583069,0.0074218098363045115,-0.004065409280690243,-1.8137626011927972,1766193717.90398
0.9752650260925293,-1.4355782270431519,0.5362932085990906,0.00965132301892627,-0.00326156276323617,-1.8148646777310087,1766193717.9139876
0.975415050983429,-1.435530424118042,0.5363470315933228,0.010065451525875407,-0.003208528089692382,-1.8152230367980053,1766193717.914059
0.9757073521614075,-1.4354606866836548,0.5358045697212219,0.00831487598583324,-0.004770065004054795,-1.8155386599283767,1766193717.9239578
0.9760448336601257,-1.4353536367416382,0.5359414219856262,0.008184898944930252,-0.004682478025604388,-1.815095673717785,1766193717.9339728
0.9760363101959229,-1.4354369640350342,0.5359480381011963,0.00827916100607306,-0.004585613119043447,-1.8153328849376205,1766193717.9439595
0.9759917259216309,-1.4354126453399658,0.535967230796814,0.008208134088711167,-0.0046300880993994445,-1.8152623197892799,1766193717.9539545
0.9758726358413696,-1.435439109802246,0.5359459519386292,0.007896891779537916,-0.004636174941952091,-1.8148408241876344,1766193717.9639578
0.975509524345398,-1.4352805614471436,0.5361670255661011,0.008496261322123246,-0.004897784755494929,-1.81557545324896,1766193717.9640133
0.9755560755729675,-1.4354685544967651,0.5361657738685608,0.008575234841579557,-0.005084633380583158,-1.8155882610148515,1766193717.9739041
0.9755617380142212,-1.435390591621399,0.536022424697876,0.00786073168995892,-0.004168742160180316,-1.814507550845022,1766193717.9839406
0.9755597710609436,-1.4353020191192627,0.5360732078552246,0.007860823260806303,-0.004394845824553784,-1.8143388089670587,1766193717.9939613
0.9755285978317261,-1.435418725013733,0.5360967516899109,0.00836534152875396,-0.004554527130060856,-1.8146114600810446,1766193718.003929
0.9757886528968811,-1.4354223012924194,0.5358853936195374,0.007803604092186353,-0.004514260268586005,-1.8144164359861383,1766193718.014014
0.9757159948348999,-1.4354054927825928,0.5359760522842407,0.007476325655432485,-0.0045802340945784396,-1.8136413207508726,1766193718.0140738
0.975581169128418,-1.435412883758545,0.5361148118972778,0.008311432235817212,-0.004522846041883102,-1.814467725744849,1766193718.0238962
0.9755595326423645,-1.4353011846542358,0.5362176895141602,0.008301976167273533,-0.004237185723553066,-1.8141678485579409,1766193718.0339155
0.9756297469139099,-1.4354393482208252,0.5361393094062805,0.008375666771506696,-0.004607601085306042,-1.814493161232123,1766193718.0439537
0.9757487773895264,-1.435429334640503,0.5361274480819702,0.008695030970771647,-0.004765609187395488,-1.8150542102724714,1766193718.0539517
0.9756982326507568,-1.4354287385940552,0.5360876321792603,0.008408619804859675,-0.0046274943790040645,-1.8146818953084052,1766193718.0639296
0.9759395122528076,-1.43549382686615,0.5359882712364197,0.008481624526068888,-0.00491985753711827,-1.8153947040295373,1766193718.063985
0.9757853746414185,-1.4353827238082886,0.5359917879104614,0.008641219399446365,-0.005220371360236777,-1.816244406618656,1766193718.073901
0.9754091501235962,-1.4356043338775635,0.536059558391571,0.009146956314510499,-0.004692249790025995,-1.8162399534595115,1766193718.0839798
0.9755418300628662,-1.4352744817733765,0.5361201167106628,0.008224524706089276,-0.00440346476922027,-1.8143614812987348,1766193718.0939875
0.9757480025291443,-1.4353448152542114,0.5359521508216858,0.007666264860318637,-0.004429210255710101,-1.8143358801824236,1766193718.1039593
0.9751133322715759,-1.4354302883148193,0.5366320610046387,0.009184807486810323,-0.0032041652714371437,-1.8143962240946232,1766193718.1139822
0.9755201935768127,-1.4353294372558594,0.5363361835479736,0.008200077554034839,-0.0034948787758498612,-1.814778372614144,1766193718.1140614
0.9757304787635803,-1.435496211051941,0.5359787344932556,0.007652492541558166,-0.004835274949132712,-1.8141488256327158,1766193718.1238773
0.9757683873176575,-1.4353243112564087,0.5359877347946167,0.007571179762043277,-0.0042306505181712115,-1.8141487600540531,1766193718.133916
0.975551962852478,-1.435508131980896,0.5361205339431763,0.0080915509672305,-0.004754483013271848,-1.8142289659690396,1766193718.1439488
0.9758296012878418,-1.4353902339935303,0.5359203219413757,0.00808318992926077,-0.0048531712916908614,-1.814980633973873,1766193718.1539445
0.9759693741798401,-1.435442328453064,0.5359650254249573,0.008597697486752902,-0.004895830686566665,-1.8157563007280761,1766193718.1639905
0.9758939743041992,-1.435357928276062,0.5358806848526001,0.008235022863192672,-0.004811448859464986,-1.8152400105512,1766193718.164045
0.9754853248596191,-1.4355340003967285,0.536013126373291,0.008704593802168757,-0.004581779435590922,-1.8156694714133486,1766193718.1739085
0.9758592247962952,-1.4353724718093872,0.53590327501297,0.0082218678535029,-0.004840958580285541,-1.815391714961598,1766193718.1939127
0.9758122563362122,-1.4354044198989868,0.5359022617340088,0.008193560984507757,-0.004935977008084102,-1.8153247652231577,1766193718.1939652
0.975290060043335,-1.4355242252349854,0.5364475250244141,0.009626052448787968,-0.003501149017461739,-1.8161535513090288,1766193718.2039561
0.9751553535461426,-1.435546875,0.5364024639129639,0.010005438458895633,-0.003411423248189793,-1.8158003049877163,1766193718.213988
0.9754102230072021,-1.4355405569076538,0.5361226201057434,0.00813738922315325,-0.00466388378093396,-1.815171895983393,1766193718.2140622
0.9755828976631165,-1.4354275465011597,0.536104142665863,0.008332308071090562,-0.004701312755659138,-1.8148817476245525,1766193718.223925
0.9756837487220764,-1.4356776475906372,0.5358484983444214,0.007536834039879062,-0.004550188669014431,-1.8145599748704904,1766193718.233886
0.9757905006408691,-1.4353175163269043,0.5359529256820679,0.007612203224401029,-0.004303474467760124,-1.814373016900787,1766193718.243921
0.9758263230323792,-1.4354385137557983,0.5359167456626892,0.007799502052958334,-0.004651395428395096,-1.8147075290775057,1766193718.2539308
0.9758121967315674,-1.435450792312622,0.5359384417533875,0.00781451788161759,-0.004574371084073688,-1.8147221203756254,1766193718.2639022
0.9758287072181702,-1.4353262186050415,0.5359756946563721,0.007573764761549708,-0.004352970557578117,-1.8143564765058613,1766193718.2639308
0.9756712317466736,-1.435459017753601,0.5361666679382324,0.008400369890151521,-0.0034160553433661813,-1.8143986151600473,1766193718.27402
0.9758712649345398,-1.4354463815689087,0.535922646522522,0.007851386229170695,-0.00454294538276778,-1.8146996647042815,1766193718.2839854
0.9756155610084534,-1.4353229999542236,0.536135733127594,0.008212370529504966,-0.004345286047207509,-1.8145491326190233,1766193718.29398
0.9756405353546143,-1.4354572296142578,0.5361186265945435,0.008363782885456734,-0.004662096306994213,-1.8150086187415098,1766193718.3039956
0.9756565690040588,-1.4353668689727783,0.5360563397407532,0.008166260911113124,-0.005062436946234823,-1.8157194900967082,1766193718.3140144
0.9756181240081787,-1.435453176498413,0.5360543131828308,0.008362946996416012,-0.004738314391477649,-1.8149944333567398,1766193718.3140707
0.9757205247879028,-1.4354684352874756,0.5360543131828308,0.008584098395034084,-0.004730751596226269,-1.815534603783936,1766193718.3239112
0.9753166437149048,-1.4354792833328247,0.5364692807197571,0.009369294345310615,-0.0028898317562531008,-1.8149460723654613,1766193718.333917
0.9755628705024719,-1.4352507591247559,0.5360408425331116,0.008098419457077512,-0.004821127313670742,-1.8156345633556121,1766193718.3439875
0.9757906198501587,-1.4354748725891113,0.5359074473381042,0.007785799724320543,-0.004585497048558403,-1.815021857211849,1766193718.3539886
0.9754452705383301,-1.4352450370788574,0.5362181067466736,0.008185880277561378,-0.00440073031266968,-1.815210809872823,1766193718.363958
0.9758102297782898,-1.43546462059021,0.5359073877334595,0.00777871242580274,-0.004468353752565834,-1.8149882418846806,1766193718.364014
0.9758428931236267,-1.4354621171951294,0.5359557867050171,0.007797953166214206,-0.004498544495665521,-1.8148550947271538,1766193718.3740084
0.9757905006408691,-1.435420036315918,0.5359883904457092,0.008111276097536344,-0.004835598180766309,-1.8152951947883669,1766193718.3839896
0.9756720066070557,-1.4354383945465088,0.53614342212677,0.00838563709792123,-0.0045381528057993085,-1.8151820669029612,1766193718.3939867
0.9759082794189453,-1.4355030059814453,0.5359334349632263,0.007796636234288936,-0.004534157935606567,-1.8152024885571536,1766193718.4039779
0.9759618043899536,-1.4354820251464844,0.5359449982643127,0.007893010573173745,-0.004667800438908712,-1.8151558384032778,1766193718.4140058
0.9754647612571716,-1.4356080293655396,0.5360119938850403,0.008665444560038519,-0.004565792111967648,-1.8159277204637392,1766193718.4140632
0.9755868315696716,-1.4354528188705444,0.5358760356903076,0.00814244439786576,-0.004513545911282141,-1.8155338926649705,1766193718.4239798
0.9756024479866028,-1.4353574514389038,0.5360897183418274,0.008237833071038484,-0.004446127696388329,-1.8149562790012137,1766193718.4340148
0.9755648970603943,-1.4353342056274414,0.5360962748527527,0.008250044340594594,-0.004329161701338668,-1.8148961859158297,1766193718.4439821
0.9757021069526672,-1.4352920055389404,0.5359920263290405,0.007631563417396706,-0.004531000944828774,-1.815271768146148,1766193718.4539862
0.9756734371185303,-1.4355201721191406,0.5359678268432617,0.007730513218014726,-0.0048868384103252305,-1.8152846259929176,1766193718.4639957
0.9755430817604065,-1.435455322265625,0.536117672920227,0.008294691213642036,-0.004550486860596822,-1.8149811042612924,1766193718.4640496
0.9757111072540283,-1.4354676008224487,0.5359385013580322,0.008062282786036098,-0.004809386878188579,-1.8153190811735898,1766193718.473979
0.9757582545280457,-1.4354615211486816,0.5359531044960022,0.00806132295837612,-0.0048552858692345,-1.815239854485828,1766193718.4839733
0.9758705496788025,-1.4354745149612427,0.5359385013580322,0.007803673738825163,-0.004529049863859176,-1.8149692854037531,1766193718.493966
0.9758712649345398,-1.4353426694869995,0.5359668135643005,0.007643400979916226,-0.004342316615724585,-1.8147192659592344,1766193718.503971
0.9759072065353394,-1.4354783296585083,0.5359399318695068,0.007877758763480557,-0.004585725187727428,-1.815074690438666,1766193718.513915
0.9758954644203186,-1.4354991912841797,0.535915732383728,0.0077863255671872375,-0.004540949998021947,-1.8151130658771992,1766193718.513946
0.9759221076965332,-1.4354825019836426,0.535922646522522,0.007781351292224533,-0.004588296310613782,-1.8151175776809756,1766193718.5239105
0.9758857488632202,-1.4354854822158813,0.5359241366386414,0.00787279911825689,-0.0045859756143401785,-1.8151211337765998,1766193718.5339358
0.9757270812988281,-1.4356589317321777,0.5357875823974609,0.00786195248145185,-0.004531508585107114,-1.8159525233101685,1766193718.543968
0.9755107164382935,-1.4353920221328735,0.5361424684524536,0.008474050880994802,-0.00488345037450016,-1.815933303034178,1766193718.5539598
0.9758039712905884,-1.4354050159454346,0.535957396030426,0.007633670764101952,-0.0043651220501186505,-1.814898946574717,1766193718.563987
0.9755483269691467,-1.4352946281433105,0.5360802412033081,0.008025336663203595,-0.0047562968018443185,-1.8157968149091739,1766193718.5640407
0.975707471370697,-1.4353469610214233,0.5360087752342224,0.007538063728404958,-0.004465336497743067,-1.8154050040742349,1766193718.573965
0.9758044481277466,-1.4354032278060913,0.5359559059143066,0.0075542330487166935,-0.004337265604049641,-1.8148406097446497,1766193718.5839806
0.9758070707321167,-1.435383915901184,0.5359671115875244,0.007607162996500721,-0.004272227385054186,-1.8148924615831703,1766193718.60397
0.9756587743759155,-1.4355322122573853,0.5358493328094482,0.007582363586673275,-0.004229097592416377,-1.815487747041137,1766193718.6040244
0.9758519530296326,-1.4353961944580078,0.5359912514686584,0.007607285423756138,-0.004262330957282955,-1.8148987916238064,1766193718.6140108
0.9758511185646057,-1.435430645942688,0.5360121726989746,0.007799578046711785,-0.004545743824216787,-1.8158277251304997,1766193718.6140668
0.9756819009780884,-1.435608983039856,0.5358843803405762,0.00781344042929686,-0.0045885880162466666,-1.8165266939504663,1766193718.6239219
0.9759379625320435,-1.4354923963546753,0.535955011844635,0.00783860585564687,-0.004569573510544565,-1.8154270648680553,1766193718.6339152
0.9758914709091187,-1.435443639755249,0.5358964204788208,0.008150547075586899,-0.0048516337895758155,-1.8158050695517578,1766193718.643971
0.9757053256034851,-1.4356069564819336,0.535793125629425,0.008249299862384074,-0.004777110956159506,-1.8163352511787803,1766193718.6540103
0.9758203029632568,-1.4354808330535889,0.5359266996383667,0.00813524190661735,-0.0048602626983540445,-1.8157878997980512,1766193718.6639805
0.9756239056587219,-1.4356493949890137,0.5357768535614014,0.00823483540688951,-0.0048004469560567605,-1.8162810383484487,1766193718.6640344
0.9758712649345398,-1.4355173110961914,0.5358784794807434,0.007833509776408527,-0.004583289240022577,-1.815447233759672,1766193718.6739826
0.9756235480308533,-1.4352837800979614,0.5359667539596558,0.007966462998450574,-0.004894909439123335,-1.816115983055774,1766193718.6839826
0.9757851362228394,-1.4356528520584106,0.5359036326408386,0.007690303147708649,-0.0048456119177000805,-1.8151095542039957,1766193718.6940198
0.975666880607605,-1.435369610786438,0.5360108017921448,0.007645661562395765,-0.004374959652808244,-1.815640784040242,1766193718.7039936
0.9756746292114258,-1.4353487491607666,0.5360143184661865,0.007578592091603995,-0.004330007781585894,-1.8154606026880875,1766193718.713955
0.9757331609725952,-1.4353325366973877,0.5360270142555237,0.007504105022206162,-0.0043949333235570095,-1.8153569979706157,1766193718.7140331
0.9757391810417175,-1.4353379011154175,0.5360339283943176,0.007674334365735861,-0.004377438858855055,-1.8155506673015154,1766193718.72399
0.9759078621864319,-1.435518741607666,0.5359380841255188,0.007796127190362012,-0.0044530275024475124,-1.815473260737204,1766193718.7339861
0.975896954536438,-1.4354084730148315,0.535976767539978,0.007661199759820792,-0.0043689417671923,-1.8149671283290074,1766193718.7439966
0.9758596420288086,-1.4354509115219116,0.5359663963317871,0.007645116247729583,-0.004324952503638487,-1.81513108647531,1766193718.7540085
0.975893497467041,-1.435530185699463,0.5359829068183899,0.007748917209698535,-0.004510348561839432,-1.8153041874370426,1766193718.763945
0.9758679866790771,-1.4354296922683716,0.5359863638877869,0.007694679935927897,-0.004346608594790382,-1.8151923678082647,1766193718.7639987
0.9756864905357361,-1.435370683670044,0.5360407829284668,0.00800732620845946,-0.004466992327465676,-1.8153544674874829,1766193718.7739882
0.975757896900177,-1.435351848602295,0.5359655022621155,0.00763718352665347,-0.004481977555975139,-1.815686362599765,1766193718.7839775
0.9757389426231384,-1.4353550672531128,0.5360047221183777,0.007673893138017132,-0.00451494484619204,-1.8158128101889126,1766193718.793985
0.97559654712677,-1.4355069398880005,0.5361177325248718,0.00833472594270054,-0.004593400319422204,-1.8155252156040094,1766193718.803964
0.975395143032074,-1.4354536533355713,0.5362473726272583,0.00808911332579146,-0.004728932842670103,-1.8154351689794075,1766193718.8140132
0.9758204221725464,-1.4354137182235718,0.5360031723976135,0.0075759889580894494,-0.0043352004856858604,-1.8152301155659005,1766193718.8239627
0.9756883978843689,-1.435408592224121,0.5359853506088257,0.008239656262624712,-0.005085916469316739,-1.816501120621349,1766193718.8240168
0.9755815863609314,-1.4354182481765747,0.5361562967300415,0.00831178183726412,-0.004811910421367847,-1.8161613669476389,1766193718.8340178
0.9757961630821228,-1.435572624206543,0.5360184907913208,0.007478520942960541,-0.004545258503093883,-1.8148775137344184,1766193718.843999
0.9759228229522705,-1.4355580806732178,0.5359815359115601,0.007761097577435267,-0.0044634596022176285,-1.8155158400218046,1766193718.8539588
0.975903332233429,-1.4354324340820312,0.5359724760055542,0.007656181374609897,-0.004287083467740356,-1.8153614255177346,1766193718.8639877
0.9757189154624939,-1.4356297254562378,0.5358676314353943,0.007887469433799496,-0.004545725783585286,-1.8170094861047805,1766193718.8640432
0.9756805896759033,-1.4357846975326538,0.5361670851707458,0.008404386211055298,-0.003805733813153806,-1.817402411774462,1766193718.873931
0.9756714105606079,-1.4356650114059448,0.5358543992042542,0.007896975870686898,-0.004624174676516906,-1.8170007316473842,1766193718.8839126
0.9757205843925476,-1.4354759454727173,0.5360231399536133,0.008201330447142644,-0.005025346876585213,-1.8168293388026306,1766193718.8940098
0.9755209684371948,-1.435583472251892,0.5358918309211731,0.008233722994862401,-0.004884883310703638,-1.817107491090939,1766193718.9039261
0.9757056832313538,-1.4354108572006226,0.5360009074211121,0.007586833453761677,-0.004494870994209126,-1.8162018160753426,1766193718.9138954
0.9755642414093018,-1.4355602264404297,0.5358971953392029,0.0076254688604453676,-0.004384631858306399,-1.8167249144870046,1766193718.9139159
0.9755870699882507,-1.435711145401001,0.535871148109436,0.007812143526056138,-0.0046279273528957296,-1.817045216011969,1766193718.9239082
0.9757671356201172,-1.4355524778366089,0.535953164100647,0.007776268904548443,-0.004583370633847702,-1.816431423211518,1766193718.9339209
0.9758037328720093,-1.4355450868606567,0.535949170589447,0.007857317355851576,-0.004609779832627105,-1.8165996058123213,1766193718.9439929
0.9757853150367737,-1.4355138540267944,0.5359563231468201,0.00774501820724119,-0.0046861723643994565,-1.816513302133629,1766193718.9540126
0.975771427154541,-1.4357106685638428,0.5358304381370544,0.007740104132599379,-0.004421030367195649,-1.8164120498324652,1766193718.9640017
0.9758288860321045,-1.4355473518371582,0.5359768867492676,0.007795255775971604,-0.0045476382087881306,-1.8165407126453954,1766193718.964057
0.9758288264274597,-1.435409665107727,0.5360880494117737,0.007431335509195632,-0.004343345981509113,-1.8160538595069584,1766193718.9740117
0.9758434295654297,-1.435545802116394,0.5360239744186401,0.007720572637174111,-0.0045424379699061665,-1.8164190513615466,1766193718.9839692
0.9758473634719849,-1.4355531930923462,0.5360040664672852,0.007759958118184383,-0.0046343433716326985,-1.8166376398383675,1766193718.9940186
0.9756187200546265,-1.4356229305267334,0.5358902215957642,0.008349451717673116,-0.0049797088505067035,-1.8175063655832466,1766193719.0039876
0.9753829836845398,-1.4356850385665894,0.5360868573188782,0.008637959307989178,-0.004674001213482657,-1.8173497986472387,1766193719.013988
0.9757072329521179,-1.4355120658874512,0.5359798073768616,0.008257084186982263,-0.005053379362402574,-1.8170617788704564,1766193719.0140626
0.9757326245307922,-1.4354991912841797,0.5359460115432739,0.008209670266260134,-0.005086774260419201,-1.8170979514662453,1766193719.0238826
0.975689172744751,-1.4356414079666138,0.5359544157981873,0.0077868262853337715,-0.004695091726925229,-1.8171947437950011,1766193719.0339823
0.9756101369857788,-1.4357136487960815,0.5358343720436096,0.0079119982849768,-0.004718845074432807,-1.8172584806166268,1766193719.0439835
0.9757297039031982,-1.4354618787765503,0.5359460115432739,0.008226889214785593,-0.005054656643497715,-1.816996706375044,1766193719.05397
0.9756919145584106,-1.4355088472366333,0.5360201001167297,0.00824189944429999,-0.0049512106089052805,-1.8169935788919653,1766193719.0639956
0.9756314754486084,-1.435712456703186,0.5359305739402771,0.007804720547434722,-0.004638752888403678,-1.8171186909075974,1766193719.064051
0.9758217334747314,-1.435570240020752,0.5360223650932312,0.007808058990348847,-0.004631871869592863,-1.8165966721250573,1766193719.073903
0.9756764769554138,-1.4356880187988281,0.5359072089195251,0.007820519325839735,-0.004583606673226303,-1.817077829685492,1766193719.083852
0.9758596420288086,-1.4355459213256836,0.5359797477722168,0.0077388569028199496,-0.004608618005745094,-1.8166213482276692,1766193719.0939176
0.9757139086723328,-1.435657262802124,0.5359021425247192,0.007805829901907472,-0.004652557622336324,-1.8170152276443101,1766193719.113965
0.9756168127059937,-1.4356186389923096,0.5359352231025696,0.008335354003724506,-0.0048332625936887905,-1.8174420363718606,1766193719.1141436
0.9756848812103271,-1.4357153177261353,0.5359039306640625,0.00793027025961628,-0.00454368668794976,-1.8173230090283354,1766193719.1142123
0.9756792187690735,-1.4357028007507324,0.5358602404594421,0.007918262696913618,-0.004669800771932629,-1.8173260736165178,1766193719.1238987
0.9755589365959167,-1.4355785846710205,0.5358544588088989,0.008387758187787754,-0.005017519403184028,-1.8175889561690626,1766193719.133933
0.9756333231925964,-1.4357197284698486,0.5358301401138306,0.007821894741974953,-0.004683039768910965,-1.8172982461215494,1766193719.1439395
0.9756212830543518,-1.4357224702835083,0.5358460545539856,0.00788566240520691,-0.004626273432084057,-1.817356617573209,1766193719.153958
0.975783109664917,-1.4355742931365967,0.5359603762626648,0.007798384539964064,-0.0047012426253498635,-1.8167899803495224,1766193719.1639597
0.9757893681526184,-1.4355590343475342,0.5359620451927185,0.007832102412099114,-0.004688892625198145,-1.8168374895179926,1766193719.1640267
0.9756321907043457,-1.435736060142517,0.5358672142028809,0.007769218932190861,-0.004565160282865222,-1.8173114560913586,1766193719.1739063
0.9758456945419312,-1.4355521202087402,0.5360174775123596,0.007715969418884772,-0.00461263384381634,-1.8166927116803544,1766193719.1839502
0.9758426547050476,-1.4355608224868774,0.5359730124473572,0.00774877838159881,-0.004611996851791225,-1.8168447547950266,1766193719.1939063
0.9757043719291687,-1.4357140064239502,0.5358942151069641,0.007853214444821916,-0.004618760133422876,-1.8174528287664284,1766193719.2039552
0.9757230877876282,-1.4357171058654785,0.5358649492263794,0.007905782217492668,-0.004591647855627336,-1.8175856900644498,1766193719.2140179
0.9758018851280212,-1.4354889392852783,0.5359503626823425,0.008229264296889612,-0.004967064480775516,-1.8173741294449772,1766193719.2140732
0.9757302403450012,-1.435730218887329,0.535849392414093,0.007868197028253377,-0.004515644889436289,-1.8175131519510521,1766193719.2239215
0.9757136702537537,-1.4357311725616455,0.5358640551567078,0.007888966566825004,-0.004628497953086253,-1.817707100990977,1766193719.2339714
0.9756774306297302,-1.435750961303711,0.5358872413635254,0.007886694491466643,-0.0046108797725297095,-1.817655135747553,1766193719.2439878
0.9758424758911133,-1.43558931350708,0.5360397696495056,0.007742258463193783,-0.004671297490932315,-1.8170630385029207,1766193719.2539883
0.9756388664245605,-1.4357765913009644,0.5358879566192627,0.00781467367085187,-0.004553638046669941,-1.8176257117586854,1766193719.2639706
0.9756603837013245,-1.4357837438583374,0.5358629822731018,0.007784782484138112,-0.0045798423270717314,-1.8176024511016435,1766193719.2640235
0.9756609797477722,-1.4357671737670898,0.5358900427818298,0.00776220563892381,-0.004610006834703666,-1.8176968977898325,1766193719.2739277
0.975726306438446,-1.4357311725616455,0.5359818339347839,0.0077946434602961375,-0.004655833536973687,-1.8176940248602862,1766193719.2839947
0.975826621055603,-1.4356311559677124,0.5360012650489807,0.007825686709001516,-0.004655403548815438,-1.817126144085888,1766193719.2939827
0.9757265448570251,-1.4357081651687622,0.535935640335083,0.0077382381929186434,-0.004557506426263082,-1.8175489876460516,1766193719.3039744
0.9757212400436401,-1.4357666969299316,0.5358667969703674,0.007898433357887643,-0.004521201337188773,-1.8176347343795316,1766193719.3139558
0.9757541418075562,-1.4357672929763794,0.5358864068984985,0.007859695330337464,-0.0045152652154861065,-1.8175737937137466,1766193719.3141427
0.9757485389709473,-1.4357593059539795,0.5359139442443848,0.0078383227995753,-0.004567937064549725,-1.8176827618436304,1766193719.3239932
0.9759045839309692,-1.4356199502944946,0.5360243916511536,0.007814874091753467,-0.004571070096139536,-1.817146826044174,1766193719.3339648
0.9757435917854309,-1.4357376098632812,0.5359688401222229,0.007749767547059018,-0.00461557915544042,-1.8176413512353258,1766193719.3439877
0.9757435321807861,-1.4357725381851196,0.5358418226242065,0.007908368665252305,-0.0046125310702080065,-1.8177511733850857,1766193719.3539624
0.975651204586029,-1.4356790781021118,0.535836398601532,0.008380244805595767,-0.004959466310466414,-1.8180498120423112,1766193719.3639846
0.9756346940994263,-1.4356096982955933,0.5359061360359192,0.00815676698237105,-0.004987236518934942,-1.8178875419714482,1766193719.3640387
0.9756526947021484,-1.435768961906433,0.5358495116233826,0.007755260607222397,-0.0046083780001865355,-1.8176440336515847,1766193719.3739145
0.9755280017852783,-1.4356958866119385,0.5359043478965759,0.00826763260141284,-0.004994773735187574,-1.8179180551093452,1766193719.3839157
0.9756411910057068,-1.4357521533966064,0.535897433757782,0.007791716119997476,-0.00458885657477319,-1.8175954654712074,1766193719.3939204
0.975806713104248,-1.4356133937835693,0.5359926223754883,0.0078152142238671,-0.004660516155493014,-1.8171303639128944,1766193719.4039936
0.9758207201957703,-1.4356279373168945,0.5359961986541748,0.007751296348757678,-0.004620174760431263,-1.8170815350557303,1766193719.4139411
0.9756065011024475,-1.4357011318206787,0.5359308123588562,0.008249347234848244,-0.004845035838596258,-1.8178928844813496,1766193719.414018
0.9757254719734192,-1.4357736110687256,0.5358894467353821,0.007840534337201582,-0.004558896444590214,-1.8177217198533968,1766193719.4238467
0.9757782816886902,-1.435759425163269,0.5358806252479553,0.007879071063638153,-0.0045172491484388524,-1.8178064164689751,1766193719.433937
0.9752498269081116,-1.4361350536346436,0.5365150570869446,0.010724511482994957,-0.0033513194501091277,-1.8187587132993692,1766193719.443945
0.9757868051528931,-1.4357576370239258,0.5358407497406006,0.007994672386054062,-0.004502251491442146,-1.8177895121247802,1766193719.454004
0.9757750630378723,-1.4357879161834717,0.5358497500419617,0.007865397976896548,-0.004581461472561338,-1.8178667779026487,1766193719.4639277
0.9757071137428284,-1.435772180557251,0.5358713269233704,0.007803470162365226,-0.0046199321867612395,-1.8178289688776543,1766193719.463981
0.9756951332092285,-1.435752511024475,0.5358485579490662,0.007819767792877286,-0.0045895119201511195,-1.8177592333438495,1766193719.4739306
0.9756608009338379,-1.4357712268829346,0.535856306552887,0.00780965223589415,-0.004628523389542146,-1.8176818143142148,1766193719.4838784
0.9756218791007996,-1.435646891593933,0.5358909964561462,0.007531232085166055,-0.004383120373043785,-1.8173698666669613,1766193719.494014
0.9756161570549011,-1.4356426000595093,0.535925567150116,0.007475978334569499,-0.004377647456281248,-1.8173101398776705,1766193719.5039964
0.9756145477294922,-1.4356540441513062,0.5359391570091248,0.0075125182345845126,-0.004367072326261859,-1.8173208864802746,1766193719.5140202
0.9756648540496826,-1.4357776641845703,0.5358939170837402,0.007823138637606785,-0.0046753629263945745,-1.8178873424917974,1766193719.5239277
0.97572922706604,-1.4357383251190186,0.5359401702880859,0.0077236672799908404,-0.004644329582581786,-1.8179134427352535,1766193719.5239809
0.975759744644165,-1.4357335567474365,0.5359309911727905,0.007752297709952695,-0.004583168415727153,-1.817956860856601,1766193719.5339875
0.9755470752716064,-1.4360570907592773,0.536237895488739,0.00930146561228051,-0.003534774275128418,-1.8184233619999863,1766193719.543987
0.9756736159324646,-1.4356849193572998,0.5359214544296265,0.008331208074687785,-0.004830463054992143,-1.818275723430879,1766193719.5540347
0.975801944732666,-1.435777187347412,0.535944402217865,0.00780400224549625,-0.0045843247458228625,-1.8180150952121823,1766193719.563973
0.9758014678955078,-1.4357597827911377,0.5359406471252441,0.007822694950959533,-0.004589112788944717,-1.8180622271777414,1766193719.5640397
0.975750207901001,-1.4356547594070435,0.5358743071556091,0.007552929005352003,-0.0044126135118149005,-1.8176448260716185,1766193719.5739293
0.9757189750671387,-1.4356825351715088,0.5359241962432861,0.008163829051086027,-0.00498228533352436,-1.818266309565213,1766193719.583916
0.9756483435630798,-1.4357625246047974,0.5359102487564087,0.008342240219221421,-0.0049448096977461045,-1.8183931399541176,1766193719.594022
0.9756463170051575,-1.4357775449752808,0.5359354019165039,0.008312479610042963,-0.005063856947317804,-1.8183904557213593,1766193719.6039307
0.9756894111633301,-1.4358043670654297,0.535862922668457,0.007740336842594821,-0.004652524100273788,-1.8181201128372033,1766193719.614021
0.9757027626037598,-1.4357222318649292,0.536078155040741,0.008304768058033426,-0.005143861309306148,-1.8186056386354967,1766193719.6239884
0.975688636302948,-1.4357883930206299,0.5358609557151794,0.0078073225202171925,-0.004591381093150518,-1.8181147812429304,1766193719.624043
0.9756278991699219,-1.4359198808670044,0.5358871221542358,0.007527694405598284,-0.004840616557742818,-1.817702787842675,1766193719.633933
0.9756731986999512,-1.435797095298767,0.5359174609184265,0.007784382038008486,-0.004591656355244776,-1.818115900762731,1766193719.6438546
0.9757311344146729,-1.4357993602752686,0.535890519618988,0.007793619510056656,-0.004586603247979144,-1.818209593618326,1766193719.6540186
0.9757840037345886,-1.4358384609222412,0.5358718633651733,0.007792281068084875,-0.004572883615809209,-1.8182439459619277,1766193719.6639361
0.9757046103477478,-1.4357998371124268,0.5359598994255066,0.008385299057548043,-0.00484015122846187,-1.818510630285887,1766193719.673886
0.9758339524269104,-1.4358586072921753,0.5358724594116211,0.00782221983628407,-0.004569362446199479,-1.818308908058408,1766193719.6739447
0.975807785987854,-1.4358468055725098,0.5358770489692688,0.007737832103535014,-0.0045828215792503586,-1.8182435777583885,1766193719.6838405
0.9752859473228455,-1.4362387657165527,0.5366060733795166,0.010675127558321337,-0.003363581658710635,-1.8194890761605307,1766193719.6939857
0.9758234620094299,-1.4358501434326172,0.5358067154884338,0.007776422472807922,-0.004608332928246818,-1.8183693352744665,1766193719.7039797
0.9757958650588989,-1.4358158111572266,0.5358768701553345,0.007734068688867856,-0.004583584051859875,-1.8183445821660902,1766193719.7139747
0.9756976962089539,-1.4358429908752441,0.5358515381813049,0.007746628363860938,-0.004649983144399164,-1.8181849309884928,1766193719.714057
0.9757087230682373,-1.4358524084091187,0.535903811454773,0.007705558341051079,-0.004678235587291789,-1.818227226314875,1766193719.7238586
0.9757280349731445,-1.4357937574386597,0.5359809994697571,0.007765513101479813,-0.004711202710260513,-1.818256769557349,1766193719.7338932
0.9756788611412048,-1.4358494281768799,0.5358743071556091,0.00774835937246528,-0.0046584949381251375,-1.8182010379408857,1766193719.743977
0.9757428765296936,-1.4358046054840088,0.535889208316803,0.007671605687998526,-0.004723792336331523,-1.8182304687128894,1766193719.7539773
0.975721001625061,-1.4358314275741577,0.5359091758728027,0.007775541503810548,-0.004622632909307222,-1.8182529463612385,1766193719.7639854
0.9757689833641052,-1.4357974529266357,0.5359716415405273,0.007735536225420912,-0.004561145775419627,-1.8182797586340995,1766193719.764042
0.9757999777793884,-1.435784101486206,0.5359326004981995,0.007717018209688807,-0.004557905682279672,-1.818230678344419,1766193719.7740214
0.9758062362670898,-1.435790777206421,0.535866916179657,0.007747873851220533,-0.004553747345328079,-1.8183625757711916,1766193719.783992
0.975839376449585,-1.4358069896697998,0.5359095335006714,0.007773161369372813,-0.004605895454079497,-1.8183539383368235,1766193719.794006
0.9756979942321777,-1.4357455968856812,0.5358993411064148,0.008296898630354358,-0.004842714326807425,-1.8184983197309676,1766193719.8039286
0.9758310914039612,-1.435807228088379,0.5359078645706177,0.007714400058135683,-0.004630330811847449,-1.8184114859213614,1766193719.8139567
0.975741982460022,-1.4357376098632812,0.5359997749328613,0.0083429168815844,-0.005010436008052668,-1.8188004362219337,1766193719.8140397
0.9755727648735046,-1.4355814456939697,0.5360510945320129,0.00800422290673997,-0.004656614875147817,-1.8182282453785075,1766193719.8239796
0.9756531119346619,-1.4357844591140747,0.5359015464782715,0.008334395040050714,-0.004986413112074488,-1.818818538761245,1766193719.8339045
0.9757274389266968,-1.4356911182403564,0.5359383821487427,0.007421436829267021,-0.004422727233448137,-1.8180854072105244,1766193719.8439937
0.9757421612739563,-1.435831904411316,0.5358836650848389,0.007808059155734021,-0.004640797729632423,-1.8184691125677135,1766193719.8540223
0.9757152795791626,-1.435703992843628,0.5359548926353455,0.007357072041822862,-0.004429643805912598,-1.8179567615925605,1766193719.8639867
0.9757252335548401,-1.4356820583343506,0.5359665155410767,0.007418417927146295,-0.00445102680243814,-1.8179661041418433,1766193719.8641508
0.9757087826728821,-1.4357444047927856,0.5359243750572205,0.007557779507329775,-0.00431635871170514,-1.81799685334211,1766193719.8739393
0.9757486581802368,-1.4356790781021118,0.5359818935394287,0.007404603397515272,-0.004311792988782669,-1.817899270584434,1766193719.883929
0.9757948517799377,-1.4358675479888916,0.535897970199585,0.007734373318947026,-0.0045018855065971026,-1.8184482151431196,1766193719.894016
0.9757985472679138,-1.435816764831543,0.5359687805175781,0.007692625367590227,-0.00455094154925466,-1.8182965804154594,1766193719.903984
0.9757470488548279,-1.4358317852020264,0.5360507965087891,0.008380162799224967,-0.0049816783165851485,-1.8188432137552746,1766193719.9139721
0.9758505821228027,-1.435858964920044,0.5359264612197876,0.007629648074357629,-0.004641660239812042,-1.818458581400822,1766193719.9141908
0.9757127165794373,-1.4360084533691406,0.5359514355659485,0.008488805127146498,-0.005095819301029908,-1.818244367892025,1766193719.9339404
0.9758202433586121,-1.4358781576156616,0.535847008228302,0.007751119707048628,-0.004626837193188169,-1.8186685942914687,1766193719.9340782
0.9757857322692871,-1.4358736276626587,0.5358495712280273,0.007882996025846937,-0.0046510292703455455,-1.8186557473660323,1766193719.9439614
0.9756755232810974,-1.4357935190200806,0.5359645485877991,0.008192709082210519,-0.0050594608576648,-1.8187999368188992,1766193719.954019
0.9757052659988403,-1.4357722997665405,0.5359347462654114,0.007514725573453859,-0.004343307322919424,-1.818035661957036,1766193719.9639857
0.9757670164108276,-1.4358406066894531,0.5359410643577576,0.007710903892398105,-0.004677376222932956,-1.8184763052682733,1766193719.964146
0.9757593870162964,-1.4358350038528442,0.5359885692596436,0.007684602844189715,-0.004617949624481613,-1.8184633330634157,1766193719.973929
0.9757355451583862,-1.435862421989441,0.5359259843826294,0.007770559589278174,-0.004578148465926939,-1.8184898186394234,1766193719.9839315
0.9757456183433533,-1.4358532428741455,0.5358849763870239,0.007729549408023426,-0.004567026928170547,-1.8184153539631998,1766193719.9939833
0.9758046865463257,-1.4358340501785278,0.5359094738960266,0.0077170797527899735,-0.004571118792430773,-1.818487023913209,1766193720.003964
0.9757192134857178,-1.435777187347412,0.5358647108078003,0.008317580947700407,-0.004900832440588121,-1.8187121957079753,1766193720.0139847
0.9757342338562012,-1.4358166456222534,0.5359286069869995,0.008413523052691534,-0.004967500670542044,-1.8188849858006022,1766193720.014069
0.9753458499908447,-1.4362505674362183,0.5366287231445312,0.010530018929891949,-0.0035202799789827784,-1.819673851822002,1766193720.0339499
0.9758535623550415,-1.4358515739440918,0.5359007716178894,0.007667438673853682,-0.004576765002274235,-1.8185483894220669,1766193720.0340385
0.9757815003395081,-1.435820460319519,0.5360110998153687,0.008475716887023123,-0.005065546529120514,-1.8191171653305547,1766193720.043914
0.9758455157279968,-1.4358290433883667,0.5358831882476807,0.007713225133769124,-0.004671157324136028,-1.8187132909145247,1766193720.0540102
0.9757708311080933,-1.4357808828353882,0.536098837852478,0.00840881912887962,-0.005146730568225787,-1.8192079966106491,1766193720.0639496
0.975684642791748,-1.4357644319534302,0.5358719229698181,0.008266753473441054,-0.004898905052276478,-1.818925344340834,1766193720.064003
0.9757130146026611,-1.435685634613037,0.5359598398208618,0.0074072605687373885,-0.004385289972311369,-1.818188965608344,1766193720.073953
0.9757641553878784,-1.435806155204773,0.535930335521698,0.007746350018054505,-0.00462775694007845,-1.8186313862970176,1766193720.0839727
0.9757456183433533,-1.4357678890228271,0.5359137058258057,0.007733241382456975,-0.004558286103094877,-1.8186097478310104,1766193720.093981
0.9757446646690369,-1.4358172416687012,0.5359357595443726,0.007700858070841078,-0.004622129586085381,-1.818585715458953,1766193720.1039333
0.9758983254432678,-1.4355852603912354,0.5360177755355835,0.007448426493890581,-0.0043349153742508455,-1.8175499359176401,1766193720.113957
0.9757379293441772,-1.4358329772949219,0.5359077453613281,0.007757103225411452,-0.004600860749906415,-1.8184646469194805,1766193720.1140385
0.9758005738258362,-1.435838222503662,0.5359230637550354,0.007656877369178159,-0.004446760874696482,-1.8184249220147668,1766193720.1239262
0.9758647084236145,-1.4357932806015015,0.5358662009239197,0.007680040930558428,-0.004559440396046999,-1.818544796830044,1766193720.1338804
0.975845217704773,-1.435819387435913,0.5358422994613647,0.007769207325103399,-0.004519138789548473,-1.8186027143910162,1766193720.1439486
0.9758497476577759,-1.4358128309249878,0.5358394980430603,0.00781204613130926,-0.004458981080344549,-1.8186843900892244,1766193720.1540089
0.9757043123245239,-1.4357508420944214,0.5359047055244446,0.008305969885319954,-0.004858210727555722,-1.818772705218092,1766193720.1639345
0.9757017493247986,-1.4358248710632324,0.5359377861022949,0.00833939996411862,-0.004835164377727104,-1.8189047010523032,1766193720.1639879
0.9756848812103271,-1.4357489347457886,0.535957396030426,0.008270399014983842,-0.0049882027630267336,-1.8190426355260683,1766193720.1739054
0.975782036781311,-1.4358158111572266,0.5358684062957764,0.007713039830064893,-0.00461815406433925,-1.8186683054121309,1766193720.1839824
0.975775957107544,-1.4358667135238647,0.5358343720436096,0.00774992043919922,-0.004667042002721738,-1.818650167887488,1766193720.1939206
0.9755158424377441,-1.4358404874801636,0.5359846353530884,0.008095028316875476,-0.005077096302531474,-1.8187639512556875,1766193720.2039793
0.9757269620895386,-1.435869574546814,0.5358825922012329,0.007376948731051005,-0.004645224147339411,-1.8176383116883978,1766193720.2140114
0.9757633209228516,-1.4356634616851807,0.5359135866165161,0.007346433249649277,-0.004400859911262829,-1.8180915284090065,1766193720.2140677
0.9757617115974426,-1.4358229637145996,0.5359429717063904,0.007775393022063717,-0.00457835386275672,-1.8186186939627869,1766193720.2239757
0.9756900668144226,-1.4357409477233887,0.5359768867492676,0.008162144861532055,-0.00489314302798263,-1.818751619048992,1766193720.2339344
0.9758248925209045,-1.4357889890670776,0.5359920263290405,0.007714731910554187,-0.00447251683426408,-1.8185421567958002,1766193720.2439764
0.9758190512657166,-1.4358446598052979,0.5358669757843018,0.007749502684037597,-0.004560272988240651,-1.8185988456922155,1766193720.2539325
0.9758515357971191,-1.4358395338058472,0.53586745262146,0.007778445780940348,-0.004533447467368849,-1.818621317946414,1766193720.2639537
0.975866973400116,-1.435815691947937,0.5358869433403015,0.007728191139600521,-0.004639291209360272,-1.818699255213501,1766193720.2640097
0.9758270978927612,-1.4358359575271606,0.5358753800392151,0.007681027024482807,-0.004594881985983004,-1.8187290242930643,1766193720.2738562
0.9757349491119385,-1.4357458353042603,0.5359216928482056,0.008132035519188775,-0.004911383302216071,-1.8187708890113927,1766193720.2839706
0.9757930040359497,-1.435823678970337,0.5358989834785461,0.00771839674099081,-0.004652016994698471,-1.8185784061040593,1766193720.2939801
0.9757632613182068,-1.4358267784118652,0.53580641746521,0.007712385636008679,-0.0045145915996933576,-1.8186061025282771,1766193720.303989
0.9756729602813721,-1.435725450515747,0.5358753800392151,0.007494264734288658,-0.004305043843024224,-1.8180359760506284,1766193720.3139596
0.9756940603256226,-1.4357187747955322,0.5359482169151306,0.00739741900233554,-0.004387996671958209,-1.8181660880694261,1766193720.3140433
0.9756377339363098,-1.4358606338500977,0.5359833836555481,0.008269182202356172,-0.004981919053274411,-1.8189134814869012,1766193720.323966
0.975730836391449,-1.4358566999435425,0.5359078645706177,0.007739944383051084,-0.004515867597090569,-1.8186382155577037,1766193720.3439753
0.9757319688796997,-1.4358588457107544,0.5358812808990479,0.007788831254787309,-0.004498523598717411,-1.8186492261325102,1766193720.3440287
0.9757772088050842,-1.4358210563659668,0.5358784794807434,0.007768149522421838,-0.004544256496264332,-1.8186441085443914,1766193720.3539622
0.9758126735687256,-1.4358644485473633,0.5358421802520752,0.0077323995449955635,-0.004604276243460023,-1.818712366251447,1766193720.3639479
0.9757598042488098,-1.4359114170074463,0.5358438491821289,0.008284150071528693,-0.005039803459631116,-1.8182167132308975,1766193720.3640032
0.9757500886917114,-1.4357963800430298,0.5359395146369934,0.008343413493620933,-0.004900039201874389,-1.8189411990662367,1766193720.3738546
0.9757450222969055,-1.4358421564102173,0.5359647870063782,0.008288374877380291,-0.004831075344892945,-1.8189039647883394,1766193720.383913
0.9757702946662903,-1.4357517957687378,0.535967230796814,0.008151798180296321,-0.004936253605830034,-1.8188439343790692,1766193720.3939283
0.9758111834526062,-1.435704231262207,0.5359302759170532,0.0074182581660700835,-0.0044257966841646556,-1.8182700024024854,1766193720.403951
0.9758106470108032,-1.435848593711853,0.5358405113220215,0.007612289273790809,-0.0045510884215053254,-1.8186806570441754,1766193720.4138968
0.9757611751556396,-1.4358584880828857,0.5358586311340332,0.007700287454491696,-0.004626379528775391,-1.818658960470745,1766193720.4139502
0.9758164286613464,-1.435809850692749,0.5359612703323364,0.007614900864753372,-0.004650755841175922,-1.818636805390313,1766193720.4239547
0.9758438467979431,-1.4357964992523193,0.535927951335907,0.007676820216056822,-0.004655824675605308,-1.8187390243788997,1766193720.4339511
0.975795567035675,-1.4358223676681519,0.535893440246582,0.00772289152043501,-0.004664013122278801,-1.8187244941653469,1766193720.4439683
0.9758050441741943,-1.4358106851577759,0.5359247922897339,0.00762754166349825,-0.0046224289513519205,-1.8186549191876666,1766193720.453955
0.9757825136184692,-1.4358645677566528,0.5358943939208984,0.007862875594907217,-0.004636413644221334,-1.8188082091287001,1766193720.463956
0.9758417010307312,-1.4358291625976562,0.5359451174736023,0.007693039113369832,-0.0045635710687564595,-1.8187238083643518,1766193720.464009
0.9757236242294312,-1.4357417821884155,0.5358967781066895,0.008298196547518701,-0.004898424287479137,-1.818901790044433,1766193720.4738994
0.9758524298667908,-1.435825228691101,0.5359088182449341,0.007730327542341078,-0.0046357535489711995,-1.8187575460192544,1766193720.4839203
0.9757987260818481,-1.4357222318649292,0.5359200239181519,0.00828435046289157,-0.0048761442407244,-1.818959273430414,1766193720.493934
0.9753095507621765,-1.4362361431121826,0.5366053581237793,0.010711532060197728,-0.0034435996339298542,-1.8198479181369804,1766193720.5039763
0.9757237434387207,-1.4357916116714478,0.5359199643135071,0.008346400305305571,-0.0049249745137731156,-1.8190237204278639,1766193720.5139773
0.9758214354515076,-1.4358351230621338,0.535904586315155,0.007657474299579611,-0.004691350904605209,-1.8186775223195,1766193720.5140536
0.9757874011993408,-1.4358829259872437,0.5358714461326599,0.007793357565608855,-0.004581590071232976,-1.8187885023425447,1766193720.5239553
0.9757898449897766,-1.4358352422714233,0.5359051823616028,0.0077412585493088415,-0.00461093053884113,-1.8186661260838184,1766193720.5339413
0.9757450819015503,-1.4358835220336914,0.5358856916427612,0.0076364419590723535,-0.004640913759900464,-1.8187326525155505,1766193720.543975
0.9756684303283691,-1.435749888420105,0.535933256149292,0.0073992792426818355,-0.004375909541942371,-1.818142177655713,1766193720.5539572
0.9757416248321533,-1.4358445405960083,0.5359876751899719,0.007612261587471648,-0.004623522320209954,-1.8185355914613104,1766193720.5639586
0.9757329225540161,-1.4358606338500977,0.5359102487564087,0.007727615138474233,-0.004583993393841696,-1.8185912340761061,1766193720.5640142
0.9755517244338989,-1.4356491565704346,0.5359928607940674,0.008100193465636089,-0.004563366566449365,-1.8184213602506836,1766193720.5739565
0.9757175445556641,-1.4357573986053467,0.5358846187591553,0.008333427413242356,-0.004832923895980869,-1.8190265984403249,1766193720.583956
0.9758350849151611,-1.4358386993408203,0.5359116792678833,0.007701291253363682,-0.004678109028328975,-1.8187425023755515,1766193720.5940063
0.9757708311080933,-1.4357281923294067,0.5359806418418884,0.008256304391999942,-0.004914938342110254,-1.8190589953744987,1766193720.6039524
0.9757888317108154,-1.4358165264129639,0.5360314846038818,0.008403515861149943,-0.0050194411831115966,-1.8192394105747631,1766193720.6139882
0.9757553935050964,-1.4358304738998413,0.5359749794006348,0.00841394122833113,-0.004977447367546715,-1.8189690384096664,1766193720.6140637
0.9758574366569519,-1.4359861612319946,0.5357958674430847,0.007728252417815522,-0.004859627184947911,-1.8180540848066886,1766193720.623903
0.9758199453353882,-1.4358664751052856,0.5358479022979736,0.007642562855909688,-0.004509173290354816,-1.8186323034523886,1766193720.6339145
0.9756463170051575,-1.4357818365097046,0.5359036326408386,0.008234549118223026,-0.004812932748730761,-1.818928257354917,1766193720.643935
0.975811779499054,-1.4360229969024658,0.5358445644378662,0.007674270070001136,-0.004784816500878365,-1.8181318631429313,1766193720.653972
0.9757713675498962,-1.4358630180358887,0.5358783602714539,0.007741568714254499,-0.004564351894594025,-1.8186427458882768,1766193720.6639235
0.9757688045501709,-1.4358676671981812,0.5358352661132812,0.007739728110944534,-0.004578910851996358,-1.8187714941821667,1766193720.6639767
0.9757762551307678,-1.4356967210769653,0.5359379649162292,0.007453595504543472,-0.004379892329848105,-1.8183663400039811,1766193720.673901
0.975788950920105,-1.435808777809143,0.5359249114990234,0.007761371114032955,-0.004606113130432995,-1.8187092197732655,1766193720.6839535
0.975833535194397,-1.4357694387435913,0.536007821559906,0.007688824494973342,-0.004590729150838576,-1.8187173893219295,1766193720.6939209
0.9758058190345764,-1.4356943368911743,0.5359688997268677,0.007500844526491671,-0.004381227203179905,-1.8183434360138653,1766193720.7039094
0.9758243560791016,-1.4358546733856201,0.5359446406364441,0.0077043878809210774,-0.004614542801369186,-1.818668919867617,1766193720.7139049
0.9758405685424805,-1.435827612876892,0.5359265208244324,0.007618461936188831,-0.00462044913954586,-1.81866674726568,1766193720.713924
0.9757586717605591,-1.4358134269714355,0.5360175371170044,0.008286103338740632,-0.00496468842504904,-1.8189783597794158,1766193720.7239106
0.9757692813873291,-1.435829997062683,0.5360005497932434,0.008204267757247507,-0.004934405653601784,-1.8190183174588044,1766193720.7339265
0.9752979278564453,-1.436233639717102,0.5365413427352905,0.010598423997545466,-0.0033607258614756696,-1.819735054675228,1766193720.7539256
0.9757811427116394,-1.4358205795288086,0.5360528230667114,0.008554993950139997,-0.005109621991790132,-1.8194423539249864,1766193720.753977
0.9753045439720154,-1.4362390041351318,0.5366055369377136,0.010700421538558085,-0.003491489564403483,-1.819900568705273,1766193720.7639627
0.9758265018463135,-1.4358514547348022,0.5359053015708923,0.007663182823993639,-0.00465147425721305,-1.8188241774412868,1766193720.7640169
0.9757712483406067,-1.435891032218933,0.5358767509460449,0.007736988362656011,-0.004627764644972257,-1.8187422970450033,1766193720.7738936
0.9757748246192932,-1.435869574546814,0.5358446836471558,0.007714356215945417,-0.004670915209741699,-1.8187321334045958,1766193720.7839262
0.9757406115531921,-1.4357261657714844,0.535950779914856,0.00745275903717533,-0.0044865446244449336,-1.8183932713732014,1766193720.793987
0.9757698178291321,-1.4358354806900024,0.5359184741973877,0.0077162947848226585,-0.004641819029336157,-1.818752246508049,1766193720.8039591
0.975735604763031,-1.4358673095703125,0.53589928150177,0.0077012912530301575,-0.0045536829305653235,-1.8185869377340784,1766193720.8139713
0.9757944941520691,-1.4359954595565796,0.53585284948349,0.007591391521225776,-0.004763183698742,-1.8180099548833826,1766193720.8140438
0.9757293462753296,-1.4358398914337158,0.5359336137771606,0.008242194950826941,-0.004765347641839336,-1.818857641225983,1766193720.8239517
0.9757625460624695,-1.4357719421386719,0.5359116196632385,0.008300689844484918,-0.004890385549746006,-1.8189217431413915,1766193720.833952
0.9757587909698486,-1.435773253440857,0.535918116569519,0.008366081776463854,-0.004760294293561308,-1.8191311791790663,1766193720.8439524
0.9757437109947205,-1.4357993602752686,0.5359530448913574,0.008466636206430097,-0.004902580836155921,-1.8191561623930568,1766193720.8539813
0.9757633209228516,-1.4359654188156128,0.5359216928482056,0.008304242941027374,-0.00501125002055805,-1.8183106189500147,1766193720.8639803
0.9757749438285828,-1.4358011484146118,0.5360034108161926,0.00844652577067836,-0.005055504402937447,-1.819238928461973,1766193720.8640327
0.9751346111297607,-1.4361289739608765,0.5365246534347534,0.010774298295730216,-0.0032368003227437095,-1.8205231537425297,1766193720.874009
0.9756033420562744,-1.4357826709747314,0.5359025597572327,0.008240792643205338,-0.005049903394888335,-1.8188430119360204,1766193720.8839772
0.9757599234580994,-1.4357051849365234,0.5360618829727173,0.008089402974333013,-0.005079025824308303,-1.8190851471148057,1766193720.894011
0.9757695198059082,-1.435833215713501,0.53595370054245,0.007580765456195272,-0.004621927355173424,-1.8187152418425527,1766193720.9039953
0.9757435321807861,-1.4358203411102295,0.5359408855438232,0.0076297530180094554,-0.0045457224943624966,-1.8185809730544393,1766193720.9139616
0.9757019281387329,-1.4357123374938965,0.5358959436416626,0.007499650717103452,-0.004359650522935959,-1.8181473128145056,1766193720.9140413
0.9757990837097168,-1.43583083152771,0.5358331799507141,0.00772578416462922,-0.004549818456581261,-1.8186056204990928,1766193720.923913
0.9757799506187439,-1.435844898223877,0.535822868347168,0.007658784386046733,-0.0045755485362460584,-1.818653097233073,1766193720.9339218
0.9757436513900757,-1.4357023239135742,0.5358997583389282,0.007521642632978009,-0.0042740868886330646,-1.8182207499657161,1766193720.943923
0.975777268409729,-1.4356833696365356,0.5359455347061157,0.008213252457209358,-0.004894683194611492,-1.8189210033831045,1766193720.9539666
0.9757567644119263,-1.435767412185669,0.5359074473381042,0.008460096382542023,-0.004914764861719374,-1.8190930782251042,1766193720.9639769
0.9758886098861694,-1.435816764831543,0.5358096957206726,0.0077534659425393245,-0.004617245186556025,-1.8187499477571971,1766193720.9640312
0.9756332039833069,-1.4356316328048706,0.5359759330749512,0.008120794040592745,-0.0045741906517077074,-1.8185393470108855,1766193720.9739888
0.975688099861145,-1.4358124732971191,0.5359187126159668,0.008315367247606115,-0.004846809203537352,-1.8189669745484998,1766193720.9839838
0.9756054878234863,-1.4356135129928589,0.5360881090164185,0.008070318947630694,-0.004602375640645459,-1.818525084013746,1766193720.9940126
0.9758227467536926,-1.4358277320861816,0.535885214805603,0.00762909224175469,-0.004619572184115818,-1.8186998389796056,1766193721.0039258
0.9756845235824585,-1.4358140230178833,0.5359647274017334,0.008469097314170589,-0.00496599668830134,-1.8192444720044096,1766193721.0139756
0.9754626154899597,-1.4358878135681152,0.5360531806945801,0.008110144819082092,-0.005143565472819207,-1.818843563745278,1766193721.0140486
0.9757311940193176,-1.4358381032943726,0.5360596179962158,0.008375833072008704,-0.005001487161343305,-1.8192176649320908,1766193721.0239718
0.9758343696594238,-1.435842752456665,0.5358947515487671,0.0076280675343268585,-0.004596537395965068,-1.8187204714734997,1766193721.0339818
0.9757372736930847,-1.4357722997665405,0.5358766913414001,0.008383092778560714,-0.004878373981495107,-1.8191309931153157,1766193721.0439756
0.975856602191925,-1.4358432292938232,0.5357989072799683,0.007742801632037858,-0.00464181185933016,-1.8187739612685023,1766193721.0539742
0.9757303595542908,-1.435982584953308,0.5359143018722534,0.008289523014412476,-0.004979891664605313,-1.818274422603374,1766193721.063973
0.9757534265518188,-1.4357831478118896,0.5359070301055908,0.008261406540900245,-0.004869472632323426,-1.8188793834544794,1766193721.0640178
0.9757488965988159,-1.4359357357025146,0.5358685255050659,0.008259023806091368,-0.004971483125680248,-1.8182342572663417,1766193721.0740085
0.9758720397949219,-1.4358468055725098,0.5358330011367798,0.007733320978394733,-0.004555696175294879,-1.8187231274225513,1766193721.0839753
0.9755028486251831,-1.4358638525009155,0.5359947085380554,0.008029209543279542,-0.005034080862177565,-1.8188162443892846,1766193721.0939693
0.9757277965545654,-1.4357500076293945,0.5359621644020081,0.008184921242146469,-0.004865331986706791,-1.819020590513182,1766193721.103968
0.9756775498390198,-1.4357831478118896,0.5358837842941284,0.008263518882742226,-0.004902298121959148,-1.81904028738432,1766193721.1139684
0.9756242036819458,-1.4357962608337402,0.5358927249908447,0.008368421908249862,-0.004942514817020793,-1.8191354915141398,1766193721.11413
0.975488007068634,-1.4358545541763306,0.5359548330307007,0.00814951412258291,-0.0051141367171282665,-1.8188848024258317,1766193721.123971
0.9752511978149414,-1.4362930059432983,0.5364859700202942,0.010682604375114658,-0.003522082420364866,-1.8201206536187353,1766193721.1339796
0.9756824374198914,-1.435787558555603,0.5358516573905945,0.008328393577355365,-0.004960340464162925,-1.8191908181267895,1766193721.1439857
0.9757537841796875,-1.4357852935791016,0.5359773635864258,0.008265082849634337,-0.005009687651205765,-1.8191355660581154,1766193721.1639762
0.9758499264717102,-1.4358505010604858,0.5358653664588928,0.007659521079023451,-0.004561840086852569,-1.818671144786447,1766193721.1640584
0.975857138633728,-1.4358326196670532,0.5359030365943909,0.007634635490953339,-0.004588269988378961,-1.8187523859828625,1766193721.174025
0.9757859110832214,-1.4357695579528809,0.5359750986099243,0.008281152363970014,-0.00488246260997019,-1.8190466890736365,1766193721.1839867
0.9758375883102417,-1.4358515739440918,0.5358870029449463,0.007686037125759125,-0.004578553409930303,-1.8187242994699422,1766193721.1939225
0.9755582213401794,-1.4357998371124268,0.5360165238380432,0.008049600373454209,-0.004685259578774927,-1.817757646328005,1766193721.2039778
0.9758049845695496,-1.4358325004577637,0.5358762741088867,0.007429902404711642,-0.004544374205992422,-1.8176997055183903,1766193721.2139697
0.9758310914039612,-1.4358360767364502,0.5359106659889221,0.007662181789472256,-0.004587768005086037,-1.8188199998629409,1766193721.2140446
0.9758313298225403,-1.4358388185501099,0.5359401106834412,0.0076742981990301495,-0.0046363199057646715,-1.8188281495479264,1766193721.2239726
0.9757227301597595,-1.4357929229736328,0.5361341834068298,0.008227944393483832,-0.00517074270261347,-1.819092588533319,1766193721.2339787
0.9757785797119141,-1.4357895851135254,0.5361107587814331,0.00837267422862049,-0.005124601105732286,-1.8194214790475987,1766193721.2439082
0.9756780862808228,-1.435805082321167,0.5358643531799316,0.008288445674028786,-0.004919503003073862,-1.8190940249624357,1766193721.2539694
0.9757487773895264,-1.4358066320419312,0.5359753370285034,0.008438831271260452,-0.005026885307015823,-1.8193789334183526,1766193721.2639632
0.975730299949646,-1.4358285665512085,0.5359572172164917,0.008513974654665935,-0.00502674892892244,-1.8192046825639145,1766193721.2640176
0.975688099861145,-1.4359468221664429,0.5359735488891602,0.007476258252492176,-0.00477464697012266,-1.8186700481639135,1766193721.27401
0.9757689833641052,-1.4358246326446533,0.5360544919967651,0.008409329153644103,-0.00495097459032176,-1.8191637638229314,1766193721.2839687
0.9756854772567749,-1.436151385307312,0.5362362265586853,0.009245115622553906,-0.0035286053018533134,-1.8192631641483858,1766193721.2939851
0.975764274597168,-1.4357057809829712,0.5358973145484924,0.007454922565824203,-0.004261140055985407,-1.818213460128948,1766193721.30398
0.9757885932922363,-1.4358428716659546,0.5359048843383789,0.007798708314022405,-0.004478697903203985,-1.8187669203025785,1766193721.3139772
0.9758086204528809,-1.435987114906311,0.5358683466911316,0.007675169905183601,-0.00484397963842021,-1.818092675293207,1766193721.3140552
0.9757856726646423,-1.435958981513977,0.5358598232269287,0.007647002800071494,-0.004754050634545484,-1.8181448229114405,1766193721.3239703
0.9756767153739929,-1.4357671737670898,0.5357884764671326,0.007659215934882628,-0.004419835613033418,-1.8193317088781993,1766193721.3340235
0.9757879972457886,-1.4359866380691528,0.5358263254165649,0.007688628065340691,-0.004849312863638145,-1.818271119323826,1766193721.34398
0.9757737517356873,-1.4358325004577637,0.5357969403266907,0.007648754790639133,-0.004532726788505456,-1.8187545689343347,1766193721.3539884
0.9757679104804993,-1.4358657598495483,0.5358107686042786,0.007768985625526799,-0.004592631140051455,-1.8189702679465383,1766193721.3639615
0.9756489992141724,-1.4359208345413208,0.5359025001525879,0.007607937302878695,-0.004858954532049591,-1.818491612416712,1766193721.3640077
0.9757916331291199,-1.4357900619506836,0.5359002947807312,0.00766969082000272,-0.004574791045288622,-1.8189201933033425,1766193721.3740156
0.9757044315338135,-1.4359114170074463,0.5358902812004089,0.0076690600567128125,-0.004815624116782795,-1.8185850663948564,1766193721.383999
0.9758092164993286,-1.435872197151184,0.5358113646507263,0.007774725321202497,-0.004619256127958507,-1.8187306619871533,1766193721.394046
0.9758238792419434,-1.4358482360839844,0.5359309911727905,0.0076249634387599895,-0.004561297389747049,-1.8187380520749654,1766193721.403987
0.9758391380310059,-1.435853123664856,0.5359050631523132,0.0077310557999856035,-0.004525215461985001,-1.818768046461319,1766193721.4139633
0.9758545756340027,-1.435839056968689,0.5358884334564209,0.007681603715734097,-0.004556115743895086,-1.8186777078474923,1766193721.4140415
0.9758855104446411,-1.435821771621704,0.5359303951263428,0.007694485229938036,-0.004552700553187443,-1.8188387798207084,1766193721.423994
0.9756374359130859,-1.4356621503829956,0.5359976887702942,0.008125315914186434,-0.004574726367513398,-1.8184890163667127,1766193721.433987
0.9756360650062561,-1.4361151456832886,0.5362659096717834,0.00933972058504745,-0.003526013204264737,-1.8193425505028535,1766193721.4439912
0.975853443145752,-1.4357842206954956,0.5358694195747375,0.007750818625038995,-0.004581645957753315,-1.8188721324671921,1766193721.454013
0.9758585691452026,-1.4357939958572388,0.5359529852867126,0.007621287635156028,-0.0045552509488106805,-1.818794438216696,1766193721.4639885
0.975749135017395,-1.4357599020004272,0.5358968377113342,0.007457455456216639,-0.004363227370896044,-1.8184396835221508,1766193721.4640427
0.975737452507019,-1.435739278793335,0.5358662009239197,0.00743254212464531,-0.004346552017203967,-1.8183190996330396,1766193721.4739041
0.9757505655288696,-1.4358915090560913,0.5358362793922424,0.007638747726503159,-0.004649633073201342,-1.8188016762115917,1766193721.4839978
0.9756879210472107,-1.4358224868774414,0.5359094738960266,0.008276135822326976,-0.004979281136756493,-1.818967542600236,1766193721.4939315
0.9757875204086304,-1.4358829259872437,0.5358712673187256,0.007693627750406718,-0.004629200208083568,-1.8187183324354277,1766193721.5039325
0.9758234024047852,-1.4358563423156738,0.5358663201332092,0.007678742457252022,-0.004543952631415802,-1.8187056961182826,1766193721.513952
0.9757797718048096,-1.4357503652572632,0.5359818339347839,0.008191046148546485,-0.004932771279213288,-1.819058217996221,1766193721.5140321
0.9758705496788025,-1.4358220100402832,0.5358598828315735,0.007751144101238178,-0.004546741440521042,-1.8188340865329864,1766193721.5239112
0.9753684401512146,-1.4362043142318726,0.5367187261581421,0.01057609918637115,-0.0034773930333251483,-1.8199556075838101,1766193721.533984
0.9758559465408325,-1.4360226392745972,0.5358684659004211,0.00763463834777763,-0.004759793866495917,-1.8181369215435186,1766193721.5439742
0.9757100939750671,-1.4360265731811523,0.5360110402107239,0.008290401826308429,-0.0050274063547226374,-1.8183796155789973,1766193721.5539668
0.9758424162864685,-1.435831069946289,0.5359361171722412,0.007584269466920836,-0.004577631311620176,-1.8186833915139544,1766193721.563966
0.9758134484291077,-1.435867190361023,0.5358378291130066,0.007691253173602255,-0.004568005416839413,-1.8188733342685957,1766193721.5640209
0.975794792175293,-1.4358943700790405,0.5357974767684937,0.007439340155587135,-0.004615387716288351,-1.8178135160790663,1766193721.5739024
0.975657045841217,-1.4360190629959106,0.5359771847724915,0.008467907176508794,-0.00511803474775246,-1.818528536323281,1766193721.5839682
0.9755946397781372,-1.4359785318374634,0.5359083414077759,0.007459140352505139,-0.004872712187857691,-1.8185928457765095,1766193721.593939
0.9756972789764404,-1.4358644485473633,0.5358396172523499,0.007415187723575785,-0.004629007512910826,-1.8176713692443587,1766193721.6039712
0.9757014513015747,-1.4358552694320679,0.5358333587646484,0.007402391255617102,-0.004523853986203736,-1.8176403578878233,1766193721.6139576
0.9757727980613708,-1.4359560012817383,0.5358091592788696,0.007524244538932276,-0.00480943964621977,-1.8180591618275608,1766193721.6140301
0.975710391998291,-1.435726523399353,0.5359202027320862,0.007392867780154482,-0.004359407673726334,-1.8181563847027888,1766193721.6239684
0.9757402539253235,-1.4357364177703857,0.5359467267990112,0.007376184723224367,-0.00435946273422833,-1.8181526579783505,1766193721.6340158
0.9758376479148865,-1.435864806175232,0.5359112024307251,0.007683103942618704,-0.004560362110807461,-1.8187311862095294,1766193721.64399
0.975793719291687,-1.4358553886413574,0.5359587669372559,0.008439484157254389,-0.004897174834606653,-1.8191635173629892,1766193721.6539614
0.9758071303367615,-1.4357954263687134,0.5359097123146057,0.008366095939874276,-0.004931480985322409,-1.8191009365837316,1766193721.6639438
0.975829005241394,-1.4357599020004272,0.5360069274902344,0.008365452274514627,-0.004929108756741085,-1.819322831935011,1766193721.6738465
0.9756278991699219,-1.4356285333633423,0.5360895395278931,0.00808360163839104,-0.0045904379045925685,-1.8186261288916539,1766193721.6739028
0.975870668888092,-1.4358205795288086,0.535888135433197,0.007645222851632212,-0.004683979307053704,-1.8187837450353495,1766193721.683882
0.9757817387580872,-1.4357272386550903,0.5358622670173645,0.007390468578697638,-0.004348728670991908,-1.818329252320547,1766193721.6938589
0.9757243394851685,-1.435707688331604,0.5358748435974121,0.008156264473159385,-0.004999704557094955,-1.8189807628824772,1766193721.7038665
0.9757415652275085,-1.4358474016189575,0.5358496308326721,0.007707350267434678,-0.004543192034832984,-1.8187542818726423,1766193721.7138631
0.9757452011108398,-1.435840368270874,0.5358526110649109,0.007677935455575342,-0.004596270645226041,-1.818757565900587,1766193721.7138834
0.9756631255149841,-1.4357075691223145,0.5359339118003845,0.00747755025983689,-0.004336925072592824,-1.8181849553319793,1766193721.7239847
0.9757813215255737,-1.43575918674469,0.5359319448471069,0.007613381848522606,-0.004515146615412004,-1.8184314321969781,1766193721.7339027
0.9757703542709351,-1.4356865882873535,0.5359910130500793,0.007459667352246255,-0.004393576355501758,-1.818288354371022,1766193721.7439582
0.9757737517356873,-1.4356966018676758,0.535984992980957,0.007464978540608765,-0.004400671128724176,-1.8182400362005275,1766193721.753932
0.9758079051971436,-1.4356846809387207,0.5360170602798462,0.00729675198644642,-0.004405906474435519,-1.8181951243006063,1766193721.7638886
0.9758856892585754,-1.4358270168304443,0.5359845757484436,0.007696493842754993,-0.004560584917735888,-1.818812414669969,1766193721.7739296
0.9758924245834351,-1.4358307123184204,0.5359217524528503,0.007704190422068682,-0.0046975067195788875,-1.8188672756379403,1766193721.773985
0.975332498550415,-1.4362468719482422,0.5366418361663818,0.010740717566525414,-0.0033220159634475476,-1.8200354832649766,1766193721.7839675
0.9757812023162842,-1.435760498046875,0.5358425378799438,0.008395107294120664,-0.004869178027182637,-1.8191402577990268,1766193721.7939599
0.975705623626709,-1.4357529878616333,0.5358519554138184,0.008416920314679659,-0.004844292746975118,-1.8192553104422113,1766193721.8039355
0.9758180975914001,-1.4358453750610352,0.5358019471168518,0.007664691026674419,-0.004616915370254967,-1.8188185908198156,1766193721.8139787
0.9757914543151855,-1.4358450174331665,0.5358229279518127,0.007692183614083065,-0.004587750540730692,-1.8188853314819706,1766193721.814059
0.9756681323051453,-1.4357686042785645,0.5357909798622131,0.007645106679440894,-0.004479630739813935,-1.8193366739463093,1766193721.8239543
0.9758273363113403,-1.4357547760009766,0.535932183265686,0.007667744690797182,-0.004632023819561439,-1.8187681977854315,1766193721.8340468
0.9757221937179565,-1.435696005821228,0.5359310507774353,0.007431970959330639,-0.004336655130283547,-1.8180656531092867,1766193721.8439586
0.9757469892501831,-1.4357860088348389,0.53595370054245,0.007664209888316702,-0.0045457956957709635,-1.8187037149982526,1766193721.8539844
0.9757250547409058,-1.4358559846878052,0.5358772277832031,0.007334782907736232,-0.00453513207495781,-1.8176318822663524,1766193721.863932
0.9757983088493347,-1.435953974723816,0.5358707904815674,0.007586274368158355,-0.004751193748735385,-1.818086441523922,1766193721.8639877
0.975842297077179,-1.4359650611877441,0.5358607769012451,0.0077304642454437515,-0.004735785638840508,-1.818061651918088,1766193721.8739064
0.9758870601654053,-1.4359121322631836,0.5359230637550354,0.008202462718285087,-0.004814733550861513,-1.8186957417210103,1766193721.8839135
0.9758199453353882,-1.4357675313949585,0.5359864830970764,0.008330921387333181,-0.004887982337189298,-1.8192769897215901,1766193721.8939886
0.9756847620010376,-1.4361485242843628,0.5362514853477478,0.00940956586437265,-0.003553506192187096,-1.819658516594741,1766193721.9039688
0.975367546081543,-1.4362483024597168,0.5366120934486389,0.01102589854721098,-0.0035552744421435446,-1.8204039813057482,1766193721.913901
0.9756426811218262,-1.435681939125061,0.5357620120048523,0.0084036855451942,-0.004756191708431546,-1.8198258290615477,1766193721.913954
0.9758676290512085,-1.4358410835266113,0.5358425378799438,0.00765495180886131,-0.004686355577573699,-1.8189003134124484,1766193721.923954
0.9756513237953186,-1.435766577720642,0.5358778238296509,0.00822539407846279,-0.0048656357604383626,-1.8190008456796483,1766193721.9339886
0.9757779240608215,-1.435658574104309,0.5360252857208252,0.007348351630302176,-0.0044322769595942805,-1.8183986408000916,1766193721.9439566
0.9757907390594482,-1.4356516599655151,0.5359812378883362,0.007381037400137986,-0.004374666409862075,-1.8183771611452912,1766193721.9540153
0.9757087230682373,-1.4357136487960815,0.5358676910400391,0.007442285020167018,-0.00432256138853387,-1.8182660224468465,1766193721.9640005
0.9758241772651672,-1.4356346130371094,0.5360172986984253,0.007416989883370648,-0.004344371800296919,-1.818278616126904,1766193721.9640546
0.9757351279258728,-1.4357094764709473,0.5359459519386292,0.008136304332325364,-0.005011134099460531,-1.8188644633366904,1766193721.973939
0.9758554697036743,-1.4358092546463013,0.5359546542167664,0.007654610559249951,-0.0045899906706913214,-1.818767985643119,1766193721.9839754
0.975771427154541,-1.4357303380966187,0.5360126495361328,0.008253518380385062,-0.004925818185436275,-1.8191253001631789,1766193721.9939768
0.9759489893913269,-1.4357657432556152,0.5359678864479065,0.007601039918336478,-0.004603322297666051,-1.8188718823769416,1766193722.0039062
0.9759342074394226,-1.4358302354812622,0.5358800888061523,0.007696955913735212,-0.004611841522294582,-1.8188840027168969,1766193722.013899
0.975910484790802,-1.4358168840408325,0.5358708500862122,0.007763328880953641,-0.004663267486423803,-1.819047575387393,1766193722.0139532
0.9758113622665405,-1.43580162525177,0.5360093712806702,0.008366067793289174,-0.005046241966559862,-1.8192579348968556,1766193722.0238483
0.9759207963943481,-1.4358361959457397,0.5358759760856628,0.007646134168133988,-0.004686567736674692,-1.8190699332635718,1766193722.033883
0.9758256077766418,-1.4357999563217163,0.5360584259033203,0.00839971361045525,-0.005205660713642229,-1.8195030023139707,1766193722.043968
0.9758009910583496,-1.4358203411102295,0.5361123085021973,0.008423586720588672,-0.005226914193189518,-1.8195362037234268,1766193722.0539525
0.9757648706436157,-1.435749888420105,0.536062479019165,0.008290095975690012,-0.005134577432085259,-1.8193179878570618,1766193722.0639505
0.9756326675415039,-1.4357686042785645,0.535887598991394,0.008148367877779849,-0.004793574955004621,-1.8189951266243762,1766193722.0640073
0.9755200147628784,-1.4359710216522217,0.5359508395195007,0.0073075762722943005,-0.004890658284990369,-1.8185382993862322,1766193722.0839448
0.9757156372070312,-1.4359865188598633,0.535883367061615,0.007529990825732238,-0.0047571212176578575,-1.8180349207814752,1766193722.0839977
0.9757856130599976,-1.4360101222991943,0.5358390808105469,0.007615437238502322,-0.004745863290916162,-1.8180897524119126,1766193722.0939362
0.9758344292640686,-1.4359468221664429,0.5358192920684814,0.007627062255038706,-0.004719350808161873,-1.8180916132609646,1766193722.1039765
0.9757512807846069,-1.4358423948287964,0.535905659198761,0.008354581725714896,-0.004878269261583389,-1.8190807787474066,1766193722.1139877
0.9757964611053467,-1.4359691143035889,0.5358718037605286,0.008349249137524228,-0.004936962177033469,-1.8184962572366963,1766193722.1140618
0.9758261442184448,-1.4357842206954956,0.5360381007194519,0.00842974013490553,-0.0049499527110246746,-1.8193857169374206,1766193722.1238945
0.9758526682853699,-1.435917854309082,0.5359101891517639,0.007716895830600944,-0.00470911066546473,-1.818784124785501,1766193722.1338606
0.9753187298774719,-1.4362674951553345,0.5366132259368896,0.010718622166515023,-0.003495594904577396,-1.8203062337209033,1766193722.143976
0.9756046533584595,-1.435610055923462,0.5360692739486694,0.008048831127225067,-0.004597900188300714,-1.8186807088583705,1766193722.1539133
0.975746750831604,-1.4359022378921509,0.5358734130859375,0.007683070256422806,-0.004576512065569239,-1.8188905160859488,1766193722.1639218
0.9757647514343262,-1.435730218887329,0.5360283851623535,0.008064222010880712,-0.004951728264407926,-1.8191126952148435,1766193722.163941
0.9757881164550781,-1.4358294010162354,0.5359137654304504,0.00757867229805457,-0.004640678373290203,-1.8188283104884664,1766193722.1838512
0.9757471680641174,-1.4357261657714844,0.5360457897186279,0.008192842383657709,-0.005096109185482495,-1.8191174525496883,1766193722.1838694
0.9757065176963806,-1.43571937084198,0.5359344482421875,0.008064724328453851,-0.00491931821432781,-1.8189496487127204,1766193722.1938634
0.9758087396621704,-1.4358396530151367,0.5358858704566956,0.007582163256966538,-0.004595008283486938,-1.818697306017363,1766193722.2039535
0.9758294224739075,-1.4358400106430054,0.535893976688385,0.007662624277717249,-0.00463540661560397,-1.8187685543248737,1766193722.213974
0.975841224193573,-1.4358234405517578,0.5358902215957642,0.007622274431682146,-0.004629781783919361,-1.8187034902646069,1766193722.2140534
0.9758209586143494,-1.435728669166565,0.5359215140342712,0.007459295957149746,-0.0042642771793691735,-1.818409729699037,1766193722.2239585
0.975759744644165,-1.4358108043670654,0.5359850525856018,0.008456125361412012,-0.004895590017258098,-1.8191833644987818,1766193722.2339797
0.975777268409729,-1.435814380645752,0.5359541177749634,0.00839682608043424,-0.004926139559740978,-1.8191244519787368,1766193722.2439466
0.9758975505828857,-1.4358454942703247,0.5359101891517639,0.007685460276423542,-0.004669208291883135,-1.8189336509098442,1766193722.2539496
0.9758018851280212,-1.4358230829238892,0.5360139012336731,0.008415826209853629,-0.005073995988654454,-1.819315567271665,1766193722.263889
0.9758689403533936,-1.435861349105835,0.5359094142913818,0.007643625558312175,-0.0047482599070157675,-1.8189538880462288,1766193722.263954
0.9756183624267578,-1.435599446296692,0.5360392332077026,0.00804826026483591,-0.004732120459581007,-1.8186562067823997,1766193722.2739565
0.9758102297782898,-1.4358267784118652,0.5358814597129822,0.007702938113202803,-0.0046810276866146045,-1.8189418716272452,1766193722.28394
0.975756824016571,-1.4356783628463745,0.5358704924583435,0.007387816862371029,-0.004415361615114527,-1.818408368345319,1766193722.2939808
0.9756362438201904,-1.4357894659042358,0.5358254909515381,0.007737070045318669,-0.004425517135370239,-1.8193594634492956,1766193722.3039355
0.9757664799690247,-1.435668706893921,0.5360035300254822,0.007314537502633533,-0.004385699286686542,-1.81830430723737,1766193722.3139231
0.9757274985313416,-1.4356876611709595,0.5359548330307007,0.0073324801573623226,-0.004351111013652549,-1.8182020595009052,1766193722.3139791
0.9757407903671265,-1.435706377029419,0.5358924269676208,0.007381748724003001,-0.0043585816962820705,-1.8183087351291232,1766193722.3239508
0.9758098721504211,-1.4356855154037476,0.5358827114105225,0.007368175975822214,-0.004384079773829884,-1.8181609805048289,1766193722.3339849
0.9757065773010254,-1.43575119972229,0.5358594655990601,0.008318201171501444,-0.004871319902235404,-1.8190624686159895,1766193722.3439062
0.9758925437927246,-1.4358333349227905,0.5358889102935791,0.007650406995437496,-0.004588069696109303,-1.8186723430162992,1766193722.3539507
0.9759063124656677,-1.4358248710632324,0.5359154343605042,0.007654084213533953,-0.004643547699652479,-1.81866042496231,1766193722.3639686
0.9758933782577515,-1.4358636140823364,0.5358736515045166,0.0076464550432521795,-0.004635722054695633,-1.818728599120578,1766193722.3640225
0.9757114052772522,-1.4359192848205566,0.5359126925468445,0.007492610012609725,-0.0047663797260818815,-1.8186921381527497,1766193722.3739023
0.9757106304168701,-1.435800313949585,0.5358607172966003,0.008360059657661477,-0.004873149312865636,-1.8192454233920556,1766193722.3839612
0.9755836725234985,-1.4361870288848877,0.5362104177474976,0.009151952091030263,-0.003396156126291983,-1.8191077887200064,1766193722.3939784
0.9757292866706848,-1.4357171058654785,0.5358946919441223,0.007413940860416732,-0.004330489697165173,-1.8183765674568573,1766193722.4039063
0.975664496421814,-1.4359352588653564,0.535849928855896,0.00821549034184136,-0.005054836776110111,-1.8183620166949581,1766193722.4139752
0.9757466912269592,-1.435727834701538,0.535897433757782,0.007427969740833864,-0.004316806843156979,-1.8184395724457407,1766193722.4140532
0.9757581353187561,-1.4357192516326904,0.5358824729919434,0.007396866195277975,-0.004315465981365421,-1.8183263515518782,1766193722.4239492
0.9758433699607849,-1.43561851978302,0.535984992980957,0.00736705985711429,-0.004351666779188308,-1.8183410164533615,1766193722.433925
0.9758349657058716,-1.4358211755752563,0.5358747839927673,0.0076178029056942,-0.004602340968458191,-1.8187112168940773,1766193722.4439325
0.9758881330490112,-1.4358009099960327,0.5359112024307251,0.007641457877369377,-0.00458806053874721,-1.8187302248401154,1766193722.4539812
0.9757993817329407,-1.4357683658599854,0.535953164100647,0.008108107203039991,-0.004935972110172852,-1.8189696359967573,1766193722.463949
0.9759005904197693,-1.435821294784546,0.5359318256378174,0.007692850929988668,-0.00460692888202119,-1.8188479240436524,1766193722.4640045
0.9758368134498596,-1.435715675354004,0.5358940362930298,0.00741439019601991,-0.004306378648964963,-1.8183060616220217,1766193722.4739494
0.9758971929550171,-1.435808539390564,0.5359017848968506,0.007711861357045676,-0.004524548803101439,-1.8188907894052508,1766193722.493938
0.9757595658302307,-1.4357023239135742,0.535950243473053,0.008155306084397396,-0.004924391025829701,-1.8190248369239734,1766193722.4940147
0.9758792519569397,-1.4358328580856323,0.5359142422676086,0.007603911840626878,-0.004655822757733982,-1.8188743783471824,1766193722.5039616
0.9758391976356506,-1.4358521699905396,0.5358167290687561,0.007693145017103224,-0.004637833277817297,-1.818892604607072,1766193722.5139494
0.9758273363113403,-1.4356762170791626,0.5359819531440735,0.007412891586354299,-0.0044438216407831485,-1.8184991882591188,1766193722.5140173
0.9758071899414062,-1.435781717300415,0.5360625982284546,0.008363737939135437,-0.005120082341373669,-1.8194405603063044,1766193722.5239499
0.9757205843925476,-1.4357224702835083,0.5359309911727905,0.008143818551618389,-0.004995481645154984,-1.8190850915361536,1766193722.5339782
0.9758107662200928,-1.4358623027801514,0.5358495712280273,0.007697454738982003,-0.004554563558709624,-1.8189389673695573,1766193722.5439684
0.9758983850479126,-1.435778021812439,0.5359427332878113,0.007644062551718939,-0.004582761740526703,-1.8188549231414195,1766193722.5539527
0.9758433103561401,-1.4358452558517456,0.5358584523200989,0.007784048567112939,-0.004504318732486131,-1.8189946442181166,1766193722.5639932
0.975862979888916,-1.4358116388320923,0.5358969569206238,0.0076818448268742325,-0.004627044402260919,-1.8188034775145479,1766193722.5640478
0.9758526682853699,-1.4358437061309814,0.5358786582946777,0.007635043723002781,-0.004495204598186468,-1.8187764765384304,1766193722.5739608
0.9755806922912598,-1.4357959032058716,0.5360429286956787,0.007970304399347585,-0.004588136395886474,-1.8177451337142876,1766193722.583963
0.9757395386695862,-1.435933232307434,0.5358901619911194,0.00819286025868495,-0.004907694738526829,-1.8183573839623566,1766193722.59393
0.9755396842956543,-1.436329960823059,0.5364460349082947,0.010095578455970857,-0.005302956823489879,-1.8198271143838054,1766193722.6039593
0.9758720993995667,-1.4358361959457397,0.5358433127403259,0.007690015577621142,-0.004472420740344876,-1.8188944498799593,1766193722.6139328
0.975752055644989,-1.4359828233718872,0.535862386226654,0.00830888375246824,-0.005056981799191428,-1.8184672971182265,1766193722.6140094
0.9757028818130493,-1.4357460737228394,0.5358495116233826,0.008318334513028281,-0.004848990725526654,-1.8191779821847087,1766193722.6239321
0.975574254989624,-1.4358325004577637,0.535900890827179,0.008141122452602458,-0.005019178338739471,-1.8188748590987038,1766193722.6339827
0.9757048487663269,-1.435774803161621,0.535879373550415,0.008460569846128432,-0.00489791140683916,-1.8193109837611043,1766193722.6439605
0.9758307337760925,-1.4357521533966064,0.5359368920326233,0.007730120846611015,-0.00451814931974507,-1.8188763042067464,1766193722.6539469
0.9756190776824951,-1.4358272552490234,0.5359545350074768,0.008556441277460795,-0.004363872855218276,-1.819116678750721,1766193722.6639738
0.9758222699165344,-1.4357986450195312,0.5359121561050415,0.007636459764539845,-0.004556465986691275,-1.8188578583210924,1766193722.664029
0.975862443447113,-1.435755729675293,0.5360211730003357,0.007608179459500437,-0.004517331007163098,-1.81875916521228,1766193722.6739633
0.9758826494216919,-1.4358124732971191,0.5359722971916199,0.007658980919843713,-0.004558263244060223,-1.818777148112345,1766193722.6839046
0.9758864045143127,-1.4357991218566895,0.5359621644020081,0.007647920632718008,-0.004527355318597148,-1.8187278850692248,1766193722.6939714
0.9759247303009033,-1.4358091354370117,0.5359556078910828,0.007609773730939716,-0.004577218192671795,-1.8187763239829127,1766193722.7039914
0.9758583903312683,-1.4358084201812744,0.5360332727432251,0.008373378615535344,-0.004996460152967673,-1.8193015533657588,1766193722.713979
0.9758355021476746,-1.4357469081878662,0.5359774827957153,0.008242601739075359,-0.004897548189959102,-1.8192405014938355,1766193722.7140543
0.9758785963058472,-1.4358596801757812,0.535819947719574,0.007727310147734239,-0.004629436888508292,-1.8189758977145583,1766193722.7238793
0.975795567035675,-1.4357883930206299,0.5360057353973389,0.008349701134799254,-0.00506973450318417,-1.8192004761410356,1766193722.7339158
0.9758929014205933,-1.435794472694397,0.5359479784965515,0.0075593148879748604,-0.004707522111772561,-1.8187819913968564,1766193722.7438934
0.97585529088974,-1.4357929229736328,0.5359415411949158,0.007566140782367519,-0.0047242417209314705,-1.8188023647700498,1766193722.7540154
0.9757349491119385,-1.4357186555862427,0.5359098315238953,0.007472295053179455,-0.004383493535537465,-1.8184547220762497,1766193722.7639592
0.9758365154266357,-1.4357986450195312,0.5359666347503662,0.007542978176033749,-0.004674150539716293,-1.8187197845365997,1766193722.7640119
0.9757923483848572,-1.435866117477417,0.5358524918556213,0.007679376284287251,-0.004667094739842626,-1.8187905353850213,1766193722.7739022
0.9758680462837219,-1.4357774257659912,0.5359812378883362,0.007571651543355931,-0.00470075650295648,-1.8188538447212894,1766193722.7839615
0.9758505821228027,-1.4358201026916504,0.5359050631523132,0.007613814336743788,-0.00468959325618271,-1.8187654795555819,1766193722.7939787
0.9758654236793518,-1.435798168182373,0.5359615683555603,0.0075972556161847905,-0.004651418021789261,-1.8188037613604309,1766193722.8039882
0.9758623838424683,-1.435860276222229,0.5359111428260803,0.00773517323428451,-0.004550842951563285,-1.8188025637732408,1766193722.8139868
0.9758812785148621,-1.4358243942260742,0.5359593629837036,0.0076402671593004965,-0.004608130939998118,-1.8187764386402985,1766193722.814075
0.9758602380752563,-1.4358773231506348,0.5358860492706299,0.007725829263200926,-0.0045701882598401565,-1.8188373398563802,1766193722.8239012
0.9758080244064331,-1.4360049962997437,0.5359504222869873,0.008507095705365569,-0.005177029610734529,-1.8187588765122311,1766193722.8339162
0.9758300185203552,-1.435783863067627,0.5360497832298279,0.008435175014229601,-0.0050678597742049945,-1.819432127186581,1766193722.8439846
0.9757929444313049,-1.435821771621704,0.5359793305397034,0.008424799973466068,-0.005080153556792878,-1.81925862318511,1766193722.853956
0.9757269620895386,-1.4360504150390625,0.5359742641448975,0.008493027803629621,-0.005172978158685588,-1.8186907682366966,1766193722.863969
0.9755637049674988,-1.4359010457992554,0.5360400080680847,0.008094119627684858,-0.0052360261055263025,-1.8190606804031808,1766193722.8640223
0.975597620010376,-1.4359962940216064,0.5359651446342468,0.007145908859961412,-0.00525043802929512,-1.8188487544121652,1766193722.8739297
0.9755903482437134,-1.4357154369354248,0.5358355641365051,0.008384969558295798,-0.004813590063795355,-1.8198332499298937,1766193722.8839507
0.9758177995681763,-1.4359978437423706,0.5358379483222961,0.007603236625817379,-0.00481874727761103,-1.8180832777541802,1766193722.9039476
0.9757037162780762,-1.4360018968582153,0.5359681248664856,0.008330796521845556,-0.005118147798436077,-1.8185099309718986,1766193722.9040039
0.9757954478263855,-1.4358762502670288,0.5359160304069519,0.007613854823319155,-0.004563725982435197,-1.8187082483167756,1766193722.9139025
0.9758632183074951,-1.4358457326889038,0.5359278917312622,0.0076984625641626035,-0.004599864160552917,-1.8188497185018906,1766193722.9139173
0.9759230613708496,-1.4358428716659546,0.5359054803848267,0.007730204712973165,-0.004639535782272242,-1.818949093859785,1766193722.9239564
0.9758835434913635,-1.4358632564544678,0.5358752608299255,0.007718579674995357,-0.004585988251469442,-1.8188926099376062,1766193722.9339063
0.9759027361869812,-1.4358705282211304,0.5358821153640747,0.007676903250497784,-0.0045790221126834575,-1.818796130266418,1766193722.94395
0.975835919380188,-1.4358296394348145,0.5360527038574219,0.008328577745880989,-0.005005358103962656,-1.8192844047115586,1766193722.9539888
0.9759004712104797,-1.435869812965393,0.5358665585517883,0.007709713070769318,-0.0046086367157835905,-1.8188989502169546,1766193722.963932
0.9758812785148621,-1.435765027999878,0.5360507369041443,0.008249098630828507,-0.005139974381848331,-1.8193742075829404,1766193722.9639847
0.9758032560348511,-1.435754418373108,0.5359043478965759,0.0074521389167246125,-0.004463219421140387,-1.8184872089353759,1766193722.9739616
0.9757738709449768,-1.435787558555603,0.5360202193260193,0.008188380414521692,-0.005063985963009626,-1.8191348121077653,1766193722.9839869
0.9757673740386963,-1.4357593059539795,0.5360695719718933,0.008178790336953947,-0.005127898638595395,-1.819130563770245,1766193722.9939322
0.9758011102676392,-1.4358447790145874,0.535899817943573,0.007709585372735068,-0.004671503987504408,-1.8188219263773422,1766193723.003989
0.9757922887802124,-1.4357014894485474,0.5359631180763245,0.007383860148467985,-0.004470968381503647,-1.8184346303876973,1766193723.013956
0.9757800102233887,-1.4357243776321411,0.5358713269233704,0.007417748020768251,-0.004431512688668122,-1.818385220502218,1766193723.0140386
0.9758105874061584,-1.4357402324676514,0.5358994603157043,0.007502769036837331,-0.004357713516810741,-1.8184678972198471,1766193723.023966
0.9758098125457764,-1.4358218908309937,0.5359916687011719,0.008160939016633199,-0.004957527168039047,-1.8190774201222126,1766193723.0339487
0.975879430770874,-1.4359015226364136,0.5358849167823792,0.007645625406001448,-0.00459208862939253,-1.8188332358968133,1766193723.0439568
0.975803792476654,-1.4358365535736084,0.5359205007553101,0.008376592968231228,-0.004935122186679147,-1.8191408235034279,1766193723.0539339
0.9759331941604614,-1.4358667135238647,0.5358924269676208,0.0076177501863265345,-0.004678898900036262,-1.818833596619662,1766193723.063992
0.9758965969085693,-1.4358928203582764,0.5358399152755737,0.00761907651332035,-0.004606889214459786,-1.8188198797532518,1766193723.064045
0.9758680462837219,-1.4358981847763062,0.5358482599258423,0.00753331265950814,-0.004589240820240331,-1.8187161801281424,1766193723.0739555
0.9757343530654907,-1.4360392093658447,0.5358649492263794,0.008318056328620803,-0.005115503149064214,-1.8183933506382575,1766193723.0839462
0.9757082462310791,-1.4358060359954834,0.535865068435669,0.008257500016507033,-0.004914192470118064,-1.819142408954685,1766193723.0939472
0.9758690595626831,-1.4359025955200195,0.5359718799591064,0.007779237021968093,-0.004686958875156274,-1.8191282534174082,1766193723.1039689
0.9758029580116272,-1.435848355293274,0.5358651876449585,0.007601138446702519,-0.004591298029737803,-1.8187745490135354,1766193723.1139557
0.9757066369056702,-1.4360028505325317,0.535944938659668,0.008173227789314891,-0.005172733124621713,-1.818420576380683,1766193723.114032
0.9757503271102905,-1.4360098838806152,0.5359712839126587,0.008178128977229525,-0.005195111141779253,-1.8184303099161527,1766193723.1238687
0.975885808467865,-1.4358654022216797,0.5358766913414001,0.007792932088713135,-0.004576424015211665,-1.8189172506387108,1766193723.1339524
0.975922703742981,-1.4360030889511108,0.5358431935310364,0.007696430518337844,-0.0049197689610462015,-1.818201368079669,1766193723.14394
0.9759497046470642,-1.4358464479446411,0.5359025001525879,0.007699205294623289,-0.0046024805622011675,-1.8188801347539356,1766193723.1538885
0.9759168028831482,-1.4358876943588257,0.5358849167823792,0.007632021406879302,-0.004580230739959214,-1.8188513101491752,1766193723.1639638
0.9759386777877808,-1.4358826875686646,0.5359005928039551,0.007672287712875002,-0.004542992789294052,-1.8187517967862006,1766193723.1640189
0.9759373664855957,-1.4358750581741333,0.5358893275260925,0.0077313534792277806,-0.004538108494570178,-1.8189159684894922,1766193723.1738718
0.9759631156921387,-1.4358546733856201,0.5359159111976624,0.007793973939050684,-0.004660407861430596,-1.8188377424302498,1766193723.183913
0.9758834838867188,-1.4358984231948853,0.5358421206474304,0.00784721998666474,-0.004631704799375528,-1.8187877453725714,1766193723.1939313
0.975848376750946,-1.4356664419174194,0.5360562205314636,0.0073598270610359855,-0.004446554672942626,-1.8183702694757387,1766193723.2039795
0.9759711027145386,-1.4361557960510254,0.5364581942558289,0.009202022321395607,-0.0050243495900678566,-1.8207299221545348,1766193723.2139337
0.9757993221282959,-1.435665488243103,0.5360671877861023,0.007278000576193315,-0.004439533817525347,-1.8182245852141745,1766193723.2140121
0.9758080244064331,-1.435713529586792,0.5360022783279419,0.007375261844685426,-0.0044807868776621206,-1.8183400988126186,1766193723.223884
0.9758604764938354,-1.435827612876892,0.5361320972442627,0.008420774298517444,-0.005203074581848294,-1.8194502774697967,1766193723.2339468
0.9758456945419312,-1.4357328414916992,0.5359711050987244,0.007405526948841201,-0.0044470284809787625,-1.8184607705385571,1766193723.2439384
0.9759268760681152,-1.4358967542648315,0.5359295010566711,0.007736870211235131,-0.0046575824081350236,-1.818782592423635,1766193723.2539287
0.9758743643760681,-1.435775876045227,0.5359278917312622,0.007461998565205363,-0.004396403282472256,-1.8183662527102875,1766193723.2638927
0.975909948348999,-1.4358937740325928,0.5359088182449341,0.007692983583801573,-0.0045747373249765706,-1.818793714401624,1766193723.2639472
0.9759259223937988,-1.4359015226364136,0.5359237790107727,0.007708060652732462,-0.004563550961862985,-1.8188774539719839,1766193723.273871
0.9758338332176208,-1.4359230995178223,0.5360898971557617,0.00859705681275966,-0.004909351569598896,-1.8192764458432702,1766193723.283972
0.9760910868644714,-1.4364937543869019,0.5363593697547913,0.009620331985978734,-0.005494701093485746,-1.8214656459277736,1766193723.2939315
0.9759024381637573,-1.4358545541763306,0.535961925983429,0.007554540782933029,-0.004569885257477931,-1.8188200306484985,1766193723.3039482
0.9758687615394592,-1.4358913898468018,0.5358747243881226,0.0077773016611935395,-0.004620447878444233,-1.8189295248700899,1766193723.3139615
0.9758387804031372,-1.4358712434768677,0.5358309745788574,0.007730887535827191,-0.004571385695127429,-1.818836686866293,1766193723.3239229
0.9758099913597107,-1.4358808994293213,0.5358198881149292,0.007680714366273755,-0.004619754687379704,-1.8189097056829528,1766193723.3239775
0.9757841229438782,-1.4357833862304688,0.5360588431358337,0.008312742105263006,-0.005048146312029501,-1.8193814755828939,1766193723.3338914
0.9756938815116882,-1.4358223676681519,0.5358903408050537,0.00822855142830857,-0.004883473686293883,-1.819063377224058,1766193723.3439412
0.9757119417190552,-1.4358526468276978,0.5359722375869751,0.008369018334639013,-0.004949637270413163,-1.8192671048831246,1766193723.3539524
0.9758343696594238,-1.4361168146133423,0.5361689925193787,0.009006395715695838,-0.004673498938219803,-1.8208334918937465,1766193723.3639603
0.9757963418960571,-1.435884952545166,0.5358604192733765,0.007429189485240228,-0.004541715612913422,-1.817816753161068,1766193723.3640141
0.9759544730186462,-1.4364248514175415,0.5362123847007751,0.009098312130444647,-0.0053615526478046245,-1.8199268756801894,1766193723.3738625
0.9758672714233398,-1.4359679222106934,0.535843551158905,0.007658668768979254,-0.004766603524444889,-1.818243451730864,1766193723.3839765
0.975888729095459,-1.4358283281326294,0.5358685255050659,0.007661001745105754,-0.004446604628582759,-1.8187391482104656,1766193723.393982
0.9759320020675659,-1.4359538555145264,0.5358520150184631,0.007757429241153054,-0.004674610446860786,-1.818277143207553,1766193723.403917
0.9757933616638184,-1.4358351230621338,0.5360258221626282,0.008564491978801441,-0.004833084911891869,-1.819454482899241,1766193723.4139774
0.9757900834083557,-1.4360169172286987,0.5359528064727783,0.008503149454572237,-0.005119694246358317,-1.818641876780982,1766193723.4140513
0.9758152365684509,-1.4360263347625732,0.5360863208770752,0.008247108511565591,-0.003965066861333196,-1.819217314576744,1766193723.4239318
0.9758394360542297,-1.4360125064849854,0.5357879996299744,0.007768266957853059,-0.004941855321557924,-1.818315061682868,1766193723.433914
0.9758407473564148,-1.4358288049697876,0.5359259843826294,0.007682088649380956,-0.004721139302723443,-1.819009602747995,1766193723.4439435
0.9755547046661377,-1.4356199502944946,0.5359588861465454,0.007986478471483337,-0.004569117545345708,-1.8185790641549715,1766193723.4539676
0.9757476449012756,-1.43578040599823,0.5360623598098755,0.008268640072285699,-0.005057543284308198,-1.8193446835193552,1766193723.4639075
0.9757882356643677,-1.435870885848999,0.5358131527900696,0.007540869088550531,-0.0046351605931281665,-1.8187844250837404,1766193723.4639862
0.9757930636405945,-1.4358525276184082,0.5358492732048035,0.007661712643369959,-0.004622367785048464,-1.8188587851292286,1766193723.473952
0.9757713675498962,-1.435741662979126,0.5359196662902832,0.007415796001132956,-0.004330235660042837,-1.818353464008292,1766193723.4839742
0.9758468866348267,-1.4358546733856201,0.5358881950378418,0.007682864781845978,-0.004545511339248725,-1.8187747697348104,1766193723.4939492
0.9758123755455017,-1.435796856880188,0.5360329747200012,0.008301304157261566,-0.004994366604407691,-1.8192840085597595,1766193723.5039482
0.9755906462669373,-1.43563973903656,0.5360549688339233,0.00813422699608513,-0.004506154385636516,-1.8186114945516636,1766193723.5139434
0.9758656024932861,-1.4358242750167847,0.5359175801277161,0.007685858485512811,-0.004632594892305036,-1.818923024408151,1766193723.514025
0.9757915735244751,-1.4357964992523193,0.5360926985740662,0.008383311748888145,-0.005067073319254316,-1.8194108201473949,1766193723.5239723
0.975746214389801,-1.4358471632003784,0.5359353423118591,0.008357007523173967,-0.0049538970409327265,-1.81923046746255,1766193723.5338848
0.9757776856422424,-1.4358989000320435,0.5360824465751648,0.008432390433813964,-0.005045955585645617,-1.8194878286342955,1766193723.5440028
0.9757555723190308,-1.435917615890503,0.5361251831054688,0.008527500902640482,-0.005073722818277161,-1.8195974153268033,1766193723.5540197
0.9757789969444275,-1.4357428550720215,0.5358752012252808,0.007395282435613926,-0.0045072053231829745,-1.8185206081069678,1766193723.5639572
0.9756163358688354,-1.435576319694519,0.5360491275787354,0.007956615792147213,-0.004751852981145712,-1.8187469473484092,1766193723.5640109
0.9757755994796753,-1.4356703758239746,0.5359650254249573,0.007398028888542967,-0.0044090079425658,-1.8185814678003467,1766193723.5739005
0.9757974743843079,-1.4356657266616821,0.5359512567520142,0.007453695571185154,-0.0043967677412689145,-1.8185677331287173,1766193723.5839164
0.9758200645446777,-1.4357932806015015,0.5358853340148926,0.0075884263376119485,-0.004621271583593484,-1.818752572482701,1766193723.5939732
0.9757562279701233,-1.4359792470932007,0.5360055565834045,0.008524958311306619,-0.005140765781146487,-1.8187135063688693,1766193723.6039572
0.9756816029548645,-1.4360917806625366,0.5362749695777893,0.00980878009771057,-0.005712364444915457,-1.8203640815537496,1766193723.623974
0.9759513139724731,-1.4357258081436157,0.535876989364624,0.007851784804081392,-0.004868291142793479,-1.8189222112079106,1766193723.6240547
0.9759525060653687,-1.4357247352600098,0.5358319878578186,0.007801233059371279,-0.0048154694560778605,-1.819131064541173,1766193723.6339579
0.975973904132843,-1.4358716011047363,0.5358213782310486,0.007722452489902042,-0.005121525862095449,-1.8186468082260698,1766193723.6439567
0.975953221321106,-1.435753345489502,0.5358579754829407,0.007740449741429393,-0.004915056969680008,-1.8193022817169449,1766193723.654014
0.9759858846664429,-1.435707449913025,0.5359434485435486,0.007812696404867462,-0.004981635663358963,-1.8193296316387833,1766193723.6640003
0.9759567975997925,-1.4357101917266846,0.5358627438545227,0.007724898212978102,-0.005028000979855861,-1.819263733125316,1766193723.664054
0.9759248495101929,-1.435732126235962,0.5357862710952759,0.00783456498606124,-0.004996940348834516,-1.8191904584121301,1766193723.6738985
0.9758937954902649,-1.4357370138168335,0.5357826352119446,0.007805285209073996,-0.00503721208998837,-1.8191304026157045,1766193723.683839
0.975858211517334,-1.435734748840332,0.535808265209198,0.007811546806898343,-0.00500921336450148,-1.8191133816768432,1766193723.6938484
0.9758687615394592,-1.435721516609192,0.5358479619026184,0.007832256432619655,-0.004939303067459348,-1.819099139003687,1766193723.7039073
0.9758330583572388,-1.4356231689453125,0.535901665687561,0.007512073469044148,-0.00475293349764514,-1.8185446179583398,1766193723.7139869
0.9758234620094299,-1.435603141784668,0.535900354385376,0.007476882140787834,-0.004708290372077674,-1.8186520378067739,1766193723.7239716
0.9758318662643433,-1.4355906248092651,0.5358908176422119,0.007408908755483635,-0.004632309418313429,-1.8185266748104354,1766193723.724027
0.9759399890899658,-1.4354907274246216,0.5360382199287415,0.007453226464287405,-0.004688083592679555,-1.8189417110279493,1766193723.7339218
0.9759294390678406,-1.435603141784668,0.5358878970146179,0.007608964645234906,-0.004724346551139748,-1.8189141095714416,1766193723.7439625
0.9759753942489624,-1.4357022047042847,0.5358666181564331,0.007727872507254675,-0.004983483932246416,-1.819245302908064,1766193723.7540286
0.9759524464607239,-1.4357234239578247,0.5358612537384033,0.007789867722269693,-0.004950359024832824,-1.8192078664625269,1766193723.7639937
0.9759451150894165,-1.4354546070098877,0.53598552942276,0.007485342440082397,-0.004715744864779647,-1.8190564396430973,1766193723.7640514
0.9758667349815369,-1.4355884790420532,0.5358690023422241,0.0075943732640362995,-0.004783722994105808,-1.8188974881852467,1766193723.7739255
0.9758368134498596,-1.4355822801589966,0.5358327627182007,0.007453683963105793,-0.004699502044485145,-1.8186542193594375,1766193723.783929
0.9758941531181335,-1.435776710510254,0.5359417200088501,0.007923207855083802,-0.005111269532657838,-1.8193465008867722,1766193723.7939816
0.9757530093193054,-1.4354979991912842,0.5360287427902222,0.007572502621832118,-0.005083078563538431,-1.8186173905596155,1766193723.8039753
0.9757046699523926,-1.4355162382125854,0.5359917879104614,0.00754064936715612,-0.004898528831729943,-1.8186886625626124,1766193723.8139713
0.9757608771324158,-1.4356215000152588,0.5359017848968506,0.007384925229106043,-0.0046960558620709825,-1.8185659162461407,1766193723.8240263
0.9758252501487732,-1.4357692003250122,0.535834550857544,0.0076817827754765,-0.004833398159197256,-1.8190366422906339,1766193723.82408
0.9758831858634949,-1.4357582330703735,0.53578120470047,0.007578726955033715,-0.004700751303136112,-1.8190911268503145,1766193723.83392
0.975929319858551,-1.4357542991638184,0.5357687473297119,0.0075452163950374355,-0.004744524760222547,-1.8189658314646568,1766193723.843977
0.975956916809082,-1.4356027841567993,0.5358099937438965,0.0073503470550479065,-0.004478523056878486,-1.8186267333741701,1766193723.854026
0.9759607315063477,-1.4355891942977905,0.5358008742332458,0.0073392028975268414,-0.004467723786738913,-1.8186654690119488,1766193723.863997
0.9756643772125244,-1.4358218908309937,0.536120593547821,0.009054242318954265,-0.003182858412982269,-1.8189725136764325,1766193723.8640509
0.9760478734970093,-1.4358865022659302,0.5357258915901184,0.007707663495784061,-0.004811725573060163,-1.819126538143745,1766193723.8739586
0.9759703874588013,-1.435896873474121,0.5357002019882202,0.007619390672053051,-0.0048021277920112584,-1.8189991509902665,1766193723.8839717
0.9758330583572388,-1.435622215270996,0.535807728767395,0.0072704348059329125,-0.004532644839039616,-1.8185981137514147,1766193723.8940134
0.9758082032203674,-1.4356259107589722,0.535789966583252,0.007308175525526897,-0.004540083372436188,-1.8185409724589368,1766193723.9039984
0.9756851196289062,-1.4357448816299438,0.5357627272605896,0.007999776939611195,-0.004711852428313144,-1.8190021599317405,1766193723.9139643
0.9756642580032349,-1.4359123706817627,0.5356652140617371,0.007914275734397893,-0.004561718280018452,-1.8188684862284112,1766193723.923973
0.9757137298583984,-1.435932993888855,0.5357170104980469,0.007993909370535261,-0.004664085645232712,-1.8189079815682652,1766193723.9240294
0.9758143424987793,-1.435842514038086,0.5357652306556702,0.0073533735718432185,-0.004224784257325861,-1.8181343285457332,1766193723.933939
0.9757954478263855,-1.4358229637145996,0.5357401371002197,0.007458904728233315,-0.004360497115065237,-1.8189113739197997,1766193723.9439354
0.9758135080337524,-1.4358313083648682,0.5357213616371155,0.007556246326172652,-0.004453161983567217,-1.8189689914898521,1766193723.9538827
0.9757346510887146,-1.4357080459594727,0.5357484221458435,0.008187937503666953,-0.004622436313634471,-1.8191683638780398,1766193723.9639142
0.9758868217468262,-1.435923457145691,0.5358234643936157,0.008215913093074005,-0.004667992779430271,-1.8189968010089037,1766193723.963941
0.9758751392364502,-1.4359190464019775,0.5357789397239685,0.008132924098979854,-0.004662644124243108,-1.8189432000538064,1766193723.9739218
0.9757346510887146,-1.4360437393188477,0.5361968874931335,0.008771781267528363,-0.003253386236212642,-1.8195427401097704,1766193723.9839172
0.9757870435714722,-1.4357249736785889,0.5358365178108215,0.008019810831952443,-0.004673628139584753,-1.819190461239895,1766193723.993976
0.9757611751556396,-1.4357404708862305,0.5357891917228699,0.008236423611843608,-0.004658619918810269,-1.8191689280948973,1766193724.0039983
0.9758895635604858,-1.4357744455337524,0.5358836054801941,0.007499083233333991,-0.004467254572509334,-1.8189179571840282,1766193724.0139744
0.9758496284484863,-1.4357892274856567,0.5359169840812683,0.0075673149741203125,-0.004352242308316858,-1.8189201106045705,1766193724.0140772
0.9756041765213013,-1.4356118440628052,0.536080539226532,0.0077658786202844,-0.004316061155057599,-1.8185240671873442,1766193724.0238492
0.9756314754486084,-1.4355767965316772,0.5360904335975647,0.007807061784546933,-0.004324840948837645,-1.8185146026421826,1766193724.033924
0.9756274819374084,-1.4355801343917847,0.5360754728317261,0.007821866770822897,-0.004301468796589812,-1.8185181713901106,1766193724.0439644
0.975841760635376,-1.4356212615966797,0.5359485149383545,0.007303130066704374,-0.004182800922536955,-1.8184046769594364,1766193724.0539794
0.9758384227752686,-1.4357316493988037,0.5359321236610413,0.008067214089187202,-0.0047829883004470814,-1.819195728490146,1766193724.063966
0.9759061336517334,-1.4358190298080444,0.5357957482337952,0.007526831100328878,-0.004389739002704028,-1.8188832036420925,1766193724.0640216
0.9758392572402954,-1.435781717300415,0.5358473062515259,0.00791497204426051,-0.004393985286234037,-1.8186086229226914,1766193724.0739596
0.9758429527282715,-1.4357523918151855,0.535859227180481,0.008187332087063874,-0.004716821391364195,-1.8192446450166029,1766193724.0839603
0.9758307933807373,-1.4357608556747437,0.5359097719192505,0.008179455811451228,-0.004665546587395537,-1.8192924700717414,1766193724.093969
0.9758033752441406,-1.4357709884643555,0.5359609127044678,0.008236196238308846,-0.004776851417691835,-1.8192972952022815,1766193724.1039498
0.9758464097976685,-1.435846209526062,0.5357857346534729,0.007625588450581141,-0.004327745345367986,-1.8187985470424861,1766193724.113935
0.9757518172264099,-1.4357513189315796,0.5358917117118835,0.008095082327953461,-0.00474449865662251,-1.8190711147930432,1766193724.1140137
0.9759967923164368,-1.4361709356307983,0.536335289478302,0.009398162798452273,-0.0047658894774409155,-1.8210894550076246,1766193724.1339688
0.9757494330406189,-1.4357634782791138,0.5360314249992371,0.008056728512766415,-0.004804081945162196,-1.8192500835801073,1766193724.1340675
0.975655734539032,-1.4358861446380615,0.5358323454856873,0.007454145363863449,-0.004471023268504209,-1.8188262603335106,1766193724.1440005
0.9756904244422913,-1.4355592727661133,0.5360711216926575,0.007862257167236085,-0.00463083634164181,-1.8186842363740947,1766193724.1539772
0.9756396412849426,-1.4359447956085205,0.5359050035476685,0.007370025886915885,-0.0048732671085260065,-1.8187049538109923,1766193724.163966
0.9756433963775635,-1.4356211423873901,0.536056637763977,0.007940195345409925,-0.004531254593626575,-1.8185926931157472,1766193724.164022
0.9754228591918945,-1.4358890056610107,0.5359846949577332,0.007792494063732749,-0.005287938774532351,-1.8191550392616236,1766193724.1739788
0.9758349061012268,-1.4358265399932861,0.535945475101471,0.008235822164291667,-0.004861033014086936,-1.8189796066078787,1766193724.1839356
0.9753559231758118,-1.4362590312957764,0.5366243124008179,0.01071176336389302,-0.003395430506402697,-1.820127345518399,1766193724.1938992
0.9758134484291077,-1.435742735862732,0.5359438061714172,0.008256250279732326,-0.004778754671096212,-1.819148862444171,1766193724.2039583
0.9758387804031372,-1.4357223510742188,0.535902202129364,0.007488915743026154,-0.004188358858364167,-1.818429969927883,1766193724.2139804
0.9758833646774292,-1.4358195066452026,0.5359355807304382,0.007683729191687123,-0.004501240411742935,-1.8188636401945344,1766193724.2140806
0.9757991433143616,-1.4356802701950073,0.5359698534011841,0.007463767748486847,-0.004307782229821348,-1.8183470642675508,1766193724.2340343
0.9758502840995789,-1.435776948928833,0.5359716415405273,0.007672465305828197,-0.0045298079807174225,-1.8186274626939745,1766193724.2341068
0.9759755730628967,-1.4362123012542725,0.5363081693649292,0.009309066948766598,-0.004978619092275358,-1.8207275632326816,1766193724.243929
0.9758141040802002,-1.4356458187103271,0.536003589630127,0.0074538712964409394,-0.0042784455285022815,-1.8183744315468198,1766193724.2539506
0.9760444164276123,-1.4361892938613892,0.5363903641700745,0.00956961621760091,-0.004999450642359891,-1.8211997193475413,1766193724.2639985
0.9758448600769043,-1.4355612993240356,0.5359144806861877,0.007279180931626603,-0.004202723537449731,-1.8183318041114935,1766193724.2640545
0.9758793711662292,-1.4357185363769531,0.5358772873878479,0.007298427944416215,-0.004232359677499925,-1.8184722856047615,1766193724.2738628
0.976086437702179,-1.436302900314331,0.5363863110542297,0.011104113450763781,-0.006235369399803334,-1.8227083435702243,1766193724.283973
0.9759522080421448,-1.435965895652771,0.536343514919281,0.009854020776579833,-0.00550270936071537,-1.8212796242383347,1766193724.2939572
0.9758148789405823,-1.4358755350112915,0.5361329317092896,0.008825065805034463,-0.005088904983735071,-1.819776200006512,1766193724.3039386
0.9757592678070068,-1.4356101751327515,0.5358808040618896,0.006528744868806286,-0.0040275422426694855,-1.8177115949356624,1766193724.3139336
0.9758320450782776,-1.4364486932754517,0.5366554856300354,0.010551524961336201,-0.0034153742175355617,-1.8212073578197234,1766193724.3140574
0.9758874773979187,-1.4360458850860596,0.5362159609794617,0.00939907565540586,-0.005403943026981445,-1.8204416334415758,1766193724.3339782
0.9766154289245605,-1.436002492904663,0.5366154313087463,0.012141849835346608,-0.005432945391636401,-1.82390961935276,1766193724.3341768
0.976584255695343,-1.4360418319702148,0.5365365147590637,0.012389800368737441,-0.0053216482185497,-1.823919099694002,1766193724.343996
0.9765930771827698,-1.4360285997390747,0.5365352630615234,0.012456958884493715,-0.005507940662185584,-1.8239992341091738,1766193724.3540378
0.9765769243240356,-1.4360030889511108,0.5365696549415588,0.012221721678485025,-0.005478802415262609,-1.823973154638837,1766193724.363962
0.9765985608100891,-1.4359915256500244,0.536584734916687,0.012240344736640362,-0.0054134380796496875,-1.8240137495127486,1766193724.364018
0.9775347113609314,-1.4352662563323975,0.5362125039100647,0.01565339846707632,-0.0037257787468560075,-1.8280599390537409,1766193724.3738964
0.9766952395439148,-1.4359056949615479,0.5367404818534851,0.012359380731742175,-0.0054514083484240765,-1.8243595732164852,1766193724.3839164
0.9763863682746887,-1.4363728761672974,0.536441445350647,0.012194087277965882,-0.006196200474035855,-1.8228123886518868,1766193724.393981
0.976668119430542,-1.435953140258789,0.5367445945739746,0.012081594596184521,-0.005392708491061162,-1.824107041662231,1766193724.4039996
0.9763213396072388,-1.4364255666732788,0.5363876223564148,0.011930356903404927,-0.006204432416955553,-1.822483197487155,1766193724.4139707
0.976587176322937,-1.4359910488128662,0.5366060137748718,0.012179283180536418,-0.005400813844864271,-1.8239128398030644,1766193724.4140735
0.9766008853912354,-1.4360567331314087,0.5365676879882812,0.012277298189143866,-0.005552092783085954,-1.8237392073005196,1766193724.4239926
0.9762665629386902,-1.4363185167312622,0.5369665026664734,0.012672929448090186,-0.0032080108347581427,-1.8232287744916225,1766193724.4339805
0.9766479134559631,-1.4360145330429077,0.5365470051765442,0.012567095265964478,-0.005420486843843692,-1.8241425760178913,1766193724.4440045
0.9765889048576355,-1.436359167098999,0.5365841388702393,0.011487749939786504,-0.0052168943477878885,-1.8231684698961108,1766193724.45398
0.976587176322937,-1.4360097646713257,0.5365738272666931,0.01224474807685005,-0.005406533012017205,-1.8240219474655694,1766193724.463996
0.9766404628753662,-1.435979962348938,0.5366297364234924,0.012274955461574224,-0.0053266463046312855,-1.824127862210941,1766193724.4641297
0.9762008190155029,-1.4367492198944092,0.5361654162406921,0.011951802545585083,-0.006826050055702756,-1.8214815920831993,1766193724.4739194
0.9768051505088806,-1.4374125003814697,0.5364341139793396,0.012510762889236082,-0.007785054821300101,-1.8198431305985496,1766193724.4839907
0.9765005111694336,-1.4362905025482178,0.5364090204238892,0.01238912687985978,-0.0063141700477387045,-1.8235469681856258,1766193724.493953
0.9766314029693604,-1.4359774589538574,0.5366424322128296,0.012381294107427969,-0.00544780973168906,-1.8241629095943228,1766193724.503999
0.9763875603675842,-1.4366140365600586,0.5364542007446289,0.012061918421778532,-0.006670512565991803,-1.8219505491384884,1766193724.5139866
0.9766373038291931,-1.435999870300293,0.5366490483283997,0.01239768126616443,-0.005534166819899581,-1.8241372781730683,1766193724.5141456
0.9766638278961182,-1.4359923601150513,0.5366394519805908,0.012317895980282326,-0.005421346417520733,-1.8241703521637826,1766193724.5239284
0.9766953587532043,-1.4359824657440186,0.536637544631958,0.012393044510746994,-0.005381768029246032,-1.8241703532187572,1766193724.5339878
0.9766696691513062,-1.4359755516052246,0.5366321206092834,0.01235359750247169,-0.00539980941056546,-1.8241518098186271,1766193724.5439582
0.9766814708709717,-1.4359755516052246,0.5366198420524597,0.012411747835789497,-0.005402505797872872,-1.8241824307684684,1766193724.5539253
0.9766839146614075,-1.4362045526504517,0.5365415215492249,0.012294150499367454,-0.005528474929712693,-1.8236119166735882,1766193724.563993
0.9764073491096497,-1.4368195533752441,0.5362032651901245,0.011900599602411627,-0.006414702661066962,-1.8214152098383722,1766193724.5739734
0.9767241477966309,-1.4359065294265747,0.5367103815078735,0.012393423775010284,-0.005425245550489049,-1.8242484764209068,1766193724.5741353
0.9766397476196289,-1.4365955591201782,0.5369637608528137,0.012553066291433832,-0.003327647947076222,-1.8230544834768392,1766193724.5838988
0.976253867149353,-1.4365880489349365,0.5362193584442139,0.01077273182323811,-0.006266506290807613,-1.8198203937568227,1766193724.593921
0.9765962362289429,-1.4362126588821411,0.5365974307060242,0.011899060975564809,-0.005186275790932531,-1.8237968147065136,1766193724.6040034
0.9766408205032349,-1.4359381198883057,0.5367012619972229,0.012371490711153031,-0.005464250106471608,-1.8241503228359448,1766193724.6139646
0.9766661524772644,-1.4359190464019775,0.5366947054862976,0.012335683895307151,-0.005425663717478262,-1.8241602221967783,1766193724.6141233
0.9766682386398315,-1.4360723495483398,0.5368258953094482,0.011578570719369406,-0.004319609235870258,-1.8239972361689254,1766193724.6239583
0.9761381149291992,-1.4366834163665771,0.5363126993179321,0.01112656861465595,-0.0068967103371091595,-1.8203898713347706,1766193724.64398
0.976306676864624,-1.4366333484649658,0.5360925197601318,0.009258186152173232,-0.0057647148536250255,-1.818199088626484,1766193724.644113
0.9758816957473755,-1.4359630346298218,0.536146879196167,0.008128857540291542,-0.0047273574421765555,-1.8192300796042415,1766193724.6540177
0.9764738082885742,-1.4368866682052612,0.5364667177200317,0.011109067083308041,-0.0060987401068563485,-1.8209582268617102,1766193724.663992
0.9761547446250916,-1.436516523361206,0.5362482070922852,0.009113982018709114,-0.005445502681709267,-1.8186863273091118,1766193724.6641266
0.9758991599082947,-1.43610680103302,0.5360376834869385,0.008709145865384186,-0.005223494569004499,-1.8180821175969717,1766193724.673984
0.9759145379066467,-1.43610417842865,0.5360162854194641,0.008707227989668711,-0.0051397638221351944,-1.8181690514387734,1766193724.6839929
0.9759661555290222,-1.4360781908035278,0.5360470414161682,0.008865479122255205,-0.005316440035632838,-1.8189807708035093,1766193724.6940246
0.9759383201599121,-1.4357722997665405,0.5359077453613281,0.007740786538003701,-0.004634562948876913,-1.8189671975387895,1766193724.7039998
0.9753461480140686,-1.4362181425094604,0.5365871787071228,0.010846039973759321,-0.003561936249837673,-1.8202640952590579,1766193724.7140188
0.975303053855896,-1.4361993074417114,0.5366498231887817,0.010832780752583922,-0.003541551545295141,-1.8200912255775754,1766193724.7141569
0.9758524894714355,-1.4357666969299316,0.5359029769897461,0.007773584246047043,-0.004670611808204405,-1.8188804451555065,1766193724.7238724
0.9758715629577637,-1.4358816146850586,0.5358836650848389,0.007477171296610785,-0.004717341394570509,-1.8171544647131872,1766193724.7339146
0.9758344888687134,-1.4357556104660034,0.536018431186676,0.007612726066290819,-0.004686950130168512,-1.8187148416408827,1766193724.7439783
0.9757990837097168,-1.4356451034545898,0.5360028147697449,0.007425761757048862,-0.004363881346003219,-1.8182181392435917,1766193724.7539878
0.9757256507873535,-1.435491681098938,0.5361567139625549,0.007911394612763103,-0.004789843624119114,-1.8185738478561106,1766193724.7639756
0.9759206175804138,-1.4357200860977173,0.5360517501831055,0.007680955676461105,-0.004637867688483878,-1.818806758176572,1766193724.7641158
0.9759202003479004,-1.4357517957687378,0.5359338521957397,0.007823430940793233,-0.0045706787453954545,-1.818957216890544,1766193724.7739248
0.9759773015975952,-1.4357411861419678,0.5359702110290527,0.007713764482372161,-0.004659717011904736,-1.8189216880141597,1766193724.7840035
0.9760195016860962,-1.4357229471206665,0.535984992980957,0.007844709765584892,-0.00462957790319609,-1.818910394620437,1766193724.794023
0.9759119153022766,-1.4357000589370728,0.5361270308494568,0.008496331519157857,-0.005066504304111879,-1.8193881333763924,1766193724.8039389
0.9758948683738708,-1.4356708526611328,0.5361113548278809,0.00854089038308287,-0.005093751308521284,-1.8193506078666586,1766193724.8139575
0.9759426116943359,-1.4357494115829468,0.5359959602355957,0.00767584721625398,-0.004725780927428951,-1.8188318317143721,1766193724.8141148
0.9758294820785522,-1.4356539249420166,0.5360159873962402,0.007541280111901007,-0.004385608989909343,-1.8183913955520705,1766193724.8239353
0.9760203957557678,-1.4361644983291626,0.5364695191383362,0.009448571977981147,-0.005154279596820654,-1.8210133919758666,1766193724.8339193
0.9758195877075195,-1.4356274604797363,0.5360550284385681,0.007414988730759158,-0.004444849468304638,-1.8182863238553515,1766193724.843875
0.9757826924324036,-1.4356801509857178,0.5360840559005737,0.008269925712330308,-0.005176519245217169,-1.8191393836799625,1766193724.8539636
0.9758424758911133,-1.4355984926223755,0.5360159873962402,0.0074315095904411545,-0.004409381771448215,-1.8183659725578558,1766193724.863942
0.9758280515670776,-1.4357846975326538,0.5358789563179016,0.00782303962281963,-0.004580966096791357,-1.818890247197575,1766193724.8640842
0.975663423538208,-1.435813307762146,0.536304771900177,0.008681163464914094,-0.00314437002252602,-1.818758054262388,1766193724.8739653
0.9759244322776794,-1.4359122514724731,0.5360537171363831,0.008349964245083,-0.005124856554849217,-1.818648312970553,1766193724.8839645
0.9758437871932983,-1.435692310333252,0.536007285118103,0.00840525119294088,-0.0050614350349694566,-1.8191966402960118,1766193724.8939464
0.9757014513015747,-1.4360876083374023,0.5362041592597961,0.009215219946204606,-0.003412135059121136,-1.819384004655005,1766193724.9039772
0.9753470420837402,-1.4362313747406006,0.536573052406311,0.010821252617037641,-0.0034983881038385877,-1.8201615567792013,1766193724.913964
0.9756057858467102,-1.4357247352600098,0.5360207557678223,0.007008369586933843,-0.004656902768219294,-1.818203984087706,1766193724.9141235
0.9758014678955078,-1.4357744455337524,0.5360914468765259,0.008435524870412851,-0.005050151818696367,-1.8192785565880785,1766193724.9238825
0.9757639169692993,-1.4357277154922485,0.5360440611839294,0.008255673048685576,-0.005024591604730329,-1.8190897254250271,1766193724.9339635
0.9757813811302185,-1.4356712102890015,0.535930335521698,0.007462570403771662,-0.004356619022973074,-1.8182646668623181,1766193724.9539788
0.9755854606628418,-1.4356169700622559,0.5360546112060547,0.0080299517908246,-0.004642486490520946,-1.8184637263790482,1766193724.9540524
0.9758060574531555,-1.435599446296692,0.5360526442527771,0.0074032526948879405,-0.004370810039292664,-1.8183866574883103,1766193724.9639475
0.975597083568573,-1.4357608556747437,0.53603196144104,0.007117915924549245,-0.004628221889948977,-1.8182142682917914,1766193724.9641066
0.9758557081222534,-1.4357749223709106,0.5359445810317993,0.007687025455061676,-0.004570949192744653,-1.8188755524618665,1766193724.9739387
0.9758502244949341,-1.4356883764266968,0.5361170172691345,0.008409058127463589,-0.005148685849544952,-1.81939386196066,1766193724.9839272
0.9759302139282227,-1.435731291770935,0.5359796285629272,0.007657448633271637,-0.004672021439669215,-1.8187766496264939,1766193724.9939866
0.9759010076522827,-1.435789704322815,0.5359228849411011,0.007684777121396007,-0.004656640386487882,-1.8188486400500627,1766193725.0039887
0.975933849811554,-1.4355862140655518,0.536005973815918,0.007365221592581501,-0.004375323157463737,-1.8183907210412655,1766193725.0139844
0.9758923649787903,-1.4358192682266235,0.5359163284301758,0.007721412221430734,-0.004616623932950055,-1.8188748977031677,1766193725.0140622
0.9758468866348267,-1.435679316520691,0.5359262228012085,0.007411250146976307,-0.0042510802505397365,-1.8184038593502534,1766193725.0239275
0.9758380651473999,-1.4356623888015747,0.5359559655189514,0.007489676394737146,-0.0043304042880381345,-1.8183934910846906,1766193725.0339253
0.975839376449585,-1.4356290102005005,0.5360593199729919,0.007372216764234644,-0.004254744438899205,-1.8184260182803675,1766193725.053922
0.9758179783821106,-1.4356645345687866,0.5360302329063416,0.007349144747309783,-0.004263105385570162,-1.8183063897025191,1766193725.0539427
0.9757966995239258,-1.4357322454452515,0.5359715223312378,0.007327223216418009,-0.004332778500313647,-1.8183288682536642,1766193725.0639963
0.9758241176605225,-1.4356633424758911,0.5360220670700073,0.007387728515154049,-0.004311810807831713,-1.8185480155915676,1766193725.0640495
0.9758701920509338,-1.4357901811599731,0.5359337329864502,0.007638392645881472,-0.004666684262949272,-1.8189534491244224,1766193725.0740252
0.9758157730102539,-1.4357236623764038,0.5360069274902344,0.008212443208946707,-0.005053911881558415,-1.8193571462730027,1766193725.0839682
0.975806474685669,-1.4357936382293701,0.5360839366912842,0.008349350705254532,-0.005203505862434346,-1.8194970489902265,1766193725.0940225
0.9757744073867798,-1.4359159469604492,0.53614342212677,0.008859813587725855,-0.005155596543923841,-1.8199059391655819,1766193725.1040046
0.9757921695709229,-1.4357445240020752,0.5359302759170532,0.008281609305625427,-0.004944471517522966,-1.819277197204465,1766193725.113934
0.9758180379867554,-1.4357669353485107,0.5359516143798828,0.008329023348766649,-0.00502688351176443,-1.819265633806091,1766193725.1139889
0.9758874773979187,-1.4358141422271729,0.5359050035476685,0.007626532760685671,-0.00457086747760947,-1.8189029117920352,1766193725.12396
0.9758545756340027,-1.4358043670654297,0.5359074473381042,0.007680104311312395,-0.0045652852410055225,-1.8188191181671238,1766193725.1340113
0.9758592247962952,-1.4358301162719727,0.535944402217865,0.0076435939412288064,-0.004627118049609218,-1.8187495960694846,1766193725.1439798
0.9759206771850586,-1.4358400106430054,0.5360679030418396,0.007669122956391442,-0.0045105451870082304,-1.818947704910627,1766193725.1539857
0.9756029844284058,-1.4359283447265625,0.5359671115875244,0.007374131210590997,-0.004778454637582265,-1.8187131981397837,1766193725.1639729
0.9757495522499084,-1.4357573986053467,0.5359941720962524,0.0081403101242553,-0.0049709669885089,-1.81915234755472,1766193725.1641397
0.9755565524101257,-1.4356772899627686,0.5360162258148193,0.008066905160808869,-0.004528613517901971,-1.8186273468707754,1766193725.1739666
0.9755449295043945,-1.435912013053894,0.5359907746315002,0.008038674545125088,-0.005142589930229289,-1.8191099591889657,1766193725.1840005
0.9757294058799744,-1.4357649087905884,0.5358178615570068,0.008319989353412513,-0.00482972746770856,-1.8192924143381246,1766193725.193982
0.9757920503616333,-1.4357175827026367,0.5359727740287781,0.00816975845402378,-0.005036842827475707,-1.819322465650654,1766193725.2039762
0.9757343530654907,-1.4358144998550415,0.5359202027320862,0.008523483818488518,-0.005043146234004233,-1.819679423488798,1766193725.2139864
0.9757934212684631,-1.435831904411316,0.5360086560249329,0.008392711839913327,-0.005020786449239377,-1.8195412071958834,1766193725.2140746
0.9756764769554138,-1.4356268644332886,0.5359901189804077,0.008008255550598633,-0.004657594446810883,-1.8187878034923404,1766193725.2239294
0.9759070873260498,-1.4358668327331543,0.5359267592430115,0.007781145246767838,-0.004645632114539196,-1.8189847842018552,1766193725.2340205
0.9758806228637695,-1.435786485671997,0.5358930826187134,0.007565627897006914,-0.004581013326603492,-1.8186520266236332,1766193725.2439976
0.9758124947547913,-1.4356582164764404,0.5359522104263306,0.00738719510672634,-0.004321211958770731,-1.818380385599159,1766193725.2539566
0.9757996201515198,-1.4356794357299805,0.5359998345375061,0.007421849221598154,-0.004263956443080055,-1.81833522686184,1766193725.2640457
0.9759141802787781,-1.4357705116271973,0.5360175371170044,0.007604404953867521,-0.0045112526217019585,-1.8187896321125012,1766193725.264099
0.9758682250976562,-1.43580162525177,0.5358957052230835,0.007645151652323958,-0.004507880471392159,-1.8188513982406989,1766193725.2739618
0.97585129737854,-1.4358083009719849,0.5359333157539368,0.007719398079717771,-0.004563489036858866,-1.8187885559395007,1766193725.2839785
0.9758472442626953,-1.4358649253845215,0.5358715057373047,0.007678704485715694,-0.004592041810086196,-1.81896174644296,1766193725.29394
0.9758331775665283,-1.4357484579086304,0.5360661745071411,0.008255973418371676,-0.005049881570773508,-1.8192884426484517,1766193725.3039691
0.975688636302948,-1.4356235265731812,0.5360283851623535,0.007977630033226072,-0.004661735856286372,-1.8188055648581183,1766193725.3140144
0.9757896065711975,-1.4357553720474243,0.5359331369400024,0.008225591852160489,-0.00498809138945832,-1.8193851908334728,1766193725.3141747
0.9757987260818481,-1.4357249736785889,0.5359742641448975,0.008180926611312474,-0.005076819981528803,-1.8193642909685384,1766193725.3239298
0.9757808446884155,-1.4357852935791016,0.5359319448471069,0.008229003899957926,-0.004997164432266245,-1.8191940898352659,1766193725.3339226
0.9757769107818604,-1.4357818365097046,0.5359528660774231,0.008207291256014423,-0.00502075188798047,-1.819255725529314,1766193725.344006
0.9759009480476379,-1.4357802867889404,0.5359658598899841,0.007605528513923533,-0.004575964756545115,-1.8188217593325942,1766193725.3539288
0.9758353233337402,-1.4356857538223267,0.5359513163566589,0.007447040805404085,-0.00430671707364517,-1.818396196281633,1766193725.363967
0.975843071937561,-1.4356813430786133,0.5359722971916199,0.0074268361909751,-0.0042368403026141555,-1.8184355092021107,1766193725.3640904
0.9758245348930359,-1.4357541799545288,0.5359779000282288,0.007429534421508627,-0.004291809478211966,-1.8182012138534092,1766193725.3739665
0.9758260250091553,-1.4357048273086548,0.5359664559364319,0.007369587203136388,-0.004358777683461778,-1.8184216700342748,1766193725.3840039
0.9758783578872681,-1.4360039234161377,0.5358574390411377,0.00763173899159302,-0.004815343325096604,-1.8182271689798717,1766193725.393948
0.975788950920105,-1.4359153509140015,0.5358186364173889,0.008312473430937982,-0.004982770451186786,-1.8184783733338823,1766193725.4040089
0.9752859473228455,-1.4359753131866455,0.5365117192268372,0.00974792451118853,-0.002900818076081403,-1.8190380803954922,1766193725.4139884
0.9759109020233154,-1.435794711112976,0.5359008312225342,0.0076895618558820164,-0.004638917956490427,-1.8190909299945084,1766193725.414157
0.975837767124176,-1.435733437538147,0.5360329151153564,0.008298483337594522,-0.004999643948145025,-1.819373584942373,1766193725.4238849
0.9756879210472107,-1.4358201026916504,0.5359246730804443,0.008328480559610225,-0.004975097385914251,-1.819126589095201,1766193725.4339163
0.9757936596870422,-1.4357789754867554,0.5360397100448608,0.008170802540600416,-0.005023638697320617,-1.8192594410849598,1766193725.4438684
0.9756965637207031,-1.4359735250473022,0.5358874201774597,0.008217455839841297,-0.005064187971193354,-1.8184864906866791,1766193725.4539251
0.9755633473396301,-1.4356697797775269,0.5360587239265442,0.008074024787573991,-0.004504006586466121,-1.8185685562916598,1766193725.4639733
0.9759100675582886,-1.4358042478561401,0.5359693765640259,0.007597043108989642,-0.004563367500602479,-1.818779703053969,1766193725.4640281
0.9758970141410828,-1.4358171224594116,0.5359249711036682,0.0076350692671637715,-0.004523051874833846,-1.818799354855442,1766193725.4739294
0.9759035110473633,-1.435826063156128,0.5358976721763611,0.0077086342434703695,-0.004574948237546628,-1.8189516597246578,1766193725.4839764
0.9758090972900391,-1.4357833862304688,0.5359148383140564,0.008345868485662752,-0.004831519754415726,-1.8191758744559594,1766193725.4939847
0.9758105278015137,-1.4357727766036987,0.5360187888145447,0.008222353107835582,-0.004924649309623647,-1.8191354963245854,1766193725.5139768
0.975719153881073,-1.4359774589538574,0.5362859964370728,0.008988191170129186,-0.005109155780593145,-1.8197391814598596,1766193725.514064
0.9758899807929993,-1.4358298778533936,0.5359469652175903,0.007628120178330366,-0.004600487409530307,-1.8187756182475214,1766193725.5142183
0.9757634401321411,-1.435736060142517,0.5358470678329468,0.008315304895431546,-0.004758523743532551,-1.8191249240720944,1766193725.5239444
0.9758840799331665,-1.4356420040130615,0.5359514355659485,0.007406844401187288,-0.004332085815335644,-1.8185448383514589,1766193725.5339599
0.9758611917495728,-1.435837984085083,0.535884439945221,0.007608873227165085,-0.004731517983061522,-1.8189005445533912,1766193725.5439608
0.9758796095848083,-1.4358177185058594,0.5359468460083008,0.007553560508664841,-0.00467548740903195,-1.8188667761088815,1766193725.5539591
0.9758008718490601,-1.4357162714004517,0.5359387397766113,0.007391163897941433,-0.004406753398618568,-1.8184417281539098,1766193725.5639343
0.9758909940719604,-1.4358184337615967,0.5359116196632385,0.007665692757360818,-0.004678140558202495,-1.818894870259283,1766193725.5639935
0.9758513569831848,-1.4357144832611084,0.5358613133430481,0.007568193015218301,-0.004337033601081156,-1.818578820589782,1766193725.5738559
0.9759302139282227,-1.435758352279663,0.535913348197937,0.007669397953497455,-0.004606139233782255,-1.818971889551776,1766193725.583914
0.9758047461509705,-1.4357271194458008,0.5359774827957153,0.008295244547043591,-0.004882218021343462,-1.8191975948401358,1766193725.5939307
0.9757815599441528,-1.4358102083206177,0.5360093712806702,0.008261006589917666,-0.004944162286915103,-1.8191686486220044,1766193725.6039627
0.9755958914756775,-1.4360681772232056,0.5361486673355103,0.008670321712046805,-0.003300017565301019,-1.818096745449103,1766193725.6139822
0.9758872985839844,-1.4357351064682007,0.5360174179077148,0.008210970037874903,-0.004913706065649538,-1.8192673923124885,1766193725.6245604
0.9759176969528198,-1.4359707832336426,0.535778284072876,0.007670101418739356,-0.004778002972173236,-1.8183983576113103,1766193725.6247478
0.9758750200271606,-1.4357959032058716,0.5359035134315491,0.00770359412333449,-0.004603089955669146,-1.818941332450361,1766193725.6338396
0.9758743047714233,-1.4357879161834717,0.5359645485877991,0.007743215150939672,-0.00459314398326301,-1.81894343437842,1766193725.6438818
