x,y,z,alpha,beta,gamma,time
0.18794472515583038,2.9026074409484863,0.5037464499473572,0.0010274374878825776,0.001625553350157446,-1.1471851451818997,1766201911.3560364
0.1879899948835373,2.902660369873047,0.5037966966629028,0.0010883445394241154,0.0012401162343072807,-1.14779170643327,1766201911.3659813
0.18797916173934937,2.902726173400879,0.503718376159668,0.0009417765711447219,0.0011785956433028372,-1.1472814891665875,1766201911.3660324
0.1879918873310089,2.9026613235473633,0.5038676261901855,0.0009795508237737053,0.0010470963316763274,-1.1474162098747547,1766201911.3760374
0.18782873451709747,2.9026827812194824,0.5038111209869385,0.0007486315668837059,0.0014338587392493975,-1.146451211053202,1766201911.3859854
0.1877945065498352,2.9028027057647705,0.5036976933479309,0.000776342506416142,0.0010530621211533205,-1.146179603582584,1766201911.3960989
0.1878543347120285,2.902864933013916,0.5036460757255554,0.0009631597098153459,0.0007764441579281219,-1.1473274031194018,1766201911.4060566
0.18776822090148926,2.9027724266052246,0.5034688115119934,0.00020095886131102562,0.00021178316480329555,-1.1464802750533314,1766201911.4160223
0.1878862828016281,2.9027061462402344,0.5036747455596924,0.0010792998294105762,0.0007352408631217725,-1.1473801188818538,1766201911.4161155
0.1878221482038498,2.902944803237915,0.5035412311553955,0.0009800656611289001,0.0009711827650424786,-1.147163127026201,1766201911.4259837
0.18792305886745453,2.90267276763916,0.5036605000495911,0.001083010780074659,0.0007415697868763959,-1.1477631849479282,1766201911.4359996
0.1877531260251999,2.902764320373535,0.5036404728889465,0.00035651095665343387,0.0004881157251824016,-1.146415860688952,1766201911.4460332
0.1879543513059616,2.9026553630828857,0.5037726163864136,0.000959672677757329,0.0009120877946791672,-1.1477926090033028,1766201911.4560163
0.18793213367462158,2.9026939868927,0.503876268863678,0.0012119952128353004,0.001227504579074089,-1.1476585484871311,1766201911.466079
0.18802504241466522,2.9026288986206055,0.5037895441055298,0.0010424456197029078,0.0010363390571585867,-1.1477050796470527,1766201911.476082
0.18795932829380035,2.9026687145233154,0.5039414167404175,0.0013160789386485662,0.0012124653148884602,-1.1478694197804622,1766201911.4761324
0.1879948526620865,2.9026362895965576,0.5038044452667236,0.0012385814294459216,0.0011669447706263573,-1.1480626994564955,1766201911.4860256
0.18797416985034943,2.9026694297790527,0.5037717223167419,0.0011497575204691861,0.0012829887964839835,-1.1477132774664318,1766201911.4960399
0.18780317902565002,2.902785062789917,0.5036241412162781,0.0005363012318475854,0.0012035312504295207,-1.1466545204869356,1766201911.506029
0.18798868358135223,2.902681350708008,0.5038996934890747,0.0012618634543771954,0.0013825375657726794,-1.1478065864158689,1766201911.516035
0.1880047470331192,2.9026474952697754,0.5037345886230469,0.0013128460341935023,0.0013515236226009089,-1.1478621891531813,1766201911.516083
0.18789881467819214,2.902827501296997,0.5036305785179138,0.001013915212590268,0.0009402343509409078,-1.1475669617037467,1766201911.5260994
0.18778914213180542,2.902717113494873,0.5036832690238953,0.00044051056186251617,0.0006585679399176223,-1.146745669595909,1766201911.5460725
0.18789497017860413,2.9026854038238525,0.503734827041626,0.0011555837777813326,0.001202149238218268,-1.1478393034484526,1766201911.5461245
0.1878943145275116,2.9028267860412598,0.5036824345588684,0.0013086180378009368,0.0011629768543110635,-1.1478542144180763,1766201911.5560265
0.1877356618642807,2.902798891067505,0.503652811050415,0.00038856690699891653,0.000895702852880417,-1.1460438704823783,1766201911.566083
0.18786898255348206,2.9027159214019775,0.5037238001823425,0.001064491228500663,0.0009126649994329785,-1.1476709110144325,1766201911.5661302
0.18792790174484253,2.9027698040008545,0.5037770867347717,0.00123216461323331,0.0013201670540813678,-1.1475266733153802,1766201911.5760305
0.18793871998786926,2.902566909790039,0.5039166212081909,0.0010043455610404487,0.0009127388670932775,-1.1476389643665939,1766201911.586091
0.18795090913772583,2.902512311935425,0.5039865970611572,0.0014009197272499645,0.0012533162298315164,-1.1479221785020677,1766201911.5960817
0.1879759281873703,2.9025707244873047,0.5039224624633789,0.0012913591469560488,0.0013215815583948664,-1.1481182511685757,1766201911.6060894
0.18793292343616486,2.9027466773986816,0.5037217140197754,0.0009709770396595375,0.0012330490369661623,-1.1474916760232392,1766201911.6160612
0.1879919171333313,2.9027485847473145,0.5038891434669495,0.0009855504676866066,0.0013132578679560297,-1.147421727305119,1766201911.6161106
0.18795272707939148,2.902703285217285,0.5039849281311035,0.0010829637333873876,0.0009390901665300828,-1.1476873551347722,1766201911.6260896
0.1879781186580658,2.9027202129364014,0.5039152503013611,0.001284838493352187,0.001179384029078625,-1.1478048818425228,1766201911.6360822
0.18796588480472565,2.902876615524292,0.5037442445755005,0.0011638251832820979,0.0011754318779476482,-1.1477800286931765,1766201911.6460645
0.18792769312858582,2.902857542037964,0.5036779642105103,0.0012680338259000651,0.001256861800228212,-1.1474091080587239,1766201911.656063
0.1878674477338791,2.902799606323242,0.5036301612854004,0.0010435271361543214,0.0008705491378580115,-1.1474543948889881,1766201911.6660383
0.18792730569839478,2.9027581214904785,0.5035537481307983,0.001206838816834864,0.0012048761832454194,-1.1478615251187625,1766201911.6660862
0.1875755935907364,2.900871753692627,0.5036606192588806,-0.004442740889911794,-0.005274126926820697,-1.1380777570960783,1766201911.676034
0.1877804398536682,2.902723789215088,0.503808319568634,0.0005691751205343351,0.0008158459608972186,-1.1466357012002864,1766201911.6860783
0.18794408440589905,2.9026098251342773,0.5038983821868896,0.0013093175264280027,0.0010624358197851536,-1.1480721876204352,1766201911.696019
0.18755148351192474,2.9009108543395996,0.5038942098617554,-0.004408250979480702,-0.005085317844332837,-1.1379078734817658,1766201911.7060702
0.1875537633895874,2.9009156227111816,0.5038073658943176,-0.004649803879422583,-0.005169220539182308,-1.1383041381704062,1766201911.7160869
0.18808548152446747,2.9025750160217285,0.50391685962677,0.0012723204791638628,0.0012811550244031312,-1.1488346302920514,1766201911.7161345
0.18796850740909576,2.9027750492095947,0.5039175748825073,0.001087338604940592,0.0009953780536716172,-1.1489500426100443,1766201911.7261012
0.1879749596118927,2.9026849269866943,0.5039375424385071,0.0010800738239534649,0.0010142553822332118,-1.1494493933852878,1766201911.7360742
0.18812420964241028,2.9024133682250977,0.5039464831352234,0.0012980017839294951,0.00046172197380587194,-1.151639693667126,1766201911.7460718
0.18808862566947937,2.9024369716644287,0.5039507150650024,0.001266675602878128,0.0004885099063147984,-1.1522034137143895,1766201911.756088
0.1881415843963623,2.902611017227173,0.5039041638374329,0.0011600505964650546,0.0002633619569296739,-1.153041603512642,1766201911.7660651
0.18825878202915192,2.902392625808716,0.5040259957313538,0.0013261451032838042,0.0002708958084893555,-1.1549624367194453,1766201911.7661138
0.18776410818099976,2.9010703563690186,0.5037267208099365,-0.004740167820144648,-0.005542818322337595,-1.1459694091804378,1766201911.77608
0.18822579085826874,2.9029042720794678,0.5036150217056274,0.0006984219137848034,-0.00040179187104476467,-1.1566690796936878,1766201911.7860677
0.18796497583389282,2.901303291320801,0.5037556886672974,-0.004908303423429188,-0.005830741319145859,-1.149526079191167,1766201911.7960663
0.18801409006118774,2.901520252227783,0.5036774277687073,-0.004910210904191571,-0.005536861475414936,-1.1512804421186187,1766201911.8060637
0.18815883994102478,2.901641368865967,0.5037999153137207,-0.004668287077034728,-0.005565735635700836,-1.15319552997747,1766201911.8160856
0.18819236755371094,2.901848077774048,0.5039677023887634,-0.004577259118852191,-0.005303783181068953,-1.15622152271512,1766201911.816134
0.18831971287727356,2.902024269104004,0.5039376616477966,-0.0044595434102185656,-0.005487712588670909,-1.1587604996506524,1766201911.826088
0.18853211402893066,2.9021308422088623,0.5039498805999756,-0.004337005262585361,-0.00565823389218257,-1.1625282605878318,1766201911.8360825
0.1887255609035492,2.9025514125823975,0.5039312839508057,-0.004390265401141876,-0.005762397000533282,-1.1653751104790362,1766201911.846049
0.18892326951026917,2.902768850326538,0.5038977265357971,-0.004409831153887755,-0.005874861348043573,-1.1690932959989193,1766201911.8560128
0.189096599817276,2.9029922485351562,0.5039003491401672,-0.004525829756189291,-0.006018169372352666,-1.1727042048574432,1766201911.8660884
0.18926864862442017,2.9033498764038086,0.5038338303565979,-0.004562115000560983,-0.0063388587383217685,-1.176234818480902,1766201911.8661358
0.18918895721435547,2.9038548469543457,0.5040846467018127,-0.0055944574434201476,-0.005590538875263934,-1.1787797536003641,1766201911.8760145
0.18924245238304138,2.9043188095092773,0.5041270852088928,-0.005848988643767279,-0.00525639939023474,-1.1816587850841136,1766201911.8860195
0.1891590654850006,2.9044668674468994,0.5042396783828735,-0.006857219371742068,-0.0052226688923404764,-1.1860814817770664,1766201911.8960795
0.18982508778572083,2.904578685760498,0.5041501522064209,-0.005074886341263191,-0.005264222548221908,-1.1907953806412428,1766201911.906092
0.19014257192611694,2.904996395111084,0.50404953956604,-0.0052305485312903995,-0.005340419687796256,-1.1945086355031458,1766201911.9160774
0.19014137983322144,2.9050748348236084,0.5043895840644836,-0.006128482808201606,-0.006222274525304269,-1.1988750794927299,1766201911.916126
0.19039931893348694,2.905439853668213,0.5042911171913147,-0.006092326789293498,-0.005999468033220839,-1.2020529934927469,1766201911.9260566
0.1907554566860199,2.905906915664673,0.5042446255683899,-0.0060250862513666695,-0.005808311949621693,-1.2055494836881562,1766201911.9360173
0.19112348556518555,2.9063265323638916,0.5040737986564636,-0.005767706634789987,-0.005732930090709031,-1.207969443809081,1766201911.946082
0.19113098084926605,2.9062142372131348,0.5040887594223022,-0.0065139029976560466,-0.005882967509599936,-1.212159236718067,1766201911.9560816
0.19134275615215302,2.9064810276031494,0.5039654970169067,-0.006730230389833691,-0.006035172411294708,-1.214808048961668,1766201911.9661016
0.19150234758853912,2.9067037105560303,0.5040680170059204,-0.006902359397934539,-0.005707511484025462,-1.2167251991197294,1766201911.96615
0.191706120967865,2.9069583415985107,0.5039507150650024,-0.007087767618362988,-0.005819743574074406,-1.2185678218330922,1766201911.9760165
0.19177812337875366,2.906970977783203,0.5039648413658142,-0.007202519049031268,-0.005835401098838543,-1.220793186797036,1766201911.9860415
0.19202956557273865,2.907299757003784,0.5038686394691467,-0.0064365186779370255,-0.005526882013985208,-1.2221028945417602,1766201911.9960794
0.19190877676010132,2.90725040435791,0.5039513111114502,-0.0069846882590975665,-0.005941071309859391,-1.2226882836062662,1766201912.006082
0.19191911816596985,2.9073128700256348,0.5040006637573242,-0.006989875762094879,-0.005860394853980916,-1.2229676067956685,1766201912.0160701
0.19188661873340607,2.9072585105895996,0.5038658976554871,-0.007202345319796514,-0.005849000712976299,-1.222922961229214,1766201912.0161216
0.19198277592658997,2.9074604511260986,0.5038179159164429,-0.006401310764138117,-0.005588266491502089,-1.2223119753532665,1766201912.0260723
0.19181595742702484,2.9072649478912354,0.5039381980895996,-0.007019486159058368,-0.0061244050914339605,-1.2215783901234398,1766201912.0360143
0.19172406196594238,2.9070451259613037,0.5038529634475708,-0.007175304194723179,-0.006179579846719421,-1.2204766832302112,1766201912.0460815
0.19162318110466003,2.9069600105285645,0.5040165185928345,-0.006908704427387551,-0.006105698507680736,-1.2192340973253892,1766201912.0560668
0.1916632354259491,2.9069619178771973,0.5039646625518799,-0.005958861530398323,-0.005382802293820914,-1.2171889791482047,1766201912.0660937
0.19409330189228058,2.9078867435455322,0.5050783157348633,0.004028371583154359,-0.000974810784009275,-1.2304961105773695,1766201912.066142
0.19389690458774567,2.907604932785034,0.5050939321517944,0.003947111270871591,-0.0011611997499667611,-1.2286112191261132,1766201912.076033
0.19104164838790894,2.9063713550567627,0.5040930509567261,-0.006327587660693272,-0.006060776430490892,-1.2131376497083446,1766201912.0860214
0.1909106969833374,2.9062626361846924,0.5039740204811096,-0.006337785035232052,-0.006046049055144914,-1.2112115264383527,1766201912.096087
0.1908133327960968,2.9062116146087646,0.5039450526237488,-0.006034656466812722,-0.005888667433717746,-1.209454941591213,1766201912.1060643
0.19066780805587769,2.906052350997925,0.5039719343185425,-0.005912183055673294,-0.005841874788459908,-1.2080785044853626,1766201912.1160622
0.19061893224716187,2.906022548675537,0.5040498375892639,-0.0058089267631632755,-0.006161913793456812,-1.2066575550128924,1766201912.1161098
0.19063660502433777,2.9060120582580566,0.5040040016174316,-0.005036999368823643,-0.005900142030391439,-1.2053980957315755,1766201912.1260846
0.19054187834262848,2.9060609340667725,0.5039856433868408,-0.005342062799835703,-0.006083015321614814,-1.204101384817779,1766201912.1360795
0.190338134765625,2.9058170318603516,0.5041073560714722,-0.005914072907413936,-0.006254219369358393,-1.2038196247202757,1766201912.1460867
0.19037455320358276,2.9056992530822754,0.5041328072547913,-0.0058035018730170015,-0.006237706059012262,-1.2037526236672653,1766201912.1560633
0.19055135548114777,2.9057469367980957,0.5041024684906006,-0.004820468211164232,-0.006213162856006267,-1.203649540139882,1766201912.1660855
0.19049584865570068,2.9054393768310547,0.5041089653968811,-0.005834377331370287,-0.005999221000814767,-1.2045249520336632,1766201912.166135
0.19056673347949982,2.9055840969085693,0.5042328834533691,-0.005590839089930158,-0.006144448350292999,-1.204809345631543,1766201912.1760883
0.19065558910369873,2.905576467514038,0.5042430758476257,-0.005500842832432852,-0.006069674435956279,-1.2058786289538366,1766201912.186068
0.19074136018753052,2.905674457550049,0.5041012167930603,-0.005804061667897247,-0.00567963764081788,-1.2073213436643386,1766201912.1960812
0.190884530544281,2.9057583808898926,0.504047691822052,-0.006090928858529366,-0.0057489652969542615,-1.2086321488951859,1766201912.2060623
0.19101978838443756,2.90588116645813,0.5039589405059814,-0.0062282771820789794,-0.00587628945840539,-1.2100302260357076,1766201912.2160854
0.19112350046634674,2.9058990478515625,0.5040122866630554,-0.006321127978753266,-0.005764386910341504,-1.212266899849051,1766201912.2161338
0.19389307498931885,2.907177686691284,0.5050338506698608,0.003619172616576677,-0.0013760042828951647,-1.2278490459627338,1766201912.2260776
0.1915629506111145,2.906505823135376,0.5038621425628662,-0.005808789880114864,-0.005421147586684824,-1.2158379354152107,1766201912.236082
0.19374319911003113,2.9075489044189453,0.5046634078025818,0.0024916006361167726,-0.0001912347650657824,-1.2336564877248897,1766201912.246087
0.191268190741539,2.9057064056396484,0.5038145184516907,-0.007028431460199188,-0.006491672366262613,-1.2263757658879928,1766201912.2560945
0.19205927848815918,2.9069409370422363,0.503818690776825,-0.006213530222064361,-0.005387800002164456,-1.2239149075970057,1766201912.2660387
0.19216680526733398,2.9072091579437256,0.5038261413574219,-0.006151698198026175,-0.005415166337794433,-1.2263020995039504,1766201912.266087
0.19211885333061218,2.9069936275482178,0.5034770369529724,-0.0071324178335141495,-0.006114876023715423,-1.229029201413662,1766201912.276032
0.1922614872455597,2.9072227478027344,0.5034691095352173,-0.006971936948690881,-0.005915409816236683,-1.2316156137277567,1766201912.286083
0.19239118695259094,2.90750789642334,0.503541886806488,-0.007008468090452432,-0.005935153080784496,-1.23505250491545,1766201912.2960699
0.19279581308364868,2.9078094959259033,0.5039798021316528,-0.006158457127303926,-0.005616295358282498,-1.239452270185303,1766201912.3060744
0.1931508332490921,2.9080865383148193,0.5039883852005005,-0.005036956375953816,-0.005404208750325322,-1.2434097934378014,1766201912.316062
0.1934463381767273,2.908425807952881,0.5039224624633789,-0.0047300113407701405,-0.005474594806014502,-1.2474823188969435,1766201912.3161106
0.1939949095249176,2.908607006072998,0.5038390159606934,-0.0037827030737236905,-0.006232593306643444,-1.252007546668836,1766201912.326027
0.1941886842250824,2.9088809490203857,0.5037492513656616,-0.004770494763266003,-0.006761093530459581,-1.2555661109217873,1766201912.3360255
0.19444110989570618,2.9095053672790527,0.5036466121673584,-0.00464222681397477,-0.0062426408776221,-1.2590157426636366,1766201912.3460186
0.19457872211933136,2.9095399379730225,0.5037012696266174,-0.004596442758845729,-0.006821475420681737,-1.2641483564652394,1766201912.3560295
0.19489344954490662,2.9101264476776123,0.5036768913269043,-0.004227689249068912,-0.0064344123679251075,-1.2686828515964768,1766201912.3660817
0.1950809359550476,2.9102835655212402,0.5037329196929932,-0.004948149116424063,-0.006870837822752526,-1.2729658710309906,1766201912.3661208
0.1953553706407547,2.910947322845459,0.5037529468536377,-0.004102243431134607,-0.006170713789595679,-1.277401931752953,1766201912.376081
0.19775113463401794,2.912490129470825,0.5047969222068787,0.004195055772312906,-0.0004947812511084002,-1.2954360921377526,1766201912.3860657
0.19603125751018524,2.9118223190307617,0.5036875009536743,-0.004110228954242995,-0.006106319889299531,-1.2863986723640048,1766201912.3960893
0.1962461769580841,2.911741018295288,0.5039256811141968,-0.004629988312995159,-0.006498297008719042,-1.2913575441212317,1766201912.4060657
0.1967143416404724,2.912393569946289,0.5037420392036438,-0.004197965582821316,-0.006588516352790671,-1.2959624667080993,1766201912.416073
0.1970449984073639,2.9126482009887695,0.5036853551864624,-0.004389873387669943,-0.007085943240310029,-1.3009315246546538,1766201912.416121
0.196998730301857,2.9132914543151855,0.5036824345588684,-0.00527928595952564,-0.006547819292195122,-1.3046288891409445,1766201912.4260883
0.19706867635250092,2.9135987758636475,0.5037626624107361,-0.006538366725663192,-0.0071203683739166955,-1.3078912338161273,1766201912.436022
0.19719815254211426,2.9137048721313477,0.503819465637207,-0.006415823945373326,-0.007184265550373031,-1.3125645777745627,1766201912.4460819
0.19744877517223358,2.914109945297241,0.5037261843681335,-0.006708944180048275,-0.006858570894564922,-1.3156506894248334,1766201912.4560807
0.19790449738502502,2.914482831954956,0.5037580728530884,-0.005348706863706037,-0.0063283415902869785,-1.3198111119091582,1766201912.4660687
0.19810213148593903,2.914804458618164,0.5038560032844543,-0.005319087824739351,-0.006510503767723466,-1.3231053343782828,1766201912.466119
0.1982080340385437,2.915092945098877,0.5039947032928467,-0.005378710100432026,-0.00656813043533992,-1.3258118279220676,1766201912.4760146
0.1984746903181076,2.9152956008911133,0.5039123296737671,-0.0050739568948248446,-0.006684409853771689,-1.3286596318905455,1766201912.486044
0.19905312359333038,2.9152884483337402,0.5037211179733276,-0.004089033777985262,-0.007162440507473593,-1.3316660870078394,1766201912.496085
0.19919361174106598,2.915534019470215,0.5037180781364441,-0.004382873498357128,-0.007275557323488874,-1.3332257269658783,1766201912.506112
0.1993221491575241,2.915654182434082,0.5036879777908325,-0.00415985192801527,-0.00679444305044454,-1.3345569255921959,1766201912.516067
0.1994694471359253,2.915586471557617,0.503734827041626,-0.004093694086177358,-0.0072038078597246235,-1.3360093241866775,1766201912.5161166
0.1994904726743698,2.9155466556549072,0.5037286281585693,-0.00395219518074358,-0.007489749289901515,-1.3374118448955659,1766201912.526086
0.19955435395240784,2.915449380874634,0.5036779642105103,-0.0041131342231963495,-0.0072259242012594595,-1.337622411763628,1766201912.5360863
0.19956855475902557,2.9154326915740967,0.5036488771438599,-0.004233588752045125,-0.00738574484526962,-1.3377987447123827,1766201912.5460713
0.19955581426620483,2.915341854095459,0.5036516785621643,-0.0040524399734694645,-0.007310913224541681,-1.337433745969047,1766201912.55608
0.1995016485452652,2.915217638015747,0.5036900043487549,-0.0041851815557411905,-0.007183104737284204,-1.3364245700256814,1766201912.5661287
0.19937410950660706,2.915062189102173,0.5037763714790344,-0.004696370890987825,-0.007532225989134801,-1.3342539446170345,1766201912.5661778
0.19932444393634796,2.9151711463928223,0.5036189556121826,-0.004115748548983962,-0.0070439045661656475,-1.3334503628632566,1766201912.5760326
0.19912174344062805,2.9146595001220703,0.5037428140640259,-0.004597936677999677,-0.007383694208453185,-1.3315583947910665,1766201912.5859482
0.19889503717422485,2.914497137069702,0.5037521123886108,-0.0046120079822910744,-0.0075383622484845045,-1.3298757749534365,1766201912.5960877
0.1988302767276764,2.9144585132598877,0.5037264823913574,-0.0038302437058602046,-0.006873247371325069,-1.3287638969245954,1766201912.6060724
0.19897547364234924,2.9141883850097656,0.5037626624107361,-0.0037399840185001563,-0.007122871729771331,-1.325971568155031,1766201912.6160681
0.19862622022628784,2.913933515548706,0.5037450194358826,-0.00380166918519443,-0.006713294831271542,-1.3252673649360587,1766201912.6161072
0.19853529334068298,2.913661003112793,0.5037916898727417,-0.0035400015881035096,-0.006320685217274364,-1.3235488095050438,1766201912.626085
0.1984611451625824,2.913461446762085,0.5036816596984863,-0.0038296689676962457,-0.0066378884629929085,-1.3216549606619252,1766201912.6360574
0.19834843277931213,2.913330554962158,0.5036888122558594,-0.004005819081336406,-0.00672887175678906,-1.3197899176467016,1766201912.6460795
0.19824260473251343,2.913200855255127,0.503683865070343,-0.004014284474707503,-0.006546819903036049,-1.3181530694912447,1766201912.6560802
0.19816045463085175,2.9130091667175293,0.5037586092948914,-0.0037980869863526636,-0.006625213026611524,-1.3169432851334921,1766201912.6660712
0.19812391698360443,2.912921190261841,0.5036821961402893,-0.00388177968623882,-0.0068795682420304686,-1.315830917337712,1766201912.666127
0.19806219637393951,2.912860631942749,0.5036356449127197,-0.0037980129966683593,-0.0068856318538753555,-1.315043729062505,1766201912.6760857
0.1980331689119339,2.9128568172454834,0.5036329030990601,-0.0038546130945920913,-0.00681190974427003,-1.3142764107592084,1766201912.6860409
0.19799986481666565,2.912848949432373,0.5035923719406128,-0.003845682654754555,-0.006836035180869002,-1.313861268662861,1766201912.6960669
0.1975550651550293,2.912932872772217,0.5036965608596802,-0.005075047796301487,-0.00634585791784406,-1.3130918535266547,1766201912.7060888
0.19757667183876038,2.9129724502563477,0.5036918520927429,-0.005075151108274639,-0.006322520452630013,-1.3132408198143306,1766201912.7160687
0.19756683707237244,2.913100004196167,0.5035685300827026,-0.005324399541055173,-0.0062199271117760885,-1.3136686456913775,1766201912.7161176
0.19764035940170288,2.9131550788879395,0.5035681128501892,-0.005349090626059293,-0.0065610432828276,-1.3147581418047185,1766201912.7260711
0.1976785659790039,2.9132189750671387,0.5036781430244446,-0.005438284649588512,-0.006455261514457557,-1.3158022128908005,1766201912.7360232
0.1978253722190857,2.9133641719818115,0.5036713480949402,-0.00549081987105736,-0.006382718694668826,-1.3169600410670725,1766201912.7460167
0.19797569513320923,2.913522958755493,0.5036391615867615,-0.005694247920878105,-0.006497429698875661,-1.3188003124335712,1766201912.7560673
0.19815000891685486,2.9135420322418213,0.5037530064582825,-0.005432097810978429,-0.00629231887465038,-1.3211594047981579,1766201912.7660651
0.19807745516300201,2.9135687351226807,0.5039312839508057,-0.006000162111082191,-0.006473173214068225,-1.3236453766322722,1766201912.7760813
0.19872528314590454,2.9135913848876953,0.5039731860160828,-0.004204710227736661,-0.00771149115963173,-1.3270742956418804,1766201912.7761297
0.19899949431419373,2.9142017364501953,0.5037814378738403,-0.0036423150252570895,-0.006727409480639139,-1.3295421188966254,1766201912.7860832
0.1992335319519043,2.9144299030303955,0.5037245750427246,-0.0034510586989007284,-0.0067683952071899926,-1.3326321005380979,1766201912.7960153
0.19953233003616333,2.914512872695923,0.503643274307251,-0.003390625243484301,-0.007355729496766568,-1.3375308613252928,1766201912.8060088
0.19961979985237122,2.9145750999450684,0.5037129521369934,-0.004363810989319978,-0.007721113539780931,-1.3402341471626356,1766201912.8160775
0.19984281063079834,2.915022373199463,0.5036540627479553,-0.004364858664051511,-0.00785001860342092,-1.3435295245596224,1766201912.8161166
0.20230625569820404,2.9168248176574707,0.5045377612113953,0.00492416153495191,-0.0022388738765205785,-1.361676322347283,1766201912.826077
0.2025141716003418,2.9172284603118896,0.5044652819633484,0.004816132367846688,-0.0016702290643854382,-1.3655606983566577,1766201912.8360524
0.20283077657222748,2.9176323413848877,0.5045251250267029,0.00546936473072054,-0.001659498491221643,-1.3701465436079274,1766201912.846032
0.20311179757118225,2.9177377223968506,0.5045918226242065,0.0054126380539829926,-0.0017125001514981266,-1.3741078470979577,1766201912.8560896
0.20174148678779602,2.91715669631958,0.5037679076194763,-0.0002959930673455114,-0.006409609104584081,-1.3689634470141434,1766201912.8660898
0.20157518982887268,2.917295217514038,0.5033646821975708,-0.002744599649097957,-0.007698245219078526,-1.371305448764517,1766201912.8760862
0.2019655704498291,2.9175848960876465,0.503398060798645,-0.0025237664305106135,-0.008176397236310154,-1.3765202799273097,1766201912.8761353
0.2023046910762787,2.9181296825408936,0.503398597240448,-0.0023376890071648976,-0.007927517323916309,-1.3811906080164391,1766201912.8860295
0.20268090069293976,2.918654203414917,0.5032383799552917,-0.0021469054337784014,-0.007026128427900403,-1.385912738381821,1766201912.8960798
0.20300884544849396,2.9187631607055664,0.5032583475112915,-0.001979048202018274,-0.007387041624031338,-1.3910601820343023,1766201912.9060628
0.20284408330917358,2.919093370437622,0.5031686425209045,-0.003919277177532599,-0.00779779392276055,-1.3938083936746986,1766201912.9160602
0.2031441330909729,2.9193172454833984,0.5032681822776794,-0.0036636272904311466,-0.007779162540608726,-1.398521621141204,1766201912.9161134
0.2033674716949463,2.919743537902832,0.5034154057502747,-0.0038047535909054814,-0.007441360273698209,-1.40206906479124,1766201912.9260845
0.20378477871418,2.920114040374756,0.50343918800354,-0.002986500999207674,-0.007290494369609566,-1.4065018392193391,1766201912.9360714
0.2042546272277832,2.9205846786499023,0.5033495426177979,-0.002635187427712941,-0.007105871180911067,-1.4103900826581304,1766201912.9460642
0.2042456567287445,2.920560836791992,0.5032355785369873,-0.004139546089638118,-0.007727584414156632,-1.412987403085724,1766201912.9560874
0.20458132028579712,2.9201128482818604,0.5032093524932861,-0.003887390593185158,-0.008484371745102526,-1.4164170540233463,1766201912.9660923
0.20484673976898193,2.9201457500457764,0.5032739639282227,-0.0038393049737636942,-0.008452318583413752,-1.4190259750254408,1766201912.9760573
0.20507073402404785,2.920212745666504,0.5032987594604492,-0.0038878169481470263,-0.008459566374256048,-1.4211440749430686,1766201912.976107
0.20527112483978271,2.9202404022216797,0.5033370852470398,-0.0037881346434094306,-0.008366500202697209,-1.4228224346186544,1766201912.9860468
0.20565325021743774,2.920536994934082,0.5034056901931763,-0.0027011784361583293,-0.007382995149113179,-1.4245231751215532,1766201912.9961226
0.20829956233501434,2.921248435974121,0.5045568346977234,0.0060608811396632035,-0.002579430727027351,-1.4375852113497187,1766201913.0060952
0.20839978754520416,2.9212067127227783,0.5046554803848267,0.006229330393057936,-0.002369808173465714,-1.4380755820216595,1766201913.016122
0.2083464115858078,2.9211103916168213,0.5047438144683838,0.005982715311429564,-0.002441767365949294,-1.4379288103220202,1766201913.0161617
0.20841658115386963,2.9211807250976562,0.5046488046646118,0.006271555297063214,-0.002470744959694059,-1.4379446512322533,1766201913.026081
0.20571240782737732,2.9202563762664795,0.5034103393554688,-0.002697498369775261,-0.007498005219727632,-1.4251123451279621,1766201913.0361192
0.20565547049045563,2.9203193187713623,0.5033525228500366,-0.002750225345819881,-0.007282554952892844,-1.423790426778738,1766201913.0461228
0.2054743766784668,2.9201700687408447,0.503298819065094,-0.002901956207416123,-0.007692860816858532,-1.4223471632214908,1766201913.0561178
0.20801480114459991,2.920774221420288,0.5044981837272644,0.006741492910287089,-0.002359576651476281,-1.4332210943392998,1766201913.0661583
0.20787915587425232,2.920851707458496,0.5044341087341309,0.00656214596358422,-0.001927615134642267,-1.4313531718546944,1766201913.0662076
0.20503535866737366,2.9197237491607666,0.5033237338066101,-0.0025004727003110857,-0.007203550721657927,-1.4166271574946976,1766201913.0760453
0.20483005046844482,2.9194540977478027,0.5033079385757446,-0.002500071523477267,-0.0071832607799931225,-1.4144836221597408,1766201913.086065
0.2046453356742859,2.9195494651794434,0.5034072995185852,-0.0024683965495945794,-0.0067353483857943335,-1.4108952474557754,1766201913.0961206
0.2044275999069214,2.919201374053955,0.5035519599914551,-0.0023417989616671916,-0.0067914766866691584,-1.4081635253937124,1766201913.106096
0.20422406494617462,2.918781042098999,0.503565788269043,-0.002285207467113655,-0.007299742206493063,-1.405994338088233,1766201913.1161182
0.20397630333900452,2.91868257522583,0.5034964680671692,-0.002294240986537271,-0.007314080036624031,-1.4036702296212105,1766201913.1261232
0.2038007378578186,2.9184584617614746,0.5035180449485779,-0.0021815371745067184,-0.007712644050972583,-1.401431240092122,1766201913.1261616
0.20361009240150452,2.918367624282837,0.503358006477356,-0.002379922167380874,-0.007407275967761535,-1.3990300797467234,1766201913.1360998
0.2030363380908966,2.918370485305786,0.5032768249511719,-0.003941181261840965,-0.00743876531264178,-1.3952544995915646,1766201913.1461065
0.20289596915245056,2.918386697769165,0.5031978487968445,-0.0038883198560799403,-0.00726295673258814,-1.3931658329237149,1766201913.1561027
0.2028152495622635,2.918395519256592,0.5031600594520569,-0.00328655871856898,-0.007178342498552886,-1.3919264988082398,1766201913.1661046
0.2026793509721756,2.918250560760498,0.5031765699386597,-0.003384559376403077,-0.007256363131144664,-1.3903149272082145,1766201913.1661556
0.20252501964569092,2.918290853500366,0.5031840801239014,-0.003781351230556152,-0.00688215423290984,-1.3880104434000702,1766201913.1761003
0.20251184701919556,2.9183647632598877,0.5031534433364868,-0.0035079830182539067,-0.00700073037225847,-1.3871923760449085,1766201913.1861281
0.20241013169288635,2.918308973312378,0.503183901309967,-0.0037134284454985586,-0.007344643922961614,-1.385864678705087,1766201913.1960933
0.20229031145572662,2.9185903072357178,0.5032082796096802,-0.0038404403340975696,-0.006935093707870391,-1.3843831594465985,1766201913.2061217
0.20233023166656494,2.9183709621429443,0.5031610727310181,-0.0036448840591481227,-0.007452810274856154,-1.3851483478979763,1766201913.2161145
0.20229285955429077,2.9186904430389404,0.5031863451004028,-0.003805795885358034,-0.007164260574168858,-1.38413546808298,1766201913.2161522
0.20225882530212402,2.918522596359253,0.5032604336738586,-0.0037377197588799294,-0.007709784718251198,-1.3851721996038477,1766201913.226114
0.20228630304336548,2.9185526371002197,0.5032569169998169,-0.0038477190218864136,-0.0074648925699354225,-1.3855034934807287,1766201913.2360673
0.20229807496070862,2.9187984466552734,0.5031769871711731,-0.003847502901432606,-0.007118628266681952,-1.3857269470556495,1766201913.2461221
0.20298559963703156,2.9189836978912354,0.503212034702301,-0.00128576120752729,-0.00695938731128429,-1.389444558622944,1766201913.256091
0.20304645597934723,2.9189958572387695,0.5032466650009155,-0.001307765823184892,-0.007228802702047312,-1.390469983593598,1766201913.266108
0.20242100954055786,2.9191198348999023,0.5031603574752808,-0.00414401771667515,-0.007655072896361833,-1.3882500187197642,1766201913.2661479
0.20498917996883392,2.920055866241455,0.5044242739677429,0.005553433395002536,-0.0031092330959397872,-1.4041551586272847,1766201913.2861085
0.2026142030954361,2.9192569255828857,0.5031189918518066,-0.0038351408168697102,-0.008144928149131193,-1.391774475104103,1766201913.2861583
0.20266124606132507,2.919450283050537,0.503146231174469,-0.003906756916681497,-0.008124915350786915,-1.3930701731725095,1766201913.2961211
0.2028127908706665,2.91939115524292,0.5031264424324036,-0.003665131602126114,-0.008386787915903474,-1.3950063325856004,1766201913.3061254
0.2028854787349701,2.9193499088287354,0.503214955329895,-0.003841543662490864,-0.008175847015464106,-1.3961246981670372,1766201913.316109
0.20298972725868225,2.9195051193237305,0.5032325387001038,-0.003702952503368227,-0.008361648783269213,-1.397356102660905,1766201913.316147
0.2031627893447876,2.9194095134735107,0.5031845569610596,-0.00405076705182395,-0.008103916124769886,-1.3986428877739356,1766201913.3261087
0.20324116945266724,2.9193508625030518,0.5032786726951599,-0.004182289393517204,-0.00880810925753628,-1.3999463271956336,1766201913.3360555
0.20334163308143616,2.919340133666992,0.5033015012741089,-0.004160615776782047,-0.008636328394360217,-1.4010536768609014,1766201913.3461816
0.2034539431333542,2.91921067237854,0.5033866763114929,-0.004132290791563447,-0.008582771417690932,-1.4021316272596127,1766201913.3560991
0.20362746715545654,2.919029712677002,0.5034108757972717,-0.004142307306645404,-0.008335400707906414,-1.4029111180064533,1766201913.366106
0.20371118187904358,2.9188129901885986,0.5033784508705139,-0.004567813131633732,-0.008182269541327314,-1.4033764594683926,1766201913.3661566
0.20387840270996094,2.918631076812744,0.5033488273620605,-0.004304774527177846,-0.00832830997365748,-1.404581928662027,1766201913.376047
0.2039930671453476,2.918381690979004,0.5033432841300964,-0.00430710107447268,-0.008162434050290442,-1.4051421169445184,1766201913.385996
0.20410019159317017,2.917896032333374,0.5032334327697754,-0.004407403742743217,-0.008253335298262693,-1.4062546443020334,1766201913.3960938
0.2042292058467865,2.9173521995544434,0.5032227039337158,-0.004408606865754108,-0.008268177554644604,-1.4070312188158751,1766201913.4061003
0.20431119203567505,2.9168806076049805,0.5032120943069458,-0.00464534028586484,-0.008028530079779288,-1.4071271553924805,1766201913.4159677
0.20447403192520142,2.9163150787353516,0.5032364726066589,-0.004592458038518537,-0.0079305819347749,-1.4076250394264689,1766201913.4160159
0.204633891582489,2.915762186050415,0.503193736076355,-0.004731638914383613,-0.008056182350887715,-1.4083922996014178,1766201913.425999
0.20476800203323364,2.9152345657348633,0.5032670497894287,-0.004278966510170816,-0.008267099535335403,-1.4089916228764943,1766201913.4359896
0.2048848271369934,2.9143505096435547,0.5033881068229675,-0.004161601273408801,-0.00857867307222745,-1.4101989253355733,1766201913.4460669
0.205112025141716,2.9136056900024414,0.5033395886421204,-0.003920132014936163,-0.008664586460079629,-1.4111268168014584,1766201913.4560103
0.20547053217887878,2.9126603603363037,0.5033402442932129,-0.0037968418670653453,-0.00860914888141475,-1.412531476397965,1766201913.4660904
0.20617344975471497,2.9116668701171875,0.5034458041191101,-0.0020423250549247525,-0.00833843542639627,-1.4141615372457879,1766201913.4661016
0.20643824338912964,2.9105234146118164,0.5035187005996704,-0.001829058964139812,-0.008677647341846373,-1.4155411460560745,1766201913.4761033
0.206605464220047,2.909613609313965,0.5035070776939392,-0.0019050075194956566,-0.008572883227071698,-1.4162443966461553,1766201913.4860897
0.20699840784072876,2.9086906909942627,0.5034361481666565,-0.0018985298956286827,-0.008811159826652494,-1.4177657452776768,1766201913.4961214
0.20720425248146057,2.907790422439575,0.5035207271575928,-0.0020752617559523295,-0.00833809470107991,-1.418424909467642,1766201913.5060916
0.20773133635520935,2.9071085453033447,0.5033987760543823,-0.0010950933948020837,-0.00762388646309269,-1.4204644636695232,1766201913.5160942
0.20783331990242004,2.9056813716888428,0.5034361481666565,-0.002071047001371338,-0.007864114168233252,-1.420239403948241,1766201913.5161355
0.21084371209144592,2.9053080081939697,0.5046500563621521,0.00713432485607117,-0.003268908820830728,-1.4342430046310009,1766201913.526111
0.2111285775899887,2.9041736125946045,0.5046483874320984,0.007215803993067684,-0.0030289059853598997,-1.4350209301012185,1766201913.5360875
0.20892013609409332,2.90187931060791,0.5034998655319214,-0.00161639920673757,-0.008976320030674868,-1.4247165166011535,1766201913.5461073
0.20929604768753052,2.900508165359497,0.5035828948020935,-0.0013021804591168995,-0.00876100884174825,-1.42644229317413,1766201913.5561316
0.2097444087266922,2.899177312850952,0.5036019086837769,-0.0014644182704628486,-0.009213572641411365,-1.4277207969732064,1766201913.5660803
0.2101573795080185,2.897942304611206,0.5036213994026184,-0.0015571033759892226,-0.008763106135505207,-1.4286987132908264,1766201913.566121
0.2106020450592041,2.8964624404907227,0.5037015080451965,-0.0014445347906830467,-0.00834664410402234,-1.4299585966496755,1766201913.5761285
0.21102485060691833,2.8949594497680664,0.5036153793334961,-0.0015710850753675185,-0.008127341733040123,-1.431753281761289,1766201913.5861018
0.2114073634147644,2.8932044506073,0.5037792921066284,-0.001698888666862478,-0.008295082165312708,-1.4330431599279407,1766201913.5961258
0.21389396488666534,2.8921799659729004,0.5050534605979919,0.0061905487078672975,-0.0037138976463415322,-1.4467594582835561,1766201913.6061
0.2123032808303833,2.889878749847412,0.5038027763366699,-0.0014925791195565823,-0.007997334056125708,-1.4371398412753513,1766201913.6161082
0.21275444328784943,2.888162851333618,0.5036879777908325,-0.001100807643452967,-0.008122472564899844,-1.439784350958601,1766201913.626092
0.2132827639579773,2.886291742324829,0.5037225484848022,-0.0011318263489927837,-0.008126693605336808,-1.4414507906725869,1766201913.6261334
0.21537339687347412,2.8852756023406982,0.505095362663269,0.006065222659839436,-0.0025534901341062225,-1.453884970533696,1766201913.6359775
0.2158043533563614,2.8833179473876953,0.5052511096000671,0.00596888231355722,-0.0023458080374793846,-1.4557576447952705,1766201913.6460388
0.21444928646087646,2.8803634643554688,0.5040318965911865,-0.001589491500440319,-0.007833003879551414,-1.446124001985525,1766201913.6561165
0.21677376329898834,2.8792033195495605,0.5054237246513367,0.006006549944176158,-0.0019325116999247601,-1.4592955004916626,1766201913.666093
0.21733494102954865,2.8771438598632812,0.5054802894592285,0.00673868634668065,-0.0018835556373769892,-1.461497236957382,1766201913.66614
0.2158992886543274,2.873960494995117,0.5041874647140503,-0.001099066343726459,-0.00773196361770652,-1.4513306036121716,1766201913.6760871
0.2164999544620514,2.871591567993164,0.5041782259941101,-0.0013764932512255765,-0.007328782324493521,-1.4531944589215298,1766201913.6961217
0.2170017957687378,2.8692057132720947,0.5043854713439941,-0.0012241133945826458,-0.007141577021506421,-1.4550604137878125,1766201913.696162
0.21750172972679138,2.866783857345581,0.5044295787811279,-0.0012589124654752849,-0.007179154369225467,-1.4569499625216868,1766201913.7061858
0.21822166442871094,2.864523410797119,0.5040373802185059,-0.001768264755659757,-0.008420486587587971,-1.4592354212415801,1766201913.7161033
0.21884344518184662,2.8618242740631104,0.5040377974510193,-0.0018421127054517074,-0.008832841081742336,-1.4614422972608565,1766201913.7161427
0.2206823229789734,2.8601150512695312,0.5057095289230347,0.004682099562477687,-0.0020477928025422272,-1.4728438913621353,1766201913.7261117
0.22141189873218536,2.857215404510498,0.505865216255188,0.005454812039640565,-0.0013112431682289524,-1.475337766476726,1766201913.7361076
0.22059395909309387,2.8541595935821533,0.5053623914718628,0.0012576641696990663,-0.00510538286636662,-1.4682987040914892,1766201913.7461402
0.21994411945343018,2.8513236045837402,0.5045884847640991,-0.005419523078558158,-0.007602422521505669,-1.4638579536197598,1766201913.7561102
0.22084790468215942,2.8488683700561523,0.504643976688385,-0.0008117280877555397,-0.008062675722203174,-1.4689686528525367,1766201913.766117
0.22164633870124817,2.845611810684204,0.5041763186454773,-0.0040260734814153735,-0.008619447336110858,-1.4699356955312417,1766201913.776114
0.22226747870445251,2.842494487762451,0.5041765570640564,-0.004752108221118522,-0.008918526213374151,-1.4707446630514076,1766201913.7761538
0.22260597348213196,2.8396923542022705,0.5043658018112183,-0.004627330798168337,-0.008888116550019386,-1.472122618856082,1766201913.7861018
0.22287791967391968,2.8363397121429443,0.5047016143798828,-0.006955689522984957,-0.008625028772140135,-1.4719744955698744,1766201913.796036
0.22389185428619385,2.832735300064087,0.5044513940811157,-0.002680415321465553,-0.009569912012621234,-1.4769850524421422,1766201913.8060987
0.2248506098985672,2.8301305770874023,0.5046865940093994,-0.0008658629770680224,-0.00821629111821076,-1.4791445518627755,1766201913.8160608
0.22475528717041016,2.8271517753601074,0.5055660009384155,0.00299009061569475,-0.0072445084045008,-1.4802732839055308,1766201913.8161104
0.2262454777956009,2.8231217861175537,0.5043631196022034,-0.002004647048475678,-0.00842638821707459,-1.4818182470382382,1766201913.8261108
0.22671732306480408,2.8197929859161377,0.5045740008354187,-0.0018149070773965839,-0.00840340249470723,-1.4827218298091722,1766201913.8361034
0.22693577408790588,2.815957546234131,0.5045173764228821,-0.003796364688081984,-0.008515190583218365,-1.4818789970271393,1766201913.846026
0.22753389179706573,2.812575340270996,0.5044373273849487,-0.0038399164372310674,-0.008559814225480711,-1.4828622113900016,1766201913.8561075
0.22827592492103577,2.8091163635253906,0.5044624209403992,-0.002599556888642744,-0.008426081270879085,-1.4858260204388303,1766201913.8661199
0.22884756326675415,2.8053271770477295,0.5045202374458313,-0.002549746019419979,-0.008621618295760844,-1.487149285852931,1766201913.866171
0.22879523038864136,2.8018531799316406,0.5054365396499634,0.0004982853336156378,-0.007457170191245849,-1.488275533749155,1766201913.876074
0.2297152578830719,2.7976653575897217,0.5044320821762085,-0.003937937848915446,-0.00894757304967862,-1.4874390595737568,1766201913.8861012
0.23060092329978943,2.7941389083862305,0.5045333504676819,-0.002736097491409631,-0.00865029468071844,-1.4898163312553483,1766201913.8960812
0.23122753202915192,2.790332555770874,0.5046030282974243,-0.0027293108799902317,-0.008519747925126418,-1.4903768183241575,1766201913.9060688
0.23178347945213318,2.786369800567627,0.5046437382698059,-0.0029478787897207217,-0.008858400838728474,-1.4916417546483445,1766201913.9161108
0.2323756217956543,2.7823047637939453,0.5046157240867615,-0.002677518112917542,-0.008808808586750858,-1.4925823070712425,1766201913.91616
0.23263737559318542,2.7780370712280273,0.5046140551567078,-0.004470041299545058,-0.009225466312496246,-1.4912418221175412,1766201913.926108
0.23329178988933563,2.7737877368927,0.5046570897102356,-0.0040637964780201145,-0.00937460478204995,-1.4923999774460033,1766201913.9361007
0.2340112328529358,2.7699313163757324,0.5046517252922058,-0.0036449163184909747,-0.008767273638710268,-1.4939023186751705,1766201913.9460719
0.23453232645988464,2.7655649185180664,0.5048421025276184,-0.002721196924880611,-0.008924840616179186,-1.4956866731257568,1766201913.9560435
0.23463991284370422,2.760939359664917,0.5047592520713806,-0.00403094670277471,-0.009036131512504018,-1.4950212767504887,1766201913.9660044
0.2355515956878662,2.7567169666290283,0.5048778057098389,-0.0027885141684128997,-0.008914478960187275,-1.497313468958187,1766201913.9660437
0.2360798418521881,2.7524216175079346,0.5049124956130981,-0.0032159598246331673,-0.008536532761439883,-1.497406260574137,1766201913.9760137
0.23619051277637482,2.7475781440734863,0.5048465728759766,-0.004467005278081337,-0.008936302354379198,-1.4975390576557626,1766201913.986116
0.2371273785829544,2.7435789108276367,0.5048414468765259,-0.002909101158184039,-0.00786968325169012,-1.4994055545252611,1766201913.9960887
0.23770056664943695,2.738713026046753,0.5049225687980652,-0.0027367585810665162,-0.00824709997971121,-1.5010964890531342,1766201914.0060267
0.2382676899433136,2.7341225147247314,0.50503009557724,-0.0028686746802371174,-0.00806509854754512,-1.5018566776008337,1766201914.016086
0.23883487284183502,2.72931170463562,0.505134105682373,-0.0031089769537924715,-0.007697104841756792,-1.5018973976591317,1766201914.0161903
0.2394149899482727,2.724350929260254,0.5051077604293823,-0.0032925949293696466,-0.0075529683768926015,-1.5034814890262784,1766201914.0261028
0.238833487033844,2.7188823223114014,0.5068960785865784,0.001398222676378288,-0.0043576135280011,-1.5033363623927576,1766201914.036053
0.24046136438846588,2.714449167251587,0.5054275393486023,-0.0023901391415978345,-0.0077292985911245485,-1.505456091658284,1766201914.0461042
0.24109536409378052,2.709683418273926,0.5053533315658569,-0.002522625442073444,-0.0069573561177608744,-1.5066590529435524,1766201914.056085
0.24297067523002625,2.705138921737671,0.505908727645874,0.0035815153471180573,-0.003968099169124206,-1.5153255592805983,1766201914.066053
0.24246332049369812,2.699605941772461,0.5055110454559326,-0.0009814641363513354,-0.00660283519718143,-1.5104510616709912,1766201914.0661035
0.2450435757637024,2.694732189178467,0.5061087012290955,0.005764830223405499,-0.004035998027459413,-1.5197508863325648,1766201914.0759923
0.24560658633708954,2.689629077911377,0.505846381187439,0.005922149955144484,-0.004727699824063066,-1.521447378490449,1766201914.08605
0.2462647259235382,2.679786443710327,0.5075872540473938,0.010402645238877389,-0.013011690468524992,-1.5340312131803244,1766201914.0960631
0.2463548481464386,2.6773784160614014,0.506769061088562,0.0036354346508409596,-0.009298915254055774,-1.5212017822516573,1766201914.1061187
0.2450384646654129,2.6732704639434814,0.5057584047317505,-0.0025800247285130556,-0.006838886756999135,-1.5132486539892065,1766201914.1160593
0.2457842379808426,2.6686458587646484,0.5057666301727295,0.00010724109933376186,-0.004951239419430749,-1.5180487604219859,1766201914.11611
0.24619784951210022,2.662508487701416,0.5058432221412659,-0.0028640890846837767,-0.006380208479536231,-1.514554612654742,1766201914.1260889
0.2517533004283905,2.6490867137908936,0.5095279812812805,0.025054691991288004,-0.020282416448475938,-1.560154341984855,1766201914.1360946
0.24757356941699982,2.651740312576294,0.5060487985610962,-0.0014522822693774598,-0.005163945758075966,-1.5177970619617625,1766201914.1460664
0.2478533685207367,2.6455037593841553,0.5061894655227661,-0.0030442687177989385,-0.006262714211005398,-1.5169967274478982,1766201914.1560802
0.2496141940355301,2.6397528648376465,0.5065330266952515,0.0015551712344883087,-0.005598297619347609,-1.523123747174049,1766201914.1660268
0.2490774393081665,2.6341285705566406,0.506235659122467,-0.0033824136666280942,-0.006412064297602028,-1.517632716733487,1766201914.1660767
0.251187801361084,2.6287386417388916,0.5065736770629883,0.0027472727049619263,-0.003661053391659684,-1.525021293649757,1766201914.1759942
0.25044775009155273,2.6226820945739746,0.5063202381134033,-0.002312625697477505,-0.005606844081046909,-1.5196119355556372,1766201914.1860435
0.25171566009521484,2.617601156234741,0.5067041516304016,0.0014050939348453488,-0.002917948160457089,-1.5247068284159104,1766201914.1960378
0.2507556676864624,2.611102819442749,0.5066470503807068,-0.005911906518433193,-0.005154693508525135,-1.5163898689320614,1766201914.206056
0.25436702370643616,2.6053237915039062,0.5068072080612183,0.005730728365993748,-0.002996804936111128,-1.5297344293853683,1766201914.2160625
0.25258591771125793,2.598740577697754,0.5064331293106079,-0.0025223395384750004,-0.0053492245689648315,-1.5206060847856104,1766201914.2161148
0.2523641586303711,2.5927505493164062,0.5066696405410767,-0.004986434207999023,-0.005465917548524622,-1.5185623661859542,1766201914.2261107
0.25296804308891296,2.5864827632904053,0.5067169070243835,-0.005311302466716588,-0.004923324286008698,-1.517956312640818,1766201914.2360551
0.25407880544662476,2.5805106163024902,0.5066611766815186,-0.0035815053122926844,-0.004342308639418787,-1.519429383724199,1766201914.2461128
0.25459766387939453,2.573871612548828,0.5069907903671265,-0.0030071834637616754,-0.004435388591391715,-1.5203620050460116,1766201914.256054
0.2575124502182007,2.568060874938965,0.5070006847381592,0.005687963610579873,-0.0024069216028567517,-1.5305043273191425,1766201914.2660294
0.25613945722579956,2.5609896183013916,0.5067864656448364,-0.001834942405465238,-0.004807941408861169,-1.5219209940478073,1766201914.2660673
0.25522810220718384,2.5573203563690186,0.5059027075767517,-0.006467935062480033,0.0017467792656651916,-1.5172682838925953,1766201914.2760544
0.25696516036987305,2.547741413116455,0.5069743394851685,-0.0025821828799902132,-0.00555288720478368,-1.521151449240985,1766201914.2861166
0.2581256330013275,2.5411927700042725,0.5071079134941101,-0.0003767381331257781,-0.004771873817481839,-1.5239138440265998,1766201914.296084
0.2579704523086548,2.534914970397949,0.5069902539253235,-0.00271087283840851,-0.0046698349755496475,-1.5207207052997243,1766201914.3061204
0.25870925188064575,2.5281596183776855,0.5069125890731812,-0.0018691913188760194,-0.003908216063109658,-1.5221728162585928,1766201914.3160295
0.2596413791179657,2.521190881729126,0.5073052644729614,-0.0005541697889465311,-0.004176530845422015,-1.5232365479515422,1766201914.3160572
0.2595587968826294,2.51448655128479,0.5070093274116516,-0.003044213576519812,-0.004110389958702226,-1.5199856044534579,1766201914.3260686
0.2600348889827728,2.5076003074645996,0.5070550441741943,-0.0017857134510618875,-0.003463813506964945,-1.5226258502169328,1766201914.3360527
0.2607443630695343,2.5003104209899902,0.5072819590568542,-0.0017584569466609632,-0.00383576282293715,-1.5219077481968684,1766201914.346029
0.26240015029907227,2.493241786956787,0.5074388980865479,0.0017189365329383448,-0.002643416413119023,-1.52586984938735,1766201914.3561146
0.26492732763290405,2.4871914386749268,0.5068560838699341,0.009402785892179927,-0.002465523560464052,-1.5343033405518174,1766201914.3660643
0.2625066936016083,2.4793472290039062,0.5072083473205566,-0.0029606489790614545,-0.0026156111055570474,-1.5198931953888337,1766201914.3661137
0.2634725272655487,2.471633195877075,0.5076866149902344,-0.0021223351283240423,-0.002702340851117654,-1.521599512969154,1766201914.3760633
0.2639736533164978,2.464414596557617,0.5078479647636414,-0.0017706850847324768,-0.0026263956782727003,-1.5219487307333295,1766201914.386041
0.2671108543872833,2.4579477310180664,0.5072228312492371,0.009346648747126254,-0.001995425328193566,-1.5340223626803613,1766201914.395987
0.26516014337539673,2.4496707916259766,0.507632851600647,-0.0015168287362377511,-0.0024798705024188846,-1.5225792956342228,1766201914.406021
0.2695865035057068,2.4375622272491455,0.5101301670074463,0.026461512110923,-0.015702806233114677,-1.5693709721933655,1766201914.4160273
0.2667923867702484,2.4358062744140625,0.5078882575035095,0.0033297060070136947,-0.0016241382725494633,-1.5349804960065931,1766201914.4160511
0.2665491998195648,2.4273922443389893,0.5075019001960754,-0.0038838445704294546,-0.0020130293078121906,-1.518992750268415,1766201914.4260924
0.27021700143814087,2.4207265377044678,0.5073053240776062,0.009290254838890715,-0.00145216739149142,-1.5333316663728467,1766201914.4360874
0.26862820982933044,2.4119768142700195,0.508187472820282,-0.0011115533117911538,-0.0018966162395811575,-1.5231568775649447,1766201914.4461071
0.26905834674835205,2.4041664600372314,0.5079832673072815,-0.002531526361290015,-0.0021365231403304907,-1.5211467173716622,1766201914.4560628
0.27061790227890015,2.3956265449523926,0.5085943341255188,0.002197201722465519,-0.004641784535426312,-1.5288638721014745,1766201914.4661021
0.2706124186515808,2.3898768424987793,0.5080601572990417,0.0028360250168220705,-0.00067127308631792,-1.5351780670211448,1766201914.4661527
0.2738089859485626,2.3823094367980957,0.5071138739585876,0.00946960410092348,0.00048364944781954675,-1.5342535647593327,1766201914.4760985
0.2744905948638916,2.3741402626037598,0.5072451233863831,0.00962441786360835,0.0005217435455089237,-1.5342683367101964,1766201914.4860928
0.27272891998291016,2.364954948425293,0.5084558725357056,-0.0015680768694316563,-0.0008333778369358656,-1.523221371502147,1766201914.4960809
0.2738240361213684,2.356858968734741,0.5084391236305237,-0.00023367421144149312,-0.0008367621576050916,-1.5251361786660267,1766201914.5060897
0.2779724597930908,2.345381021499634,0.5106524229049683,0.02699114376275778,-0.01162102413996416,-1.5718995537071152,1766201914.516111
0.27809441089630127,2.332807779312134,0.5116977095603943,0.034287611397497204,-0.02107959449867405,-1.5907099913317366,1766201914.51616
0.27972814440727234,2.325706958770752,0.511516273021698,0.026544450393677893,-0.018341789174009606,-1.5684521361893629,1766201914.5261211
0.280789315700531,2.320331573486328,0.509584903717041,0.028375782751782097,-0.011949916088045404,-1.5677416043654515,1766201914.536075
0.2799023389816284,2.3128082752227783,0.5105027556419373,0.023450325868132962,-0.011480532616237807,-1.5663673134614184,1766201914.5461397
0.2864338159561157,2.3269803524017334,0.5000510215759277,0.07710192532769226,0.04073802302793639,-1.673798352370211,1766201914.5560496
0.2894689440727234,2.325901508331299,0.4974939227104187,0.09023033488184648,0.05870429660264726,-1.7053333004890165,1766201914.5660553
0.2823679447174072,2.2859408855438232,0.5111725926399231,0.02355925047944897,-0.015269270532910176,-1.5654441318091048,1766201914.566106
0.2898450493812561,2.3078408241271973,0.49838846921920776,0.08429233330772382,0.055062369378155326,-1.6943174140614234,1766201914.576015
0.2822553217411041,2.276001214981079,0.5077772736549377,0.009025938672984688,0.0010672370975155008,-1.5391370733013903,1766201914.5861185
0.2845885157585144,2.2600183486938477,0.511543333530426,0.025684940109865693,-0.01705061023398706,-1.57025177738247,1766201914.596103
0.2854190170764923,2.2519371509552,0.5114796161651611,0.025401640246250363,-0.016266293226197895,-1.5706450702985857,1766201914.6061056
0.2858828902244568,2.2438440322875977,0.5115119218826294,0.02465772657481674,-0.015372347652326123,-1.5703299895338731,1766201914.6161149
0.29167893528938293,2.2598509788513184,0.5010619163513184,0.07194193823744534,0.04050753302385347,-1.6709144740391118,1766201914.6161768
0.2876611649990082,2.226469039916992,0.5117152333259583,0.026294146456972887,-0.016526000332916714,-1.5743022234204074,1766201914.626048
0.2831328511238098,2.2248294353485107,0.5085180997848511,-0.006002484008293172,0.0010093307785673305,-1.5265257492750977,1766201914.6361046
0.28528860211372375,2.214897871017456,0.5089080929756165,0.0010091722255462115,-0.002119904503457338,-1.5382658226055328,1766201914.6460981
0.28908488154411316,2.2044074535369873,0.5113090872764587,0.02289558252794028,-0.009911199770441873,-1.5754389129795825,1766201914.6561072
0.2900907099246979,2.1927287578582764,0.5118248462677002,0.023200162163638086,-0.015464404894576133,-1.5730804079084266,1766201914.666082
0.2869132459163666,2.1904091835021973,0.5083115100860596,-0.001789608323459878,0.00040208583441100085,-1.5343522127243134,1766201914.6661327
0.287728488445282,2.1800360679626465,0.5087226629257202,0.001290714808784806,-0.0031554632436095486,-1.5405207223173372,1766201914.676082
0.2971949577331543,2.191697835922241,0.5008171200752258,0.07328370806476209,0.041191231266647685,-1.6778372283098273,1766201914.6860561
0.29252442717552185,2.1591691970825195,0.5112835764884949,0.020998690289743795,-0.01321204795386694,-1.5700943260185733,1766201914.6961274
0.29769623279571533,2.173642158508301,0.5012393593788147,0.0689137524009869,0.039189482379130135,-1.6691138283691045,1766201914.7061052
0.3016345202922821,2.1727964878082275,0.49843013286590576,0.08679907031313816,0.05831924025237041,-1.7083188785536745,1766201914.7160766
0.3001323938369751,2.1556975841522217,0.5015355944633484,0.074322958653226,0.03770999720704294,-1.6774220680487055,1766201914.7161272
0.2991553246974945,2.14284348487854,0.5034250617027283,0.06211686312935779,0.027139345907275396,-1.6522058067628222,1766201914.7260778
0.3013794720172882,2.144441843032837,0.4998103976249695,0.07606284089375265,0.050495771969956874,-1.686972038330099,1766201914.7360115
0.30186957120895386,2.1358604431152344,0.49957603216171265,0.07834703692661621,0.05067352298217039,-1.6905942977301787,1766201914.7461042
0.30437201261520386,2.131941318511963,0.4979358911514282,0.08775708542148375,0.06269354564921321,-1.7117662343611941,1766201914.7560725
0.30173033475875854,2.109149217605591,0.5027127265930176,0.06652719480456924,0.029272100029153432,-1.6573374700309331,1766201914.7661302
0.29426199197769165,2.086183786392212,0.5087621808052063,-0.0008113347356767368,-0.0011164451790033484,-1.5331058397595967,1766201914.7661796
0.30466169118881226,2.1015827655792236,0.49955105781555176,0.0803706828515312,0.051909167844619485,-1.6907841225265472,1766201914.7760758
0.29456669092178345,2.066331624984741,0.5079647302627563,0.0006986956921285441,-0.006519152021870535,-1.5359992125772965,1766201914.7860546
0.29481151700019836,2.0634007453918457,0.5089552402496338,-0.0024103092754471636,0.0037289353033288395,-1.5300107021642668,1766201914.7960558
0.3061751127243042,2.079866886138916,0.49805113673210144,0.08900435466965087,0.0619322376346475,-1.7069587808533568,1766201914.8061078
0.306741327047348,2.0724737644195557,0.4975407123565674,0.08976693419718815,0.06428559104149943,-1.708779925813229,1766201914.8160734
0.30022504925727844,2.032097816467285,0.5118544101715088,0.021069962820373565,-0.010111959686082361,-1.565542505183919,1766201914.8261104
0.30119839310646057,2.0217440128326416,0.5117641687393188,0.024355787620877662,-0.013477977583262224,-1.5694509615123164,1766201914.82616
0.3070720136165619,2.035654306411743,0.5019545555114746,0.07130334594575741,0.037060569521952726,-1.6626668176459594,1766201914.8360581
0.29914599657058716,2.0099949836730957,0.5092114806175232,0.000836282392920987,-9.359688879679212e-05,-1.5304074121169582,1766201914.846012
0.30334416031837463,1.9962239265441895,0.5118048787117004,0.02550296874414054,-0.014033089421871066,-1.5686860439533297,1766201914.8561194
0.303783655166626,1.9880237579345703,0.5131814479827881,0.022057174273583835,-0.01047653954891648,-1.5661859286275672,1766201914.8660514
0.30473411083221436,1.9762253761291504,0.5135886669158936,0.015201541192393581,-0.021769378126742966,-1.5451725293234022,1766201914.8661
0.3057907223701477,1.9666986465454102,0.5140724182128906,0.016259254898721348,-0.023317419378462823,-1.5460598757624866,1766201914.8760128
0.30623796582221985,1.958365797996521,0.5140482187271118,0.016070424456463107,-0.023275071437302612,-1.5462012734960922,1766201914.8860917
0.3071644604206085,1.9488964080810547,0.5143417119979858,0.015967100974666963,-0.02554371897800145,-1.5444968285067007,1766201914.8960884
0.30833280086517334,1.9449021816253662,0.5119392275810242,0.02688902493254186,-0.014719644440029595,-1.566211440349054,1766201914.9061124
0.30816516280174255,1.9333672523498535,0.514009952545166,0.014872151661061693,-0.02215273406317957,-1.5436753799395635,1766201914.9160936
0.30627766251564026,1.930450677871704,0.5112130045890808,0.008754809128819851,-0.009653322890834991,-1.5424000371927262,1766201914.9261274
0.3055800795555115,1.925439715385437,0.5093480944633484,0.000182064061552359,-0.000410934267856751,-1.5298530693777952,1766201914.9261672
0.31054627895355225,1.907982587814331,0.5140872597694397,0.017432456352727804,-0.024007115358645744,-1.5481019150810782,1766201914.9360938
0.3108254373073578,1.8995695114135742,0.5141206979751587,0.01590395365355618,-0.022982792396591775,-1.546678470066181,1766201914.9461162
0.31203630566596985,1.8903037309646606,0.5144852995872498,0.018625525122217098,-0.025839124097063338,-1.5503154343002736,1766201914.956097
0.31218644976615906,1.8860362768173218,0.5150209069252014,0.02374280523406987,-0.005550656745841315,-1.5721884311219783,1766201914.9661303
0.3128505349159241,1.8749423027038574,0.5140843987464905,0.015685873463820783,-0.02242702323145493,-1.5471265406033594,1766201914.9661784
0.3138919472694397,1.8669143915176392,0.5130899548530579,0.017262867372554624,-0.020391898783935773,-1.5491104171574952,1766201914.976045
0.3142370581626892,1.857782244682312,0.514268159866333,0.014676282694576643,-0.023491067117247088,-1.5459752036492949,1766201914.9860604
0.3142804801464081,1.8538609743118286,0.5122499465942383,0.024229105985996348,-0.014339993375896237,-1.5737522822787444,1766201914.9961107
0.3116356134414673,1.850477695465088,0.5099846720695496,0.0014082671291305085,-0.0013042356098587763,-1.535889860315475,1766201915.0061266
0.3130236268043518,1.8426580429077148,0.5096667408943176,0.002876171508921142,-0.0017369956800014593,-1.5405055044600793,1766201915.0161004
0.3137606680393219,1.832616925239563,0.510829508304596,0.0014981435541446778,-0.0052219903077258675,-1.5328665872441343,1766201915.0260968
0.31644001603126526,1.8218169212341309,0.5121464133262634,0.019410551659297205,-0.012758034532318227,-1.5694814992170623,1766201915.0261366
0.31815043091773987,1.807396650314331,0.5145834684371948,0.014253231794536917,-0.02535794877038624,-1.5477819378914681,1766201915.0360534
0.3181189298629761,1.8051031827926636,0.5123551487922668,0.02109862283803794,-0.013487401875293013,-1.5716864450529706,1766201915.0461085
0.31937116384506226,1.7903250455856323,0.5148482918739319,0.013679526071670427,-0.026786318792836303,-1.5483361506494937,1766201915.0560994
0.3156135678291321,1.792517066001892,0.5107010006904602,0.0005432861153075529,-0.0017018086339520289,-1.5405927779539201,1766201915.0660636
0.3258245289325714,1.8081378936767578,0.5006009936332703,0.07633713623623552,0.05057705718034396,-1.690194877976902,1766201915.0661135
0.32684075832366943,1.7940634489059448,0.5029997229576111,0.06962808697651225,0.03800676278141874,-1.672617250156082,1766201915.0761
0.3183814287185669,1.7672922611236572,0.5105720162391663,-0.00010762119895446525,-0.002104442172937759,-1.5411480086048774,1766201915.0861034
0.31810981035232544,1.7579278945922852,0.5111326575279236,-0.004225793792083108,-0.0047222532923563345,-1.5315339615832249,1766201915.096051
0.3226605951786041,1.745151162147522,0.5156033635139465,0.020092022100368572,-0.0032299086692895744,-1.5741983390806937,1766201915.1061022
0.32310426235198975,1.7383787631988525,0.5124058723449707,0.018512838951327885,-0.01067104433834738,-1.570273067563502,1766201915.1160984
0.3246602714061737,1.7246078252792358,0.5151079297065735,0.015312525649270518,-0.022899338305835727,-1.5546473853484044,1766201915.1260915
0.3248908221721649,1.713930606842041,0.5152758359909058,0.012332121622640005,-0.026802710299992566,-1.5452545936183624,1766201915.1261637
0.32528311014175415,1.7106928825378418,0.5132404565811157,0.019122273118051016,-0.015609085631801042,-1.5656327227247524,1766201915.1360915
0.32496827840805054,1.703667402267456,0.5141181945800781,0.017543192189428073,-0.006941693289681712,-1.5663248779148584,1766201915.1460578
0.32612308859825134,1.6901192665100098,0.5145376920700073,0.01288008704941883,-0.021696053962873767,-1.5454383740327358,1766201915.156043
0.3269307017326355,1.6808099746704102,0.5152228474617004,0.012464358492181225,-0.02377890409594781,-1.5435262795572497,1766201915.1660447
0.32658863067626953,1.6779156923294067,0.5129187703132629,0.019389387792731513,-0.01170255014597075,-1.5641777296620427,1766201915.1660676
0.32781097292900085,1.6641942262649536,0.5152474045753479,0.013322795846021597,-0.022786019661069714,-1.5447092621386629,1766201915.1760404
0.32875606417655945,1.6544888019561768,0.515630841255188,0.016293149473199462,-0.02465784062772728,-1.547640064679483,1766201915.1860905
0.3285466432571411,1.6502944231033325,0.513982355594635,0.022490537942572702,-0.011191690708430891,-1.564234459926502,1766201915.19612
0.32966893911361694,1.636939287185669,0.5157424807548523,0.016206250071749893,-0.023724386425280002,-1.545330612429812,1766201915.20606
0.32858940958976746,1.633224606513977,0.514976441860199,0.017578582328576956,-0.005190070696498969,-1.5576747065086642,1766201915.216098
0.3301165699958801,1.6217126846313477,0.5150001049041748,0.01286267875555797,-0.018562559688207417,-1.5394547624855723,1766201915.2161481
0.3309415578842163,1.612735390663147,0.5152472853660583,0.014577087340872047,-0.018778369854836673,-1.5410992058962247,1766201915.225986
0.3284578323364258,1.6091363430023193,0.511182963848114,0.0011444291568705137,-0.006042328312196766,-1.5222662387805734,1766201915.2361205
0.3321820795536041,1.5950592756271362,0.515592098236084,0.014567371336316226,-0.020046512228709127,-1.541233369600363,1766201915.2461412
0.33129024505615234,1.5928997993469238,0.5119120478630066,0.005944099246414599,-0.003290165213605753,-1.5271709651012348,1766201915.2561202
0.33137768507003784,1.583621621131897,0.5116488337516785,0.003062889824635891,-0.005102184953169597,-1.5249695268179397,1766201915.2661004
0.3323627710342407,1.5755642652511597,0.5121925473213196,0.005891362208146158,-0.004617124766867539,-1.5265264366996052,1766201915.2661495
0.3319244980812073,1.566950798034668,0.5121307373046875,0.0032217907914581156,-0.004571191319173,-1.5273559761877324,1766201915.276119
0.3337450623512268,1.5585078001022339,0.5125164985656738,0.005101688855772774,-0.005032447831899992,-1.5261908003694815,1766201915.286052
0.3346598446369171,1.550028681755066,0.5122071504592896,0.00639143244765849,-0.004229613745540125,-1.5280192076059413,1766201915.2960565
0.33457839488983154,1.542256236076355,0.5114645957946777,0.0051972249151314796,-0.002192439029327199,-1.5323474139082185,1766201915.3060858
0.33511555194854736,1.533642053604126,0.5116793513298035,0.004494332975092449,-0.0025653310741864635,-1.5325633377587988,1766201915.3160558
0.3365003764629364,1.5252336263656616,0.5116003155708313,0.006349095570359629,-0.002110120630355043,-1.5325533970187954,1766201915.3161063
0.3368341326713562,1.5160419940948486,0.5126847624778748,0.004978897825595352,-0.003838037776264561,-1.5293278459917194,1766201915.3259895
0.3384963870048523,1.5086009502410889,0.511897623538971,0.008573051603416168,-0.0015897697481445504,-1.5349406562820533,1766201915.336082
0.33834582567214966,1.5000584125518799,0.5118519067764282,0.0062151258317316715,-0.0020580220731605306,-1.5351569700936394,1766201915.3461106
0.3386960029602051,1.4921215772628784,0.5120639204978943,0.005946180700828419,-0.0015931013740567912,-1.5385004362758399,1766201915.3560853
0.33976083993911743,1.483425498008728,0.511901319026947,0.0065738136564583265,-0.0017697509499584453,-1.5376082682539993,1766201915.366094
0.34045395255088806,1.4748799800872803,0.5118066668510437,0.007066864638985074,-0.0021631167807118087,-1.5381032487756965,1766201915.3661437
0.3412429690361023,1.4667696952819824,0.5119772553443909,0.008940913668437217,-0.0016961661844900897,-1.539933085768248,1766201915.3759995
0.34145116806030273,1.4584506750106812,0.51206374168396,0.006755540349298412,-0.00202648057185633,-1.5407107693201685,1766201915.3859863
0.34229445457458496,1.4501513242721558,0.5120356678962708,0.0073705346059723615,-0.0026826848680918027,-1.5410795618371844,1766201915.3960245
0.3428440988063812,1.441663384437561,0.5121317505836487,0.007255226337369135,-0.002679620279769104,-1.5412413489087131,1766201915.4061115
0.34332984685897827,1.4333187341690063,0.5121968984603882,0.0070947104418183785,-0.0027797299433580556,-1.5417491709526083,1766201915.4159741
0.34192121028900146,1.4269465208053589,0.5125466585159302,0.00158170716720993,0.001529099204320343,-1.5349391895091584,1766201915.4160066
0.34525901079177856,1.4161332845687866,0.5130900740623474,0.007841134491016939,-0.005029282763268437,-1.539292772180255,1766201915.436046
0.34545767307281494,1.4075002670288086,0.5129119753837585,0.005290592497957304,-0.005256919208704837,-1.538850549608999,1766201915.4360704
0.34611034393310547,1.3991496562957764,0.5128704309463501,0.00590949923628267,-0.005077442083276336,-1.5391749368851624,1766201915.4460738
0.34642234444618225,1.3906793594360352,0.5130592584609985,0.005615930002224539,-0.005202968413909731,-1.538840537127498,1766201915.456051
0.3473626971244812,1.382438063621521,0.5130249261856079,0.005739040521398724,-0.004645758396906365,-1.5397458028265882,1766201915.4661129
0.347999632358551,1.3740129470825195,0.513111412525177,0.005869541734813235,-0.00456804092105294,-1.5392020235911554,1766201915.4661636
0.34838181734085083,1.3655437231063843,0.5133602619171143,0.005681483074518936,-0.004163179210058951,-1.5382410770576118,1766201915.4761093
0.3487222492694855,1.3545634746551514,0.513968288898468,0.0017137950474664715,-0.009598120900725302,-1.530354080297956,1766201915.486094
0.34927061200141907,1.3471254110336304,0.5137096643447876,0.003949052690525985,-0.007707212756985247,-1.5336309854685806,1766201915.4961045
0.34985971450805664,1.3401312828063965,0.5128934383392334,0.0067381443275648725,-0.004133031287480057,-1.5380445824772409,1766201915.5061326
0.3501485288143158,1.331282615661621,0.5134852528572083,0.006225843899107726,-0.004792282335047488,-1.53553484492803,1766201915.5160506
0.3499448299407959,1.3226487636566162,0.5133886933326721,0.005528500975163025,-0.004526739083499858,-1.535242134147135,1766201915.5160654
0.3508886694908142,1.3140262365341187,0.5133855938911438,0.006894778249760872,-0.005107276942108142,-1.53478722698202,1766201915.526128
0.3515901565551758,1.3055869340896606,0.5136469602584839,0.007085402684181733,-0.005054890954980774,-1.5336394859751548,1766201915.5361109
0.3519236445426941,1.2966865301132202,0.5133153796195984,0.00744819335170164,-0.005104631743425654,-1.5324433672702584,1766201915.546138
0.3519324064254761,1.2878774404525757,0.513264000415802,0.00758682457872867,-0.005467215511729516,-1.5314442166036353,1766201915.5560832
0.352819561958313,1.279380202293396,0.5134916305541992,0.007866928779478168,-0.004878827603993924,-1.5311486850416962,1766201915.5660646
0.3533760905265808,1.2715744972229004,0.512964129447937,0.009311603795516564,-0.0026909555183961607,-1.5342296662716675,1766201915.566115
0.3538828194141388,1.2628648281097412,0.5130860805511475,0.009054032698021085,-0.002936210254624387,-1.5321649450967905,1766201915.5760465
0.35470712184906006,1.2533230781555176,0.513394832611084,0.008597925516855755,-0.004024233730740616,-1.5283509726840425,1766201915.5860775
0.35469213128089905,1.2460851669311523,0.5138190388679504,0.00780694450381725,-0.002222813197349208,-1.5325115165881988,1766201915.5960531
0.3554202914237976,1.2365097999572754,0.5133164525032043,0.008869680210667348,-0.0026181140552847,-1.5293402009317933,1766201915.606038
0.35614830255508423,1.2280080318450928,0.5134795308113098,0.008801231322014432,-0.0024969209917206194,-1.528248661760529,1766201915.6160676
0.3569316267967224,1.2192981243133545,0.5134899616241455,0.009205198442994184,-0.0028411199188215328,-1.527280160775287,1766201915.6161184
0.3571704626083374,1.2111259698867798,0.5135886073112488,0.008954792776062492,-0.0025879312679813636,-1.528596616030065,1766201915.626038
0.35805946588516235,1.2023645639419556,0.5135663747787476,0.008853634551777022,-0.0030635352701812615,-1.5268212407223076,1766201915.636047
0.3584659695625305,1.1933045387268066,0.5140538811683655,0.00649951982875074,-0.003803983497480894,-1.5236323843516397,1766201915.6461275
0.35914456844329834,1.1849385499954224,0.5139758586883545,0.006293021305204966,-0.004310678973370211,-1.5231914973219056,1766201915.6560585
0.3598305583000183,1.1764869689941406,0.5143805146217346,0.005923667246977919,-0.005037791257337525,-1.5231316263286903,1766201915.6660855
0.36059364676475525,1.1683958768844604,0.5141050219535828,0.006373573775707684,-0.004696756053372191,-1.5242280456970283,1766201915.6661804
0.3612576127052307,1.1600611209869385,0.5139537453651428,0.006937566374399138,-0.003951467866843004,-1.5241981952825159,1766201915.6760433
0.3621693253517151,1.152313470840454,0.5142625570297241,0.0058679233775394005,-0.005377722838284925,-1.5257941009485827,1766201915.6860464
0.3624265491962433,1.1438673734664917,0.514298141002655,0.005153104509185524,-0.005881897662372665,-1.5258380120060386,1766201915.6961126
0.3633650839328766,1.1358360052108765,0.5141034126281738,0.005993581986533863,-0.005211285245594499,-1.5267729291044636,1766201915.7061296
0.3642895817756653,1.1279476881027222,0.514172375202179,0.0064682071949511795,-0.0052704007153884635,-1.5280623056538856,1766201915.7160766
0.36479297280311584,1.1194918155670166,0.5145478844642639,0.005505715903461786,-0.006105498473975789,-1.5277627653052253,1766201915.716128
0.365246444940567,1.1112334728240967,0.5144712924957275,0.006668191113392125,-0.0052323336746448205,-1.528022475841915,1766201915.7260852
0.3663136065006256,1.1029506921768188,0.5146252512931824,0.006180688159505367,-0.005780545371439015,-1.5274659992960893,1766201915.7360392
0.3668825626373291,1.095004916191101,0.5143521428108215,0.006390429302078699,-0.005999659881167558,-1.5296063089410934,1766201915.7460446
0.3676035702228546,1.0865731239318848,0.5147238969802856,0.006446836717737656,-0.00576023423242547,-1.5293035409835307,1766201915.7560625
0.36847561597824097,1.0786175727844238,0.515418529510498,0.0042826606881162885,-0.007730890761522792,-1.5302200088049316,1766201915.7661283
0.36938080191612244,1.070826530456543,0.5150282382965088,0.007051431886093799,-0.005710931129893649,-1.5336455618312759,1766201915.7761006
0.3694954812526703,1.0623011589050293,0.5151321887969971,0.006566285793446374,-0.006807097342085686,-1.5324598210380251,1766201915.7761536
0.3705192506313324,1.054123878479004,0.5157890319824219,0.005077542992081737,-0.007997172906447464,-1.5324940250738202,1766201915.7861035
0.37110063433647156,1.045900583267212,0.5158303380012512,0.005046197231385163,-0.008764375186649445,-1.5329509676276598,1766201915.7960145
0.3718436658382416,1.0382543802261353,0.5150713324546814,0.008153334572682785,-0.0071373474711198944,-1.5362427990016045,1766201915.8060837
0.3725934326648712,1.0301481485366821,0.5151106715202332,0.008263481243389565,-0.007770056887042691,-1.5367831363283364,1766201915.816108
0.3730652630329132,1.0208598375320435,0.5159111618995667,0.004957892076715977,-0.010397417805601624,-1.5328808817910078,1766201915.8161604
0.3745727241039276,1.0109517574310303,0.5179251432418823,-0.0019183738122282397,-0.012562266936912335,-1.527789302018636,1766201915.8260581
0.37448400259017944,1.0050463676452637,0.5150895714759827,0.008299553940473157,-0.008144391332773771,-1.5373334722002614,1766201915.8461044
0.3748010993003845,0.9954641461372375,0.5164042711257935,0.004282493984502682,-0.011995823573506571,-1.5319218658003504,1766201915.846156
0.3754832446575165,0.985504686832428,0.517341136932373,0.0006210578639752899,-0.015159114094549864,-1.5245301399808067,1766201915.8560758
0.37530267238616943,0.9785231351852417,0.5147129893302917,0.006585894857111612,-0.00914862200829499,-1.5327565169761659,1766201915.8661146
0.3765285611152649,0.9709306359291077,0.5161746740341187,0.004366127522036806,-0.009342445948880248,-1.5335433584168492,1766201915.8661664
0.3769223093986511,0.9620431661605835,0.515369176864624,0.005161624648054378,-0.009329463312391512,-1.5314959898035874,1766201915.8760138
0.37835443019866943,0.9543532729148865,0.5148240923881531,0.009105739689947372,-0.004982497736876382,-1.5379136312437798,1766201915.8861308
0.37903887033462524,0.9454282522201538,0.5160560607910156,0.00659514029288219,-0.007578704282413715,-1.534369656567534,1766201915.8961265
0.3787277638912201,0.935945987701416,0.5155283808708191,0.005055460577068392,-0.008702456757261707,-1.5299905255583095,1766201915.9061284
0.3797568678855896,0.9261086583137512,0.5166953802108765,0.0023542698841938488,-0.011884455640119475,-1.523343256646165,1766201915.9161267
0.3815574049949646,0.9173438549041748,0.5184205174446106,-0.001664336232488705,-0.010864602018252545,-1.523645511530153,1766201915.916179
0.3820522427558899,0.9073215126991272,0.5191062092781067,-0.0035923634456157673,-0.012352170516999446,-1.5182043158964098,1766201915.9260905
0.38251763582229614,0.8988697528839111,0.519176721572876,-0.003058848423362106,-0.013518725383310743,-1.518381303117422,1766201915.9360347
0.38250914216041565,0.8929447531700134,0.516045331954956,0.008220077891273964,-0.007871741545103107,-1.5283745006713885,1766201915.946106
0.3825284242630005,0.883996307849884,0.5158597230911255,0.007819974063374636,-0.007969748290493567,-1.5265380551661663,1766201915.9561262
0.3830546736717224,0.8727846741676331,0.5174382328987122,0.002589280708438577,-0.014267258217385335,-1.5155298729056486,1766201915.9660506
0.38353997468948364,0.8662001490592957,0.5162562131881714,0.007660457612622353,-0.007801826974395487,-1.5244039282519597,1766201915.9661026
0.3845899701118469,0.8578363656997681,0.5166441202163696,0.008109982952660405,-0.007255214008875303,-1.5242895606817755,1766201915.9759786
0.3848484754562378,0.8496837615966797,0.5159076452255249,0.010129914618180417,-0.005097446961132135,-1.5262275492814164,1766201915.9860823
0.38542529940605164,0.8402197360992432,0.5168296098709106,0.008196686671163364,-0.005429756777988251,-1.523696088545216,1766201915.9960468
0.3858591914176941,0.8297228813171387,0.5182142853736877,0.002930491328688661,-0.009437735463072808,-1.5148712091291832,1766201916.0061116
0.3867633640766144,0.8200821280479431,0.5189074873924255,9.272951507613341e-05,-0.012622360127228258,-1.5108654812358908,1766201916.0160658
0.3875708281993866,0.8139905333518982,0.5170865058898926,0.007539155470778142,-0.0068034306429100595,-1.52130696678652,1766201916.0161188
0.38833415508270264,0.8056173324584961,0.5171383023262024,0.007416896106545305,-0.006808110160984887,-1.5216511122752017,1766201916.0260584
0.3888274133205414,0.7970455884933472,0.5170286297798157,0.007310743969216232,-0.00715272645910602,-1.5211788667089934,1766201916.0360494
0.3897901773452759,0.788792073726654,0.5166063904762268,0.009105100327163404,-0.005317697719545807,-1.5248225897956216,1766201916.046117
0.39076489210128784,0.7798861265182495,0.5174914002418518,0.007336656571018394,-0.0076210830794540725,-1.5220494697224884,1766201916.0560927
0.39127758145332336,0.7726564407348633,0.5177139639854431,0.005468404323015285,-0.007328058632862704,-1.5266340653286348,1766201916.0661128
0.39210689067840576,0.7631856799125671,0.5169073939323425,0.007977334711332393,-0.005480416080544466,-1.5247408275648784,1766201916.0661533
0.3928048014640808,0.7544700503349304,0.5169879794120789,0.008226063358142266,-0.005589162164604723,-1.5254782662664073,1766201916.0761256
0.3937598466873169,0.746387779712677,0.5176601409912109,0.006287170517060836,-0.007604318558724043,-1.5248527166273849,1766201916.0861197
0.3945210874080658,0.7377786040306091,0.5172516703605652,0.00799475791143899,-0.00529479570414656,-1.527401910600174,1766201916.096102
0.3948058485984802,0.7290887236595154,0.5171175003051758,0.008135080914199622,-0.004999538160953696,-1.5266575122169155,1766201916.106101
0.3957948386669159,0.7209409475326538,0.5173216462135315,0.00792660882457643,-0.00474349601009292,-1.5282281356530205,1766201916.1161056
0.3964214026927948,0.7125599980354309,0.5176045894622803,0.00836226825848319,-0.004870420016343033,-1.5298816020195039,1766201916.1161563
0.3971000909805298,0.7046182155609131,0.5179256200790405,0.0076724990500553845,-0.005323250994411961,-1.530902199813088,1766201916.126045
0.398003488779068,0.6964027285575867,0.517484724521637,0.008692472520713026,-0.004899373729249999,-1.5313620026779555,1766201916.13608
0.398901104927063,0.688468337059021,0.5176846385002136,0.007486764946944485,-0.006419994291964594,-1.5326020955514092,1766201916.1460595
0.3990910053253174,0.6798743009567261,0.5182029008865356,0.006223312738385836,-0.007653125126190546,-1.5316503492927254,1766201916.156076
0.40014445781707764,0.6724386215209961,0.5183371305465698,0.007368702607279602,-0.006050683729896236,-1.535838349511434,1766201916.1661363
0.4007970988750458,0.6640642285346985,0.5184136033058167,0.007190478139719027,-0.0074976643763180716,-1.5348298916168273,1766201916.1661868
0.4012019634246826,0.6550567150115967,0.5184444785118103,0.0064024219237852715,-0.007563874085173849,-1.5332059324992913,1766201916.1761024
0.4020478129386902,0.6470196843147278,0.5185261964797974,0.008166424637402454,-0.0064815891834978595,-1.5350858636849813,1766201916.18607
0.4023948609828949,0.6385824680328369,0.5187456011772156,0.006647964760966784,-0.008072378381287581,-1.5338032143511389,1766201916.1961114
0.4028112590312958,0.6300140619277954,0.5186397433280945,0.00705582509816881,-0.007689189357658191,-1.533456072127868,1766201916.206105
0.4035116732120514,0.6229344010353088,0.5186433792114258,0.008529001356918005,-0.009282471314117373,-1.5369247047093628,1766201916.2160988
0.40398794412612915,0.6133175492286682,0.5186542868614197,0.007005982628595584,-0.008141049278026148,-1.534406334721306,1766201916.2161489
0.4048938751220703,0.6053866147994995,0.5190407633781433,0.0062012048854367926,-0.00913422302292424,-1.5337859308569881,1766201916.2261457
0.4055083394050598,0.5970913767814636,0.5192431807518005,0.005707893106116773,-0.009728094981080073,-1.5331524364767597,1766201916.2361166
0.4060039520263672,0.5884371995925903,0.5189923644065857,0.006215630318697406,-0.008946369217746953,-1.5331436637736233,1766201916.2461061
0.40681886672973633,0.5801318883895874,0.5192012190818787,0.0046844008213853304,-0.009807848845143947,-1.5320005598326187,1766201916.256124
0.4074511229991913,0.5717896223068237,0.5192966461181641,0.005119351677499759,-0.009674975705985843,-1.5310348723034917,1766201916.2661126
0.40800976753234863,0.5634050965309143,0.5194388031959534,0.005109224564718718,-0.00919537714735827,-1.5308903151276216,1766201916.2661629
0.40854644775390625,0.5557631254196167,0.5198628902435303,0.005828650726809941,-0.009302909708816521,-1.532805384453832,1766201916.2761214
0.4093616008758545,0.5471581816673279,0.5197353959083557,0.006674063979025346,-0.009232865752480333,-1.531974617974965,1766201916.2861333
0.40984025597572327,0.5380858182907104,0.5199307799339294,0.005448212204974071,-0.010357767218308656,-1.528780425464187,1766201916.296042
0.4106402099132538,0.5296556949615479,0.5199102163314819,0.006773483338919834,-0.008611078664352519,-1.5295376676966894,1766201916.306022
0.41072800755500793,0.5219594836235046,0.5209059715270996,0.005136819769692118,-0.00878452544303042,-1.532183764360949,1766201916.3161168
0.411783367395401,0.5133419632911682,0.5207968950271606,0.004442239326616654,-0.009412167116640719,-1.5308511499924526,1766201916.3161676
0.41225558519363403,0.5039044618606567,0.5201538801193237,0.00713166100801236,-0.008080530855270307,-1.5289513599226388,1766201916.3261049
0.41282030940055847,0.4943959414958954,0.5203889608383179,0.005895261300476731,-0.009990350397372767,-1.5241004502155076,1766201916.3361208
0.4138270616531372,0.48598235845565796,0.520365834236145,0.006776744441462975,-0.009067906136692838,-1.5236628066841766,1766201916.3461063
0.41355767846107483,0.47782450914382935,0.5209915041923523,0.005276998563177588,-0.013312399698683789,-1.5220607078006179,1766201916.356054
0.4145515561103821,0.468508780002594,0.5206785202026367,0.0050790874720695964,-0.01140370458089494,-1.519674865022742,1766201916.3661137
0.415435254573822,0.46072307229042053,0.5212173461914062,0.005827333578868388,-0.01045967797042976,-1.5219580341499153,1766201916.3661652
0.4158967137336731,0.451882004737854,0.5218548774719238,0.004973249815854988,-0.012994033811364233,-1.5195541051245114,1766201916.3760571
0.416452020406723,0.44488584995269775,0.5216484069824219,0.005791367631762899,-0.012608832127211747,-1.5257544956243452,1766201916.3861182
0.4170498549938202,0.43434634804725647,0.5215573310852051,0.00538758551989806,-0.012222901393841272,-1.518628602802343,1766201916.396098
0.417959988117218,0.42753198742866516,0.5219593644142151,0.0058273675238018855,-0.011296549392591407,-1.5254403663171041,1766201916.406093
0.4187729060649872,0.41694164276123047,0.5217164158821106,0.005521040913256701,-0.009756870792496753,-1.5191081521785699,1766201916.416119
0.41953450441360474,0.4071628153324127,0.5245044231414795,-0.001960560929355254,-0.018213017608841184,-1.5100733736077316,1766201916.4161704
0.419964998960495,0.40082716941833496,0.5216876864433289,0.00650950661946204,-0.010179664669481506,-1.521713528064101,1766201916.4260638
0.420894980430603,0.393964558839798,0.5221324563026428,0.005581714491903144,-0.011843048074652224,-1.5271024935478599,1766201916.4360542
0.4217471480369568,0.3829871416091919,0.5218406915664673,0.00496995504115012,-0.011557503393566234,-1.5191449746218753,1766201916.4461193
0.4227682948112488,0.3744373619556427,0.5224096179008484,0.003685753480173824,-0.013038004144701645,-1.5191428172996655,1766201916.4561212
0.4235527217388153,0.36548754572868347,0.5238350629806519,0.0005444737987066107,-0.017032900302950082,-1.5153290331597418,1766201916.4661157
0.4240107536315918,0.35773223638534546,0.5224183201789856,0.004060084365456561,-0.011183986064930797,-1.5212061403342543,1766201916.4761024
0.4250299632549286,0.34953388571739197,0.5224367380142212,0.00432002915213126,-0.010939309981551555,-1.522675359088079,1766201916.4761531
0.425672709941864,0.3410899341106415,0.5226425528526306,0.004263486154330417,-0.010889027937525405,-1.5238218583863092,1766201916.4861393
0.4267749488353729,0.3329266607761383,0.522873044013977,0.0039426164042673205,-0.01160914160758394,-1.524929725194644,1766201916.496097
0.4275454580783844,0.3237681984901428,0.5257404446601868,-0.0018724270476874719,-0.019491489590116935,-1.518000473634396,1766201916.5060844
0.42818763852119446,0.3172767758369446,0.5235477089881897,0.006396226222940715,-0.006229858161432156,-1.5344472240511398,1766201916.5161185
0.4289936125278473,0.3083503842353821,0.5228171944618225,0.004576069975536609,-0.011897203665124987,-1.5277796642975843,1766201916.5161688
0.42950233817100525,0.2997129559516907,0.5231155157089233,0.00439248434789374,-0.012342676964354857,-1.5276637362784613,1766201916.5259917
0.43049001693725586,0.2919713854789734,0.5235578417778015,0.006772106544234337,-0.008611593812976803,-1.5335252492852154,1766201916.536119
0.43090537190437317,0.2842552959918976,0.524225115776062,0.00668081368218625,-0.006076796241179437,-1.5383368430363993,1766201916.5461276
0.4317045509815216,0.27557775378227234,0.5236088037490845,0.006383584764221421,-0.009531796530560722,-1.5336948262439072,1766201916.556072
0.4323265552520752,0.2668580710887909,0.5232113599777222,0.005407230759289098,-0.012381765884325938,-1.5311706688667177,1766201916.5661206
0.4328930377960205,0.2586751878261566,0.5238128900527954,0.0046372047588814445,-0.014524579573419266,-1.5309860629845018,1766201916.5661714
0.43348440527915955,0.24944531917572021,0.525454044342041,0.0010042011402469882,-0.01910184378130619,-1.5242675318963206,1766201916.576046
0.4345761239528656,0.24171793460845947,0.5240939855575562,0.006455331962913612,-0.010952477355805613,-1.533523994873596,1766201916.5861294
0.4347934424877167,0.23369526863098145,0.5256384015083313,0.006175721117000817,-0.0069588275831326644,-1.5386183306861476,1766201916.5961194
0.43546414375305176,0.2250443994998932,0.5240864157676697,0.004855575711734477,-0.01279184161874111,-1.5316277240449319,1766201916.6061037
0.4359254240989685,0.21660634875297546,0.5242043137550354,0.004888920064067119,-0.01269082448152058,-1.5302595638315215,1766201916.616119
0.43651026487350464,0.20801274478435516,0.5244799852371216,0.00547987117793614,-0.01224323414852698,-1.5298505798271755,1766201916.6161692
0.43732282519340515,0.19984474778175354,0.5248873233795166,0.004352982080048372,-0.013100438066452069,-1.5294310084171774,1766201916.6260881
0.43784672021865845,0.19080492854118347,0.5248221158981323,0.004954485595634866,-0.011619535394999454,-1.5288660322896732,1766201916.6360424
0.43849217891693115,0.18211641907691956,0.5248165726661682,0.0049907986791214165,-0.010515429147431945,-1.5286406065217457,1766201916.646038
0.4385431110858917,0.17237308621406555,0.526462733745575,-0.000415209270769358,-0.01607999024239975,-1.5205246884006804,1766201916.6560655
0.43952611088752747,0.16503062844276428,0.5252662897109985,0.004484899816256538,-0.011370466814035802,-1.525642123744128,1766201916.6661
0.4402196407318115,0.15735167264938354,0.5254476070404053,0.0059751383914997255,-0.01107538571011632,-1.5276865700243274,1766201916.666151
0.44104647636413574,0.148212730884552,0.5253812074661255,0.005489214632178819,-0.012263640893939316,-1.5262179010651444,1766201916.676022
0.44128209352493286,0.1390673816204071,0.5257901549339294,0.004741227539579178,-0.01225055343916688,-1.522952663576669,1766201916.686099
0.44218581914901733,0.13062013685703278,0.5258451700210571,0.006178338293072001,-0.01158974385435206,-1.5231049621293318,1766201916.6960435
0.4423421323299408,0.11695314943790436,0.5314898490905762,-0.01334590592605795,-0.015947959920104317,-1.5016185423754087,1766201916.7061012
0.44294673204421997,0.11210569739341736,0.5257954597473145,0.005890487324170995,-0.010534316254315633,-1.519551186348438,1766201916.7160544
0.4436604082584381,0.10309986025094986,0.5259323120117188,0.00586278120424135,-0.009773180338705728,-1.5182823743555844,1766201916.7161045
0.44376206398010254,0.0936678871512413,0.5262863039970398,0.005949140446415962,-0.008640956410582625,-1.51680834225423,1766201916.7260518
0.44511300325393677,0.08531249314546585,0.5267143249511719,0.005572759280243436,-0.01290521166716083,-1.5134570109236098,1766201916.7360752
0.4445769190788269,0.07511155307292938,0.5267453789710999,0.00667373760071476,-0.005885530887023374,-1.5150948801609356,1766201916.746062
0.445527046918869,0.06715506315231323,0.5262359976768494,0.007622550134615623,-0.007683597257789577,-1.5147676246216877,1766201916.7561038
0.4464188814163208,0.05810832232236862,0.5291497111320496,0.001496279663731793,-0.015542661366031128,-1.5083621825138676,1766201916.7660935
0.446734219789505,0.049227647483348846,0.5285120606422424,0.0022117626134172353,-0.0142551055833521,-1.5102978805692011,1766201916.7661455
0.4469960331916809,0.03990534693002701,0.5268552303314209,0.008196391475753283,-0.004592013127265591,-1.5134632550201796,1766201916.7760751
0.4474964141845703,0.030145883560180664,0.5273607969284058,0.0032707792470746135,-0.0030647296200028893,-1.508954147046329,1766201916.7860909
0.44898656010627747,0.023065783083438873,0.526422381401062,0.007837023016010025,-0.00603544678717893,-1.5143494201125474,1766201916.7960737
0.4488140046596527,0.01303340494632721,0.5296381115913391,-0.001017680155952688,-0.010319030390630984,-1.5073463014236854,1766201916.8060973
0.449999064207077,0.004341991618275642,0.5268502235412598,0.009307008281270793,-0.0012508659298068533,-1.5142469975981376,1766201916.8160985
0.4514657258987427,-0.004207491874694824,0.527272641658783,0.005462044760190118,-0.0012050532763814644,-1.515188402897072,1766201916.816149
0.4519506096839905,-0.01324547827243805,0.5268999934196472,0.007335110932512717,-0.0006296166540103343,-1.5149711325776734,1766201916.8260658
0.4527183473110199,-0.022608622908592224,0.5289918184280396,0.0017906759664927348,-0.005062079673327887,-1.5106133630829381,1766201916.8360732
0.45366305112838745,-0.031555015593767166,0.5279239416122437,0.005493515027766991,-0.00010737933292418319,-1.513529897305247,1766201916.846102
0.4534566402435303,-0.04066794365644455,0.5276167988777161,0.008502709181650366,0.003643988855222722,-1.516030389454627,1766201916.8560588
0.4548908770084381,-0.04910043999552727,0.5277618169784546,0.007004945575356472,0.0021438486848725305,-1.5173994267303323,1766201916.8660932
0.4564630389213562,-0.056884393095970154,0.5272545218467712,0.007992318768004608,0.0003140703825451112,-1.5212733069324595,1766201916.866144
0.45366519689559937,-0.06861177831888199,0.5297156572341919,0.0024524078390622613,-0.004220673814018829,-1.5251024504471062,1766201916.8760993
0.4555054008960724,-0.07693443447351456,0.5292546153068542,0.0046114976396322074,-0.002705198927631052,-1.5254332447701302,1766201916.8860972
0.4589379131793976,-0.08327437937259674,0.5271448493003845,0.007881188004642515,0.0013201429207841168,-1.5245911743798688,1766201916.8961084
0.45923489332199097,-0.09239564090967178,0.5276936292648315,0.007253869932449318,0.0017317191814590319,-1.5238134140118147,1766201916.9061136
0.45742663741111755,-0.10148891806602478,0.5284804701805115,-0.0015358219893117872,0.00012307388150489698,-1.5175786353291314,1766201916.9161112
0.460744172334671,-0.10994645953178406,0.527951180934906,0.007883821695231441,0.0033458441371486463,-1.5252676973640518,1766201916.9161649
0.4621424674987793,-0.11767853796482086,0.5273895263671875,0.008193680185018657,0.0018065887275137383,-1.528553513224508,1766201916.9260929
0.4625222980976105,-0.12688469886779785,0.5277023911476135,0.008764686540047818,0.00397946814197509,-1.5283134357898809,1766201916.9361033
0.4633851945400238,-0.13553792238235474,0.527550458908081,0.008059512153070734,0.003082098427041737,-1.5285351539136338,1766201916.9460893
0.4637683033943176,-0.14426875114440918,0.5283299088478088,0.007301285276524593,0.0041267848361323705,-1.5265737444386136,1766201916.9560816
0.461298406124115,-0.15393909811973572,0.5298782587051392,-0.00032934699088625505,-0.0017911923451245377,-1.5293198707000364,1766201916.966113
0.4646108150482178,-0.16201694309711456,0.52801513671875,0.007801249530356704,0.004612196166279796,-1.5255430281882154,1766201916.9661627
0.4660579562187195,-0.16942384839057922,0.5276151299476624,0.008820431815107712,0.0038378946724105176,-1.5292309430430746,1766201916.9760237
0.4639618992805481,-0.17878977954387665,0.5286861062049866,-0.0010389248684573953,0.004277812791394576,-1.5175306486259632,1766201916.9860597
0.46711838245391846,-0.18679888546466827,0.5275600552558899,0.007664037225262138,0.0014817181945077852,-1.5267635332129352,1766201916.9960527
0.4676336646080017,-0.19519898295402527,0.5276807546615601,0.008420529843829483,0.002791343624167473,-1.527609695625458,1766201917.0060656
0.4641520380973816,-0.2065325528383255,0.530400276184082,0.004320997963881883,-0.002619594256369661,-1.5321910981838192,1766201917.016115
0.4685899019241333,-0.21277539432048798,0.5271621346473694,0.00778770251433978,0.0015167153057254418,-1.5240427524479405,1766201917.0161672
0.4694996178150177,-0.22107094526290894,0.5275909900665283,0.007227519508825262,0.00039891558176528,-1.5228065411749705,1766201917.0260894
0.47023335099220276,-0.229336678981781,0.5272573232650757,0.00726299239543579,0.00031806321090365505,-1.5222415500424828,1766201917.036076
0.47076505422592163,-0.2381652146577835,0.5275055170059204,0.007012584726488185,0.0006789780013358944,-1.5198585486909748,1766201917.0460894
0.4712238311767578,-0.2464912235736847,0.527910053730011,0.00657644997937323,0.0017298416728215966,-1.5193771562960803,1766201917.0560615
0.4720974862575531,-0.254868745803833,0.527564287185669,0.006846688920443272,0.0009450752268089416,-1.519131442073792,1766201917.0660803
0.47239017486572266,-0.2639308571815491,0.5277559161186218,0.007534619025417135,0.002094028561802757,-1.5161944152407931,1766201917.0761156
0.4727054238319397,-0.2726140022277832,0.5278633832931519,0.006698983241726487,0.002123954839340599,-1.5141915830830872,1766201917.0761678
0.47344768047332764,-0.28102627396583557,0.5279414057731628,0.007371510590986981,0.0028027684049256947,-1.514436116131437,1766201917.0860062
0.4742072820663452,-0.2898327112197876,0.5275145769119263,0.008213351183817635,0.002325777787505652,-1.5126454162470648,1766201917.0960553
0.475492388010025,-0.2978117763996124,0.5272731184959412,0.00821234744645429,0.0010973626141047598,-1.5128724512029528,1766201917.1061025
0.4756845533847809,-0.30625802278518677,0.527491569519043,0.008418543166828248,0.002013413248194302,-1.5128347870731254,1766201917.1160192
0.47649550437927246,-0.3151245415210724,0.5273035764694214,0.007883504417750665,0.0013296153947026802,-1.5102483695165472,1766201917.116069
0.47665056586265564,-0.3236108124256134,0.5272940993309021,0.008650659629148396,0.0010586082829320558,-1.5101457137072134,1766201917.12603
0.47762882709503174,-0.3318242132663727,0.5273853540420532,0.008389738608429988,0.0006933375987491264,-1.510738849402318,1766201917.136041
0.47817397117614746,-0.34021198749542236,0.527309238910675,0.00914383805264321,0.00047812899263858843,-1.5106727705697744,1766201917.1460485
0.47946950793266296,-0.3484651446342468,0.5271148681640625,0.009206761930587191,-0.0005164304622250836,-1.51000535475467,1766201917.1560047
0.4793819189071655,-0.35720494389533997,0.527376651763916,0.00857003725624856,-0.00015807384988021203,-1.5089763879692113,1766201917.1660953
0.48077088594436646,-0.3657183051109314,0.5275586843490601,0.007702906553041143,-0.0012757644721410396,-1.5080936791010935,1766201917.1761093
0.4811359941959381,-0.374126672744751,0.5282096266746521,0.006218687591926674,-0.0012956881127349814,-1.5075457006733353,1766201917.1761472
0.4818938374519348,-0.3822959065437317,0.5280624032020569,0.007673239976363859,-0.00011147799307825317,-1.5098580469439604,1766201917.1860986
0.48299640417099,-0.39066123962402344,0.5276951193809509,0.0081010083667998,0.00024338133717803786,-1.5105250055861352,1766201917.1961021
0.48408380150794983,-0.39878049492836,0.5275779366493225,0.007413402075696375,-0.0007978367599936212,-1.5111102405956085,1766201917.2061028
0.4847947955131531,-0.4073718786239624,0.5277012586593628,0.007485471927033126,-0.000620192722320217,-1.5115245916657694,1766201917.2161076
0.4857771396636963,-0.4155367314815521,0.5276040434837341,0.0091887794037201,0.0013795741640957057,-1.512774098158449,1766201917.2161462
0.48651784658432007,-0.4237072169780731,0.5282564759254456,0.005835986169356141,-0.00029350547935268125,-1.5123399513252183,1766201917.226109
0.48735684156417847,-0.43237659335136414,0.5276433825492859,0.0071204618894572195,-0.000928623330959382,-1.5139383761555951,1766201917.2361023
0.4881293773651123,-0.4404849410057068,0.5279374122619629,0.006110770425291084,-0.0008830897340078814,-1.5143135420459446,1766201917.2461023
0.4890017807483673,-0.44876280426979065,0.5281626582145691,0.006201385236446175,-0.0010117719120055386,-1.5151304291457266,1766201917.2560892
0.49029597640037537,-0.456973135471344,0.5274686217308044,0.007070274166558173,-0.0031538298513417887,-1.5160548421128124,1766201917.2661104
0.49117136001586914,-0.46564003825187683,0.5276831388473511,0.00638981959721918,-0.002598298238908115,-1.5157560939778059,1766201917.276103
0.4917857050895691,-0.47347813844680786,0.5276261568069458,0.007552594242913242,-0.0014562082911384628,-1.5195945977433205,1766201917.2761412
0.49271148443222046,-0.4816318154335022,0.5281213521957397,0.006898959739513936,-0.001395392649575733,-1.5198470226676815,1766201917.2861223
0.49026280641555786,-0.4895097017288208,0.5288450717926025,-0.0037445268865627843,-0.0024694465141714477,-1.5107141574270289,1766201917.2961125
0.49401408433914185,-0.4985089600086212,0.5279706120491028,0.006950738478740476,-0.0012298251653726888,-1.5199632681460669,1766201917.306102
0.49466046690940857,-0.5066676735877991,0.528253972530365,0.006953833885914583,-0.0016355831334217215,-1.5205219506888337,1766201917.3161697
0.4958127737045288,-0.5148885846138,0.5279378294944763,0.007244343453880243,-0.002626909988180227,-1.5218261961585817,1766201917.3162203
0.4960238039493561,-0.5230779647827148,0.5282816290855408,0.008355290116610563,-0.0016918066109974646,-1.52256374068078,1766201917.3261566
0.4969134032726288,-0.53123539686203,0.5283873677253723,0.007614889496758316,-0.0027689294930353103,-1.52240022197407,1766201917.336144
0.4972923994064331,-0.5401888489723206,0.5282863974571228,0.007687787745884817,-0.0024295071389714767,-1.520930425901469,1766201917.3461776
0.4981369376182556,-0.5483971238136292,0.5281640291213989,0.007983150562434012,-0.0038263538014015244,-1.5217449918190138,1766201917.356113
0.49903935194015503,-0.5565897822380066,0.5279422998428345,0.008584453495965533,-0.002970415981031951,-1.5223295594128616,1766201917.3661497
0.4995708167552948,-0.5651933550834656,0.5281217694282532,0.008229840138976315,-0.004304367707417797,-1.5211589125808007,1766201917.3662012
0.5003726482391357,-0.5735882520675659,0.5281773805618286,0.007616340689918599,-0.0032496854699061548,-1.5207588970112507,1766201917.3761067
0.5007961988449097,-0.5819023251533508,0.5286269783973694,0.00738015127536808,-0.003438438848715306,-1.5205219403819823,1766201917.3859777
0.5017377734184265,-0.5900260806083679,0.5283975005149841,0.008449775944808894,-0.0037171693322404506,-1.521045097908429,1766201917.3959777
0.5023113489151001,-0.5988520383834839,0.5286588668823242,0.006206159445857934,-0.005346954720793159,-1.5186105485183985,1766201917.4059994
0.5027837157249451,-0.6074259877204895,0.5286477208137512,0.0070396522700757035,-0.004640754780630644,-1.5178801904092127,1766201917.41613
0.5035180449485779,-0.6162611842155457,0.5286004543304443,0.0074795041604354216,-0.003964068312562736,-1.5165220624435163,1766201917.4161754
0.5046072006225586,-0.6249037384986877,0.5282863974571228,0.008071674118478823,-0.005218545899128986,-1.5156849807474573,1766201917.4261343
0.5049294233322144,-0.6334797739982605,0.5285647511482239,0.007070618908140285,-0.004604933317687279,-1.5143333038849753,1766201917.43605
0.5060186386108398,-0.6415545344352722,0.5285905003547668,0.00652911480346056,-0.006135245697289778,-1.5134226961762798,1766201917.4460242
0.5065826177597046,-0.6505111455917358,0.5286797285079956,0.007546787110181738,-0.004582405727913188,-1.5124702505226741,1766201917.4559963
0.5074347853660583,-0.6591402888298035,0.5286309123039246,0.00664693091738602,-0.004790122177845017,-1.51204655026177,1766201917.466005
0.5074626803398132,-0.6681264042854309,0.5288472175598145,0.007433582989222553,-0.0038631952649133138,-1.5102646297796087,1766201917.4660285
0.508748471736908,-0.6762399673461914,0.5286092758178711,0.006967653688572821,-0.005151356344576073,-1.5100120646024997,1766201917.4861
0.5089458227157593,-0.6853973269462585,0.5290300846099854,0.0076459327876127895,-0.003872933970178943,-1.508864602834834,1766201917.4861166
0.5096125602722168,-0.6945205330848694,0.5286619663238525,0.00844982749409779,-0.0029783889993813474,-1.5071729047717204,1766201917.496087
0.5105738043785095,-0.7026926875114441,0.5291972756385803,0.007087632362303918,-0.003607303200881109,-1.5065252762151264,1766201917.5060046
0.5111589431762695,-0.7104684114456177,0.5293370485305786,0.007329996456357495,-0.003850047688896179,-1.5081900200445972,1766201917.5161016
0.5117278099060059,-0.7201768159866333,0.5292788147926331,0.008728838398945133,-0.003441085655441085,-1.5057707981433535,1766201917.5161242
0.5124772191047668,-0.72831130027771,0.5295171737670898,0.00788757044808091,-0.003710753263169244,-1.5058782069199728,1766201917.526098
0.5132295489311218,-0.7367984056472778,0.5294879078865051,0.00740438580173429,-0.004271908089557428,-1.5054723107560686,1766201917.5361307
0.5137675404548645,-0.7459545135498047,0.5294276475906372,0.009006970291713544,-0.0037445427950741797,-1.5057773935011862,1766201917.5462003
0.5148090720176697,-0.7540478706359863,0.5292819142341614,0.00873933383150751,-0.004570379581626669,-1.5059828932940023,1766201917.556128
0.5153180956840515,-0.7631023526191711,0.5295281410217285,0.008808750665374355,-0.003661384032878527,-1.5055972129612518,1766201917.5661564
0.5135480761528015,-0.7729446887969971,0.5313730239868164,0.006017346681082547,-0.005854935082820898,-1.5111916668570087,1766201917.5662065
0.5169557929039001,-0.7801161408424377,0.5296346545219421,0.008980848810160352,-0.0035356766476653447,-1.5064549251175918,1766201917.5861118
0.5175547003746033,-0.7882338166236877,0.530068576335907,0.00905719104169934,-0.0026439419015287452,-1.5078003665089033,1766201917.5861597
0.5187516808509827,-0.7971826195716858,0.529816210269928,0.00862597398024063,-0.0028695743446564043,-1.5078878564940985,1766201917.5961685
0.5191039443016052,-0.805752694606781,0.5302051305770874,0.00701889135885729,-0.002775149130438359,-1.506904587454759,1766201917.606172
0.5204744935035706,-0.813578188419342,0.5304811000823975,0.00626895017895753,-0.005495343946094715,-1.509044914452276,1766201917.6162648
0.5213515758514404,-0.8224257826805115,0.5301714539527893,0.00796564720095773,-0.0030234010678498575,-1.510277729016943,1766201917.6163177
0.5224863290786743,-0.8302034139633179,0.530998706817627,0.0060629863574017465,-0.0066568213041726335,-1.5109124810598475,1766201917.6261356
0.5233871936798096,-0.838611364364624,0.5304542779922485,0.007301802401520597,-0.005267159111252063,-1.5129878465652304,1766201917.6361291
0.5245526432991028,-0.8467226028442383,0.5303758978843689,0.007996116215815516,-0.004062585941301712,-1.5159483182634041,1766201917.6461234
0.5243703722953796,-0.8548528552055359,0.5308229327201843,0.0021323310037074847,-0.005408526329210888,-1.5137244955321303,1766201917.6561384
0.5262987613677979,-0.8630085587501526,0.5306113958358765,0.0076384837678661974,-0.004964111699761875,-1.5193158119422672,1766201917.6661482
0.5272674560546875,-0.8717373609542847,0.5300425291061401,0.007382701070212351,-0.00508100240346842,-1.5211663119279168,1766201917.6661959
0.5283753275871277,-0.8792816996574402,0.5306726694107056,0.007320909575493628,-0.005897292526967338,-1.523619836953202,1766201917.676134
0.5289960503578186,-0.8881922960281372,0.5315604209899902,0.0052279577026331445,-0.005312883099447036,-1.522318380839286,1766201917.6861782
0.5296895503997803,-0.8957240581512451,0.5309498310089111,0.008609326685483754,-0.003507981405367438,-1.5286297228105337,1766201917.6961443
0.5303577184677124,-0.9043473601341248,0.5304767489433289,0.007195069262844445,-0.006212635394187998,-1.5281431284236728,1766201917.7061472
0.5313313603401184,-0.9122918844223022,0.5307836532592773,0.008903252230906615,-0.004691838643651011,-1.5318543007906407,1766201917.7161644
0.5317215919494629,-0.9207466244697571,0.5309023857116699,0.008589118215923428,-0.004426662640717964,-1.53228607225272,1766201917.7162173
0.5326917767524719,-0.9288331866264343,0.530768096446991,0.009228857498808972,-0.00516089532338627,-1.5346178164692001,1766201917.726124
0.533700168132782,-0.9371949434280396,0.530921220779419,0.008321725455170764,-0.0048464456352965484,-1.536503168347466,1766201917.7361374
0.5340630412101746,-0.9452309608459473,0.530979335308075,0.009194927950278617,-0.004774815109553278,-1.5386053055295468,1766201917.7461753
0.5347672700881958,-0.953975260257721,0.5311446785926819,0.008080306147021848,-0.0056892676441240315,-1.5385095947793987,1766201917.7561405
0.535530686378479,-0.962094783782959,0.53131502866745,0.009757619275937964,-0.004313648823546239,-1.5402527074916514,1766201917.7661781
0.5360905528068542,-0.9702603220939636,0.5310981869697571,0.00980515956879875,-0.004780420357037581,-1.5421376777068148,1766201917.7662303
0.5356060266494751,-0.9791978597640991,0.5315153002738953,0.004113621231301004,-0.00460212012961404,-1.5373013699145948,1766201917.7761283
0.5373178720474243,-0.9878407716751099,0.5313630700111389,0.008377904488257273,-0.005079852807988963,-1.540852666896511,1766201917.786309
0.5379418134689331,-0.9960223436355591,0.5313774347305298,0.00920522737980772,-0.005756278326027486,-1.5413383341314577,1766201917.7961729
0.5387372970581055,-1.004457950592041,0.5314037203788757,0.009414513166389315,-0.004905282238269017,-1.541773079028821,1766201917.8061156
0.5388868451118469,-1.0136425495147705,0.5313767194747925,0.0099305906474818,-0.00521800886993118,-1.5397279215088397,1766201917.8161688
0.539635419845581,-1.0219568014144897,0.5312601327896118,0.00930319386535045,-0.006156023580735037,-1.5390771173353093,1766201917.8261616
0.5399524569511414,-1.0305721759796143,0.5315211415290833,0.009103353101304442,-0.00605763386419158,-1.538790279632727,1766201917.8262153
0.5404412150382996,-1.0393980741500854,0.5312882661819458,0.009682268367738353,-0.006005587080532123,-1.5370733195328634,1766201917.836106
0.5405203700065613,-1.0477784872055054,0.5315805673599243,0.008990219659130588,-0.005305734440464363,-1.537517707759807,1766201917.8461514
0.5412437915802002,-1.0566215515136719,0.5314393639564514,0.00926539570165045,-0.0049770092749398176,-1.5356789251234986,1766201917.8563209
0.541722297668457,-1.0657113790512085,0.531338632106781,0.009390652817427743,-0.005632460903356723,-1.533221214652094,1766201917.8661132
0.5418049693107605,-1.074449896812439,0.531865119934082,0.008309305408349175,-0.004633325572161135,-1.5316692542460466,1766201917.8661618
0.5405164361000061,-1.0826828479766846,0.5325212478637695,0.003110773228577318,-0.004262849624097717,-1.5266418792619174,1766201917.8761423
0.5428034067153931,-1.0918455123901367,0.5322706699371338,0.008960169081606477,-0.005129201005860166,-1.5287995480865308,1766201917.8961446
0.543420672416687,-1.10047447681427,0.5319417119026184,0.009740979967850902,-0.005257040799355103,-1.528512387099374,1766201917.8961928
0.5438469052314758,-1.109153151512146,0.5318912863731384,0.010231936109059986,-0.00494089366859543,-1.5280906231074796,1766201917.906128
0.5434629321098328,-1.1179436445236206,0.5323621034622192,0.008787614664589351,-0.005532641311295078,-1.5267511876842352,1766201917.9161685
0.5441429615020752,-1.1265968084335327,0.5324656963348389,0.007958623437753222,-0.005937719445703705,-1.524768371759454,1766201917.9162197
0.5454874634742737,-1.1354365348815918,0.5318949222564697,0.01152274295432724,-0.005626421985184424,-1.5248937264175364,1766201917.9261343
0.5457211136817932,-1.1440010070800781,0.5322870016098022,0.010979315433204484,-0.005076912587863351,-1.524723601885338,1766201917.9363546
0.5466089248657227,-1.1525689363479614,0.5323150753974915,0.010156860005353695,-0.0062641314704387505,-1.5236789866301477,1766201917.9461465
0.5457972884178162,-1.1615641117095947,0.5330296158790588,0.006893609692528356,-0.006289742073345689,-1.5257152176068063,1766201917.956149
0.5473188757896423,-1.1698660850524902,0.5326893329620361,0.010699089612086423,-0.006481596829339994,-1.523772912513373,1766201917.9661548
0.5486871004104614,-1.1785489320755005,0.5321388244628906,0.010066949800550173,-0.005432725769032699,-1.5243039409503016,1766201917.9761379
0.5487320423126221,-1.1868164539337158,0.5328444242477417,0.008824975143881812,-0.0052596758067685176,-1.524410403844145,1766201917.976189
0.5489287376403809,-1.1952236890792847,0.5327943563461304,0.009418940437649478,-0.006030370701555461,-1.524253930271516,1766201917.9961312
0.5505093932151794,-1.2037914991378784,0.5322743654251099,0.010427601479204655,-0.005553944744750973,-1.5265210973721666,1766201917.9961798
0.5496228337287903,-1.211812973022461,0.5332210063934326,0.007537401375349695,-0.005016763155668994,-1.523665090433633,1766201918.0061438
0.5520291328430176,-1.22044038772583,0.53257817029953,0.010581952987146103,-0.0063664293735920694,-1.5270149505997703,1766201918.0161715
0.552605152130127,-1.2286428213119507,0.5331529378890991,0.008952644579234788,-0.0061157669063541045,-1.5282365397119466,1766201918.0162246
0.5529248714447021,-1.2368643283843994,0.5333229899406433,0.007844017037621165,-0.007873752743041964,-1.5293775722600953,1766201918.0260887
0.5543934106826782,-1.2452497482299805,0.5327129364013672,0.009664480798505048,-0.0069337839417251594,-1.5297819385742646,1766201918.0361826
0.5545451045036316,-1.253369688987732,0.5332690477371216,0.008845613489863794,-0.005831959143705496,-1.5316059659629735,1766201918.04615
0.5553770661354065,-1.261748194694519,0.5332098007202148,0.009766131971766,-0.0072248860488982325,-1.5317221890334594,1766201918.056108
0.555569052696228,-1.2701780796051025,0.5335361957550049,0.008349645326439626,-0.0073107324992230166,-1.533820077307212,1766201918.066187
0.5567201972007751,-1.2785179615020752,0.5334636569023132,0.008077300806009642,-0.0062212393954337395,-1.5340408868672946,1766201918.066238
0.5579745173454285,-1.286785364151001,0.5329583883285522,0.009536808772063666,-0.006548200744474364,-1.5346092778467422,1766201918.0761814
0.55768883228302,-1.294793963432312,0.5337957739830017,0.008537075133976774,-0.0064016150526878465,-1.5361809331866423,1766201918.0861387
0.55790776014328,-1.3032586574554443,0.5339331030845642,0.00777096520249558,-0.007578447830272124,-1.5369183652494427,1766201918.0961792
0.5594391822814941,-1.3116108179092407,0.5331746339797974,0.010569347026918165,-0.007311385695559862,-1.5377548315677823,1766201918.106145
0.5594015121459961,-1.3198553323745728,0.5340300798416138,0.008656142298437659,-0.006804230866329915,-1.5382703800466655,1766201918.116146
0.5608562231063843,-1.3281099796295166,0.5333675742149353,0.010649933090852192,-0.007418247908121227,-1.539335163534131,1766201918.1161942
0.5609800219535828,-1.3362133502960205,0.5336270332336426,0.010623326729111591,-0.0064751416187742135,-1.5403330911562252,1766201918.126123
0.5605869293212891,-1.3446463346481323,0.5341870784759521,0.007192864905630671,-0.007289513965823686,-1.5399598132055563,1766201918.1361496
0.5623260736465454,-1.3530861139297485,0.5337993502616882,0.01038450840133057,-0.007727100631637636,-1.5429043248237027,1766201918.1461163
0.5630748271942139,-1.3615480661392212,0.5339220762252808,0.010090526388000766,-0.007464036933316931,-1.542982069400875,1766201918.1561496
0.563095211982727,-1.3695883750915527,0.5340721011161804,0.009878775574520098,-0.007569511302573544,-1.5438929587810566,1766201918.1661844
0.5643188953399658,-1.3782559633255005,0.5340098142623901,0.010552050955578,-0.008021643445092427,-1.5455760356546366,1766201918.1662362
0.5649983286857605,-1.3863972425460815,0.5342687368392944,0.010192635836337853,-0.006762098492514097,-1.5475194991142118,1766201918.17614
0.5655227303504944,-1.3949445486068726,0.5338894128799438,0.010426244809059166,-0.007315075793649424,-1.547994378593116,1766201918.186154
0.5664001703262329,-1.40314519405365,0.5342037081718445,0.010230361369964101,-0.007082268218699427,-1.5502236680951313,1766201918.196177
0.5668265223503113,-1.4117313623428345,0.5341057777404785,0.010015096951692797,-0.007121400974715546,-1.5523689513854282,1766201918.2061505
0.5678014755249023,-1.4197850227355957,0.5344635844230652,0.00923254945875367,-0.006691181426087048,-1.5540759034775384,1766201918.2161808
0.5684947371482849,-1.4283527135849,0.5343149304389954,0.009513158231778526,-0.006194990774766905,-1.5572027650255669,1766201918.2162347
0.5693016648292542,-1.4362472295761108,0.5346502661705017,0.008672402879503157,-0.006186271299141095,-1.559228999294443,1766201918.2261496
0.5693904757499695,-1.444124460220337,0.5347859859466553,0.009761962557185649,-0.005727272448614607,-1.5629099682213266,1766201918.236144
0.570456326007843,-1.4525482654571533,0.5345941781997681,0.00922907270716698,-0.006066384449979222,-1.5661977022710452,1766201918.2461934
0.5712611675262451,-1.460543155670166,0.5348100662231445,0.009183004475604533,-0.00636960436519231,-1.5698475824068083,1766201918.256145
0.5717968940734863,-1.468062162399292,0.5350947976112366,0.007578726373196867,-0.004930101818497485,-1.5738625953075966,1766201918.2661784
0.5727042555809021,-1.4758096933364868,0.534773051738739,0.007809041789581352,-0.005221279346751028,-1.5788436904547944,1766201918.2662306
0.5737888813018799,-1.4838775396347046,0.5349575877189636,0.00908717602052461,-0.005658732535148392,-1.5821787295629988,1766201918.2761087
0.5744256973266602,-1.4914615154266357,0.5352294445037842,0.008670653595119222,-0.005267707607547895,-1.5879979775172113,1766201918.2861624
0.5745033025741577,-1.4989995956420898,0.5351670384407043,0.007178246502566472,-0.005715567034293989,-1.593162365863722,1766201918.2961686
0.5751641988754272,-1.5067884922027588,0.5353721976280212,0.008669602738248842,-0.005406203089280067,-1.5980887927886949,1766201918.3061135
0.5755870938301086,-1.5143325328826904,0.5351687073707581,0.00844515501969904,-0.005734842632610036,-1.6039478042636812,1766201918.3161771
0.5770038962364197,-1.5220005512237549,0.5360003709793091,0.010089529931568992,-0.007857936629900315,-1.6079364239957463,1766201918.3162296
0.5771086812019348,-1.5290082693099976,0.5353118777275085,0.009170153514864283,-0.005865460030978717,-1.6152572237914433,1766201918.3261802
0.5777339339256287,-1.5362292528152466,0.5351808071136475,0.010778495436217296,-0.005213846799192809,-1.6218069659038004,1766201918.3361344
0.578561544418335,-1.5435149669647217,0.5354683995246887,0.00965627861592097,-0.005345444391585502,-1.6285884981007752,1766201918.3461447
0.5788506269454956,-1.5506789684295654,0.5356056094169617,0.00883964347747136,-0.005019990219964866,-1.634537018227505,1766201918.3561728
0.580052375793457,-1.557743787765503,0.535957396030426,0.01132816455662621,-0.006111745504715357,-1.6376380638114136,1766201918.3661566
0.5801527500152588,-1.5646616220474243,0.5359680652618408,0.011182042684278205,-0.006391098675939357,-1.6466275058985103,1766201918.3662064
0.5803553462028503,-1.5716912746429443,0.5358648896217346,0.008507329494506454,-0.0047217373987870235,-1.6541157260884136,1766201918.3761396
0.5807717442512512,-1.578267216682434,0.5359551906585693,0.010879662415134836,-0.006385174215721098,-1.66034502966005,1766201918.386161
0.5817916989326477,-1.5852783918380737,0.5359115600585938,0.010331730412706536,-0.005196562665855204,-1.6691492659023095,1766201918.39614
0.5817367434501648,-1.5917167663574219,0.5358318090438843,0.010055181281903674,-0.006090359812935526,-1.6770823241428687,1766201918.4061747
0.5819556713104248,-1.598426103591919,0.5360850691795349,0.010372446410500268,-0.0070536770214188705,-1.6829693999312247,1766201918.4161923
0.5827196836471558,-1.6052985191345215,0.5358112454414368,0.00981823003069136,-0.0067940160510509846,-1.6908179713908318,1766201918.416247
0.5830171704292297,-1.6115484237670898,0.5362883806228638,0.011806686640934188,-0.007653960542898531,-1.6975357903864141,1766201918.4261496
0.5834692120552063,-1.6178359985351562,0.5361576676368713,0.01129768197846362,-0.006946811455793719,-1.7061964860791936,1766201918.4361575
0.5837775468826294,-1.6243510246276855,0.5361728668212891,0.009934104296459287,-0.007746998794385663,-1.7136011547635268,1766201918.4461577
0.5849918723106384,-1.631137490272522,0.5362999439239502,0.010974978434003066,-0.007798452257132487,-1.7184094585592653,1766201918.456139
0.584246039390564,-1.6376408338546753,0.5362184643745422,0.010950957740391558,-0.006989755629155514,-1.728966159751518,1766201918.46619
0.5849660634994507,-1.6437634229660034,0.5365283489227295,0.008714347806663653,-0.006486059740983108,-1.735893337277843,1766201918.4761376
0.584945023059845,-1.6501679420471191,0.5366223454475403,0.009853907647841604,-0.006236776335579859,-1.7453782123090387,1766201918.4761875
0.5849848985671997,-1.6563156843185425,0.5362014770507812,0.010691285675379709,-0.0068269131318709,-1.7533371956765613,1766201918.48637
0.585344672203064,-1.6630473136901855,0.536569356918335,0.008673977958801917,-0.005941840697337914,-1.7616275573116063,1766201918.4961839
0.585235059261322,-1.669301152229309,0.5364755988121033,0.012520031240648582,-0.006939569711336677,-1.7694696010907913,1766201918.5061467
0.5849856734275818,-1.6750353574752808,0.5365986227989197,0.011604153820892865,-0.006141094632539349,-1.7782438464820933,1766201918.5161798
0.585478663444519,-1.6809043884277344,0.5365551710128784,0.011858670970068333,-0.006304386341278834,-1.785921906974183,1766201918.5162346
0.5846841335296631,-1.6870369911193848,0.5367745757102966,0.009518597827745348,-0.0073416689929635725,-1.7953603930268134,1766201918.526189
0.5852271318435669,-1.6934102773666382,0.5366976857185364,0.009914354630469992,-0.006358635928016204,-1.80481331088072,1766201918.536188
0.5854690670967102,-1.6989189386367798,0.5370721817016602,0.012059256207957284,-0.006798711572399804,-1.8150743813611891,1766201918.5461802
0.5846982598304749,-1.7046018838882446,0.5368647575378418,0.012234894474465215,-0.006914102570981491,-1.8233972398380907,1766201918.5561128
0.5843185186386108,-1.7105348110198975,0.537219226360321,0.009962163145210442,-0.00744490512434914,-1.8313647839669998,1766201918.5661201
0.5849129557609558,-1.7165099382400513,0.5370413064956665,0.011947774443737682,-0.006887304000773827,-1.8423621680272693,1766201918.5761817
0.5847934484481812,-1.7222025394439697,0.5370687246322632,0.012479479570831294,-0.0066473186064990005,-1.8518821633607165,1766201918.576235
0.584755003452301,-1.7280045747756958,0.537329375743866,0.013368222945106808,-0.0066834849974931115,-1.8618465831287607,1766201918.5861115
0.5838372707366943,-1.7340235710144043,0.5368967056274414,0.012459647894031914,-0.006565032561479794,-1.8728022975749403,1766201918.5961676
0.5841312408447266,-1.7397171258926392,0.537061870098114,0.013634743683092787,-0.006054850602557411,-1.8832123344540055,1766201918.6061547
0.583760142326355,-1.7451657056808472,0.5376051068305969,0.014181970904638352,-0.00611111374006569,-1.8930276952738254,1766201918.6161659
0.5833265781402588,-1.7506968975067139,0.5375032424926758,0.014605581216047346,-0.005317183255815669,-1.904964284339467,1766201918.6162183
0.582988440990448,-1.756433367729187,0.5375972986221313,0.012771157804245108,-0.005039265613868566,-1.9141665038773563,1766201918.6261299
0.5821380615234375,-1.7622414827346802,0.537162721157074,0.014388173761027993,-0.003943801304406042,-1.926609772799782,1766201918.6361585
0.5815423130989075,-1.767728567123413,0.5370920896530151,0.013034131889181323,-0.003981791907310995,-1.936257399207894,1766201918.6461134
0.5809731483459473,-1.7723660469055176,0.5372533202171326,0.013887058975282168,-0.00449890600639123,-1.945919577469901,1766201918.656173
0.5808746814727783,-1.777441382408142,0.5375218391418457,0.014764815274506415,-0.004416498517188187,-1.9558808394419156,1766201918.666138
0.5799558162689209,-1.7827413082122803,0.5376200079917908,0.01425507485958747,-0.004773543747131578,-1.9674201660465858,1766201918.6661882
0.579089879989624,-1.7880444526672363,0.5374500155448914,0.01458265710752808,-0.004076875517734146,-1.9775024692408723,1766201918.676129
0.5786827802658081,-1.7926641702651978,0.537613034248352,0.014928656763317467,-0.004787297040543155,-1.9874383640438968,1766201918.6863449
0.5780015587806702,-1.7979164123535156,0.5373451113700867,0.014323202499581435,-0.004222468728981095,-1.996650633162085,1766201918.6963162
0.5772619843482971,-1.8024736642837524,0.5375608205795288,0.015447325833043505,-0.004692319308627023,-2.0065971119271633,1766201918.7061315
0.5762848854064941,-1.807342767715454,0.5372503995895386,0.01572270916491413,-0.004076920151740896,-2.0164561268011694,1766201918.7161727
0.5756205916404724,-1.8118202686309814,0.5374029278755188,0.013906928747871621,-0.004575556659462758,-2.0261294165096606,1766201918.7162256
0.574586808681488,-1.8159255981445312,0.537566065788269,0.015548602080680804,-0.005031171121565553,-2.0356477950355476,1766201918.7261324
0.5732557773590088,-1.8207030296325684,0.5381086468696594,0.015447234811761364,-0.0034736886199126416,-2.0439772442238286,1766201918.736188
0.5729867815971375,-1.8247674703598022,0.5379146933555603,0.014585682568354399,-0.004230791124371588,-2.0511508338446722,1766201918.7461212
0.5719616413116455,-1.8287948369979858,0.5381197929382324,0.015195136122039599,-0.004163969209008915,-2.0617326635611843,1766201918.7561505
0.5708385109901428,-1.832889437675476,0.5379810929298401,0.015006992089889168,-0.004832773754639869,-2.0696987729930605,1766201918.7661781
0.5698975324630737,-1.8369284868240356,0.5381134152412415,0.014932291021238484,-0.004707641245006686,-2.0774636314695014,1766201918.7662308
0.5686767101287842,-1.8410794734954834,0.5380674004554749,0.015463143586065672,-0.004188614781825651,-2.0860713046841126,1766201918.7761104
0.5675151944160461,-1.8454902172088623,0.5382673144340515,0.015007577957915932,-0.004096988854830328,-2.093452640276735,1766201918.786179
0.5665381550788879,-1.8495186567306519,0.5383497476577759,0.015288241117667278,-0.004305698196717089,-2.1002857910841453,1766201918.7961392
0.5650091767311096,-1.8531583547592163,0.5384383797645569,0.014792615392771179,-0.004193511815023825,-2.1072971476943376,1766201918.8061287
0.5638921856880188,-1.8569145202636719,0.538329005241394,0.016148832216888794,-0.0035361337786876724,-2.115274246291336,1766201918.8161063
0.5623968839645386,-1.8605040311813354,0.5383482575416565,0.016404533855508625,-0.0038116887116244904,-2.121890581376127,1766201918.8161538
0.5610490441322327,-1.864156723022461,0.5385953783988953,0.014772960729412237,-0.003659252246594483,-2.127827608074775,1766201918.8261771
0.5596928000450134,-1.8679089546203613,0.5384481549263,0.015996242661216627,-0.0033520915815997325,-2.133903508866381,1766201918.8363295
0.5578490495681763,-1.871151328086853,0.538827657699585,0.015809850450539113,-0.0034391743441245914,-2.1406370782350437,1766201918.8461244
0.5563879609107971,-1.8744803667068481,0.5388373732566833,0.016742247057711268,-0.0033824419771341526,-2.1472217013129056,1766201918.8561757
0.5550083518028259,-1.8783172369003296,0.5387279987335205,0.017826378716644355,-0.002366660689209283,-2.1526789831843884,1766201918.8661263
0.5535045862197876,-1.8810715675354004,0.5384016036987305,0.01814549249410598,-0.003748206015795849,-2.1580273069921874,1766201918.8661778
0.5522879362106323,-1.8845908641815186,0.5383908152580261,0.01670571683613943,-0.003832578547963664,-2.161830802841482,1766201918.8761458
0.5501943826675415,-1.8876583576202393,0.5387156009674072,0.016806277759763812,-0.003779242441409593,-2.166785323490218,1766201918.8861012
0.5485727787017822,-1.8909035921096802,0.5389666557312012,0.017074422976745503,-0.002914385144606597,-2.170819610681096,1766201918.8961372
0.5471693873405457,-1.894088864326477,0.5386889576911926,0.01696364869121913,-0.0028910614131962727,-2.1745989304261095,1766201918.9061646
0.5457150340080261,-1.8971620798110962,0.5387726426124573,0.01720619724415144,-0.0032826408624101397,-2.1780381927908365,1766201918.9161692
0.5441264510154724,-1.9004676342010498,0.5389118194580078,0.016877801788891523,-0.0030195554314289947,-2.181456628222076,1766201918.9162219
0.5426015853881836,-1.903520107269287,0.5389083623886108,0.017360201899769903,-0.0026096674304205577,-2.184006575824396,1766201918.926149
0.5410473346710205,-1.9065550565719604,0.5389171242713928,0.01723868464251976,-0.0023786752927294407,-2.1869357959115923,1766201918.936311
0.5394783020019531,-1.9090853929519653,0.5387449860572815,0.01697062163500198,-0.0025741752611567114,-2.1910256617136126,1766201918.9461546
0.5376700162887573,-1.911694884300232,0.5389171242713928,0.016977660236497216,-0.0022826312824092572,-2.1931548780767796,1766201918.9561708
0.5359184741973877,-1.9144957065582275,0.5390572547912598,0.017314693370534904,-0.002408730996036471,-2.1957520454652344,1766201918.9661558
0.5341897010803223,-1.9174931049346924,0.5391692519187927,0.017159023082880732,-0.0023175887609787216,-2.197886770025749,1766201918.966209
0.5326715111732483,-1.9200643301010132,0.5390676259994507,0.017014981463763314,-0.0025374586641574836,-2.198637673074617,1766201918.97614
0.530933678150177,-1.9227216243743896,0.5391619801521301,0.016727100419427883,-0.0026513040626712824,-2.200193168574528,1766201918.986341
0.5290976762771606,-1.9250229597091675,0.5389859080314636,0.017976126528861495,-0.002746928698134693,-2.2020626586999525,1766201918.9961278
0.5274109244346619,-1.927559733390808,0.5391026735305786,0.01792154814519877,-0.0023096948303166533,-2.202949620598709,1766201919.0061722
0.5258007049560547,-1.9300892353057861,0.5389662384986877,0.018526332029861817,-0.003116853443477406,-2.204788598816452,1766201919.0161726
0.524509072303772,-1.9324064254760742,0.5390841960906982,0.017771913258645817,-0.0024251369997807795,-2.205394645743304,1766201919.0162272
0.5229120254516602,-1.935036301612854,0.5390009880065918,0.017453752860088167,-0.0024926048576743324,-2.2057126697240492,1766201919.026145
0.5211662650108337,-1.9369157552719116,0.5391965508460999,0.01759593201152507,-0.0019884788326014684,-2.205469292541939,1766201919.0363247
0.5196476578712463,-1.9395501613616943,0.5393030643463135,0.017295194351956956,-0.0017326163246394488,-2.2056648038367337,1766201919.0461786
0.5178460478782654,-1.941636085510254,0.5396443009376526,0.016910531007915217,-0.0013717145214383237,-2.2053138240437913,1766201919.0561469
0.5167958736419678,-1.9437731504440308,0.5388590097427368,0.018510276348459812,-0.0012129174066826162,-2.2062545015701125,1766201919.0661778
0.5153095722198486,-1.9459527730941772,0.5390138626098633,0.01818512220319323,-0.0007928991557854746,-2.206443123701452,1766201919.0662308
0.5137999057769775,-1.9481464624404907,0.5387756824493408,0.019300371554607443,-0.0009571477571750668,-2.2048706100796793,1766201919.0763197
0.5124847888946533,-1.9501736164093018,0.5389943718910217,0.018977088590297723,-0.0013837305910844333,-2.206329534922279,1766201919.086144
0.5109375715255737,-1.9520905017852783,0.5390943288803101,0.018300770418322336,-0.0015373009159957228,-2.205582651506779,1766201919.096172
0.5095672607421875,-1.9536908864974976,0.5389786958694458,0.019883195871176478,-0.0013457326246445005,-2.205592027927389,1766201919.106183
0.5081302523612976,-1.9556987285614014,0.5389814376831055,0.01880872484758207,-0.002004512805120466,-2.204091767493259,1766201919.1161385
0.506719708442688,-1.9576295614242554,0.5393332242965698,0.018463608924697502,-0.0019353400298961127,-2.203370246728988,1766201919.1162033
0.5051083564758301,-1.959220290184021,0.5394560694694519,0.01738093202006641,-0.0012564867267237322,-2.201106638351197,1766201919.126143
0.5039511322975159,-1.9606927633285522,0.53936767578125,0.017329210957327153,-0.002588979194282194,-2.2008927816898836,1766201919.1361752
0.5032047033309937,-1.9622719287872314,0.5393105149269104,0.017997238353726124,-0.0023094485291822514,-2.2006473891599003,1766201919.1461546
0.5013452768325806,-1.9640785455703735,0.539802074432373,0.01646700216215664,-0.0017449940149898784,-2.197798400348365,1766201919.1561372
0.5010794401168823,-1.9655379056930542,0.5393136739730835,0.018031484073768325,-0.001910816855106066,-2.1991041347068574,1766201919.1661768
0.4996214509010315,-1.9669020175933838,0.539474606513977,0.018592509166052994,-0.0022235111829781483,-2.198529910525222,1766201919.1662302
0.49883073568344116,-1.9685784578323364,0.5392223596572876,0.019704004311216092,-0.0021098377163184,-2.1976473974880086,1766201919.1761334
0.49798691272735596,-1.9698303937911987,0.5391114354133606,0.01926144162143905,-0.0016733071849920245,-2.1961775748138845,1766201919.186177
0.49706700444221497,-1.9705874919891357,0.5390741229057312,0.019343373166069967,-0.001376470733997774,-2.1966390492094074,1766201919.1961815
0.4961903691291809,-1.9721827507019043,0.5391186475753784,0.018463785119256917,-0.0013669168728820962,-2.196586977604757,1766201919.2061617
0.49525049328804016,-1.9731719493865967,0.5390894412994385,0.018905171320224547,-0.0019457561760447845,-2.197277400416103,1766201919.2161798
0.4946013391017914,-1.9741476774215698,0.5390775799751282,0.019557476150503912,-0.0019404901336833723,-2.1974296149427266,1766201919.2261329
0.49359822273254395,-1.975674033164978,0.5394237637519836,0.017619009050604362,-0.0016228093485186113,-2.195081466057278,1766201919.2261848
0.49264398217201233,-1.9763792753219604,0.539590060710907,0.017677388995601347,-0.0020316849993128865,-2.1955977044519797,1766201919.23618
0.49207842350006104,-1.9772840738296509,0.5393401980400085,0.017987429374025303,-0.0025291469586281633,-2.1957947210069295,1766201919.2461207
0.49159058928489685,-1.978157877922058,0.5393020510673523,0.018264876834455268,-0.002936312387285051,-2.1962863965756236,1766201919.25615
0.4907403886318207,-1.979325532913208,0.539490818977356,0.017960583212954954,-0.0018698016368097255,-2.195793199799271,1766201919.2661834
0.49058103561401367,-1.979772686958313,0.5390564799308777,0.01808222040665248,-0.0025909219952246917,-2.196544115159089,1766201919.2662382
0.4902690052986145,-1.9807566404342651,0.5391362309455872,0.01797747676482359,-0.002899945032464543,-2.1964515903912027,1766201919.2761164
0.48967790603637695,-1.9812875986099243,0.539221465587616,0.017846647724543734,-0.0033439905922571164,-2.196612863963848,1766201919.2861788
0.48941144347190857,-1.9823869466781616,0.5390818119049072,0.01866050681580541,-0.00324439613417122,-2.197180624700561,1766201919.296181
0.4888063371181488,-1.982927918434143,0.5394461750984192,0.018048211187110374,-0.002897444629113391,-2.197126435922835,1766201919.306164
0.4886547923088074,-1.9835962057113647,0.5391992926597595,0.018408549364901217,-0.002879802571153281,-2.197098243700802,1766201919.3161643
0.4879824221134186,-1.9842156171798706,0.5393957495689392,0.01818883710100507,-0.002755648875397927,-2.198098788341744,1766201919.3262045
0.4878576695919037,-1.9846632480621338,0.539219319820404,0.018118011972890348,-0.0026124386437718157,-2.197996044367768,1766201919.3262563
0.487499862909317,-1.9851378202438354,0.5392217636108398,0.01854010140880362,-0.002935632420670276,-2.197680192890099,1766201919.3361368
0.4872047007083893,-1.9856020212173462,0.5394184589385986,0.01809420411184316,-0.0030807551629764758,-2.198556227022716,1766201919.3461556
0.486937940120697,-1.9863085746765137,0.5391890406608582,0.019693375492247096,-0.0026783133293144575,-2.197606807632558,1766201919.3561778
0.4867362678050995,-1.986604928970337,0.5393527746200562,0.018610308815220085,-0.0026388473798676024,-2.1988570983948175,1766201919.3661501
0.4864046275615692,-1.9867018461227417,0.539311945438385,0.019114426533307728,-0.0027151069859315796,-2.199340751508031,1766201919.3661985
0.48632586002349854,-1.9871749877929688,0.5392411351203918,0.01868405886315132,-0.002952947002160627,-2.1993471621913523,1766201919.3761153
0.486184298992157,-1.98733389377594,0.5392745733261108,0.018632690886201873,-0.003081806322227095,-2.1994129086912713,1766201919.3867817
0.4858992099761963,-1.987497329711914,0.5393580794334412,0.01838960964851979,-0.003460953881493302,-2.1990964569191678,1766201919.3959699
0.485604465007782,-1.9877729415893555,0.5393316745758057,0.019092264369031144,-0.0029733945090180767,-2.1990632779050965,1766201919.4059896
0.48579832911491394,-1.9881606101989746,0.5391638875007629,0.01856595274016386,-0.003129658249463259,-2.198847677638266,1766201919.416006
0.48560601472854614,-1.9880715608596802,0.5392318964004517,0.019053149659825578,-0.0030612313911375444,-2.1990752001857916,1766201919.416021
0.4854479134082794,-1.9882690906524658,0.539203405380249,0.01955215846014,-0.0029389393825229922,-2.1987279662274535,1766201919.4261305
0.48538973927497864,-1.9882128238677979,0.539306640625,0.01874384450230581,-0.0029114868567427566,-2.1988874349509127,1766201919.4360645
0.4853031635284424,-1.9882807731628418,0.5393828749656677,0.018709891649985173,-0.002810821032601699,-2.198792929797651,1766201919.445997
0.48513782024383545,-1.9882267713546753,0.5393659472465515,0.018356648319271765,-0.0028058066846755165,-2.198264265612555,1766201919.4559808
0.48537757992744446,-1.988325595855713,0.53928542137146,0.01841701115930658,-0.002595083783563579,-2.1984205953615357,1766201919.4659653
0.48533979058265686,-1.9882049560546875,0.5392792820930481,0.018070952182945875,-0.002724132381550085,-2.198016508623918,1766201919.466021
0.4852972626686096,-1.988034963607788,0.5393646359443665,0.01832860965502442,-0.0029184739871578424,-2.198184593236867,1766201919.4760926
0.48557165265083313,-1.9880402088165283,0.5393915176391602,0.018543926565442896,-0.0026740730458696565,-2.1983557437381624,1766201919.4861286
0.4857272207736969,-1.9878411293029785,0.5393608212471008,0.018517830077275824,-0.002775339571933811,-2.1984229198626433,1766201919.4961462
0.4857139587402344,-1.9875577688217163,0.5393399596214294,0.01872633225274985,-0.003431373653164557,-2.198478646126182,1766201919.5061376
0.4858956038951874,-1.9873137474060059,0.5393759608268738,0.018706582518322495,-0.0030872848341983077,-2.1985595322562412,1766201919.5161743
0.48634371161460876,-1.987198829650879,0.5392102003097534,0.018601376876162205,-0.0034812417801197274,-2.1987142424071693,1766201919.5162265
0.4865778684616089,-1.9870944023132324,0.5392167568206787,0.01879988069885488,-0.0037774612848607684,-2.1985810759414663,1766201919.5261338
0.48659223318099976,-1.9868643283843994,0.5391445755958557,0.019609882223740542,-0.0038493024906420107,-2.1977188824762766,1766201919.5361638
0.4869217574596405,-1.9864906072616577,0.539094090461731,0.01893238688720412,-0.004268182795212523,-2.1979913723637634,1766201919.5461357
0.48711779713630676,-1.986242651939392,0.539047360420227,0.019100966105788902,-0.0043207409023592255,-2.1978702853450924,1766201919.5561335
0.4871445298194885,-1.985705018043518,0.5392909646034241,0.018840505442930863,-0.004525232886100218,-2.1984155444490074,1766201919.5661604
0.48733675479888916,-1.9855090379714966,0.5393128991127014,0.018909135210586445,-0.004398112057036559,-2.198496869343171,1766201919.5662115
0.48760712146759033,-1.9854060411453247,0.5391631126403809,0.017767496400288598,-0.003722971366647359,-2.1981029275977955,1766201919.5761735
0.487735778093338,-1.9851186275482178,0.5391137599945068,0.01876165962680864,-0.003916751792914115,-2.198195236360786,1766201919.5861502
0.48797422647476196,-1.9849276542663574,0.5390653610229492,0.017953695244977655,-0.0038054016355688423,-2.1977914599939115,1766201919.5961688
0.48809486627578735,-1.9846882820129395,0.5391199588775635,0.017798637168484396,-0.0037776539438219986,-2.19773260062507,1766201919.6061947
0.4882373511791229,-1.9844480752944946,0.539152204990387,0.017581285782263686,-0.0037970938067290283,-2.1976337961751438,1766201919.6161065
0.488374799489975,-1.9840936660766602,0.5391271114349365,0.017750300458474002,-0.00407905608492866,-2.1977661077847945,1766201919.616162
0.4885718822479248,-1.9839260578155518,0.5391027331352234,0.01765814873114961,-0.00425069498710099,-2.1977019661284243,1766201919.6361654
0.48841390013694763,-1.9835957288742065,0.5392921566963196,0.01783871709241864,-0.004398878154624328,-2.197286403432348,1766201919.636217
0.488545686006546,-1.9834176301956177,0.5393249988555908,0.018049627592784705,-0.00451196388758813,-2.1973051974467994,1766201919.6461341
0.4886053204536438,-1.9832086563110352,0.5392195582389832,0.018211076199384092,-0.004619651372517776,-2.197287494311145,1766201919.6563187
0.4886895418167114,-1.9830149412155151,0.5392595529556274,0.018521249855341156,-0.004746872286020228,-2.197982580588809,1766201919.666146
0.48887720704078674,-1.9831383228302002,0.5388820767402649,0.01912618711762043,-0.004710206147025184,-2.1970142203603724,1766201919.676134
0.4889608323574066,-1.9829970598220825,0.5391441583633423,0.018303505986056703,-0.004881829278361576,-2.198104340335104,1766201919.6761844
0.4887465536594391,-1.9828413724899292,0.539227306842804,0.018773233426440408,-0.004708299027334872,-2.1980590407407834,1766201919.6861298
0.488730251789093,-1.982814073562622,0.5391858220100403,0.018480878128812883,-0.004774338405482034,-2.1974455266429067,1766201919.69617
0.48873066902160645,-1.9827507734298706,0.5390914678573608,0.018852309927732076,-0.004616177468039687,-2.1979885090511955,1766201919.706166
0.48864930868148804,-1.9829462766647339,0.5391246676445007,0.019164673316247324,-0.003301009398681116,-2.1972738608253106,1766201919.7161763
0.4887182116508484,-1.9829150438308716,0.5391631126403809,0.018396980469418112,-0.004520176108371642,-2.197198117954663,1766201919.7162292
0.4886534810066223,-1.9830423593521118,0.5392115712165833,0.01829601136651985,-0.004289130824018337,-2.1970429840735557,1766201919.736168
0.48863503336906433,-1.9831427335739136,0.5392199158668518,0.01822087361187318,-0.004255008598965932,-2.197156561232326,1766201919.736221
0.4885890781879425,-1.98331618309021,0.5393108129501343,0.01808138342306504,-0.0041147738036702575,-2.1969968747075552,1766201919.7461874
0.4888221025466919,-1.9835212230682373,0.5391406416893005,0.017782933854614665,-0.00408638060606063,-2.197286232145586,1766201919.7563224
0.4885665774345398,-1.9837955236434937,0.5390068292617798,0.018749237599173192,-0.00401138645771726,-2.1965879702019646,1766201919.7661128
0.4882541298866272,-1.9836708307266235,0.5392580628395081,0.017964683969351955,-0.004396989491356624,-2.196981098842556,1766201919.7661636
0.48802295327186584,-1.9839133024215698,0.539310872554779,0.017972327870320548,-0.004376943724404031,-2.1976785246141683,1766201919.7761786
0.4878695607185364,-1.9841489791870117,0.5393093228340149,0.01803228268102907,-0.0043571644126371946,-2.1977207525006937,1766201919.7861924
0.4880724549293518,-1.9844295978546143,0.5391741991043091,0.017759204842038093,-0.003744165714905211,-2.197421774910901,1766201919.7961762
0.4879727363586426,-1.9845077991485596,0.5389137864112854,0.018094372042194617,-0.0037166086502066938,-2.197868437562125,1766201919.8061392
0.4878774583339691,-1.9847769737243652,0.539171576499939,0.0177883233174735,-0.003916472898718399,-2.197465687703918,1766201919.8161685
0.48773783445358276,-1.9847259521484375,0.5389986038208008,0.018373966683373866,-0.00395400924237668,-2.1974926205822936,1766201919.8162231
0.48775622248649597,-1.985015869140625,0.539035975933075,0.018106688132853235,-0.0036452380257168395,-2.197670436556784,1766201919.8261433
0.4876781105995178,-1.9851841926574707,0.5390399098396301,0.017947748654606365,-0.003495301520004955,-2.197618965310665,1766201919.8361342
0.4878498315811157,-1.9855408668518066,0.5390268564224243,0.017899760088214943,-0.003145977299326971,-2.196417589104864,1766201919.8461468
0.48751065135002136,-1.9853805303573608,0.5389993786811829,0.018807949459099797,-0.0033283479567776044,-2.196386586100339,1766201919.8561912
0.48737505078315735,-1.9856284856796265,0.5390974879264832,0.018239693544861164,-0.0034828710389356848,-2.196313729372737,1766201919.8661194
0.48753076791763306,-1.9858787059783936,0.5391872525215149,0.01796012696750611,-0.0032774212795352994,-2.19677650396814,1766201919.8761322
0.4874403178691864,-1.986098289489746,0.5389496088027954,0.019074127803099226,-0.0033270286394604886,-2.1959786406696624,1766201919.8761835
0.48728907108306885,-1.9859144687652588,0.5391731262207031,0.018899424188700054,-0.0040966678962574,-2.1973778817315117,1766201919.8861701
0.48724499344825745,-1.9860409498214722,0.5391528010368347,0.019045533806932195,-0.004186055140839612,-2.197183559006507,1766201919.8961325
0.4871479272842407,-1.986099362373352,0.5391166806221008,0.018963379749837896,-0.003971240111138681,-2.19739489324548,1766201919.9063563
0.487088143825531,-1.9859720468521118,0.539162814617157,0.01881362738517416,-0.004017018970348194,-2.1980677847551275,1766201919.9161723
0.4868934154510498,-1.9858119487762451,0.5391789078712463,0.01915690582037902,-0.0036190200428365977,-2.1980340916133563,1766201919.9261494
0.4867006242275238,-1.9858813285827637,0.5392715334892273,0.01883082941877079,-0.003875455382599012,-2.19777740577332,1766201919.9261994
0.48682206869125366,-1.9858989715576172,0.5393052101135254,0.018376641165103503,-0.004127486253165459,-2.197923359252908,1766201919.9363194
0.48694872856140137,-1.9858462810516357,0.539309024810791,0.01848713639858475,-0.0038959103604906844,-2.1980565984576828,1766201919.9461837
0.4869641959667206,-1.9858533143997192,0.539402961730957,0.01829353414690364,-0.004136560204260162,-2.197695190401259,1766201919.956135
0.4870632290840149,-1.985784649848938,0.5393322706222534,0.01835707225921451,-0.003995647058067299,-2.1975885669342827,1766201919.9661798
0.4871143400669098,-1.9857591390609741,0.5393661260604858,0.018183231186457847,-0.003938687573586519,-2.19749339847533,1766201919.9761364
0.48724430799484253,-1.9858413934707642,0.539240300655365,0.018545144120078627,-0.0036948641143728636,-2.1969743918539852,1766201919.9761837
0.4873097836971283,-1.9859249591827393,0.5391915440559387,0.01850185735973314,-0.003435059465688451,-2.196428140598517,1766201919.9861465
0.4874158203601837,-1.985969066619873,0.5391293168067932,0.01856241809077666,-0.003831102891403719,-2.1967184870647056,1766201919.9961863
0.4874446988105774,-1.9855601787567139,0.5390780568122864,0.01810972411745225,-0.00415504158659751,-2.197336225514225,1766201920.0061765
0.4870760440826416,-1.9853579998016357,0.5391084551811218,0.017946042900582423,-0.004383137152298349,-2.197055204965101,1766201920.016181
0.48740383982658386,-1.985424518585205,0.5390599966049194,0.017909173039029017,-0.004167860185147762,-2.1970953765244063,1766201920.0162363
0.48755958676338196,-1.98548424243927,0.5390507578849792,0.018368508114107014,-0.0040082464354190845,-2.197146391744142,1766201920.0261192
0.4875299036502838,-1.985253095626831,0.5391079783439636,0.018038373346296217,-0.00439730951155583,-2.1970770135741895,1766201920.0463424
0.48755574226379395,-1.985166311264038,0.5390701293945312,0.018015779723014495,-0.0044073799194327655,-2.197059462695146,1766201920.0463946
0.487663209438324,-1.9850778579711914,0.5390297174453735,0.018057239808312177,-0.003907467606047956,-2.1974971966325487,1766201920.0561106
0.4876305162906647,-1.9849872589111328,0.5390046238899231,0.017850415821493958,-0.0040197727776318986,-2.197233415346008,1766201920.066189
0.4878634810447693,-1.985048770904541,0.539023756980896,0.017953923860516717,-0.004060026936429232,-2.1963927506751784,1766201920.066242
0.48788022994995117,-1.9848755598068237,0.5390380024909973,0.017906249013295544,-0.0037534760428855818,-2.1973173014536553,1766201920.0763261
0.48800981044769287,-1.9848641157150269,0.5389382243156433,0.01796024576576027,-0.00405712176739396,-2.1963015122382346,1766201920.0861313
0.4880008101463318,-1.9848203659057617,0.5389929413795471,0.017927369094360313,-0.003861051067477164,-2.196604824761758,1766201920.0961797
0.48809686303138733,-1.9847129583358765,0.5391208529472351,0.017733955024151107,-0.003972461755989765,-2.1969539802728972,1766201920.1061668
0.48803406953811646,-1.9846696853637695,0.5390833020210266,0.0176233511773405,-0.003782246515167476,-2.197046730880711,1766201920.1161492
0.4879508912563324,-1.9845359325408936,0.5389803647994995,0.01769320405000217,-0.004036811687541745,-2.196895182446356,1766201920.1161993
0.48802757263183594,-1.9846103191375732,0.5391075611114502,0.017751051478725403,-0.0037192091210881523,-2.1970814881798355,1766201920.126143
0.48801788687705994,-1.9845287799835205,0.5390953421592712,0.017671738185042404,-0.0036922772433375145,-2.1970642066424317,1766201920.1363158
0.48800525069236755,-1.9845411777496338,0.5391292572021484,0.01779770430719871,-0.0038482110467986147,-2.1969727255412788,1766201920.1461458
0.48785287141799927,-1.9845229387283325,0.5391756892204285,0.017919992928447086,-0.003926798262758317,-2.197589456196978,1766201920.1561694
0.4879673421382904,-1.9845569133758545,0.5391886234283447,0.017726549867471082,-0.004076229416229899,-2.1969935909019727,1766201920.166184
0.48806026577949524,-1.9844958782196045,0.539029061794281,0.017953266332063428,-0.004149548494804331,-2.197103725541018,1766201920.1662369
0.48788654804229736,-1.9843411445617676,0.539129912853241,0.018627855108725982,-0.003873593670976413,-2.197325102280733,1766201920.1761427
0.4878908395767212,-1.9845143556594849,0.5389939546585083,0.017796636799239908,-0.0035741276222712596,-2.197099153546805,1766201920.1861765
0.48803824186325073,-1.9846247434616089,0.5390848517417908,0.017720533927679027,-0.003760531137655395,-2.1969935081645797,1766201920.1961758
0.48803824186325073,-1.9846508502960205,0.5389389395713806,0.017956938069391876,-0.003877853497511728,-2.1964774432280842,1766201920.2061355
0.4881705045700073,-1.984863042831421,0.5390936136245728,0.017977921632305743,-0.003975053146256817,-2.1960968216609014,1766201920.2161846
0.48797646164894104,-1.9847691059112549,0.5390276312828064,0.0178498717736219,-0.003828123186399868,-2.1963356739041506,1766201920.216238
0.4879319667816162,-1.984796166419983,0.5390199422836304,0.017870051691235518,-0.0036367261782291856,-2.1963830542460716,1766201920.2261474
0.4879005551338196,-1.9848273992538452,0.5390105247497559,0.01794934537334165,-0.0037414542109806743,-2.196484524352904,1766201920.2361896
0.48778751492500305,-1.9848153591156006,0.5390154719352722,0.0177565462067031,-0.0039824170206969895,-2.19689620975977,1766201920.246178
0.4877551794052124,-1.9849169254302979,0.5390368103981018,0.017873549121266152,-0.0037374034512306135,-2.1968834774840134,1766201920.2561746
0.4877145290374756,-1.9849179983139038,0.5390269160270691,0.01788597994405011,-0.0038620172687685154,-2.1969796771243555,1766201920.2663531
0.4877939820289612,-1.9852463006973267,0.538790225982666,0.01908136742948949,-0.0036849525026337866,-2.195485148232935,1766201920.2761197
0.487559050321579,-1.984928846359253,0.5390289425849915,0.019223511522333547,-0.0041746597428074655,-2.1980787259816443,1766201920.276163
0.4873948395252228,-1.9848885536193848,0.5390326380729675,0.018759021983910912,-0.004209487105974949,-2.197796555053663,1766201920.286189
0.4874946177005768,-1.9849538803100586,0.539028525352478,0.01857891473312326,-0.003957649311212399,-2.1971558186092985,1766201920.2963238
0.4878992438316345,-1.9855639934539795,0.5388959646224976,0.018507234154383725,-0.003439162404996355,-2.195520951773832,1766201920.3061209
0.4877292513847351,-1.9854594469070435,0.5387863516807556,0.019281275027181806,-0.003606185334429328,-2.195201147855983,1766201920.316178
0.48788484930992126,-1.985576868057251,0.5388030409812927,0.018424273913785497,-0.003517186551333236,-2.1953762451674206,1766201920.3162317
0.48784422874450684,-1.985450029373169,0.5389679670333862,0.018125279206285153,-0.0033301371727014395,-2.1956513532703847,1766201920.3263795
0.48769867420196533,-1.9855633974075317,0.5390014052391052,0.017851395370917077,-0.0036762096524846923,-2.1954755012234815,1766201920.3361433
0.4876987040042877,-1.9855083227157593,0.5389846563339233,0.017695496414609366,-0.003455334595022315,-2.1953237762817817,1766201920.346152
0.4876372218132019,-1.985491156578064,0.5389440059661865,0.017924678473648238,-0.003490047021520928,-2.195124099018953,1766201920.3561864
0.4877142608165741,-1.985487699508667,0.5389663577079773,0.018135951745556905,-0.003356627964461207,-2.1954823308785767,1766201920.3660643
0.4876411557197571,-1.9854824542999268,0.538959801197052,0.01806274068709055,-0.0034628841527324394,-2.195404101841953,1766201920.366107
0.4874858260154724,-1.98524808883667,0.5390600562095642,0.01813204215662504,-0.003695764712270816,-2.1967093809646716,1766201920.3761528
0.4874931573867798,-1.985407829284668,0.5389165878295898,0.0182242284456377,-0.003811166315504903,-2.196022010550262,1766201920.3861551
0.48761385679244995,-1.985385537147522,0.5390152335166931,0.018528132224782164,-0.003985403604974858,-2.196071306493467,1766201920.3961422
0.4876273274421692,-1.9853476285934448,0.5389991998672485,0.01847792572611937,-0.004042568602501616,-2.196073657246837,1766201920.406191
0.4876442551612854,-1.9853140115737915,0.5391975045204163,0.018110702539277972,-0.0039168670171143005,-2.1964786677901667,1766201920.4161124
0.48783445358276367,-1.9855605363845825,0.5388626456260681,0.01847162388699702,-0.0035745420931538744,-2.1950824927028183,1766201920.4161565
0.4878736436367035,-1.9854984283447266,0.5388860106468201,0.018316817305340856,-0.0034906235012480274,-2.1952008903606512,1766201920.4261026
0.4878295361995697,-1.9854490756988525,0.5390545129776001,0.01840843904381909,-0.003788121940121458,-2.1956291371918155,1766201920.4361725
0.48783761262893677,-1.9854284524917603,0.5387954711914062,0.018197660312103667,-0.0036830024554995785,-2.194823198218822,1766201920.4561355
0.48787298798561096,-1.985144019126892,0.5390756130218506,0.01803000612349141,-0.003727499177969521,-2.195830296810953,1766201920.4562085
0.48795032501220703,-1.9852309226989746,0.5389650464057922,0.018141333873131903,-0.0034608171175080317,-2.1954671259673524,1766201920.4661846
0.4879454970359802,-1.9851861000061035,0.5389503240585327,0.018037527680702763,-0.003444021184354533,-2.195405916935803,1766201920.4662375
0.48769819736480713,-1.9849328994750977,0.538938045501709,0.017905642325174595,-0.003887674962223307,-2.1963904774780807,1766201920.4761412
0.4878014624118805,-1.9850225448608398,0.5388996601104736,0.01799682421933399,-0.003994507883830404,-2.1955251607986175,1766201920.48614
0.4877042770385742,-1.9849094152450562,0.5389353632926941,0.0179371582190619,-0.003876924609021339,-2.1963731111070577,1766201920.4961145
0.48767727613449097,-1.9848817586898804,0.5389736890792847,0.017986464401663422,-0.0038813104951969076,-2.1964067254302617,1766201920.5063367
0.48775559663772583,-1.9848971366882324,0.5390052199363708,0.01803218610875302,-0.0037757613639937304,-2.196647916314519,1766201920.516182
0.48794734477996826,-1.9850890636444092,0.5389065146446228,0.018138403530218603,-0.0035224686049709856,-2.1954417694466386,1766201920.5162358
0.48776349425315857,-1.9848084449768066,0.5389655232429504,0.017909383736232447,-0.004139153171275712,-2.19634202757945,1766201920.5261147
0.48773086071014404,-1.9848153591156006,0.5389800667762756,0.017941309683187308,-0.003928162963415174,-2.19629552366017,1766201920.536336
0.4878966808319092,-1.9849464893341064,0.5392113924026489,0.01796362066098106,-0.003999487941092698,-2.196276582786099,1766201920.546138
0.48800671100616455,-1.9851702451705933,0.5390485525131226,0.0180660919726079,-0.003454886005695082,-2.195144383829295,1766201920.556146
0.4879973232746124,-1.984929084777832,0.5389901995658875,0.018033083896534775,-0.0036522863622650667,-2.1957395727689595,1766201920.566188
0.4877593517303467,-1.9849227666854858,0.5390567779541016,0.01789693206962745,-0.0034582830257611423,-2.1956921779176093,1766201920.5662422
0.48790305852890015,-1.9851276874542236,0.5390536189079285,0.01830703126195961,-0.0036897931155857088,-2.1961794558820857,1766201920.5760708
0.48796346783638,-1.9851672649383545,0.5390217900276184,0.018123797069209645,-0.0035355249367599977,-2.195034307763996,1766201920.5861366
0.4878399074077606,-1.9850869178771973,0.5388705134391785,0.01795967104167852,-0.0035537868447151517,-2.1948325544556577,1766201920.5961776
0.48775339126586914,-1.9849951267242432,0.5390955805778503,0.017876467632734445,-0.003638146895263899,-2.196350822411274,1766201920.606155
0.4876228868961334,-1.9848650693893433,0.5389891266822815,0.017976147036629576,-0.003831031770784392,-2.196138339756352,1766201920.6161327
0.4875936210155487,-1.984885573387146,0.538968563079834,0.017877925995607898,-0.003886137375464186,-2.196103781519583,1766201920.6162012
0.48766037821769714,-1.9849114418029785,0.5390004515647888,0.01807648861969969,-0.0037186018688476234,-2.196369329300556,1766201920.6261568
0.4876612722873688,-1.9850633144378662,0.5390767455101013,0.018023532453057954,-0.003733946938916268,-2.1963703340063176,1766201920.6361828
0.4877018630504608,-1.9850307703018188,0.5390197038650513,0.01808324631635842,-0.0036927413091169987,-2.1964609736935774,1766201920.6463695
0.4876585900783539,-1.9849350452423096,0.5389376878738403,0.01784580168313229,-0.003925337637830647,-2.1961173474665823,1766201920.656181
0.4878509044647217,-1.985371470451355,0.5388761162757874,0.01852586648266858,-0.0032620780374653666,-2.194634391099241,1766201920.6661882
0.4879024624824524,-1.9851880073547363,0.5389272570610046,0.018103472227440555,-0.003425991301320063,-2.195177720244518,1766201920.6662421
0.48776426911354065,-1.985139012336731,0.5389459133148193,0.017880537141510083,-0.00386503165365114,-2.195233365292635,1766201920.676174
0.4878905117511749,-1.985399842262268,0.5388583540916443,0.018262880120261747,-0.0035287973442054113,-2.194739106052414,1766201920.6861098
0.48781418800354004,-1.985154628753662,0.5390170812606812,0.018082750839832237,-0.0036602931273888827,-2.1953437498866144,1766201920.696196
0.48788753151893616,-1.985426902770996,0.5388603806495667,0.018294738274583677,-0.0034868166099919226,-2.194621053593734,1766201920.7061102
0.4875512719154358,-1.9850157499313354,0.5389537811279297,0.017871161443321182,-0.0039060824390511717,-2.1958408829254172,1766201920.716145
0.4875951409339905,-1.9851127862930298,0.5390823483467102,0.017801401788025424,-0.003670560764122878,-2.1959802156780306,1766201920.7161968
0.48749953508377075,-1.9850133657455444,0.538909375667572,0.017886892561892277,-0.003846728261370736,-2.195775125018501,1766201920.7261603
0.4875379800796509,-1.9850184917449951,0.5389406085014343,0.017944668664549763,-0.0038612349500380737,-2.1959326452553216,1766201920.736316
0.4877113103866577,-1.9852510690689087,0.5388262867927551,0.01814321841329471,-0.0035744120389128125,-2.194658223130239,1766201920.746158
0.487535297870636,-1.985012412071228,0.5389618873596191,0.017935327075298258,-0.0038367803442139114,-2.1958121252468255,1766201920.7561734
0.4875345826148987,-1.9850229024887085,0.5389578342437744,0.01798389993694716,-0.003825366317894718,-2.195868040317207,1766201920.7661846
0.48756086826324463,-1.985030174255371,0.5389901995658875,0.017898394041305613,-0.003790762032342732,-2.1957809894066855,1766201920.7662373
0.48759135603904724,-1.9850229024887085,0.5389842987060547,0.017806479971250826,-0.003767102997525468,-2.195751396519707,1766201920.7761538
0.4879020154476166,-1.9852089881896973,0.5389789938926697,0.018110555352097414,-0.003349989685401012,-2.1949291742015813,1766201920.7861865
0.48788824677467346,-1.9852207899093628,0.5389283895492554,0.018111325567229993,-0.0035421818431298985,-2.1947871191228576,1766201920.7961826
0.48792994022369385,-1.9853782653808594,0.5388229489326477,0.018380382713423373,-0.0035505279946784975,-2.1945386037218944,1766201920.8061476
0.48790985345840454,-1.9852036237716675,0.5388875007629395,0.01814336558499161,-0.003493042813481161,-2.194861050824798,1766201920.816179
0.48791974782943726,-1.9852054119110107,0.5389407873153687,0.018160945639070267,-0.0034251838347387595,-2.194941079974018,1766201920.8162348
0.4877902567386627,-1.98521089553833,0.5388924479484558,0.018007941939955766,-0.003612349953815313,-2.194666225397729,1766201920.8261247
0.4875955879688263,-1.9849777221679688,0.5389959812164307,0.017889668035492853,-0.0038044782752516327,-2.1958772249238327,1766201920.836134
0.4875824451446533,-1.9849672317504883,0.5389674305915833,0.017876529303198656,-0.0038228818079172155,-2.1958086425967176,1766201920.8461816
0.48772814869880676,-1.985180377960205,0.538846492767334,0.018116866453438303,-0.00355876009917646,-2.194670566427817,1766201920.856175
0.4875307083129883,-1.984951376914978,0.5389992594718933,0.017901052472015764,-0.003847602720537395,-2.195817330827656,1766201920.8661394
0.4875665009021759,-1.9849421977996826,0.5389822125434875,0.01780535381566155,-0.0038871568787904954,-2.1958844719817794,1766201920.8662074
0.48757678270339966,-1.984890103340149,0.5389613509178162,0.01889272365081727,-0.004007884155294262,-2.19631539274866,1766201920.8761432
0.4878128468990326,-1.985077977180481,0.5389750599861145,0.018139633059671936,-0.003770293945464583,-2.195312747069121,1766201920.8861582
0.48779934644699097,-1.9852862358093262,0.5388669967651367,0.019459399063124393,-0.0036502739928136567,-2.1946029690613336,1766201920.8961897
0.48792698979377747,-1.9853925704956055,0.538851797580719,0.018830450577071063,-0.00366225370015246,-2.194616336786174,1766201920.9061894
0.4878821074962616,-1.9851734638214111,0.5389553904533386,0.018848045871436,-0.0036287574568207516,-2.1951661757414724,1766201920.9161851
0.48785239458084106,-1.9852516651153564,0.5389959216117859,0.018747078499407325,-0.0038699162752395136,-2.195373633458981,1766201920.9263523
0.4879451096057892,-1.9852899312973022,0.5388261675834656,0.018790769410362923,-0.0038590385136778906,-2.1948426844606934,1766201920.9264069
0.487908273935318,-1.9853581190109253,0.5388734340667725,0.018834843504618396,-0.0036249864761838933,-2.1945126657303,1766201920.9361205
0.4878885746002197,-1.9853452444076538,0.5387874245643616,0.018484453357413114,-0.003537218505472103,-2.1943980604675812,1766201920.9461625
0.48782122135162354,-1.9850620031356812,0.5388307571411133,0.018277492460715593,-0.0037768469221610124,-2.1948646098505145,1766201920.9561813
0.4876306354999542,-1.984944224357605,0.5390132665634155,0.018008592661200556,-0.003627764961507878,-2.1959656918807355,1766201920.9661345
0.48752808570861816,-1.9849554300308228,0.5389392971992493,0.01785294275512107,-0.0038436240165627576,-2.195763784669291,1766201920.9661837
0.4877646267414093,-1.985170841217041,0.5388961434364319,0.018192854705041995,-0.0034546815528094525,-2.194779901884887,1766201920.9761455
0.48752275109291077,-1.9849594831466675,0.5389741659164429,0.017939646651093613,-0.003825766641311841,-2.1957566927192613,1766201920.9861805
0.4877929091453552,-1.9851963520050049,0.5389299988746643,0.01818892892655517,-0.0034178510853450435,-2.194755197191992,1766201920.9961205
0.487641841173172,-1.9849740266799927,0.5390208959579468,0.018025223667373483,-0.0035694158544821125,-2.1960569013895346,1766201921.0061204
0.4876609146595001,-1.984979271888733,0.5389924049377441,0.018054600266726884,-0.0035562831602013517,-2.196012260552261,1766201921.0161972
0.4876943826675415,-1.9850823879241943,0.5388659238815308,0.017918399262680157,-0.003487696738771106,-2.1949796323418176,1766201921.0162542
0.4877488613128662,-1.9849514961242676,0.53903728723526,0.017970417577810618,-0.004003420396141724,-2.1957799342890603,1766201921.0261257
0.48794445395469666,-1.98526132106781,0.538777768611908,0.018516085940912128,-0.003756780098686464,-2.1948189474668576,1766201921.0361583
0.48771893978118896,-1.9853572845458984,0.538912296295166,0.01922289352452714,-0.0034881188650313167,-2.1941097397296714,1766201921.046159
0.4877558648586273,-1.9851887226104736,0.5388621091842651,0.01831038730250463,-0.003718039948575816,-2.1948899885024082,1766201921.056152
0.4876862168312073,-1.9850472211837769,0.5390361547470093,0.018271046431850815,-0.00374044980639022,-2.196274010947433,1766201921.0660849
0.48784273862838745,-1.9853495359420776,0.5387686491012573,0.018452055536121836,-0.003611441939703691,-2.1943804545668364,1766201921.0661442
0.48759573698043823,-1.9849528074264526,0.5389981865882874,0.018042577474667528,-0.003731861587090837,-2.196008116823065,1766201921.0759828
0.4875289797782898,-1.984963059425354,0.5389854311943054,0.017839810925262583,-0.003774984290500767,-2.195867808870468,1766201921.0862577
0.48768723011016846,-1.9851956367492676,0.5389074087142944,0.01808056544196389,-0.003589289001639274,-2.194585528226201,1766201921.0959966
0.48772138357162476,-1.9851715564727783,0.5388930439949036,0.0182153649827063,-0.0034134469365884874,-2.1946512869764616,1766201921.1059778
0.4873403310775757,-1.9847625494003296,0.5390164256095886,0.01858615703022687,-0.0038597783350791206,-2.1958650362966297,1766201921.1159892
0.48772022128105164,-1.9851696491241455,0.5388596057891846,0.018203722244479976,-0.0034381942458820685,-2.1945946544562185,1766201921.116129
0.4878329634666443,-1.9851813316345215,0.5389404296875,0.018048637662992712,-0.0034243068819896348,-2.1948219918938876,1766201921.1261163
0.487893670797348,-1.9853463172912598,0.5388410091400146,0.018473607880157877,-0.003512669321905831,-2.1945799456998074,1766201921.1360192
0.48766854405403137,-1.9848929643630981,0.5390036702156067,0.018273166716443898,-0.0040420237769126085,-2.1965907995213647,1766201921.1459947
0.4879475235939026,-1.9852510690689087,0.5387874841690063,0.018661214756281533,-0.003586731961477701,-2.194744897520379,1766201921.1561253
0.48772332072257996,-1.9852529764175415,0.5387566089630127,0.01935166401632604,-0.0037212511529012625,-2.1947045582205185,1766201921.1661077
0.48767897486686707,-1.985083818435669,0.5389663577079773,0.01843815833280221,-0.003957055660621367,-2.1964456374071366,1766201921.1661608
0.48771482706069946,-1.9850813150405884,0.5389297008514404,0.018109052960603226,-0.0038332181807153145,-2.1959882498069443,1766201921.176052
0.48771750926971436,-1.9850454330444336,0.5389867424964905,0.018216030248750254,-0.003955027017359484,-2.1962373161067545,1766201921.1860414
0.4875848889350891,-1.984871745109558,0.5388754606246948,0.0182019635311418,-0.0039203871672971995,-2.195971777679027,1766201921.19606
0.48751693964004517,-1.9849475622177124,0.538912832736969,0.017926465456604056,-0.0038444041163869084,-2.1957723493300505,1766201921.2061093
0.48734012246131897,-1.984789490699768,0.5390673875808716,0.018397732893503337,-0.003897297232236121,-2.1960141076800164,1766201921.2161145
0.48750588297843933,-1.9849610328674316,0.5390023589134216,0.017979874763686517,-0.003777134400370314,-2.195835663641179,1766201921.216165
0.4875360429286957,-1.9849501848220825,0.5389784574508667,0.017925129769552073,-0.00377753554993356,-2.1957591142290465,1766201921.2260962
0.4874267876148224,-1.9847683906555176,0.5389863848686218,0.01839276600960224,-0.003963126195288025,-2.1960183797483355,1766201921.2360947
0.48772570490837097,-1.984980821609497,0.5390937328338623,0.01799595320450563,-0.003904850639481549,-2.1957360737094502,1766201921.2460425
0.48773831129074097,-1.9849992990493774,0.5391194820404053,0.018012081391689982,-0.0038919151777564924,-2.195803538192058,1766201921.2561126
0.48780375719070435,-1.9850127696990967,0.5391023755073547,0.0180168356319534,-0.0038756958613583837,-2.195851387057186,1766201921.2661095
0.48783984780311584,-1.9851808547973633,0.5389493703842163,0.01841596626351963,-0.00392305752439185,-2.195431840987985,1766201921.266161
0.487944096326828,-1.9854092597961426,0.5388185977935791,0.018806875781048723,-0.0036977538734514607,-2.1944824288578317,1766201921.2760274
0.4876628518104553,-1.985020637512207,0.5389494299888611,0.019206787366319533,-0.004364917562320141,-2.1960344914882284,1766201921.2860518
0.48777860403060913,-1.9853636026382446,0.5391354560852051,0.018956823577338782,-0.004246820059358255,-2.19589022706508,1766201921.2961159
0.48762157559394836,-1.9851019382476807,0.5391050577163696,0.018111589089724104,-0.003489034842056165,-2.19602449105044,1766201921.3061101
0.4873915910720825,-1.9847962856292725,0.5391280651092529,0.01834882751086064,-0.004163704983041911,-2.1957523235903063,1766201921.3161094
0.48754987120628357,-1.9849153757095337,0.5388656258583069,0.01802272566205534,-0.004044944366896568,-2.1958639032435,1766201921.3161597
0.48748454451560974,-1.9849648475646973,0.5389353632926941,0.01794020782529414,-0.0038442524804701258,-2.195667339925064,1766201921.3260915
0.48710745573043823,-1.9848461151123047,0.5392194986343384,0.01855068501589322,-0.003295693321952279,-2.1955419806575227,1766201921.336018
0.48751020431518555,-1.9850795269012451,0.5389899611473083,0.018738858607673946,-0.0034731755300431047,-2.19449518978894,1766201921.346036
0.4875639081001282,-1.9849753379821777,0.538963258266449,0.017971631861251922,-0.003724920464643248,-2.1957327088216756,1766201921.3560574
0.4876628518104553,-1.9849613904953003,0.5389893054962158,0.017839522095051588,-0.004032885913863856,-2.195457380475515,1766201921.3660386
0.48779067397117615,-1.985000729560852,0.5388540029525757,0.018170486318393266,-0.0039957126875757205,-2.1960647461562868,1766201921.3760703
0.48756319284439087,-1.9849963188171387,0.5389701128005981,0.019210672013747612,-0.004436685240341112,-2.195774093513198,1766201921.3760924
0.4878041446208954,-1.985275387763977,0.5387856960296631,0.019182825395213172,-0.003631917123618937,-2.1942729210794845,1766201921.3859866
0.48798081278800964,-1.985324740409851,0.5388342142105103,0.01843838042327392,-0.003525425121096544,-2.194616419152186,1766201921.395972
0.48781347274780273,-1.9850568771362305,0.538862943649292,0.018356505623237377,-0.003989495301771858,-2.1960897844455958,1766201921.406147
0.48783349990844727,-1.985102653503418,0.538960874080658,0.018216872011056786,-0.0036780060778768835,-2.1952498261657882,1766201921.4161372
0.4875800907611847,-1.9851773977279663,0.5388949513435364,0.018558844487789192,-0.003686280470988373,-2.195283614210667,1766201921.416193
0.48762574791908264,-1.9851080179214478,0.5390119552612305,0.01858531460540689,-0.003912032625445038,-2.1952898060193933,1766201921.4260595
0.48762306571006775,-1.9849703311920166,0.5390355587005615,0.017996589822197755,-0.0036963724154674736,-2.1960490888685213,1766201921.4359877
0.4876193404197693,-1.9849612712860107,0.5389518141746521,0.018143483296086935,-0.0036469222225562576,-2.1960402635134515,1766201921.4460099
0.48755040764808655,-1.984938383102417,0.5389055013656616,0.017839114510736356,-0.0039031863380928795,-2.195662506735811,1766201921.4559648
0.487569659948349,-1.9848978519439697,0.5388791561126709,0.018060936717342106,-0.0039912859806332975,-2.1958340632902296,1766201921.4661384
0.48765695095062256,-1.9849318265914917,0.5390139222145081,0.017972016932721165,-0.0037050591029616485,-2.195929587898671,1766201921.4760947
0.48767074942588806,-1.9849189519882202,0.5390381813049316,0.01784013148242735,-0.0036454076998845607,-2.1959652905684814,1766201921.476148
0.4877723455429077,-1.9850744009017944,0.539006769657135,0.01805748923325938,-0.0036493631849255173,-2.195051804526163,1766201921.486118
0.48783352971076965,-1.9853352308273315,0.5388399958610535,0.018447445065318768,-0.0035504700607258037,-2.194358238215984,1766201921.4961224
0.48788169026374817,-1.9853451251983643,0.5388270020484924,0.018572641412247036,-0.0035018341216363066,-2.1943464817773113,1766201921.5060842
0.4879414737224579,-1.9853461980819702,0.5388447046279907,0.01840106979228381,-0.0035130004630739143,-2.194538399942855,1766201921.51604
0.48786109685897827,-1.9853529930114746,0.5387575030326843,0.018324119937313164,-0.003674484853997999,-2.194241493181127,1766201921.5261214
0.4877367615699768,-1.9851289987564087,0.5389020442962646,0.018263592542677842,-0.004159531418662967,-2.1952006070174632,1766201921.5262287
0.48758870363235474,-1.9852087497711182,0.5390543341636658,0.018662249824128237,-0.003952552650642061,-2.1961425415208105,1766201921.5360441
0.4875931739807129,-1.9849481582641602,0.5389359593391418,0.018013976234902345,-0.0038256029714301963,-2.1959357037830682,1766201921.5461202
0.48764240741729736,-1.9851289987564087,0.5389280915260315,0.018395578659271897,-0.0037122286581250555,-2.195611621468567,1766201921.5560944
0.48760226368904114,-1.9849417209625244,0.53900545835495,0.018054187072876364,-0.0037174804301295466,-2.196033919291597,1766201921.5661333
0.4877912402153015,-1.985167145729065,0.5389507412910461,0.01831868661273187,-0.0033382392541074194,-2.194851076637222,1766201921.5761187
0.487559050321579,-1.9849451780319214,0.5389990210533142,0.018041275311071067,-0.003719155792190305,-2.195774099596223,1766201921.5762806
0.48763784766197205,-1.9849714040756226,0.539000391960144,0.017895164218894154,-0.003592755055125569,-2.1959328203109902,1766201921.5860147
0.4878065586090088,-1.98537278175354,0.5387787222862244,0.018270359864966206,-0.003655685380580071,-2.1940757867455263,1766201921.5960603
0.48786279559135437,-1.985186219215393,0.5388510227203369,0.018107041368991827,-0.0034528071097189783,-2.1946810038732414,1766201921.6060848
0.48788994550704956,-1.9851652383804321,0.5388578176498413,0.018199873624871594,-0.003517721612755554,-2.194732768454303,1766201921.6161005
0.4878741502761841,-1.9850733280181885,0.5389956831932068,0.01807802643799035,-0.003698750556720663,-2.1952834661688936,1766201921.6161418
0.4878365099430084,-1.9851610660552979,0.5388194918632507,0.018064653967721108,-0.003595107345246277,-2.194617170519699,1766201921.6261208
0.48774564266204834,-1.9850873947143555,0.5388799905776978,0.01823165714712938,-0.003697993446903715,-2.195614775037742,1766201921.636099
0.48761042952537537,-1.9849426746368408,0.538935124874115,0.017862016182167765,-0.003870614405989105,-2.195729118894899,1766201921.6460588
0.48767706751823425,-1.9851179122924805,0.5389330983161926,0.018422624349585425,-0.0037143393182034927,-2.1954955670365583,1766201921.6561174
0.4877500534057617,-1.985190510749817,0.5388835072517395,0.018116949831272315,-0.003607017327291128,-2.194619233076323,1766201921.6661432
0.48772963881492615,-1.9851727485656738,0.5388692021369934,0.018153466535966948,-0.003611663485404701,-2.194669348022093,1766201921.6661823
0.4875270426273346,-1.9848955869674683,0.5389095544815063,0.018145846553794004,-0.003933325987349283,-2.1958775264007344,1766201921.6760807
0.4875412881374359,-1.984921932220459,0.5389139652252197,0.017896816566713665,-0.003833556427969449,-2.1956906773290683,1766201921.6861145
0.4876396656036377,-1.9849096536636353,0.5389009714126587,0.01811073591105902,-0.0038710073432818163,-2.1960799796825694,1766201921.69612
0.48784583806991577,-1.9851163625717163,0.5388525724411011,0.018507575499924652,-0.0035790190896484862,-2.1948927848833804,1766201921.7061176
0.4878845810890198,-1.985342025756836,0.5388692617416382,0.018306144460703593,-0.0035435339983399244,-2.1943969130622363,1766201921.716109
0.48784470558166504,-1.9851793050765991,0.5388888120651245,0.018114109958221335,-0.0035455387917380917,-2.194689851425825,1766201921.7161496
0.48784714937210083,-1.9851661920547485,0.5388388633728027,0.018525851625634183,-0.0039614221231140685,-2.1949767003755682,1766201921.7260747
0.4878661334514618,-1.985032558441162,0.5389196872711182,0.018253917531264305,-0.0038927459952395748,-2.19530191314729,1766201921.7361076
0.48786479234695435,-1.985181450843811,0.5389285087585449,0.018155346034356246,-0.0035209088094644487,-2.1948444745651026,1766201921.746102
0.48785918951034546,-1.9851881265640259,0.5389313101768494,0.018188097000576556,-0.003444957627031393,-2.194710335594569,1766201921.7561002
0.4877949655056,-1.9850441217422485,0.53892582654953,0.018382998413741535,-0.004222980705225396,-2.1956374522383313,1766201921.766105
0.4876304864883423,-1.9850724935531616,0.5390505194664001,0.01801442725908669,-0.0035581310292707095,-2.1959564922485293,1766201921.7661464
0.48772934079170227,-1.9851311445236206,0.5387832522392273,0.018332279620530002,-0.003706698630268738,-2.194729707667248,1766201921.786101
0.4876148998737335,-1.9849754571914673,0.5390183329582214,0.018020310960658193,-0.0036999718661370287,-2.1960036315471925,1766201921.7862093
0.4875372648239136,-1.9849483966827393,0.5389875769615173,0.01786670202714985,-0.003847559745349643,-2.1957672029470667,1766201921.7960832
0.4875448942184448,-1.984939455986023,0.5389593839645386,0.017879722354618103,-0.0038689403318872737,-2.195741771392723,1766201921.8061104
0.4875486195087433,-1.9849258661270142,0.5389429330825806,0.017836494088398706,-0.0038586459519239762,-2.1957813738400813,1766201921.8161159
0.48758789896965027,-1.9849773645401,0.5389484763145447,0.017820435087148447,-0.0038237510837919727,-2.19582075549797,1766201921.816168
0.4877738654613495,-1.9851956367492676,0.538873553276062,0.01799040489233071,-0.003548865581314348,-2.1946219601238455,1766201921.8260849
0.48762235045433044,-1.9849520921707153,0.5389754772186279,0.01782886765058153,-0.003785343281585325,-2.1957723917115124,1766201921.8360622
0.48783835768699646,-1.9852479696273804,0.5389028191566467,0.018318269727444145,-0.003729338402479306,-2.1948684053626604,1766201921.8461115
0.4879235625267029,-1.985342264175415,0.5387903451919556,0.018265707862100536,-0.0035813329110361684,-2.1944635159186374,1766201921.8560512
0.48778438568115234,-1.9852545261383057,0.5388491749763489,0.01823190436626819,-0.003777415160135703,-2.194650784815035,1766201921.866097
0.48776915669441223,-1.9849931001663208,0.5390695333480835,0.018048660581778026,-0.0039027570487419707,-2.1958142079578487,1766201921.8661485
0.4878253638744354,-1.9852091073989868,0.5389395356178284,0.01844418038554759,-0.0035194146745560276,-2.195048135246763,1766201921.8860211
0.48724839091300964,-1.9848198890686035,0.539077639579773,0.01867165033972053,-0.0038460127458360012,-2.195690454538039,1766201921.8860352
0.48770684003829956,-1.9850561618804932,0.538851261138916,0.018332153249399494,-0.0039950837971494116,-2.195942634633717,1766201921.896034
0.48748862743377686,-1.9849531650543213,0.5389431118965149,0.018086788563149617,-0.003732998136781867,-2.19568793286951,1766201921.9060955
0.4876088798046112,-1.9849495887756348,0.5390244126319885,0.018184575337082814,-0.0036153285551319405,-2.1959935019378154,1766201921.9161117
0.48755568265914917,-1.9849716424942017,0.5389931201934814,0.01789095934587725,-0.003874519136411684,-2.1957468558479287,1766201921.9161634
0.4878140389919281,-1.9851881265640259,0.5388893485069275,0.01824376098868607,-0.003513230505442761,-2.1947538071653323,1766201921.9259498
0.48776066303253174,-1.985191822052002,0.5388255715370178,0.018047733245143555,-0.0035964904894478177,-2.194466959653536,1766201921.9360547
0.4878396689891815,-1.9851847887039185,0.5388756394386292,0.01823859298232939,-0.003457196448946859,-2.1946784849426657,1766201921.9461055
0.4877188205718994,-1.9849611520767212,0.5390661954879761,0.0180514510336686,-0.003999550556409029,-2.1956836050853443,1766201921.9560456
0.4877370297908783,-1.9849565029144287,0.5390245914459229,0.017860043869701504,-0.0036846139577319343,-2.195954585158994,1766201921.9661093
0.4878973960876465,-1.9851866960525513,0.5389273166656494,0.018067294187861974,-0.003465078552529231,-2.1947873629803527,1766201921.9661603
0.48790696263313293,-1.985201358795166,0.5388979911804199,0.018215619263848997,-0.00344158925387003,-2.1947882987944243,1766201921.986016
0.4878680109977722,-1.985181450843811,0.5388975143432617,0.018144073651006006,-0.0035127366478429943,-2.1947229811389266,1766201921.9860318
0.4877036213874817,-1.984976053237915,0.5390983819961548,0.01817751869319813,-0.0038853845707623714,-2.1957454056026062,1766201921.9960983
0.4877787232398987,-1.9850730895996094,0.5388879776000977,0.01850054327062251,-0.004212792127322368,-2.1956916599197585,1766201922.0061288
0.4878252148628235,-1.9852625131607056,0.5389125347137451,0.018637050341169508,-0.0035371026063552844,-2.1951024173680493,1766201922.016097
0.48757171630859375,-1.984898328781128,0.5388348698616028,0.017935068201174402,-0.004047170990683086,-2.195851756868373,1766201922.0161486
0.48753809928894043,-1.9849544763565063,0.5389609336853027,0.017930916594597696,-0.0038643455828643123,-2.1957239647788063,1766201922.0260427
0.48758643865585327,-1.9849519729614258,0.5390679240226746,0.017923182525472137,-0.003976689130038958,-2.1955613801906915,1766201922.0360413
0.48760557174682617,-1.9849822521209717,0.5390443801879883,0.018054388751653345,-0.003696649992667752,-2.1960107531542934,1766201922.0460885
0.4875054359436035,-1.9848079681396484,0.5391272902488708,0.018759973183062047,-0.003982846646075899,-2.1958862912267088,1766201922.0561101
0.48764902353286743,-1.984961986541748,0.5390540957450867,0.017738532720422893,-0.003953640644762993,-2.195463309691028,1766201922.0661008
0.48785290122032166,-1.985180139541626,0.5388893485069275,0.018179173528030855,-0.0034504782526832427,-2.194674168863839,1766201922.0661514
0.48786577582359314,-1.9851868152618408,0.5388997793197632,0.01810853119543237,-0.0035216463414109236,-2.1947278000491823,1766201922.0760684
0.4879266619682312,-1.9853161573410034,0.5389964580535889,0.018128976944726,-0.003495414119346622,-2.1949621920430253,1766201922.0860963
0.48792073130607605,-1.9853878021240234,0.538825511932373,0.018827994716495884,-0.0037276520617058866,-2.1948069688325065,1766201922.0961218
0.48765820264816284,-1.9851330518722534,0.539023756980896,0.018946958906694178,-0.0034316405426229515,-2.1948141906814804,1766201922.1060798
0.48781806230545044,-1.985133409500122,0.5389121770858765,0.018628346766883186,-0.003693667948636648,-2.195250213149109,1766201922.1160955
0.48766061663627625,-1.9849803447723389,0.5389833450317383,0.018022841399868393,-0.003741240416776496,-2.1960518852639876,1766201922.1161468
0.48758307099342346,-1.9849402904510498,0.5389562845230103,0.017898419339829084,-0.0037755493061128365,-2.195841954738087,1766201922.1260543
0.4875166416168213,-1.9849778413772583,0.5389760732650757,0.018008862550614842,-0.003737133032192351,-2.195750850056954,1766201922.136046
0.48750728368759155,-1.984972357749939,0.5390298366546631,0.0180107148648035,-0.0037529782117461706,-2.1957639539933975,1766201922.1460981
0.4875456690788269,-1.9849505424499512,0.5389891862869263,0.017892969801798057,-0.0038556705130029963,-2.1958414333743086,1766201922.156117
0.4875982701778412,-1.9848926067352295,0.5388882756233215,0.01797159503284239,-0.003992217435393119,-2.19591222124505,1766201922.166118
0.4875854551792145,-1.984967589378357,0.5389364957809448,0.017954966711955473,-0.003791225797446132,-2.1957624354365644,1766201922.1661692
0.487800657749176,-1.985120415687561,0.5390329957008362,0.018108816983954806,-0.0037664440612988175,-2.1952039989189056,1766201922.1759956
0.487863153219223,-1.9852427244186401,0.5389726161956787,0.01841765270490747,-0.003768007093230906,-2.1950878035976698,1766201922.196122
0.48768487572669983,-1.9849790334701538,0.5390185117721558,0.018007681577592922,-0.00356062817610614,-2.1959187030481715,1766201922.1962266
0.48792803287506104,-1.9853206872940063,0.5388107895851135,0.018420494545020906,-0.0035362578178811197,-2.194543605479308,1766201922.2060611
0.4879225492477417,-1.9853572845458984,0.5388033986091614,0.018385113238667265,-0.003541263765168952,-2.194452528002982,1766201922.2160578
0.48783525824546814,-1.9852478504180908,0.5389525890350342,0.018496395699522963,-0.0037259181439324414,-2.195035199369693,1766201922.2160883
0.4876790940761566,-1.9849820137023926,0.5390180945396423,0.018020269756802407,-0.003656324694938695,-2.196040825616213,1766201922.2261045
0.4875257909297943,-1.9849421977996826,0.5389779210090637,0.018268037558609253,-0.003559858769151746,-2.1958387893399687,1766201922.2360866
0.4876538813114166,-1.9850752353668213,0.5390827655792236,0.01811384792324428,-0.003636615441918704,-2.1960921026882154,1766201922.2461019
0.487548828125,-1.9849296808242798,0.538958728313446,0.017935235335590716,-0.003876274595437335,-2.195798563839246,1766201922.2561035
0.4873162806034088,-1.9848283529281616,0.5390493869781494,0.01836113953438074,-0.003879096050901202,-2.1958822871328465,1766201922.266085
0.48746591806411743,-1.9849681854248047,0.5389687418937683,0.018080514322060363,-0.0036800909070873328,-2.1958343852804916,1766201922.2661593
0.4877067804336548,-1.9851573705673218,0.5388643741607666,0.018129771321969062,-0.0035214076926905957,-2.19456265674499,1766201922.2760332
0.4877479374408722,-1.9851598739624023,0.5388561487197876,0.017963216488042142,-0.003607699804936777,-2.194556381653073,1766201922.2959933
0.48776137828826904,-1.985168695449829,0.5388458967208862,0.018146770605503553,-0.0035782103007682407,-2.1945581361583604,1766201922.2960181
0.4878436028957367,-1.9851887226104736,0.5388975143432617,0.018150921394985753,-0.003468622758397426,-2.1948507662098784,1766201922.3060293
0.48776164650917053,-1.9851030111312866,0.5390546321868896,0.01835031379154221,-0.0038156004173912164,-2.195545310288112,1766201922.316123
0.48778581619262695,-1.9852840900421143,0.5388097167015076,0.019142481640408878,-0.0036073886703128846,-2.194364962014558,1766201922.3162298
0.4878043532371521,-1.9850913286209106,0.5389976501464844,0.018299135137742402,-0.004031357120836714,-2.1956477960436707,1766201922.326095
0.48782986402511597,-1.9851152896881104,0.538987398147583,0.01848775798118883,-0.00403108571151956,-2.195643518683934,1766201922.3361056
0.4877275824546814,-1.9851179122924805,0.5389338731765747,0.01823212409288584,-0.003811227782987659,-2.1957644524970195,1766201922.3460948
0.48763829469680786,-1.9851144552230835,0.5388678908348083,0.018105948890843885,-0.003905149018813069,-2.195536931378799,1766201922.3560174
0.4877653419971466,-1.9851146936416626,0.5387726426124573,0.0183725430608045,-0.003674623707858275,-2.1947677660256857,1766201922.3660982
0.48777157068252563,-1.9850941896438599,0.5387396216392517,0.018246041537845505,-0.0038121534437923024,-2.1947138267338326,1766201922.36615
0.4874422550201416,-1.984781265258789,0.5390394330024719,0.018563313001280245,-0.003791715440951644,-2.19619748713516,1766201922.3760562
0.48751890659332275,-1.984940528869629,0.5389859080314636,0.01798346316412056,-0.0037835847755063805,-2.195768444260658,1766201922.3861074
0.4875282347202301,-1.9849377870559692,0.5389816164970398,0.01783464738791154,-0.0038599911395184286,-2.1957275335031725,1766201922.3961203
0.4875377416610718,-1.9849435091018677,0.5389791131019592,0.017916443876713956,-0.003780680658235037,-2.195709542172726,1766201922.4060905
0.4875723123550415,-1.9849276542663574,0.5389331579208374,0.0178401360316599,-0.003886734744127727,-2.1957080029426574,1766201922.4161208
0.4878365099430084,-1.9851596355438232,0.5388721227645874,0.018297207820723575,-0.0034104829131883347,-2.194731151039093,1766201922.4162273
0.4878627061843872,-1.9851540327072144,0.5388785004615784,0.018117522682004603,-0.0035132420123606305,-2.1947805766266444,1766201922.4260442
0.4878843426704407,-1.9853465557098389,0.5388379693031311,0.018309475411068032,-0.0035828860673133875,-2.1943613932932626,1766201922.436137
0.48782235383987427,-1.9851765632629395,0.5388376712799072,0.0179809660378494,-0.003677571150099556,-2.1945783652129656,1766201922.4461002
0.4877494275569916,-1.9849865436553955,0.5388238430023193,0.018221164524408303,-0.003924361065140971,-2.1961311064647457,1766201922.4561236
0.4876141846179962,-1.985044240951538,0.5389469265937805,0.0186203470924026,-0.004017142291144527,-2.196552853955511,1766201922.4661045
0.4876428246498108,-1.9851160049438477,0.5389502048492432,0.018469589438894565,-0.003617238632215257,-2.1957654965031845,1766201922.4661555
0.4876570999622345,-1.9850860834121704,0.5389050245285034,0.018193470327929565,-0.003958780754880754,-2.19558385920167,1766201922.4760857
0.4876548945903778,-1.9851280450820923,0.538934588432312,0.018106566829603148,-0.004170301415633649,-2.1952210787401314,1766201922.486088
0.48754844069480896,-1.9849387407302856,0.5389344692230225,0.01787749559580939,-0.003932205301702125,-2.195794051387909,1766201922.4960573
0.48769354820251465,-1.9851948022842407,0.5388578176498413,0.018241591776906825,-0.0034381462563629595,-2.194492827550264,1766201922.506111
0.4874931573867798,-1.9849392175674438,0.5389474034309387,0.017924864359988357,-0.0037849615003036643,-2.1957214312138436,1766201922.5160964
0.4875378906726837,-1.9849141836166382,0.538979709148407,0.017853144440707056,-0.0038321417020514242,-2.1957482208570935,1766201922.5161707
0.4877142310142517,-1.9851535558700562,0.5388960838317871,0.018050257118306365,-0.003555440724310653,-2.1944340709543386,1766201922.526021
0.48784536123275757,-1.9853514432907104,0.5388544201850891,0.018237753861259597,-0.00354881708348959,-2.19432342910086,1766201922.5360599
0.4877813458442688,-1.985167384147644,0.5388830900192261,0.017939114441815993,-0.003545470717396002,-2.194551464645503,1766201922.5459957
0.48785200715065,-1.9853647947311401,0.5387815833091736,0.01829105889786676,-0.003687923633508855,-2.194197518853112,1766201922.5561173
0.4879036843776703,-1.9851861000061035,0.5389201045036316,0.018107232959337305,-0.0034757934884180504,-2.1947704642302703,1766201922.5660973
0.48792412877082825,-1.9853973388671875,0.5388364791870117,0.018889043657551556,-0.00365779361307155,-2.1945623859841343,1766201922.5661485
0.48791036009788513,-1.9854333400726318,0.5389435291290283,0.01859461654562557,-0.0033517230192105997,-2.194579079642693,1766201922.5760012
0.4875563383102417,-1.985009789466858,0.5388990640640259,0.01947831397987896,-0.0037209202895093518,-2.1957723994140896,1766201922.586089
0.4876710772514343,-1.985116720199585,0.5390954613685608,0.01790928488105832,-0.003778913696458163,-2.1960393830345852,1766201922.6060817
0.4873780608177185,-1.9849501848220825,0.5390619039535522,0.018045693237955157,-0.0038668955718579017,-2.196144334011876,1766201922.6062064
0.48771193623542786,-1.9853287935256958,0.5388100743293762,0.018332640545079937,-0.0036529955755236687,-2.1941043419059705,1766201922.6160438
0.4877496659755707,-1.9852389097213745,0.5390240550041199,0.018138131048119913,-0.0034719444939161977,-2.1947168425537624,1766201922.6160567
0.4875207543373108,-1.984976053237915,0.5390293598175049,0.017752596505338388,-0.0038272190554412004,-2.1957375960968,1766201922.6261125
0.48734164237976074,-1.9848436117172241,0.5390969514846802,0.018239602376977773,-0.0038995156718472732,-2.195819545329102,1766201922.6360967
0.4875825047492981,-1.9849717617034912,0.5390182733535767,0.0176996801087237,-0.0038305179203809987,-2.1956257232791225,1766201922.6460931
0.48787954449653625,-1.9853408336639404,0.5388432741165161,0.01833398089866995,-0.0035508560017105503,-2.194359703354853,1766201922.656101
0.48785969614982605,-1.985324501991272,0.5387874841690063,0.01813522259566973,-0.003682073059551839,-2.194251150683508,1766201922.6660724
0.48786163330078125,-1.9853477478027344,0.5388026237487793,0.018188677598771928,-0.003547662811857063,-2.1942519429685667,1766201922.6760778
0.48786652088165283,-1.98538076877594,0.539052426815033,0.01858545191897152,-0.004051854323533426,-2.195375131463956,1766201922.6761315
0.4875369668006897,-1.9850093126296997,0.5388633608818054,0.018971615395632302,-0.003405862279223672,-2.1945722471142166,1766201922.6860693
0.48752570152282715,-1.9848805665969849,0.538949728012085,0.018427394388099823,-0.004155003902859506,-2.196355571772757,1766201922.6961036
0.4875594973564148,-1.9850380420684814,0.5388443470001221,0.01891343869881451,-0.004159129196506143,-2.1952555342692195,1766201922.7061226
0.48758554458618164,-1.9848995208740234,0.5389519929885864,0.018037138829392143,-0.004000168467731539,-2.1958282846483907,1766201922.7161252
0.48753467202186584,-1.984897494316101,0.5389353632926941,0.01801048751363444,-0.003978302600296935,-2.195789383226376,1766201922.7161777
0.4875369071960449,-1.9849696159362793,0.5389776825904846,0.01780628094457377,-0.0038349092157347817,-2.1956913241972713,1766201922.7260392
0.48755350708961487,-1.9848871231079102,0.5389161109924316,0.017891093689602816,-0.003976980900238165,-2.195791595880348,1766201922.7361228
0.4875449240207672,-1.9851349592208862,0.5389330387115479,0.01827024242857085,-0.0037003406623427266,-2.1951500484324393,1766201922.7460983
0.4877217411994934,-1.9852259159088135,0.538914144039154,0.01800623903042154,-0.003528908092028139,-2.1944596709483193,1766201922.7561214
0.48776113986968994,-1.9853904247283936,0.5388387441635132,0.01815731067480693,-0.0036409465874143046,-2.1939823115148585,1766201922.7660937
0.4878199100494385,-1.98521888256073,0.5389292240142822,0.01814510225363196,-0.0033525614879314717,-2.194719131983374,1766201922.7661445
0.48786911368370056,-1.9853647947311401,0.5388351678848267,0.018233915960936726,-0.0035758708537630677,-2.1943062869499594,1766201922.7760556
0.4878794252872467,-1.985385775566101,0.5388773083686829,0.01886385420861457,-0.0035831942172326195,-2.1943930515149264,1766201922.7860417
0.4878101050853729,-1.9851442575454712,0.538923442363739,0.019070885778218458,-0.003943858402429637,-2.1951623078122884,1766201922.7961268
0.4877689480781555,-1.985306739807129,0.5388686656951904,0.019735714838987287,-0.0035212626422785644,-2.194466856869903,1766201922.8060956
0.48768648505210876,-1.9852536916732788,0.5387891530990601,0.019340329273128523,-0.003742218468599556,-2.194662726874454,1766201922.8161397
0.4875349998474121,-1.9850579500198364,0.5389508008956909,0.01912408243644131,-0.004455343193043109,-2.1957494549907266,1766201922.8161912
0.4875272512435913,-1.9850753545761108,0.5388693809509277,0.018863756526694066,-0.004125673010606133,-2.19542456199843,1766201922.8261237
0.4875272810459137,-1.9850451946258545,0.5388835668563843,0.018898580999575518,-0.00413685818540547,-2.195521878770445,1766201922.8360424
0.48753347992897034,-1.9850327968597412,0.5389530062675476,0.019193262838012957,-0.0039840544212704715,-2.1956673539062055,1766201922.846103
0.4876028299331665,-1.9851877689361572,0.5389810800552368,0.019078394970864807,-0.003940291390354768,-2.1953388730706824,1766201922.8560965
0.4875403046607971,-1.9850114583969116,0.5389900207519531,0.01785053807757274,-0.0037647232967306945,-2.1956445011677532,1766201922.8660963
0.48772650957107544,-1.9852162599563599,0.5389038920402527,0.018119376837143313,-0.003487043792618012,-2.1944073891311913,1766201922.8661373
0.4878142178058624,-1.9852265119552612,0.5389187932014465,0.018141479108785986,-0.0033874249502512275,-2.1946124886539944,1766201922.876122
0.4878007471561432,-1.9852732419967651,0.5387495756149292,0.018395473813809765,-0.003875651052832183,-2.194168287745097,1766201922.886099
0.4879232347011566,-1.9852697849273682,0.5387998223304749,0.018326294993155,-0.0038014551980941054,-2.194616411533133,1766201922.89612
0.4878457486629486,-1.9853663444519043,0.5388301014900208,0.018235016345437553,-0.0036230252963251487,-2.1942306330004504,1766201922.906101
0.48784565925598145,-1.9853730201721191,0.5388351678848267,0.018240760785681466,-0.003627226888594436,-2.1941959721090285,1766201922.9160764
0.48775482177734375,-1.9853066205978394,0.5388143062591553,0.01916634819283126,-0.003532176455599801,-2.194252903488811,1766201922.9161508
0.48751264810562134,-1.9848182201385498,0.5390879511833191,0.018499260106627176,-0.003969764786280851,-2.1960998446727285,1766201922.9260457
0.4876272976398468,-1.9852557182312012,0.5387266278266907,0.01900613481984105,-0.0036987769058250738,-2.1940156226572984,1766201922.9360645
0.4874889850616455,-1.9850239753723145,0.5389673709869385,0.018257684915206775,-0.004145208902069116,-2.1961845837903464,1766201922.9460828
0.4875659942626953,-1.9849416017532349,0.5389301776885986,0.018036142488706233,-0.0040482552776106105,-2.195851909508742,1766201922.9561038
0.4875466823577881,-1.9849379062652588,0.5389222502708435,0.017979061960085276,-0.004026051310435937,-2.195899211080258,1766201922.9660964
0.48756542801856995,-1.9849350452423096,0.5389258861541748,0.017949034543591726,-0.004011520547693957,-2.1958035843539534,1766201922.9761152
0.48755308985710144,-1.9850679636001587,0.5388875007629395,0.01822733108071797,-0.004012393817861077,-2.1953694376612765,1766201922.9761658
0.4875972867012024,-1.9849773645401,0.5390965938568115,0.017835251391084782,-0.004004552274665294,-2.195406629578615,1766201922.9860816
0.48780396580696106,-1.985382318496704,0.5387952923774719,0.01828780914946451,-0.0035821673767613255,-2.19409311454614,1766201922.9961312
0.4877375662326813,-1.9851300716400146,0.5389792919158936,0.017911309499516134,-0.003765604542962992,-2.194838736579313,1766201923.0061069
0.4878065586090088,-1.9852025508880615,0.5389137268066406,0.018534433694598,-0.0037646825672404314,-2.1950766266088086,1766201923.016104
0.48785802721977234,-1.9851655960083008,0.5388947129249573,0.018413109887726854,-0.0039170598202835135,-2.1950773831047545,1766201923.0161562
0.4876330494880676,-1.9852710962295532,0.5387246608734131,0.019268496245370494,-0.003457551657830153,-2.193866979272464,1766201923.0260913
0.487629771232605,-1.98492431640625,0.5389517545700073,0.018668996239516483,-0.00392122362146008,-2.195367997178209,1766201923.036061
0.48783281445503235,-1.985195517539978,0.5388410687446594,0.018385628701623673,-0.003995230996756103,-2.1951605298918135,1766201923.046056
0.4876337945461273,-1.9850038290023804,0.5387874245643616,0.0180873692170861,-0.004058108998201799,-2.195929032075791,1766201923.0561237
0.48762384057044983,-1.9849148988723755,0.5389577150344849,0.01803924739646026,-0.00417753222455433,-2.1957115767294413,1766201923.0661004
0.48759037256240845,-1.9850131273269653,0.5388587117195129,0.018113732191509007,-0.004013471623090945,-2.195790963497754,1766201923.0661507
0.4875718057155609,-1.9849553108215332,0.5390433073043823,0.01791127074535987,-0.0039811349179533,-2.195581177291045,1766201923.0760183
0.48758602142333984,-1.9849895238876343,0.5390142798423767,0.01791269847249889,-0.0036121313804822006,-2.196037631557209,1766201923.085981
0.48761239647865295,-1.9850943088531494,0.5390843749046326,0.017849630085622577,-0.003575042077468459,-2.195840453167726,1766201923.096017
0.4877120852470398,-1.9851843118667603,0.5389191508293152,0.01800897869640076,-0.0034081136974425576,-2.194443500339715,1766201923.1060672
0.4877125918865204,-1.9850927591323853,0.5388438105583191,0.018108312133522916,-0.0037876269195188696,-2.1944582350499666,1766201923.1160264
0.4877679944038391,-1.9850796461105347,0.5388616919517517,0.017899214022143038,-0.0038893421316413576,-2.194614981550446,1766201923.1160417
0.4875349700450897,-1.9849179983139038,0.5390440821647644,0.018224816394708545,-0.004092086368578803,-2.1950117105698017,1766201923.1260967
0.4874313175678253,-1.9848510026931763,0.5389466881752014,0.018179918424414496,-0.004077618914603016,-2.1950678462970803,1766201923.1360729
0.4878036379814148,-1.9851799011230469,0.5388427972793579,0.018165191860138992,-0.004182238471926276,-2.194788317899339,1766201923.146104
0.4876690208911896,-1.9852949380874634,0.5388063192367554,0.01927805686223598,-0.003411038669195183,-2.194057690624289,1766201923.156125
0.4873778223991394,-1.9848212003707886,0.5390344858169556,0.018209207925842543,-0.00419334488228645,-2.1957030508653754,1766201923.166111
0.48774126172065735,-1.985185146331787,0.5388445854187012,0.01841099572945759,-0.00364316642370662,-2.194535455496508,1766201923.16616
0.48746657371520996,-1.9850150346755981,0.539031445980072,0.01785833527086952,-0.0035180571747883563,-2.195658363625126,1766201923.1760526
0.48733675479888916,-1.9848103523254395,0.5390259027481079,0.018202407711040695,-0.004204153286971672,-2.19571091828668,1766201923.1860433
0.48738765716552734,-1.9850573539733887,0.5388698577880859,0.019155866100567312,-0.003796939003181477,-2.194822660998201,1766201923.1959891
0.48749640583992004,-1.9849780797958374,0.5390002131462097,0.01793475198689223,-0.0037312877610987307,-2.195595836053986,1766201923.2061136
0.4875570237636566,-1.9849196672439575,0.5389038324356079,0.017915584131892055,-0.004070869408413485,-2.1957759552255482,1766201923.2161038
0.48755788803100586,-1.9850355386734009,0.5388861894607544,0.017988543773816333,-0.004043460338110849,-2.1953685646577275,1766201923.2161572
0.4877256453037262,-1.9852639436721802,0.5387611389160156,0.018297793352914843,-0.0038022222961426053,-2.194247573359916,1766201923.2260303
0.4877261519432068,-1.9852294921875,0.5389186143875122,0.017930610213361814,-0.00386582488977509,-2.194610138498789,1766201923.2360997
0.4877413809299469,-1.9852324724197388,0.5389307141304016,0.01791845177736318,-0.0038672793735141224,-2.194615674017147,1766201923.2460995
0.487822562456131,-1.9853601455688477,0.538884699344635,0.018301301501956302,-0.003339649083619733,-2.194328182987222,1766201923.256056
0.48782721161842346,-1.985347867012024,0.5388318300247192,0.017958295926562173,-0.003644193535547617,-2.1940666102578517,1766201923.2660851
0.4877135157585144,-1.9852569103240967,0.5387603640556335,0.01894053207016756,-0.0038035207094114726,-2.194001461287621,1766201923.2661338
0.4877927899360657,-1.9853277206420898,0.5387968420982361,0.01817830309236663,-0.0035972941662589988,-2.194114977465327,1766201923.2760875
0.48767969012260437,-1.9852880239486694,0.5387755632400513,0.01913222025088867,-0.0035461785673180347,-2.1940880696812846,1766201923.2860074
0.4875432848930359,-1.9849998950958252,0.5388354659080505,0.01866439099821183,-0.004334797561183424,-2.195501719553079,1766201923.2961156
0.48758837580680847,-1.9850127696990967,0.538878321647644,0.018704259207609264,-0.004305533082093331,-2.195621811665574,1766201923.3060796
0.48759183287620544,-1.9851410388946533,0.538870632648468,0.01802687860753739,-0.004033689015805888,-2.19518823355285,1766201923.316096
0.48758020997047424,-1.9852720499038696,0.5387571454048157,0.01917893742733805,-0.003668085288690372,-2.1939260597432764,1766201923.3161461
0.4875563681125641,-1.9849251508712769,0.5389240980148315,0.017799948599506874,-0.004097036684313197,-2.195792330134219,1766201923.326017
0.4877656102180481,-1.9853407144546509,0.5388041734695435,0.018089148966649336,-0.003688243624039438,-2.1939952562823404,1766201923.3360722
0.487638920545578,-1.984944462776184,0.5389701724052429,0.017777587214298538,-0.00403179843802486,-2.1958499267392337,1766201923.3460298
0.48761826753616333,-1.9849774837493896,0.539031982421875,0.017625319264450743,-0.003778797329496008,-2.1956200135829995,1766201923.3561022
0.4878154397010803,-1.9851558208465576,0.5389476418495178,0.017830919730237118,-0.0035982155223531157,-2.1945045118973514,1766201923.3661132
0.4879125654697418,-1.985253930091858,0.5388094782829285,0.018343936283095538,-0.003767369067890475,-2.19458195458859,1766201923.366162
0.4878559708595276,-1.9851657152175903,0.5389010906219482,0.018236431366214667,-0.004011736892107887,-2.195121205764522,1766201923.376083
0.4878888726234436,-1.9853910207748413,0.5388753414154053,0.018760992543019342,-0.003619034593017057,-2.1945836061620225,1766201923.3860607
0.48739272356033325,-1.9848188161849976,0.5390688180923462,0.018311958758357488,-0.0040968973201375245,-2.1958283625667945,1766201923.395982
0.4877912700176239,-1.9852898120880127,0.5387687087059021,0.018472017254564866,-0.0038160446280346865,-2.1942434303361553,1766201923.4059815
0.4876304864883423,-1.9851298332214355,0.5389070510864258,0.018163888589989564,-0.003971232704371303,-2.195290674132927,1766201923.4160504
0.48780766129493713,-1.9852930307388306,0.5387277007102966,0.018379162960655518,-0.003857257334740201,-2.194426517706534,1766201923.42595
0.48758551478385925,-1.9851480722427368,0.5389014482498169,0.018002080619630816,-0.00398586986093849,-2.1951966607694486,1766201923.4260073
0.4875452518463135,-1.9849722385406494,0.5389848947525024,0.017882147078845573,-0.0038948356312170393,-2.195624391811694,1766201923.4359863
0.48755401372909546,-1.9849543571472168,0.5389848351478577,0.01792199521553216,-0.003887505831293431,-2.195612617061703,1766201923.446056
0.4876241385936737,-1.9851402044296265,0.5388960242271423,0.018113966256551765,-0.003947064081937518,-2.1952015349376115,1766201923.4560945
0.4874827265739441,-1.9849159717559814,0.5388739705085754,0.018546700155344473,-0.00399483769131034,-2.1955263206850093,1766201923.4661353
0.4877054691314697,-1.985093355178833,0.538956880569458,0.017897812509172956,-0.0038062064133416655,-2.194761605585033,1766201923.4661863
0.4876604378223419,-1.9849762916564941,0.5390196442604065,0.017883615609480288,-0.003706971277938799,-2.195765714249344,1766201923.4759974
0.48760783672332764,-1.9850863218307495,0.5389076471328735,0.01878159881609826,-0.003990609551002044,-2.1948055630230368,1766201923.486023
0.4877638816833496,-1.9852566719055176,0.5388513803482056,0.01836589984101459,-0.003944186541434684,-2.1947097086339453,1766201923.4960775
0.4877515733242035,-1.985095739364624,0.5389112234115601,0.018241146617646607,-0.003812144189741443,-2.1959381309148567,1766201923.5060353
0.4877026677131653,-1.98503839969635,0.5389077067375183,0.018245412151719813,-0.003718373532348976,-2.1960299465804725,1766201923.5160851
0.4874975085258484,-1.9850987195968628,0.5387808084487915,0.019314298754220628,-0.0038185026005905878,-2.1950824336341217,1766201923.5261307
0.48736274242401123,-1.9849878549575806,0.5388379693031311,0.019396447966398257,-0.00396797413056576,-2.196240262276855,1766201923.5261796
0.4875127971172333,-1.9850841760635376,0.5388979911804199,0.018429208998574743,-0.004165093126939322,-2.196237945023709,1766201923.535974
0.48760339617729187,-1.9849735498428345,0.5389578342437744,0.01802245494936415,-0.003767271458234149,-2.195968037983293,1766201923.5460083
0.4875764846801758,-1.9851313829421997,0.5388553142547607,0.018075038355519834,-0.003908532748271649,-2.19536325008497,1766201923.5561087
0.48775315284729004,-1.9851197004318237,0.5387507081031799,0.018187774412509725,-0.0038499730991243693,-2.194743868975299,1766201923.5660458
0.4877525568008423,-1.9853421449661255,0.5387523174285889,0.01820804930884571,-0.003763661248199202,-2.194091214539323,1766201923.5660946
0.4877869486808777,-1.9853559732437134,0.5387997627258301,0.018192911353654424,-0.0035762365007033095,-2.1941326198711204,1766201923.575984
0.4878498613834381,-1.9853758811950684,0.5388668775558472,0.018355133544017077,-0.0034864662836900334,-2.194321293333604,1766201923.5861049
0.4877992272377014,-1.9851094484329224,0.5390276908874512,0.018001882047350676,-0.003673468191340321,-2.195050539316306,1766201923.5960793
0.48781752586364746,-1.985147476196289,0.5387892127037048,0.018105544711145526,-0.0035363029647983396,-2.1946459256893673,1766201923.6061254
0.4878694713115692,-1.9850023984909058,0.5391349792480469,0.01826424203016855,-0.003961237565403213,-2.196052295263486,1766201923.6160762
0.48760467767715454,-1.9849498271942139,0.5390304923057556,0.01812699341476428,-0.003823164109605014,-2.196538951859542,1766201923.626089
0.4876634478569031,-1.9849278926849365,0.538887619972229,0.017896532728213666,-0.004056999582281857,-2.1958784277509107,1766201923.6261392
0.48718753457069397,-1.984834909439087,0.5390989184379578,0.018446371923660488,-0.003996552633972548,-2.1956081442826862,1766201923.6359773
0.48759475350379944,-1.9848867654800415,0.5388773679733276,0.017937407311993735,-0.0040933045986482255,-2.19597741289174,1766201923.6460872
0.487575888633728,-1.984885811805725,0.5388651490211487,0.018033563644072072,-0.0040945941694665805,-2.19592019374206,1766201923.6561158
0.4875432252883911,-1.9849135875701904,0.5389072895050049,0.018010576899790846,-0.004065826581616647,-2.1958649194731983,1766201923.6660476
0.4876042604446411,-1.9849330186843872,0.538962185382843,0.018150735800810253,-0.0038568417197351384,-2.1961263112784555,1766201923.6660972
0.4876226484775543,-1.984900712966919,0.5389834642410278,0.01809832152715835,-0.0037998878727847603,-2.196149692509603,1766201923.6759932
0.4876125454902649,-1.9849032163619995,0.5390061140060425,0.01784586302396061,-0.003898356530268068,-2.195823599847346,1766201923.6860523
0.48762014508247375,-1.9849168062210083,0.5390157699584961,0.017753134255210336,-0.00395091902341872,-2.195758953716295,1766201923.69609
0.487794429063797,-1.9849838018417358,0.538956880569458,0.018002447257771614,-0.003845344082420926,-2.195145548721321,1766201923.7060807
0.4878024160861969,-1.9848723411560059,0.5389487743377686,0.018104573134045898,-0.0037136300170409753,-2.196213331074734,1766201923.7160645
0.48781272768974304,-1.9850211143493652,0.5387657284736633,0.018043037961465138,-0.0037295196901068603,-2.1948063381221057,1766201923.7161143
0.4877973794937134,-1.9850281476974487,0.5388131737709045,0.018025838020483208,-0.003700905868731272,-2.1948271632324676,1766201923.7259455
0.4877246022224426,-1.9849365949630737,0.538856565952301,0.018041160448928464,-0.003954892172359187,-2.195166278586584,1766201923.7360446
0.4878636300563812,-1.9850505590438843,0.5388379693031311,0.018233423282318736,-0.003641701445059146,-2.1950676637594326,1766201923.7461355
0.48760026693344116,-1.9848597049713135,0.5389116406440735,0.017951535226134446,-0.003967051795519706,-2.1959562634824112,1766201923.7559743
0.4875618517398834,-1.984934687614441,0.5388320088386536,0.017938975141249456,-0.004036379681503377,-2.19592231129531,1766201923.7660346
0.48735716938972473,-1.984859585762024,0.5389365553855896,0.01753905228590001,-0.004244176036286441,-2.195732536316641,1766201923.766052
0.48736894130706787,-1.9848610162734985,0.5389222502708435,0.01759137564118826,-0.0041578431572815815,-2.195704375579108,1766201923.7760699
0.4875696003437042,-1.9850119352340698,0.5388555526733398,0.017834900530400304,-0.0038149343104409783,-2.194702175518451,1766201923.7860343
0.48736807703971863,-1.9848463535308838,0.5389601588249207,0.017556969382148197,-0.004206947117890516,-2.195696417471387,1766201923.796054
0.4875927269458771,-1.984989047050476,0.5388497710227966,0.017816663491680543,-0.003841010436386561,-2.1947400690808108,1766201923.806073
0.48761993646621704,-1.984992265701294,0.5388720631599426,0.017755882775856553,-0.003865390167586865,-2.194817908151862,1766201923.8160608
0.48772066831588745,-1.9850212335586548,0.538901150226593,0.017955188452722575,-0.0036293209980742796,-2.1950515012413145,1766201923.816111
0.4878386855125427,-1.9850231409072876,0.5388878583908081,0.01826170607382838,-0.003583170582844759,-2.1952731416773528,1766201923.8259468
0.4877564609050751,-1.9850077629089355,0.5388762950897217,0.018050627729547027,-0.003693202261984243,-2.19503565973599,1766201923.8360276
0.4877195358276367,-1.9849973917007446,0.5388448238372803,0.017943285406236003,-0.0037259315924854357,-2.194838333443358,1766201923.8460312
0.487496942281723,-1.984822154045105,0.5389956831932068,0.017792314709631,-0.004167899970624266,-2.195542781035291,1766201923.8561065
0.48753267526626587,-1.9848607778549194,0.5389212965965271,0.01776279575249125,-0.004066235839486206,-2.1959995428652204,1766201923.8661227
0.4874282777309418,-1.9848623275756836,0.5389034748077393,0.017730833898211874,-0.00412002806580675,-2.1958416614939162,1766201923.8661706
0.48746800422668457,-1.9848768711090088,0.5389467477798462,0.01779250235181378,-0.004001144683918073,-2.196010646685077,1766201923.8759947
0.4873656630516052,-1.9848629236221313,0.5389161109924316,0.017719665030042325,-0.004133774633895655,-2.1957766074182636,1766201923.8860753
0.48734450340270996,-1.984875202178955,0.5389058589935303,0.017687601203204898,-0.004112625751836343,-2.1957479395889776,1766201923.8960688
0.4873546063899994,-1.9848670959472656,0.5388327836990356,0.01770899984891597,-0.0038113235021035026,-2.19599638516724,1766201923.9060667
0.4874015152454376,-1.984902024269104,0.5388819575309753,0.01800515245482829,-0.0034608623399865596,-2.1962886172059495,1766201923.916087
0.48749813437461853,-1.9848880767822266,0.5388676524162292,0.01781371411546449,-0.003618537836404018,-2.1962096752091926,1766201923.916136
0.4874756336212158,-1.9848552942276,0.538834810256958,0.0176953486817634,-0.00378208929099854,-2.196004260150303,1766201923.9360964
0.48745039105415344,-1.9848712682724,0.5388904213905334,0.017600543570005414,-0.003587981204517495,-2.1958574715284684,1766201923.9361463
0.4875521659851074,-1.9849019050598145,0.5389140248298645,0.01782165690297928,-0.0034437658811115224,-2.1960443991104386,1766201923.94603
0.4875575304031372,-1.9849178791046143,0.5388690829277039,0.017817673013642343,-0.0034420368948016376,-2.196149519760857,1766201923.9561071
0.4875885248184204,-1.9849272966384888,0.5389018654823303,0.017923818765153098,-0.0033779720910602495,-2.1961526381658043,1766201923.9661348
0.4875127375125885,-1.9849510192871094,0.5389478206634521,0.017735741929757246,-0.003517264111478398,-2.1960669285956627,1766201923.9661837
0.48729538917541504,-1.9849358797073364,0.5389832854270935,0.01783463230794752,-0.0038087687796902474,-2.1963459753359427,1766201923.9760258
0.4874119758605957,-1.9849392175674438,0.5389378666877747,0.017654866796244683,-0.003717679108195236,-2.1959610727962584,1766201923.986081
0.4873168468475342,-1.9849191904067993,0.5389197468757629,0.017761485614902435,-0.0037345453650120017,-2.1958912490302946,1766201923.996114
0.4873645603656769,-1.9849369525909424,0.5388931035995483,0.017718381167447603,-0.0037168141728953,-2.195972162773925,1766201924.0060883
0.4873393476009369,-1.9849450588226318,0.5388962626457214,0.01769600180184137,-0.003662965698067972,-2.1958909795859882,1766201924.0160768
0.48738592863082886,-1.9849356412887573,0.5389158129692078,0.017643916624329938,-0.003658132373484978,-2.1959393109177068,1766201924.016125
0.4873965382575989,-1.98493492603302,0.5389105677604675,0.017598681449864453,-0.0036705000960918794,-2.195924837879561,1766201924.0360723
0.48746800422668457,-1.9849579334259033,0.5389344096183777,0.017626370695594872,-0.0034882565926981856,-2.1959670031765857,1766201924.036122
0.4875378906726837,-1.9849644899368286,0.5389353036880493,0.017617109543699543,-0.0034491761820723476,-2.196058773593193,1766201924.0460503
0.4875801205635071,-1.9849984645843506,0.538939893245697,0.017813653564431972,-0.0034001001739953716,-2.196084840433489,1766201924.0561004
0.48757678270339966,-1.9849987030029297,0.5389721989631653,0.0175991244957255,-0.0033591590824057593,-2.1960607788944357,1766201924.0660686
0.48759329319000244,-1.9849798679351807,0.5389384627342224,0.017725884609221206,-0.0033787295400649984,-2.196092131973983,1766201924.0661178
0.48747050762176514,-1.9849578142166138,0.5389882922172546,0.01789040084048414,-0.0035637719851848407,-2.196615377314413,1766201924.0760128
0.4874485731124878,-1.984965205192566,0.5388908982276917,0.017665995545476175,-0.003672451447614295,-2.1958018109375192,1766201924.0860655
0.4873608946800232,-1.9849557876586914,0.5389122366905212,0.017809956964179738,-0.003738484586051183,-2.1966856238076096,1766201924.0960598
0.4873964488506317,-1.9848963022232056,0.5388017892837524,0.017944525068372862,-0.0034469176262647483,-2.1962199342272384,1766201924.106102
0.4872519075870514,-1.984889030456543,0.5388262271881104,0.01788608549974739,-0.003839755482968417,-2.1965314072616664,1766201924.1160765
0.48735272884368896,-1.9849133491516113,0.5387988686561584,0.01782525620571259,-0.0036365523006209365,-2.1961090872509152,1766201924.1161249
0.4873463809490204,-1.9849072694778442,0.5387946963310242,0.017811771615207334,-0.0035971248919682355,-2.196098903146507,1766201924.1259503
0.48730775713920593,-1.98491370677948,0.5388478636741638,0.01777286441100491,-0.003565860542007296,-2.1958537301460392,1766201924.1360521
0.48736119270324707,-1.9849272966384888,0.5388232469558716,0.017705039666336974,-0.003568832690372525,-2.195990025122914,1766201924.1461015
0.48721843957901,-1.984785556793213,0.5388852953910828,0.018051310951428364,-0.0037824470766132153,-2.1958494904442842,1766201924.1560645
0.48746615648269653,-1.984946608543396,0.5389023423194885,0.01769572048673555,-0.0034201700368134513,-2.1960278834924094,1766201924.1661065
0.48753219842910767,-1.9849562644958496,0.5388692021369934,0.017717930791270497,-0.0032975404890541672,-2.1959785322601526,1766201924.1760783
0.48752912878990173,-1.985080599784851,0.5388836860656738,0.017812853806489004,-0.0033381202212296778,-2.1959680559627017,1766201924.176127
0.48748233914375305,-1.9850469827651978,0.5388762950897217,0.017921212037872548,-0.003282704110337314,-2.1959054073001805,1766201924.1860163
0.48751261830329895,-1.9849408864974976,0.5388337969779968,0.01765887183015437,-0.0036297789485683412,-2.19596712975133,1766201924.1961284
0.48760682344436646,-1.9850428104400635,0.5387248992919922,0.01781689071527233,-0.0031847441839975878,-2.1956521843897026,1766201924.2061493
0.4874556064605713,-1.9849863052368164,0.5386859178543091,0.017927816844960878,-0.0037592181900463176,-2.1960081046004514,1766201924.2161143
0.48749685287475586,-1.9850062131881714,0.5387416481971741,0.018183649431309592,-0.0036447083496495584,-2.196218283797322,1766201924.2161639
0.4875328242778778,-1.9848873615264893,0.5387795567512512,0.018156336600637882,-0.0036137582493332827,-2.19606371096455,1766201924.2261436
0.4873853921890259,-1.9849634170532227,0.5388012528419495,0.018674808984518152,-0.0032520554825030998,-2.1952568428010477,1766201924.2460458
0.4875967502593994,-1.9850797653198242,0.5387585163116455,0.017978372766518643,-0.003233906121974554,-2.1952333232870176,1766201924.246062
0.48745954036712646,-1.9849591255187988,0.5388527512550354,0.018737177357811646,-0.0032242867288403317,-2.195571995606008,1766201924.256051
0.4874952733516693,-1.9849438667297363,0.5389366149902344,0.01789342917448243,-0.003473647652128764,-2.195892619082159,1766201924.266047
0.4873834550380707,-1.9848018884658813,0.5389143228530884,0.018510000566229947,-0.0035290127997003847,-2.196246733848059,1766201924.2761052
0.4878617227077484,-1.985207438468933,0.5389222502708435,0.018152542514310508,-0.0034342963547282514,-2.1947457425141734,1766201924.276154
0.4879203736782074,-1.985352873802185,0.5387904644012451,0.018414857228806307,-0.0035295377864122536,-2.194453215358705,1766201924.286102
0.4878894090652466,-1.9853546619415283,0.5389949083328247,0.018403095346211977,-0.0037363488204490156,-2.194973868482477,1766201924.296051
0.4879949390888214,-1.9853769540786743,0.538809597492218,0.01860233413520358,-0.0038311630718919896,-2.19495302931447,1766201924.3061106
0.48785048723220825,-1.9853767156600952,0.5389873385429382,0.018915292018482625,-0.003994203085251817,-2.195494813843614,1766201924.3161223
0.4877966344356537,-1.985168695449829,0.5390252470970154,0.01879996170785322,-0.003973090504794199,-2.1957213668089124,1766201924.3161736
0.48774561285972595,-1.9850319623947144,0.5390828251838684,0.018297604579429916,-0.00410068856063219,-2.1959850140112414,1766201924.3261166
0.48765668272972107,-1.9851545095443726,0.5391293168067932,0.017970507455921155,-0.0036133177399892747,-2.1959662444852803,1766201924.3461123
0.48622962832450867,-1.9847180843353271,0.539861798286438,0.014776580135128127,-0.0038193108852452168,-2.192120151236989,1766201924.3461618
0.48761820793151855,-1.985156536102295,0.5391712784767151,0.01784679904477207,-0.0036640429391342037,-2.195949207639883,1766201924.3560607
0.48766231536865234,-1.985092043876648,0.539088249206543,0.018230406715221158,-0.0038704550590193403,-2.1962833857877855,1766201924.3660512
0.4876366853713989,-1.9851040840148926,0.5391534566879272,0.017696342628806414,-0.0035742988988858916,-2.1959032595259886,1766201924.3661108
0.48771050572395325,-1.9851343631744385,0.5392131209373474,0.01794822106376003,-0.003977857145807316,-2.1955988131185475,1766201924.3759928
0.48766833543777466,-1.985102891921997,0.5391086935997009,0.017805834337502418,-0.003636426353422035,-2.1958096277768004,1766201924.3860886
0.4877089262008667,-1.9851841926574707,0.5390896201133728,0.017949907496905452,-0.0035899418779472437,-2.1957915476313716,1766201924.3961074
0.48790425062179565,-1.9853758811950684,0.5389965176582336,0.018054746323343758,-0.003632768354041269,-2.1946440437570884,1766201924.406095
0.487934410572052,-1.9853507280349731,0.5389441251754761,0.018236766411178676,-0.0036078377332969683,-2.1947107788603737,1766201924.4161267
0.4877361059188843,-1.9850877523422241,0.5391424298286438,0.018285099652691438,-0.004323574429107597,-2.1961935710382736,1766201924.4161773
0.48790448904037476,-1.9853625297546387,0.5390310883522034,0.018365944875039772,-0.0035316231621828147,-2.1947383989483997,1766201924.4261065
0.4878601133823395,-1.9852865934371948,0.5390897989273071,0.01814073204512859,-0.0038580773920770775,-2.1950690331974063,1766201924.4360058
0.48768043518066406,-1.9851438999176025,0.5391288995742798,0.017942914888464844,-0.003783396919281734,-2.195904538461518,1766201924.446026
0.4876561462879181,-1.985123634338379,0.5391091108322144,0.017904031136926585,-0.0037143131925577136,-2.19590875679272,1766201924.4561224
0.4875272810459137,-1.985331416130066,0.5390962362289429,0.01996359320547485,-0.003970131512020217,-2.1954861759788464,1766201924.4661198
0.4876972734928131,-1.9854049682617188,0.5390025973320007,0.01875197701480631,-0.003917454654670192,-2.1952412228828204,1766201924.4761064
0.487637460231781,-1.9852839708328247,0.5390157699584961,0.019485005672720056,-0.004178654516764531,-2.1956367438388718,1766201924.4761553
0.48777154088020325,-1.985450267791748,0.5390621423721313,0.018753858679042265,-0.004000664858203036,-2.1950902657939815,1766201924.4861135
0.48773977160453796,-1.9852843284606934,0.5389540195465088,0.018689870839545725,-0.004091587821060642,-2.195682008529747,1766201924.4961238
0.4876035153865814,-1.9851672649383545,0.538955807685852,0.01924587219157992,-0.0041436521726706255,-2.1960084557156314,1766201924.5061326
0.48779627680778503,-1.9855486154556274,0.539020299911499,0.019211528820474732,-0.0038020623240549384,-2.1944707557126506,1766201924.5160973
0.48792004585266113,-1.9856171607971191,0.5389346480369568,0.019107123655137226,-0.0036345877293408805,-2.194232987024558,1766201924.5161479
0.4879593253135681,-1.9856406450271606,0.5388810038566589,0.018868648457582536,-0.003694751160053573,-2.194107900942639,1766201924.5260901
0.4879509508609772,-1.9855318069458008,0.538867175579071,0.019081008761128882,-0.0037881377498852104,-2.19439025301371,1766201924.5361147
0.4879869520664215,-1.9856582880020142,0.5388893485069275,0.018883992653359428,-0.0037243403229542354,-2.1941900489708672,1766201924.546109
0.48797622323036194,-1.9857280254364014,0.5388710498809814,0.018949634448869625,-0.003636238547560624,-2.1941809072722944,1766201924.5561156
0.4879760146141052,-1.9856288433074951,0.5391673445701599,0.01952299084981592,-0.00436746807786796,-2.19447831950326,1766201924.5661075
0.4879211485385895,-1.9855871200561523,0.5391871929168701,0.01945825560692351,-0.004328824830928891,-2.194475995890648,1766201924.5661566
0.4879499673843384,-1.9855084419250488,0.5390580892562866,0.01940761858967243,-0.004460553341768358,-2.194535815766894,1766201924.5760458
0.48792529106140137,-1.9855605363845825,0.5391449928283691,0.019253856731709,-0.004211452975799354,-2.1943304347122807,1766201924.5861156
0.4879344701766968,-1.9856003522872925,0.5391154885292053,0.019368837633561214,-0.004267036058023837,-2.1942636521042034,1766201924.5960207
0.48795658349990845,-1.985597848892212,0.5391728281974792,0.019340368288166883,-0.004257353541342537,-2.1940858454727157,1766201924.60611
0.4879685342311859,-1.985566258430481,0.5391480922698975,0.019338955848491695,-0.004310109015172145,-2.1941933067933412,1766201924.6160483
0.4879675805568695,-1.9855681657791138,0.5390850901603699,0.019278640629914936,-0.004311110135039837,-2.1942010825190623,1766201924.6160622
0.4879858195781708,-1.985588788986206,0.5390768051147461,0.01912677409761938,-0.00427539816668884,-2.194125624549042,1766201924.626081
0.48799440264701843,-1.9855718612670898,0.5390814542770386,0.019097426783287703,-0.00427700501987864,-2.1943808100500086,1766201924.6360412
0.4880325198173523,-1.985576868057251,0.5391356945037842,0.01922619958672947,-0.004183037404896926,-2.194299344183624,1766201924.6460998
0.4879605770111084,-1.9855637550354004,0.5391527414321899,0.01922697265318354,-0.004066802470464862,-2.1942421951203492,1766201924.656091
0.48801448941230774,-1.9855682849884033,0.5391155481338501,0.019212695245242967,-0.00425953355371081,-2.194307726659129,1766201924.6661634
0.4879895746707916,-1.9856443405151367,0.5391417741775513,0.019677787214947295,-0.004360769478705225,-2.1942518164089075,1766201924.666212
0.4879462718963623,-1.985654592514038,0.5391988158226013,0.019977067488876434,-0.004201085391296819,-2.194312164122545,1766201924.6760907
0.48791614174842834,-1.9855772256851196,0.5391223430633545,0.01959593199383882,-0.004224392059930404,-2.1942430621906364,1766201924.6859977
0.4877762198448181,-1.9854497909545898,0.5392031073570251,0.019946289318641154,-0.004390100531010938,-2.1944552737470775,1766201924.6960151
0.4876458942890167,-1.9852421283721924,0.5389582514762878,0.01938364289661903,-0.0045825341028379605,-2.1940382146158517,1766201924.7061303
0.4878298342227936,-1.9855235815048218,0.5388045907020569,0.019209770380074025,-0.003822955787653299,-2.1932085052883257,1766201924.716096
0.4879293441772461,-1.9855573177337646,0.5391008853912354,0.019136986088252664,-0.004268127608941852,-2.194136879731858,1766201924.716146
0.48796772956848145,-1.9855892658233643,0.5391128659248352,0.019304568462481828,-0.004191765857287532,-2.194361858568578,1766201924.7261086
0.48774176836013794,-1.9854485988616943,0.5391682386398315,0.019766334279006557,-0.004377791555500535,-2.1943431822159543,1766201924.7361178
0.48793235421180725,-1.9855786561965942,0.5391557216644287,0.01947638313255039,-0.004141736764589195,-2.194087291248232,1766201924.7461193
0.4878407418727875,-1.9854201078414917,0.5391437411308289,0.019805317816375897,-0.00437183547743321,-2.1944206755684417,1766201924.756114
0.48798954486846924,-1.9855711460113525,0.539080023765564,0.019197993880177656,-0.004196077587472974,-2.1942664100244675,1766201924.7661216
0.4880557656288147,-1.9856674671173096,0.5391603112220764,0.019582258758999462,-0.0042932851176459485,-2.1943399454104573,1766201924.7661703
0.4880405366420746,-1.985633134841919,0.5391358733177185,0.019480133570044713,-0.004277074289046764,-2.1941291356765937,1766201924.7759995
0.4880422353744507,-1.985621452331543,0.5391367673873901,0.019357173599561767,-0.004315300931363093,-2.1942725712361173,1766201924.7861197
0.48799821734428406,-1.9855098724365234,0.5390903353691101,0.019652139730446314,-0.0043676827641319395,-2.1944483603617497,1766201924.7960296
0.48798003792762756,-1.9855448007583618,0.5390766263008118,0.019689946373158587,-0.004594089435942053,-2.1946420173443606,1766201924.8061247
0.4879532754421234,-1.9855446815490723,0.5390698313713074,0.01920555333199868,-0.00423473305610465,-2.1943411195106437,1766201924.8160832
0.48795798420906067,-1.9855811595916748,0.5391326546669006,0.019273467060171023,-0.004212996631324298,-2.1943082563406042,1766201924.8161309
0.487873375415802,-1.9855036735534668,0.5390948057174683,0.019197194746237187,-0.004226585909520063,-2.194427184735412,1766201924.8260577
0.48791155219078064,-1.9855430126190186,0.5391281843185425,0.019182318792676487,-0.00419678168676321,-2.1942207982028346,1766201924.8360252
0.48775288462638855,-1.9854329824447632,0.5392100811004639,0.019896870778066726,-0.004379660709657362,-2.1944334752805728,1766201924.8459902
0.4877430200576782,-1.9854536056518555,0.5392320156097412,0.019760624240488002,-0.004265138204752211,-2.1943654662210847,1766201924.8560755
0.48793819546699524,-1.9855594635009766,0.5390942692756653,0.019259281406365857,-0.004192562878875847,-2.1942240050120163,1766201924.8661153
0.4879813492298126,-1.9855817556381226,0.539080798625946,0.019315038193837147,-0.00429200506800197,-2.1941095344464707,1766201924.866164
0.48796868324279785,-1.985567569732666,0.5390359163284302,0.019087185503638356,-0.004286316202468991,-2.194208023035242,1766201924.8760352
0.488044798374176,-1.985660195350647,0.5389187335968018,0.01918157199981948,-0.003889751356998199,-2.193706438030669,1766201924.8860605
0.4880702793598175,-1.9855482578277588,0.5391181111335754,0.019704333447413964,-0.004591305743207797,-2.1947724891103477,1766201924.89604
0.4879854619503021,-1.9856058359146118,0.5391309261322021,0.019527903637395625,-0.0044197084108572844,-2.1945348749993165,1766201924.9059985
0.48795536160469055,-1.9855750799179077,0.5391178131103516,0.019536756299459043,-0.004141623552003306,-2.194286335260521,1766201924.9160404
0.4877845346927643,-1.9854271411895752,0.539072573184967,0.019936906619214472,-0.004379324403055823,-2.1946360012173667,1766201924.9160569
0.4879192113876343,-1.9855735301971436,0.5391103029251099,0.01932896592556553,-0.004269549731740662,-2.1942985703764273,1766201924.926117
0.48795560002326965,-1.985656976699829,0.5389975309371948,0.01919442381298849,-0.0038389467347532584,-2.193746443430847,1766201924.9360447
0.48791950941085815,-1.9855679273605347,0.5391172170639038,0.01940326492922145,-0.004257002424259025,-2.1942048669301903,1766201924.9460618
0.4877169132232666,-1.9854605197906494,0.5392115116119385,0.020052466972532604,-0.00421494825197812,-2.194402559033331,1766201924.9560792
0.48794689774513245,-1.9855632781982422,0.5391059517860413,0.019155776719901114,-0.004204553809273794,-2.194149321965836,1766201924.9660213
0.48796725273132324,-1.985594630241394,0.5391165614128113,0.01933854080440283,-0.004151054776113928,-2.1941823893053884,1766201924.966068
0.48795562982559204,-1.9855585098266602,0.5391005873680115,0.019424836208838097,-0.004100441206530433,-2.1941240050947752,1766201924.9760253
0.48799148201942444,-1.9855475425720215,0.5390610098838806,0.019116377654185935,-0.004220320909282703,-2.1942675420929003,1766201924.98608
0.48794445395469666,-1.9855563640594482,0.5390931367874146,0.0191947645617261,-0.004064437076646253,-2.194170877150664,1766201924.9960227
0.48799726366996765,-1.9855836629867554,0.5390576124191284,0.019244534586030166,-0.00425399236074815,-2.1942459960591463,1766201925.0061252
0.48802751302719116,-1.9855560064315796,0.539130687713623,0.01919734977116665,-0.004260556022886554,-2.1944350822349654,1766201925.0160966
0.4879932403564453,-1.9855953454971313,0.5391316413879395,0.01934026278554776,-0.004282404408337481,-2.194338387167838,1766201925.0161474
0.4879817068576813,-1.9855828285217285,0.5391061902046204,0.01930335145927374,-0.004250571238586157,-2.1942418735657925,1766201925.0259497
0.4879397749900818,-1.9856091737747192,0.5391415953636169,0.01956368153789582,-0.004344409397815456,-2.1944278997344964,1766201925.0360494
0.48778828978538513,-1.9854110479354858,0.5387212038040161,0.0189274085144641,-0.00493521834516657,-2.193978960248188,1766201925.0460448
0.4877672493457794,-1.9854638576507568,0.5388262867927551,0.018844923735614572,-0.004575552688606288,-2.1938333475631917,1766201925.0560296
0.4877764880657196,-1.985453724861145,0.5388200879096985,0.018849757476630022,-0.004610536430558383,-2.1937566977597354,1766201925.0661254
0.4876166582107544,-1.9852852821350098,0.5388121604919434,0.01933056584030174,-0.0047880117591869,-2.1939224066888636,1766201925.0661736
0.48778146505355835,-1.9854518175125122,0.5388174653053284,0.018847417612923568,-0.004615446935395408,-2.193658154064646,1766201925.0760217
0.4877769947052002,-1.9854313135147095,0.5388317704200745,0.01868680353746438,-0.004592536979809437,-2.1936243149864545,1766201925.085969
0.4877762198448181,-1.9854263067245483,0.5388776063919067,0.018834331997429107,-0.0044880029593727475,-2.193662260340291,1766201925.0960228
