x,y,z,alpha,beta,gamma,time
-0.9486221075057983,-1.7799043655395508,1.8893933296203613,-2.9532916701258842,-0.11001230668865264,-2.559394485250369,1766195184.2138586
-0.9497952461242676,-1.7765461206436157,1.889725923538208,-2.944989141091572,-0.1053191976063904,-2.5492680338942724,1766195184.2240012
-0.950793445110321,-1.7732625007629395,1.8898972272872925,-2.9419268593877668,-0.10496139792180637,-2.538855218840281,1766195184.2340655
-0.9520127773284912,-1.7700283527374268,1.8900814056396484,-2.935861508935862,-0.10325951293605791,-2.5275813569219236,1766195184.2342455
-0.9529963135719299,-1.7668026685714722,1.8902500867843628,-2.931528071689216,-0.10185542094808987,-2.517412077711692,1766195184.243868
-0.954111635684967,-1.7635903358459473,1.8904340267181396,-2.92630496580286,-0.10019090339718996,-2.5087929533652704,1766195184.253864
-0.9549786448478699,-1.760489583015442,1.8905870914459229,-2.9229439079254513,-0.10007147288158315,-2.5013765972999877,1766195184.2639575
-0.9563703536987305,-1.7574175596237183,1.8909803628921509,-2.9080779499098615,-0.0916297823513686,-2.4915933993312804,1766195184.274101
-0.9574584364891052,-1.754296898841858,1.8910936117172241,-2.9037318199190554,-0.09169312572947452,-2.480128963650113,1766195184.283981
-0.9584671258926392,-1.7513364553451538,1.8912428617477417,-2.9002643531279904,-0.08949108166411689,-2.4713324926973472,1766195184.28401
-0.9590727686882019,-1.748374342918396,1.8910959959030151,-2.904582166271862,-0.09448677646896869,-2.4668768533979177,1766195184.2938592
-0.9600171446800232,-1.745323896408081,1.8914276361465454,-2.8963180490744236,-0.08998810538188101,-2.458121831618925,1766195184.3039525
-0.9608632922172546,-1.7424629926681519,1.8914854526519775,-2.89670339085084,-0.0913675233278972,-2.4515340504787844,1766195184.3139853
-0.9617298245429993,-1.739577054977417,1.8916791677474976,-2.895696054384883,-0.0920969036732691,-2.4455942516891818,1766195184.324015
-0.9625153541564941,-1.7367979288101196,1.8918598890304565,-2.8937218457420766,-0.09161420968931545,-2.4395628061466725,1766195184.3240445
-0.9632865786552429,-1.7340048551559448,1.8921045064926147,-2.8902819482603905,-0.09124744181385003,-2.4322145615274495,1766195184.3339856
-0.9640584588050842,-1.7311323881149292,1.8922063112258911,-2.897205284344795,-0.09580014113286738,-2.428043337540734,1766195184.3439867
-0.9647977948188782,-1.7283893823623657,1.8925676345825195,-2.8859417067410575,-0.0919376858489658,-2.4221448625920887,1766195184.3540149
-0.9655735492706299,-1.725587248802185,1.892921805381775,-2.8824327046777953,-0.09173828015926419,-2.416799514554266,1766195184.3640182
-0.96615070104599,-1.722913146018982,1.8931061029434204,-2.8729054753491288,-0.09095616501390974,-2.4132710222031437,1766195184.3740554
-0.9667670726776123,-1.720174789428711,1.8934051990509033,-2.8739657013951745,-0.09283823323836213,-2.4078660602150075,1766195184.384007
-0.9674143195152283,-1.7174171209335327,1.8937357664108276,-2.884113218333998,-0.09850273054565788,-2.405160313294452,1766195184.3840375
-0.9682366847991943,-1.7147068977355957,1.8943872451782227,-2.8703601063106436,-0.09274303424978103,-2.3981187958946824,1766195184.394026
-0.9687892198562622,-1.7120341062545776,1.8947323560714722,-2.8639423730259295,-0.09290493180768894,-2.3938791602940253,1766195184.4140458
-0.9693140983581543,-1.7094312906265259,1.8951345682144165,-2.859466108532796,-0.09370953066923252,-2.390647555151546,1766195184.4142234
-0.9698614478111267,-1.7067888975143433,1.8956114053726196,-2.858731870388851,-0.0942174462435968,-2.3854602296907306,1766195184.4240103
-0.9703640341758728,-1.7042509317398071,1.8960177898406982,-2.8567758432725423,-0.09518677837638627,-2.3817263480256217,1766195184.4340916
-0.9707888960838318,-1.7017042636871338,1.896406650543213,-2.8586397610222165,-0.09773532477503989,-2.379791183008799,1766195184.4341211
-0.9711405634880066,-1.699296474456787,1.8968093395233154,-2.861397982849172,-0.1006380099021426,-2.3771817043453005,1766195184.4440393
-0.9717279076576233,-1.6967722177505493,1.8973355293273926,-2.8524133015258113,-0.09713029844417567,-2.3702876295799484,1766195184.4540827
-0.9720348715782166,-1.694413661956787,1.897623896598816,-2.858202413193818,-0.10141425816201145,-2.370730110507722,1766195184.464028
-0.9725983738899231,-1.6919801235198975,1.8980580568313599,-2.851455963238516,-0.1005621520412081,-2.364761760428886,1766195184.4740133
-0.9729580283164978,-1.689672589302063,1.8983781337738037,-2.8536432095408464,-0.10284705338408225,-2.3623489492036986,1766195184.483966
-0.973463773727417,-1.6873538494110107,1.8986965417861938,-2.8494526255175567,-0.10231319871691685,-2.3590637749486243,1766195184.4839952
-0.9739611148834229,-1.6850097179412842,1.8990715742111206,-2.8472126100967117,-0.10169235553207745,-2.3543379172889654,1766195184.4939668
-0.9742681980133057,-1.6829123497009277,1.8992804288864136,-2.8468855058143965,-0.1034396360104655,-2.3518275792143584,1766195184.5040061
-0.9749500155448914,-1.6805782318115234,1.899691104888916,-2.8394190650064175,-0.09936104944940945,-2.3457105435987256,1766195184.5139334
-0.9753762483596802,-1.6784604787826538,1.8998756408691406,-2.836208218198825,-0.09884924318827068,-2.3427963687713356,1766195184.5239768
-0.9757848978042603,-1.6763719320297241,1.9000252485275269,-2.834306772242896,-0.09971199465483781,-2.339053390707631,1766195184.5340207
-0.9761258363723755,-1.6743065118789673,1.9001539945602417,-2.8326202241590135,-0.09867186661687133,-2.3357613567949986,1766195184.5342112
-0.9765764474868774,-1.6722396612167358,1.9002174139022827,-2.8312574751270816,-0.0995017460244242,-2.3327944893506642,1766195184.5439315
-0.9769710898399353,-1.6702344417572021,1.9003099203109741,-2.831794892807204,-0.10040294283206105,-2.3284948630852087,1766195184.5538626
-0.9772974848747253,-1.668311595916748,1.9003020524978638,-2.829064621778979,-0.09896700508844507,-2.3247122491054584,1766195184.5640016
-0.9776390194892883,-1.6663901805877686,1.900288462638855,-2.8275496737699015,-0.09903567208237804,-2.32081458480724,1766195184.5740683
-0.9778791069984436,-1.6645716428756714,1.9002366065979004,-2.831173248115297,-0.10211692067287703,-2.319575020354838,1766195184.5840259
-0.978258490562439,-1.6626569032669067,1.900296926498413,-2.8245222884149173,-0.09918076223968665,-2.313814668865547,1766195184.5840576
-0.9784966111183167,-1.6608742475509644,1.9002506732940674,-2.8236174012176942,-0.09958725026651549,-2.309348786257728,1766195184.5939844
-0.9787284731864929,-1.6591322422027588,1.900270938873291,-2.8209590320895788,-0.09978702060939611,-2.3061730485858845,1766195184.6040044
-0.97892165184021,-1.6574130058288574,1.900252103805542,-2.8214741081616808,-0.1000520567488633,-2.30238866705859,1766195184.6140258
-0.9791553020477295,-1.655742883682251,1.9002071619033813,-2.820079864335689,-0.10040957290291236,-2.2993813936282916,1766195184.623986
-0.9792206287384033,-1.6540924310684204,1.9002069234848022,-2.818214702314975,-0.10000544786711969,-2.29593577844587,1766195184.6340253
-0.9792928695678711,-1.6524808406829834,1.9002807140350342,-2.818125754532715,-0.10083979058661952,-2.2921669347526006,1766195184.6440217
-0.9793104529380798,-1.650976538658142,1.9003410339355469,-2.8176518755474693,-0.10073700502620019,-2.289059367841576,1766195184.644069
-0.9792436361312866,-1.6494052410125732,1.9003466367721558,-2.8176481670551357,-0.10146721824074979,-2.285384434490171,1766195184.6539369
-0.9791377782821655,-1.6479296684265137,1.900452971458435,-2.818511701969475,-0.10251820048968288,-2.2827044835560772,1766195184.6639285
-0.9789746403694153,-1.6465352773666382,1.9005767107009888,-2.821165142288572,-0.10266116756089808,-2.2801346881056364,1766195184.6739469
-0.9788262248039246,-1.6450995206832886,1.9006738662719727,-2.820432439865634,-0.10320578000140596,-2.2774081253101324,1766195184.6839876
-0.978660523891449,-1.6437090635299683,1.9008092880249023,-2.8204673383679735,-0.10348331290909235,-2.275016090071511,1766195184.684008
-0.978340208530426,-1.6423683166503906,1.9009428024291992,-2.824477093160101,-0.10575448632547038,-2.2742205318243713,1766195184.6939325
-0.9781239628791809,-1.6410636901855469,1.9011118412017822,-2.8262542866382767,-0.10570119748109556,-2.273323800696028,1766195184.7039242
-0.9779064059257507,-1.639736533164978,1.9012680053710938,-2.8248159867699343,-0.10544005776504144,-2.2711317716178665,1766195184.7139452
-0.9776555895805359,-1.6384800672531128,1.9014509916305542,-2.8252226747176854,-0.10621561689733879,-2.270490769781747,1766195184.7239635
-0.9773980975151062,-1.6372735500335693,1.9016364812850952,-2.8270770751922196,-0.1063905679851562,-2.2701315658595713,1766195184.7340126
-0.9771882891654968,-1.6360520124435425,1.9018110036849976,-2.8272391645884505,-0.10639840124592921,-2.270867205896982,1766195184.7440047
-0.9769798517227173,-1.6348903179168701,1.9019883871078491,-2.8250877910464314,-0.1049595984412997,-2.270237887560622,1766195184.744116
-0.9767589569091797,-1.6337077617645264,1.902126669883728,-2.825774964064707,-0.10513708669784103,-2.27049618724405,1766195184.7539303
-0.9765316843986511,-1.6325763463974,1.9023008346557617,-2.8285638189601077,-0.1049904975399148,-2.270736438115009,1766195184.7639294
-0.9762467741966248,-1.6315116882324219,1.9024627208709717,-2.827460701684962,-0.10388323526441441,-2.271679640321228,1766195184.7740562
-0.9760135412216187,-1.630439043045044,1.9026247262954712,-2.829235217045119,-0.10469095293175477,-2.272786142858004,1766195184.784046
-0.9757590889930725,-1.629415512084961,1.9027880430221558,-2.8288072299380596,-0.1034152939015657,-2.2732253236293154,1766195184.7940822
-0.9755116105079651,-1.6283096075057983,1.9029641151428223,-2.830448182434917,-0.10200556765252994,-2.274363937826003,1766195184.7941227
-0.9752471446990967,-1.627276062965393,1.9031261205673218,-2.831631650502579,-0.1014473767673097,-2.275320518721386,1766195184.8040154
-0.9750209450721741,-1.6262750625610352,1.9032869338989258,-2.831301857821948,-0.10045115140075353,-2.2761772745842337,1766195184.814075
-0.9747862815856934,-1.6252949237823486,1.9034740924835205,-2.832151861914659,-0.09887838484738284,-2.277028077287263,1766195184.824049
-0.9745864868164062,-1.624295711517334,1.9036695957183838,-2.8328122098666193,-0.09783909947802327,-2.278156123998818,1766195184.8340604
-0.974359393119812,-1.6232706308364868,1.903820514678955,-2.833542425711833,-0.0959665312204241,-2.2787508173666473,1766195184.8341353
-0.9740970134735107,-1.622286319732666,1.9039206504821777,-2.8329656822896543,-0.09420541424725185,-2.2784358816754917,1766195184.8440151
-0.9738178849220276,-1.6212553977966309,1.9039788246154785,-2.834155461448679,-0.09287882137186268,-2.2800026766490493,1766195184.8540945
-0.97349613904953,-1.6202549934387207,1.9040144681930542,-2.8342801665997728,-0.09209701179557925,-2.2811911601306925,1766195184.8640673
-0.9731429815292358,-1.6191350221633911,1.9040513038635254,-2.8363040751041906,-0.09122818901701699,-2.2807308990197943,1766195184.8740835
-0.9727610349655151,-1.6180534362792969,1.904051423072815,-2.8367151771538026,-0.0908202239344328,-2.2809716942354936,1766195184.8839643
-0.9723407030105591,-1.6169407367706299,1.9040145874023438,-2.8383295675197164,-0.09117534634699243,-2.281383143970618,1766195184.8839946
-0.9719054698944092,-1.615810751914978,1.9039340019226074,-2.839626801386005,-0.09118335604995981,-2.28069375498695,1766195184.8941092
-0.9714261293411255,-1.614653468132019,1.9037749767303467,-2.8406184246542647,-0.09203723272006932,-2.2795454446273387,1766195184.9040084
-0.9708900451660156,-1.6134469509124756,1.903684377670288,-2.8415913749113852,-0.09336363272887095,-2.2795887747896995,1766195184.9140263
-0.9703660011291504,-1.6122204065322876,1.9035485982894897,-2.8438609394107455,-0.09548525296900781,-2.2794926434878957,1766195184.9239604
-0.9698711633682251,-1.6109784841537476,1.9034329652786255,-2.8454524516489847,-0.09740573150836516,-2.279205808342578,1766195184.9339786
-0.9693117141723633,-1.609788179397583,1.9032553434371948,-2.8461969997027454,-0.09950237998851852,-2.2788227448370675,1766195184.934115
-0.9686630964279175,-1.6086257696151733,1.9030945301055908,-2.848093250137885,-0.1017579601807561,-2.2781555808109655,1766195184.9439423
-0.9681751132011414,-1.6074252128601074,1.9029264450073242,-2.8487225220543233,-0.1036336883138568,-2.2793680369469054,1766195184.9540808
-0.9676384925842285,-1.6062633991241455,1.90269935131073,-2.8511255835515965,-0.10682888634603169,-2.280769209186572,1766195184.9640129
-0.9671199917793274,-1.6051008701324463,1.9024738073349,-2.8568299242370214,-0.11152838304443476,-2.2824657203247467,1766195184.9740798
-0.9667721390724182,-1.6039544343948364,1.9024380445480347,-2.8541687699270035,-0.11105984845735815,-2.2825663534762213,1766195184.9840398
-0.9663413763046265,-1.6028882265090942,1.9022663831710815,-2.854906369784251,-0.11252530282614699,-2.28375989157704,1766195184.9840686
-0.9660695195198059,-1.6017978191375732,1.902127742767334,-2.8538194867274957,-0.1125835775555366,-2.2842606253233395,1766195184.9940386
-0.9657703638076782,-1.600753664970398,1.9019694328308105,-2.854194806555921,-0.1139030935643151,-2.285771913588924,1766195185.0040438
-0.9654914736747742,-1.5997668504714966,1.901857852935791,-2.855281907441002,-0.11474400527406307,-2.287877929062832,1766195185.0140738
-0.9652068018913269,-1.5987820625305176,1.9016976356506348,-2.8549327422989563,-0.11545476297244098,-2.2901242366673165,1766195185.0240083
-0.9649567008018494,-1.597853660583496,1.9015488624572754,-2.854789509691727,-0.11522662734025775,-2.291294315078154,1766195185.0341043
-0.9647653698921204,-1.596915364265442,1.901428461074829,-2.8543344541471,-0.11547923987906193,-2.2937077694554433,1766195185.0341473
-0.9646091461181641,-1.5960338115692139,1.9012924432754517,-2.855674297492082,-0.11610011507539278,-2.2956785084059645,1766195185.0440311
-0.9645074605941772,-1.5951027870178223,1.9011601209640503,-2.85738407316547,-0.11664941898029406,-2.2978967468334055,1766195185.0541158
-0.964469313621521,-1.5941816568374634,1.9011077880859375,-2.856940504557983,-0.11728302098368737,-2.3003970981075232,1766195185.064015
-0.9643731117248535,-1.5933072566986084,1.900985598564148,-2.8591682605158173,-0.11811706910463012,-2.302692880718462,1766195185.074079
-0.9642549157142639,-1.592458724975586,1.9008193016052246,-2.8627297034659307,-0.12171801676401309,-2.3051231577223286,1766195185.0840137
-0.9641997814178467,-1.5915898084640503,1.9008355140686035,-2.8567486123039054,-0.11905727684058844,-2.3064438202067783,1766195185.0840423
-0.9639611840248108,-1.5908393859863281,1.9006422758102417,-2.862274486656645,-0.12326393479661003,-2.3110357517079065,1766195185.094046
-0.9639021158218384,-1.5900198221206665,1.9005769491195679,-2.860630385875931,-0.12310754413374335,-2.3132471540507082,1766195185.10401
-0.9639164805412292,-1.5891433954238892,1.9006279706954956,-2.856363130409044,-0.12145720686211642,-2.3145698242022776,1766195185.1140459
-0.9639054536819458,-1.588245153427124,1.900553584098816,-2.856703156716707,-0.12274228794964362,-2.3159585519894157,1766195185.1240158
-0.9638141989707947,-1.5873993635177612,1.9005225896835327,-2.857450790739824,-0.12419675132367622,-2.317543553076081,1766195185.1340568
-0.9637596607208252,-1.5866234302520752,1.9004632234573364,-2.857479487150692,-0.1248634896936268,-2.3185373699598406,1766195185.1341014
-0.963676929473877,-1.585863471031189,1.9004098176956177,-2.8570542818578604,-0.12528860520108837,-2.3196977517907573,1766195185.1439083
-0.9636554718017578,-1.5851081609725952,1.9003709554672241,-2.857056920080377,-0.12637945136988535,-2.32093915772871,1766195185.1539254
-0.9636249542236328,-1.5843453407287598,1.9003599882125854,-2.8558981137564166,-0.12664036539579876,-2.3212808126651456,1766195185.1640341
-0.9636557102203369,-1.5836234092712402,1.900322675704956,-2.8549549024175676,-0.12719954141386583,-2.321809561222724,1766195185.1740324
-0.9636873006820679,-1.5828962326049805,1.9002715349197388,-2.8552064861863338,-0.12911583327921763,-2.3227618746590095,1766195185.1840222
-0.9636676907539368,-1.5822619199752808,1.9001758098602295,-2.858535620986306,-0.1314848400857103,-2.324269653931338,1766195185.1840515
-0.9637996554374695,-1.5815798044204712,1.9001935720443726,-2.855785001857459,-0.13027485746137268,-2.3255159064266406,1766195185.1939774
-0.9638106822967529,-1.5809541940689087,1.9002190828323364,-2.855520793295608,-0.1299706438180092,-2.3262740351781597,1766195185.2040122
-0.9638897180557251,-1.5803691148757935,1.9001785516738892,-2.855620775947032,-0.13067577376589065,-2.3272378989222875,1766195185.2139156
-0.964007556438446,-1.579779028892517,1.9001413583755493,-2.8547550588862856,-0.13122436709705523,-2.3286605946451227,1766195185.223941
-0.9640483856201172,-1.579215168952942,1.9001030921936035,-2.855955303625855,-0.13173473740612957,-2.3294604644106487,1766195185.2340648
-0.9641167521476746,-1.5786371231079102,1.900071382522583,-2.8555419881816646,-0.13211664684399171,-2.3306420496201503,1766195185.2342265
-0.9641742706298828,-1.5780773162841797,1.900062918663025,-2.8556285113752296,-0.13339628428257017,-2.331861235399723,1766195185.244012
-0.9642238616943359,-1.5775423049926758,1.899991750717163,-2.856417729261133,-0.13421771338122745,-2.332811882572172,1766195185.254073
-0.9643270969390869,-1.5769928693771362,1.8999311923980713,-2.856773170630252,-0.13412144523339842,-2.3346589861343388,1766195185.264036
-0.96439129114151,-1.5764762163162231,1.899874210357666,-2.8568520778205633,-0.1346379925236212,-2.3359515813397196,1766195185.274076
-0.9644781351089478,-1.5759228467941284,1.8998253345489502,-2.8569702391020546,-0.13546242732325825,-2.3365742595690975,1766195185.2741127
-0.9645525813102722,-1.5753848552703857,1.8997855186462402,-2.856152142764135,-0.13565489205790812,-2.337246354612623,1766195185.2838933
-0.9645847082138062,-1.5748891830444336,1.8996444940567017,-2.861649976037944,-0.1401564190769569,-2.3386991459479343,1766195185.2939608
-0.9647744297981262,-1.5743573904037476,1.8997294902801514,-2.8565224257483766,-0.13749886624314708,-2.3395326576206394,1766195185.3039348
-0.9648846983909607,-1.5738775730133057,1.8997446298599243,-2.8568932250820396,-0.13838710560600023,-2.3409659351939593,1766195185.3140464
-0.9649867415428162,-1.573405146598816,1.899733066558838,-2.856605203633571,-0.13881190549124306,-2.3420621922611518,1766195185.324013
-0.9650535583496094,-1.5729585886001587,1.8997067213058472,-2.8570545939461818,-0.13958464763294684,-2.3428047712297397,1766195185.3340409
-0.9652197360992432,-1.5724672079086304,1.8996689319610596,-2.856243892979957,-0.13983736863604604,-2.344373465419948,1766195185.3342292
-0.9653679728507996,-1.5720161199569702,1.8996093273162842,-2.856429317827355,-0.14054907044945417,-2.3454888791938378,1766195185.3439255
-0.9654837846755981,-1.5715904235839844,1.8995517492294312,-2.8565928665860545,-0.14109042510492067,-2.3464801719996418,1766195185.3539553
-0.9656378626823425,-1.5711349248886108,1.899527907371521,-2.856551984165364,-0.14160544264847155,-2.346977764284403,1766195185.3640065
-0.9656521081924438,-1.5707648992538452,1.8993396759033203,-2.8631266159093793,-0.14658743622534387,-2.3493460370903376,1766195185.374034
-0.9660044312477112,-1.5702972412109375,1.8994805812835693,-2.856605994857677,-0.1428301925616978,-2.3481049176650477,1766195185.384003
-0.9662249684333801,-1.5698812007904053,1.8994513750076294,-2.857044511536488,-0.14298842837698855,-2.34831433589756,1766195185.3940318
-0.9664850831031799,-1.5695078372955322,1.8994439840316772,-2.857385966984016,-0.14317468164144642,-2.348957612934044,1766195185.3941803
-0.9667454361915588,-1.5690937042236328,1.8994327783584595,-2.856630316592149,-0.14338260944544748,-2.3496517546823146,1766195185.4039347
-0.9669947028160095,-1.5687503814697266,1.8994126319885254,-2.8562259580013545,-0.14350980408113734,-2.3496577210410834,1766195185.4138923
-0.967239260673523,-1.568382740020752,1.8994101285934448,-2.8563821759118175,-0.14389483670058484,-2.3496479160235912,1766195185.423909
-0.9674862027168274,-1.5680389404296875,1.8994091749191284,-2.8559316062038183,-0.1438397826534506,-2.3499055687806982,1766195185.4339633
-0.967760443687439,-1.567668080329895,1.8994187116622925,-2.8560280285227786,-0.14393427302135336,-2.3498874409699866,1766195185.4339786
-0.9680463671684265,-1.5673422813415527,1.899406909942627,-2.855406217344293,-0.1439749782497436,-2.350272082333902,1766195185.4440255
-0.9683049917221069,-1.5670257806777954,1.8993662595748901,-2.8554217601233307,-0.1441383303457772,-2.3501688365815387,1766195185.4539826
-0.968660831451416,-1.566675066947937,1.8993754386901855,-2.8561788961633274,-0.1442979453698483,-2.350837700507302,1766195185.463965
-0.9689580798149109,-1.5663987398147583,1.8993372917175293,-2.856603137430349,-0.14445797547605904,-2.3511696470221097,1766195185.473964
-0.9692735075950623,-1.5661123991012573,1.899320125579834,-2.856698532638913,-0.1445122648674602,-2.351371817064794,1766195185.4740138
-0.9695788621902466,-1.5658137798309326,1.8992927074432373,-2.857095961055389,-0.14468333672993602,-2.3516503022212603,1766195185.4940312
-0.9698908925056458,-1.5655452013015747,1.8992663621902466,-2.8571150783875545,-0.14452840849896034,-2.3516921392093537,1766195185.4940634
-0.9702216982841492,-1.565246343612671,1.8992588520050049,-2.856686072698426,-0.14480031871369078,-2.3517637237784372,1766195185.5039914
-0.9705395698547363,-1.5649631023406982,1.899229884147644,-2.8565181399926445,-0.14468551638424806,-2.3519077487624065,1766195185.5139883
-0.9709303975105286,-1.56467604637146,1.8991986513137817,-2.8556432145858732,-0.14483983981869908,-2.353562910312132,1766195185.5240195
-0.9712958931922913,-1.564396858215332,1.8991835117340088,-2.8553638681127196,-0.144478994804886,-2.3534050573964236,1766195185.5339768
-0.9716389179229736,-1.5641429424285889,1.8991702795028687,-2.8540047056710836,-0.14433384580912761,-2.3533223371327567,1766195185.5341792
-0.9719845652580261,-1.5638612508773804,1.8991522789001465,-2.8538350480084445,-0.1446390839028251,-2.3528861935533527,1766195185.544009
-0.9723092317581177,-1.5636050701141357,1.89914870262146,-2.853686726999612,-0.14439483908450862,-2.3534384224966094,1766195185.5540783
-0.9726514220237732,-1.5633440017700195,1.8991320133209229,-2.854055232331732,-0.14435946533243196,-2.353463806614003,1766195185.5639858
-0.9729657769203186,-1.5630850791931152,1.899131417274475,-2.854148223388553,-0.14415448982635456,-2.353586100469101,1766195185.573986
-0.9732990860939026,-1.5628331899642944,1.8991248607635498,-2.853789046402997,-0.1441335070672884,-2.3548265284494447,1766195185.5741389
-0.9736104607582092,-1.5625801086425781,1.8991059064865112,-2.8529511889084187,-0.14399408032644687,-2.354682609164958,1766195185.5940676
-0.9739502668380737,-1.5623342990875244,1.8991117477416992,-2.8536979430952085,-0.14432763803827292,-2.3542657295207072,1766195185.594219
-0.9742472171783447,-1.5620766878128052,1.8990944623947144,-2.8540486267243503,-0.144519328964992,-2.3537155474801903,1766195185.6039424
-0.9745603799819946,-1.5618820190429688,1.8991057872772217,-2.8545609639717195,-0.14480493749300186,-2.354217899288182,1766195185.6138704
-0.9749683141708374,-1.5616118907928467,1.8992029428482056,-2.8599934275549352,-0.14570368593013594,-2.3526391819266856,1766195185.6239407
-0.9751392602920532,-1.5614689588546753,1.8990739583969116,-2.8539920768939524,-0.14509879962479344,-2.3546656570813687,1766195185.6339822
-0.9754300117492676,-1.5612742900848389,1.8990463018417358,-2.8534998749586626,-0.14560489111154734,-2.3549902951053157,1766195185.63402
-0.9757827520370483,-1.5610744953155518,1.8990471363067627,-2.852512796361399,-0.14556383531112005,-2.3553399426364265,1766195185.643861
-0.9760881662368774,-1.5608702898025513,1.8990505933761597,-2.8527902137047954,-0.14577266013672338,-2.35546603796044,1766195185.6540558
-0.9764074683189392,-1.5607064962387085,1.8990235328674316,-2.8536539420098066,-0.1460164364309786,-2.3555039504614816,1766195185.6640365
-0.9767303466796875,-1.5604923963546753,1.8990331888198853,-2.8540350859081385,-0.14650492161773732,-2.3552951436457734,1766195185.6740437
-0.9770087003707886,-1.5603376626968384,1.899030089378357,-2.8535517717760657,-0.1460323158963787,-2.3553440819352476,1766195185.684036
-0.9772623181343079,-1.5602070093154907,1.8990452289581299,-2.852649200471191,-0.1457725957974346,-2.355825756612915,1766195185.6840649
-0.9775099754333496,-1.5600465536117554,1.899031639099121,-2.851841880856787,-0.14538401686107566,-2.355945644556521,1766195185.6939042
-0.9778165221214294,-1.5599147081375122,1.8990345001220703,-2.8523157125487555,-0.1451249164135268,-2.3557640493159226,1766195185.7039669
-0.9780630469322205,-1.5597752332687378,1.8990204334259033,-2.8525882847117123,-0.14549716067915372,-2.356139563221583,1766195185.714058
-0.9783995151519775,-1.5596498250961304,1.899039626121521,-2.852845682797623,-0.14511733642970082,-2.35690038850436,1766195185.7240424
-0.9785444140434265,-1.5595390796661377,1.8989337682724,-2.8581043580348426,-0.14825932082763169,-2.3577474543854375,1766195185.7339733
-0.9787642359733582,-1.5594629049301147,1.8989537954330444,-2.8586295041753,-0.147748176644354,-2.3579101244547105,1766195185.7340255
-0.9790188670158386,-1.559352993965149,1.8989956378936768,-2.8594882584929247,-0.14779367056042073,-2.357586888384664,1766195185.7439368
-0.9792667031288147,-1.5592749118804932,1.8990039825439453,-2.8600284811963097,-0.14787384102403422,-2.3573241460095113,1766195185.7539277
-0.9795274138450623,-1.5591659545898438,1.8990309238433838,-2.8604590132457144,-0.14770659052848364,-2.3569588164838664,1766195185.7639322
-0.9797871112823486,-1.5590722560882568,1.8990586996078491,-2.860739293062801,-0.14732404681669617,-2.357062075782201,1766195185.7739327
-0.9801182150840759,-1.558972954750061,1.8992351293563843,-2.8547905286621007,-0.14349708443503761,-2.3566232344016953,1766195185.7839653
-0.9803564548492432,-1.5589021444320679,1.8992846012115479,-2.8554810483034587,-0.14280501626940073,-2.3570129386921908,1766195185.783987
-0.9805725812911987,-1.5587944984436035,1.8993111848831177,-2.8559325270555855,-0.14266379684043773,-2.3572121283964247,1766195185.8039978
-0.9807872176170349,-1.5587507486343384,1.899320363998413,-2.856184595109447,-0.14226642593500288,-2.357887788372039,1766195185.8040264
-0.981009304523468,-1.558652639389038,1.8993380069732666,-2.856562281553567,-0.14206649045992403,-2.3580047380283857,1766195185.8139763
-0.9812375903129578,-1.5585652589797974,1.899348497390747,-2.856388789268313,-0.14195409770669387,-2.3592971597669052,1766195185.823974
-0.9814222455024719,-1.5584756135940552,1.8993600606918335,-2.8564330085829757,-0.14179200162644018,-2.3596363487581224,1766195185.8339727
-0.9816071391105652,-1.5583851337432861,1.899354338645935,-2.856689016442517,-0.14153500740585154,-2.3598319915975625,1766195185.8440332
-0.9817687273025513,-1.558271884918213,1.8993397951126099,-2.8567693441775748,-0.1414599543109731,-2.360265093931398,1766195185.8440604
-0.9819710850715637,-1.5581533908843994,1.8993539810180664,-2.857018150573316,-0.14204403860058532,-2.360634835100369,1766195185.8539712
-0.9821475148200989,-1.5579991340637207,1.899349570274353,-2.857505766917835,-0.14228451562920091,-2.3609868947902912,1766195185.8639915
-0.9823327660560608,-1.5578449964523315,1.899353265762329,-2.8573139530317135,-0.14205025893599696,-2.3613340809251917,1766195185.8740218
-0.9825657606124878,-1.5576668977737427,1.8993514776229858,-2.858330112728149,-0.14261727947745215,-2.360986933695974,1766195185.8839788
-0.9827271699905396,-1.5575138330459595,1.8993209600448608,-2.8581930604589276,-0.14298728991423645,-2.3616486030403894,1766195185.884007
-0.9829172492027283,-1.557356357574463,1.899316430091858,-2.858056206391607,-0.14347063318544495,-2.361986236577035,1766195185.9039974
-0.9830872416496277,-1.557215929031372,1.8993184566497803,-2.857891162088044,-0.14358202466260547,-2.3622086774862048,1766195185.9040263
-0.983226478099823,-1.5570417642593384,1.8993089199066162,-2.8583623337184543,-0.14419012573160025,-2.3628287784403006,1766195185.9139044
-0.9833762645721436,-1.5568898916244507,1.8992918729782104,-2.8580479362055367,-0.14449568397102386,-2.3635576436288463,1766195185.9239259
-0.9835423827171326,-1.5567078590393066,1.8992865085601807,-2.857447436125786,-0.145053252934848,-2.364625094082344,1766195185.9339254
-0.9836879968643188,-1.5565671920776367,1.8992747068405151,-2.8581021170772516,-0.14567153251256718,-2.3651359884098673,1766195185.9339383
-0.9838233590126038,-1.5564097166061401,1.8992557525634766,-2.857800182748388,-0.14576021194416197,-2.3651365360007497,1766195185.9439719
-0.9839728474617004,-1.556286334991455,1.899256706237793,-2.858005814503721,-0.1458644254354337,-2.3656027879742423,1766195185.9539611
-0.9841132760047913,-1.556134581565857,1.8992377519607544,-2.858026896477389,-0.14622123676629856,-2.3657543806543555,1766195185.9639838
-0.9842607378959656,-1.55597722530365,1.8992457389831543,-2.8579167098793623,-0.1463299285605613,-2.3658693446816983,1766195185.9740279
-0.9844159483909607,-1.555845856666565,1.8992478847503662,-2.8580064590424494,-0.14697929869059276,-2.3661302698468245,1766195185.9741354
-0.9845453500747681,-1.555700659751892,1.8992348909378052,-2.857936764547591,-0.14727182555703802,-2.3664429507998745,1766195185.9840086
-0.984683632850647,-1.5556048154830933,1.8992273807525635,-2.8579118517466475,-0.14730509185433238,-2.3665721792424725,1766195185.994012
-0.9848440885543823,-1.5554856061935425,1.899247169494629,-2.8583259675948214,-0.1476014060241445,-2.36625165752673,1766195186.0039742
-0.984965980052948,-1.5553820133209229,1.8992516994476318,-2.857228821918147,-0.14759917068201694,-2.3665904794098065,1766195186.013978
-0.9851146936416626,-1.5552737712860107,1.8992890119552612,-2.857637374009827,-0.14773122772729497,-2.3664612569179626,1766195186.0240312
-0.9852422475814819,-1.5551906824111938,1.8992944955825806,-2.8577909414221616,-0.14782040251323433,-2.366681391352707,1766195186.0340154
-0.9853543639183044,-1.5551213026046753,1.8993136882781982,-2.8575473660050315,-0.14766843713625727,-2.3668872337671725,1766195186.034048
-0.9854785799980164,-1.555053472518921,1.899312973022461,-2.857881009723155,-0.14763139682339765,-2.366830551945477,1766195186.0439906
-0.9856547713279724,-1.5549733638763428,1.8993369340896606,-2.8579251392240588,-0.1478424358146072,-2.3677939189211323,1766195186.0540507
-0.9857404232025146,-1.5549124479293823,1.8993691205978394,-2.8576995423387626,-0.14802070752736446,-2.368304435372483,1766195186.0639975
-0.9858857989311218,-1.5548332929611206,1.8994120359420776,-2.859001953011695,-0.1477808609702524,-2.367503800423434,1766195186.0740163
-0.985960841178894,-1.5548293590545654,1.8993805646896362,-2.858976940606355,-0.14767217352670375,-2.367898120487712,1766195186.0839925
-0.9860474467277527,-1.554775595664978,1.8993868827819824,-2.8601639670582695,-0.14799645750924226,-2.367866075972759,1766195186.0840213
-0.9862067699432373,-1.5546619892120361,1.8995072841644287,-2.866429577958375,-0.14872105873054114,-2.366931220772917,1766195186.093899
-0.9862611889839172,-1.5546622276306152,1.8995434045791626,-2.8656083379087782,-0.14859990189038058,-2.367711150430005,1766195186.1039248
-0.9862570762634277,-1.5547163486480713,1.8994672298431396,-2.8600812172574828,-0.14809934161369528,-2.368793164089712,1766195186.11396
-0.986384391784668,-1.5546073913574219,1.8995802402496338,-2.866129400429462,-0.14886621512273387,-2.3681770096888686,1766195186.1240048
-0.9863396883010864,-1.5546811819076538,1.8994871377944946,-2.8604697378036983,-0.1485280667852333,-2.3693950190306237,1766195186.1240342
-0.9863706827163696,-1.5546690225601196,1.8994760513305664,-2.860278280834828,-0.14845028638672814,-2.369984755568003,1766195186.1339126
-0.9864175915718079,-1.5546395778656006,1.8995027542114258,-2.860269249642877,-0.14858964656797316,-2.36981129525742,1766195186.1439283
-0.9864170551300049,-1.5546355247497559,1.89950430393219,-2.859892475643829,-0.1486513390341246,-2.370263301355621,1766195186.153976
-0.9863927364349365,-1.5545649528503418,1.899673581123352,-2.868701976322238,-0.14932633701961173,-2.3709745935576123,1766195186.1639524
-0.9865154027938843,-1.554467797279358,1.8995606899261475,-2.8664840730502994,-0.14967615019912148,-2.3699370369452675,1766195186.173927
-0.9864224195480347,-1.5545189380645752,1.8995558023452759,-2.8668853784019084,-0.1503974678243453,-2.3699626330972228,1766195186.1839745
-0.9863665699958801,-1.5545202493667603,1.899552345275879,-2.8674432149516593,-0.1505083526258319,-2.3703517030976404,1766195186.1840053
-0.9863150119781494,-1.554486870765686,1.8995293378829956,-2.8668271315302,-0.15085394230037216,-2.3704651490091506,1766195186.1940105
-0.9861538410186768,-1.5545076131820679,1.8995912075042725,-2.870370160628237,-0.15126399492929676,-2.3721478308079544,1766195186.2040224
-0.9861791133880615,-1.554477572441101,1.8994954824447632,-2.8678058642840143,-0.1518440625156617,-2.3707923892103273,1766195186.213974
-0.9861108064651489,-1.5544708967208862,1.8994966745376587,-2.8680861527253296,-0.15230883009400467,-2.370857345149632,1766195186.2239022
-0.9860185980796814,-1.554492473602295,1.8994911909103394,-2.868146535421994,-0.1529685782928319,-2.3717121722385834,1766195186.233875
-0.9859132766723633,-1.5544863939285278,1.899480938911438,-2.8682178141931756,-0.15327921300187014,-2.371568375413503,1766195186.233894
-0.9857385158538818,-1.5545437335968018,1.8995603322982788,-2.8707006037928258,-0.15342576934366664,-2.3733946300649924,1766195186.2438602
-0.9856903553009033,-1.5545483827590942,1.8994817733764648,-2.8687141529504743,-0.15439549869134273,-2.3729167566591727,1766195186.253948
-0.9855664372444153,-1.5546103715896606,1.8994661569595337,-2.868673125926331,-0.15437896958811917,-2.373128395383429,1766195186.2639453
-0.9854219555854797,-1.5546573400497437,1.8994228839874268,-2.869144303153576,-0.15528053339137957,-2.373610967865289,1766195186.273936
-0.9853008389472961,-1.5547055006027222,1.8994284868240356,-2.8688231123620382,-0.15553763429123188,-2.373734281543143,1766195186.2840025
-0.985075056552887,-1.5548124313354492,1.8995052576065063,-2.8718833584912242,-0.15571104405887448,-2.3754339505115825,1766195186.284033
-0.9849115014076233,-1.554874062538147,1.8994739055633545,-2.8724515246104874,-0.1563705524318258,-2.3751266700352724,1766195186.2938924
-0.9847703576087952,-1.554967999458313,1.8994592428207397,-2.873149148108047,-0.15664488857958864,-2.3752356320158614,1766195186.3139856
-0.9846346378326416,-1.5550423860549927,1.8994606733322144,-2.8734239767924468,-0.1567699766683696,-2.375564104625946,1766195186.314173
-0.9845969080924988,-1.5550888776779175,1.8993719816207886,-2.8713232197802534,-0.15755010291739138,-2.3742211178654755,1766195186.3240175
-0.9844462871551514,-1.5552040338516235,1.8993561267852783,-2.87117874416497,-0.15747057440646092,-2.374450529849923,1766195186.3240454
-0.9843135476112366,-1.555306315422058,1.8993477821350098,-2.871880425953007,-0.15780513110110836,-2.3743603889170153,1766195186.333979
-0.9842119216918945,-1.555402159690857,1.8993628025054932,-2.8720376045579776,-0.15772367280028324,-2.3744583814153177,1766195186.3440015
-0.9840770959854126,-1.555513858795166,1.8993545770645142,-2.872858279228055,-0.15807415923242765,-2.375238385045003,1766195186.3539872
-0.9839449524879456,-1.5556377172470093,1.8993513584136963,-2.872160992048228,-0.15824250529636955,-2.376157877720308,1766195186.3640363
-0.9838530421257019,-1.5557529926300049,1.8993735313415527,-2.872748489213243,-0.158521774265343,-2.3762135614896667,1766195186.3740218
-0.9837436079978943,-1.5558642148971558,1.8993879556655884,-2.8730683009325486,-0.15858077151598288,-2.376665326859732,1766195186.3839908
-0.9836733341217041,-1.555992841720581,1.8993967771530151,-2.8734991140743413,-0.15886454162434283,-2.3768851887411655,1766195186.393987
-0.9835630059242249,-1.5561277866363525,1.8994154930114746,-2.8742194410190436,-0.15877067230485534,-2.377419231313963,1766195186.394046
-0.9834649562835693,-1.5562771558761597,1.8994203805923462,-2.8740353516216817,-0.15891420659045072,-2.3781268095690384,1766195186.4039247
-0.9833452105522156,-1.5564008951187134,1.8994464874267578,-2.8742807204336462,-0.15877663264907552,-2.3787525258841336,1766195186.4139535
-0.9832420945167542,-1.5565614700317383,1.899444818496704,-2.8754851344914045,-0.15926834166887524,-2.3792748896106213,1766195186.4240365
-0.9831390976905823,-1.5566951036453247,1.8994721174240112,-2.8759515424820496,-0.15938354087702863,-2.3796888981706794,1766195186.4240649
-0.983024001121521,-1.5568578243255615,1.8994648456573486,-2.8764762361641507,-0.1590411781198014,-2.3802318202519945,1766195186.433891
-0.9828981757164001,-1.5570167303085327,1.8994797468185425,-2.876797757440564,-0.15923157485065406,-2.381224136152044,1766195186.4439225
-0.9828108549118042,-1.5571545362472534,1.8994851112365723,-2.8769522281579327,-0.15951025225829918,-2.3815100876259745,1766195186.4540606
-0.9827134013175964,-1.5572974681854248,1.8995158672332764,-2.8767255307119983,-0.1592589306610567,-2.382293971859954,1766195186.4640326
-0.9826345443725586,-1.557456374168396,1.8995530605316162,-2.8768861699637682,-0.15914739570564645,-2.383226171185302,1766195186.4739819
-0.982590913772583,-1.557601809501648,1.899572730064392,-2.8764288108551423,-0.15934349289608113,-2.383170506569397,1766195186.483997
-0.9825341105461121,-1.5577232837677002,1.8996108770370483,-2.8773395028717594,-0.15953939934087838,-2.3836414787688582,1766195186.4840257
-0.9824870824813843,-1.5578694343566895,1.8996301889419556,-2.876793116571571,-0.15961006619037846,-2.384016517618622,1766195186.4938915
-0.9823824167251587,-1.5579849481582642,1.8996576070785522,-2.8771685396316045,-0.15998932853851033,-2.3833169060515815,1766195186.5039976
-0.9823166131973267,-1.5581127405166626,1.8996647596359253,-2.877200213797739,-0.16029459111003058,-2.3842629790711003,1766195186.5139728
-0.9822359681129456,-1.5582245588302612,1.8996683359146118,-2.8772015877091586,-0.1602803959223168,-2.384656031305465,1766195186.5240335
-0.9821638464927673,-1.5583398342132568,1.8996556997299194,-2.8783588287806228,-0.16079451167150088,-2.385003161959152,1766195186.5340123
-0.9821049571037292,-1.5584497451782227,1.8996411561965942,-2.878972675333494,-0.16072151646953445,-2.3855780473748807,1766195186.5340495
-0.9820432066917419,-1.5585687160491943,1.8996413946151733,-2.8789751803034953,-0.16103810208415512,-2.3862352255357413,1766195186.5439858
-0.9819996953010559,-1.5586552619934082,1.899649977684021,-2.8788001271887547,-0.16118103091073055,-2.3862866166595946,1766195186.5540419
-0.981959342956543,-1.5587908029556274,1.8996703624725342,-2.8791013598061093,-0.1615676482512748,-2.3868409009837395,1766195186.5640042
-0.9818957448005676,-1.5589231252670288,1.8996742963790894,-2.8796226180781312,-0.16180512146170986,-2.3881970518169444,1766195186.5739808
-0.9818854331970215,-1.5590112209320068,1.8996731042861938,-2.8795627668063273,-0.16182949513852377,-2.387993177559059,1766195186.574033
-0.9818611741065979,-1.5591167211532593,1.899679183959961,-2.879562253308409,-0.16204372263949152,-2.38856873855626,1766195186.5840242
-0.9818513989448547,-1.5592254400253296,1.8997104167938232,-2.8787810314963447,-0.16208672038805638,-2.38915570779683,1766195186.5939844
-0.9818139672279358,-1.5593409538269043,1.8996962308883667,-2.8783493884231626,-0.16183155155013085,-2.3895944099486295,1766195186.6040084
-0.9818165898323059,-1.5594552755355835,1.8996951580047607,-2.8782729115271146,-0.16199776372286204,-2.390093010521645,1766195186.6139836
-0.9818018078804016,-1.5595647096633911,1.8996717929840088,-2.8783837345047685,-0.16209714144665108,-2.390224931915053,1766195186.6239965
-0.9818123579025269,-1.5596897602081299,1.8996641635894775,-2.878458773663386,-0.1621480721140514,-2.3907611079463265,1766195186.633955
-0.981829047203064,-1.5597862005233765,1.8996750116348267,-2.878692414571103,-0.16250054147143903,-2.39112011863194,1766195186.6440384
-0.9818533062934875,-1.559905767440796,1.8996931314468384,-2.8783838913567203,-0.16209830244514942,-2.3916639163414994,1766195186.6540456
-0.9818706512451172,-1.5600258111953735,1.899697184562683,-2.8788495970782084,-0.16254413042617996,-2.3920324671383586,1766195186.6540768
-0.9819097518920898,-1.5601240396499634,1.8996715545654297,-2.8790640576992574,-0.1620649008821785,-2.3921638474967883,1766195186.6639988
-0.9819700121879578,-1.560260534286499,1.8996964693069458,-2.8798447340697333,-0.16207985823750742,-2.3922185266512552,1766195186.6740248
-0.9820103049278259,-1.5603655576705933,1.8997080326080322,-2.879424515603791,-0.162056022398808,-2.3931302242255694,1766195186.6839836
-0.9820889234542847,-1.560463547706604,1.8997129201889038,-2.8790399856912106,-0.16229193353788557,-2.393446830014611,1766195186.6840127
-0.9821416139602661,-1.5605738162994385,1.8997299671173096,-2.878771702224368,-0.16133768604833768,-2.393581078754981,1766195186.6938915
-0.9821964502334595,-1.5606844425201416,1.8997242450714111,-2.878953490592542,-0.16161374007982718,-2.394195479019964,1766195186.703909
-0.9822540283203125,-1.5607882738113403,1.8997403383255005,-2.8787357694841837,-0.1613977550792185,-2.3948161207530756,1766195186.7139063
-0.9823094606399536,-1.5608997344970703,1.8997257947921753,-2.879282769365783,-0.16166915146202193,-2.395794398377487,1766195186.7239735
-0.9823642373085022,-1.5609952211380005,1.8997331857681274,-2.8789994142326765,-0.1618332261976773,-2.3962800286239707,1766195186.7339563
-0.9824171662330627,-1.5611313581466675,1.899749517440796,-2.8775576383006314,-0.16175354817236132,-2.3971509678008687,1766195186.7339845
-0.9824301600456238,-1.5612505674362183,1.8997362852096558,-2.878043710456456,-0.16228479402286528,-2.398269699221331,1766195186.7439742
-0.9824718236923218,-1.5613385438919067,1.8997063636779785,-2.8794409328101396,-0.16263958104213574,-2.3984624288996814,1766195186.7540596
-0.9824962019920349,-1.5614277124404907,1.8997076749801636,-2.87896059590637,-0.16270712706621498,-2.3994660926435034,1766195186.7639859
-0.9824599027633667,-1.561552882194519,1.8997840881347656,-2.8817431889570537,-0.1626985437988147,-2.4017007453710204,1766195186.7740335
-0.9825645685195923,-1.561599850654602,1.8996813297271729,-2.8790306951551803,-0.1631176630700741,-2.40095123143602,1766195186.7740636
-0.9825674891471863,-1.561716079711914,1.8996565341949463,-2.878752454080775,-0.16359060731975741,-2.4016593297577007,1766195186.783908
-0.9825843572616577,-1.5618356466293335,1.899634838104248,-2.879261545552622,-0.1637428142361894,-2.4025178186098715,1766195186.7938988
-0.9826123714447021,-1.5619714260101318,1.8996127843856812,-2.8797005656203676,-0.1643082608810891,-2.402832609397539,1766195186.8039827
-0.9826316237449646,-1.5620535612106323,1.899604082107544,-2.879259005079124,-0.16452416167484768,-2.4036453450716984,1766195186.8140347
-0.9826552271842957,-1.5621784925460815,1.8996121883392334,-2.8790216906715966,-0.16481472257689128,-2.404481455430652,1766195186.823989
-0.9826310873031616,-1.5622994899749756,1.8996003866195679,-2.878548608531798,-0.1646954414188048,-2.405325264806147,1766195186.8240178
-0.9826464056968689,-1.5624274015426636,1.8995999097824097,-2.878982382407674,-0.16530439827820773,-2.406549834868159,1766195186.8439286
-0.9826528429985046,-1.5625449419021606,1.8995840549468994,-2.8789092852263196,-0.16510113038905358,-2.4068786287511537,1766195186.8439374
-0.9826316237449646,-1.5626691579818726,1.8995805978775024,-2.8789520117579235,-0.16562387568476386,-2.407856851910514,1766195186.8538785
-0.9826406240463257,-1.562813639640808,1.899584174156189,-2.8790287050818155,-0.16561307218255394,-2.408591298436036,1766195186.8639708
-0.98261958360672,-1.562947154045105,1.8995561599731445,-2.8790495656986983,-0.16594011867107006,-2.409025129231153,1766195186.8740616
-0.9825989603996277,-1.5631095170974731,1.8995730876922607,-2.8786883083611454,-0.16574360529279658,-2.41020566021085,1766195186.8839993
-0.9825842380523682,-1.5632963180541992,1.8995673656463623,-2.879046462797569,-0.1658972579205574,-2.4108858282283347,1766195186.8840296
-0.9825805425643921,-1.5634959936141968,1.8995789289474487,-2.8787060186777427,-0.16575770282027488,-2.411784387765667,1766195186.894048
-0.9825810790061951,-1.5636454820632935,1.8995894193649292,-2.8793249349111805,-0.16553882304191667,-2.4122909240692616,1766195186.904035
-0.9826042652130127,-1.5638526678085327,1.8996120691299438,-2.879173223867055,-0.1656248549083873,-2.413019658615798,1766195186.9140313
-0.982627272605896,-1.56405508518219,1.8996375799179077,-2.8798682856925484,-0.16570457474599135,-2.4138030162305197,1766195186.924036
-0.9826682806015015,-1.5642406940460205,1.8996604681015015,-2.87953812210644,-0.16552212411638886,-2.414647919043777,1766195186.9340658
-0.9827063083648682,-1.5644416809082031,1.8996844291687012,-2.8802362527749197,-0.1658512719047179,-2.415758039648294,1766195186.9342265
-0.9827424883842468,-1.5646406412124634,1.8996962308883667,-2.880583625113291,-0.16573711391286364,-2.416776907441396,1766195186.9439764
-0.9827796816825867,-1.5648772716522217,1.8997379541397095,-2.880566943502268,-0.16572587077008538,-2.418006096821263,1766195186.9539855
-0.9827851057052612,-1.5651235580444336,1.89975106716156,-2.880287436475536,-0.16555241604014984,-2.4196383343932233,1766195186.963987
-0.9828115105628967,-1.5653655529022217,1.8997719287872314,-2.8803726729084214,-0.16520821387285947,-2.420723870246874,1766195186.9739385
-0.9828081727027893,-1.565630316734314,1.8997806310653687,-2.8819481992891465,-0.16578269023315806,-2.422857226020404,1766195186.9839787
-0.9828312993049622,-1.5658578872680664,1.899784803390503,-2.881888226819162,-0.16577139904044483,-2.4241082771168094,1766195186.984009
-0.9828595519065857,-1.5661615133285522,1.8997907638549805,-2.882787747619901,-0.1661478375033433,-2.4255912241161997,1766195186.9938695
-0.9828872680664062,-1.566428303718567,1.8997992277145386,-2.883377582336573,-0.16636614631880786,-2.426698704488045,1766195187.0039432
-0.9828990697860718,-1.5666803121566772,1.8997993469238281,-2.8841446432437885,-0.16595753399482033,-2.4280129674960143,1766195187.0139844
-0.9829338788986206,-1.5669444799423218,1.8998000621795654,-2.8841224472465976,-0.16588121272055892,-2.4292624872774127,1766195187.0340364
-0.9829593896865845,-1.5671720504760742,1.8997948169708252,-2.884380129362971,-0.1659228696960222,-2.430584444255266,1766195187.034065
-0.9829950332641602,-1.567422866821289,1.8998268842697144,-2.884036461234077,-0.16568788484369318,-2.4317553610468856,1766195187.03424
-0.9830669164657593,-1.5676840543746948,1.899847388267517,-2.8845218505018373,-0.1656751822594124,-2.432613513172902,1766195187.0438976
-0.9831222891807556,-1.5679510831832886,1.8998589515686035,-2.8842436847385478,-0.16545604833215444,-2.4337772286329207,1766195187.0539117
-0.9831550121307373,-1.5682179927825928,1.8998910188674927,-2.884582076107118,-0.16540837895635166,-2.4353512336821463,1766195187.063927
-0.9832032322883606,-1.5685025453567505,1.8999147415161133,-2.8849541014466693,-0.16542486524249386,-2.4366555843387583,1766195187.0739183
-0.983273446559906,-1.5687670707702637,1.899928331375122,-2.884789113113924,-0.16516387495381651,-2.4373687442596075,1766195187.0839987
-0.9833081364631653,-1.56911039352417,1.8999419212341309,-2.8854642339887624,-0.16500004595798518,-2.4387567964733545,1766195187.084027
-0.9833752512931824,-1.5694035291671753,1.8999887704849243,-2.886630073330748,-0.16468169856775225,-2.438823665727347,1766195187.0939112
-0.9834696054458618,-1.5696609020233154,1.900022029876709,-2.8866532509206384,-0.16454844761422643,-2.439379291061613,1766195187.1039426
-0.9834293127059937,-1.56997549533844,1.900123119354248,-2.8897411925981222,-0.16397411139248141,-2.441340700295197,1766195187.1139824
-0.9835517406463623,-1.5702338218688965,1.9000765085220337,-2.8879055436460193,-0.1641943241701375,-2.441033154191171,1766195187.1239946
-0.9835878610610962,-1.5705101490020752,1.9001023769378662,-2.888586935765633,-0.16422761863871527,-2.4417883614537694,1766195187.1339233
-0.9835492372512817,-1.5708222389221191,1.9002034664154053,-2.892032854058388,-0.16412105205858937,-2.4441634723781287,1766195187.1339545
-0.9836583733558655,-1.571116328239441,1.9001479148864746,-2.8892193139752287,-0.16412200092395096,-2.444193668362169,1766195187.1438897
-0.9837082624435425,-1.5714279413223267,1.9001914262771606,-2.8900497560744673,-0.1642224763707774,-2.4446584493216204,1766195187.1539285
-0.9837809205055237,-1.5717428922653198,1.9002602100372314,-2.891087836150701,-0.16398181981639567,-2.4456425306692973,1766195187.1639552
-0.9838425517082214,-1.5720430612564087,1.9002885818481445,-2.891494034060185,-0.16375089566813036,-2.4464101237713685,1766195187.174134
-0.9838908314704895,-1.5723448991775513,1.9003262519836426,-2.892482887028589,-0.16339493378189443,-2.447605365988439,1766195187.1839564
-0.9839629530906677,-1.5726377964019775,1.9003716707229614,-2.8929789206504153,-0.1631886493225306,-2.44841488269971,1766195187.1839864
-0.984028160572052,-1.572932243347168,1.9004149436950684,-2.893266565092373,-0.16311845096653046,-2.449519670698824,1766195187.1939852
-0.9841006398200989,-1.573240876197815,1.9004356861114502,-2.8940035476352595,-0.16300875392930658,-2.4506033134459804,1766195187.2039888
-0.984183132648468,-1.5735129117965698,1.9004619121551514,-2.894672695361298,-0.16271331316759835,-2.45094144697535,1766195187.2139058
-0.9842405915260315,-1.5738810300827026,1.9004789590835571,-2.8949041686901595,-0.1625790948523232,-2.452564680556148,1766195187.2238932
-0.984178364276886,-1.5742446184158325,1.9005621671676636,-2.8973821269261597,-0.1620226648117491,-2.4559550912630113,1766195187.234044
-0.984223484992981,-1.5745797157287598,1.900583267211914,-2.8980106297201176,-0.16169966549278425,-2.4570943715917144,1766195187.2340765
-0.9843060374259949,-1.5748674869537354,1.9006303548812866,-2.898402469695382,-0.16155721040014145,-2.457994447413978,1766195187.2439156
-0.9844444990158081,-1.5752021074295044,1.9006776809692383,-2.900068761982043,-0.16128598750086331,-2.4584768871422686,1766195187.253925
-0.9845077991485596,-1.5755165815353394,1.9006896018981934,-2.900708581065468,-0.16120921235278168,-2.459508962664474,1766195187.2639308
-0.9846640825271606,-1.5758295059204102,1.9008015394210815,-2.8938003574053774,-0.1579537781987427,-2.460281831312635,1766195187.273942
-0.9847481846809387,-1.5761709213256836,1.9008166790008545,-2.8930362651775,-0.1575161392933371,-2.461243670031419,1766195187.2840152
-0.984840452671051,-1.576495885848999,1.9008283615112305,-2.89229142586089,-0.15705497437937094,-2.462204643246165,1766195187.2840436
-0.9850668907165527,-1.5767910480499268,1.9007580280303955,-2.890511547386697,-0.15727277016672267,-2.461041452722206,1766195187.2939708
-0.9850609302520752,-1.5771178007125854,1.9007903337478638,-2.8919582057772755,-0.15717272383554032,-2.4640069744684125,1766195187.3039906
-0.9851820468902588,-1.577433466911316,1.9008089303970337,-2.892232310077639,-0.15700751037137026,-2.4641521459517257,1766195187.3140054
-0.985238254070282,-1.5777440071105957,1.9007244110107422,-2.8972669705856853,-0.15974992105041483,-2.465951800717027,1766195187.324025
-0.9853448271751404,-1.578028917312622,1.9007394313812256,-2.897568314317074,-0.1593814033927018,-2.466493940015174,1766195187.3340547
-0.9854476451873779,-1.5783387422561646,1.9007601737976074,-2.8972265415730134,-0.1590520226553644,-2.467553752288075,1766195187.334205
-0.9855597615242004,-1.5786359310150146,1.9007782936096191,-2.8983240791806724,-0.15904275158964024,-2.4682549185727445,1766195187.3439262
-0.9856746196746826,-1.578935146331787,1.900808572769165,-2.8990531565905355,-0.15864946993869597,-2.468900783235273,1766195187.3539312
-0.9857587218284607,-1.5792608261108398,1.9008322954177856,-2.8996664781394936,-0.1585057858486875,-2.469353583132908,1766195187.3639326
-0.9859325289726257,-1.579533338546753,1.9009698629379272,-2.895453834260549,-0.15537387601985603,-2.4690893601332324,1766195187.3740332
-0.9859970211982727,-1.5798883438110352,1.9009207487106323,-2.9013463679527804,-0.15836146732675785,-2.4700830197189454,1766195187.3741908
-0.9861754775047302,-1.5801867246627808,1.9010679721832275,-2.897360268775471,-0.1553828669321149,-2.4700107805967533,1766195187.3840046
-0.9863198399543762,-1.5805178880691528,1.901117205619812,-2.8965898571124082,-0.15486754147410423,-2.4708472876298435,1766195187.3940327
-0.9864268898963928,-1.5808378458023071,1.9011330604553223,-2.8952952379015904,-0.15445971842285192,-2.472415306291928,1766195187.4040122
-0.9865689873695374,-1.581153392791748,1.9011973142623901,-2.894698471580206,-0.15383130466155961,-2.4733277305474335,1766195187.414036
-0.9866979122161865,-1.581441879272461,1.901238203048706,-2.8953414352582314,-0.15398698946788705,-2.474044266749678,1766195187.4240513
-0.9868304133415222,-1.5817813873291016,1.9012866020202637,-2.8950175264281532,-0.1538898185744276,-2.475376444483023,1766195187.4240792
-0.9869590401649475,-1.5821079015731812,1.9013102054595947,-2.8954169257699345,-0.1537124056999967,-2.475953257656204,1766195187.4438975
-0.9869914650917053,-1.5824259519577026,1.9012054204940796,-2.9000845414405125,-0.15621314289652805,-2.4775619587223123,1766195187.4439068
-0.9871644377708435,-1.582723617553711,1.9013181924819946,-2.895424366705447,-0.15302203450949886,-2.4772033141249543,1766195187.4539392
-0.9873583912849426,-1.5830121040344238,1.901247501373291,-2.893551790917917,-0.15316643481744366,-2.476067724721277,1766195187.4639683
-0.987347424030304,-1.583315372467041,1.9013229608535767,-2.8963469412005596,-0.15295107245520737,-2.4783552942286704,1766195187.4740279
-0.9874445796012878,-1.5836231708526611,1.901319980621338,-2.8971109217746154,-0.15246041678593553,-2.4795899257534253,1766195187.484012
-0.9875656962394714,-1.5839484930038452,1.9013148546218872,-2.8968527944088938,-0.15253132175432613,-2.4805507253149424,1766195187.484041
-0.987653911113739,-1.5843554735183716,1.901168704032898,-2.9055452551681817,-0.15753533837129982,-2.483015697883603,1766195187.4940293
-0.9878528118133545,-1.584652066230774,1.901246428489685,-2.907510593100537,-0.15761979162050602,-2.483638514915496,1766195187.504009
-0.987973690032959,-1.5849252939224243,1.9012819528579712,-2.9073496997301,-0.15740927848753675,-2.4846519284851807,1766195187.514039
-0.9880768656730652,-1.5851339101791382,1.9014015197753906,-2.9040612337699607,-0.15487626786460168,-2.484368707889229,1766195187.5240114
-0.9882111549377441,-1.585503339767456,1.9013534784317017,-2.9074450093253423,-0.15705786441991815,-2.4864954457918946,1766195187.5340648
-0.9882769584655762,-1.5857231616973877,1.901418685913086,-2.902386577255043,-0.15445853391354764,-2.487067988154681,1766195187.5439312
-0.9885320663452148,-1.5860626697540283,1.9013046026229858,-2.903592495322885,-0.1568741798888964,-2.487170839472437,1766195187.5439603
-0.9886428117752075,-1.5863463878631592,1.9013251066207886,-2.9037907717663987,-0.15666677129783346,-2.487684139929021,1766195187.553919
-0.9887523651123047,-1.5865212678909302,1.9015077352523804,-2.894987075643838,-0.15075161470222975,-2.4867668852875444,1766195187.5640295
-0.988761842250824,-1.586820363998413,1.9013831615447998,-2.9001896511966936,-0.15375494033490536,-2.488477970235783,1766195187.574127
-0.9889207482337952,-1.5870509147644043,1.90151047706604,-2.8957685765761685,-0.15067116098293187,-2.4880914486720953,1766195187.574213
-0.9889207482337952,-1.587347388267517,1.9013944864273071,-2.901284062113476,-0.15368873319724802,-2.4899443680193283,1766195187.5840077
-0.9890422224998474,-1.5875966548919678,1.9015367031097412,-2.8963497894647667,-0.1505036433866505,-2.490104962835737,1766195187.593984
-0.9890915155410767,-1.5878502130508423,1.9015376567840576,-2.896675236104509,-0.15051534550892182,-2.490725038275771,1766195187.6039846
-0.988979697227478,-1.5881664752960205,1.9016039371490479,-2.8983253391594377,-0.15009368692603373,-2.494164327612668,1766195187.6140065
-0.9890372157096863,-1.5884318351745605,1.901638388633728,-2.897825766109312,-0.1501164774075032,-2.495355318470118,1766195187.623982
-0.9892076253890991,-1.588694453239441,1.9015966653823853,-2.895323394692664,-0.1504459706574398,-2.494195245119055,1766195187.634012
-0.98923259973526,-1.588952660560608,1.9015982151031494,-2.895184045051318,-0.15053073400109857,-2.495780550705286,1766195187.643971
-0.9890864491462708,-1.5892571210861206,1.9016523361206055,-2.8971815216595425,-0.15042989560598458,-2.499425646475908,1766195187.6439993
-0.9890871644020081,-1.5895320177078247,1.9016733169555664,-2.897491596277972,-0.15076527894131442,-2.50078525872955,1766195187.6539042
-0.9891924858093262,-1.5898408889770508,1.9014605283737183,-2.9045355640900006,-0.1567059338156937,-2.501248305050227,1766195187.663924
-0.9890750050544739,-1.590159296989441,1.9014747142791748,-2.907918623226378,-0.157218215589472,-2.5047176221607566,1766195187.6739252
-0.9890803098678589,-1.5904326438903809,1.9014744758605957,-2.9083233518437503,-0.1574218519560553,-2.5061057504080697,1766195187.6839488
-0.9890410304069519,-1.5907541513442993,1.9014390707015991,-2.90674904508816,-0.15752444756103823,-2.507489335439516,1766195187.6839647
-0.9891476035118103,-1.5909992456436157,1.901392936706543,-2.9057743666765434,-0.15809222966654912,-2.5063799831027382,1766195187.69383
-0.9891075491905212,-1.5912976264953613,1.9013912677764893,-2.9062324440984257,-0.15829010665355803,-2.507888731960587,1766195187.7039285
-0.9890732169151306,-1.5915906429290771,1.9013853073120117,-2.906055418889826,-0.15864349055180407,-2.5092455477859366,1766195187.713919
-0.9890323877334595,-1.5918667316436768,1.9013758897781372,-2.906333821512176,-0.15828164030590974,-2.509854001269353,1766195187.7239797
-0.9889741539955139,-1.5921326875686646,1.9013820886611938,-2.9065409310164187,-0.1585345715424825,-2.5111008297321895,1766195187.7340376
-0.9887710809707642,-1.5924201011657715,1.9014456272125244,-2.9078978791544947,-0.15850177450973035,-2.514650926773325,1766195187.7439404
-0.9887226819992065,-1.5926880836486816,1.9014475345611572,-2.908054398056728,-0.15888760676882077,-2.5158094618581806,1766195187.74397
-0.9885585904121399,-1.5929731130599976,1.9014557600021362,-2.9082292933988136,-0.15910260316349611,-2.518159163536735,1766195187.753986
-0.9884796738624573,-1.5932528972625732,1.9014732837677002,-2.908058461982531,-0.15971811782064066,-2.51961571972787,1766195187.763994
-0.9883787631988525,-1.5935399532318115,1.9014692306518555,-2.9086775142436005,-0.16033068303908038,-2.52081600806125,1766195187.7739873
-0.9882098436355591,-1.5938606262207031,1.9014811515808105,-2.90986224629713,-0.16143387561066594,-2.521575156650291,1766195187.7840228
-0.9880804419517517,-1.5941531658172607,1.9014441967010498,-2.911641466366848,-0.1625225582009067,-2.52295660647561,1766195187.7939348
-0.9878852367401123,-1.5944364070892334,1.901421308517456,-2.9106412567226836,-0.1623807774486324,-2.524422660864218,1766195187.7941
-0.9877303838729858,-1.5947353839874268,1.9014290571212769,-2.911234531638915,-0.16296092337856966,-2.525620342304002,1766195187.804
-0.9875678420066833,-1.5950379371643066,1.9014071226119995,-2.9110556404204475,-0.16336203213405096,-2.5270560484982387,1766195187.814024
-0.9873868823051453,-1.5953112840652466,1.9014241695404053,-2.9113232102102997,-0.16368529977427843,-2.5282826025598157,1766195187.8239713
-0.9871735572814941,-1.595595121383667,1.9014158248901367,-2.9120669662966794,-0.16395818957296918,-2.5290001706440677,1766195187.8339798
-0.9869064688682556,-1.5959210395812988,1.9013952016830444,-2.9100532601685565,-0.16359782401320436,-2.5316891609059535,1766195187.8340375
-0.9867146611213684,-1.5961850881576538,1.9014177322387695,-2.910580582106986,-0.16424468001669876,-2.5334772592026495,1766195187.8439865
-0.9865428805351257,-1.596450924873352,1.9014748334884644,-2.9100904676356856,-0.1640757684095837,-2.5349154062245067,1766195187.8540192
-0.9866705536842346,-1.5967135429382324,1.901735544204712,-2.902198574725481,-0.1592580463059173,-2.5339466929256833,1766195187.8639982
-0.9864868521690369,-1.5970008373260498,1.901749849319458,-2.902500132768906,-0.15969556619116063,-2.535468199809469,1766195187.8740091
-0.9859673976898193,-1.5972867012023926,1.9015169143676758,-2.912016588426754,-0.16617516889054512,-2.5396196469131693,1766195187.8839583
-0.9857252836227417,-1.5976299047470093,1.9015285968780518,-2.9128056089732266,-0.16674561680246747,-2.541348883209485,1766195187.8839874
-0.9854704737663269,-1.5979431867599487,1.9015085697174072,-2.914957668017612,-0.1684940827185407,-2.543431820901973,1766195187.8939729
-0.9851636290550232,-1.598313331604004,1.9014885425567627,-2.9144431584852555,-0.16880695902661438,-2.5460143409490748,1766195187.9040103
-0.9850122332572937,-1.5986204147338867,1.9014846086502075,-2.9132196347711345,-0.16948346082968968,-2.5446414392811194,1766195187.9139702
-0.9846353530883789,-1.5989573001861572,1.9015108346939087,-2.913442139371755,-0.16950481284791696,-2.548261950572524,1766195187.9239998
-0.9845359325408936,-1.5992469787597656,1.9015028476715088,-2.91273653058033,-0.16992422763402942,-2.54765038791841,1766195187.9240284
-0.9841389060020447,-1.5995891094207764,1.9015743732452393,-2.914009668060399,-0.1699293168136565,-2.551807060971891,1766195187.9340122
-0.9838639497756958,-1.599871277809143,1.9016057252883911,-2.914823603720958,-0.17006746042141546,-2.5539492260467163,1766195187.9438639
-0.9835811853408813,-1.6001967191696167,1.9016087055206299,-2.915514850760863,-0.1705200401169703,-2.5565028883585423,1766195187.9539292
-0.9832819104194641,-1.6005374193191528,1.9016374349594116,-2.9156531989521173,-0.1707538515135691,-2.5589777493193275,1766195187.9639225
-0.9829776883125305,-1.600870966911316,1.9016302824020386,-2.9143011296309393,-0.1708568220557101,-2.561647911160573,1766195187.9739788
-0.9825599193572998,-1.6012449264526367,1.90164053440094,-2.9152758135033676,-0.1713975941085039,-2.561399462687974,1766195187.984007
-0.982283890247345,-1.6015747785568237,1.9016382694244385,-2.916010235114564,-0.1715543874845766,-2.5633872731275784,1766195187.984036
-0.9820510149002075,-1.601899266242981,1.9016281366348267,-2.9177991815322524,-0.1728589383611031,-2.5657847274829075,1766195187.9939203
-0.9817315340042114,-1.6022332906723022,1.901633620262146,-2.9182772974771,-0.17322667342005418,-2.567860150366958,1766195188.0038712
-0.9814265370368958,-1.6025762557983398,1.9016519784927368,-2.917502041726823,-0.17344232140268756,-2.570952996171962,1766195188.0139449
-0.9811288714408875,-1.6028932332992554,1.901691198348999,-2.917663936426702,-0.1734021239843311,-2.5734348665764863,1766195188.0239644
-0.9809578061103821,-1.6031991243362427,1.9017034769058228,-2.9175982498702,-0.173383265629002,-2.5731074092199386,1766195188.0340338
-0.9806168079376221,-1.6035171747207642,1.9017215967178345,-2.918713912391329,-0.17378003967298283,-2.5748701885426306,1766195188.034066
-0.9803029298782349,-1.6038353443145752,1.9017248153686523,-2.91953957701706,-0.17412976248101045,-2.576694711517372,1766195188.054021
-0.9799848198890686,-1.6041889190673828,1.9017361402511597,-2.918567366591876,-0.17387834254112022,-2.578730789339071,1766195188.0540535
-0.9794250726699829,-1.6045331954956055,1.9017417430877686,-2.919830193487887,-0.17394066058091964,-2.5835287219441416,1766195188.0639749
-0.9790846109390259,-1.6048555374145508,1.9017314910888672,-2.920321570483063,-0.17418907959810326,-2.585944458427449,1766195188.0740407
-0.9789774417877197,-1.6050676107406616,1.9016653299331665,-2.9209574159933243,-0.17567871474849597,-2.5831821202784466,1766195188.0740702
-0.9786474704742432,-1.605376958847046,1.9016467332839966,-2.9205543436412182,-0.17610779629031592,-2.585912933962276,1766195188.0940495
-0.9782840609550476,-1.6056410074234009,1.9016404151916504,-2.921180686563425,-0.17691546234248073,-2.5881537827173475,1766195188.0942197
-0.9779015183448792,-1.6059703826904297,1.90164053440094,-2.919716818530519,-0.17723581130554772,-2.590692540834832,1766195188.1040232
-0.9775225520133972,-1.6062763929367065,1.9016929864883423,-2.9196850807232035,-0.1774989086778761,-2.593687125840862,1766195188.1140542
-0.9771620035171509,-1.6065716743469238,1.9016833305358887,-2.920957240736956,-0.1784382492754483,-2.5970112801778633,1766195188.124033
-0.9768121242523193,-1.606856346130371,1.901694893836975,-2.922629134226854,-0.17915936083295206,-2.5993233757686363,1766195188.1340508
-0.9763327836990356,-1.6071962118148804,1.9017494916915894,-2.924813000576046,-0.17945755397210145,-2.604014994112602,1766195188.1340806
-0.9759591221809387,-1.607479214668274,1.9017248153686523,-2.9238913659293946,-0.17957361278615575,-2.6065828975765384,1766195188.1438985
-0.975587785243988,-1.6077468395233154,1.9017255306243896,-2.925145151721414,-0.1805360420858766,-2.6091643739750037,1766195188.1539252
-0.9751811027526855,-1.6080423593521118,1.9017137289047241,-2.925477312077395,-0.1813238004722843,-2.612054868185826,1766195188.1639497
-0.9747878909111023,-1.6083451509475708,1.901657223701477,-2.9260818430612408,-0.1820823133418368,-2.6139347104515234,1766195188.1739528
-0.9743086695671082,-1.6085914373397827,1.9016637802124023,-2.9234729948748304,-0.18144196924523673,-2.6166114140451384,1766195188.184013
-0.9739406704902649,-1.6089322566986084,1.9016318321228027,-2.9254184710521227,-0.1830832525915401,-2.62043582673403,1766195188.1840417
-0.9735525250434875,-1.6092290878295898,1.9016101360321045,-2.924610132382362,-0.18379943187820458,-2.6239173404989313,1766195188.1938968
-0.973195493221283,-1.609522819519043,1.9016023874282837,-2.9239806461772577,-0.1841396721582644,-2.627393194439451,1766195188.2039297
-0.9727983474731445,-1.6098265647888184,1.9016098976135254,-2.9235093877881027,-0.1845071818162218,-2.6314841761008405,1766195188.2139273
-0.9721639752388,-1.6101912260055542,1.9016026258468628,-2.923762952105337,-0.18462996428530415,-2.6396552830617175,1766195188.2239413
-0.9718595743179321,-1.6104660034179688,1.9017492532730103,-2.930240038732085,-0.18611743238033995,-2.642483083165925,1766195188.233867
-0.971494734287262,-1.6107690334320068,1.9017325639724731,-2.931162281198759,-0.18629319944209125,-2.646524829266951,1766195188.2338748
-0.9710870981216431,-1.6110844612121582,1.9016789197921753,-2.931064630158079,-0.18726517406203697,-2.650577731522089,1766195188.243861
-0.9707177877426147,-1.6114193201065063,1.9016515016555786,-2.9317949366620284,-0.18842880923796812,-2.6545557119087966,1766195188.2538671
-0.9703317880630493,-1.6117303371429443,1.9016189575195312,-2.932010014199093,-0.1891019396440193,-2.6581168004897653,1766195188.2639651
-0.9699324369430542,-1.6120890378952026,1.9015815258026123,-2.931166045359311,-0.18906647418643327,-2.662651621063659,1766195188.2739148
-0.969538688659668,-1.6124482154846191,1.9015679359436035,-2.9305790802297667,-0.18921709289428698,-2.666899274260544,1766195188.2840214
-0.9690843224525452,-1.6127640008926392,1.9015276432037354,-2.9293142361627678,-0.18945520731698434,-2.671136862675402,1766195188.2840517
-0.9687064290046692,-1.613110899925232,1.9015456438064575,-2.928852017151637,-0.1895158457702664,-2.6757763718570984,1766195188.293947
-0.9680700302124023,-1.613529920578003,1.9014555215835571,-2.926203483535639,-0.18942136294695117,-2.6843948835652904,1766195188.3039925
-0.9677569270133972,-1.6140176057815552,1.9014614820480347,-2.928560083723772,-0.191067444148247,-2.690444988332561,1766195188.313983
-0.9673438668251038,-1.614459753036499,1.901448130607605,-2.9301526732085086,-0.1915262426070399,-2.69644078250988,1766195188.3240094
-0.966949462890625,-1.6149450540542603,1.9014345407485962,-2.930577006086313,-0.1919360998417651,-2.702886994769646,1766195188.3340955
-0.9665220379829407,-1.6154201030731201,1.9014440774917603,-2.931581580436942,-0.1920355160369014,-2.709050724817842,1766195188.3342478
-0.9661000370979309,-1.6159378290176392,1.9014395475387573,-2.931386752210992,-0.1926423537072079,-2.716454169529596,1766195188.3438804
-0.9657431840896606,-1.6164456605911255,1.9014265537261963,-2.9317936156822215,-0.1931562881500263,-2.723195205733937,1766195188.363938
-0.9654202461242676,-1.6169596910476685,1.9014133214950562,-2.9327325320999704,-0.19442843473098564,-2.7334614943221114,1766195188.3639495
-0.9649823904037476,-1.617425560951233,1.9013938903808594,-2.9335424979900675,-0.19436815052726247,-2.7405537588068882,1766195188.373953
-0.9645823836326599,-1.6179139614105225,1.901396632194519,-2.9347095137748367,-0.19482970094457805,-2.747571951042883,1766195188.3840406
-0.9641938805580139,-1.618431806564331,1.9014042615890503,-2.934326403787855,-0.19463051876425672,-2.755000734536089,1766195188.3840704
-0.9638658761978149,-1.618916392326355,1.901395559310913,-2.934964124216509,-0.19504701502529925,-2.7618243468614003,1766195188.3940902
-0.9634814858436584,-1.6194251775741577,1.9013744592666626,-2.934926439561601,-0.1953515304672791,-2.769490190721751,1766195188.4040349
-0.963212788105011,-1.620078444480896,1.9013632535934448,-2.9358165753299934,-0.19580499134210236,-2.7785151862723403,1766195188.4140759
-0.9628405570983887,-1.6206378936767578,1.901339054107666,-2.935956237897844,-0.19563043260975949,-2.785999867222852,1766195188.4240456
-0.9624858498573303,-1.6211566925048828,1.9013348817825317,-2.936054863238668,-0.19626740923509522,-2.7939277526268653,1766195188.4340584
-0.9622185826301575,-1.6216017007827759,1.9013195037841797,-2.936226425144351,-0.1962004800420165,-2.7999078560164605,1766195188.4440444
-0.9619098901748657,-1.6221481561660767,1.9013009071350098,-2.9376379192279227,-0.19731773686422652,-2.807427080849508,1766195188.4440732
-0.9616163969039917,-1.6226147413253784,1.9012714624404907,-2.939240237764443,-0.1980429931614243,-2.813474975289089,1766195188.4640403
-0.9613391160964966,-1.6230756044387817,1.9012621641159058,-2.9394568455884023,-0.19849678962430736,-2.8199592935078384,1766195188.4640706
-0.9610352516174316,-1.6235495805740356,1.9012458324432373,-2.9394623246624247,-0.19880568328186884,-2.8260886983335847,1766195188.473948
-0.9607747197151184,-1.6240077018737793,1.9012494087219238,-2.9398094525591483,-0.19929938564280195,-2.8328932858480265,1766195188.4840162
-0.960521936416626,-1.624428153038025,1.9012407064437866,-2.9400158596517305,-0.1997323979181709,-2.83899791471655,1766195188.4840448
-0.9602868556976318,-1.6248611211776733,1.9012311697006226,-2.9398456236073702,-0.1996409022344753,-2.8447686228613973,1766195188.4940426
-0.9601466059684753,-1.625431776046753,1.9012079238891602,-2.942089406075867,-0.20067355415768406,-2.852117069432409,1766195188.5039692
-0.9599410891532898,-1.625855803489685,1.9011926651000977,-2.94249804724024,-0.20095933366122146,-2.8580096502541084,1766195188.514012
-0.9597001075744629,-1.6262775659561157,1.9011523723602295,-2.941544385148786,-0.2016024942348813,-2.863989205962978,1766195188.5240202
-0.9592286348342896,-1.6267690658569336,1.9010069370269775,-2.9455536096437225,-0.20427081791992963,-2.8705232010323787,1766195188.5240493
-0.9590901732444763,-1.6271603107452393,1.9009768962860107,-2.9466761037048865,-0.2050074334398802,-2.87593113324956,1766195188.5338938
-0.9588867425918579,-1.627564549446106,1.9009486436843872,-2.9471565183619695,-0.20539539085780376,-2.880855991076045,1766195188.5439448
-0.9587170481681824,-1.6279728412628174,1.900950312614441,-2.946874577739477,-0.20551593382450917,-2.8861112691375914,1766195188.5539558
-0.9585714340209961,-1.6283503770828247,1.9009658098220825,-2.9474751133953205,-0.2057190740977013,-2.8904944520097575,1766195188.5639944
-0.9584894776344299,-1.6286333799362183,1.9010908603668213,-2.952705437057712,-0.20589086731260567,-2.8934468741917474,1766195188.574087
-0.9583389759063721,-1.629014015197754,1.9010872840881348,-2.95291322963644,-0.20629446623873646,-2.898103534608582,1766195188.5840485
-0.9581710696220398,-1.6293498277664185,1.9010547399520874,-2.9523618291947473,-0.20647646710035852,-2.9020709305503485,1766195188.5840778
-0.9580449461936951,-1.6296600103378296,1.9010345935821533,-2.9527227425039824,-0.2069248973990961,-2.905012296030927,1766195188.5940237
-0.9581382274627686,-1.6299604177474976,1.9012337923049927,-2.9613962104952267,-0.20782509231285243,-2.9053563122674184,1766195188.6040475
-0.9579898715019226,-1.6302746534347534,1.9012089967727661,-2.9612502721495644,-0.2079446483981549,-2.9083771242726346,1766195188.6140537
-0.9575788378715515,-1.6306469440460205,1.9009501934051514,-2.951355238827034,-0.20691852957969853,-2.9142909427996657,1766195188.62403
-0.9574647545814514,-1.6310924291610718,1.9008735418319702,-2.95398216015756,-0.20883671842792983,-2.91953393863246,1766195188.6241548
-0.9575164914131165,-1.6313753128051758,1.9010766744613647,-2.9618057281879158,-0.20957540316866902,-2.919736327280036,1766195188.634077
-0.9572466015815735,-1.6316637992858887,1.900873064994812,-2.9548875131697176,-0.20932439767276162,-2.9238561255235695,1766195188.644044
-0.9573689699172974,-1.6320090293884277,1.9010334014892578,-2.961365077186072,-0.21024458178411123,-2.9233333668240693,1766195188.6539614
-0.9572500586509705,-1.632258653640747,1.901023030281067,-2.961809876651631,-0.21060597181512697,-2.9253705387426274,1766195188.6639948
-0.9570922255516052,-1.63251793384552,1.9010059833526611,-2.9616081139249104,-0.211241306242801,-2.927675331517602,1766195188.6740682
-0.9569568037986755,-1.6327519416809082,1.901000738143921,-2.9626668161960708,-0.21187861316439857,-2.9291441894014687,1766195188.6840355
-0.9568121433258057,-1.6329594850540161,1.9009902477264404,-2.9630058589954373,-0.21234988369760685,-2.9309035880757186,1766195188.6840644
-0.9566468596458435,-1.63322913646698,1.9009801149368286,-2.962339808648046,-0.21248274161678068,-2.9327370478905324,1766195188.694074
-0.9564821124076843,-1.6334635019302368,1.9009668827056885,-2.9627933619386377,-0.21278214079421545,-2.934116000520976,1766195188.7040393
-0.9563221335411072,-1.6336562633514404,1.9009442329406738,-2.9628044613094104,-0.21322751991397396,-2.9354427968837307,1766195188.7140388
-0.9561482071876526,-1.6338508129119873,1.9009467363357544,-2.963076171302734,-0.21354300230590195,-2.935643267074064,1766195188.7239711
-0.9559946656227112,-1.6340291500091553,1.9009376764297485,-2.9637741143695866,-0.21421024055113505,-2.9363053842059648,1766195188.7340405
-0.9558374881744385,-1.6341378688812256,1.900835394859314,-2.966315827108086,-0.21632192101656036,-2.936858573135343,1766195188.7340746
-0.9556837677955627,-1.6343132257461548,1.9008111953735352,-2.966641721084232,-0.21664259610074812,-2.937723412574169,1766195188.7439935
-0.9555394649505615,-1.6345411539077759,1.9008524417877197,-2.963354147231247,-0.21492546417124372,-2.9387175092129416,1766195188.754032
-0.9553502798080444,-1.6346145868301392,1.9006521701812744,-2.9694309057019126,-0.2191779776687866,-2.9388704677591484,1766195188.7739775
-0.9551199078559875,-1.634940266609192,1.900641679763794,-2.9701495227626786,-0.2200929843336378,-2.9400950952771012,1766195188.7740283
-0.954995334148407,-1.6350873708724976,1.9006402492523193,-2.9695498918483474,-0.2202101101362261,-2.9405387826599445,1766195188.7839231
-0.9548783898353577,-1.6352441310882568,1.9006623029708862,-2.969684301269631,-0.22045274736372764,-2.940970988889702,1766195188.7939253
-0.9547461867332458,-1.6354212760925293,1.9006390571594238,-2.969361854297338,-0.22088502166363894,-2.942070354780644,1766195188.8039339
-0.9546306133270264,-1.6355751752853394,1.9006478786468506,-2.9693052671560847,-0.22110230314842566,-2.943046141552349,1766195188.8140435
-0.9545108675956726,-1.6357343196868896,1.9006556272506714,-2.96975228488155,-0.22142307223293434,-2.94412147982826,1766195188.8240097
-0.9544713497161865,-1.6359666585922241,1.900582194328308,-2.972992264919905,-0.22378675817819424,-2.9460585866195457,1766195188.8340409
-0.9544225931167603,-1.6363157033920288,1.9005464315414429,-2.96954457621838,-0.22317611234799054,-2.946997383086284,1766195188.834071
-0.9543184041976929,-1.6364768743515015,1.9005531072616577,-2.9701619050414885,-0.22408296702859523,-2.948518571742748,1766195188.8439305
-0.9542365074157715,-1.6367608308792114,1.9007428884506226,-2.9618620032424694,-0.21890323006644774,-2.949819428514865,1766195188.853925
-0.9541241526603699,-1.6369210481643677,1.9007234573364258,-2.9618543717953663,-0.21904571064268263,-2.9505305624727463,1766195188.8639328
-0.9540001153945923,-1.637086272239685,1.9007319211959839,-2.9617106048090043,-0.21920117589901325,-2.9515998836341493,1766195188.8739166
-0.9538993835449219,-1.6372469663619995,1.9007370471954346,-2.961811108603094,-0.21946247422351534,-2.952159203347365,1766195188.8839724
-0.9538174867630005,-1.6374478340148926,1.9007177352905273,-2.9620189650761666,-0.21990147981902203,-2.9530393152002268,1766195188.894037
-0.9537203907966614,-1.6376099586486816,1.9007282257080078,-2.9627009039408065,-0.2203223056918228,-2.9534627569084733,1766195188.8940666
-0.9536224007606506,-1.63779878616333,1.9007407426834106,-2.962406880956844,-0.22070228630937375,-2.9543113818969693,1766195188.9040122
-0.9535117745399475,-1.6379951238632202,1.9007622003555298,-2.962961563179361,-0.2211285946686391,-2.9547930574112184,1766195188.9140234
-0.9534146785736084,-1.638175368309021,1.9007952213287354,-2.9631169332880445,-0.22132808959838962,-2.95556012840318,1766195188.924008
-0.9532912373542786,-1.638383150100708,1.9007865190505981,-2.9632332306389855,-0.22167300579353888,-2.9572671173096565,1766195188.934033
-0.9531687498092651,-1.6385709047317505,1.9007668495178223,-2.963230132549527,-0.2217795757150389,-2.958336778270863,1766195188.9340637
-0.9530162215232849,-1.638805866241455,1.9007521867752075,-2.9631344979935537,-0.2217221081598321,-2.9600988665300707,1766195188.9440093
-0.9528833031654358,-1.6390023231506348,1.9007697105407715,-2.963914350141149,-0.221842434431631,-2.9611320680149533,1766195188.9540653
-0.9527989625930786,-1.6391730308532715,1.9007649421691895,-2.9652905367179336,-0.22263124770066817,-2.9623583801157274,1766195188.9640143
-0.9526594877243042,-1.6393530368804932,1.9007759094238281,-2.9682039964369427,-0.2232866417547,-2.9637879022484235,1766195188.9741201
-0.952663779258728,-1.639515995979309,1.9006611108779907,-2.96406796171899,-0.2234826491695381,-2.963656136119535,1766195188.9840388
-0.9526002407073975,-1.6396716833114624,1.900648832321167,-2.9642436312393894,-0.22359944643917898,-2.9640648558135307,1766195188.9940324
-0.9525319337844849,-1.639835238456726,1.9006373882293701,-2.9645539474531972,-0.22414361769022667,-2.965071785634197,1766195188.9940615
-0.9524465799331665,-1.6399927139282227,1.9006108045578003,-2.963899523878942,-0.2240809689018003,-2.96577792545731,1766195189.0039344
-0.9523835182189941,-1.640142560005188,1.9006158113479614,-2.9647804805555373,-0.22433568142585245,-2.966512110677678,1766195189.0138643
-0.9521751999855042,-1.6404169797897339,1.900648593902588,-2.966293944977498,-0.22430864356883973,-2.9695836665339383,1766195189.0240068
-0.952129065990448,-1.6405726671218872,1.9006092548370361,-2.96458232131838,-0.22414735460488755,-2.9699598177003104,1766195189.0340533
-0.9521080255508423,-1.6407300233840942,1.9005894660949707,-2.9638149135689376,-0.22449634214675793,-2.9705231124816924,1766195189.0340855
-0.9520307779312134,-1.640920877456665,1.9005779027938843,-2.964221631147257,-0.22439010500637982,-2.9718740020015555,1766195189.043893
-0.9519781470298767,-1.641098976135254,1.9005526304244995,-2.964056397640935,-0.2243312416173038,-2.972772497322015,1766195189.0539181
-0.9519328474998474,-1.6412551403045654,1.9005628824234009,-2.964115510689236,-0.22451419445370507,-2.9738063085338786,1766195189.063938
-0.9518684148788452,-1.6413474082946777,1.9004660844802856,-2.9672470965403304,-0.22662724848243676,-2.97397666242983,1766195189.0741274
-0.9518058896064758,-1.6415349245071411,1.9004461765289307,-2.9670183383038045,-0.22663797427547755,-2.9756679499712515,1766195189.0840056
-0.9518142938613892,-1.641808032989502,1.9004079103469849,-2.964620170636402,-0.22648650752067473,-2.9764818289467554,1766195189.084035
-0.9517737627029419,-1.6419281959533691,1.9003938436508179,-2.9643847888400643,-0.22633747265124862,-2.977153304638234,1766195189.0940278
-0.9517597556114197,-1.6420310735702515,1.9003950357437134,-2.965499348912931,-0.22690113745250182,-2.9779067770767003,1766195189.1040125
-0.9518415927886963,-1.6422386169433594,1.9003788232803345,-2.96693288737539,-0.228333672606641,-2.9802167829859507,1766195189.1140459
-0.9518303275108337,-1.642340898513794,1.900360345840454,-2.967677272138995,-0.22849380009886122,-2.9805230621564527,1766195189.1240318
-0.9517841339111328,-1.642424464225769,1.9003591537475586,-2.967108713783954,-0.2278601641361946,-2.980976339333445,1766195189.1340306
-0.9517133235931396,-1.64255952835083,1.9005100727081299,-2.9615160251665658,-0.22432162934153013,-2.981805787192596,1766195189.1340628
-0.9517195224761963,-1.6427104473114014,1.9005030393600464,-2.9645803286178785,-0.22596824282937866,-2.9830863256411444,1766195189.1439924
-0.9517403841018677,-1.6427961587905884,1.9005308151245117,-2.964260004474484,-0.22588165689356052,-2.983897660861985,1766195189.1539752
-0.9517260789871216,-1.6428955793380737,1.9005370140075684,-2.963846057694179,-0.22551721101294014,-2.984723814336884,1766195189.1640005
-0.9517090320587158,-1.6429917812347412,1.9005199670791626,-2.96403532829607,-0.22575057706297855,-2.9854881534172395,1766195189.1739228
-0.9517295360565186,-1.6430809497833252,1.9005370140075684,-2.964462094077572,-0.22595129412023462,-2.986387746412116,1766195189.184015
-0.9517317414283752,-1.64313805103302,1.9005510807037354,-2.9638603435541704,-0.22563287867596638,-2.986778490155031,1766195189.1841865
-0.951744019985199,-1.643228530883789,1.9005587100982666,-2.9629233835943785,-0.2251780579589831,-2.9872121618996217,1766195189.1939638
-0.9516596794128418,-1.6432639360427856,1.9006130695343018,-2.959172696921962,-0.22306170415267013,-2.986783946173166,1766195189.2039227
-0.9516937136650085,-1.643370509147644,1.9005402326583862,-2.9611624581255023,-0.2246596498114499,-2.9882377088950816,1766195189.21396
-0.9516288638114929,-1.643478274345398,1.9003795385360718,-2.9585313754328157,-0.22560341159235792,-2.9904626254157023,1766195189.2238832
-0.9517563581466675,-1.643457055091858,1.9005001783370972,-2.9640416516330492,-0.22655580902741534,-2.989188263703909,1766195189.2339816
-0.9517744779586792,-1.6435370445251465,1.9004913568496704,-2.9645531042417104,-0.22679534342722707,-2.989893077969578,1766195189.2340307
-0.9517814517021179,-1.643627643585205,1.9005029201507568,-2.9638265021321066,-0.2265001364902054,-2.9906204630323727,1766195189.2440033
-0.9518046379089355,-1.6437232494354248,1.900511622428894,-2.9636333004673445,-0.22654793895450806,-2.9917658888418557,1766195189.2539744
-0.9517988562583923,-1.6438062191009521,1.9004966020584106,-2.963277439262571,-0.2263296940897501,-2.9919355182549348,1766195189.2640066
-0.9518395066261292,-1.6438891887664795,1.9004931449890137,-2.9629681053530144,-0.2263991756242622,-2.9923924706060943,1766195189.2740288
-0.9518511891365051,-1.6439732313156128,1.9004948139190674,-2.962625766161693,-0.2263204847028678,-2.993023883921257,1766195189.283989
-0.9518954753875732,-1.644044041633606,1.9005107879638672,-2.9620416372452962,-0.22609649358313216,-2.9934323947964083,1766195189.2939885
-0.9519035816192627,-1.6441019773483276,1.9005604982376099,-2.9611845179997394,-0.22566622891566498,-2.9937636811786548,1766195189.2940478
-0.9519052505493164,-1.644180178642273,1.9005303382873535,-2.9609480596051996,-0.22577116640096626,-2.994292383831414,1766195189.3038266
-0.9519026279449463,-1.644225835800171,1.9005370140075684,-2.961037236610859,-0.22573088814342818,-2.994691684719031,1766195189.3139253
-0.9518720507621765,-1.6443030834197998,1.9005002975463867,-2.96095827588514,-0.22606773998781846,-2.995226096268551,1766195189.323988
-0.9518429636955261,-1.6443392038345337,1.9005264043807983,-2.9600588523903957,-0.2258527417200624,-2.9956227683469967,1766195189.3339643
-0.9518348574638367,-1.644398808479309,1.9005284309387207,-2.9601876536791085,-0.22582806749938283,-2.9961164369291624,1766195189.3340178
-0.9517920017242432,-1.6444815397262573,1.9005013704299927,-2.9607797599067407,-0.22644916542353882,-2.997246735678868,1766195189.3439355
-0.9517471790313721,-1.6445354223251343,1.9004900455474854,-2.9610515345783477,-0.22638792906346716,-2.9972896571123457,1766195189.3538628
-0.9516929984092712,-1.644622802734375,1.9004462957382202,-2.9613454407261197,-0.22704748952047693,-2.99862966045088,1766195189.363933
-0.9516680836677551,-1.6446782350540161,1.9004497528076172,-2.961823155638618,-0.2272885209549542,-2.999344078584368,1766195189.373875
-0.9516490697860718,-1.6447398662567139,1.9004576206207275,-2.9619800199885984,-0.22755836698629847,-2.999930546989714,1766195189.3839848
-0.9516093134880066,-1.644802212715149,1.9004508256912231,-2.962232867255251,-0.22779046997719193,-3.0008459707447237,1766195189.3939693
-0.9515848755836487,-1.6448521614074707,1.9004430770874023,-2.962438270391691,-0.22795770711834565,-3.0015790217011884,1766195189.3940203
-0.9515308141708374,-1.6449309587478638,1.9004334211349487,-2.961684406858602,-0.22773915460525124,-3.0026105747952214,1766195189.4039538
-0.9514715075492859,-1.6449953317642212,1.9004225730895996,-2.961695024665822,-0.2280047459590971,-3.0034005848570593,1766195189.4139874
-0.9513965249061584,-1.6450620889663696,1.9004112482070923,-2.9616226901750635,-0.2281936365063585,-3.00444205510265,1766195189.423907
-0.951306164264679,-1.6451016664505005,1.9003838300704956,-2.9621922979007698,-0.22849213921163752,-3.005064351173941,1766195189.433909
-0.9512358903884888,-1.6451646089553833,1.900347352027893,-2.962152575746251,-0.2288940712514904,-3.0058040068676752,1766195189.4339178
-0.9511547088623047,-1.6451728343963623,1.9002039432525635,-2.966024975732408,-0.23152538236750297,-3.0059820110326783,1766195189.4439878
-0.9510713815689087,-1.6452176570892334,1.9001725912094116,-2.966195796947626,-0.2319773601968399,-3.0069560450835127,1766195189.453972
-0.9509919285774231,-1.6452711820602417,1.900156021118164,-2.9663010184977443,-0.23226635761319311,-3.007824740268355,1766195189.4639628
-0.9509011507034302,-1.6453312635421753,1.9001247882843018,-2.9657768684905776,-0.2324982207345321,-3.008619625505278,1766195189.4740183
-0.9508346915245056,-1.645376443862915,1.9000937938690186,-2.9665038921464615,-0.23323720585660124,-3.0097248781778667,1766195189.4839857
-0.9508150219917297,-1.6454579830169678,1.9001038074493408,-2.96610122068926,-0.23330163425047787,-3.010425756321309,1766195189.4939651
-0.9507311582565308,-1.6454758644104004,1.9000747203826904,-2.9662056625619986,-0.23381768706121062,-3.0112509197009314,1766195189.4940822
-0.9506882429122925,-1.6455109119415283,1.9000593423843384,-2.9652129361889346,-0.23365294866885702,-3.0121210922308785,1766195189.5039873
-0.9506414532661438,-1.6455520391464233,1.900081992149353,-2.9650251258824065,-0.23352590438312146,-3.0128215765455075,1766195189.5140355
-0.9505785703659058,-1.6455953121185303,1.9000829458236694,-2.964012151916386,-0.2333955117873442,-3.0141212055808024,1766195189.523988
-0.9505253434181213,-1.6456282138824463,1.9000825881958008,-2.9642425056396418,-0.23338756750444112,-3.014880017150466,1766195189.5340273
-0.9504370093345642,-1.6456526517868042,1.90005624294281,-2.963481592953312,-0.23352145183424655,-3.015649346452171,1766195189.5340571
-0.9503607749938965,-1.6456851959228516,1.9000352621078491,-2.9629455199209604,-0.23320398498503242,-3.0163412840094272,1766195189.543926
-0.9503066539764404,-1.6457149982452393,1.9000358581542969,-2.9625095305998017,-0.2333136010596078,-3.017196054761287,1766195189.5539863
-0.9502994418144226,-1.6458616256713867,1.9001046419143677,-2.959672086609686,-0.23215014101521855,-3.0197052733534178,1766195189.5639982
-0.9501649141311646,-1.6457973718643188,1.9000256061553955,-2.9620939179522527,-0.2334418963916563,-3.0192032527760206,1766195189.5739768
-0.9501737356185913,-1.6458992958068848,1.9000086784362793,-2.963195472236712,-0.2346524356787672,-3.021413302776735,1766195189.583983
-0.9500342011451721,-1.645872950553894,1.90000581741333,-2.9603809133360035,-0.23344208551514883,-3.021141140945214,1766195189.584012
-0.9500753283500671,-1.6460357904434204,1.9000020027160645,-2.96146798167668,-0.234410312427045,-3.023232571174194,1766195189.5938725
-0.950015127658844,-1.64607834815979,1.8999918699264526,-2.961399106527589,-0.23464834756912464,-3.0242826490653876,1766195189.603945
-0.9498639702796936,-1.6460543870925903,1.8999934196472168,-2.9598580884113077,-0.23387089752787982,-3.024237215629314,1766195189.6140168
-0.9498675465583801,-1.646205186843872,1.9000871181488037,-2.958198176944475,-0.23252058667391234,-3.0265680689928933,1766195189.624051
-0.9497907161712646,-1.6462393999099731,1.9000872373580933,-2.9579234501489395,-0.23279646744180635,-3.0272190335771683,1766195189.634032
-0.9496709108352661,-1.6463069915771484,1.9000719785690308,-2.9570450694069126,-0.23279503011430705,-3.0289821965539487,1766195189.6340632
-0.9495072364807129,-1.6462472677230835,1.8999758958816528,-2.9586672906161637,-0.2338120930903066,-3.028378514274849,1766195189.6439993
-0.949478268623352,-1.6463911533355713,1.9000356197357178,-2.9566216178778486,-0.23306779420552004,-3.0304977342946438,1766195189.653935
-0.9493134021759033,-1.6462926864624023,1.8999545574188232,-2.9588816071828097,-0.23464325723732943,-3.030117595029906,1766195189.6639903
-0.9491288065910339,-1.6463624238967896,1.8998336791992188,-2.9538689202881776,-0.23414330747835274,-3.0320904660652075,1766195189.6739872
-0.9491323828697205,-1.6464979648590088,1.8998059034347534,-2.956074188464308,-0.23559274755602552,-3.034137874417229,1766195189.6839988
-0.9490291476249695,-1.646601676940918,1.899873971939087,-2.9528368637262847,-0.2336754652107491,-3.0352053423931546,1766195189.6939867
-0.9489332437515259,-1.6466020345687866,1.8997728824615479,-2.9563263556477066,-0.23621062548858557,-3.0354945025393647,1766195189.694135
-0.9488401412963867,-1.6466295719146729,1.8997433185577393,-2.9564223828726273,-0.23651548207640258,-3.0361598660364204,1766195189.7039905
-0.9488508701324463,-1.6466283798217773,1.8998825550079346,-2.961259304835385,-0.23732240410051372,-3.035483308410393,1766195189.7140305
-0.9487048387527466,-1.6466721296310425,1.8998724222183228,-2.9614047334502556,-0.23806198662579614,-3.0360459337184884,1766195189.7239408
-0.9485954642295837,-1.6467374563217163,1.8999708890914917,-2.957893780091108,-0.23589075525809497,-3.036923861252892,1766195189.7340124
-0.9485201239585876,-1.646799921989441,1.8999345302581787,-2.9573900477574604,-0.2360707038628935,-3.037656053395475,1766195189.7440104
-0.9484166502952576,-1.6468157768249512,1.8999359607696533,-2.9573288397755357,-0.23635599590296297,-3.0380250774313615,1766195189.744039
-0.9483228921890259,-1.6468431949615479,1.8999249935150146,-2.957827174378045,-0.23678397734346388,-3.039022468918811,1766195189.7538738
-0.948202908039093,-1.6468818187713623,1.8999332189559937,-2.956795316329066,-0.23668735431675264,-3.039894972995374,1766195189.7639055
-0.9480984807014465,-1.6469149589538574,1.8998852968215942,-2.9570292440562285,-0.2371638780779213,-3.0411853820575123,1766195189.7739065
-0.9479753971099854,-1.6469626426696777,1.899854063987732,-2.955926371908473,-0.23692182267230225,-3.042126157423177,1766195189.7839956
-0.947752058506012,-1.647036075592041,1.8996796607971191,-2.9515024701344967,-0.2369092745052896,-3.0448585454226986,1766195189.7939858
-0.947752058506012,-1.6470284461975098,1.8997751474380493,-2.9561891346059213,-0.23791326516603345,-3.044760225035823,1766195189.7940328
-0.9476228356361389,-1.6470365524291992,1.8997344970703125,-2.9563123196005487,-0.23839855898201195,-3.0459904812573266,1766195189.8039477
-0.9475198984146118,-1.6470674276351929,1.8996883630752563,-2.95588649520498,-0.2386946564834497,-3.0477213290686924,1766195189.8139887
-0.9473142027854919,-1.6471227407455444,1.899535059928894,-2.951220039280161,-0.23851408151232628,-3.0507414779686948,1766195189.8239388
-0.9472242593765259,-1.6471517086029053,1.8994942903518677,-2.950526397692494,-0.2390812554644073,-3.052262361870805,1766195189.8339868
-0.9471580982208252,-1.647108793258667,1.8993749618530273,-2.9543816774936826,-0.24178224826392775,-3.053653868235178,1766195189.8340454
-0.9471696615219116,-1.6471388339996338,1.8995721340179443,-2.9550084896792033,-0.2400933656234836,-3.0543956770514264,1766195189.8439858
-0.9469810724258423,-1.647216796875,1.8994125127792358,-2.94998687503604,-0.24002076557323004,-3.0577200240729585,1766195189.853885
-0.946922242641449,-1.6472430229187012,1.8993877172470093,-2.9497639639520044,-0.24031283316192076,-3.059480395441507,1766195189.8639882
-0.9469147324562073,-1.6472116708755493,1.89947509765625,-2.9536335457577927,-0.2408138314312398,-3.05983805424676,1766195189.873938
-0.9468498826026917,-1.6472463607788086,1.8994420766830444,-2.9534849199085897,-0.24112566123963913,-3.061639012350489,1766195189.8840017
-0.9467868208885193,-1.647214412689209,1.8992923498153687,-2.9570573113917127,-0.24409181289928,-3.063627152279016,1766195189.8840299
-0.9466961622238159,-1.6472389698028564,1.8992648124694824,-2.9570107016698493,-0.24476099945712557,-3.065477740688645,1766195189.8939033
-0.9466142654418945,-1.647268295288086,1.899228572845459,-2.9571650608765836,-0.2452116510525538,-3.0676720291004322,1766195189.9039233
-0.9465236067771912,-1.6473050117492676,1.8991732597351074,-2.957277722080485,-0.24569511273880562,-3.0692708772377615,1766195189.9140456
-0.9463368654251099,-1.647373080253601,1.8990157842636108,-2.9524665730647617,-0.24545817382214105,-3.072343126909005,1766195189.9239883
-0.9462565779685974,-1.6474074125289917,1.898970127105713,-2.9523713663000732,-0.24613149884773822,-3.074175218536882,1766195189.933984
-0.9462586641311646,-1.6473543643951416,1.8990623950958252,-2.956837171203129,-0.246791786345728,-3.0739923679473122,1766195189.9341545
-0.9461897611618042,-1.647377371788025,1.8990285396575928,-2.957010958112301,-0.24714214942394824,-3.0755290829774746,1766195189.943926
-0.9460911750793457,-1.6474076509475708,1.8990089893341064,-2.95609633133234,-0.24694467303049306,-3.077116880511932,1766195189.9539187
-0.9460278153419495,-1.647445559501648,1.8989728689193726,-2.9561199084320213,-0.24755806642110614,-3.079052407541695,1766195189.963931
-0.9459037184715271,-1.6474947929382324,1.8989313840866089,-2.9559675435981667,-0.24811841094863896,-3.0810611352656787,1766195189.973872
-0.9458225965499878,-1.6475294828414917,1.8989142179489136,-2.954973017570727,-0.24783253830142887,-3.0823165579674834,1766195189.9839852
-0.9457532167434692,-1.6475756168365479,1.8988701105117798,-2.9550594232302383,-0.24826214877792507,-3.083510964626989,1766195189.9840133
-0.9456852078437805,-1.6476184129714966,1.8988392353057861,-2.9541423262178355,-0.2483450500135589,-3.084839584000021,1766195189.9939556
-0.9456047415733337,-1.647645115852356,1.8988149166107178,-2.953882840385165,-0.24850826137657844,-3.0860674232418495,1766195190.0039792
-0.9455479383468628,-1.6476795673370361,1.898782730102539,-2.9542265094944935,-0.24906579129449197,-3.087266982322366,1766195190.014012
-0.9454697370529175,-1.6476993560791016,1.898725152015686,-2.953083495046618,-0.24897869087290425,-3.0884194296683383,1766195190.0239654
-0.9454057216644287,-1.647749662399292,1.8986788988113403,-2.9524907189969265,-0.24895380479032764,-3.089419812049771,1766195190.0340405
-0.9453278183937073,-1.6478039026260376,1.898667573928833,-2.9520147404032455,-0.24889876998750704,-3.0907835255219456,1766195190.043986
-0.9452728033065796,-1.6478327512741089,1.89863920211792,-2.9525212164536025,-0.24946323638404777,-3.0916278666004775,1766195190.044014
-0.9452131390571594,-1.6478923559188843,1.898598551750183,-2.9522098622483743,-0.24981483933984322,-3.092729559588441,1766195190.0539718
-0.9451583623886108,-1.6479309797286987,1.898558497428894,-2.952513244030911,-0.2504318601172752,-3.0937821690697738,1766195190.0640273
-0.9451231956481934,-1.6480042934417725,1.8985203504562378,-2.9519643477746498,-0.25081861601127325,-3.095128639959015,1766195190.0740452
-0.9450846910476685,-1.6480731964111328,1.8985058069229126,-2.9525291855702833,-0.2511769800837517,-3.096050320220028,1766195190.0840144
-0.9450547099113464,-1.648131251335144,1.898459553718567,-2.951955126310635,-0.25163017166347157,-3.0978268979583103,1766195190.084044
-0.9449478983879089,-1.6482429504394531,1.8983229398727417,-2.9470260312743126,-0.25140663831637794,-3.1005768524217987,1766195190.103975
-0.9449178576469421,-1.6483027935028076,1.8982967138290405,-2.9465447396988536,-0.25143688310753215,-3.1018905474082508,1766195190.1040032
-0.9448809623718262,-1.6483651399612427,1.898254632949829,-2.947175951338303,-0.252124270767027,-3.1033980151840255,1766195190.1139846
-0.944866955280304,-1.6484886407852173,1.8982093334197998,-2.946354794519106,-0.25237981354218486,-3.1056179391934395,1766195190.1239848
-0.9448580741882324,-1.6485532522201538,1.898199439048767,-2.9458183686813197,-0.2523083416382928,-3.1070685711628347,1766195190.1340184
-0.944803774356842,-1.6486189365386963,1.898159146308899,-2.9461424993798504,-0.25296274550691794,-3.108506944000603,1766195190.1341536
-0.9446616172790527,-1.6487783193588257,1.8980040550231934,-2.9420047952829558,-0.25295760931719213,-3.111915013551287,1766195190.1439016
-0.9446089863777161,-1.6488733291625977,1.897987961769104,-2.9418421762896525,-0.25327086268976845,-3.1139768081876724,1766195190.1539245
-0.944524347782135,-1.6489874124526978,1.8979226350784302,-2.94158259018295,-0.2537234666434376,-3.1159153823517056,1766195190.1639283
-0.9444890022277832,-1.649077296257019,1.897889256477356,-2.9409581689450355,-0.25401109289795126,-3.117892333370463,1766195190.1740327
-0.9444303512573242,-1.6491670608520508,1.8978654146194458,-2.9405602917644384,-0.2544885288654589,-3.1198269788002966,1766195190.1742013
-0.9444001317024231,-1.6492624282836914,1.8978203535079956,-2.9407089797856956,-0.25513481222349754,-3.121706441160244,1766195190.1840253
-0.9443619847297668,-1.6493444442749023,1.8978115320205688,-2.9414572404330994,-0.25577597793038054,-3.1240150372684337,1766195190.2040052
-0.9443104863166809,-1.6494683027267456,1.8977941274642944,-2.94069295984089,-0.25576697516758273,-3.1265109010593175,1766195190.2040334
-0.94427090883255,-1.6495927572250366,1.8977702856063843,-2.940818514977581,-0.2563111145772485,-3.1286056511334017,1766195190.2140203
-0.9442005157470703,-1.6497201919555664,1.8977408409118652,-2.940612899447374,-0.2564243032295241,-3.1307334631115302,1766195190.223992
-0.9441668391227722,-1.649839162826538,1.8977054357528687,-2.940739407990139,-0.2568285525879603,-3.1328496657447173,1766195190.233892
-0.9440998435020447,-1.6499896049499512,1.8976893424987793,-2.94062889267497,-0.25722073325218997,-3.13510378499674,1766195190.2339222
-0.9439797401428223,-1.650204062461853,1.8977645635604858,-2.936545254737021,-0.2555377512660009,-3.1378666356171347,1766195190.2438636
-0.9439182281494141,-1.6502964496612549,1.8976064920425415,-2.9397983854006773,-0.25777019671942747,-3.1393642470503136,1766195190.2539284
-0.943821907043457,-1.6504673957824707,1.8975729942321777,-2.9398042519651653,-0.25796048070023314,3.1414929229139723,1766195190.2639754
-0.9437375664710999,-1.6506452560424805,1.8975343704223633,-2.939894313573335,-0.25849070964033644,3.13947257677432,1766195190.273966
-0.9436629414558411,-1.6508116722106934,1.8975168466567993,-2.940541266054987,-0.25985474168052547,3.1370067081984727,1766195190.2840066
-0.9435486793518066,-1.6510502099990845,1.8974599838256836,-2.9413231371191406,-0.26001367609258125,3.134456973611851,1766195190.2840364
-0.9434623122215271,-1.6513091325759888,1.8974419832229614,-2.9410029311152024,-0.26047080028285646,3.131768819047266,1766195190.2939868
-0.9433798789978027,-1.6515579223632812,1.8974171876907349,-2.9412356648551747,-0.2605935069943708,3.1291808292191567,1766195190.3039103
-0.943321704864502,-1.6518081426620483,1.89739191532135,-2.942486280868886,-0.26171497897529505,3.1267934517966336,1766195190.3140335
-0.9432353973388672,-1.652086615562439,1.897351861000061,-2.9435815796425304,-0.2627057331522542,3.1236794956387177,1766195190.3240135
-0.9431368112564087,-1.6523936986923218,1.8973356485366821,-2.9432028323976027,-0.2628904775155746,3.120282222466477,1766195190.3339858
-0.9430609345436096,-1.6527236700057983,1.8973456621170044,-2.943283773519671,-0.26306573664358485,3.116720510004485,1766195190.334035
-0.942925214767456,-1.6531016826629639,1.8973292112350464,-2.94361048884483,-0.2635548389398203,3.1127473504149847,1766195190.343936
-0.942791759967804,-1.6534614562988281,1.8973013162612915,-2.9442733652366493,-0.2641504006418461,3.109018599780823,1766195190.3539255
-0.9426593780517578,-1.653879165649414,1.8972564935684204,-2.944936382758019,-0.264935183395386,3.1047662158885054,1766195190.364013
-0.9424476027488708,-1.6543599367141724,1.8971397876739502,-2.9428656709049075,-0.26529213172472194,3.0992277921942604,1766195190.3739831
-0.9423187375068665,-1.6548033952713013,1.8971216678619385,-2.943727803284587,-0.2659443810886349,3.0941089698947457,1766195190.3839993
-0.942211925983429,-1.6552668809890747,1.8971056938171387,-2.9443913429986206,-0.2662636141561498,3.089507441516002,1766195190.3840287
-0.9420820474624634,-1.6557672023773193,1.8970389366149902,-2.9451828435952754,-0.2669786615966504,3.084812015586999,1766195190.3939817
-0.9419096112251282,-1.6563094854354858,1.8969897031784058,-2.9474588661305234,-0.2683794560544368,3.0784992150511763,1766195190.4040053
-0.9418115615844727,-1.6568316221237183,1.8969703912734985,-2.9486266925502287,-0.269306252537328,3.072327710675545,1766195190.4140153
-0.9416921734809875,-1.6573420763015747,1.8969601392745972,-2.948340100292233,-0.2696671179474967,3.0651944213066233,1766195190.4239798
-0.9416548609733582,-1.6579312086105347,1.896990418434143,-2.9487045878731624,-0.27061093222460575,3.058325699325416,1766195190.434021
-0.9415844678878784,-1.6585092544555664,1.89702570438385,-2.948925938600206,-0.27073801732452635,3.0514105952737083,1766195190.434173
-0.9414682388305664,-1.6590365171432495,1.8969985246658325,-2.950101607895931,-0.27198302768368043,3.04492615108406,1766195190.4439313
-0.9414035081863403,-1.6596472263336182,1.8970222473144531,-2.9507076938461934,-0.27293729635174324,3.0370416131316325,1766195190.4539213
-0.941276490688324,-1.6602215766906738,1.8970812559127808,-2.9502739222244174,-0.2725552467452278,3.0295150158400306,1766195190.4639347
-0.9411568641662598,-1.6608529090881348,1.8970874547958374,-2.9502276063938737,-0.27299156695073995,3.0211488391943213,1766195190.474062
-0.9412233829498291,-1.6614750623703003,1.8971079587936401,-2.952809561058205,-0.27487457063111875,3.011349902870723,1766195190.4840434
-0.9409765601158142,-1.6622130870819092,1.8970640897750854,-2.9509510167685056,-0.27467776290904283,3.001835198566723,1766195190.4840736
-0.9409437775611877,-1.6629266738891602,1.8970927000045776,-2.9511366835988984,-0.27565416571558554,2.9915790522647265,1766195190.4939394
-0.9408713579177856,-1.6636524200439453,1.8971269130706787,-2.9496286632553406,-0.275249890108542,2.9819045615392326,1766195190.5139434
-0.94086754322052,-1.6644411087036133,1.8971762657165527,-2.951182293527314,-0.2758257052431535,2.9703714951765634,1766195190.5139556
-0.9408855438232422,-1.6652506589889526,1.8972312211990356,-2.951312438277106,-0.2759696159880165,2.95767843909883,1766195190.5240023
-0.9410575032234192,-1.6660975217819214,1.8973718881607056,-2.9559066592614838,-0.2762838549928888,2.9440854400064462,1766195190.5340583
-0.9411420226097107,-1.6670061349868774,1.8973455429077148,-2.9524917527398133,-0.2758618455411514,2.930505915255105,1766195190.5340881
-0.9412209987640381,-1.6678937673568726,1.897424340248108,-2.950370239018806,-0.2745275982292597,2.917704155974453,1766195190.5439718
-0.9415147304534912,-1.6687911748886108,1.897523045539856,-2.952150477920324,-0.27518987270387807,2.903201420510172,1766195190.553945
-0.9416817426681519,-1.6697741746902466,1.8976356983184814,-2.9529430117970827,-0.27506420816452765,2.8885661111636405,1766195190.5639255
-0.9418213367462158,-1.6708508729934692,1.8976752758026123,-2.9527293694616623,-0.2746642636876229,2.8733554105310226,1766195190.574054
-0.9419640302658081,-1.6719578504562378,1.8977038860321045,-2.953343664244602,-0.2751323144788858,2.8576236580592544,1766195190.5840042
-0.9422300457954407,-1.6731420755386353,1.8977925777435303,-2.9537124153160548,-0.27418921487020054,2.841062488931103,1766195190.5841465
-0.9424293637275696,-1.6743097305297852,1.8977993726730347,-2.9543154093674637,-0.27365787106140876,2.824823066892281,1766195190.5940576
-0.9424458146095276,-1.675636887550354,1.8977614641189575,-2.9525969895355146,-0.2720140227299395,2.8076658438072393,1766195190.60404
-0.9429614543914795,-1.6768925189971924,1.8977763652801514,-2.9558810584917414,-0.27286128519334274,2.7888312483985347,1766195190.6140316
-0.9430304765701294,-1.6782333850860596,1.8977552652359009,-2.9545007213879164,-0.27098280995292984,2.771790976364048,1766195190.6239903
-0.9433184862136841,-1.6796475648880005,1.8977481126785278,-2.954038898332364,-0.2698372951379775,2.753043378530507,1766195190.634023
-0.9438291788101196,-1.6810520887374878,1.8976829051971436,-2.959618467726749,-0.2716568153394642,2.7322218922235164,1766195190.6340525
-0.9439852833747864,-1.6824694871902466,1.8975845575332642,-2.957084746283878,-0.2697857211467703,2.7136684874183317,1766195190.6439295
-0.9444025158882141,-1.6839346885681152,1.8975235223770142,-2.9588501994469465,-0.26949799541345226,2.6932018941589826,1766195190.653927
-0.9447737336158752,-1.6854299306869507,1.8974156379699707,-2.9593634096024926,-0.2691364155117007,2.671813728397114,1766195190.6640344
-0.945107102394104,-1.6868972778320312,1.897364616394043,-2.962587300249227,-0.26858485622596484,2.64998374808583,1766195190.6740565
-0.9456122517585754,-1.6884351968765259,1.8972479104995728,-2.962692115343663,-0.26840448124579985,2.627362871435253,1766195190.6840367
-0.9461975693702698,-1.6899067163467407,1.8971052169799805,-2.9633544051144205,-0.26797263787439557,2.605387547468083,1766195190.684065
-0.9465879797935486,-1.6913975477218628,1.8969082832336426,-2.9634387810571856,-0.26764273409802974,2.58158868663476,1766195190.693963
-0.9472231864929199,-1.6929123401641846,1.8967225551605225,-2.9642349443137266,-0.2689983547850866,2.5584039307947872,1766195190.7040148
-0.9477975964546204,-1.6944606304168701,1.8965739011764526,-2.9658821300702773,-0.26907637031634885,2.5338537303253297,1766195190.7140532
-0.9483925700187683,-1.6960206031799316,1.8963145017623901,-2.9661161415796933,-0.2698057301189972,2.5095235915460403,1766195190.724016
-0.9490861296653748,-1.6976549625396729,1.8960703611373901,-2.969402021761024,-0.2719503085820546,2.4840317728428083,1766195190.7340586
-0.949822723865509,-1.6992496252059937,1.8958451747894287,-2.967104112350175,-0.2713387599093032,2.4584556950212755,1766195190.7342029
-0.9505949020385742,-1.700891137123108,1.8956135511398315,-2.9689809581322955,-0.2719580959093109,2.4317454686171405,1766195190.743884
-0.9513974785804749,-1.7025209665298462,1.8953920602798462,-2.96780570974544,-0.2712464216706313,2.4057413386089355,1766195190.753925
-0.9522615671157837,-1.7041394710540771,1.895119071006775,-2.967250162650804,-0.27047827440622374,2.3790600886428948,1766195190.7639754
-0.9531688690185547,-1.705774188041687,1.8948612213134766,-2.968166242958879,-0.27034014069949286,2.3528055937556003,1766195190.7740343
-0.9541996717453003,-1.707346796989441,1.8944551944732666,-2.961289669458884,-0.26999194926544706,2.3264276853695347,1766195190.7740815
-0.9552870392799377,-1.7089357376098633,1.8941060304641724,-2.962766955305084,-0.2694198560500996,2.3011538892273538,1766195190.7839413
-0.9563470482826233,-1.7106330394744873,1.894026279449463,-2.969673049039201,-0.2687110876424037,2.273507627541232,1766195190.7939246
-0.9574704766273499,-1.7121001482009888,1.8934897184371948,-2.962308943020435,-0.26794162034307323,2.2463267900100257,1766195190.8039696
-0.9586580395698547,-1.713773250579834,1.893317699432373,-2.9697174852886934,-0.26707385954765556,2.217815597575897,1766195190.8139873
-0.9598392248153687,-1.7152340412139893,1.8927675485610962,-2.9623143264388156,-0.26627682226417404,2.191468687799751,1766195190.823975
-0.9612822532653809,-1.7167283296585083,1.8924109935760498,-2.964159994910547,-0.2667872918095092,2.1619511624950993,1766195190.8339622
-0.9624143838882446,-1.7182289361953735,1.8920037746429443,-2.963738470965534,-0.2669380620272438,2.135932880804578,1766195190.8340101
-0.9640170931816101,-1.719739556312561,1.8916817903518677,-2.963331055079501,-0.2671862406230931,2.1068578816181684,1766195190.8440113
-0.9649410843849182,-1.7211787700653076,1.8912304639816284,-2.9629750351094604,-0.2691070408278828,2.081124003315811,1766195190.8539855
-0.9661365747451782,-1.722468614578247,1.890834927558899,-2.9628864391500622,-0.2689462018426209,2.0567933525274658,1766195190.86396
-0.9673291444778442,-1.7237430810928345,1.8903687000274658,-2.9629681193719164,-0.2689541140928338,2.0329447093549176,1766195190.8739877
-0.9687415361404419,-1.7249934673309326,1.8899180889129639,-2.9596432175790506,-0.269139676797007,2.0080069511845022,1766195190.8840034
-0.9699270725250244,-1.726243257522583,1.8894052505493164,-2.958110916256333,-0.26941574190338785,1.9805976011105255,1766195190.8840337
-0.9709813594818115,-1.7272934913635254,1.8890527486801147,-2.958200508877125,-0.269069010977957,1.960352830555269,1766195190.8940475
-0.972305178642273,-1.7283903360366821,1.888645887374878,-2.9559653540043,-0.2689568312333009,1.9381756984587886,1766195190.9039993
-0.9735422134399414,-1.7294387817382812,1.888227105140686,-2.9561054391993933,-0.2694862771091513,1.9174499032252776,1766195190.9140358
-0.9748474955558777,-1.7304202318191528,1.887885570526123,-2.955695099124277,-0.270046053071344,1.8969355215916008,1766195190.9239998
-0.976178765296936,-1.7312912940979004,1.887587070465088,-2.9560709536439145,-0.27027055213143003,1.877004742980914,1766195190.934026
-0.9773802757263184,-1.7320873737335205,1.887254238128662,-2.955278934252456,-0.2708460832922054,1.8600560152977197,1766195190.934058
-0.9787216782569885,-1.7329250574111938,1.8870179653167725,-2.9559132601176787,-0.2706484008744917,1.8406700961023907,1766195190.9439926
-0.9800136089324951,-1.7336394786834717,1.8867497444152832,-2.9558607263253,-0.27138990329940466,1.8232435517441934,1766195190.9540365
-0.9813171625137329,-1.7342157363891602,1.8865224123001099,-2.9544190876270067,-0.271514034536566,1.8070554417803049,1766195190.963978
-0.9826645851135254,-1.7348500490188599,1.8863922357559204,-2.9557742257998902,-0.27157539790879354,1.789119850070044,1766195190.9739835
-0.9840106964111328,-1.7353391647338867,1.8862805366516113,-2.956107311538663,-0.27132136993890266,1.7738978678933286,1766195190.984041
-0.9853579998016357,-1.7358126640319824,1.8861652612686157,-2.958338759571621,-0.27206919656660045,1.7575898666649024,1766195190.9841573
-0.986614465713501,-1.7362313270568848,1.8861021995544434,-2.957248908400132,-0.271946791438484,1.7429492406435731,1766195190.9940152
-0.9881387948989868,-1.736470103263855,1.8859779834747314,-2.957760103135174,-0.2692596424926587,1.7288818282033194,1766195191.0040262
-0.9894652366638184,-1.736864447593689,1.8860162496566772,-2.9562578752780295,-0.2713322410095912,1.7137680263699604,1766195191.0139792
-0.9907056093215942,-1.7370930910110474,1.8860067129135132,-2.957225293061189,-0.2724541674537355,1.7011684411338919,1766195191.0239363
-0.9922211170196533,-1.737202763557434,1.8859645128250122,-2.9586628039103497,-0.2698824839824271,1.6873993430054517,1766195191.0340629
-0.9935559034347534,-1.7373404502868652,1.8859680891036987,-2.9593461018341367,-0.2691011377629249,1.6766970694130727,1766195191.0340927
-0.9949600696563721,-1.7374441623687744,1.886070966720581,-2.9608961175801203,-0.2686055926905472,1.6637840658303937,1766195191.0439284
-0.9961143732070923,-1.7375158071517944,1.8860514163970947,-2.962411781615123,-0.26905665221342406,1.6527686495865852,1766195191.0539799
-0.9975044131278992,-1.7374101877212524,1.886095404624939,-2.9591704817504105,-0.2687280982542743,1.6430416404315893,1766195191.0639775
-0.9987435340881348,-1.7375677824020386,1.886242389678955,-2.9645258246198427,-0.26847167872822847,1.629816846197382,1766195191.0740876
-0.9999268054962158,-1.737345814704895,1.886208415031433,-2.9603647319946855,-0.2686989597049062,1.622362878222813,1766195191.0839899
-1.0013277530670166,-1.7373229265213013,1.8864076137542725,-2.9670066606434786,-0.27015234110601505,1.609907052743502,1766195191.0840201
-1.0024150609970093,-1.737239122390747,1.886539101600647,-2.9655438075956684,-0.2694150951682975,1.6011004156829787,1766195191.0940688
-1.0036591291427612,-1.736950159072876,1.8865147829055786,-2.96146726062917,-0.27018037986065885,1.5934968788552244,1766195191.1040177
-1.0047553777694702,-1.7367939949035645,1.8866045475006104,-2.963087236060924,-0.2708226194423989,1.5858768768311573,1766195191.1140106
-1.0059744119644165,-1.736734390258789,1.8868516683578491,-2.963220652319626,-0.27462716135400206,1.577056812523373,1766195191.1239688
-1.0071486234664917,-1.736631989479065,1.8870420455932617,-2.966428858714686,-0.27486412483384215,1.5674434626386153,1766195191.1239974
-1.0083093643188477,-1.736274003982544,1.8870803117752075,-2.9642310141800468,-0.2758830783909483,1.5627592020089507,1766195191.13408
-1.0094103813171387,-1.73603093624115,1.8872183561325073,-2.964817412791603,-0.2771433070497548,1.5564862111011495,1766195191.143986
-1.0106176137924194,-1.7357754707336426,1.8873040676116943,-2.9645443059362107,-0.27750471272831395,1.5486391756363411,1766195191.1540132
-1.0116808414459229,-1.7355031967163086,1.8874006271362305,-2.9649820435899534,-0.277495949290883,1.5433754789378686,1766195191.164035
-1.0128499269485474,-1.7354018688201904,1.8876756429672241,-2.966970650418002,-0.2755837703319413,1.5346273292421935,1766195191.1740334
-1.0138230323791504,-1.7349506616592407,1.8876324892044067,-2.96174961344917,-0.275979756027876,1.5316649839911889,1766195191.174065
-1.014828085899353,-1.734534502029419,1.8875716924667358,-2.9678756789744916,-0.28053195004377257,1.5253487268298955,1766195191.1840155
-1.0159821510314941,-1.7342143058776855,1.887698769569397,-2.9637306075670105,-0.2778504519488741,1.5200475978833896,1766195191.1940515
-1.0169233083724976,-1.7337665557861328,1.887646198272705,-2.970049770681254,-0.281863733003486,1.5150240964380328,1766195191.2040617
-1.0180413722991943,-1.7333507537841797,1.887693166732788,-2.9727177580328354,-0.28329670361319687,1.5079719343589821,1766195191.214026
-1.0190061330795288,-1.7330330610275269,1.8878066539764404,-2.9671858314291395,-0.27985124755213975,1.504508307290664,1766195191.224052
-1.020066738128662,-1.7326027154922485,1.887820839881897,-2.969647662879052,-0.28087774080303135,1.4993938746393765,1766195191.2339802
-1.0210620164871216,-1.7322218418121338,1.8878140449523926,-2.969651031864438,-0.2810441033200897,1.494710921296702,1766195191.234167
-1.0220253467559814,-1.7318236827850342,1.8877828121185303,-2.97159486837519,-0.28196233199555076,1.4893748708177217,1766195191.2439644
-1.0229159593582153,-1.731379747390747,1.8877898454666138,-2.9740300770899593,-0.2827301663346864,1.4849513519267128,1766195191.253889
-1.0238935947418213,-1.7309881448745728,1.8876787424087524,-2.9749717736709727,-0.28375233820340795,1.4804900061061863,1766195191.2638745
-1.0247443914413452,-1.730591058731079,1.8875515460968018,-2.9770782753776275,-0.28438660193485077,1.4757198219455683,1766195191.2739506
-1.025492548942566,-1.730197787284851,1.8874255418777466,-2.977029176785687,-0.28463454306113517,1.4718280562052115,1766195191.2840543
-1.0263698101043701,-1.729749321937561,1.8872395753860474,-2.9786023123659544,-0.2862922449623246,1.466453480303621,1766195191.284083
-1.0270639657974243,-1.7293641567230225,1.8869917392730713,-2.97851903241705,-0.2865386847244886,1.463314806024763,1766195191.2940097
-1.0278061628341675,-1.7289644479751587,1.8867363929748535,-2.9800431371754468,-0.28695325988298737,1.4599269628632048,1766195191.303998
-1.0285531282424927,-1.7285610437393188,1.886465072631836,-2.9799869852598975,-0.2875879012533675,1.454998115273222,1766195191.314057
-1.029198169708252,-1.7282341718673706,1.886218547821045,-2.9809046157744756,-0.2880421494131929,1.451060384240163,1766195191.323967
-1.0297870635986328,-1.727951169013977,1.8860043287277222,-2.9824099928992314,-0.2881606954198469,1.4467632216647544,1766195191.3340213
-1.0304659605026245,-1.7276067733764648,1.8857653141021729,-2.9829436338217024,-0.28861288418179043,1.4415252396772873,1766195191.3341508
-1.0309399366378784,-1.7273801565170288,1.8855544328689575,-2.9836055087421065,-0.28936089228144457,1.4376432193528716,1766195191.3440063
-1.0313857793807983,-1.7272074222564697,1.8853521347045898,-2.9857173452192542,-0.2907263238090475,1.433296366623319,1766195191.3540356
-1.0318228006362915,-1.7270218133926392,1.8851851224899292,-2.98587811354958,-0.2924970995324904,1.4282716390313313,1766195191.364009
-1.0321855545043945,-1.7269407510757446,1.8850305080413818,-2.986106911671932,-0.2939762650133616,1.4233071852819972,1766195191.374057
-1.0325459241867065,-1.7268427610397339,1.884927749633789,-2.9851972093601105,-0.29595361637408435,1.4175455003010118,1766195191.3840075
-1.0327776670455933,-1.7268472909927368,1.8847543001174927,-2.9844852100512074,-0.2984578328668714,1.4127027791577667,1766195191.3840363
-1.0329262018203735,-1.7268437147140503,1.8846526145935059,-2.981663091125022,-0.30002675013342556,1.4083937913581712,1766195191.3940725
-1.033028244972229,-1.7268468141555786,1.8845106363296509,-2.980019742390165,-0.3023558229820178,1.404389830115722,1766195191.4039967
-1.0331106185913086,-1.7268637418746948,1.884372353553772,-2.979521892508848,-0.30523053927148025,1.4001041301188901,1766195191.4140139
-1.0331707000732422,-1.7268890142440796,1.8842273950576782,-2.9784292829365975,-0.3080131667519674,1.3959721205925575,1766195191.4340534
-1.0331705808639526,-1.7269515991210938,1.8839434385299683,-2.975706369922024,-0.3129090525704907,1.3895850340968927,1766195191.4341118
-1.0331122875213623,-1.7269552946090698,1.8838021755218506,-2.9744423303084617,-0.3151152007431044,1.3866648659135572,1766195191.4440322
-1.0330592393875122,-1.7269471883773804,1.8836103677749634,-2.9745619870353357,-0.3174543123417996,1.3840460593581412,1766195191.454063
-1.032988429069519,-1.726923942565918,1.8834125995635986,-2.97433902140058,-0.3190564500293193,1.382144085701503,1766195191.4640434
-1.032913327217102,-1.7268909215927124,1.8831977844238281,-2.9736526774777206,-0.319791735488954,1.380194266485682,1766195191.4740267
-1.0328025817871094,-1.726833462715149,1.8829582929611206,-2.9729957923815897,-0.32045758972160887,1.3789389602748625,1766195191.4840093
-1.032653570175171,-1.7268153429031372,1.8826450109481812,-2.971599399932983,-0.3209542511168055,1.3778215038519652,1766195191.4840374
-1.0324393510818481,-1.7268338203430176,1.8823260068893433,-2.9700268164047743,-0.32125251590052745,1.3760076021830276,1766195191.494013
-1.0322239398956299,-1.7268790006637573,1.8819677829742432,-2.9699390125532297,-0.3212571857183872,1.375112292486257,1766195191.5040033
-1.0320372581481934,-1.7269083261489868,1.8816332817077637,-2.9689914507589727,-0.3212976426108802,1.3741758586362203,1766195191.5140417
-1.0318281650543213,-1.7270056009292603,1.8812674283981323,-2.9698199042318127,-0.3223969956365353,1.3734127518957697,1766195191.524015
-1.0315698385238647,-1.7271292209625244,1.8808969259262085,-2.969301904912263,-0.3221241687057875,1.3727729869789795,1766195191.5340376
-1.031358242034912,-1.727344274520874,1.880558967590332,-2.9690542973366676,-0.3228238784652499,1.3720148030856736,1766195191.5439932
-1.0311230421066284,-1.7276030778884888,1.8801994323730469,-2.9679434706418597,-0.32309629168841814,1.3715396727907037,1766195191.5440218
-1.0308891534805298,-1.727973222732544,1.8798613548278809,-2.9668822021521275,-0.32354013836406464,1.3719174669849141,1766195191.5539753
-1.0306037664413452,-1.7284809350967407,1.8795045614242554,-2.965406946035338,-0.32310124392056394,1.3714931304728537,1766195191.5640628
-1.0303902626037598,-1.7290352582931519,1.8791903257369995,-2.9634854557073567,-0.32360792133817057,1.370742768542429,1766195191.5739632
-1.0302106142044067,-1.7296682596206665,1.8789628744125366,-2.9628075566209566,-0.32415152171615436,1.3698322971789831,1766195191.5840094
-1.029959797859192,-1.730368733406067,1.8786925077438354,-2.9592904009941265,-0.3249673745256184,1.368874768196599,1766195191.584039
-1.0297435522079468,-1.7311912775039673,1.8784111738204956,-2.9577130601186328,-0.326377126889884,1.368479326265902,1766195191.5940561
-1.0296106338500977,-1.7320834398269653,1.8781462907791138,-2.9579622822572844,-0.327514564303107,1.3679436376265033,1766195191.6040273
-1.029523253440857,-1.7330437898635864,1.8778859376907349,-2.954959312060083,-0.3287525784564279,1.3667549489580724,1766195191.6140301
-1.029525637626648,-1.733992576599121,1.8777176141738892,-2.952332598792356,-0.32907119438514276,1.3656904613102951,1766195191.6240065
-1.029531717300415,-1.7350623607635498,1.877498745918274,-2.9502069732689113,-0.33035043672006276,1.3651781640420493,1766195191.6340249
-1.029507040977478,-1.7362027168273926,1.8772395849227905,-2.948174132823907,-0.33158829627103487,1.3645827401822692,1766195191.6341624
-1.0299979448318481,-1.737887978553772,1.877658486366272,-2.97849335360267,-0.3340626673893461,1.3552550907397043,1766195191.6440215
-1.0297529697418213,-1.7386183738708496,1.8768527507781982,-2.946896212688598,-0.33436951004003546,1.3621106332604547,1766195191.6540344
-1.0299981832504272,-1.7399115562438965,1.876668930053711,-2.9491710600151824,-0.33647733915705813,1.3615113152121583,1766195191.6640222
-1.0302091836929321,-1.7412638664245605,1.8764253854751587,-2.947094764319393,-0.3359073389975534,1.3601505385051662,1766195191.6740458
-1.0304545164108276,-1.7425850629806519,1.8761998414993286,-2.945035028384017,-0.3366164193603791,1.35947685794595,1766195191.6840208
-1.0307852029800415,-1.7439571619033813,1.8760218620300293,-2.947013443436537,-0.33871406920557545,1.3588868474013611,1766195191.68405
-1.0310580730438232,-1.745430827140808,1.8758410215377808,-2.946261167942834,-0.3390445654246933,1.3580837935305063,1766195191.6939561
-1.031368374824524,-1.747012734413147,1.8757028579711914,-2.9464324302695952,-0.3390368140397267,1.3563328209113221,1766195191.7038903
-1.0316870212554932,-1.7485159635543823,1.8755377531051636,-2.949232796530422,-0.34074367450018334,1.3555597335301084,1766195191.7139368
-1.0319617986679077,-1.7501493692398071,1.8753395080566406,-2.9475432253678453,-0.3419435966009427,1.3541990741194379,1766195191.7239487
-1.0322123765945435,-1.751793384552002,1.8751565217971802,-2.945685242928238,-0.34120147384087685,1.3540425633938964,1766195191.7339616
-1.032578468322754,-1.7535505294799805,1.8750616312026978,-2.9474227107764777,-0.3425398958807784,1.3535933662698936,1766195191.7340102
-1.0328713655471802,-1.7553232908248901,1.8749083280563354,-2.947806493723625,-0.34304216660621356,1.3537020474471675,1766195191.744013
-1.033119559288025,-1.7571388483047485,1.8747068643569946,-2.9465723551913747,-0.34265080357359406,1.3547276614417227,1766195191.7540314
-1.0333664417266846,-1.7590223550796509,1.8746191263198853,-2.944590438368737,-0.3427831933792534,1.3558024680107428,1766195191.7640212
-1.0336180925369263,-1.761020302772522,1.874436616897583,-2.946749836714858,-0.34419609428975956,1.3566311623272471,1766195191.7740393
-1.0338975191116333,-1.763027548789978,1.874375820159912,-2.9459791046046493,-0.34359654487836244,1.3575834512141942,1766195191.7840126
-1.0341002941131592,-1.7650457620620728,1.8742749691009521,-2.9446703147263094,-0.34552126662221927,1.3579697490956422,1766195191.7840433
-1.0343343019485474,-1.7671878337860107,1.8741987943649292,-2.943708171170493,-0.3449817446222773,1.3599847038775117,1766195191.7940223
-1.0345968008041382,-1.769314169883728,1.8741931915283203,-2.945074179495273,-0.34549677276979723,1.361506187387073,1766195191.8040216
-1.034919023513794,-1.771405816078186,1.8742071390151978,-2.9448872913121695,-0.3463414194617621,1.3623080500061062,1766195191.8140438
-1.0351829528808594,-1.7736096382141113,1.8742567300796509,-2.945830088991548,-0.3459085637396904,1.3652235707387745,1766195191.8240166
-1.0355350971221924,-1.7756861448287964,1.8743298053741455,-2.9469273863261507,-0.34713817830720967,1.3661089079604518,1766195191.834132
-1.03581702709198,-1.777840256690979,1.8743847608566284,-2.94805260835945,-0.3461570166903648,1.3677001160546323,1766195191.844027
-1.0361689329147339,-1.779945969581604,1.8745059967041016,-2.946438091725258,-0.3451682706315257,1.3690818250995072,1766195191.8440557
-1.0365341901779175,-1.7820841073989868,1.8746551275253296,-2.9499453025007036,-0.34459704134942537,1.3696601196724654,1766195191.8539324
-1.0369969606399536,-1.7841475009918213,1.8747972249984741,-2.953257719865866,-0.3427001395002133,1.3704906360955296,1766195191.8639545
-1.0374643802642822,-1.7861875295639038,1.874887466430664,-2.951998689097588,-0.34039190968222793,1.372628113304364,1766195191.8740606
-1.037996768951416,-1.7881863117218018,1.8750206232070923,-2.9558173740041425,-0.33856492055921383,1.3721968158934363,1766195191.884033
-1.0384873151779175,-1.7901893854141235,1.8750888109207153,-2.955679339410198,-0.336534017244747,1.3739357553477245,1766195191.8940308
-1.0390502214431763,-1.79214608669281,1.875277042388916,-2.9583948680209176,-0.33398065418700945,1.3742774356486478,1766195191.8940623
-1.039643406867981,-1.7941513061523438,1.87538480758667,-2.9620757947624936,-0.3330625643481275,1.3743848749295249,1766195191.9040174
-1.040095567703247,-1.7962124347686768,1.8754782676696777,-2.962211876678555,-0.3293800694365511,1.3747856247306256,1766195191.914059
-1.040635347366333,-1.7981667518615723,1.8757116794586182,-2.966633407391859,-0.3281259751727316,1.374835226623749,1766195191.924013
-1.041214942932129,-1.8001809120178223,1.8758436441421509,-2.9669522677237015,-0.3249888196565658,1.3743116773818573,1766195191.9340608
-1.0417065620422363,-1.8022023439407349,1.8759742975234985,-2.9704168600436534,-0.3227166990251382,1.3740656709730967,1766195191.944006
-1.0422297716140747,-1.804216742515564,1.8761481046676636,-2.9703708557273254,-0.32055284419606805,1.3738184124196606,1766195191.9440339
-1.0426005125045776,-1.8062742948532104,1.8762279748916626,-2.97223354360326,-0.3188548368457204,1.3742161881619914,1766195191.9538803
-1.0430476665496826,-1.8083443641662598,1.8763558864593506,-2.9718996756295364,-0.31477133833746956,1.3734415825201747,1766195191.9639254
-1.043447732925415,-1.8103711605072021,1.876467227935791,-2.9756864215165653,-0.31420618662104943,1.3740133370257221,1766195191.9739332
-1.0438907146453857,-1.812509298324585,1.876441478729248,-2.973241659455766,-0.3103421507511764,1.3743868132945654,1766195191.9840117
-1.0443403720855713,-1.8145501613616943,1.876496434211731,-2.975322391390442,-0.30925472955646566,1.374682507229117,1766195191.9840398
-1.0447384119033813,-1.8167095184326172,1.8764883279800415,-2.9767725516151584,-0.305698692135882,1.3745755024140898,1766195191.994056
-1.04518461227417,-1.8188756704330444,1.876501441001892,-2.977529137338156,-0.3047252397428533,1.374665820737773,1766195192.0040157
-1.0455249547958374,-1.8211113214492798,1.8765021562576294,-2.9777932995924274,-0.30148624546006164,1.3761220650364987,1766195192.0139403
-1.0457706451416016,-1.8233660459518433,1.876355528831482,-2.979217275659699,-0.30049086101124856,1.3765880528723162,1766195192.023973
-1.046146273612976,-1.8257079124450684,1.8763335943222046,-2.9792920497344393,-0.29860885525865416,1.3761230034002156,1766195192.0340595
-1.0464463233947754,-1.828045129776001,1.8762236833572388,-2.9809942367876623,-0.29807652379419064,1.3766001498121545,1766195192.0340898
-1.046645164489746,-1.8304321765899658,1.876151442527771,-2.979569575299877,-0.29655234911672235,1.3783806046177767,1766195192.0440109
-1.0469300746917725,-1.8328843116760254,1.87605619430542,-2.9822062975171235,-0.2964000331398547,1.3789428688553402,1766195192.0540338
-1.0471603870391846,-1.8354039192199707,1.8759636878967285,-2.9813400676451067,-0.2957922242719754,1.3801184414795107,1766195192.064037
-1.047325611114502,-1.837894082069397,1.8758020401000977,-2.9816571816066517,-0.2968637095378761,1.3803658498091167,1766195192.0740528
-1.0474467277526855,-1.840481162071228,1.8756438493728638,-2.9826954063579234,-0.2969774364459455,1.3821084186780321,1766195192.0741794
-1.0476480722427368,-1.8431015014648438,1.875551462173462,-2.9814002103041917,-0.2968266864406988,1.3828641086413571,1766195192.0839322
-1.0477523803710938,-1.845612645149231,1.875343680381775,-2.982223456457136,-0.29835316089173963,1.384479484052465,1766195192.0939264
-1.0478224754333496,-1.8483504056930542,1.8751615285873413,-2.979635389067029,-0.2983123955326,1.3847451774604473,1766195192.1040063
-1.0478767156600952,-1.8509575128555298,1.8748751878738403,-2.9805666139406735,-0.2998324899643891,1.3862710441455703,1766195192.113959
-1.0479520559310913,-1.853547215461731,1.8745909929275513,-2.978848202779931,-0.30073719339809557,1.3876274027638935,1766195192.124016
-1.0480166673660278,-1.8561455011367798,1.8743021488189697,-2.978155034624018,-0.30082141490359926,1.3892676485538589,1766195192.134024
-1.0480053424835205,-1.858730673789978,1.8741164207458496,-2.9797561242753923,-0.3034928240895714,1.3900682034411345,1766195192.1340563
-1.0480154752731323,-1.8613239526748657,1.8737682104110718,-2.978665073582456,-0.3025441256279473,1.3910501757506808,1766195192.1538687
-1.048467755317688,-1.8642072677612305,1.8740607500076294,-3.007928092499314,-0.30628105254459803,1.3856129389422314,1766195192.153879
-1.04835045337677,-1.8667577505111694,1.8737398386001587,-3.0035673971875965,-0.30651412594511623,1.387984636403533,1766195192.1639237
-1.047932744026184,-1.868994116783142,1.8728824853897095,-2.9797287199888234,-0.3059182764280709,1.3947126972384443,1766195192.1739306
-1.0482902526855469,-1.871721863746643,1.8731755018234253,-3.001661663640278,-0.3084183068998489,1.3901545349207776,1766195192.1840065
-1.0477492809295654,-1.8739677667617798,1.872282862663269,-2.9774923293900937,-0.307743668950114,1.3977919310015543,1766195192.184035
-1.0475974082946777,-1.8764768838882446,1.8719756603240967,-2.977488172308525,-0.31013660816210364,1.3981111094539596,1766195192.1939313
-1.0474940538406372,-1.8788529634475708,1.8716001510620117,-2.974034157969669,-0.3091711801960168,1.3992713593818302,1766195192.204013
-1.0472151041030884,-1.8812710046768188,1.8712432384490967,-2.9760277239720545,-0.3112639072139671,1.4017319518480853,1766195192.2140567
-1.0469619035720825,-1.8836357593536377,1.8709025382995605,-2.9746741477010037,-0.312299078436991,1.4009692484196659,1766195192.2240124
-1.0470582246780396,-1.8862546682357788,1.8710670471191406,-2.993943249373988,-0.3129185932894063,1.3974957370622874,1766195192.2341316
-1.0464035272598267,-1.8882951736450195,1.8702030181884766,-2.9694738927607283,-0.3127003820783261,1.4038740643352572,1766195192.2342017
-1.0461695194244385,-1.8905160427093506,1.8698464632034302,-2.9683339675279092,-0.3148044275626758,1.4040042189167579,1766195192.253907
-1.0458370447158813,-1.8927799463272095,1.8695098161697388,-2.9661109767661116,-0.3148013567641421,1.4057894392232715,1766195192.253955
-1.0455957651138306,-1.894971251487732,1.8692560195922852,-2.963751931643776,-0.3154570786605248,1.406295299748106,1766195192.2638726
-1.0455535650253296,-1.8973268270492554,1.869362473487854,-2.982015718815795,-0.317491962279271,1.4019865554680626,1766195192.2738793
-1.045121192932129,-1.8993061780929565,1.8688020706176758,-2.9658580732884663,-0.31627947915747356,1.4068880205645546,1766195192.2840238
-1.0448511838912964,-1.9012982845306396,1.8684030771255493,-2.9585417342827816,-0.31698754662480894,1.4075730373817055,1766195192.2841654
-1.0446734428405762,-1.9033300876617432,1.8681780099868774,-2.964628139884133,-0.31519139817036773,1.4063974146254752,1766195192.2940748
-1.0444598197937012,-1.9053558111190796,1.8679838180541992,-2.960064261267456,-0.31788197735671575,1.4087578362566031,1766195192.3040307
-1.0445924997329712,-1.9073237180709839,1.867743730545044,-2.9533504003775244,-0.3204269330907092,1.4115424721304752,1766195192.3140461
-1.0442333221435547,-1.9092934131622314,1.8675273656845093,-2.9594294292144356,-0.32032522030136373,1.4090326800363036,1766195192.3240325
-1.044199824333191,-1.910988211631775,1.8670902252197266,-2.9520283024940888,-0.3166774583166535,1.4097008056751776,1766195192.3340864
-1.0441619157791138,-1.91282320022583,1.8668678998947144,-2.9506663266850417,-0.3162795210939549,1.41021449867258,1766195192.3341153
-1.0440893173217773,-1.9147158861160278,1.8668484687805176,-2.9558789742365676,-0.3205071759915,1.4116881571160185,1766195192.3539298
-1.0440658330917358,-1.916455626487732,1.8663824796676636,-2.9504089049122433,-0.3174291202040576,1.4120113753660746,1766195192.3539388
-1.044027328491211,-1.9182946681976318,1.866317629814148,-2.9570259907614185,-0.3185153583001413,1.412102866090332,1766195192.3639383
-1.0444183349609375,-1.9202884435653687,1.8665125370025635,-2.9556580765454363,-0.3322026887509748,1.4215948811369148,1766195192.373944
-1.0444220304489136,-1.9219963550567627,1.8661614656448364,-2.953610374007795,-0.3313035275969131,1.4219165132651523,1766195192.3839536
-1.0441628694534302,-1.923410415649414,1.8657073974609375,-2.958390312774703,-0.32042849660000544,1.4165857185507045,1766195192.383966
-1.044184923171997,-1.9251259565353394,1.8654165267944336,-2.9514871590121974,-0.32048923652351213,1.4177634714493232,1766195192.393944
-1.0441778898239136,-1.9267377853393555,1.8652441501617432,-2.9507533802944392,-0.3216254850722773,1.418999450088859,1766195192.4039855
-1.0441372394561768,-1.928481101989746,1.8651483058929443,-2.958144156501173,-0.3236861433379482,1.4197395077285424,1766195192.4138873
-1.0441948175430298,-1.9301130771636963,1.8649808168411255,-2.9546727951038134,-0.32498282975943354,1.4217421192780564,1766195192.4239414
-1.0442190170288086,-1.9317244291305542,1.8648830652236938,-2.9540238431691246,-0.32526101369054405,1.4224192937735334,1766195192.4240468
-1.0441820621490479,-1.9333597421646118,1.8646780252456665,-2.9541025832233405,-0.32713200757498645,1.4247228041876148,1766195192.4340568
-1.0441280603408813,-1.9349228143692017,1.864545226097107,-2.9531336626136766,-0.3286451141471593,1.423920315634986,1766195192.4440384
-1.0438551902770996,-1.9365841150283813,1.8642988204956055,-2.9514893884523374,-0.32979074492280813,1.4230241948425362,1766195192.4540334
-1.043971061706543,-1.938034176826477,1.86421537399292,-2.952690770482453,-0.3317971972564518,1.426482428512537,1766195192.4639983
-1.0439649820327759,-1.9395121335983276,1.864013671875,-2.9539073474420015,-0.3334844460542134,1.4275549864922226,1766195192.4740157
-1.0438439846038818,-1.9410117864608765,1.8637871742248535,-2.9533212834791227,-0.3346978484841105,1.4284465834308049,1766195192.4840028
-1.0437963008880615,-1.9424024820327759,1.8636399507522583,-2.9522982986197306,-0.33573446557465836,1.4275778264349668,1766195192.4840326
-1.043737769126892,-1.9438225030899048,1.8634744882583618,-2.9514520739230985,-0.33649124371389694,1.4280890951018,1766195192.493988
-1.043632984161377,-1.945173740386963,1.8632651567459106,-2.9510159536005074,-0.3384429802558653,1.427929700175718,1766195192.504007
-1.043675422668457,-1.9464596509933472,1.8631106615066528,-2.9522716312573474,-0.3401764183343009,1.4282594523590113,1766195192.5139275
-1.043562650680542,-1.9476548433303833,1.8628122806549072,-2.958391173482551,-0.34495200189883046,1.4286958414970905,1766195192.523988
-1.0435255765914917,-1.948993444442749,1.8627456426620483,-2.952895244878018,-0.3425416808754042,1.427357266080412,1766195192.5339856
-1.0434725284576416,-1.9501237869262695,1.8626165390014648,-2.9526923654475103,-0.3433143469241026,1.426489098671591,1766195192.534177
-1.0433305501937866,-1.9513194561004639,1.8623744249343872,-2.9520852621506246,-0.3438204938056683,1.4263477110451903,1766195192.5440135
-1.0432007312774658,-1.9524519443511963,1.862089991569519,-2.9513484446086284,-0.3447952935154295,1.4261210678401692,1766195192.5539646
-1.0431180000305176,-1.9535349607467651,1.861907958984375,-2.951806479684767,-0.3455132101922376,1.4259861917075818,1766195192.5639913
-1.042901873588562,-1.9545682668685913,1.8617019653320312,-2.950842837770302,-0.34651097999124486,1.4261589109495663,1766195192.574018
-1.0427000522613525,-1.9555777311325073,1.8613990545272827,-2.94956038727335,-0.34795914157190583,1.4251927533396402,1766195192.5839918
-1.0425305366516113,-1.956563115119934,1.8611263036727905,-2.9478235691500707,-0.3481575444105445,1.4236831021860896,1766195192.5840223
-1.0424147844314575,-1.9574872255325317,1.8609651327133179,-2.9471564416219698,-0.34868806449881556,1.4236511529038247,1766195192.5938752
-1.0422922372817993,-1.9584249258041382,1.8607456684112549,-2.94749088679393,-0.34999032618224163,1.4246260820729777,1766195192.6039512
-1.0422661304473877,-1.959396481513977,1.860599160194397,-2.941267895931987,-0.34699946031761525,1.4240348477341762,1766195192.6140118
-1.0420325994491577,-1.9600954055786133,1.8602533340454102,-2.9518277572056357,-0.35422278612134533,1.4220005801705755,1766195192.6239688
-1.0419379472732544,-1.9610146284103394,1.8602327108383179,-2.945208340224973,-0.3506145921113205,1.4224507872426606,1766195192.634037
-1.0418589115142822,-1.9618834257125854,1.8600422143936157,-2.946353841433108,-0.35195656318335117,1.4217886651203784,1766195192.6340683
-1.0417981147766113,-1.9626821279525757,1.8598629236221313,-2.9464049005571393,-0.35239196426847086,1.4209036962536252,1766195192.6439033
-1.041758418083191,-1.963379979133606,1.859692931175232,-2.946470213551979,-0.35253268170940927,1.4206248771532672,1766195192.663945
-1.041792869567871,-1.9640471935272217,1.8595868349075317,-2.9465263382957296,-0.3528013008749938,1.4209638595381404,1766195192.6639574
-1.0417391061782837,-1.9647431373596191,1.8594346046447754,-2.9466936342172545,-0.352686631556195,1.4210288797128727,1766195192.673953
-1.0417252779006958,-1.965411901473999,1.8593029975891113,-2.947606048780316,-0.3542959513490383,1.421500728030468,1766195192.6839895
-1.0417017936706543,-1.9660232067108154,1.8591617345809937,-2.946573037237755,-0.3535691635207442,1.4216131702233021,1766195192.6840181
-1.0416173934936523,-1.9666444063186646,1.8590118885040283,-2.946099300439287,-0.3533071031087604,1.4213524609246575,1766195192.6939862
-1.0415875911712646,-1.9672229290008545,1.8588870763778687,-2.9468087969530394,-0.35328801910503166,1.4211672772833908,1766195192.7040045
-1.0415701866149902,-1.967763900756836,1.8587679862976074,-2.947525552670761,-0.3534095201570593,1.4211010898224314,1766195192.7140234
-1.041471242904663,-1.9682923555374146,1.8586132526397705,-2.946877529262329,-0.35373181012060567,1.4217577545453857,1766195192.724006
-1.0413812398910522,-1.968827724456787,1.8584587574005127,-2.9477020293037257,-0.3540418549728451,1.4228329827785986,1766195192.7339764
-1.0413352251052856,-1.9693102836608887,1.8583400249481201,-2.948547229277503,-0.3552161414061882,1.423754376556542,1766195192.7340317
-1.041243076324463,-1.9697929620742798,1.858208417892456,-2.9482585776236863,-0.35521422693570903,1.4242024464575158,1766195192.7438612
-1.0411697626113892,-1.97028386592865,1.858080506324768,-2.9486644298330806,-0.3552469616142553,1.424797233463254,1766195192.7539284
-1.0410765409469604,-1.9707508087158203,1.8579927682876587,-2.948981191795687,-0.35596756554010234,1.4250760160271199,1766195192.7639356
-1.0409563779830933,-1.9711841344833374,1.857904076576233,-2.9499406766623126,-0.3559931620415038,1.425954723519403,1766195192.7739637
-1.0408527851104736,-1.9716181755065918,1.8577860593795776,-2.9499257195544195,-0.3561734790785183,1.4265648502914186,1766195192.7839983
-1.0407122373580933,-1.9719682931900024,1.8575654029846191,-2.9556075699684885,-0.36046771877576667,1.4271713392450471,1766195192.7840216
-1.040600299835205,-1.9724496603012085,1.8575804233551025,-2.950301369199803,-0.3571648587178365,1.4287952588034087,1766195192.7940166
-1.0404374599456787,-1.9727295637130737,1.8573837280273438,-2.955499463109035,-0.361599146373886,1.4286030506846985,1766195192.8040073
-1.0401642322540283,-1.973107099533081,1.8572866916656494,-2.953949887541023,-0.3621273440861272,1.4294020241250318,1766195192.8140435
-1.039975643157959,-1.9734208583831787,1.857118844985962,-2.953709113459837,-0.36137088965042496,1.4296121333368013,1766195192.8240101
-1.0398056507110596,-1.9737108945846558,1.857016682624817,-2.95419245985104,-0.36187721541381823,1.4300711524554894,1766195192.8340406
-1.0396747589111328,-1.9739689826965332,1.856928825378418,-2.954242408556923,-0.3615984008016007,1.4306409547392718,1766195192.8340724
-1.0395418405532837,-1.9742212295532227,1.8568753004074097,-2.953155703513783,-0.36088628285526925,1.431555607248267,1766195192.8439276
-1.0394221544265747,-1.9744551181793213,1.856795310974121,-2.9533357835874274,-0.3606876671509552,1.4326307436411596,1766195192.8539226
-1.0393226146697998,-1.9746814966201782,1.8567174673080444,-2.953580474678194,-0.36054770392247815,1.433419928649638,1766195192.8639317
-1.0392307043075562,-1.9749089479446411,1.8566135168075562,-2.9546608370413727,-0.36067476939024234,1.4344814177747949,1766195192.8739429
-1.0391443967819214,-1.9751193523406982,1.856559157371521,-2.9546895294653406,-0.3604493123896482,1.435176466655447,1766195192.8840153
-1.0390335321426392,-1.975359559059143,1.8564671277999878,-2.9544443098391073,-0.36056273492948065,1.4359113137424693,1766195192.8840442
-1.0389996767044067,-1.9755645990371704,1.8563529253005981,-2.955401683202784,-0.3609202923784617,1.4364320385585794,1766195192.8940568
-1.038954734802246,-1.9757723808288574,1.8562476634979248,-2.955636834955103,-0.3609143272732401,1.4369735673943045,1766195192.9040143
-1.0389151573181152,-1.9759514331817627,1.8561172485351562,-2.9553739042816987,-0.3607483358460091,1.4372857768388787,1766195192.914029
-1.0388685464859009,-1.9761630296707153,1.8559602499008179,-2.955289271850978,-0.36040637062765984,1.437945989046716,1766195192.9240093
-1.0388140678405762,-1.9763298034667969,1.8558224439620972,-2.9557052405201856,-0.3605934847487874,1.4380412734420325,1766195192.934025
-1.0387606620788574,-1.9765241146087646,1.8556616306304932,-2.9555219750458566,-0.3603149186152938,1.4383233942351157,1766195192.934056
-1.0386656522750854,-1.9768236875534058,1.8556301593780518,-2.9498337418367946,-0.35700267806196656,1.4391637072518726,1766195192.94404
-1.0386426448822021,-1.9770034551620483,1.85548734664917,-2.9499872192501613,-0.3573888955279652,1.439423576425091,1766195192.9539807
-1.038608431816101,-1.9771757125854492,1.8553410768508911,-2.9499369960458184,-0.35776920551807,1.439629955909886,1766195192.9640148
-1.038527250289917,-1.9772436618804932,1.8550702333450317,-2.955821749751805,-0.3622177783519062,1.4396160112628078,1766195192.9739807
-1.038499116897583,-1.977401614189148,1.8549070358276367,-2.9562562038944535,-0.36294558021520723,1.4394843939429933,1766195192.9741263
-1.0385082960128784,-1.9775996208190918,1.8548710346221924,-2.9504665956807536,-0.35995322428601567,1.4393572752336734,1766195192.983947
-1.0384550094604492,-1.9776142835617065,1.8546117544174194,-2.95598371661556,-0.36398405848180704,1.4388091780783112,1766195192.9939609
-1.0384068489074707,-1.9777063131332397,1.8544517755508423,-2.956121412998518,-0.3644561161112749,1.4383178233291696,1766195193.0038788
-1.0383970737457275,-1.9777499437332153,1.8542877435684204,-2.955460645548565,-0.364791801123505,1.437541480417724,1766195193.0138936
