x,y,z,alpha,beta,gamma,time
0.28386542201042175,3.6110122203826904,0.49537625908851624,0.010344006346477709,-0.015323291959476525,-1.606032904436473,1766201951.2160888
0.2811659276485443,3.6127874851226807,0.4967782199382782,0.006722584807031654,-0.006898709062252137,-1.5933356875719207,1766201951.2161114
0.28375905752182007,3.6108970642089844,0.4954214096069336,0.010156948837389504,-0.015352375694018308,-1.606084806715665,1766201951.2260046
0.28107210993766785,3.6128010749816895,0.496793270111084,0.006704092399843356,-0.006849864536266013,-1.5935235313523104,1766201951.2360008
0.28366315364837646,3.61077618598938,0.4954511523246765,0.010275783993286365,-0.015337773269672051,-1.6059670278291158,1766201951.2459776
0.2818984091281891,3.6119394302368164,0.49688786268234253,0.008855182860627732,-0.00730045850665571,-1.5974372622529531,1766201951.2560084
0.2818969190120697,3.613369941711426,0.4973820447921753,0.011274694585489204,-0.0009651926460649712,-1.6047758221338961,1766201951.2661247
0.28371378779411316,3.6107800006866455,0.49549412727355957,0.010432943532794909,-0.015373611738589692,-1.6059428094737755,1766201951.276123
0.2812511920928955,3.612739324569702,0.49683162569999695,0.007054222203941819,-0.006891984903486998,-1.5939870295591958,1766201951.2761798
0.28377407789230347,3.610844373703003,0.495440810918808,0.010481425046384033,-0.01534683028062648,-1.6060142842642489,1766201951.285984
0.2811480462551117,3.612726926803589,0.4967855215072632,0.006341189612119593,-0.007209267411714629,-1.5928893239679458,1766201951.2959855
0.283821165561676,3.610788583755493,0.4954185485839844,0.010285820982729092,-0.01551591872692695,-1.6057095519188564,1766201951.306034
0.28204721212387085,3.613370180130005,0.4974716603755951,0.011908497457990087,-0.0010961703869769267,-1.6045653603293568,1766201951.316015
0.2837063670158386,3.6107373237609863,0.49554774165153503,0.010380296051842302,-0.015239392519275053,-1.605869262051938,1766201951.316038
0.2811610698699951,3.6127448081970215,0.4968297481536865,0.0066991939770595825,-0.006982718397656239,-1.593495892226666,1766201951.3260381
0.28382205963134766,3.610907554626465,0.4953949749469757,0.010309069004615628,-0.015468273889528388,-1.6059278453332027,1766201951.3360105
0.2811891436576843,3.612835168838501,0.4967261850833893,0.006798716456088007,-0.006637504508703691,-1.5936006020293516,1766201951.346091
0.28370895981788635,3.610834836959839,0.49546679854393005,0.010310615798083395,-0.015205581476437203,-1.6061703773334246,1766201951.3560297
0.2818644642829895,3.6120991706848145,0.4969155788421631,0.008816965839072642,-0.007004247907963668,-1.5973420554661089,1766201951.3660643
0.2811028063297272,3.6128458976745605,0.4968028962612152,0.006667971020918957,-0.0067058919635525705,-1.5935140686489937,1766201951.3760939
0.2836684584617615,3.6107189655303955,0.49547845125198364,0.010172416766052258,-0.015480241565425695,-1.6056981045368792,1766201951.3761437
0.2819173336029053,3.61191463470459,0.49695974588394165,0.00896279907664325,-0.0073847930445360465,-1.5976515841411594,1766201951.3861187
0.28192487359046936,3.6120553016662598,0.4969218969345093,0.009020522580651185,-0.006959802815862936,-1.597759622726691,1766201951.3961024
0.2812037467956543,3.612865686416626,0.4970073103904724,0.00725529955081503,-0.006548762175808479,-1.593727417093384,1766201951.4061534
0.28381824493408203,3.610880136489868,0.49538275599479675,0.010349488023757474,-0.015421114757380495,-1.6060019362749554,1766201951.4161308
0.2813267707824707,3.6127638816833496,0.4968564808368683,0.007195602785842152,-0.006569505471040142,-1.594225760823909,1766201951.4161813
0.2837466597557068,3.610675573348999,0.49555179476737976,0.010151401174377407,-0.015557457959128138,-1.605348287482332,1766201951.426074
0.28135913610458374,3.6126694679260254,0.4968852996826172,0.007189192155019022,-0.006871532552093759,-1.5943503393663419,1766201951.4361277
0.283900648355484,3.611036777496338,0.4953852891921997,0.010344973548815242,-0.015443675384221062,-1.605945615661986,1766201951.4461055
0.2823448181152344,3.613107204437256,0.4971047043800354,0.011692399584171237,-0.0017621167062996104,-1.6050201638945791,1766201951.4561434
0.28195780515670776,3.6119496822357178,0.49696671962738037,0.009244388872128613,-0.007045909327525891,-1.5980987888685443,1766201951.4661596
0.28127163648605347,3.6127021312713623,0.4967637062072754,0.00687814464062163,-0.006938460404967405,-1.593961623301616,1766201951.4662569
0.283708781003952,3.6107635498046875,0.4955190420150757,0.010401531283193748,-0.015256181059930866,-1.6059760849977769,1766201951.4760706
0.2811726927757263,3.6127638816833496,0.4967156946659088,0.0064388300620439425,-0.007063823660424053,-1.5932392187072415,1766201951.4861407
0.28369730710983276,3.6107876300811768,0.4955095052719116,0.01056264816679425,-0.01504982478253201,-1.6062292248829713,1766201951.4961624
0.2820025384426117,3.612060070037842,0.49689388275146484,0.008908160321427792,-0.007064984604739002,-1.5975283746636086,1766201951.5060759
0.28125736117362976,3.612840175628662,0.49673813581466675,0.0067950788348737365,-0.0067066907107768406,-1.5935852305637748,1766201951.5161223
0.2836771309375763,3.610717535018921,0.49553927779197693,0.010420541557079067,-0.015271129707884773,-1.605801366178733,1766201951.5162227
0.2819714844226837,3.611928701400757,0.4970312714576721,0.009315509884090035,-0.007145370751682868,-1.5978149050732033,1766201951.5260146
0.28202614188194275,3.612006425857544,0.4970216751098633,0.009203581037111327,-0.007006918277386455,-1.5980324514987192,1766201951.5360403
0.28119492530822754,3.612793445587158,0.49685224890708923,0.0066582432445388435,-0.006866203064179749,-1.5931301687431243,1766201951.5461164
0.2837703227996826,3.610807418823242,0.49548548460006714,0.01032153075066113,-0.015367987780355656,-1.6059593634697453,1766201951.5561314
0.28116151690483093,3.6127219200134277,0.4967840909957886,0.006473401075930119,-0.007192215871282736,-1.5930323855986048,1766201951.5660903
0.28371551632881165,3.610671043395996,0.49559104442596436,0.010124494480757123,-0.015497898190318498,-1.6054145389113388,1766201951.5661855
0.2819116413593292,3.6120142936706543,0.4969022572040558,0.008942846195882205,-0.007110517168424395,-1.5976765704299964,1766201951.57611
0.2819165289402008,3.6119871139526367,0.4969566762447357,0.00906774346729395,-0.006953553061615593,-1.5978246759300814,1766201951.5860577
0.28194448351860046,3.612036943435669,0.49693477153778076,0.0092491134363908,-0.0068776183682009665,-1.5979770439834444,1766201951.596013
0.28190329670906067,3.611968517303467,0.49700114130973816,0.009271974134373931,-0.006997479056854981,-1.597956862740072,1766201951.6061177
0.2819821834564209,3.612008571624756,0.4969792366027832,0.009253647791988973,-0.006840116284959981,-1.598249604744192,1766201951.6161244
0.2819767892360687,3.611971378326416,0.49695882201194763,0.009141059246262033,-0.006790023428654093,-1.598263229467828,1766201951.616221
0.2811121344566345,3.6127820014953613,0.49681222438812256,0.006454988452903029,-0.007016950542855823,-1.593159629235126,1766201951.626056
0.2838158905506134,3.6109094619750977,0.4954020380973816,0.010274401684644687,-0.015470273605182397,-1.6058823933157556,1766201951.6361194
0.28197476267814636,3.611978769302368,0.497010737657547,0.00922265806509749,-0.006999911927373264,-1.5978432277659995,1766201951.6461263
0.28103649616241455,3.6129343509674072,0.4967547059059143,0.005988801429992085,-0.006881722142539568,-1.5924702715036922,1766201951.6561127
0.28391191363334656,3.6111083030700684,0.49532797932624817,0.010316791277468306,-0.015402505607754795,-1.605884811443703,1766201951.6661105
0.2820122539997101,3.6119613647460938,0.4969906210899353,0.009150824204403706,-0.007114099487418353,-1.597849064056596,1766201951.6761162
0.281080961227417,3.612967014312744,0.49674543738365173,0.006477861279789612,-0.006473425874721491,-1.592848634059014,1766201951.6861117
0.28388944268226624,3.6111021041870117,0.4953601360321045,0.01036539232025313,-0.01532399160641579,-1.6060879602492064,1766201951.6862466
0.2811681032180786,3.612870454788208,0.49679654836654663,0.006852760560453192,-0.0065296240673757,-1.5936650663387633,1766201951.69604
0.28201863169670105,3.6118955612182617,0.49695920944213867,0.009549995496104503,-0.006954533767335368,-1.598648088365721,1766201951.7061024
0.28193801641464233,3.612042188644409,0.49687519669532776,0.008854957482003822,-0.006817461378192094,-1.5979341725289085,1766201951.7161229
0.28193700313568115,3.6121325492858887,0.4969342350959778,0.009188269393802488,-0.006535226648786614,-1.5981569987956978,1766201951.7162187
0.28197693824768066,3.6120381355285645,0.49696576595306396,0.009399577159259116,-0.006631558929562928,-1.5982449092917619,1766201951.7260656
0.2819986343383789,3.61202073097229,0.4970667064189911,0.00960151953556967,-0.006544179670202454,-1.598624364114634,1766201951.736055
0.2812492251396179,3.6128344535827637,0.49685120582580566,0.006957282861930058,-0.006708433860393739,-1.593809435355044,1766201951.7461045
0.28370043635368347,3.6106791496276855,0.4955293834209442,0.01013288843885096,-0.015549629668039449,-1.6054123462630132,1766201951.756109
0.2811361849308014,3.612870216369629,0.4967583417892456,0.00645399745279256,-0.0068676637491360834,-1.5931606555616356,1766201951.76612
0.28365716338157654,3.6107282638549805,0.4955495297908783,0.010171774987302195,-0.015404673290235918,-1.6056708951248866,1766201951.7662156
0.2813323736190796,3.612722158432007,0.4969120919704437,0.007226245498678944,-0.006643700742721943,-1.594309930523704,1766201951.776122
0.2843969762325287,3.613403797149658,0.4947546124458313,0.014523260942551767,-0.010989851355103428,-1.6133007809153774,1766201951.7861135
0.28134310245513916,3.6126911640167236,0.4967925250530243,0.007019109006896294,-0.006931949165729058,-1.594235903338705,1766201951.7961276
0.28369247913360596,3.610677480697632,0.49558886885643005,0.010156113588439,-0.015410455209925494,-1.6055622959351872,1766201951.8061275
0.2819269895553589,3.612079620361328,0.49694013595581055,0.008952690028174757,-0.006877574357005584,-1.5975841679319365,1766201951.81607
0.2810709476470947,3.6129913330078125,0.49668219685554504,0.006209524063084304,-0.006615184224559641,-1.5927425733276195,1766201951.8161678
0.2836804687976837,3.610700845718384,0.49559998512268066,0.0103933106734243,-0.015114789407184765,-1.6058402847678166,1766201951.8261218
0.2819236218929291,3.612086534500122,0.4969419240951538,0.009085598506202948,-0.0067910553809143286,-1.5977358124549017,1766201951.836009
0.2820059657096863,3.6121490001678467,0.49694013595581055,0.009425629859435463,-0.006447928644649038,-1.5983398065581682,1766201951.8460903
0.2819019556045532,3.612015962600708,0.49693673849105835,0.008893528046041403,-0.007150371741896745,-1.5975593900992617,1766201951.856125
0.2811300754547119,3.6128885746002197,0.49675995111465454,0.006496342393606373,-0.006722222672824355,-1.5932537286841844,1766201951.8661318
0.2836781144142151,3.6107001304626465,0.49559324979782104,0.010433931485389137,-0.015209950132428743,-1.6058432973311279,1766201951.8662279
0.28117287158966064,3.612687349319458,0.49678656458854675,0.006344259640155188,-0.007320029641657985,-1.5931935087254607,1766201951.8759813
0.2819914221763611,3.6119894981384277,0.4969537556171417,0.00886777496811606,-0.007107279140699033,-1.5977704507096964,1766201951.8861265
0.28119635581970215,3.6128931045532227,0.49682557582855225,0.006651981358573222,-0.006634307285017811,-1.5932643298244158,1766201951.8961055
0.28386715054512024,3.61104154586792,0.495402455329895,0.010625170039395011,-0.015241840725077187,-1.606466732708448,1766201951.9061053
0.2818484306335449,3.613379955291748,0.49746185541152954,0.011216423528775887,-0.0012828522477074495,-1.604047811047048,1766201951.9161196
0.28363266587257385,3.6106672286987305,0.49567368626594543,0.010203125044680439,-0.015196636033725655,-1.6056949200705992,1766201951.9261272
0.2819299101829529,3.6120073795318604,0.49698200821876526,0.009191638757292571,-0.006964507314245396,-1.597746679765629,1766201951.9262228
0.2811513841152191,3.6127474308013916,0.4968140125274658,0.006908610646057142,-0.006992921630338317,-1.593587964005717,1766201951.9361255
0.2837545573711395,3.610809564590454,0.49549251794815063,0.01030749607240689,-0.01549390939798355,-1.605899134121687,1766201951.946131
0.28118351101875305,3.6128430366516113,0.49673783779144287,0.006665493908127402,-0.006723169306791407,-1.593318121594829,1766201951.9561105
0.28369656205177307,3.6106812953948975,0.49559950828552246,0.010313096354980544,-0.015518280583195153,-1.60585369497989,1766201951.9661238
0.2820054888725281,3.6119086742401123,0.49693062901496887,0.009297959028431294,-0.00721416790166034,-1.5983272222066893,1766201951.976115
0.2823260724544525,3.6129982471466064,0.4970094561576843,0.011400487854428504,-0.002306416724622576,-1.60482419557831,1766201951.9762058
0.28197944164276123,3.611751079559326,0.49686431884765625,0.009101481947870716,-0.007448552720096188,-1.5981770130813464,1766201951.9861295
0.2812408208847046,3.6125612258911133,0.4968167543411255,0.006960065425735776,-0.007165669839608319,-1.5938763028628333,1766201951.996044
0.2837115228176117,3.6103763580322266,0.49553030729293823,0.010467131866684569,-0.01585755303502469,-1.6060592384518897,1766201952.006127
0.2812867760658264,3.6124160289764404,0.49683547019958496,0.007122884356552083,-0.007402170990215586,-1.5939917186218826,1766201952.0161169
0.28388798236846924,3.6102685928344727,0.4953911304473877,0.010561117904634949,-0.016335214311452465,-1.6060271748421429,1766201952.0162108
0.2812805771827698,3.612111806869507,0.4967358708381653,0.00699270709984379,-0.007673765359287624,-1.5940881289916593,1766201952.0261328
0.2835944890975952,3.6096010208129883,0.495721697807312,0.010421981941990385,-0.015859775196727235,-1.6060156378000212,1766201952.0361166
0.2819453477859497,3.6109631061553955,0.4968140721321106,0.008962617347677655,-0.007819080463702052,-1.598326458102164,1766201952.0461175
0.28190457820892334,3.6107115745544434,0.4968731999397278,0.009346537967772961,-0.007589996587671382,-1.5986870424614346,1766201952.0561113
0.2819937467575073,3.6099181175231934,0.4967053532600403,0.009093537067736248,-0.00838064501117004,-1.5984515485164812,1766201952.066056
0.28190696239471436,3.6100971698760986,0.49672967195510864,0.009087715981586076,-0.0076560642173645966,-1.5984873914237432,1766201952.066149
0.2819916605949402,3.6097147464752197,0.4967775344848633,0.009534947987730993,-0.007314847798634122,-1.5992001064589825,1766201952.076118
0.2819898724555969,3.6089415550231934,0.4967425465583801,0.009153643866301053,-0.008261268124078708,-1.5980196171132903,1766201952.0960917
0.28197723627090454,3.608642101287842,0.49680429697036743,0.009114667342506792,-0.007951318705440025,-1.5985042014474247,1766201952.0961885
0.28200122714042664,3.607762336730957,0.4967924654483795,0.009165943560301384,-0.00876876889704739,-1.59768869086048,1766201952.1061282
0.28204572200775146,3.607222557067871,0.49686941504478455,0.009295920187476867,-0.008506828779709288,-1.598427459171419,1766201952.1161067
0.28209418058395386,3.606741189956665,0.4967615604400635,0.009127287820996552,-0.008294554290572444,-1.598269956743727,1766201952.1162002
0.28200939297676086,3.6059820652008057,0.4968230724334717,0.00895907501882543,-0.008489744327589125,-1.597268448189687,1766201952.1260405
0.28204643726348877,3.6052167415618896,0.4968128204345703,0.008878696843770687,-0.008099450634751667,-1.5973298263357836,1766201952.1360428
0.28232643008232117,3.6046464443206787,0.49639326333999634,0.007979415802670297,-0.009163359957520944,-1.5962914149296679,1766201952.1461182
0.28246787190437317,3.603206157684326,0.49700677394866943,0.009293169001005892,-0.008088750894887288,-1.598359217779233,1766201952.1560957
0.28231605887413025,3.6028072834014893,0.4970395565032959,0.00912821492790975,-0.007285904447585795,-1.5978229666554704,1766201952.1661057
0.2822851836681366,3.601815938949585,0.4971162676811218,0.009015948047186204,-0.007050650848560572,-1.5972679455118617,1766201952.1760995
0.2823446989059448,3.6006243228912354,0.49691516160964966,0.009205453372419185,-0.007135234791032065,-1.596579595124196,1766201952.17619
0.2823512554168701,3.600001811981201,0.49701830744743347,0.009144809890084772,-0.00674945560857635,-1.5963482094342711,1766201952.1860933
0.2825792729854584,3.598597526550293,0.49709993600845337,0.009228666500935186,-0.007033591295741738,-1.5968720714412101,1766201952.1960368
0.28233158588409424,3.5975184440612793,0.4970811605453491,0.008942373237772527,-0.007281465821739291,-1.5950873318052572,1766201952.206012
0.2816343307495117,3.5974929332733154,0.49615105986595154,0.005409582086123937,-0.008271904078050233,-1.5898517259574596,1766201952.216093
0.2843044698238373,3.5966408252716064,0.49518877267837524,0.014652924775987132,-0.011774880243448006,-1.6117460869256879,1766201952.2161424
0.2843329608440399,3.5953407287597656,0.4951518774032593,0.015080467310425909,-0.01184499993414914,-1.610922834536683,1766201952.226102
0.28438863158226013,3.593972682952881,0.4952555298805237,0.015137452494114228,-0.011918100491902402,-1.6098856696350563,1766201952.2361133
0.2850695848464966,3.591495990753174,0.49452781677246094,0.016688787732781703,-0.012833507800856547,-1.6051089802256238,1766201952.2461035
0.2849963307380676,3.580004930496216,0.4997054934501648,-0.002346284539203124,-0.03291865416541629,-1.5634518869851626,1766201952.2561002
0.28224825859069824,3.585756301879883,0.4966736137866974,0.00498000182246999,-0.0179007033476651,-1.577837255928689,1766201952.266118
0.28218144178390503,3.586219072341919,0.4971701502799988,0.009500443285626029,-0.007224241094090129,-1.587645879102381,1766201952.2661676
0.2837543189525604,3.5839321613311768,0.4960922598838806,0.010869996349931918,-0.016313048006012527,-1.5945980812275706,1766201952.2760417
0.28383105993270874,3.5823922157287598,0.49607545137405396,0.01161182525941417,-0.01615572668916926,-1.5933665200670948,1766201952.2860835
0.2840988039970398,3.580073356628418,0.49587196111679077,0.013104875144371038,-0.01605388626417273,-1.5910383479776,1766201952.2960432
0.28332772850990295,3.578359603881836,0.49623146653175354,0.010647696695185538,-0.016213453136479327,-1.5900951377764765,1766201952.306077
0.2838822603225708,3.577977418899536,0.4947310984134674,0.015986466863093587,-0.012036665313479493,-1.594557203176458,1766201952.3161058
0.28289735317230225,3.5763192176818848,0.49578335881233215,0.013256697901484569,-0.012717876304597205,-1.5940545433047166,1766201952.3161561
0.2828007936477661,3.5718867778778076,0.4964427947998047,0.009703769572530541,-0.01683548512047018,-1.5832489439080302,1766201952.326126
0.28244227170944214,3.5662612915039062,0.49693551659584045,0.005716315266732842,-0.023211776891726824,-1.5673920517323514,1766201952.336123
0.2827203869819641,3.567936420440674,0.4965248703956604,0.01044497654406931,-0.01625670905443156,-1.581126218211602,1766201952.3460972
0.28369858860969543,3.5703773498535156,0.4968082308769226,0.011936203620634559,-0.013005260970544056,-1.5947723714603197,1766201952.3561053
0.2840532958507538,3.5672502517700195,0.4969797134399414,0.011448096149885142,-0.011285506856898133,-1.588687747309327,1766201952.3661401
0.2825664281845093,3.5612215995788574,0.4966249167919159,0.010549859576989725,-0.016401067281996334,-1.575627207311747,1766201952.3661904
0.28234076499938965,3.5583901405334473,0.496567040681839,0.010182005048867003,-0.016437765249753204,-1.5735951575982043,1766201952.3760421
0.28229185938835144,3.556027412414551,0.49655789136886597,0.01034366080865243,-0.016117845483900616,-1.5725721303937534,1766201952.3861322
0.28225621581077576,3.5534536838531494,0.49665141105651855,0.010116007506692865,-0.01607120733698111,-1.5702842474044196,1766201952.3961198
0.28321588039398193,3.55314302444458,0.49530845880508423,0.01632201751301402,-0.011801723557040839,-1.5755655376374562,1766201952.4059958
0.2832391560077667,3.550584316253662,0.4953609108924866,0.0169794269196161,-0.011422123279269376,-1.5742700316598555,1766201952.4161232
0.28289681673049927,3.5494155883789062,0.49741148948669434,0.011173312899668,-0.013380181243685944,-1.5788649752617276,1766201952.4261336
0.2820826768875122,3.542680025100708,0.49675866961479187,0.010991410291668715,-0.01582942600200464,-1.5640462679507974,1766201952.4261832
0.28197377920150757,3.5396435260772705,0.4968625605106354,0.010368649357809968,-0.015735837629821375,-1.5622626843326648,1766201952.436057
0.2817218005657196,3.5324344635009766,0.49737548828125,0.005315321455809107,-0.022946407762562397,-1.5439831600357075,1766201952.4461138
0.2830292582511902,3.535461664199829,0.49568498134613037,0.015911620958123738,-0.011686340630626511,-1.5642617145757847,1766201952.4560864
0.2821648418903351,3.5303795337677,0.49694037437438965,0.01007196496997795,-0.015552534960277925,-1.556510602445914,1766201952.4661324
0.28228700160980225,3.5269429683685303,0.49724775552749634,0.010153023284292054,-0.015440263973965149,-1.5547927221558775,1766201952.4661803
0.28279656171798706,3.526102304458618,0.4965278208255768,0.014391090019059265,-0.010483562757188416,-1.5602237336205316,1766201952.4759839
0.28333979845046997,3.522578239440918,0.4959796071052551,0.01570574436248695,-0.010236076820240848,-1.558281333179939,1766201952.4860728
0.28236910700798035,3.516671895980835,0.49722611904144287,0.00922384278301311,-0.014805841436770268,-1.549417805265512,1766201952.4960968
0.28311973810195923,3.5136783123016357,0.49630770087242126,0.013006831896114577,-0.013010962505301949,-1.5498050594450659,1766201952.5061162
0.2826058268547058,3.5120320320129395,0.49671533703804016,0.013422009612022614,-0.010458406606408092,-1.5552453270418125,1766201952.5161002
0.28425583243370056,3.491767406463623,0.5032975673675537,-0.01338157209475099,-0.041042457472708946,-1.487782399911733,1766201952.51615
0.2838996946811676,3.490657091140747,0.5022599697113037,-0.01001306081700931,-0.03620882188920393,-1.4963191387741093,1766201952.5260797
0.283504843711853,3.499703884124756,0.49625736474990845,0.013740679179338888,-0.01144942712846087,-1.5460781205914689,1766201952.5360107
0.28404584527015686,3.485960006713867,0.5014429092407227,-0.005679249041185509,-0.0311286636015287,-1.5048202487818911,1766201952.5461173
0.2846599817276001,3.478224515914917,0.5027993321418762,-0.01125402107359552,-0.03812942989983293,-1.4882468029822222,1766201952.556096
0.2847398817539215,3.4744887351989746,0.5027962923049927,-0.011555679852692858,-0.037929278871523725,-1.4873127339843046,1766201952.5660937
0.28472384810447693,3.47176194190979,0.5023682117462158,-0.009947691326957766,-0.03579875452628099,-1.4910100766182428,1766201952.566143
0.2848937511444092,3.468355655670166,0.5021821856498718,-0.008763510268651098,-0.03490158832300969,-1.4921248988844442,1766201952.5760908
0.285286009311676,3.4632177352905273,0.5027931928634644,-0.010038957632252418,-0.037008160446371036,-1.4869725261461209,1766201952.5861254
0.285464346408844,3.4591023921966553,0.5028600096702576,-0.010930217238874725,-0.03697488068620078,-1.485660750404033,1766201952.596091
0.28495943546295166,3.4563395977020264,0.5019052028656006,-0.010753553709212866,-0.03580709355056706,-1.4871730081163965,1766201952.6061158
0.2860911786556244,3.449491024017334,0.5034098029136658,-0.012589359345249792,-0.0390797322338411,-1.4792154015526005,1766201952.6161177
0.2860953211784363,3.4468271732330322,0.5029612183570862,-0.010091613009199125,-0.03602046973673144,-1.4848255723511794,1766201952.6161673
0.2862957715988159,3.4426944255828857,0.5029520392417908,-0.010475844003824874,-0.03558207996906551,-1.484588715766176,1766201952.626156
0.28686052560806274,3.4366672039031982,0.5034270286560059,-0.012471877834648235,-0.03798855400313449,-1.47764789011615,1766201952.6360419
0.28704366087913513,3.4335174560546875,0.5031343102455139,-0.010464209127822149,-0.0354409976946613,-1.4819157487544519,1766201952.646113
0.286973774433136,3.431659460067749,0.5020998120307922,-0.006870502856600097,-0.030076292056783593,-1.4912268777031468,1766201952.6561007
0.28647804260253906,3.4364943504333496,0.49823620915412903,0.0083977641612272,-0.012400707557574246,-1.527454777403405,1766201952.6660395
0.2868506908416748,3.431607484817505,0.49852073192596436,0.008077613674795472,-0.0124787783487269,-1.5260372835308933,1766201952.666087
0.2875485420227051,3.4288339614868164,0.49823111295700073,0.01168796355807247,-0.009070955471507013,-1.5319334046590156,1766201952.6760335
0.2885284721851349,3.424372434616089,0.49723851680755615,0.014563923118377257,-0.007656786530530748,-1.5319172640843015,1766201952.6860416
0.2880208492279053,3.4167232513427734,0.498757541179657,0.007618743758505341,-0.012767689160149276,-1.5227383165247266,1766201952.6960824
0.28843170404434204,3.411919593811035,0.49883416295051575,0.007345372231734712,-0.012633627441219807,-1.5224129261545685,1766201952.706132
0.28870630264282227,3.4066195487976074,0.49858325719833374,0.007569287676838878,-0.012927995337141425,-1.5206559301084928,1766201952.7160945
0.29012104868888855,3.4041640758514404,0.49764880537986755,0.012667806621651958,-0.008755211360856944,-1.5271770669969729,1766201952.7161446
0.29057759046554565,3.399146318435669,0.4977038502693176,0.013134777042261996,-0.008557117097202674,-1.5267596361955207,1766201952.72609
0.29003363847732544,3.392038345336914,0.4989345669746399,0.006692313943661846,-0.012609321545250445,-1.5196409084851412,1766201952.7360651
0.2904115915298462,3.386530876159668,0.49939483404159546,0.006954002826456476,-0.01209847793041501,-1.5189043570766891,1766201952.7460687
0.2919999659061432,3.383955478668213,0.4977317452430725,0.013933469878122936,-0.007578332996751847,-1.5255957417635904,1766201952.7560897
0.29132354259490967,3.3759713172912598,0.49926143884658813,0.006934557912243498,-0.012475552646310867,-1.517592967949583,1766201952.7661207
0.291629433631897,3.370398998260498,0.4995284080505371,0.006667178819223808,-0.011719875094215928,-1.5162773171182733,1766201952.7661705
0.29332971572875977,3.367846965789795,0.4978333115577698,0.013988176416355554,-0.0070507075148427065,-1.5237797777348379,1766201952.7759783
0.2937174439430237,3.3621480464935303,0.49809807538986206,0.0134157049578902,-0.0072730044325636746,-1.5219298426646448,1766201952.7860143
0.29286807775497437,3.3538622856140137,0.49988842010498047,0.00689321378808566,-0.010471574672317348,-1.5142970194119192,1766201952.7960858
0.29340118169784546,3.3484950065612793,0.49972012639045715,0.006353845329777934,-0.011629164411189434,-1.514306257209502,1766201952.8061016
0.2943827211856842,3.344921112060547,0.4990944266319275,0.010265418762496167,-0.007779740513366156,-1.5189179194034022,1766201952.8160932
0.29476428031921387,3.3392653465270996,0.49912330508232117,0.010602426060223727,-0.007472214677063107,-1.5189829398562935,1766201952.816142
0.29490262269973755,3.331371545791626,0.4998472332954407,0.007114420238951892,-0.010944050417508011,-1.5124910478287472,1766201952.836069
0.29572412371635437,3.3277833461761475,0.4995093047618866,0.010717020234733591,-0.0075640449379832005,-1.5180491827088896,1766201952.836117
0.29587581753730774,3.3199868202209473,0.49996116757392883,0.007121624561935201,-0.010748823119967008,-1.511394950344503,1766201952.8460906
0.2962269186973572,3.313774824142456,0.500217854976654,0.007428104835024544,-0.0106409702640085,-1.5110607020298183,1766201952.8560846
0.2945353388786316,3.3089535236358643,0.5009656548500061,0.0035630740001797814,-0.0031236335701397564,-1.5001388458051683,1766201952.8661163
0.2947087287902832,3.3034393787384033,0.5000724792480469,0.0006034240161508785,-0.004926540654088526,-1.4965510842076393,1766201952.8661664
0.29511699080467224,3.297539710998535,0.500108003616333,0.0006342801066593901,-0.004438591701712811,-1.4961385603902626,1766201952.8760357
0.29543447494506836,3.2912535667419434,0.5003240704536438,0.0003774536685343849,-0.0036520791545484196,-1.4944842315688744,1766201952.8860567
0.2966586947441101,3.2851881980895996,0.49949851632118225,0.0008199871543839646,-0.006004025807820816,-1.4969101071710698,1766201952.8960865
0.2965554893016815,3.2790117263793945,0.5003764629364014,0.0013337577822430265,-0.003022708512642235,-1.494242216261802,1766201952.90612
0.29902076721191406,3.273108959197998,0.5019202828407288,0.00887997927773327,0.002262316059971965,-1.5058348290474757,1766201952.916117
0.2997179925441742,3.2666385173797607,0.5016012191772461,0.00896569320166725,0.001337958543777915,-1.5065501152569687,1766201952.916168
0.2987632751464844,3.2596659660339355,0.5010113716125488,0.0035519129577748143,-0.0036979069950795304,-1.4972827492913898,1766201952.9261167
0.2993334233760834,3.2531895637512207,0.5013035535812378,0.0037586673303814876,-0.002637520590102842,-1.4973404905452974,1766201952.9361014
0.30143997073173523,3.2478413581848145,0.5020068883895874,0.008322530846503643,0.0014224061409849355,-1.507086924577859,1766201952.9461014
0.3021278381347656,3.2410497665405273,0.5023905634880066,0.008514116825623941,0.0017785897250581235,-1.5069018832394583,1766201952.9561403
0.30119776725769043,3.2340776920318604,0.5015472173690796,0.0029388157420191592,-0.0029120189384944945,-1.4960747419080758,1766201952.966115
0.3036286234855652,3.2284021377563477,0.5021530389785767,0.008370399410482617,0.0008995863789750969,-1.506843996287116,1766201952.9661696
0.30260318517684937,3.221468448638916,0.5009141564369202,0.0014049776760932178,-0.004704282201148304,-1.495848644221523,1766201952.9760656
0.301920086145401,3.2152771949768066,0.5024304389953613,0.006341461544813444,-0.002784196299372035,-1.4942987851061988,1766201952.9860594
0.30239686369895935,3.2090864181518555,0.5020822286605835,0.0036701725801085365,-0.003590171046323975,-1.4916592980592962,1766201952.996117
0.30350083112716675,3.201148271560669,0.5024372339248657,0.005031132151534947,-0.004533921002451399,-1.4950281866115547,1766201953.0061343
0.30180615186691284,3.1891815662384033,0.5021075010299683,0.003316558746783579,-0.019559790703368055,-1.5321375179432009,1766201953.0161028
0.306544691324234,3.1881191730499268,0.500701367855072,6.738258421055225e-05,-0.007203142017797611,-1.4990892896586925,1766201953.0161533
0.30746832489967346,3.18204665184021,0.5010075569152832,0.0028051736577763054,-0.008886972531498161,-1.5014253833823585,1766201953.0261123
0.3082813024520874,3.1740238666534424,0.5009374618530273,-0.0020385261837458563,-0.006874611440214887,-1.4982879014234962,1766201953.036095
0.3075898289680481,3.167410135269165,0.502713143825531,0.004119692985846052,-0.0043905270497756645,-1.4973171051975236,1766201953.0461125
0.3080769181251526,3.160146474838257,0.5024301409721375,0.002642718350761656,-0.005972469013301989,-1.4961256871517992,1766201953.0560763
0.30866894125938416,3.1533071994781494,0.5025959014892578,0.003162043681044818,-0.006121665167653565,-1.4966363302439758,1766201953.0661
0.310005247592926,3.146437168121338,0.5028185248374939,0.004275458769729041,-0.0046650797663679066,-1.4998253650208868,1766201953.06615
0.31211790442466736,3.140434741973877,0.5012827515602112,0.0004908341260117697,-0.0069976712839556416,-1.5035202595470936,1766201953.0759797
0.31394878029823303,3.1320858001708984,0.5014761090278625,0.00032768559766609384,-0.006151511084132796,-1.5062074755808534,1766201953.086124
0.312416672706604,3.124845027923584,0.5031350255012512,0.00451558274925513,-0.004089056561806805,-1.5025513603687428,1766201953.0961034
0.3129434883594513,3.1178009510040283,0.5032220482826233,0.004397553140235005,-0.004862464171421649,-1.5019873273901958,1766201953.1060915
0.31388360261917114,3.1104254722595215,0.5031715035438538,0.0036322889611498394,-0.0047406353706206435,-1.502021325144141,1766201953.1161168
0.3145957291126251,3.103242874145508,0.5030533075332642,0.0035458545378371465,-0.004389302862267786,-1.502445115912811,1766201953.1161654
0.31259027123451233,3.0901081562042236,0.503272294998169,0.003069335236471021,-0.019465356943281765,-1.5416034176474926,1766201953.1260993
0.3172917366027832,3.0873045921325684,0.501693069934845,-0.0037327590612760008,-0.006978233199692138,-1.503088668447248,1766201953.136032
0.3222437798976898,3.0816447734832764,0.5011664032936096,0.014787396551263671,-0.005170548346887704,-1.5251045619027648,1766201953.1461136
0.32285717129707336,3.0738637447357178,0.5012880563735962,0.01419217883842335,-0.005386056233899112,-1.5247133148479588,1766201953.1560977
0.3183513879776001,3.0650222301483154,0.5032895803451538,0.0015030920704231742,-0.0071189226682193164,-1.5036303837136085,1766201953.1661198
0.3187037706375122,3.057126760482788,0.5035831928253174,0.0030104620243326333,-0.006473654526613501,-1.503501537899991,1766201953.16617
0.31977981328964233,3.049621105194092,0.5038380026817322,0.003948561350407553,-0.004632813391974401,-1.5047425553157334,1766201953.176007
0.32066982984542847,3.041990041732788,0.5037978291511536,0.003488824921369074,-0.0042258045913682535,-1.504467321821186,1766201953.1860085
0.3231853246688843,3.03348708152771,0.5023595690727234,-0.0022733943410461863,-0.006695383530916027,-1.5077902818971791,1766201953.196102
0.32303160429000854,3.0254974365234375,0.502724289894104,-0.003580130746458118,-0.007347868344850916,-1.5051698760665315,1766201953.206115
0.32482895255088806,3.017526626586914,0.5024393796920776,-0.0033037373571852377,-0.007522532088682667,-1.5075321523688239,1766201953.2160947
0.3244577646255493,3.010171413421631,0.5038048028945923,0.0017473190332834949,-0.006209267339838138,-1.5066520215095325,1766201953.2261841
0.3262307047843933,3.0007073879241943,0.5026450157165527,-0.00543387328495239,-0.009026709090621483,-1.5051772886318935,1766201953.2262266
0.32695990800857544,2.992828607559204,0.5027357935905457,-0.006426048131629336,-0.008292361702218814,-1.5048455746293217,1766201953.235991
0.32855188846588135,2.9868462085723877,0.5030514597892761,0.0014244000025566484,-0.005317264217370401,-1.5171493906450613,1766201953.245977
0.33319467306137085,2.9786295890808105,0.5021177530288696,0.013021253351807106,-0.005793454806132816,-1.5265322015754659,1766201953.2560403
0.329793781042099,2.9687719345092773,0.5034953355789185,-0.0012678948415573209,-0.0064932723074689995,-1.5083826578433588,1766201953.2659824
0.33151310682296753,2.960334539413452,0.5030378103256226,-0.0019224514189407173,-0.007338368663854972,-1.5103597758026717,1766201953.2660115
0.33099034428596497,2.951305389404297,0.5033971667289734,-0.006243621846522623,-0.007464285802050058,-1.504346033416363,1766201953.276068
0.33172065019607544,2.94317889213562,0.5042519569396973,-0.00013199930817320998,-0.0059816654760082785,-1.5063689422556306,1766201953.2860649
0.3328765630722046,2.934636354446411,0.5038336515426636,-0.001863112020134967,-0.005955753932010412,-1.5061902007388877,1766201953.296077
0.33332595229148865,2.926121473312378,0.504743754863739,2.2184629683431742e-05,-0.006072903381511528,-1.506095302992569,1766201953.3060632
0.33646807074546814,2.9181952476501465,0.5043525695800781,0.004663750667244029,-0.003589968218962918,-1.5166844237805244,1766201953.316084
0.3361026346683502,2.908668279647827,0.5036250948905945,-0.0038434911197818486,-0.006141206184311933,-1.5073360524235795,1766201953.3261073
0.3362589478492737,2.900391101837158,0.5045066475868225,0.0005664995084320821,-0.00489609543831603,-1.5084537569905188,1766201953.326159
0.3385305106639862,2.8922007083892822,0.5039572715759277,0.0034934322021872542,-0.0045804155031973015,-1.5156341281070516,1766201953.3359983
0.33719080686569214,2.8831725120544434,0.504626989364624,-0.0009988051043586623,-0.005022710074969007,-1.5050296373731396,1766201953.3460445
0.3385092616081238,2.874147653579712,0.5044795274734497,-0.00036529661205402756,-0.005181566036723462,-1.5077789122729588,1766201953.3560407
0.33987680077552795,2.8652503490448,0.504115104675293,-0.003715071104055753,-0.005853401159846038,-1.5077902424368725,1766201953.366062
0.33952319622039795,2.856571674346924,0.5054389834403992,0.0005554276521091607,-0.004464922214717044,-1.5060754406881671,1766201953.3661118
0.34105154871940613,2.848181962966919,0.5045865178108215,-0.0014500471854627715,-0.004942628521061652,-1.507577499008804,1766201953.375991
0.3419424891471863,2.838733673095703,0.5053898096084595,-0.002282888669543103,-0.0022810581660685433,-1.5077880957181469,1766201953.386062
0.344373881816864,2.831048011779785,0.506227433681488,0.0025929663358416153,0.0022031446628298316,-1.5179926873462606,1766201953.3959775
0.34409457445144653,2.8218507766723633,0.5059211850166321,-0.0017529353775764432,-0.0010362971975881612,-1.5097527221786202,1766201953.4061248
0.3445204496383667,2.812612771987915,0.5064764022827148,-0.001408139833916955,9.711339183538772e-05,-1.508855984372266,1766201953.4160788
0.3460540473461151,2.8048808574676514,0.5047659277915955,-0.004335122157789808,-0.0051682111197396225,-1.5103677801825552,1766201953.426096
0.346866637468338,2.7964212894439697,0.5047283172607422,-0.005392373337647076,-0.005321559877460195,-1.5096775686051462,1766201953.4261465
0.3477684557437897,2.7875173091888428,0.5049095749855042,-0.005778913698461551,-0.006307138653294294,-1.5110296426813028,1766201953.4360275
0.34871459007263184,2.7793526649475098,0.5048050284385681,-0.0058427322276353505,-0.0059146517486158776,-1.5114935143117383,1766201953.4461093
0.34975963830947876,2.7706172466278076,0.5048909783363342,-0.006241455918533901,-0.006429693036890285,-1.5120919285704097,1766201953.456125
0.3509308993816376,2.7628121376037598,0.504788875579834,-0.005389738381011676,-0.005686473842347679,-1.513310228691994,1766201953.4661264
0.35169392824172974,2.7538483142852783,0.5050094723701477,-0.006339224221844578,-0.006494735433487302,-1.513608066966634,1766201953.4661756
0.3526618778705597,2.7460312843322754,0.5049901604652405,-0.005859962723031876,-0.0051651766158133565,-1.514074189885269,1766201953.4761357
0.3533821702003479,2.7368180751800537,0.5053036212921143,-0.00643963050260306,-0.006540767316517454,-1.5143207469162991,1766201953.4860678
0.3541744351387024,2.7286105155944824,0.5052477121353149,-0.006503651525718744,-0.0059694829278359165,-1.5145509660594632,1766201953.496066
0.3550642132759094,2.719911813735962,0.5054447650909424,-0.006262041386761226,-0.006105788463717245,-1.5148461658760441,1766201953.5061326
0.35588425397872925,2.7117838859558105,0.5055955052375793,-0.006372354791598137,-0.005257569151377624,-1.5142931220130051,1766201953.5161061
0.3566225469112396,2.70330548286438,0.5056445002555847,-0.006620264465463657,-0.005167657117535345,-1.5135959470844322,1766201953.5261467
0.35734042525291443,2.6946537494659424,0.5056397318840027,-0.006836319792466414,-0.004934851604364913,-1.51367089678671,1766201953.5261962
0.3580282926559448,2.685825824737549,0.5059000849723816,-0.0061912647576630965,-0.005239592873511414,-1.5145349356281397,1766201953.536001
0.3581533133983612,2.677832841873169,0.5057762861251831,-0.008291985343423848,-0.004356530616578809,-1.5120709392936438,1766201953.5460997
0.3590044677257538,2.6691722869873047,0.5059027671813965,-0.0073913284833975685,-0.004216110786825322,-1.5126472295191091,1766201953.556104
0.36102256178855896,2.6611270904541016,0.5060442686080933,-0.001744340289775575,-0.002212074079792437,-1.518654727961382,1766201953.5660982
0.3611120283603668,2.652395009994507,0.5060827136039734,-0.004589668252702397,-0.003597355308682313,-1.5138308880708793,1766201953.5661473
0.36111390590667725,2.6437759399414062,0.5059720277786255,-0.007908736749328536,-0.003804047844220678,-1.5093490816285968,1766201953.5760639
0.36180371046066284,2.6351380348205566,0.5061808824539185,-0.007127931576208852,-0.003814457318082661,-1.5098404344930758,1766201953.5861173
0.36242443323135376,2.626511812210083,0.5062446594238281,-0.008505000628296998,-0.0041180484968017725,-1.5076767592205873,1766201953.596075
0.36312466859817505,2.6176764965057373,0.5065294504165649,-0.008113601714731165,-0.0042951709168164605,-1.5078803085601924,1766201953.606051
0.3635425269603729,2.609135627746582,0.506726861000061,-0.00811550734203515,-0.004402097211887799,-1.506520432817317,1766201953.616092
0.3639909625053406,2.600281000137329,0.5067884922027588,-0.009611876669456995,-0.004940109371910874,-1.505241786568683,1766201953.6161408
0.3656232953071594,2.591578960418701,0.506626307964325,-0.00976663704455114,-0.004297132268878873,-1.5043729914911974,1766201953.6260614
0.3702762722969055,2.5839803218841553,0.5060445666313171,0.0068953580036600955,-0.003568946977314924,-1.5215847938448335,1766201953.6360667
0.3711003065109253,2.5752358436584473,0.506036639213562,0.007029479989584209,-0.003214066035489034,-1.5208650430133748,1766201953.6460493
0.36879658699035645,2.565359354019165,0.5066962242126465,-0.006787264400355266,-0.0034817879281351066,-1.505341063610082,1766201953.6561258
0.36881309747695923,2.5565531253814697,0.5068761110305786,-0.008918487290946096,-0.00282788383685584,-1.5015167864608283,1766201953.6661022
0.369497686624527,2.5479233264923096,0.5069323778152466,-0.009413198523290731,-0.002421722734544242,-1.4997302921629323,1766201953.6761057
0.3699796497821808,2.538712978363037,0.5070368051528931,-0.00958986151951671,-0.0027376843545545036,-1.5006496760718355,1766201953.6761565
0.370966374874115,2.5300793647766113,0.5071039199829102,-0.008381730708033443,-0.0022040003760661333,-1.5004307697495918,1766201953.6860704
0.3713555932044983,2.52156138420105,0.5071372389793396,-0.008569904245863985,-0.0013401559983065138,-1.4994368560784606,1766201953.6961048
0.3745461106300354,2.5115885734558105,0.5079732537269592,0.0005128660772740116,-0.00503491323806038,-1.511335651753828,1766201953.7061088
0.376988023519516,2.505223035812378,0.5064369440078735,0.008686117294042946,-6.7927796044585e-05,-1.5173642487109478,1766201953.7161078
0.37610918283462524,2.4942355155944824,0.5069583654403687,0.0020814647527638104,-0.003141634588084406,-1.5091058572717715,1766201953.716159
0.3741041421890259,2.486693859100342,0.5075479745864868,-0.006223392354879528,-0.0011739618601822777,-1.5001876711693827,1766201953.7361093
0.3723898231983185,2.4755067825317383,0.5082346796989441,-0.005443685230338749,-0.005082281198423803,-1.5174312897559739,1766201953.7361588
0.3756088614463806,2.470086097717285,0.5074877142906189,-0.006506622615533627,0.0009381708097481764,-1.497324292330795,1766201953.7461214
0.3759615123271942,2.460512638092041,0.5076679587364197,-0.006541409323990438,-0.0008245724217812597,-1.5005846900725965,1766201953.7561152
0.3780536949634552,2.45212984085083,0.5075269937515259,-0.003182179795267406,-8.814832555670373e-05,-1.504894914199553,1766201953.7661264
0.3820618987083435,2.4444215297698975,0.506976842880249,0.00821341223822194,0.0005259856804486027,-1.5192807134121102,1766201953.766175
0.37848904728889465,2.434921979904175,0.507908284664154,-0.006652916904559283,-9.444543748935741e-05,-1.5030540477845995,1766201953.7760978
0.3816681504249573,2.4269602298736572,0.5074475407600403,0.0004188004816601356,0.0008858366038097999,-1.5156275998734203,1766201953.786074
0.3823300004005432,2.417652130126953,0.5078018307685852,-0.0029371117287066684,0.00043881033481529033,-1.5094880029553988,1766201953.796123
0.38560202717781067,2.4100539684295654,0.5072512030601501,0.007384196875699335,0.0011707079396030432,-1.5211494599884972,1766201953.8061152
0.3848498463630676,2.3997764587402344,0.5084167718887329,0.0005331804356566177,-0.0026154813267015736,-1.5177789692225203,1766201953.8161187
0.3851127624511719,2.390517234802246,0.5078012347221375,-0.0006018959751297263,-0.003912606940945538,-1.517160039202602,1766201953.8261597
0.3845444321632385,2.384188652038574,0.5080636739730835,-0.006342295207067709,0.0007297723040886223,-1.508237311945208,1766201953.836099
0.3855590522289276,2.3759307861328125,0.5079428553581238,-0.0069678868935505725,0.0009603126865737458,-1.5085874196616667,1766201953.8361495
0.3880921006202698,2.367072105407715,0.507962167263031,-0.0036452485678845296,0.00017295671911953588,-1.5140709165390633,1766201953.8461432
0.3896539807319641,2.3578853607177734,0.5086117386817932,0.00012417545407482225,-0.0032893524210122795,-1.5207590587911892,1766201953.8560975
0.39347201585769653,2.3449718952178955,0.510789155960083,0.025673957305079285,-0.015057886929346677,-1.5660206448512397,1766201953.866118
0.39129576086997986,2.3408656120300293,0.5086625814437866,2.935599151139545e-05,-0.003644408213482711,-1.5224123103962321,1766201953.866166
0.3932408094406128,2.3341288566589355,0.5078954696655273,0.004566521476274542,5.5129243481746125e-06,-1.5260728946897446,1766201953.8761177
0.3942386507987976,2.325899839401245,0.5075975656509399,0.005798956887055723,-3.626633477274223e-05,-1.5265261360919087,1766201953.886116
0.3964610993862152,2.3118233680725098,0.5106473565101624,0.02498868514715729,-0.013640527795016238,-1.5637853819646381,1766201953.896096
0.39768165349960327,2.3038411140441895,0.5112319588661194,0.027623496219939366,-0.01331170477007172,-1.5710647556266555,1766201953.9061184
0.39496341347694397,2.29841947555542,0.5087178945541382,0.0001124192452108871,-0.002950342015402173,-1.522125090833044,1766201953.9160943
0.39734041690826416,2.2920806407928467,0.5076988935470581,0.006919089900432417,0.000971155077514295,-1.5273583940360127,1766201953.9161448
0.3972553312778473,2.283287525177002,0.5080998539924622,0.00502884279823566,0.0005232027547150739,-1.5253940914990658,1766201953.926039
0.39534252882003784,2.276289939880371,0.5078881978988647,-0.004222821887254228,0.004827875183268568,-1.5154570712098694,1766201953.9361048
0.4011061191558838,2.2583258152008057,0.5113837122917175,0.02617368691785997,-0.017129169174906936,-1.5600628752304713,1766201953.9461284
0.4008867144584656,2.2523317337036133,0.5104633569717407,0.02262663278662082,-0.01090918543373245,-1.5545842720881315,1766201953.9560916
0.39796704053878784,2.248171329498291,0.5081319212913513,-0.0038842133653092504,0.0009435704261153764,-1.5116121964995322,1766201953.9661357
0.398065984249115,2.2396373748779297,0.5082240700721741,-0.006611531836488755,0.0013875155817231711,-1.507244295321994,1766201953.9661837
0.4035404324531555,2.2257304191589355,0.5110495090484619,0.02718138036606329,-0.013230952162855907,-1.5610078385077106,1766201953.9761245
0.40755414962768555,2.2308549880981445,0.504857063293457,0.05713241492702794,0.017563388682555248,-1.6182964236098025,1766201953.9861221
0.4033862352371216,2.214390754699707,0.5080215930938721,0.007546845088955259,0.001236110758520869,-1.5206307836424147,1766201953.9961169
0.40589654445648193,2.1980297565460205,0.5116274952888489,0.023485802694163876,-0.016626119699550537,-1.5504329752050034,1766201954.0061238
0.40648216009140015,2.1909241676330566,0.510991632938385,0.02675826761795824,-0.013855091983658927,-1.5566766735286037,1766201954.0160952
0.407257080078125,2.1808078289031982,0.5115169882774353,0.023094160830366618,-0.016730444530796168,-1.5485358222488366,1766201954.0161436
0.4073566198348999,2.1818504333496094,0.5071962475776672,0.025680484100351463,-0.04314368221087158,-1.5536290192899278,1766201954.025964
0.408611923456192,2.163882255554199,0.5115819573402405,0.02157482787522115,-0.015644029348756815,-1.5448005514629304,1766201954.0360572
0.4092774987220764,2.1567399501800537,0.5112178921699524,0.0239322878951182,-0.012955520276596367,-1.5511881582551537,1766201954.046121
0.410661518573761,2.1461427211761475,0.5116625428199768,0.02316375460800951,-0.01668160260093263,-1.5464546052336519,1766201954.0560489
0.4110996723175049,2.1388604640960693,0.5113732814788818,0.02377327930101621,-0.013329737794237753,-1.5494389336221055,1766201954.0660546
0.4115893542766571,2.132246971130371,0.5113348960876465,0.020500122331874183,-0.009657904557494103,-1.5451664441843642,1766201954.076115
0.41275453567504883,2.1205453872680664,0.5114836692810059,0.021334147952450755,-0.01511300665179991,-1.540919165400405,1766201954.0761664
0.4137614965438843,2.1141374111175537,0.5113498568534851,0.026220957202375193,-0.010859493211494348,-1.552192327257138,1766201954.086058
0.41420572996139526,2.1044859886169434,0.5113251805305481,0.0246340538178006,-0.012976939876668458,-1.548229168180278,1766201954.0961146
0.4152774214744568,2.095796823501587,0.5113815665245056,0.027141111497061124,-0.013708708569008337,-1.551429568778273,1766201954.1061242
0.4123397767543793,2.0915234088897705,0.5083761811256409,-0.0015470493590992174,-0.0006476682217863749,-1.5037631051891924,1766201954.1160574
0.41640445590019226,2.0796098709106445,0.5109624266624451,0.02358700346137563,-0.011490512629386515,-1.5459024952109581,1766201954.1261015
0.4174586236476898,2.071345567703247,0.5116500854492188,0.024297251912976686,-0.012258940822401605,-1.549217982451673,1766201954.126152
0.4184374213218689,2.060790777206421,0.5116194486618042,0.023571056435329054,-0.015738844413362964,-1.544176312800121,1766201954.1359808
0.4191458523273468,2.052708864212036,0.5116477012634277,0.023560435275508624,-0.014986413986794336,-1.5444083997222051,1766201954.1460679
0.41974592208862305,2.0455610752105713,0.5113970637321472,0.025215503043631304,-0.013021434923646455,-1.5499723375407009,1766201954.156078
0.420328825712204,2.037811756134033,0.5111640095710754,0.024246228309039705,-0.01212727208519476,-1.549361010951519,1766201954.166094
0.4167217016220093,2.033489465713501,0.508639395236969,-0.005985585635360616,0.00014785078626647547,-1.5022589354423412,1766201954.1661606
0.42255666851997375,2.0207152366638184,0.5113281607627869,0.025081881810988676,-0.013204351811627503,-1.552977594736717,1766201954.1760225
0.4239158630371094,2.0127782821655273,0.5119228959083557,0.025573137240256318,-0.01357253103587924,-1.5545930095683882,1766201954.1861136
0.4243813753128052,2.004297971725464,0.5115092396736145,0.023958893583101715,-0.014183612300653793,-1.5536160345964343,1766201954.1961207
0.42215895652770996,1.9980781078338623,0.5078923106193542,-0.0012671095926963956,-0.007191860084889449,-1.5104938650231698,1766201954.2060978
0.42593908309936523,1.9888646602630615,0.5111929178237915,0.0213651462521424,-0.012797005725489278,-1.5509461323559934,1766201954.2161107
0.42703986167907715,1.9811931848526,0.5116903781890869,0.021937309797332945,-0.012759811731944348,-1.555326382049629,1766201954.21616
0.42826610803604126,1.9714049100875854,0.5116989016532898,0.02413018663744592,-0.016057786225628472,-1.5575603296111717,1766201954.226091
0.43398335576057434,1.9923937320709229,0.49937015771865845,0.07685538763383032,0.049804222115220786,-1.6721320206566936,1766201954.2461033
0.4301551580429077,1.95548677444458,0.511594295501709,0.022045281257095248,-0.015358199651355655,-1.5557086274855654,1766201954.2461538
0.43084171414375305,1.9477415084838867,0.5114094614982605,0.021262863156394012,-0.014269300895774864,-1.5557104730209395,1766201954.2560472
0.4318501651287079,1.9379512071609497,0.5120583772659302,0.01891648613226687,-0.017590298819127125,-1.5499173185937627,1766201954.2660751
0.4327940046787262,1.930699348449707,0.511725902557373,0.023096027969302612,-0.016035560639635994,-1.5589946257705078,1766201954.2661448
0.433158814907074,1.9215364456176758,0.512502908706665,0.02152827840403191,-0.01356473944585014,-1.5558500515925475,1766201954.2760634
0.4342857003211975,1.9138907194137573,0.5119421482086182,0.022924272953531964,-0.01588933480881699,-1.5583343614458678,1766201954.2861075
0.43479645252227783,1.9060204029083252,0.5117769241333008,0.022436598720097806,-0.014647430799905315,-1.5575146724285327,1766201954.2961106
0.4321250319480896,1.901473879814148,0.509231686592102,-0.004887143783384988,-0.003218168582626971,-1.5127828196435698,1766201954.3061078
0.4334360361099243,1.8909175395965576,0.5081993937492371,-0.0010370156814305048,-0.008418754763008697,-1.5135046962099425,1766201954.316102
0.43706125020980835,1.8814492225646973,0.5122528076171875,0.021963264005396464,-0.014201968380427567,-1.5557547210587779,1766201954.3161511
0.43809741735458374,1.8718369007110596,0.512065589427948,0.025672490999292787,-0.015653561977727545,-1.5583756503341308,1766201954.326154
0.43833884596824646,1.8636728525161743,0.512619137763977,0.020300257261520873,-0.013597644620636689,-1.5521117416294494,1766201954.3360755
0.43913036584854126,1.8555392026901245,0.5125439763069153,0.02330380108413026,-0.015029541297764367,-1.5563333338496461,1766201954.3461273
0.4395437240600586,1.8454126119613647,0.5124260187149048,0.018360432135010415,-0.01660719630090082,-1.5432549687060724,1766201954.3561013
0.44033288955688477,1.8366477489471436,0.5123576521873474,0.01969769793796999,-0.01767597255809867,-1.544331426652408,1766201954.366105
0.441265732049942,1.8276491165161133,0.5125899314880371,0.020632778480475435,-0.017618922493475114,-1.544602532174812,1766201954.3661544
0.4419204294681549,1.8206229209899902,0.5121226906776428,0.023612508756774106,-0.015136387050802306,-1.5513853086646083,1766201954.3761225
0.44279715418815613,1.8103001117706299,0.5129203200340271,0.02126811483786765,-0.018260058490252272,-1.54409737776844,1766201954.3861082
0.4404377341270447,1.8045625686645508,0.5088615417480469,-0.0014407543199394276,-0.00903438340499184,-1.5048558929682885,1766201954.3961077
0.440713495016098,1.7981247901916504,0.5097430944442749,-0.0036763838737746244,-0.003555378794383959,-1.5034527406562872,1766201954.4061155
0.4415854513645172,1.789517879486084,0.5097160339355469,-0.003291657322047417,-0.00345018731117129,-1.5028332076240367,1766201954.4161246
0.4455895721912384,1.7768635749816895,0.5130923390388489,0.019215322665450306,-0.013556041903036237,-1.5409106872433829,1766201954.4161758
0.44371575117111206,1.7698134183883667,0.5088643431663513,-0.0014953643845029311,-0.00809992404374442,-1.5006782834697612,1766201954.4261088
0.44382283091545105,1.7631020545959473,0.5098839402198792,-0.003996101238870195,-0.003740838379205746,-1.4995376714915356,1766201954.4360547
0.44478529691696167,1.7542266845703125,0.5100674033164978,-0.003971121111804015,-0.0036074866346586525,-1.4990883353763067,1766201954.4461124
0.44888803362846375,1.7418909072875977,0.5126950740814209,0.02264976522301662,-0.014287337112294256,-1.5420384297820244,1766201954.4560955
0.4495449960231781,1.7336138486862183,0.512535035610199,0.022279979739053005,-0.012918235177683408,-1.5412999661148787,1766201954.4661329
0.44996005296707153,1.7249212265014648,0.5126519203186035,0.019280203000623143,-0.013208237632380337,-1.5350873124808475,1766201954.4661818
0.45101696252822876,1.715998649597168,0.5127779245376587,0.021509116577318695,-0.013575610681449248,-1.539329759534397,1766201954.4761007
0.451824814081192,1.7072701454162598,0.5129076838493347,0.02167996315743323,-0.013981656827505224,-1.5384346324682143,1766201954.4860487
0.45248010754585266,1.6992192268371582,0.5126956105232239,0.021337392369423603,-0.011914679926369565,-1.5381111555066853,1766201954.4961257
0.45065826177597046,1.693967580795288,0.5103198885917664,-0.001116201091500635,-0.002006144013377523,-1.500386784312854,1766201954.506137
0.45008325576782227,1.685508131980896,0.5103640556335449,-0.0056430745816053755,-0.0012986957532198366,-1.497052717510992,1766201954.5161073
0.4519490897655487,1.6767202615737915,0.5103501677513123,-0.0016558349141991844,-0.0022894773509569075,-1.500612286638563,1766201954.516159
0.4518408179283142,1.6685162782669067,0.5104275941848755,-0.004696775449846186,-0.0017570353959849541,-1.4976740869705794,1766201954.5261266
0.4570193588733673,1.656064510345459,0.5131545662879944,0.02540248105446444,-0.013224120202177113,-1.5453265842722996,1766201954.5361106
0.4577016830444336,1.6485074758529663,0.5135143399238586,0.024246771047568495,-0.012454130058877402,-1.5460580033324294,1766201954.5461195
0.46071958541870117,1.6436318159103394,0.5143654346466064,0.031076415156148104,0.013871930210157405,-1.5685806033153502,1766201954.556116
0.4587002694606781,1.6305187940597534,0.5141081213951111,0.02062568024043978,-0.005655292991370869,-1.5384790670614203,1766201954.566136
0.4601507782936096,1.622532606124878,0.5137680768966675,0.017198203568634593,-0.013765959034589922,-1.5338086280099885,1766201954.5661886
0.46111753582954407,1.614933729171753,0.513921856880188,0.020051233863385944,-0.009719339478158484,-1.5422966636780229,1766201954.5760336
0.46157246828079224,1.6077754497528076,0.5133958458900452,0.02040229107271388,-0.01048981633275801,-1.544269724210687,1766201954.5860782
0.4603290557861328,1.5994739532470703,0.5096635222434998,0.00045174572429826734,-0.007963654907723166,-1.50729609832409,1766201954.5960932
0.4668072462081909,1.6062957048416138,0.5066170692443848,0.05502932187178162,0.021973902698481033,-1.6144158891309108,1766201954.6061022
0.46241724491119385,1.5830999612808228,0.5098199844360352,0.0005168242818905394,-0.008679369467018767,-1.5089523801656588,1766201954.6161013
0.4620506167411804,1.5768934488296509,0.5111299753189087,-0.00440792712586383,-0.004598406235181435,-1.5075800326907038,1766201954.61615
0.47133246064186096,1.5925465822219849,0.5024641156196594,0.07516656226349688,0.04666158902485821,-1.664885230137361,1766201954.626105
0.4678526818752289,1.5558375120162964,0.514103889465332,0.021107270566124332,-0.017706954060846564,-1.549481482726497,1766201954.6360428
0.4661076068878174,1.5524177551269531,0.5111237168312073,0.0005868316926663943,-0.005047969304753491,-1.5181887646262484,1766201954.6460474
0.4698931872844696,1.539311170578003,0.5140100121498108,0.021271140313919423,-0.017315500671942863,-1.5522394676312778,1766201954.6561007
0.4685038626194,1.5354397296905518,0.5120605230331421,0.0010581529130745265,-0.0057213802079141675,-1.5217652298609057,1766201954.6660967
0.4692804217338562,1.5276029109954834,0.512438178062439,0.003597347699159166,-0.0071143666741389396,-1.5249118726213045,1766201954.666136
0.470406711101532,1.5194848775863647,0.5125886797904968,0.0037548807485185145,-0.0070105143555275196,-1.5275735671256632,1766201954.6761367
0.471574068069458,1.511149287223816,0.5120440125465393,0.0036691621866040236,-0.005952248804812798,-1.5306196375654422,1766201954.6860871
0.4718915522098541,1.5026493072509766,0.5126591920852661,0.0031802821922391764,-0.007400373176686543,-1.531110337954667,1766201954.6961195
0.47279614210128784,1.4941259622573853,0.5120730400085449,0.0018636984895636745,-0.007094443153417719,-1.5340775708055454,1766201954.7060704
0.47364234924316406,1.485870361328125,0.5119557976722717,0.0020705099044209282,-0.0063382284179379425,-1.5369167827863186,1766201954.7161186
0.4749181568622589,1.4779490232467651,0.5122333765029907,0.004740128472173357,-0.005790870627262766,-1.5410995224092392,1766201954.716157
0.47603121399879456,1.4669208526611328,0.5137795805931091,-0.0007605071644168477,-0.01259611741092129,-1.5308521776894366,1766201954.7260966
0.47675421833992004,1.4587044715881348,0.5143551230430603,-0.0009219708865961162,-0.012693568386667036,-1.5342782526423355,1766201954.7360964
0.47722524404525757,1.4531198740005493,0.5124159455299377,0.00516172622665466,-0.005665295139006036,-1.5500854707678209,1766201954.7461004
0.47746631503105164,1.4442135095596313,0.5122213363647461,0.002797760907020058,-0.0063325637233809465,-1.5519718961260374,1766201954.7561083
0.4785284399986267,1.436255693435669,0.5124874114990234,0.0039656718863628,-0.006256883160174236,-1.556757352547778,1766201954.766114
0.4799893796443939,1.4281951189041138,0.512531042098999,0.00662569936308577,-0.005636564879328909,-1.5604281857137774,1766201954.7661636
0.48023027181625366,1.4172565937042236,0.5139151811599731,-0.00048160595652651047,-0.011297613988644014,-1.5548993561738658,1766201954.77598
0.48079386353492737,1.4105443954467773,0.512784481048584,0.003661587230955732,-0.006227092962385044,-1.5645056264648531,1766201954.7861228
0.48191291093826294,1.4029933214187622,0.5123927593231201,0.007701525313313829,-0.0036074117805247217,-1.573075884995228,1766201954.7960575
0.4827004671096802,1.394737720489502,0.5124245285987854,0.0070426782584259865,-0.004003094280379934,-1.5763543032447753,1766201954.8060508
0.4825839400291443,1.385951280593872,0.5123159289360046,0.0044434606705884205,-0.0042747126205695705,-1.5790570594356468,1766201954.816115
0.4835071861743927,1.3776572942733765,0.5125552415847778,0.0045238806192048845,-0.004425149845465807,-1.5824966485755354,1766201954.8161557
0.4841126799583435,1.3694580793380737,0.512614905834198,0.0038238918052517813,-0.00460361826396909,-1.5872467884176744,1766201954.826033
0.4856061041355133,1.360536813735962,0.5139493942260742,0.0033942467918207657,-0.007896419849461114,-1.5861709459693334,1766201954.8360152
0.48557448387145996,1.3513625860214233,0.51288241147995,0.0026317572907648104,-0.008372454824897166,-1.5898583592855104,1766201954.846059
0.486509770154953,1.346240758895874,0.5127385854721069,0.007799083618082682,-0.0033355932407165586,-1.604764517081965,1766201954.856074
0.48691076040267944,1.3381441831588745,0.5127467513084412,0.00609529407795838,-0.0035257823005225906,-1.6095811308070138,1766201954.8661072
0.4872843623161316,1.327397346496582,0.5143529176712036,0.0007975890495549977,-0.009300584060815896,-1.6035596528408498,1766201954.866157
0.4876691401004791,1.3200074434280396,0.5135864019393921,0.0025883105731146078,-0.008527275656097674,-1.612051723548105,1766201954.8761177
0.48870712518692017,1.3146474361419678,0.513079047203064,0.008117068736440943,-0.0029579825052773,-1.6256432814325874,1766201954.8861039
0.4889333248138428,1.3064631223678589,0.5128439664840698,0.0066040223306753154,-0.003371559927584732,-1.631105206740521,1766201954.8961172
0.4893614947795868,1.295071005821228,0.5160596370697021,-0.0006913930695788163,-0.01187595524004286,-1.6205004769362967,1766201954.9060957
0.4892573356628418,1.2889806032180786,0.5135040879249573,0.003953969897408387,-0.008280742915682943,-1.6351335529546511,1766201954.9161088
0.48958852887153625,1.2850828170776367,0.5132999420166016,0.007036431976786499,-0.0024000498570444888,-1.6546961039935304,1766201954.9161606
0.4891217350959778,1.2739810943603516,0.5123671293258667,0.005346157410683829,-0.008152821450914819,-1.6482435053057238,1766201954.9261312
0.4898984730243683,1.2663050889968872,0.5131139159202576,0.005229030587471349,-0.006964461157909287,-1.6546067874630377,1766201954.9361057
0.48989173769950867,1.2589987516403198,0.5131967067718506,0.004674404650451158,-0.006831612160578168,-1.662005435228399,1766201954.9461143
0.4903542697429657,1.251716136932373,0.513253927230835,0.005748729047183445,-0.006301103454715736,-1.6682678045323283,1766201954.9561226
0.4905979335308075,1.2434903383255005,0.5136659741401672,0.004707591352563093,-0.008496825027923512,-1.6728233212452388,1766201954.96614
0.4908066391944885,1.236840009689331,0.5137126445770264,0.005405752899511324,-0.006609558578934113,-1.681920176766332,1766201954.9661913
0.49145686626434326,1.2314327955245972,0.5132942199707031,0.008063007923732613,-0.002816366668686315,-1.6962707152292862,1766201954.976128
0.49151700735092163,1.2241579294204712,0.5131387114524841,0.00826887021683337,-0.003313870001130912,-1.7035230126582213,1766201954.9861333
0.4910670518875122,1.2163255214691162,0.5129867196083069,0.007256802728749121,-0.0039162545687527655,-1.7087688425494203,1766201954.9961255
0.49176210165023804,1.209643006324768,0.5133361220359802,0.007700791935394997,-0.003474006818207718,-1.7181672004513584,1766201955.006162
0.4917548894882202,1.2021026611328125,0.5139859914779663,0.006638472414539962,-0.005182425765398492,-1.7235763542668834,1766201955.0161088
0.49121078848838806,1.1936780214309692,0.5139564275741577,0.004033783522169293,-0.008505186113625305,-1.7266215627013046,1766201955.0261312
0.49139466881752014,1.1848793029785156,0.5124816298484802,0.004145707331442116,-0.007720664457138457,-1.7306382031648824,1766201955.026181
0.491382896900177,1.1795878410339355,0.5140679478645325,0.0037187251627196984,-0.008974551302196604,-1.7422991580838902,1766201955.0361247
0.4907205104827881,1.1719202995300293,0.5128791332244873,0.005493796290687399,-0.010101099537708172,-1.7481514492393944,1766201955.046116
0.49195271730422974,1.166855812072754,0.5134881734848022,0.007020398813080083,-0.004684957767727864,-1.764218743902401,1766201955.0561206
0.4909991919994354,1.1576988697052002,0.5139370560646057,0.0038725129257427097,-0.009469881524819639,-1.7645795027533409,1766201955.0660985
0.49125051498413086,1.1493809223175049,0.5142903923988342,0.003473625212968403,-0.01031529164185368,-1.7691983822964807,1766201955.0661492
0.4909568130970001,1.1423859596252441,0.5143897533416748,0.003225136384000962,-0.010269817768198354,-1.7772740466122814,1766201955.0760133
0.49030712246894836,1.136199951171875,0.5150946974754333,0.002400023855778631,-0.009134929631473653,-1.786679920453105,1766201955.0860672
0.4897162914276123,1.1293269395828247,0.5144376158714294,0.004214526813747375,-0.009557994142993527,-1.7947995603092342,1766201955.0961192
0.4894523620605469,1.1231755018234253,0.5139684081077576,0.006775717297482188,-0.005694156849057724,-1.807127080303182,1766201955.106085
0.4888346493244171,1.1136680841445923,0.5139549970626831,0.005548521142248299,-0.009498216802650204,-1.8060889414260242,1766201955.116122
0.48836010694503784,1.1088212728500366,0.5143039226531982,0.006514790474977448,-0.005698902648425468,-1.8212616336484786,1766201955.1161733
0.4878372550010681,1.1019243001937866,0.5142468810081482,0.005998046198909529,-0.004380436483825267,-1.8288458026417864,1766201955.1261244
0.48662567138671875,1.0939655303955078,0.5139957666397095,0.006297956872899052,-0.007151079983791078,-1.8330210559601945,1766201955.1361024
0.48626235127449036,1.0846062898635864,0.514045774936676,0.00594600559593006,-0.010510048275229984,-1.834429636316323,1766201955.146139
0.48505669832229614,1.0785328149795532,0.5148746371269226,0.0050941647865979855,-0.009749476471200736,-1.8441923343108348,1766201955.1561046
0.4843016266822815,1.0702589750289917,0.5143598914146423,0.006645363873631621,-0.011762948320093943,-1.8484135825243428,1766201955.1661122
0.4835667610168457,1.0627520084381104,0.5147028565406799,0.0051574684887173115,-0.009532650589317546,-1.8557622101108577,1766201955.1661582
0.4823880195617676,1.0556312799453735,0.5149834752082825,0.005158354771596787,-0.011139352997818373,-1.8617149143608136,1766201955.1761038
0.4812520146369934,1.0484862327575684,0.5152650475502014,0.004470373302803177,-0.011750064989977283,-1.868990743779118,1766201955.1860905
0.4801611304283142,1.040588140487671,0.5146008729934692,0.0061880681254445884,-0.009932408784524964,-1.874936509836716,1766201955.1959946
0.47853708267211914,1.0354923009872437,0.5151168704032898,0.005639098658259815,-0.00786492833965518,-1.8880191187631856,1766201955.2060597
0.477241188287735,1.0255866050720215,0.5134105682373047,0.0054070800976184765,-0.007736897709565216,-1.8868912715626112,1766201955.216053
0.47577103972435,1.0205364227294922,0.5154163837432861,0.005277841671135596,-0.009159488609494386,-1.8985529321024917,1766201955.216066
0.47433924674987793,1.0106900930404663,0.5154504776000977,0.004660620313383151,-0.01192342123629917,-1.8989582897147133,1766201955.225989
0.47288647294044495,1.0052871704101562,0.5157376527786255,0.005891233097021164,-0.0101601026784657,-1.9104363962344166,1766201955.235973
0.4712190628051758,0.9983371496200562,0.5159192085266113,0.004846914526535697,-0.007787599638970368,-1.9183588543100918,1766201955.246147
0.4695741534233093,0.9907789826393127,0.5157325267791748,0.0055697550201884004,-0.0074201957440288594,-1.924301011907051,1766201955.2561488
0.4677976667881012,0.983119010925293,0.5162773132324219,0.005168935804683971,-0.009607482013744551,-1.9297042100784307,1766201955.266072
0.46601149439811707,0.9756889343261719,0.5162927508354187,0.004262073940210279,-0.010157620626425652,-1.9344573973158985,1766201955.2661846
0.46426618099212646,0.9688782691955566,0.5161305069923401,0.005811181702135922,-0.008252578747791825,-1.942597229664899,1766201955.2760766
0.4622049629688263,0.9610081911087036,0.5162390470504761,0.004943869996982508,-0.007747705078563282,-1.9465979630365793,1766201955.2860188
0.4601935148239136,0.9535069465637207,0.5164217948913574,0.004648338784713167,-0.00790882031911321,-1.9521218518115426,1766201955.2960691
0.4585508406162262,0.9468888640403748,0.5158838629722595,0.008723596565501536,-0.005379900432438804,-1.962491007465951,1766201955.306136
0.45744025707244873,0.9410911202430725,0.5156267285346985,0.011280167161433029,-0.003329502189246114,-1.974494523356688,1766201955.3161225
0.45366597175598145,0.9303788542747498,0.517120361328125,0.0048895411576113995,-0.009184631117537005,-1.9661092868795125,1766201955.3161728
0.4517621099948883,0.9219537377357483,0.5160617232322693,0.006757564239003274,-0.010330552742428896,-1.968017592450686,1766201955.3261073
0.44868457317352295,0.9152969717979431,0.5172603726387024,0.0044075695059385064,-0.009973563489001601,-1.9738457245169159,1766201955.336117
0.4462467133998871,0.907805860042572,0.5173930525779724,0.004179780942993361,-0.01084102111395423,-1.9785610417585782,1766201955.3461075
0.44376838207244873,0.900255560874939,0.5172780156135559,0.003432919734409297,-0.008808549944129052,-1.9827122217812307,1766201955.356108
0.4413142204284668,0.8920121192932129,0.5178055167198181,0.003654124561277551,-0.010362901703225402,-1.984780357504697,1766201955.3661132
0.43943268060684204,0.8856095671653748,0.5161488056182861,0.008199695673778212,-0.00621456131298987,-1.9948585835817303,1766201955.3661623
0.43723881244659424,0.8785507082939148,0.5163952708244324,0.00912662021436061,-0.004439100028973112,-2.0009532729049475,1766201955.376054
0.4343763291835785,0.8723828792572021,0.5162044167518616,0.009008929284613398,-0.002981069722860073,-2.008758319398613,1766201955.3860831
0.4316897392272949,0.8630465269088745,0.5169522762298584,0.008233969944426057,-0.004579405431876089,-2.00804289843647,1766201955.396084
0.4296484887599945,0.8571996688842773,0.5161157846450806,0.012266764101302697,-0.003080258565462452,-2.019065988430176,1766201955.4061046
0.42697882652282715,0.8498606085777283,0.51618891954422,0.012069791114547508,-0.003714518330250817,-2.0226236235905897,1766201955.416104
0.42333486676216125,0.8412115573883057,0.5186125040054321,0.005707987101798365,-0.00976535619039418,-2.0175305265521546,1766201955.416154
0.42069101333618164,0.8329893350601196,0.5188575983047485,0.005795811055397586,-0.010632633377008888,-2.018868354762275,1766201955.4261334
0.41456058621406555,0.8193338513374329,0.5216375589370728,-0.006094192592796157,-0.020398442070192622,-1.9966333011654396,1766201955.4360416
0.4113195538520813,0.8113756775856018,0.5218833088874817,-0.0062211420450202564,-0.021103230496497965,-1.9977961752197047,1766201955.446017
0.4111034870147705,0.8092313408851624,0.5186383724212646,0.0070456378325537946,-0.010300528396633382,-2.0239508597787434,1766201955.4560926
0.4080677032470703,0.801675021648407,0.5192050337791443,0.00569009460729042,-0.009719977845789086,-2.0271590543376914,1766201955.4660912
0.40455979108810425,0.7938153743743896,0.5190101265907288,0.004668294678326365,-0.009217295682802494,-2.028046790550443,1766201955.4761
0.40154415369033813,0.7857913970947266,0.5195620656013489,0.006210116297011033,-0.010164512831999551,-2.028645697577206,1766201955.4761522
0.39801454544067383,0.7776616215705872,0.5190844535827637,0.005812421760926257,-0.009600295296028958,-2.029430336884364,1766201955.4861472
0.39470553398132324,0.7699152827262878,0.519177258014679,0.005695031971443402,-0.009088579569167254,-2.0301545977657667,1766201955.4960825
0.3908063471317291,0.7619801759719849,0.5186377167701721,0.006699538125723556,-0.009281361433228953,-2.028976167895233,1766201955.5061102
0.38772737979888916,0.7541126012802124,0.5191829800605774,0.007115539853687094,-0.010304431773361253,-2.0294513868546558,1766201955.5160878
0.3845021724700928,0.7467730045318604,0.5198745727539062,0.006943741055294246,-0.010014896401180898,-2.0309766559372573,1766201955.5161386
0.3806885778903961,0.7387999296188354,0.5188355445861816,0.0053519147959516025,-0.006082028073007332,-2.0325370041553987,1766201955.5260994
0.3770415782928467,0.7303873896598816,0.518990159034729,0.005232532165692513,-0.003504801022007308,-2.0329178962515937,1766201955.5360823
0.3735838532447815,0.7226853966712952,0.5192340016365051,0.007133305821478739,-0.010381425900859595,-2.029188612574637,1766201955.5461373
0.36996352672576904,0.7151905298233032,0.5198302268981934,0.006980474898078237,-0.009965353550002158,-2.0291158243197054,1766201955.5560982
0.36611801385879517,0.7074339985847473,0.519736647605896,0.007489648223085377,-0.010028591316214721,-2.028059417181552,1766201955.566093
0.3629602789878845,0.6998915076255798,0.5203220248222351,0.006781015800563629,-0.010073262522575233,-2.028143341481613,1766201955.5761
0.3588082492351532,0.691467821598053,0.519616961479187,0.00820281844289784,-0.010710632331610907,-2.025110198604167,1766201955.5761518
0.3546053469181061,0.6833345890045166,0.5189381837844849,0.009226052855053898,-0.007441657602147307,-2.0232886008062123,1766201955.5860994
0.35116642713546753,0.675991952419281,0.5190930962562561,0.006330532681911849,-0.006407443968849121,-2.0237321722700767,1766201955.5961237
0.348240464925766,0.6679706573486328,0.5200660824775696,0.007207234820778638,-0.011051918792243622,-2.0216645496941026,1766201955.6060858
0.3442313075065613,0.6609214544296265,0.520190954208374,0.006358338834510685,-0.009941639857548642,-2.0222815261513345,1766201955.6160827
0.3407363295555115,0.6523053050041199,0.5201400518417358,0.00790408525261509,-0.011561459703048943,-2.0187134912842666,1766201955.616131
0.3364863693714142,0.6436704397201538,0.5193057060241699,0.006660760935202349,-0.004885320750624693,-2.0187309785126417,1766201955.626014
0.3336309790611267,0.6368200778961182,0.5205978155136108,0.00803518170442439,-0.01237288082483634,-2.015476511690262,1766201955.6360543
0.33006441593170166,0.6287627220153809,0.5205884575843811,0.00865437522023005,-0.011373266347203037,-2.0136030168181134,1766201955.6461325
0.32628852128982544,0.6208696365356445,0.5204004049301147,0.00836663399248162,-0.01092924779614889,-2.0125177560485623,1766201955.6560886
0.32257750630378723,0.6128162145614624,0.5202287435531616,0.00835403473222326,-0.010161220641779755,-2.0110801019291134,1766201955.666069
0.31902754306793213,0.6049164533615112,0.5205439329147339,0.008762072647682854,-0.010073943091689422,-2.009253230134377,1766201955.6761098
0.3155568838119507,0.5974403619766235,0.5211011171340942,0.007739193502398118,-0.011071599681207302,-2.0098201946780914,1766201955.676163
0.31139442324638367,0.5885107517242432,0.5199453234672546,0.009374748973896813,-0.00582675705880091,-2.008719560240176,1766201955.6859531
0.30712494254112244,0.5807600021362305,0.5201727747917175,0.012928327104701084,-0.0026711533096148168,-2.0099748462834452,1766201955.6960652
0.3014557361602783,0.5729501247406006,0.5176215767860413,0.016347652055117956,-0.010441816376011251,-2.001929912973951,1766201955.706145
0.3007729649543762,0.5651732683181763,0.5199534893035889,0.010851275565815187,-0.008186943120347356,-2.007076916911021,1766201955.7160769
0.29548725485801697,0.5573743581771851,0.5205398201942444,0.013388077853831216,-0.0068428174656589005,-2.0054965613383446,1766201955.7161224
0.2941892147064209,0.5499753952026367,0.5200359225273132,0.0087660625081713,-0.010597047664244262,-2.0077430935454794,1766201955.7260153
0.2913740575313568,0.5421267747879028,0.5204387903213501,0.009244715177749926,-0.0100529347558415,-2.010047901530565,1766201955.7360435
0.28781452775001526,0.534609854221344,0.5205094814300537,0.008785454491255127,-0.011235110352319602,-2.0095518929218663,1766201955.7460334
0.2849768400192261,0.5268792510032654,0.5209971070289612,0.009626437975774014,-0.012557986315747116,-2.0108218963068833,1766201955.756041
0.2760912775993347,0.5153059959411621,0.5246161222457886,0.0077420686677020034,0.007509378395569002,-2.0034702682611463,1766201955.766057
0.2764935791492462,0.5107198357582092,0.5210579037666321,0.014822425489658418,-0.005768122844307726,-2.0148452713672818,1766201955.7660735
0.27455073595046997,0.5033867359161377,0.5203371644020081,0.009025061452545257,-0.010711920896191279,-2.016353382134223,1766201955.7760673
0.2716132402420044,0.496403306722641,0.5213420987129211,0.008155676217755687,-0.011934371715516872,-2.018640776937091,1766201955.786105
0.2687293291091919,0.488122820854187,0.5214372873306274,0.010936051805800392,-0.013062233605457794,-2.0193216832226146,1766201955.796105
0.2634745240211487,0.47998887300491333,0.5209783911705017,0.014304551345136802,-0.00726977446332633,-2.0194158143522425,1766201955.80607
0.26161694526672363,0.4726036489009857,0.5212090611457825,0.009903834796510727,-0.012621080161767953,-2.0229801294336753,1766201955.8161075
0.2587134838104248,0.4661691188812256,0.5211551189422607,0.00922846501874367,-0.010200651872226836,-2.0285536677000193,1766201955.816148
0.2553907632827759,0.45729225873947144,0.5207955241203308,0.011341084279928963,-0.011301895234953428,-2.027008765434925,1766201955.8260653
0.25063154101371765,0.44910693168640137,0.5214266777038574,0.014500335164552377,-0.006994427701037139,-2.0279910379301924,1766201955.836096
0.24915644526481628,0.44219857454299927,0.5218284726142883,0.010938348718096663,-0.013076569096515686,-2.0291162143006853,1766201955.8460932
0.2454034984111786,0.4343614876270294,0.5211794972419739,0.009179274003692417,-0.010866266232122987,-2.0304077293379548,1766201955.8560889
0.24334369599819183,0.4278672933578491,0.5227686166763306,0.005701312292312806,-0.011065999390819802,-2.034952436899586,1766201955.866091
0.2396734356880188,0.41919252276420593,0.521964430809021,0.007219369229674711,-0.009508506817871925,-2.0333839706367796,1766201955.8661308
0.23628127574920654,0.41145238280296326,0.5221529603004456,0.010011109521907317,-0.012604163069883201,-2.0316040951194485,1766201955.8860843
0.23272183537483215,0.4044102430343628,0.522563099861145,0.01100547832905477,-0.012239642145217085,-2.0317237773191037,1766201955.8861232
0.22976772487163544,0.3965395987033844,0.5229683518409729,0.009842850445143258,-0.01296071263378761,-2.0303021591138393,1766201955.8961036
0.22634747624397278,0.3888048529624939,0.5230674743652344,0.00928150036987596,-0.01572010575053396,-2.028635242479874,1766201955.906094
0.22250649333000183,0.38116833567619324,0.5226882100105286,0.009982749397476629,-0.01305443446966623,-2.02958750795667,1766201955.9160936
0.21871119737625122,0.3737923204898834,0.52310711145401,0.010932243734082244,-0.013187677247497094,-2.0285635000967397,1766201955.9161332
0.21482238173484802,0.36610323190689087,0.5229724645614624,0.01176087370649882,-0.013874111178291263,-2.026664246684237,1766201955.9261076
0.21147650480270386,0.35827040672302246,0.5231249928474426,0.011167267146065744,-0.014263184829764597,-2.0237571784761097,1766201955.9361072
0.20831379294395447,0.35052043199539185,0.5230954885482788,0.010490906120564686,-0.015092933244243541,-2.022682739127719,1766201955.9460888
0.20456545054912567,0.34303486347198486,0.5234349966049194,0.010352735986071882,-0.013006211616634756,-2.021182126147753,1766201955.9560974
0.20037496089935303,0.3351172208786011,0.5234273672103882,0.01086206417806885,-0.013635688680363566,-2.0188819205642203,1766201955.9661014
0.19730404019355774,0.32779186964035034,0.5239588022232056,0.010958687072588546,-0.013691848471505086,-2.018174104413983,1766201955.9661398
0.19132468104362488,0.3190748393535614,0.5239236354827881,0.015444680044596993,-0.008559488788162229,-2.017351890738069,1766201955.9861088
0.1896807700395584,0.3121946156024933,0.5235317945480347,0.012765691630072202,-0.014729909596555717,-2.0150086832074856,1766201955.9861505
0.18595677614212036,0.30416810512542725,0.5234871506690979,0.012157899881078169,-0.01539179891272103,-2.012542174541771,1766201955.9961052
0.18302974104881287,0.2964545786380768,0.5235080122947693,0.0106361126056872,-0.01669246936180423,-2.0115599724052147,1766201956.0061085
0.17916405200958252,0.28860217332839966,0.5238121747970581,0.011272971122703505,-0.013950691306560929,-2.010277265265903,1766201956.0161185
0.1759273111820221,0.2806883454322815,0.524222195148468,0.01028766897830986,-0.014369360586696385,-2.009011125358939,1766201956.0161586
0.17234757542610168,0.27286043763160706,0.5241609215736389,0.010219352725878286,-0.013520052705650938,-2.0077700863071244,1766201956.0260954
0.16838788986206055,0.26485973596572876,0.5236132740974426,0.00979431069243849,-0.012882550426278097,-2.0066584280988056,1766201956.0361094
0.16478444635868073,0.2555220127105713,0.5240527391433716,0.010684883323884741,-0.007679461556319334,-2.007698962143353,1766201956.0461497
0.16159316897392273,0.24844428896903992,0.5242763757705688,0.01045518864291234,-0.01192336168364547,-2.0047871232510164,1766201956.0561423
0.15806998312473297,0.24103853106498718,0.5238102674484253,0.01234352900124511,-0.012372814100728902,-2.0052018651339423,1766201956.066146
0.15470227599143982,0.2332797348499298,0.5244095921516418,0.012285684866325568,-0.010764330365178668,-2.005226823659085,1766201956.066197
0.15181860327720642,0.22491192817687988,0.5254349112510681,0.010323418749475177,-0.012453607698687533,-2.003981090657072,1766201956.0760672
0.14871704578399658,0.2171240895986557,0.5259464979171753,0.009582887172677784,-0.015099709227598093,-2.004298080810028,1766201956.0861478
0.14455817639827728,0.20823894441127777,0.5249255895614624,0.01056657117922575,-0.010649198455335275,-2.002582589402396,1766201956.0961938
0.14093509316444397,0.2005625069141388,0.5248265862464905,0.011046230954522883,-0.009739850095953243,-2.0043707967104876,1766201956.1061585
0.13772252202033997,0.19227346777915955,0.5254578590393066,0.011099496785070315,-0.012263368358485655,-2.0049243132430123,1766201956.116174
0.13261978328227997,0.18311642110347748,0.5257393717765808,0.006344081590420846,-0.011496481848766319,-1.9996190795251079,1766201956.1162257
0.1293013095855713,0.17513766884803772,0.5259097814559937,0.00570847042145988,-0.011453874024671108,-1.999690032277795,1766201956.1261647
0.12671229243278503,0.16810844838619232,0.5247579216957092,0.01061849039519937,-0.011059442371521571,-2.0032910228574035,1766201956.1361403
0.1244162991642952,0.1600838601589203,0.5253548622131348,0.00990680256609993,-0.008958068732867893,-2.0069894353402846,1766201956.1461504
0.12129595875740051,0.15241605043411255,0.5256930589675903,0.009191185181180875,-0.007437218837811127,-2.008592591282477,1766201956.156145
0.11745842546224594,0.14415249228477478,0.5255001187324524,0.007858406112423836,-0.00721204188036635,-2.0073038670958048,1766201956.1661665
0.11256054043769836,0.13481277227401733,0.5266400575637817,0.0017320971875191963,-0.011695575308879713,-2.000868540025001,1766201956.1761906
0.11129102110862732,0.12771975994110107,0.5253347158432007,0.009842202966628282,-0.005875260639640626,-2.0111708786862117,1766201956.1762545
0.10830356925725937,0.1196424588561058,0.5256781578063965,0.008458705374247146,-0.005907015161666791,-2.01111131293194,1766201956.186185
0.10506343841552734,0.11136990040540695,0.5260640382766724,0.008347571538926181,-0.00482405526614961,-2.0123594786385355,1766201956.1961412
0.1004919558763504,0.1031879186630249,0.5257385969161987,0.0039556146246283305,-0.005989798502716249,-2.0094589168596597,1766201956.206126
0.09772013127803802,0.09466122090816498,0.5265640616416931,0.0039349579418027445,-0.006793327521181219,-2.0088906180993265,1766201956.2160993
0.09429778158664703,0.0866125300526619,0.5267477035522461,0.002396499023606955,-0.00689836739169712,-2.0088812385805963,1766201956.2161412
0.09101328253746033,0.07761605083942413,0.5276435017585754,-4.027986563289401e-05,-0.008454748742175102,-2.005293723495641,1766201956.2261589
0.08937154710292816,0.07085732370615005,0.5272445678710938,0.006639831147398404,-0.0015583296239409464,-2.018795348416231,1766201956.2361696
0.08625386655330658,0.06294437497854233,0.5269761681556702,0.005220639551209891,-0.001188593072230327,-2.016686204322726,1766201956.2461698
0.08313439041376114,0.054960474371910095,0.5268734693527222,0.004897193521688545,-0.0016147756799174116,-2.019286943477867,1766201956.2561302
0.07919039577245712,0.04632865637540817,0.5270785689353943,0.0035884220033066913,-0.0021042337654006513,-2.0166284322835764,1766201956.2661126
0.07712718099355698,0.03895135223865509,0.527422308921814,0.004018190271784297,5.5493857684540786e-05,-2.0186702300695574,1766201956.2661555
0.07214047759771347,0.029833780601620674,0.5277002453804016,-0.00013840090336609274,-0.003755931040071356,-2.0145281380627025,1766201956.276168
0.06977000832557678,0.022261613979935646,0.5272411704063416,0.002493382742644509,-0.0019804004429264162,-2.018149737565996,1766201956.296132
0.06622841954231262,0.014138157479465008,0.5273765325546265,0.0034600151045762386,-0.00044627689399762274,-2.018579074177173,1766201956.29618
0.06295998394489288,0.006072487682104111,0.5272115468978882,0.0032617252601346044,-0.0015737587418524002,-2.0185948686113337,1766201956.306172
0.05942227318882942,-0.0020172642543911934,0.5274538397789001,0.00412241879715073,-0.0019282349277325434,-2.019174695494609,1766201956.3163052
0.05616915971040726,-0.009827305562794209,0.5274096727371216,0.003428853319627808,-0.0022207078611544604,-2.0188241784198997,1766201956.3163586
0.05226191505789757,-0.018519623205065727,0.5271943211555481,0.004439973107687029,-0.00012479829426999256,-2.0187796917775622,1766201956.3261023
0.0488455556333065,-0.026207782328128815,0.5270272493362427,0.003575318587845839,-0.000910878716683954,-2.0180246552851964,1766201956.3361812
0.045344576239585876,-0.033926524221897125,0.527379035949707,0.00311382467942611,-0.001077643651081378,-2.0160709257726555,1766201956.3461595
0.04175834357738495,-0.042119648307561874,0.5277693867683411,0.0028730530806680833,9.762725654869111e-05,-2.0142211396344285,1766201956.3561442
0.03809662163257599,-0.05005081743001938,0.5271579623222351,0.004426650279340946,-4.521570679969597e-05,-2.014841038101273,1766201956.3661823
0.03445591405034065,-0.05805220454931259,0.5268747806549072,0.002957725343242475,-0.0005542600379187014,-2.0133068973112347,1766201956.3662388
0.030923189595341682,-0.0662291869521141,0.527134358882904,0.004050788175915758,-0.0004665839544954869,-2.012224654235931,1766201956.3761828
0.027356412261724472,-0.074151411652565,0.5271893739700317,0.004332815106225383,-0.0008142474041433626,-2.010379573156694,1766201956.386145
0.0230555459856987,-0.08251240849494934,0.5270694494247437,0.004280503847865173,0.00019295895528635367,-2.0108480301310956,1766201956.3963273
0.01975090056657791,-0.09057700634002686,0.5274761915206909,0.004307912249375431,-0.0007030041443539359,-2.008230984105502,1766201956.4061842
0.016243383288383484,-0.09847909212112427,0.5275961756706238,0.003722451089286176,-0.001226583113322481,-2.006247439199305,1766201956.416124
0.012591373175382614,-0.10646018385887146,0.5276525020599365,0.0036979309053659895,-0.0005135174975037676,-2.004570110287362,1766201956.4161887
0.008797900751233101,-0.11448127776384354,0.5275993943214417,0.0038470004214171643,-0.0004143926591023056,-2.003982823431619,1766201956.4261944
0.005703285336494446,-0.12232004851102829,0.5270371437072754,0.004436463696414583,0.0007376306780810014,-2.0030492017969395,1766201956.4361813
0.0019985325634479523,-0.13077165186405182,0.5275068283081055,0.004380464509401521,0.0011054101662593754,-2.0009220288270173,1766201956.4461465
-0.0012149661779403687,-0.13834962248802185,0.5273762345314026,0.004989647345585675,0.0005585179612874234,-2.0001016058453245,1766201956.4560876
-0.005015761591494083,-0.1465594470500946,0.5274049043655396,0.0045958079585201725,0.0009708951098465615,-1.9992560092648137,1766201956.4661565
-0.008569646626710892,-0.1547924131155014,0.5277014970779419,0.004370977332175735,0.0016531087960054518,-1.9985120293953844,1766201956.4662223
-0.012099884450435638,-0.16267459094524384,0.5277900695800781,0.005086701301604171,0.0018520810394613263,-1.9979435302301578,1766201956.4761786
-0.015618504956364632,-0.17050589621067047,0.5274167060852051,0.0030048534402781937,0.0018963817987474557,-1.9973932713415825,1766201956.4861531
-0.019011206924915314,-0.17857737839221954,0.5274195671081543,0.0028538249700848254,0.0018930660740581484,-1.9970228335276359,1766201956.4961774
-0.022122401744127274,-0.18656481802463531,0.5276666879653931,0.004953624672534709,0.0014884413807828684,-1.9969202929895187,1766201956.506169
-0.025613248348236084,-0.1944883167743683,0.5275400876998901,0.004865678851519122,0.0008650050226879052,-1.9976440822634676,1766201956.5161197
-0.029155783355236053,-0.20220991969108582,0.5274023413658142,0.004345869689195271,0.000948776908929642,-1.9971166566743872,1766201956.516175
-0.03199077770113945,-0.2102716565132141,0.5276422500610352,0.005600300729136152,0.0010576539414962434,-1.996691260901369,1766201956.526158
-0.035593196749687195,-0.21789030730724335,0.5270648002624512,0.003752067981143331,0.000881285525003661,-1.9984559936647988,1766201956.5361872
-0.03851155936717987,-0.22548560798168182,0.5270766615867615,0.004657290686252071,0.0003450540047691626,-1.9983215628087736,1766201956.5461593
-0.04186882823705673,-0.23347815871238708,0.5270652770996094,0.004894001511934375,0.0017584420124551264,-1.9993364294457188,1766201956.5561562
-0.0449356772005558,-0.24107059836387634,0.527187168598175,0.00585738658890855,0.001309022869498976,-1.9994910316197696,1766201956.5663457
-0.048030175268650055,-0.24869395792484283,0.5273100137710571,0.006015820596001704,0.0012522498513705825,-2.000384994705487,1766201956.5664127
-0.05128873884677887,-0.2562595009803772,0.5271703600883484,0.005046578102656567,0.0013900810666731505,-2.0010464975694617,1766201956.5761197
-0.05409308150410652,-0.263772189617157,0.5277292132377625,0.005607404206802348,0.0010096688049085287,-2.0009297731588993,1766201956.586156
-0.05774744972586632,-0.271445095539093,0.5270100235939026,0.004908705943594753,0.0024816223098875954,-2.002708882080435,1766201956.5961802
-0.06118115037679672,-0.2790325880050659,0.5280051827430725,0.002260315703544579,0.0018129624142413509,-2.000482048296082,1766201956.6061335
-0.06560323387384415,-0.2866513133049011,0.5288678407669067,-0.0012223127548555523,0.0004034806117966548,-1.9976303711752972,1766201956.6161816
-0.06716770678758621,-0.29348069429397583,0.5270553231239319,0.00525952233687991,0.002386039646715102,-2.004677402272267,1766201956.616248
-0.07000423967838287,-0.30100345611572266,0.5274819135665894,0.007082665390150441,0.0027634828413464207,-2.0051001089486586,1766201956.6262047
-0.07286183536052704,-0.30792564153671265,0.527042806148529,0.0056458873228627275,0.001970968515334267,-2.0057571123017786,1766201956.6361134
-0.07595944404602051,-0.3150516152381897,0.5271657109260559,0.005092250007567183,0.0021720902640208206,-2.00651044619603,1766201956.6461828
-0.07885782420635223,-0.32197538018226624,0.5272684693336487,0.005103548781024324,0.0018879021491391749,-2.0067881092108895,1766201956.6561453
-0.08164069056510925,-0.3291935622692108,0.5270779728889465,0.00458829248911614,0.0015784619053093316,-2.00748255333752,1766201956.6661978
-0.08471490442752838,-0.3359938859939575,0.5271927118301392,0.004955067622826965,0.002032893466642466,-2.008192972458107,1766201956.6662607
-0.08735718578100204,-0.3427528738975525,0.5272853374481201,0.00508281528209823,0.001027663960703121,-2.0077347197952515,1766201956.6761813
-0.09023599326610565,-0.349582701921463,0.5273033380508423,0.004818920072080502,0.0008919306473829272,-2.007853026254462,1766201956.6861794
-0.0927385538816452,-0.3565192222595215,0.5275046825408936,0.00666547391219498,0.0007307685288996863,-2.007337979855843,1766201956.6961234
-0.09624014794826508,-0.36302080750465393,0.5271924138069153,0.00561977655284763,0.0017923242686774565,-2.009594435544914,1766201956.7061517
-0.09895500540733337,-0.36981603503227234,0.527382493019104,0.006647062066116543,0.0017534259985084453,-2.0093940274638347,1766201956.7163475
-0.1018240824341774,-0.37638258934020996,0.5272286534309387,0.006634812962109771,0.0018103096937524539,-2.0094952819579643,1766201956.7164125
-0.10465813428163528,-0.3830893635749817,0.5272521376609802,0.006100173976128046,0.002016683648512678,-2.008849229293657,1766201956.726158
-0.10712768882513046,-0.38930919766426086,0.527185320854187,0.005968320776479766,0.0015588285743882602,-2.0082669217040294,1766201956.736324
-0.11059927195310593,-0.3957669138908386,0.527982234954834,0.0036822989236847802,0.001502473178364139,-2.00570216899424,1766201956.746179
-0.11317853629589081,-0.4019913673400879,0.5274894833564758,0.006460167197726552,0.00184900020388663,-2.0067908738995004,1766201956.756183
-0.11589409410953522,-0.40814873576164246,0.5277066826820374,0.005312814306235667,0.0024018487364299516,-2.0061913470341253,1766201956.766157
-0.12069661915302277,-0.4146614670753479,0.528782844543457,-0.000393565301802459,0.0005199888777538327,-1.9997466586217862,1766201956.7662225
-0.12147215008735657,-0.42102763056755066,0.5272090435028076,0.00533421295791991,0.002362952732447972,-2.005152745902001,1766201956.7761889
-0.12397376447916031,-0.42707642912864685,0.5272024869918823,0.00612181158465693,0.0015224168745437282,-2.0039291058378654,1766201956.7862027
-0.12664324045181274,-0.43317940831184387,0.5271809697151184,0.006999826536924719,0.001961538902827426,-2.002795380887301,1766201956.7961168
-0.12938106060028076,-0.4392261803150177,0.5273414850234985,0.007477654649317354,0.0013122085584657776,-2.0021683323519164,1766201956.8061543
-0.13219863176345825,-0.44528794288635254,0.5273504257202148,0.007108894480377571,0.001528994565684157,-2.001268753636112,1766201956.8161802
-0.13501164317131042,-0.45141708850860596,0.5274552702903748,0.0075029928585608014,0.0015665659906313168,-2.000253115303647,1766201956.8261452
-0.13753150403499603,-0.4574368894100189,0.527301013469696,0.007289166191907754,0.0014403418703765687,-1.999499415707155,1766201956.8262045
-0.1400514543056488,-0.4638432562351227,0.5267080068588257,0.006304620801534496,0.0019446228230302674,-1.9993159874665367,1766201956.8361764
-0.14273889362812042,-0.46946030855178833,0.5271744132041931,0.006253842760124547,0.0017683407200913992,-1.997667449665407,1766201956.8461585
-0.14540907740592957,-0.4750831723213196,0.5272083282470703,0.007249685619444978,0.0016585795027358092,-1.9966759632167208,1766201956.856147
-0.14796003699302673,-0.48103684186935425,0.5276930928230286,0.008011692034224738,0.002203652426777314,-1.995296401324565,1766201956.8661513
-0.15034279227256775,-0.48691779375076294,0.5276028513908386,0.008247555388468617,0.002059775658785808,-1.994228399369321,1766201956.8662157
-0.1535230576992035,-0.49305760860443115,0.527593731880188,0.0071677715648053465,0.0008155901364184882,-1.9959398323997557,1766201956.8761833
-0.15531641244888306,-0.49820762872695923,0.5276814103126526,0.008034175559832326,0.00302599684859164,-1.993999792847884,1766201956.8862257
-0.15769608318805695,-0.5042340755462646,0.5273069739341736,0.008939722324794837,0.0029816669524101434,-1.9934978823361282,1766201956.896185
-0.15984895825386047,-0.5099118947982788,0.5273728370666504,0.008499764530699526,0.003211544590806491,-1.991795793766861,1766201956.9061613
-0.16199734807014465,-0.515617311000824,0.5275755524635315,0.008651562603674749,0.0022468624854545,-1.990226713193829,1766201956.9161177
-0.1646597683429718,-0.5211442112922668,0.527432918548584,0.008617312791040072,0.0029770212552204453,-1.9921483397864646,1766201956.9161727
-0.1669379323720932,-0.5263992547988892,0.5275900959968567,0.009596248784523403,0.002083577748116102,-1.9924104844669592,1766201956.9262018
-0.1693011224269867,-0.5318663120269775,0.5273520350456238,0.008493712245735478,0.0026757628734460676,-1.9928539643062442,1766201956.9363146
-0.17067758738994598,-0.5373210310935974,0.5275833606719971,0.009185765384183763,0.0023049058815868572,-1.9905460526245868,1766201956.9461856
-0.17349326610565186,-0.5421448349952698,0.5274479985237122,0.009427849855012665,0.002732000793134097,-1.9926190609348096,1766201956.9561336
-0.17563283443450928,-0.547480046749115,0.5275776386260986,0.009468232853373233,0.002908701368976565,-1.993019466059901,1766201956.966202
-0.17802968621253967,-0.5529520511627197,0.5272459983825684,0.008982124545110886,0.0035355529650594147,-1.994168743977465,1766201956.9662573
-0.18139690160751343,-0.5577503442764282,0.5289565324783325,0.005034631564240512,0.0022181367358435813,-1.9900212937326915,1766201956.9763253
-0.181533545255661,-0.5631656646728516,0.5276287198066711,0.009703692331851472,0.002360101995474538,-1.9924252445300397,1766201956.986186
-0.18386933207511902,-0.5679165720939636,0.5275146961212158,0.008899224961538398,0.0034656633511011073,-1.9947844634988914,1766201956.996144
-0.18588632345199585,-0.5731099247932434,0.527715802192688,0.00972820500594003,0.0032687428166735485,-1.9951704552082814,1766201957.006154
-0.18793922662734985,-0.5779588222503662,0.5275855660438538,0.010122614176891606,0.0034707665952090853,-1.9959903676147535,1766201957.0161111
-0.18959206342697144,-0.5827229619026184,0.5275014042854309,0.009509172952533037,0.0029348959402511255,-1.9948650234342995,1766201957.016155
-0.19176490604877472,-0.5874190926551819,0.5273812413215637,0.010315423939487207,0.003469990607931949,-1.9975259265050334,1766201957.0261815
-0.193330779671669,-0.5921444296836853,0.5275076627731323,0.009423183258077164,0.003625169740415211,-1.9967493010652115,1766201957.0361822
-0.1957499086856842,-0.596808671951294,0.5274752378463745,0.010022282449901219,0.004062910296127317,-2.0005593804650887,1766201957.0461383
-0.19731634855270386,-0.6014026403427124,0.527423620223999,0.010316227256242793,0.0027908726365184883,-1.9990342536917598,1766201957.0560613
-0.19917531311511993,-0.6055819988250732,0.5273963212966919,0.009329061204093795,0.0033248488888492685,-1.9999115212192655,1766201957.0661154
-0.2010764479637146,-0.609947144985199,0.5273335576057434,0.009017673509992174,0.003439377574823063,-2.001238092620723,1766201957.076146
-0.2030225694179535,-0.6142995953559875,0.5274604558944702,0.010893143574348953,0.0023522679583002828,-2.0024920800897745,1766201957.0762415
-0.20452943444252014,-0.6187763810157776,0.5273817181587219,0.009323244660482356,0.003036325131322852,-2.0011069590395256,1766201957.0861309
-0.20624016225337982,-0.6229304075241089,0.5276055932044983,0.00895396612378904,0.0030072830238054233,-2.0023593902286234,1766201957.0961235
-0.20786340534687042,-0.6273030638694763,0.5273151993751526,0.009783902464621934,0.0025492994697232808,-2.003234287575227,1766201957.106067
-0.20981936156749725,-0.6312737464904785,0.5273011326789856,0.009936342641391677,0.003245448713145642,-2.0039015407193164,1766201957.1161144
-0.2113734483718872,-0.6354785561561584,0.5277730226516724,0.00931803180702915,0.003226905266542684,-2.0029622538064693,1766201957.1161642
-0.21283738315105438,-0.6396110653877258,0.5278145670890808,0.01063814586598557,0.0019385638533067752,-2.002574341115197,1766201957.1260705
-0.2145521640777588,-0.6437656879425049,0.5273271799087524,0.010129084580228284,0.0031140176727472335,-2.003368173294366,1766201957.1361084
-0.2165873944759369,-0.6474604606628418,0.5274829864501953,0.009759444256119838,0.0038302582084717954,-2.0038283711851705,1766201957.146142
-0.21786098182201385,-0.6516112685203552,0.5277689695358276,0.009502589399413796,0.0024691971824898715,-2.0024840726988122,1766201957.156141
-0.21975071728229523,-0.6553069949150085,0.5273862481117249,0.008952279560455353,0.003425910565545599,-2.0044115435519974,1766201957.166108
-0.22119225561618805,-0.6593167185783386,0.5274243950843811,0.00968616609719745,0.002707548111754836,-2.0039525297531844,1766201957.1661572
-0.22282536327838898,-0.6624236106872559,0.5280085802078247,0.009311267655571703,0.0022987673999007425,-2.0054557501755688,1766201957.1760612
-0.22438621520996094,-0.6666537523269653,0.5274215936660767,0.009431354979896934,0.0018852589486436364,-2.00329179101699,1766201957.1861317
-0.22601673007011414,-0.6703483462333679,0.5275107622146606,0.009966425265096996,0.001181487566003758,-2.0039884555762826,1766201957.1961212
-0.22744567692279816,-0.6738514304161072,0.5275800824165344,0.010203414946119548,0.001575451226706645,-2.0039562402581828,1766201957.206064
-0.2293848991394043,-0.6772758364677429,0.5274398326873779,0.009253441122517728,0.003211511202334335,-2.005398406950789,1766201957.2161434
-0.23061101138591766,-0.6807563304901123,0.5274168252944946,0.010127865217847178,0.0016890490428965674,-2.002976711240716,1766201957.2162886
-0.23289351165294647,-0.6842615604400635,0.5276930332183838,0.010144236902866898,0.0009755868851819493,-2.0090985070717844,1766201957.2261105
-0.23388448357582092,-0.6877759099006653,0.5271593332290649,0.01056829955304357,0.0024809439136237615,-2.0046561946990704,1766201957.2360094
-0.23507258296012878,-0.6913526654243469,0.5276625752449036,0.010739589335400522,0.0011445178260163565,-2.0038125134881883,1766201957.24608
-0.23662541806697845,-0.694645345211029,0.5272108912467957,0.010573681010626591,0.0024447401472988926,-2.004336435218602,1766201957.2559695
-0.23794282972812653,-0.6981196999549866,0.5272257924079895,0.009638473781304844,0.0026517632818766563,-2.0038307308869454,1766201957.2659953
-0.23952554166316986,-0.7012006640434265,0.5273033976554871,0.010620110780495042,0.002850198380190087,-2.0037887930218576,1766201957.2660277
-0.24094577133655548,-0.7044962048530579,0.5272462964057922,0.010845810386138651,0.0033745500059053335,-2.0037917215148116,1766201957.2760115
-0.24210403859615326,-0.7076320648193359,0.5273939967155457,0.010208377568712948,0.002761428303531862,-2.003350731812401,1766201957.2860491
-0.24321047961711884,-0.7111074924468994,0.5281772613525391,0.009079455864615072,0.001670084997776873,-2.0010164599703244,1766201957.2960567
-0.24524444341659546,-0.7136658430099487,0.5278284549713135,0.009744511058124442,0.0014683764067948523,-2.0039791719271207,1766201957.305991
-0.2459239363670349,-0.7172768115997314,0.5276698470115662,0.010159782256678166,0.0015687352432291939,-2.0010931771286695,1766201957.3160806
-0.24767279624938965,-0.7198446393013,0.5273065567016602,0.011303266531897711,0.0020411630801403357,-2.0040265771981423,1766201957.3161318
-0.2493300437927246,-0.7226130962371826,0.52825927734375,0.008495785704142106,0.002388970860688109,-2.002292348997677,1766201957.325996
-0.2501751184463501,-0.7255299687385559,0.5277813673019409,0.01046527677850979,0.002708825974411608,-2.0030464041812226,1766201957.3360248
-0.2515270709991455,-0.7287553548812866,0.5281931161880493,0.010062398716802794,0.0010211325020875175,-2.0011292283238666,1766201957.346103
-0.25284022092819214,-0.7313460111618042,0.5278192758560181,0.010200054922990623,0.0026088307233271373,-2.0027607692672413,1766201957.3560588
-0.2540580630302429,-0.7340174317359924,0.527874231338501,0.010182895341262528,0.0022846517190745967,-2.0022599567079093,1766201957.3660746
-0.2550418972969055,-0.7371928095817566,0.5277858972549438,0.010334118333374583,0.0021539949904168794,-2.0030056105281084,1766201957.3661256
-0.25802889466285706,-0.7395827770233154,0.5288047790527344,0.005717320829091553,0.0014074077335307828,-1.9974030660540154,1766201957.3760266
-0.25809866189956665,-0.7430055737495422,0.5294142365455627,0.0073790053138628985,0.00013530698115023858,-1.9953972277038072,1766201957.386041
-0.26061198115348816,-0.7447616457939148,0.5289078950881958,0.004676979152103834,0.0017152274292529066,-1.99785565734807,1766201957.3960772
-0.25924599170684814,-0.7478302717208862,0.5276445150375366,0.010852577872451752,0.0012326447303849747,-1.9988149032420464,1766201957.406101
-0.2602841258049011,-0.7506337761878967,0.5279889106750488,0.010400859455896388,0.0012427355279704454,-1.9981612759531864,1766201957.4160485
-0.261557936668396,-0.7529561519622803,0.5278615951538086,0.010490780229211048,0.0014511454348066014,-1.9995186602036017,1766201957.416098
-0.26289623975753784,-0.7551199197769165,0.5276480913162231,0.011744884591072858,0.002594595151204986,-1.9978915750662514,1766201957.426044
-0.26361051201820374,-0.7577806711196899,0.528070330619812,0.010225886086634174,0.0012540349832835375,-1.9988560290919186,1766201957.4360597
-0.2656777501106262,-0.7594794631004333,0.5279379487037659,0.011068363714540739,0.0026396396275946686,-2.0015248021035608,1766201957.4460661
-0.26603394746780396,-0.7617673873901367,0.527378499507904,0.010261192259432514,0.0025626368512012008,-1.9998274015869286,1766201957.45606
-0.2666386067867279,-0.7641599774360657,0.5274772644042969,0.010880507834505558,0.002084217395448312,-1.999697411044902,1766201957.4660642
-0.2673235237598419,-0.7666799426078796,0.528049886226654,0.011162738335938158,0.0012875205585606035,-1.9976700632375384,1766201957.4660966
-0.2685195207595825,-0.7684410214424133,0.5274971723556519,0.011001607258034273,0.001710878995236215,-1.9982229337073003,1766201957.4760604
-0.26946043968200684,-0.7704359889030457,0.527696967124939,0.010283162356979793,0.0021062166302946573,-2.0003526179718683,1766201957.4861
-0.2706562578678131,-0.7724515199661255,0.5275356769561768,0.011744735172527323,0.0028780614722383677,-1.9985908187088894,1766201957.496128
-0.27134472131729126,-0.7743170261383057,0.5274644494056702,0.012560792135178491,0.002350445264873507,-1.998976851454159,1766201957.5061026
-0.27159297466278076,-0.776472270488739,0.5277954936027527,0.010110492095825152,0.0009377459861309483,-1.9962141533239368,1766201957.516113
-0.27281489968299866,-0.7778036594390869,0.5277904272079468,0.01091161054548641,0.0023922611905669014,-1.9986827415098305,1766201957.5161629
-0.27360227704048157,-0.7796353101730347,0.5277124643325806,0.010352992879441724,0.0014585413101458984,-1.99967399442606,1766201957.5260572
-0.27604740858078003,-0.7809293270111084,0.5288794040679932,0.00485974064005407,0.0011538734244173525,-1.9953904455131597,1766201957.5360987
-0.27523231506347656,-0.7828768491744995,0.5284016132354736,0.010675448338674048,0.0013326946470555968,-2.0009221234768777,1766201957.5461042
-0.2757198214530945,-0.7845378518104553,0.528042733669281,0.00987348930254335,0.00211171891499544,-2.000357547479451,1766201957.5560966
-0.2760026752948761,-0.786136269569397,0.5278338193893433,0.010474121126744432,0.0024804110315492876,-1.9996239744646604,1766201957.5660539
-0.27758339047431946,-0.78751140832901,0.5286384224891663,0.0058686779277029805,0.002119370980291382,-1.9959755705801898,1766201957.5661063
-0.27726826071739197,-0.7890532612800598,0.5279697179794312,0.011157933323159019,0.0011782676312308035,-1.9993009791989769,1766201957.5760498
-0.2776939272880554,-0.7900148630142212,0.5276678800582886,0.012323324559099572,0.0016976391815580092,-2.0004691171622477,1766201957.5861478
-0.28105244040489197,-0.7910287976264954,0.5287898182868958,0.006367544766019533,0.002827129663604306,-1.9969471048436065,1766201957.5961223
-0.281607449054718,-0.7921115756034851,0.5287072658538818,0.006259283419816621,0.002582475510169615,-1.997339297371777,1766201957.6060977
-0.27967360615730286,-0.7939412593841553,0.5278737545013428,0.012696642490761153,0.00298607554756265,-2.0046988843094757,1766201957.616115
-0.27999216318130493,-0.7950446605682373,0.5281336903572083,0.011918498027669137,0.002297686136735461,-2.0059293441604376,1766201957.6261265
-0.27997496724128723,-0.7961301803588867,0.5272803902626038,0.01082175698886179,0.0009503357085136466,-2.0060404969847343,1766201957.626176
-0.2801755666732788,-0.7974264025688171,0.527500331401825,0.010965422672843303,0.0004233642732897191,-2.006906753043037,1766201957.6760974
-0.28111836314201355,-0.7999075651168823,0.5277809500694275,0.01077625453676481,0.0011180175001585537,-2.0155033942374976,1766201957.6761794
-0.2830714285373688,-0.800897479057312,0.5286113023757935,0.006026770120774694,0.001366275259848732,-2.0118735224374094,1766201957.6762838
-0.28147438168525696,-0.8021230101585388,0.5273438096046448,0.010790241667083896,0.0011986485664217527,-2.019941378696045,1766201957.6763513
-0.2815210819244385,-0.8032607436180115,0.5281703472137451,0.008926523705438224,-5.0623622021344825e-05,-2.0193465406679154,1766201957.686123
-0.28147318959236145,-0.8039780259132385,0.52741539478302,0.010646450779529379,0.0007780176011574775,-2.0241159001913744,1766201957.696048
-0.2814748287200928,-0.804692268371582,0.5277000665664673,0.011542535933743565,0.0011734342164981396,-2.0289514993245823,1766201957.7060013
-0.2820906341075897,-0.8055918216705322,0.5282847881317139,0.008916245618790265,0.0009938412284481487,-2.029729566839625,1766201957.7160618
-0.28341031074523926,-0.805864155292511,0.5287577509880066,0.006954669079260614,0.001215763567756317,-2.0311678860066578,1766201957.7660995
-0.2815340757369995,-0.8095013499259949,0.5277110934257507,0.011409031249208704,0.002483884156711213,-2.0582169291455035,1766201957.766195
-0.2828366756439209,-0.8098726868629456,0.5287258625030518,0.007506632153743935,0.0015019031372420467,-2.0581645822982764,1766201957.7663443
-0.28064584732055664,-0.8109927773475647,0.5274293422698975,0.011588406923650228,0.0016927143050034599,-2.0682191139752293,1766201957.7761085
-0.28145691752433777,-0.8114875555038452,0.5284978747367859,0.008219700052430688,0.00014698720783708858,-2.0696174418643545,1766201957.7860749
-0.2825396955013275,-0.8114500641822815,0.5288810133934021,0.006583936991376168,0.0015800320916774184,-2.0742679479006543,1766201957.7960887
-0.28081971406936646,-0.8123576641082764,0.528742253780365,0.007393583619096454,-0.00045055678628616125,-2.0794028328285243,1766201957.8060892
-0.28010281920433044,-0.8125763535499573,0.5274782180786133,0.01377949103194674,0.0011523748011327362,-2.0909076338195502,1766201957.8160698
-0.28152570128440857,-0.8129844069480896,0.5287280678749084,0.007460720625144793,0.0028904504556987475,-2.091218432694784,1766201957.8260777
-0.2791602909564972,-0.8139599561691284,0.5274065136909485,0.01144706287625886,0.0032293222970660412,-2.10151237735047,1766201957.826118
-0.2787005305290222,-0.8142368793487549,0.5274621844291687,0.011540380741817537,0.0022396179352237953,-2.107705244441977,1766201957.8360593
-0.2786667048931122,-0.8145564198493958,0.5279178619384766,0.009346044700417376,0.0013638605037603283,-2.112416841609925,1766201957.8461397
-0.2796468138694763,-0.8146868348121643,0.5286051034927368,0.0064173688612797685,0.0006194522461684145,-2.116318283201806,1766201957.856109
-0.27922576665878296,-0.8148760795593262,0.5288024544715881,0.006450434035569812,0.0010837774619335664,-2.1218489599506536,1766201957.8661191
-0.2780362367630005,-0.8154641389846802,0.5286587476730347,0.006830547982801927,-0.0008448600839254601,-2.128768626212641,1766201957.8661575
-0.2772305905818939,-0.8157027959823608,0.5280582904815674,0.008768538119680784,0.00038155167230220224,-2.1392177184463357,1766201957.8761127
-0.2779999375343323,-0.8156131505966187,0.5288135409355164,0.007243645575431714,0.0003495991377667236,-2.143742882339725,1766201957.886064
-0.2757667601108551,-0.8160333633422852,0.527596652507782,0.01241883310686531,0.0023018729125215964,-2.155562133038634,1766201957.896175
-0.27533161640167236,-0.8161442279815674,0.5275551080703735,0.01178954677958413,0.0013805706519259935,-2.1624290149973198,1766201957.9061337
-0.27648037672042847,-0.8163173198699951,0.5289646983146667,0.006492039458501229,0.0005590057028141233,-2.1654425175279157,1766201957.9161952
-0.27560144662857056,-0.8168424367904663,0.5287139415740967,0.00674050459951745,8.767961991750837e-06,-2.1721890813041984,1766201957.9162495
-0.27487969398498535,-0.8172041177749634,0.5283821225166321,0.009238617620097585,0.002544495720886951,-2.181518488900565,1766201957.9261045
-0.2741717994213104,-0.8172141313552856,0.5286542773246765,0.007004517623031151,-3.159748074812691e-05,-2.1887537378154334,1766201957.9361763
-0.27247485518455505,-0.8172252178192139,0.5275338888168335,0.010270428071240602,0.0016909622209183455,-2.2014755874735483,1766201957.9461477
-0.2722109258174896,-0.817679226398468,0.5270072817802429,0.013019294585516034,0.0035546973547909786,-2.210863580010674,1766201957.9561148
-0.27089953422546387,-0.8179771900177002,0.5275110006332397,0.012404803993199782,0.003775820132420433,-2.217504046797859,1766201957.9662006
-0.2701379358768463,-0.8182506561279297,0.5276097059249878,0.012399376990337423,0.004439564319413504,-2.2272587424903385,1766201957.9761465
-0.26981595158576965,-0.8183596730232239,0.5274745225906372,0.012156589306527016,0.005009670195402957,-2.23452708098935,1766201957.976198
-0.26895391941070557,-0.818589448928833,0.5278082489967346,0.011652668112172632,0.004093090103601783,-2.2429580457934866,1766201957.9861155
-0.2679912745952606,-0.8186566829681396,0.5274254083633423,0.01221445602382202,0.003930137317801216,-2.2513633587738417,1766201957.9961786
-0.2675636410713196,-0.818560779094696,0.5278807282447815,0.011151747758399598,0.0036598314773350266,-2.259884433937014,1766201958.00619
-0.2673838436603546,-0.8185490965843201,0.5279999375343323,0.009016834843845743,0.0030778272490295674,-2.2674648462452867,1766201958.0161405
-0.2657149136066437,-0.818777859210968,0.5275093913078308,0.00986690309618204,0.003022123370471266,-2.2752712846164544,1766201958.0161893
-0.26518553495407104,-0.8188439011573792,0.5274936556816101,0.010016461049260891,0.003480829636642493,-2.282971165916886,1766201958.0361438
-0.2643898129463196,-0.8186430335044861,0.5273513793945312,0.010271715600664722,0.004097883014749845,-2.290237281215143,1766201958.0361943
-0.26299721002578735,-0.8189611434936523,0.5274059772491455,0.011420068465730095,0.002695589194637574,-2.2970752957981952,1766201958.0461166
-0.2627008557319641,-0.818744421005249,0.5273663401603699,0.011204009736650082,0.0028736546032436267,-2.3028770647984316,1766201958.0561423
-0.261672705411911,-0.8189013004302979,0.5273998379707336,0.010446194264555918,0.0024443545779894347,-2.3109215006286132,1766201958.066162
-0.26106980443000793,-0.81889408826828,0.5274126529693604,0.00952147634443927,0.0024051181693413508,-2.3151308410698026,1766201958.0662158
-0.2608122229576111,-0.8187618255615234,0.5276175737380981,0.010371377173763572,0.0033449536731187364,-2.321147453454128,1766201958.0761576
-0.2600105404853821,-0.8189747929573059,0.5275696516036987,0.011043840872336503,0.0038362419980446597,-2.326222640437139,1766201958.0861511
-0.2595445215702057,-0.8191157579421997,0.5275848507881165,0.010202805104549156,0.0017746344064433967,-2.3302081251362314,1766201958.0963194
-0.25887858867645264,-0.8189088702201843,0.5274401903152466,0.010316497584514257,0.002980208625469931,-2.33501868571051,1766201958.1061716
-0.2586787939071655,-0.8190372586250305,0.5276327133178711,0.010269007597342108,0.002322335222346035,-2.3365512772086077,1766201958.1161852
-0.2580486536026001,-0.818963885307312,0.5276366472244263,0.009764077544585388,0.001529104985511239,-2.3396370484049682,1766201958.1162393
-0.25763916969299316,-0.8189942240715027,0.5274461507797241,0.010476493716527592,0.002116120243157077,-2.343964404090912,1766201958.1361108
-0.25748834013938904,-0.818697452545166,0.5277442932128906,0.010052290035526056,0.0017412873200587998,-2.3471997992348195,1766201958.1361625
-0.25764384865760803,-0.819075882434845,0.5276578664779663,0.011119659448422905,0.002200362476603463,-2.3492603936241503,1766201958.146163
-0.25745341181755066,-0.8187982439994812,0.5270665287971497,0.010823653117800317,0.0034208444623392165,-2.3512520578770633,1766201958.1561441
-0.257277250289917,-0.8189600706100464,0.5270867943763733,0.010588003549421805,0.0032418735573019383,-2.3521022380026615,1766201958.1661701
-0.2573215961456299,-0.8190492391586304,0.5268116593360901,0.010362965189060928,0.0031103147550251165,-2.3540912020036635,1766201958.1662226
-0.2575305998325348,-0.8192760944366455,0.5267730355262756,0.010519482597845685,0.003331102583904027,-2.3544415449482057,1766201958.1761148
-0.2574082911014557,-0.8195306062698364,0.5273135304450989,0.010428394563921358,0.0018436335038231912,-2.3532346437770952,1766201958.1861463
-0.257667601108551,-0.8198917508125305,0.5270391702651978,0.010754228796381299,0.0023393287750294485,-2.3542347766982052,1766201958.1961787
-0.25789958238601685,-0.8201607465744019,0.5269249081611633,0.010558011823876983,0.0022910011052837834,-2.3540939950915245,1766201958.2061021
-0.2581601142883301,-0.8204823136329651,0.5269253253936768,0.010700541144699795,0.0024153931713202983,-2.3543274628331647,1766201958.216313
-0.25848597288131714,-0.8208518624305725,0.526931881904602,0.01083929072149217,0.0024827781079833143,-2.3541447581658796,1766201958.216366
-0.25889337062835693,-0.8212038278579712,0.5270310640335083,0.010937632979554327,0.0027382250823569,-2.3544114193618455,1766201958.2261589
-0.2593909502029419,-0.8214604258537292,0.5270198583602905,0.009649761468233077,0.0019226859964798309,-2.3554286218491556,1766201958.2361116
-0.25965794920921326,-0.8220821619033813,0.5270997285842896,0.010508778002200488,0.0018217143918785985,-2.3551145792441126,1766201958.2461357
-0.2600996196269989,-0.8224164247512817,0.5270920991897583,0.010590887415305075,0.0027135099542355636,-2.356538338548712,1766201958.2561455
-0.26095685362815857,-0.8228195309638977,0.5271507501602173,0.01086747412681525,0.0032473753131563128,-2.3557370572687075,1766201958.2661488
-0.26110830903053284,-0.8233829736709595,0.5274480581283569,0.01050918342382687,0.0016138612667063736,-2.3549025670524473,1766201958.2661996
-0.2616789937019348,-0.8241099119186401,0.5271209478378296,0.010069635585081888,0.001552147322967645,-2.35534838139733,1766201958.276079
-0.2623986601829529,-0.8249068856239319,0.5271926522254944,0.010043720195799091,0.00148315950336838,-2.355741767790877,1766201958.286127
-0.26301538944244385,-0.825712263584137,0.5273407697677612,0.010332866608227655,0.0017266537943987385,-2.3564250200124603,1766201958.2961454
-0.26391300559043884,-0.826532244682312,0.5272610187530518,0.00982054532975473,0.0012040350671618922,-2.3554827799770446,1766201958.3061695
-0.2648477554321289,-0.8273116946220398,0.5276179313659668,0.010203677952628679,0.0022312119345846435,-2.354987787147914,1766201958.3161902
-0.26568901538848877,-0.8281499147415161,0.5276541113853455,0.010633941156967669,0.0025763478459855816,-2.354780964586298,1766201958.3162446
-0.26625683903694153,-0.8292042016983032,0.5272407531738281,0.010142817550889966,0.0009086248516963478,-2.35615155806934,1766201958.326333
-0.26725733280181885,-0.8299458026885986,0.5274061560630798,0.01121899913389084,0.00289146697225243,-2.3576054675434417,1766201958.3361242
-0.26805320382118225,-0.8308401703834534,0.5273938179016113,0.011100895933035392,0.001940889782813404,-2.35846839908907,1766201958.346199
-0.2690834403038025,-0.8320543169975281,0.5272765159606934,0.010414014051767914,0.0018310412370828042,-2.3579412805172826,1766201958.3561468
-0.2701161503791809,-0.8331735730171204,0.5273882150650024,0.010543162855279117,0.0013258926215003884,-2.359041049758614,1766201958.3661225
-0.27109161019325256,-0.8344000577926636,0.5272514820098877,0.010309957493953689,0.0018304196605519643,-2.3599200981357114,1766201958.376144
-0.27195242047309875,-0.8354923725128174,0.5272693634033203,0.010654231406295877,0.0019842543068865405,-2.3606205887377407,1766201958.376195
-0.2730623483657837,-0.8368234038352966,0.5270637273788452,0.01064939098914145,0.002108811032201256,-2.3622524803880944,1766201958.3863375
-0.2739165723323822,-0.8380903005599976,0.5271103978157043,0.011242580491022778,0.002361409259122474,-2.364535632046557,1766201958.396134
-0.275385320186615,-0.8393740653991699,0.5271939635276794,0.010792449341538255,0.0009453466234700448,-2.3649845606018256,1766201958.4061577
-0.27629590034484863,-0.8412619233131409,0.5272492170333862,0.011056949419064665,0.0015069424869443907,-2.363473054325731,1766201958.4161773
-0.2774467170238495,-0.8424468636512756,0.5271859765052795,0.010949944252611808,0.0015087664357561299,-2.3671669972516476,1766201958.4162304
-0.2786071002483368,-0.8441025614738464,0.5271895527839661,0.01139984367624776,0.0014829106705431822,-2.369269486851189,1766201958.4261374
-0.279832124710083,-0.8454950451850891,0.5273404121398926,0.01176659752547134,0.0012578155284926015,-2.3688248364084155,1766201958.4461432
-0.28142300248146057,-0.8471499681472778,0.5271621942520142,0.011251719968012967,0.0018339374788219427,-2.37158360306423,1766201958.4461956
-0.28250157833099365,-0.8489428162574768,0.5270780324935913,0.011179778251884612,0.0015850401062979073,-2.3726634301171705,1766201958.4561317
-0.2840474247932434,-0.8506185412406921,0.5270837545394897,0.01140352586910922,0.0009136072606727082,-2.374273279904904,1766201958.4661987
-0.28594350814819336,-0.8521304726600647,0.5269080996513367,0.011782125517982725,0.0019041271084513282,-2.375439897748631,1766201958.4662535
-0.2875848412513733,-0.8541833758354187,0.5269292593002319,0.01107989878464327,0.0024447114917433795,-2.3778243928585665,1766201958.4761462
-0.28886181116104126,-0.8558719158172607,0.5271610617637634,0.01127240095950566,0.002696926265855018,-2.3786457321546894,1766201958.486145
-0.290250301361084,-0.8576366305351257,0.5270686149597168,0.010654775062991905,0.0015462216815618668,-2.380404550282102,1766201958.4961734
-0.2923486828804016,-0.8597227334976196,0.5273003578186035,0.010748901372476041,0.001586300563598323,-2.3802396296967556,1766201958.506196
-0.2941405773162842,-0.861646294593811,0.5271829962730408,0.010061693578161968,0.0009745318151779382,-2.3821465278572007,1766201958.5161474
-0.29612523317337036,-0.8635681867599487,0.5271622538566589,0.010488622135431423,0.001589995999373814,-2.383045096737021,1766201958.5261145
-0.2977939248085022,-0.8655881881713867,0.5272089838981628,0.010643075267499365,0.0012367910411441394,-2.3842592620448935,1766201958.526159
-0.29961785674095154,-0.8679338097572327,0.5268885493278503,0.01012523618411975,0.001634697885144171,-2.3856647537906275,1766201958.5362248
-0.30169230699539185,-0.8700548410415649,0.5269469022750854,0.010066456009326388,0.0013413690147394295,-2.3868463553290535,1766201958.5461588
-0.3037165403366089,-0.8723345398902893,0.527004063129425,0.011371688227615567,0.0021116300591533556,-2.3886535463332375,1766201958.556144
-0.30566343665122986,-0.8747367858886719,0.5274437069892883,0.010908222211341625,0.0016262253426542134,-2.388922758743402,1766201958.5661657
-0.30802905559539795,-0.876873791217804,0.526972234249115,0.011247796633563175,0.002051851516268693,-2.3906850760088445,1766201958.566219
-0.31038475036621094,-0.8791224956512451,0.5268966555595398,0.010790722789929635,0.0017879856077628797,-2.3922991888975695,1766201958.5763261
-0.3122573494911194,-0.8816027641296387,0.526650607585907,0.009033326977875645,0.0011627633011187899,-2.3930417411450065,1766201958.5860887
-0.314616322517395,-0.8840681910514832,0.5271575450897217,0.010642212445271948,0.0017884143686039235,-2.3926749526552995,1766201958.5961478
-0.31702160835266113,-0.8860546350479126,0.527067244052887,0.009960058294490214,0.0002980028448821759,-2.394739254567636,1766201958.6061559
-0.319535493850708,-0.8885989189147949,0.5271066427230835,0.010800594416981491,0.0015888560548134678,-2.395066591924588,1766201958.616143
-0.32219457626342773,-0.8911397457122803,0.5272968411445618,0.01092618360428582,0.0002619551077534057,-2.3961825003662436,1766201958.616194
-0.32429566979408264,-0.8937720656394958,0.5269395709037781,0.010976667594349947,0.0009343042464144683,-2.396650605701499,1766201958.626122
-0.3267265558242798,-0.8965243697166443,0.5267192125320435,0.010980175533670939,0.0015670969061410045,-2.3974785806292283,1766201958.6361923
-0.32963818311691284,-0.8988417983055115,0.5271514654159546,0.011146606926979167,0.0015011021787833159,-2.3973498729851883,1766201958.6461375
-0.3322185277938843,-0.9016863703727722,0.5269755721092224,0.01075024149095149,0.0016572271058718766,-2.3976638359343876,1766201958.6561565
-0.334880530834198,-0.9043014049530029,0.5270382761955261,0.011229273501226492,0.0015961897354101107,-2.3980007863371826,1766201958.6661592
-0.3379015326499939,-0.906886100769043,0.5268257856369019,0.010362163817923547,0.0016297595251114298,-2.3995777859836354,1766201958.6662138
-0.3405766785144806,-0.9097554683685303,0.5268657207489014,0.011832435541056546,0.0026887289913369995,-2.3996462129593223,1766201958.6761231
-0.3438012897968292,-0.9125320911407471,0.5271210670471191,0.012262325564997636,0.0036424512233273585,-2.3999011884802943,1766201958.6861312
-0.34697142243385315,-0.9151843190193176,0.5274714231491089,0.008972168120729805,0.0006834679504596744,-2.4001919754178043,1766201958.6961782
-0.34976235032081604,-0.9179270267486572,0.5270322561264038,0.010852668412733883,0.002633947809390645,-2.40123804783613,1766201958.7061255
-0.35219717025756836,-0.9211247563362122,0.5270664095878601,0.011621867362006523,0.0015787182889007937,-2.4004881144211345,1766201958.7161765
-0.355238139629364,-0.9241520762443542,0.526643693447113,0.012131246514474567,0.0025772022082784754,-2.4008168447295146,1766201958.71623
-0.3589111566543579,-0.9265641570091248,0.5271257162094116,0.011415638771614757,0.0024496461558572405,-2.402250470300125,1766201958.7261553
-0.36160606145858765,-0.9300716519355774,0.5269673466682434,0.011822784368826032,0.0020070350837042786,-2.4003991878525595,1766201958.7361062
-0.3650110960006714,-0.9332437515258789,0.5272123217582703,0.011865629645221948,0.0030018407832196415,-2.399468473532394,1766201958.746186
-0.36765256524086,-0.9362848401069641,0.5268602967262268,0.011906840466598538,0.0013745825715994941,-2.40079625049741,1766201958.7561746
-0.3708327114582062,-0.9395272135734558,0.526837170124054,0.012457721848031485,0.002151720099371674,-2.4008944912174686,1766201958.766148
-0.3746151924133301,-0.9425883889198303,0.5266920924186707,0.01189987970647886,0.0025031783810081074,-2.400615833117654,1766201958.7662032
-0.3778136670589447,-0.9457871317863464,0.5267050266265869,0.012289517679835743,0.0018351404048649685,-2.400482642901188,1766201958.7761092
-0.3809249997138977,-0.9493502378463745,0.5264225006103516,0.011352501852690093,0.001787982311734256,-2.401581644828889,1766201958.7861896
-0.38471493124961853,-0.9523558020591736,0.5266227722167969,0.012927048532735514,0.003119125380597021,-2.4014807397650277,1766201958.7961442
-0.38828593492507935,-0.955880343914032,0.5266260504722595,0.01202189055804171,0.0028086542017732685,-2.4003714551886777,1766201958.8061886
-0.3922213017940521,-0.9587945938110352,0.5265054702758789,0.011481284669581576,0.0032525944167307763,-2.4017816693983356,1766201958.8161771
-0.395529180765152,-0.9627178907394409,0.5265154242515564,0.012930032818367358,0.003939308668625015,-2.4009188042647867,1766201958.816229
-0.39946943521499634,-0.9654709100723267,0.5268150568008423,0.012867275190387308,0.00405151166925919,-2.400889966386431,1766201958.826182
-0.40290650725364685,-0.9694086313247681,0.5269473195075989,0.012977457511595536,0.003527793522544202,-2.4001035347267776,1766201958.836178
-0.4066009819507599,-0.9730746150016785,0.526470959186554,0.013102563240887826,0.004930830248189253,-2.4011479849995854,1766201958.856184
-0.41102755069732666,-0.976299524307251,0.5269889831542969,0.013434668037527141,0.0055423640112381945,-2.401170183136454,1766201958.856237
-0.4141395092010498,-0.9799199104309082,0.5268046855926514,0.014693847019909834,0.004661251127039666,-2.400162685196117,1766201958.866107
-0.4181894361972809,-0.9834177494049072,0.526641845703125,0.013112119470941281,0.004747544034396784,-2.4012597630879515,1766201958.8761377
-0.4215725064277649,-0.9872508645057678,0.5267311930656433,0.014354756735758417,0.004821962827333987,-2.400565361485169,1766201958.8761883
-0.42592814564704895,-0.9910243153572083,0.5267878174781799,0.014428785565533812,0.005512819212475543,-2.4000021589877756,1766201958.8863783
-0.4297179579734802,-0.9942321181297302,0.5266736149787903,0.01469113239731185,0.004545653125124801,-2.4011216093305685,1766201958.896139
-0.43311238288879395,-0.9987391233444214,0.5266963839530945,0.013945535190563216,0.0036812858282540615,-2.4001089488806957,1766201958.906193
-0.4376065135002136,-1.0018539428710938,0.5265365839004517,0.013393951331154747,0.004040530866956878,-2.4012298922733026,1766201958.9161785
-0.44155189394950867,-1.0062812566757202,0.5267172455787659,0.014306396074895257,0.004908931333497472,-2.4008025998363514,1766201958.9162312
-0.44526785612106323,-1.010193943977356,0.5266610383987427,0.0139392403175837,0.004406742416295327,-2.400482858125207,1766201958.9261527
-0.4493279755115509,-1.0138890743255615,0.5264734029769897,0.012108795040545439,0.003653785450206111,-2.4023542711233814,1766201958.9363184
-0.4532254934310913,-1.018096923828125,0.5265576243400574,0.012957117491680822,0.004093996178622756,-2.4007161838127424,1766201958.9462037
-0.45752209424972534,-1.0219160318374634,0.526544451713562,0.012780092515380797,0.004259016131946279,-2.402080134433246,1766201958.9561334
-0.46118566393852234,-1.0262970924377441,0.5266410112380981,0.012582455350277737,0.003945203273997382,-2.4004496448097123,1766201958.9662023
-0.46555423736572266,-1.0303586721420288,0.5265000462532043,0.01296531284853795,0.004579265402603199,-2.399399752040714,1766201958.9662545
-0.46988368034362793,-1.0341790914535522,0.5269914269447327,0.013561010083144255,0.0057414825498217385,-2.3989564310822935,1766201958.9761357
-0.4739219844341278,-1.0385452508926392,0.5265708565711975,0.013275418151969313,0.004711135279153244,-2.3993080527729553,1766201958.986138
-0.4783865213394165,-1.0427052974700928,0.5267115235328674,0.013006421917679027,0.004497587648022278,-2.397819079061589,1766201958.9961717
-0.48221564292907715,-1.0470854043960571,0.526889443397522,0.013327465565338863,0.003621837371612416,-2.396062508264018,1766201959.006166
-0.4869149923324585,-1.0512596368789673,0.5264754295349121,0.012589285853034432,0.004100486921290275,-2.3968200715310695,1766201959.0161455
-0.4918288588523865,-1.0553088188171387,0.5265606045722961,0.013317487337201794,0.005105166702386646,-2.394964544736908,1766201959.0161955
-0.49694913625717163,-1.0596791505813599,0.5272387266159058,0.01382518752598612,0.004474783885773606,-2.3942763928015562,1766201959.0261078
-0.5010573863983154,-1.0638400316238403,0.5266633629798889,0.011126734116430167,0.0036108732948927024,-2.3920324330300904,1766201959.0363262
-0.5051203370094299,-1.0681657791137695,0.5266761183738708,0.01353909258315066,0.004217855918765975,-2.387771353899664,1766201959.0461347
-0.5106285810470581,-1.0722239017486572,0.5267672538757324,0.011061100695079713,0.003991226491438823,-2.3864040249477707,1766201959.0561688
-0.5146591067314148,-1.0769052505493164,0.5264614820480347,0.014319318232079431,0.005309522413994721,-2.38255361871913,1766201959.06616
-0.519519031047821,-1.0813851356506348,0.5267187356948853,0.0139982637024486,0.005330482042261805,-2.3797551797497185,1766201959.0662124
-0.5251656174659729,-1.0855053663253784,0.5269567370414734,0.014064652273772595,0.00441378946339073,-2.3792714538971325,1766201959.0761487
-0.5294079184532166,-1.0899043083190918,0.5269768238067627,0.011246587523739315,0.002812565322581861,-2.374372060891408,1766201959.0861628
-0.5340970158576965,-1.0948281288146973,0.5270043015480042,0.013141299802861179,0.0038445511926930667,-2.367408552858121,1766201959.0961776
-0.5389300584793091,-1.0993030071258545,0.5264246463775635,0.014443565630041986,0.005950634438216025,-2.365548436245827,1766201959.1061547
-0.5439860224723816,-1.1039245128631592,0.5264681577682495,0.014150511170482896,0.005118285575320528,-2.3617974001378896,1766201959.116111
-0.5492631196975708,-1.1084411144256592,0.5268911719322205,0.012116487878948859,0.0034331913979766936,-2.356368738946797,1766201959.1161544
-0.5537415146827698,-1.1130919456481934,0.5261180996894836,0.014318210072711012,0.006174524075026184,-2.351542278959745,1766201959.126127
-0.5591152310371399,-1.117652177810669,0.5271239876747131,0.012160368019766278,0.004366376164957565,-2.344305388776349,1766201959.1361578
-0.5641891360282898,-1.12234365940094,0.5265042781829834,0.015061310457273694,0.0070869682336236065,-2.340338677209935,1766201959.1461236
-0.57060307264328,-1.1262106895446777,0.5276219844818115,0.01057875925112968,0.005197557474718722,-2.3322053997106433,1766201959.156148
-0.5739842653274536,-1.1316001415252686,0.5263579487800598,0.014353997043743247,0.005979440376637627,-2.3276349042529603,1766201959.166168
-0.5791367888450623,-1.136470079421997,0.5259422659873962,0.014968051445830997,0.007353261222981928,-2.3218568136848017,1766201959.1662207
-0.5841488242149353,-1.1408621072769165,0.5264483690261841,0.016014908237419353,0.007343957906172884,-2.3147069081312805,1766201959.1760905
-0.590411901473999,-1.1452184915542603,0.5272554755210876,0.011776861606331901,0.005149826068951098,-2.3062702243348285,1766201959.1861937
-0.5953626036643982,-1.1500519514083862,0.527127206325531,0.011764816171427392,0.004634460529999422,-2.2984121613525748,1766201959.1961482
-0.5998147130012512,-1.1549092531204224,0.5268993973731995,0.014664556778005832,0.004320846482851364,-2.293574533236393,1766201959.206159
-0.6038069725036621,-1.1597638130187988,0.5261467099189758,0.014864768439594386,0.005274888549148249,-2.2826690134141367,1766201959.216176
-0.6088169813156128,-1.1643668413162231,0.5263408422470093,0.0149715115182273,0.005759642601657234,-2.2734725561226132,1766201959.226155
-0.6140132546424866,-1.168796181678772,0.526648998260498,0.014824952642439378,0.005803288910650561,-2.2670289514420348,1766201959.2262046
-0.6185838580131531,-1.1735402345657349,0.5262596607208252,0.015271746006207058,0.005927829593121063,-2.2585645740250713,1766201959.2361195
-0.6226761937141418,-1.1783215999603271,0.5261289477348328,0.014602988781340155,0.005740909129086903,-2.2467277865523765,1766201959.245988
-0.62771075963974,-1.183006763458252,0.5261713862419128,0.0141485500244907,0.0064854351122494176,-2.238745939775834,1766201959.2661166
-0.6368928551673889,-1.1919275522232056,0.5261978507041931,0.014803200126729936,0.006877080656201104,-2.2210857456502286,1766201959.2661753
-0.6411126852035522,-1.196462631225586,0.5261887907981873,0.015905484044490437,0.007593408645428455,-2.212567887957545,1766201959.2761307
-0.6455415487289429,-1.2008185386657715,0.5258916020393372,0.015622810593972598,0.007866575566459746,-2.2034915522128573,1766201959.286154
-0.6497430801391602,-1.205162763595581,0.5260291695594788,0.013619726461160114,0.006497827476349517,-2.1936246417657426,1766201959.2961264
-0.6538835763931274,-1.2095881700515747,0.5258778929710388,0.01609047764371878,0.007305662994661145,-2.1852212314972097,1766201959.3061666
-0.6574954986572266,-1.2140260934829712,0.5254972577095032,0.016039441253315235,0.006594761449010623,-2.17588782136442,1766201959.3161726
-0.6612626314163208,-1.218585729598999,0.5257974863052368,0.016839399389546476,0.0053942742657138885,-2.165125226047463,1766201959.3162248
-0.6652272939682007,-1.222656011581421,0.5253451466560364,0.016525379045213423,0.0059333790167540555,-2.1573472678627272,1766201959.3261364
-0.6691352128982544,-1.2268414497375488,0.5256458520889282,0.017365772989269817,0.005459041799361636,-2.149048682842428,1766201959.3361683
-0.6725321412086487,-1.2311877012252808,0.5252379179000854,0.01692773455909721,0.00522792605378147,-2.1383727414985847,1766201959.3561695
-0.6755934953689575,-1.2354391813278198,0.5254611968994141,0.01733528610366296,0.005495011689154144,-2.1257003478936545,1766201959.3562214
-0.6805071234703064,-1.2390105724334717,0.5254607796669006,0.01719550992705273,0.004807655310520318,-2.1242664476133686,1766201959.366136
-0.6833466291427612,-1.2435916662216187,0.5252697467803955,0.017482850983311045,0.004827286442974839,-2.1105420153186483,1766201959.376138
-0.6882403492927551,-1.2471143007278442,0.5263090133666992,0.01653838435461846,0.005061012774571638,-2.1045564936116543,1766201959.3761878
-0.6906349062919617,-1.2513697147369385,0.5257959961891174,0.01630260897833605,0.004285545828368543,-2.092708374497801,1766201959.3861485
-0.6942085027694702,-1.2552293539047241,0.5257565379142761,0.01624187686498504,0.00536128168616651,-2.0847585159963264,1766201959.3961074
-0.6969618201255798,-1.2593247890472412,0.5258751511573792,0.014849841026948633,0.004304546501356756,-2.0730514158284765,1766201959.406146
-0.7001800537109375,-1.2633206844329834,0.5258334279060364,0.015285158184652621,0.004668717870709094,-2.0651342114574107,1766201959.4161692
-0.7033419013023376,-1.267066240310669,0.5253724455833435,0.016111322584934876,0.004642093145795595,-2.058150457014778,1766201959.4162207
-0.7055515050888062,-1.2713954448699951,0.5249389410018921,0.016535076823898678,0.004284698762879483,-2.045292551086265,1766201959.4260795
-0.7085292935371399,-1.2748913764953613,0.525378942489624,0.016802790911856727,0.00429038723073261,-2.037682521615966,1766201959.4363105
-0.7121415138244629,-1.2786773443222046,0.5258565545082092,0.015469596247778194,0.0037104896397453543,-2.028541885112737,1766201959.446142
-0.7150564789772034,-1.2819541692733765,0.5262547731399536,0.009619296792930332,0.0025394432436262504,-2.0157496749631445,1766201959.4561355
-0.7175013422966003,-1.2862014770507812,0.5260809063911438,0.011575679280878196,0.0017998937323262004,-2.00825559859593,1766201959.4661877
-0.7199833393096924,-1.290542483329773,0.5259672403335571,0.012248348657829877,0.0036893496006668047,-2.000363403510402,1766201959.4662397
-0.7221258878707886,-1.2934463024139404,0.5263131260871887,0.013286935217374386,0.00268208499777356,-1.9893180545068978,1766201959.4761317
-0.7239829301834106,-1.297271490097046,0.5254448056221008,0.012606284504448144,0.0026879527234238325,-1.9822240002480414,1766201959.486137
-0.7267398834228516,-1.3011302947998047,0.5260899662971497,0.011502924390734652,0.002906981591847742,-1.9719986053071743,1766201959.4961734
-0.7290669083595276,-1.3048492670059204,0.5260632634162903,0.012337715714190057,0.0031309416507582883,-1.963816566138983,1766201959.506164
-0.7312241196632385,-1.3080964088439941,0.5261818766593933,0.012872192432505007,0.003337035870542763,-1.95446350745448,1766201959.516138
-0.7339755296707153,-1.3118962049484253,0.5260658860206604,0.013624585849860165,0.005045714408777195,-1.94623329316068,1766201959.5161896
-0.7353870868682861,-1.3152556419372559,0.5262133479118347,0.010169231008139042,0.0034716812534846186,-1.936824861507574,1766201959.526123
-0.738073468208313,-1.3189080953598022,0.5259855389595032,0.012967287024302901,0.0038303384776396565,-1.9298856051062427,1766201959.5361693
-0.7402393817901611,-1.3222299814224243,0.5260450839996338,0.012521726342068006,0.0038194236891601167,-1.9213198529731823,1766201959.5461814
-0.7419897317886353,-1.3258142471313477,0.5260272026062012,0.012488107996122488,0.0037278802305115376,-1.9148867554354487,1766201959.5561736
-0.7435523867607117,-1.3291571140289307,0.525973379611969,0.011772151461563903,0.0031374424380018156,-1.90725507132692,1766201959.5661876
-0.7448661923408508,-1.332764744758606,0.5258617997169495,0.011285859198860397,0.0022425079472420998,-1.902035443378636,1766201959.5662386
-0.7464295625686646,-1.3363146781921387,0.5254878997802734,0.011460237258861108,0.0025599892464957127,-1.8961320624633686,1766201959.5761716
-0.7487132549285889,-1.3389687538146973,0.5262278318405151,0.012456556686831002,0.002531560028661391,-1.8877206370919584,1766201959.5861003
-0.7503649592399597,-1.3424514532089233,0.5260457396507263,0.011993196308110734,0.0030984723531914298,-1.8822153259791012,1766201959.5961676
-0.7513628005981445,-1.3459103107452393,0.5258656144142151,0.012413910463118571,0.0014068434460427534,-1.8768618125426788,1766201959.6062007
-0.7530251741409302,-1.3489519357681274,0.5262591242790222,0.012690731970024897,0.002657461615704957,-1.8714124369521343,1766201959.6161172
-0.754552960395813,-1.3521807193756104,0.5260774493217468,0.012515480624223758,0.002336572735701611,-1.867222376818437,1766201959.6161852
-0.7557271718978882,-1.3555917739868164,0.5259079933166504,0.01309590059801271,0.002223075607148619,-1.862932229528075,1766201959.626135
-0.7569342851638794,-1.3588128089904785,0.5260331034660339,0.013553062958782891,0.0021583557972878367,-1.8583804419406469,1766201959.636169
-0.7578507661819458,-1.3617545366287231,0.5260763168334961,0.01290315913329175,0.0023418349706508784,-1.8530434547626213,1766201959.6461425
-0.7591099143028259,-1.3650680780410767,0.5262361168861389,0.013290136538284364,0.0016919411455130207,-1.850830045982617,1766201959.656171
-0.7605244517326355,-1.3680732250213623,0.5263197422027588,0.013089375488744589,0.0026355842783680364,-1.8467637827730636,1766201959.666143
-0.7610267400741577,-1.3710507154464722,0.5258760452270508,0.013835181152788775,0.00223457904810608,-1.843608282016735,1766201959.666193
-0.7622750997543335,-1.3738449811935425,0.5259019136428833,0.01292285712361576,0.0028818676622479503,-1.8407842305825428,1766201959.6761732
-0.7629992365837097,-1.3767874240875244,0.525804340839386,0.012141326503330266,0.002202267217020917,-1.8391640755915453,1766201959.6861484
-0.7639467120170593,-1.3795970678329468,0.5262973308563232,0.011889140986471014,0.0022722248489004263,-1.8354923360196913,1766201959.6961725
-0.7649781703948975,-1.382407307624817,0.5262706875801086,0.012278226856192344,0.0023068235616070577,-1.8330108332817496,1766201959.7061288
-0.7657943367958069,-1.3846466541290283,0.5261937975883484,0.012071413544675079,0.0027714845366211167,-1.8295219350807552,1766201959.716177
-0.7665092945098877,-1.3876690864562988,0.5260983109474182,0.013339889843913209,0.002270215229472383,-1.829381433885218,1766201959.7162297
-0.767329216003418,-1.3901342153549194,0.5260142087936401,0.012904982508494884,0.0021681638334745813,-1.8276727437199216,1766201959.7261634
-0.767919659614563,-1.3924946784973145,0.5264168381690979,0.011902239736559767,0.0018389162152102837,-1.8245227960260613,1766201959.7361755
-0.7685605883598328,-1.3949673175811768,0.5261805057525635,0.013080881748999964,0.0016836125569359825,-1.8240329117627332,1766201959.7461045
-0.768972635269165,-1.3973822593688965,0.525820255279541,0.013798072039728639,0.0015382050845481022,-1.8228227806971258,1766201959.756172
-0.7698282599449158,-1.3997719287872314,0.5259790420532227,0.012530511833814319,0.0020319369578617177,-1.8204533738582205,1766201959.7661605
-0.7706220746040344,-1.4019020795822144,0.5263146162033081,0.012460745989155534,0.00241916470163998,-1.8178892951065722,1766201959.7761362
-0.7709832787513733,-1.404245376586914,0.5259726643562317,0.012885192794526481,0.0019843739629189423,-1.817498723635972,1766201959.7761836
-0.7714023590087891,-1.4062752723693848,0.5264342427253723,0.011480589515470312,0.001979735975566682,-1.8145038663009974,1766201959.7861593
-0.77198725938797,-1.408428430557251,0.5259959697723389,0.013306783642359942,0.0022492390531370057,-1.8132580872110484,1766201959.7961738
-0.7730889916419983,-1.4102764129638672,0.5261945128440857,0.011214928284667296,0.0025137877501323624,-1.80864003887552,1766201959.8061433
-0.7733988165855408,-1.4124646186828613,0.5264430046081543,0.012488846939319708,0.0021834847896427477,-1.8069809792561347,1766201959.81618
-0.7736434936523438,-1.4143166542053223,0.526137113571167,0.010237384487672998,0.0013487814447094048,-1.804397020400747,1766201959.8162317
-0.7749059796333313,-1.4160202741622925,0.5263246893882751,0.011215769971667509,0.0024824293372888422,-1.8001050181530769,1766201959.82615
-0.7753089666366577,-1.417970061302185,0.5260840058326721,0.012882692638136468,0.0014215869212933587,-1.7988859898959642,1766201959.8361335
-0.7756509780883789,-1.419646978378296,0.5261303186416626,0.011286033384240782,0.0008483524124303232,-1.7949181058405832,1766201959.8461304
-0.7765332460403442,-1.4213507175445557,0.5261896848678589,0.012289069019088645,0.0008364206340151164,-1.790790418397061,1766201959.856139
-0.7769451141357422,-1.4229934215545654,0.5260383486747742,0.01217972455827535,2.8072152958679954e-05,-1.7874710613272349,1766201959.8661237
-0.7780068516731262,-1.4245294332504272,0.5259737372398376,0.01270323711088059,-0.00010256178456190157,-1.782821024137867,1766201959.87615
-0.7785931825637817,-1.4263272285461426,0.526008129119873,0.012829255798132835,-0.00047166663269103935,-1.778401903843625,1766201959.8761997
-0.7791843414306641,-1.427921175956726,0.5259612798690796,0.011879178291015438,-0.0004171629039050332,-1.77413136763276,1766201959.8861256
-0.7799513936042786,-1.429465413093567,0.5261465311050415,0.010976877908017924,-0.00014911493549372239,-1.76907755438089,1766201959.8961267
-0.7807251811027527,-1.4311259984970093,0.5261672735214233,0.012460176362285589,6.029110556657955e-06,-1.7639451318694774,1766201959.9061587
-0.7812905311584473,-1.4326497316360474,0.5261691808700562,0.011958593492988891,-0.00025364033875245595,-1.7584411717820052,1766201959.9161723
-0.7823169231414795,-1.4341208934783936,0.5258772969245911,0.012174429440776645,0.00025638164752112084,-1.7529848024469012,1766201959.9162252
-0.7826129198074341,-1.4359171390533447,0.5258419513702393,0.01086671511804591,2.8614126348064407e-05,-1.7467903830910527,1766201959.926138
-0.783371090888977,-1.4371901750564575,0.5259557962417603,0.011759695402404857,8.018710984410458e-05,-1.7406149234472266,1766201959.9361746
-0.7841804623603821,-1.4386935234069824,0.5260537266731262,0.011973763527575483,-7.265521869224693e-05,-1.734749569175476,1766201959.9461534
-0.7848806381225586,-1.4402008056640625,0.5259955525398254,0.0122461448460422,-0.00043109849148822705,-1.7274689230875624,1766201959.9561417
-0.7857212424278259,-1.44154691696167,0.5261093378067017,0.011595772104899134,-0.0005444611622459342,-1.7208502139272848,1766201959.9661546
-0.7863984704017639,-1.4431577920913696,0.5261135101318359,0.01184936687428848,-0.0009120653054797844,-1.714700474427344,1766201959.9662051
-0.7872104644775391,-1.4444451332092285,0.5263245105743408,0.011281963617183715,0.00010385683002637706,-1.7061794884851769,1766201959.9761178
-0.7880659103393555,-1.4458003044128418,0.5262542366981506,0.01180886922582712,-0.00036279084349082405,-1.698975229125189,1766201959.9861553
-0.7886223196983337,-1.447242021560669,0.5263392329216003,0.011076880221917119,-0.0004615446300763925,-1.6915466533975214,1766201959.9960675
-0.7898041009902954,-1.4484682083129883,0.5259870290756226,0.011414772640656868,-0.00044477419701466234,-1.6832368089204552,1766201960.0061836
-0.7902459502220154,-1.4498356580734253,0.5260697603225708,0.01146079783464933,-0.0012738804357511505,-1.6762612204860523,1766201960.016176
-0.7912028431892395,-1.451033115386963,0.5262041687965393,0.011041979265746718,-0.0006760789371943196,-1.6670385917329564,1766201960.016229
-0.7917249202728271,-1.452485203742981,0.5262323617935181,0.011184215478212706,-0.0007370097427373742,-1.6592352606984044,1766201960.0261045
-0.7924261689186096,-1.4536813497543335,0.5260993838310242,0.011030819317541558,-0.000615878505971547,-1.6511853313514357,1766201960.0363123
-0.793381929397583,-1.4549148082733154,0.5260629057884216,0.010847309863290511,-0.0007171927571720881,-1.6422097453658895,1766201960.0461893
-0.794439971446991,-1.4559566974639893,0.5261666774749756,0.010453329927465312,-0.0008064360572805481,-1.6330792977643136,1766201960.0561016
-0.794968843460083,-1.4573734998703003,0.5260429978370667,0.010798406619967234,-0.0002843266398525509,-1.6254429434114979,1766201960.0661914
-0.7957788109779358,-1.4585037231445312,0.5262740254402161,0.010669055274540208,-0.0005538499764721094,-1.6164281077120646,1766201960.0662448
-0.7966839075088501,-1.4596186876296997,0.5262951254844666,0.011146915334985373,-1.5912770055945322e-05,-1.6074718544721105,1766201960.0761812
-0.7972034811973572,-1.4607559442520142,0.5261534452438354,0.01035511200296065,2.5484826055107647e-05,-1.5995506569829556,1766201960.0861442
-0.7982162833213806,-1.4616367816925049,0.526172935962677,0.01122592810039735,-0.00014726706533043073,-1.5901559760961759,1766201960.0961838
-0.7988987565040588,-1.4625250101089478,0.5261027812957764,0.010616392765830294,1.5554007924304588e-05,-1.5815439773843738,1766201960.1061828
-0.7996608018875122,-1.463500738143921,0.5262300968170166,0.010485962483328568,3.653874677924843e-05,-1.5724254706259069,1766201960.116138
-0.8003026247024536,-1.4642647504806519,0.5260324478149414,0.010772288870001845,2.5817605260111775e-05,-1.564849594269678,1766201960.1161866
-0.8010004758834839,-1.465120792388916,0.5261433124542236,0.010103507945405868,6.7286928030030475e-06,-1.556186362319781,1766201960.1261601
-0.8014816045761108,-1.4657840728759766,0.5260931849479675,0.010622108023009643,0.00024620578721318547,-1.5485418910844329,1766201960.1361406
-0.8020387291908264,-1.4664465188980103,0.5262085795402527,0.011078697990589675,-9.809057178864134e-05,-1.540634981423342,1766201960.1461341
-0.8027883768081665,-1.4668300151824951,0.5259627103805542,0.010119682194445976,-0.00023412862979190778,-1.531503420568618,1766201960.1561384
-0.803286612033844,-1.4674103260040283,0.526216447353363,0.01006064063416141,0.00010923456328125334,-1.5242759634221466,1766201960.1661127
-0.8036892414093018,-1.4680300951004028,0.5259119868278503,0.009809423966929954,0.00027907646324827113,-1.5173347019551036,1766201960.1661558
-0.8044446706771851,-1.4683305025100708,0.5257801413536072,0.010248338146087754,-5.9062129084430915e-06,-1.5103092449848148,1766201960.1860983
-0.8052980303764343,-1.4684712886810303,0.526373565196991,0.011901981265873697,-0.0005900990680115057,-1.5022085462959993,1766201960.1861386
-0.8058809041976929,-1.4688326120376587,0.5264973640441895,0.011293725609787246,-0.000769615241315566,-1.494893056085069,1766201960.1960714
-0.8064151406288147,-1.468955159187317,0.5263577699661255,0.011585332787152026,-0.0008290794245350551,-1.487810941383285,1766201960.2060082
-0.8068604469299316,-1.4691135883331299,0.5265389680862427,0.011212015328081587,-0.0010637752094603678,-1.4810972219644563,1766201960.2161076
-0.8073542714118958,-1.469190001487732,0.5262545943260193,0.011160464658049431,-0.0010733273704949433,-1.4748218112355804,1766201960.2161324
-0.8079457879066467,-1.469181776046753,0.5260375738143921,0.010737406578806981,-0.0011510418679551756,-1.4675683047107053,1766201960.2260978
-0.8083614110946655,-1.4692693948745728,0.5260854363441467,0.010946935862330278,-0.0011367976812931236,-1.4616076418097974,1766201960.236126
-0.8089843988418579,-1.4692277908325195,0.5262241959571838,0.010205828145651376,-0.001714831768346296,-1.4549531843719636,1766201960.2461884
-0.8093798160552979,-1.469092845916748,0.5261199474334717,0.009547188182111744,-0.0015495720227351542,-1.4486725099826012,1766201960.256165
-0.8100329637527466,-1.469007134437561,0.5257298350334167,0.00994598204261593,-0.0016994244266719289,-1.4432960840096967,1766201960.2661476
-0.8107396364212036,-1.4692987203598022,0.5262727737426758,0.011660519566888246,-0.002410491580767697,-1.4401450379271452,1766201960.2661989
-0.8110194802284241,-1.4689511060714722,0.525856614112854,0.010862658578473312,-0.002252366994242841,-1.4337011862692766,1766201960.2861946
-0.8111796379089355,-1.4690215587615967,0.5259814262390137,0.01019357474430936,-0.0022379132862313388,-1.4292557447237237,1766201960.2862463
-0.8119372129440308,-1.4689762592315674,0.5262631177902222,0.010629164810739682,-0.0027718622680033018,-1.4257209227921643,1766201960.296192
-0.8121212720870972,-1.4687161445617676,0.5257846713066101,0.009999554577813902,-0.002542352280094129,-1.4206346563941992,1766201960.3061275
-0.8126626014709473,-1.4686390161514282,0.5262160897254944,0.011120705409205392,-0.0026779847872698504,-1.417098681961627,1766201960.3161824
-0.8129863142967224,-1.4685205221176147,0.525983452796936,0.010297188866593393,-0.0023298127469579327,-1.4134276686265677,1766201960.3162358
-0.8133757710456848,-1.4683518409729004,0.5255547165870667,0.010429924930777152,-0.0033059918312516173,-1.4101127699981397,1766201960.326192
-0.8136057257652283,-1.4682055711746216,0.5255635380744934,0.010174794240395604,-0.003174673269536567,-1.4071238256483993,1766201960.336124
-0.8136757016181946,-1.468158483505249,0.5257170796394348,0.010513152998137395,-0.003126242785364161,-1.4050734580440714,1766201960.346188
-0.8140248656272888,-1.4681320190429688,0.5257574319839478,0.010637092184831193,-0.0034376984281960154,-1.4031306126579448,1766201960.3561394
-0.8140899538993835,-1.4681005477905273,0.5256659984588623,0.010157916161459418,-0.0032461957971955013,-1.4010907113824407,1766201960.3661332
-0.814129114151001,-1.4680324792861938,0.5255889296531677,0.00988094479117904,-0.00314631619144978,-1.399302694655357,1766201960.366182
-0.8142745494842529,-1.4680365324020386,0.5256084203720093,0.010135237865527884,-0.0031206896533305857,-1.3981283184411701,1766201960.3761013
-0.8143254518508911,-1.4680145978927612,0.5255951285362244,0.009979362989458675,-0.003173899301679091,-1.3970963098351432,1766201960.3862062
-0.8143799304962158,-1.4680020809173584,0.5256118774414062,0.00958058748641834,-0.003066138954077892,-1.395849882433035,1766201960.3961282
-0.8144434690475464,-1.4680575132369995,0.5256333351135254,0.00971958243117428,-0.003019898912951941,-1.395357000378689,1766201960.406194
-0.8143324255943298,-1.4681382179260254,0.5256133079528809,0.009175593283102126,-0.0026392530909712447,-1.3949234613880643,1766201960.4161744
-0.814386785030365,-1.4682236909866333,0.5255832672119141,0.00950196843008718,-0.002752964554716294,-1.3949539103199142,1766201960.416227
-0.8144243955612183,-1.4682046175003052,0.5256108641624451,0.009381754471316662,-0.0029933661127497773,-1.3947005986783019,1766201960.4261446
-0.8144303560256958,-1.4683213233947754,0.5256184339523315,0.009460008039492651,-0.002999075951712792,-1.3948960090724043,1766201960.4361775
-0.8143834471702576,-1.4684337377548218,0.5256204009056091,0.009585717638539324,-0.0030401755435837097,-1.3952484474860807,1766201960.4461367
-0.8143616318702698,-1.468571662902832,0.525634765625,0.009849878804168072,-0.0029679646627417088,-1.3958479997628845,1766201960.4561453
-0.814179003238678,-1.4686752557754517,0.5256460905075073,0.009822060612013406,-0.0029128773565638695,-1.3965608724785668,1766201960.4661982
-0.8142406940460205,-1.4689135551452637,0.5258419513702393,0.010544545022459705,-0.0029166689269771186,-1.397526734362936,1766201960.466249
-0.8141623735427856,-1.4691290855407715,0.5258737802505493,0.01065510981660347,-0.003006881815866153,-1.3986643921857151,1766201960.4761713
-0.8140787482261658,-1.4692579507827759,0.5259101986885071,0.01113965552259065,-0.0026943895108545403,-1.3995401324546417,1766201960.4861443
-0.8137484788894653,-1.4693552255630493,0.5258872509002686,0.010811629345851117,-0.0027956624386907395,-1.4006527498587633,1766201960.4961824
-0.8137195706367493,-1.469538927078247,0.525934100151062,0.010850824362198627,-0.002819153167404533,-1.4017056551075513,1766201960.5061586
-0.8135010004043579,-1.4697070121765137,0.5259435772895813,0.010720409093372458,-0.002601841330209588,-1.4029019228349922,1766201960.5161748
-0.8133912086486816,-1.469955325126648,0.5261162519454956,0.010928580112398119,-0.0018351720042795758,-1.40406837334215,1766201960.526097
-0.8132779598236084,-1.470214605331421,0.5261974334716797,0.01109932978982158,-0.00188183918736352,-1.4054007680026783,1766201960.5261405
-0.8133529424667358,-1.4700219631195068,0.5261328816413879,0.010977641931778971,-0.00208057908689138,-1.4056887782930652,1766201960.536169
-0.8130336403846741,-1.4703389406204224,0.5260714888572693,0.010607671278705405,-0.001664340660374331,-1.4074865043288405,1766201960.5461953
-0.8129898309707642,-1.4704574346542358,0.5260810256004333,0.010812881303776264,-0.0015822820245503678,-1.4082457192052211,1766201960.556106
-0.8128731846809387,-1.470639944076538,0.5259966254234314,0.010948328830246162,-0.0015536602468487438,-1.4095796545356927,1766201960.5662003
-0.812675952911377,-1.4706065654754639,0.5258663296699524,0.009848556083319613,-0.0018482368091206674,-1.410082860111271,1766201960.5662518
-0.8125588893890381,-1.4706006050109863,0.5256924629211426,0.009651834177646602,-0.0018209207871720879,-1.4103302430090205,1766201960.576172
-0.8125,-1.4706900119781494,0.5257521271705627,0.009603638902870746,-0.0020200279395094505,-1.4111403448331368,1766201960.5961792
-0.8125410676002502,-1.4709476232528687,0.5260019898414612,0.009938513387566187,-0.002438895503016858,-1.412866054230353,1766201960.5962322
-0.8126264214515686,-1.4710440635681152,0.5263475179672241,0.010938377791240439,-0.001993956298068275,-1.4131034965853044,1766201960.6061943
-0.8125317692756653,-1.470899224281311,0.5261985063552856,0.010828167105334043,-0.0015523606271074008,-1.4121007497319855,1766201960.6161497
-0.8125953674316406,-1.471054196357727,0.5263346433639526,0.01109716047846025,-0.0019773411849165986,-1.4133852475786617,1766201960.6161988
-0.8124297261238098,-1.471031904220581,0.5260311961174011,0.009893905139344345,-0.0022010833403284004,-1.4134606505609306,1766201960.626128
-0.8126571178436279,-1.4710317850112915,0.5263570547103882,0.011164694557791384,-0.0018869347324587627,-1.4131189362944703,1766201960.6361818
-0.8124717473983765,-1.4707454442977905,0.5257338285446167,0.009447396915953242,-0.0019468813656035857,-1.4114519552161715,1766201960.6461504
-0.8125540018081665,-1.4706830978393555,0.525737464427948,0.0095678007403676,-0.0020344399406685035,-1.4111708555808136,1766201960.6561773
-0.8125553727149963,-1.4706385135650635,0.5257278084754944,0.009443706000754053,-0.002057280890532918,-1.4106463085091985,1766201960.666146
-0.8128100633621216,-1.4706904888153076,0.5260798335075378,0.010880600328803773,-0.0016384707873368066,-1.4106246543596266,1766201960.6661963
-0.8128803372383118,-1.4705908298492432,0.5260602235794067,0.010972311592091444,-0.0018618358432014076,-1.4102688688349212,1766201960.6760855
-0.8129953145980835,-1.4704906940460205,0.5261593461036682,0.010934717069796887,-0.0018722097547471464,-1.40940122567285,1766201960.6861134
-0.813043475151062,-1.4703516960144043,0.5261377692222595,0.011005787439321405,-0.0019368393715754467,-1.408727250122067,1766201960.6961403
-0.81316077709198,-1.4701995849609375,0.5261431336402893,0.011183700597286595,-0.0019648459551509984,-1.4076197362805467,1766201960.7061343
-0.8131376504898071,-1.4700515270233154,0.5261118412017822,0.010693847189280199,-0.0019614110943286544,-1.4071299240783077,1766201960.7161777
-0.8131729960441589,-1.4701087474822998,0.526192843914032,0.011076047871376034,-0.0024556050418516107,-1.4069466693963912,1766201960.7162302
-0.8132452368736267,-1.4700744152069092,0.5261902213096619,0.011158149596016423,-0.0025848361395274374,-1.4064447635715636,1766201960.7261431
-0.8132977485656738,-1.469868540763855,0.5260500907897949,0.010787630208195995,-0.0029306654404980107,-1.405476218881691,1766201960.7361448
-0.8133449554443359,-1.4697462320327759,0.5260133743286133,0.010714566311220872,-0.0028907787357987003,-1.4047708258753226,1766201960.746192
-0.8134050369262695,-1.4695380926132202,0.5259312391281128,0.010628948033371664,-0.0027173672632754375,-1.4038139082916772,1766201960.7561617
-0.8134779930114746,-1.4696400165557861,0.5260405540466309,0.010914784034510759,-0.0032079940127627865,-1.4041213825022383,1766201960.7661812
-0.8136420249938965,-1.4694451093673706,0.5260128378868103,0.011212278301211761,-0.0029121601999176497,-1.4031122166539103,1766201960.7662337
-0.8136079907417297,-1.4693790674209595,0.5259567499160767,0.010874918291754802,-0.0031767316296062074,-1.4030524793787673,1766201960.7760823
-0.8137036561965942,-1.469317078590393,0.5259564518928528,0.010947603445868192,-0.003224206396352103,-1.4026406609655786,1766201960.7861922
-0.8137030601501465,-1.4693127870559692,0.5259688496589661,0.010963541521179825,-0.0033163501945954904,-1.4026344012004697,1766201960.7961812
-0.8138175010681152,-1.469333291053772,0.5260112881660461,0.011427797691322584,-0.0032884244779458143,-1.4024434519128697,1766201960.80613
-0.8138138055801392,-1.4693098068237305,0.5259999632835388,0.011303339440844678,-0.0032654749360956506,-1.4023451346459428,1766201960.8161807
-0.8137462735176086,-1.469280481338501,0.5259307026863098,0.010955317464520008,-0.003213594738962136,-1.4022903887906757,1766201960.8162339
-0.8136929869651794,-1.4693547487258911,0.5259894132614136,0.010995023997327748,-0.0032597106724828826,-1.4026863435519716,1766201960.8261733
-0.8137405514717102,-1.4694494009017944,0.5261006951332092,0.011479793338802943,-0.0034072365511740497,-1.4029981907393632,1766201960.836138
-0.8137218356132507,-1.469552755355835,0.5260477662086487,0.011522082091464539,-0.003482544514286795,-1.4031639462438892,1766201960.8461974
-0.8136258125305176,-1.4693918228149414,0.5259214043617249,0.010753969314473793,-0.0029528896564141364,-1.402691036679821,1766201960.8561785
-0.8136124014854431,-1.4695310592651367,0.5259994864463806,0.011084672583979134,-0.0027830607039766504,-1.403043307910388,1766201960.8661296
-0.8134735226631165,-1.469733476638794,0.5259740948677063,0.010905077106101784,-0.002995464678744077,-1.403901672126041,1766201960.866179
-0.8134228587150574,-1.4698045253753662,0.5259613990783691,0.010789080030625264,-0.002809803858208343,-1.4041292045128908,1766201960.8761146
-0.8134571313858032,-1.4698618650436401,0.5259624719619751,0.011336347371798524,-0.0028730206587074475,-1.404351023532027,1766201960.886196
-0.8133196234703064,-1.4700114727020264,0.5260319709777832,0.010770292069424163,-0.002228318976959903,-1.4050417022583257,1766201960.8961186
-0.8133270740509033,-1.4701498746871948,0.5261620879173279,0.01098984477071263,-0.0020903902908899884,-1.405313795740198,1766201960.9061506
-0.8132893443107605,-1.470228910446167,0.5261288285255432,0.010977943834070419,-0.002075028837398099,-1.4056839249342232,1766201960.916183
-0.8132234215736389,-1.470283031463623,0.5261154174804688,0.011061155966342816,-0.002116202194800916,-1.4060225368157564,1766201960.9162362
-0.8131876587867737,-1.4702504873275757,0.5260187387466431,0.010752005979360123,-0.0023837510204550456,-1.4060230099083024,1766201960.92612
-0.8131951093673706,-1.470434546470642,0.5261867642402649,0.011269875483458642,-0.0019903382524645136,-1.4065146551697394,1766201960.9361467
-0.8131958842277527,-1.4702202081680298,0.5260549783706665,0.010992989289116307,-0.0022942373553940247,-1.405756184773379,1766201960.9461477
-0.8129769563674927,-1.4703905582427979,0.5260022282600403,0.010388874720738218,-0.0016457902189080079,-1.4063741125495208,1766201960.9561176
-0.8130534291267395,-1.4704573154449463,0.5262328386306763,0.01007606979499456,-0.0015933154076963024,-1.40654560063637,1766201960.966183
-0.8128820061683655,-1.470532774925232,0.52603679895401,0.0104248332077105,-0.0017704703175935403,-1.4069278241037197,1766201960.966233
-0.812923014163971,-1.4705990552902222,0.5260308980941772,0.010513208287140212,-0.0016453622074734625,-1.407264184145494,1766201960.9761348
-0.8129385709762573,-1.470637559890747,0.526242733001709,0.010204954326857236,-0.0017394438708284096,-1.407194580563537,1766201960.9861636
-0.8129670023918152,-1.4706389904022217,0.5260730981826782,0.010707286858079043,-0.0016687566333528172,-1.4073497272977809,1766201961.0061913
-0.8130051493644714,-1.4706625938415527,0.5262126922607422,0.01033909609158206,-0.001685995023887518,-1.4070173626315305,1766201961.006244
-0.8128962516784668,-1.4705605506896973,0.5260341763496399,0.01054998409334913,-0.0014354005741958678,-1.4073985911148714,1766201961.0161812
-0.8130165338516235,-1.4705569744110107,0.5262420177459717,0.010135579038534164,-0.0015263726494213737,-1.4069523698232722,1766201961.0162344
-0.8130664229393005,-1.4706075191497803,0.5261373519897461,0.010977103772313422,-0.0017536758520769362,-1.4072476001779906,1766201961.0260847
-0.813020646572113,-1.4705592393875122,0.5260692238807678,0.010492838621017296,-0.0017439402168879414,-1.4071893261704445,1766201961.0361798
-0.8130534291267395,-1.4704842567443848,0.5260980129241943,0.010472696392406564,-0.001777939015874662,-1.4068162507361606,1766201961.0461907
-0.813100278377533,-1.470463514328003,0.5262936353683472,0.010181465159769589,-0.001884066190362896,-1.4063311710250002,1766201961.05611
-0.8133100271224976,-1.4702484607696533,0.5262246131896973,0.010569137504709716,-0.0023267222133432673,-1.4053519087871478,1766201961.0661676
-0.8133042454719543,-1.4702250957489014,0.5262117385864258,0.010534316895984854,-0.002384297562021615,-1.4050798312769446,1766201961.0662184
-0.8131251335144043,-1.4702304601669312,0.5261598825454712,0.010935428002083202,-0.0018902995252354853,-1.4056072179723578,1766201961.0761814
-0.8131362795829773,-1.4703717231750488,0.5261197686195374,0.010978157807773292,-0.0022262409168687,-1.4061395451674619,1766201961.086132
-0.8131818175315857,-1.4703096151351929,0.5261459350585938,0.011050125915380541,-0.0021333440233796573,-1.4059165648667171,1766201961.096148
-0.8132416605949402,-1.470166563987732,0.5259863138198853,0.010690238958831018,-0.0025541681945057174,-1.4054458939821655,1766201961.1061153
-0.8132590055465698,-1.4701281785964966,0.5259653329849243,0.010770926981788987,-0.002753105249674788,-1.4055372538911326,1766201961.1161242
-0.813322126865387,-1.4700424671173096,0.525939404964447,0.010762478538900562,-0.0025047642904299245,-1.4053397007624786,1766201961.1161823
-0.8133330345153809,-1.470028281211853,0.5259561538696289,0.0106572322138853,-0.0027950442279415563,-1.4049374913918562,1766201961.1261382
-0.813473105430603,-1.469981074333191,0.5260387063026428,0.011191464887678517,-0.0029888728147344076,-1.4046992610365854,1766201961.1363177
-0.8133999705314636,-1.4697891473770142,0.5260416865348816,0.0107882938309592,-0.0028937740745936706,-1.4050481122813727,1766201961.146116
-0.8134015202522278,-1.4699339866638184,0.5259411931037903,0.010674638012324602,-0.0027156791970023107,-1.4047083777531155,1766201961.1561778
-0.81336909532547,-1.469912052154541,0.5260019302368164,0.010686143527367263,-0.0029281120853626836,-1.4049313755238126,1766201961.1661913
-0.8134066462516785,-1.4698493480682373,0.5259758234024048,0.010785184661823325,-0.0031245245089311455,-1.4048293881778975,1766201961.1662457
-0.8133684992790222,-1.469881534576416,0.5259411931037903,0.0105557104875108,-0.002798705756151671,-1.404640268348002,1766201961.1761231
-0.8133336305618286,-1.4699119329452515,0.5259705185890198,0.010759249518689137,-0.002926385615146873,-1.4049757713474806,1766201961.1861904
-0.8133733868598938,-1.4698837995529175,0.5259619355201721,0.010514779345617148,-0.0027504026233329502,-1.4047534882014738,1766201961.1961882
-0.8132820129394531,-1.4699379205703735,0.5259388089179993,0.010777183808730889,-0.002927764684962557,-1.4051056259946753,1766201961.2061188
-0.8132830858230591,-1.4699889421463013,0.5259757041931152,0.010704448532690047,-0.002698056165564115,-1.4049296809347145,1766201961.216109
-0.8132585287094116,-1.4700596332550049,0.5260698199272156,0.010947032495954377,-0.0023291314973956823,-1.4052294717833644,1766201961.2161527
-0.8133112788200378,-1.4699164628982544,0.5259319543838501,0.01043549505501547,-0.00246085476299298,-1.404653989915239,1766201961.2260532
-0.8132750391960144,-1.4701915979385376,0.5261212587356567,0.011015419886546812,-0.002379897998352058,-1.4056175230433725,1766201961.236184
-0.8132592439651489,-1.470250129699707,0.5261777639389038,0.01104066141951586,-0.0022158383674340007,-1.405776688702188,1766201961.2461178
-0.813306987285614,-1.470194935798645,0.5260070562362671,0.011014953775226589,-0.002396358383590104,-1.405445055244337,1766201961.2560441
-0.8132082223892212,-1.4702732563018799,0.5261409878730774,0.01097385776851348,-0.002103996478105426,-1.405945366541936,1766201961.2659674
-0.8132462501525879,-1.470281958580017,0.526125967502594,0.010861830773632954,-0.0018805619903941972,-1.4059133942884665,1766201961.2660425
-0.813346803188324,-1.4703760147094727,0.5263822078704834,0.011173933043203393,-0.002312958576127167,-1.4069333437052631,1766201961.276045
-0.8131977319717407,-1.470268964767456,0.5261734127998352,0.010899669922267359,-0.0018385559555004407,-1.4058728441939412,1766201961.28599
-0.8131365180015564,-1.470481038093567,0.5261722207069397,0.010915291413651338,-0.0020679684069340944,-1.4063265836941847,1766201961.2960675
-0.8132059574127197,-1.4705109596252441,0.5263199210166931,0.010904017757762261,-0.0023330694196793114,-1.4072823225305409,1766201961.3060758
-0.8132801055908203,-1.4705246686935425,0.5265799760818481,0.010970845007700793,-0.002306404135006088,-1.4070642714842623,1766201961.316098
-0.8131220936775208,-1.4703710079193115,0.5261530876159668,0.011004805128188657,-0.0017846458016969433,-1.4056231740860012,1766201961.3161201
-0.812953531742096,-1.4705249071121216,0.5260034203529358,0.010500580216580662,-0.001911416079257089,-1.4062610047854036,1766201961.3260558
-0.8130064606666565,-1.4704148769378662,0.5260432958602905,0.010279413151807677,-0.0017325146281915915,-1.4058473096175712,1766201961.336101
-0.813044011592865,-1.470461368560791,0.5262242555618286,0.009961553507238931,-0.0015676698723819493,-1.4055610687419298,1766201961.3461359
-0.8130561709403992,-1.4704519510269165,0.5262243747711182,0.0099385473650746,-0.0015621536668701565,-1.4055522308934318,1766201961.35617
-0.8131013512611389,-1.470426082611084,0.5260774493217468,0.010484593255570029,-0.0016913386230859489,-1.406435627264162,1766201961.366144
-0.8132858276367188,-1.470285415649414,0.5260897874832153,0.010967404797748749,-0.0022748004419537045,-1.4059810530552719,1766201961.366192
-0.8131414651870728,-1.4703935384750366,0.5260728001594543,0.010980823148981815,-0.0016612849772347099,-1.4063794129102687,1766201961.3761
-0.8132376074790955,-1.470413327217102,0.5261250734329224,0.011151406491935694,-0.001843505863140612,-1.4063614398673123,1766201961.3861794
-0.8134604692459106,-1.4703987836837769,0.5262009501457214,0.01169532336091952,-0.0030526703129520653,-1.4070183820338962,1766201961.3961453
-0.8133251667022705,-1.4705259799957275,0.5264976024627686,0.010887861426318009,-0.0024013033045402073,-1.4070482203305115,1766201961.4063232
-0.8133177757263184,-1.470454454421997,0.5263628363609314,0.011233229277715211,-0.0023643493577735234,-1.4073153031836,1766201961.416325
-0.8132146596908569,-1.470262885093689,0.5261695981025696,0.010854376136346619,-0.0019154177052606055,-1.406034282873059,1766201961.416392
-0.8131008744239807,-1.4702746868133545,0.5260968208312988,0.011005514450338016,-0.002014847675852004,-1.4058455118213524,1766201961.4260566
-0.813144326210022,-1.4703953266143799,0.5261573195457458,0.011019992958424804,-0.0021189758380717504,-1.4063079114683739,1766201961.4359777
-0.8133664131164551,-1.470345377922058,0.5263899564743042,0.011486788308606045,-0.002464744324647848,-1.4069899101703758,1766201961.446001
-0.8132261037826538,-1.4701513051986694,0.526195228099823,0.01092745589516862,-0.0020695732987937275,-1.4058098272097819,1766201961.456158
-0.8131839632987976,-1.4702255725860596,0.5259990692138672,0.010764738964239613,-0.002635241698040095,-1.4059292726995418,1766201961.46612
-0.8132504224777222,-1.4703090190887451,0.5263623595237732,0.01077804358362851,-0.0022493058411536676,-1.4058436683782911,1766201961.4661748
-0.813274621963501,-1.4700731039047241,0.5261622071266174,0.01088514259987494,-0.002028306433500246,-1.4057664367405038,1766201961.4760067
-0.8133664727210999,-1.4702290296554565,0.5263243317604065,0.01135998357051386,-0.0024548976016591628,-1.406987645930704,1766201961.4860182
-0.8133159279823303,-1.4700368642807007,0.5261957049369812,0.01091077049790646,-0.002077904091128088,-1.4056741891659859,1766201961.496058
-0.8134164214134216,-1.4701690673828125,0.5263903141021729,0.011141890673554969,-0.002545802324564043,-1.4069249574330371,1766201961.50611
-0.8131849765777588,-1.4701446294784546,0.526138961315155,0.011066650337311808,-0.002091540765597185,-1.406077309612163,1766201961.5161345
-0.8132620453834534,-1.4702621698379517,0.5263118147850037,0.010733826625288372,-0.002225470219795617,-1.4059038262296044,1766201961.516188
-0.8131957650184631,-1.4701356887817383,0.5260006785392761,0.01086743892283058,-0.0025540503659670457,-1.4060745738975808,1766201961.5259523
-0.8131823539733887,-1.4702339172363281,0.5261486768722534,0.011027923800668511,-0.0023216050151735764,-1.4062683166856773,1766201961.5360594
-0.8131733536720276,-1.4702202081680298,0.5262265205383301,0.010986909745150342,-0.0023657190959616515,-1.406316820511588,1766201961.5461588
-0.8131532669067383,-1.470253825187683,0.5261650085449219,0.01116130912259091,-0.002167186428894601,-1.4064139799967281,1766201961.5560565
-0.8131586313247681,-1.4701781272888184,0.5260040163993835,0.010645257527779999,-0.0025670015062248257,-1.406066671860866,1766201961.5660594
-0.8131848573684692,-1.4703078269958496,0.5261266231536865,0.011291223171781425,-0.002144328374633855,-1.40642678900349,1766201961.5660899
-0.8131560683250427,-1.4702473878860474,0.5261567831039429,0.011368877319695518,-0.0020244729956873206,-1.4065155644883662,1766201961.5760174
-0.8132571578025818,-1.4702303409576416,0.5260200500488281,0.011097028692221496,-0.002635291924376732,-1.4062025848674944,1766201961.5860524
-0.8133814930915833,-1.470264196395874,0.526293933391571,0.011190582174819195,-0.0027521845257488095,-1.407234924513053,1766201961.5960522
-0.8131867051124573,-1.4701188802719116,0.5261854529380798,0.011030771286273399,-0.0017772517505765118,-1.406411952793402,1766201961.606053
-0.8132312297821045,-1.4702061414718628,0.5262501835823059,0.010956682788380212,-0.0019807135922107547,-1.406626406330756,1766201961.616051
-0.8132768273353577,-1.470063328742981,0.5260868668556213,0.011122174823564363,-0.0022141836646748687,-1.406121907130972,1766201961.6161044
-0.8133811950683594,-1.4701263904571533,0.5260159373283386,0.011192279915583605,-0.002494390451486172,-1.4058817620842,1766201961.6261373
-0.8133053183555603,-1.4701683521270752,0.5260409712791443,0.010939410197045257,-0.0023607763672836225,-1.4060687854430995,1766201961.6360567
-0.8132571578025818,-1.470231533050537,0.5262224078178406,0.010565694186420671,-0.0023230122378740076,-1.4055275580982936,1766201961.6460998
-0.8132506608963013,-1.4701743125915527,0.5259770750999451,0.011091726472659305,-0.002525917276359815,-1.4056472163250455,1766201961.6560717
-0.8132474422454834,-1.4701985120773315,0.5260672569274902,0.011005238091260054,-0.002290016941213092,-1.4061910007338505,1766201961.6661003
-0.8129858374595642,-1.4703172445297241,0.525975227355957,0.010347374155702376,-0.001664126013183136,-1.4061432888345688,1766201961.6661518
-0.8131738305091858,-1.4702270030975342,0.5260455012321472,0.010943805248867726,-0.002349212255250566,-1.4058072724397355,1766201961.6760497
-0.8130092024803162,-1.4703569412231445,0.5259941816329956,0.010316272819051602,-0.001690091844808613,-1.4061099983140901,1766201961.6860914
-0.8130737543106079,-1.4703220129013062,0.5259532332420349,0.010138846438198108,-0.002041854323527653,-1.4064395115553845,1766201961.6961372
-0.8131042122840881,-1.4703402519226074,0.5260814428329468,0.010458654424114033,-0.0019277312751969787,-1.4066133406349388,1766201961.7060478
-0.813274085521698,-1.4702322483062744,0.5261008739471436,0.01106264036496368,-0.00230142718944814,-1.4061642975331727,1766201961.7161188
-0.8132261037826538,-1.470332145690918,0.5261759161949158,0.011009858870128954,-0.0019525881507325693,-1.4063817621312213,1766201961.7161722
-0.8134323954582214,-1.4703763723373413,0.5264696478843689,0.010946924183168137,-0.0027621021202272936,-1.4068843383862089,1766201961.7261431
-0.8134324550628662,-1.4703612327575684,0.5264529585838318,0.01105489569777153,-0.0028035620145386974,-1.4070278532093747,1766201961.736053
-0.8132403492927551,-1.4703991413116455,0.5263444781303406,0.011483014530687613,-0.0024505640225104446,-1.4078122518685339,1766201961.7461097
-0.8132516741752625,-1.4702081680297852,0.525964617729187,0.01128497146011687,-0.002628471501539656,-1.4059017528222653,1766201961.7561224
-0.8131438493728638,-1.470354676246643,0.5261539220809937,0.011190568203932001,-0.002073926649106602,-1.4063851456687035,1766201961.7661195
-0.8131512403488159,-1.4702016115188599,0.5262309908866882,0.010978964143154676,-0.0020746812450923497,-1.4064976133711589,1766201961.76617
-0.8131445646286011,-1.4704047441482544,0.526138961315155,0.011262400301307773,-0.0021912885596650686,-1.406751564716406,1766201961.7760327
-0.8132569193840027,-1.4703454971313477,0.5263641476631165,0.011187362464612362,-0.0025082552242175144,-1.407637775399399,1766201961.786098
-0.8131746053695679,-1.4701690673828125,0.5260517597198486,0.011046152067164262,-0.0025390063577698193,-1.406001139352636,1766201961.796109
-0.8131458759307861,-1.4701745510101318,0.5261688828468323,0.010934202369802781,-0.0020183497846229257,-1.4064711543964108,1766201961.8061314
-0.81304532289505,-1.4703521728515625,0.5259152054786682,0.010315233222898451,-0.002189792877947905,-1.4068055779761661,1766201961.81614
-0.8131245374679565,-1.4703164100646973,0.5260352492332458,0.010829882937112017,-0.0021925852341719973,-1.4067680498377675,1766201961.816202
-0.8133905529975891,-1.4701910018920898,0.5263251662254333,0.011361048864793262,-0.0029443607503870984,-1.4073650584398962,1766201961.82613
-0.8133045434951782,-1.470327615737915,0.5263562798500061,0.011240738850865491,-0.002442885543654055,-1.4078106773995767,1766201961.836059
-0.813311755657196,-1.470064401626587,0.5260818004608154,0.010990663238686778,-0.0024197453392965636,-1.406225095609342,1766201961.8461313
-0.8132786154747009,-1.4701703786849976,0.5261772274971008,0.011105194563207108,-0.0019493178774406077,-1.4066345212566704,1766201961.856144
-0.8134123682975769,-1.470204472541809,0.5262502431869507,0.011354731312027027,-0.002871539698296465,-1.4074448946594718,1766201961.8661017
-0.8133804202079773,-1.4703656435012817,0.5264889001846313,0.011179287215524117,-0.002367827758695805,-1.4076468856075657,1766201961.8661537
-0.8133618831634521,-1.4703000783920288,0.5263760089874268,0.01092895567383553,-0.0026709209386324775,-1.4073801382486033,1766201961.8760092
-0.8130896091461182,-1.4702228307724,0.5261089205741882,0.01094158718176157,-0.0019595778798796918,-1.4065433147778503,1766201961.8861122
-0.8130484223365784,-1.4703428745269775,0.5261529088020325,0.010190247782620867,-0.0019750548868779313,-1.4065787541361987,1766201961.8960676
-0.8132188320159912,-1.470308542251587,0.5260753631591797,0.011207360251488439,-0.0026125688813945624,-1.4069150550265732,1766201961.9061286
-0.8130746483802795,-1.4702506065368652,0.526128888130188,0.010851573859197557,-0.0018917748418771413,-1.4066477018912622,1766201961.916121
-0.8130121827125549,-1.470269799232483,0.5259818434715271,0.010411680523507225,-0.0017147644990704906,-1.4065657950685333,1766201961.9261034
-0.8131800293922424,-1.4701682329177856,0.526025652885437,0.010990328289921004,-0.0022522968653226087,-1.4062167544620519,1766201961.9261532
-0.8130851984024048,-1.470192551612854,0.5261486768722534,0.010995908689266207,-0.001793392786197652,-1.4070448397347517,1766201961.9360561
-0.8132688403129578,-1.4701517820358276,0.5260074138641357,0.0109135006123682,-0.0022736989693296957,-1.4064866327705836,1766201961.9461179
-0.8132558465003967,-1.4701634645462036,0.526118814945221,0.011043190792310798,-0.002346280941149074,-1.4065938527580562,1766201961.9561026
-0.8132659792900085,-1.4701720476150513,0.5261189341545105,0.011048131290363078,-0.0023092275586202495,-1.406556026978564,1766201961.966099
-0.813092052936554,-1.4703620672225952,0.5261220335960388,0.01069437685909299,-0.0019964926197813594,-1.407307129344157,1766201961.9661384
-0.8131552338600159,-1.4703797101974487,0.5262293815612793,0.010496069406079781,-0.0018055448652508786,-1.4068481980994458,1766201961.9760923
-0.8132149577140808,-1.470205307006836,0.5260862708091736,0.011137326767932087,-0.0023791493628959725,-1.406741860729889,1766201961.986106
-0.8130260705947876,-1.4703936576843262,0.5262274742126465,0.010377704141346708,-0.0019032100613170003,-1.4071266705329637,1766201961.9961088
-0.8130900859832764,-1.4703240394592285,0.5262134075164795,0.01010561953001579,-0.0018931867134044402,-1.4066608598459904,1766201962.0061164
-0.8130297064781189,-1.470420241355896,0.526134192943573,0.01127700571103571,-0.002105360779320702,-1.4071680777821878,1766201962.0161026
-0.8130102157592773,-1.4703775644302368,0.5262157320976257,0.010390961444052322,-0.0019059649635503918,-1.4071338729993337,1766201962.0261264
-0.8131648302078247,-1.4701879024505615,0.5260744094848633,0.01110806061851594,-0.002444637376234596,-1.4067346642591059,1766201962.0261745
-0.8131085634231567,-1.470273733139038,0.5260837078094482,0.011238656120536759,-0.002508140675649038,-1.4068495461003598,1766201962.0361032
-0.8130983710289001,-1.4702507257461548,0.5260494947433472,0.01114941862304145,-0.0025019543497423625,-1.4067306242955848,1766201962.0460875
-0.813214123249054,-1.4701457023620605,0.5261440277099609,0.011176605325186646,-0.0025401258372782383,-1.406844683417334,1766201962.056102
-0.8133252859115601,-1.470289945602417,0.5263551473617554,0.011483312599940811,-0.002905798692472612,-1.4080047723900997,1766201962.066088
-0.813208818435669,-1.4701560735702515,0.5260792374610901,0.011103430648054491,-0.0024687903870379796,-1.4068439907244665,1766201962.0661273
-0.8132814168930054,-1.4701361656188965,0.5261669754981995,0.01115223054240269,-0.0025729982193998095,-1.4070536763867456,1766201962.0761006
-0.8132638335227966,-1.470137596130371,0.5260361433029175,0.011032548155638046,-0.0023967371996206806,-1.406747964824622,1766201962.0860915
-0.8132405877113342,-1.47025465965271,0.5262068510055542,0.010832551708939724,-0.002582091699921694,-1.4065798103322804,1766201962.09611
-0.8133811354637146,-1.4702924489974976,0.5262687802314758,0.01147528910510907,-0.0028458185164924954,-1.4080364711450286,1766201962.1060495
-0.813280463218689,-1.4701076745986938,0.5260606408119202,0.011069022329463591,-0.002391257301235831,-1.4067995568160894,1766201962.1160808
-0.8131116628646851,-1.4702225923538208,0.5259988903999329,0.010526827854683741,-0.0019043832599297073,-1.40709028524055,1766201962.1161346
-0.8131340146064758,-1.4703327417373657,0.5261216163635254,0.011260649580911346,-0.0019637975682599514,-1.407090392702683,1766201962.1260567
-0.8131586313247681,-1.4701191186904907,0.5259742736816406,0.011082471883181079,-0.002310675229582081,-1.406378693605154,1766201962.1361048
-0.8131604194641113,-1.4701237678527832,0.5260454416275024,0.0109920689707664,-0.0023564939198327485,-1.4063223621283578,1766201962.146086
-0.8130055665969849,-1.4703140258789062,0.5258631706237793,0.010203993505553156,-0.0019803129052394803,-1.4069291318680233,1766201962.1561115
-0.813256025314331,-1.4700937271118164,0.5261061787605286,0.011026495573404169,-0.002426607783564754,-1.4067003448975197,1766201962.1661015
-0.8133536577224731,-1.4702601432800293,0.5262977480888367,0.011431861589645036,-0.002858319247624553,-1.4079274918591707,1766201962.1661537
-0.8132511377334595,-1.470126986503601,0.526042640209198,0.011033381216421192,-0.0023145888777620616,-1.4066830813877604,1766201962.176034
-0.8132615089416504,-1.4701405763626099,0.5260639786720276,0.011047919458868924,-0.002343769224398478,-1.4067879564439894,1766201962.1861093
-0.8131129741668701,-1.4702903032302856,0.5260254740715027,0.010566342776887104,-0.0019122939401187494,-1.407388060447383,1766201962.1961043
-0.8132319450378418,-1.4701769351959229,0.5260928273200989,0.011178059584648825,-0.0024843090298912246,-1.407104792581976,1766201962.2060597
-0.813237726688385,-1.4701443910598755,0.526164174079895,0.011272042116222507,-0.0025456871237584835,-1.4070996414886021,1766201962.2161098
-0.8132650256156921,-1.470168948173523,0.5260580778121948,0.01097978428945994,-0.0023934437439168312,-1.4067647330485193,1766201962.2261202
-0.8132275938987732,-1.4701632261276245,0.5260775685310364,0.011044773644079218,-0.002373353991762384,-1.4067566566178158,1766201962.2261727
-0.8131043314933777,-1.470359206199646,0.5261834859848022,0.01059661985350468,-0.0019578081964416708,-1.4071096272137211,1766201962.23605
-0.812991738319397,-1.4702924489974976,0.5260106921195984,0.010476345737721018,-0.0019827778684235876,-1.407329771262631,1766201962.2460222
-0.8131914138793945,-1.470208764076233,0.5262199640274048,0.010840232282293152,-0.0023890305696173666,-1.4066820633558046,1766201962.2559834
-0.8129916787147522,-1.4703171253204346,0.5260336399078369,0.01058145576096084,-0.0018770991124356351,-1.4073890786412802,1766201962.2661123
-0.8130607008934021,-1.4703338146209717,0.5260300040245056,0.01090136842405114,-0.001889040791148076,-1.4073468425350613,1766201962.2661636
-0.8129948377609253,-1.470320701599121,0.5260137915611267,0.010615445643810563,-0.001899334169405965,-1.4076124061112036,1766201962.276086
-0.813179075717926,-1.4702070951461792,0.5260712504386902,0.011140233705421792,-0.0024123977231351405,-1.407080697383569,1766201962.286117
-0.8132954835891724,-1.4703553915023804,0.5262889266014099,0.01157275309963243,-0.0029272543758526097,-1.4084292973520869,1766201962.2961
-0.8131369948387146,-1.4702860116958618,0.526046097278595,0.011192368440530112,-0.002466327255852673,-1.4071875936925102,1766201962.306098
-0.8131059408187866,-1.4703494310379028,0.5260979533195496,0.010978828242318474,-0.0019847633995872223,-1.4077280708235973,1766201962.3160517
-0.813218355178833,-1.4701666831970215,0.5261406898498535,0.011170754569641946,-0.0025742960784386677,-1.4073293455298295,1766201962.316066
-0.8131554126739502,-1.4702935218811035,0.5261372327804565,0.01135994339386794,-0.0026757949913253044,-1.407441787722794,1766201962.336096
-0.8131973147392273,-1.470200777053833,0.5260565876960754,0.01119150985082284,-0.0024204157915767785,-1.4071643463766985,1766201962.3361464
-0.8131747841835022,-1.470159649848938,0.526034414768219,0.011010027392954175,-0.0024491419133995896,-1.407040958922563,1766201962.346061
-0.8130339980125427,-1.4703071117401123,0.5260677933692932,0.01063020197186133,-0.002041516984784614,-1.4076253288969414,1766201962.3561137
-0.8132237792015076,-1.470145344734192,0.5260379910469055,0.011022848501938649,-0.002357421413915434,-1.406802562807147,1766201962.3661106
-0.8130040168762207,-1.4703152179718018,0.5261474847793579,0.010222180206308022,-0.0017412154280194224,-1.40678948255662,1766201962.3661644
-0.8131123185157776,-1.4701844453811646,0.52601158618927,0.011118505716452136,-0.0023242765189722568,-1.4067375640182878,1766201962.3760064
-0.8131632804870605,-1.4701663255691528,0.526006281375885,0.010971979248993726,-0.002315497180698829,-1.406648853611624,1766201962.3860788
-0.8132467269897461,-1.4701365232467651,0.5260714292526245,0.010958016276580032,-0.0023402376000166212,-1.4068080693560718,1766201962.3961024
-0.8130945563316345,-1.4702833890914917,0.5259894132614136,0.01075767171312087,-0.0019322163439430679,-1.4073447959808023,1766201962.4061112
-0.8132662177085876,-1.4701123237609863,0.5261597633361816,0.011100322997696005,-0.0025007720665397018,-1.407068287083784,1766201962.4161239
-0.8129710555076599,-1.470388412475586,0.5260099172592163,0.010599181274696808,-0.0019685262066749943,-1.4076919942001038,1766201962.4161742
-0.8132354617118835,-1.470180869102478,0.526063084602356,0.011074648792489901,-0.002467191708814145,-1.4071132627057095,1766201962.4261065
-0.8132184147834778,-1.470184326171875,0.5260326862335205,0.011166066182073565,-0.0024481146478717583,-1.4072017748991268,1766201962.4360487
-0.8132200241088867,-1.4701735973358154,0.5260503888130188,0.011144828983967263,-0.002538893344099564,-1.4071968365935599,1766201962.4460132
-0.8132541179656982,-1.4701342582702637,0.5261284708976746,0.011100682026043219,-0.0024417428116561995,-1.4071309698767465,1766201962.4561305
-0.8130345344543457,-1.4702554941177368,0.5259268879890442,0.010380424804301406,-0.002020058509237427,-1.4074325006141368,1766201962.466097
-0.8129367828369141,-1.4703142642974854,0.5259538888931274,0.010552885951922586,-0.0017538475960709298,-1.4072233197753217,1766201962.466149
-0.8130131363868713,-1.4702825546264648,0.5259214043617249,0.010375153248835147,-0.0019813587439357913,-1.4074812617855577,1766201962.4760103
-0.8129897713661194,-1.4702696800231934,0.5260526537895203,0.010548375294800667,-0.002000775576770397,-1.4075925903034896,1766201962.4861288
-0.8130081295967102,-1.4703243970870972,0.5260223150253296,0.010596487257192375,-0.0018063900925976448,-1.407564713293801,1766201962.4961147
-0.8129794001579285,-1.4703195095062256,0.5260276794433594,0.010616630824924872,-0.0019181091694367668,-1.4076202774551103,1766201962.5061207
-0.8131455183029175,-1.4701873064041138,0.5260790586471558,0.011109134957907139,-0.002418041378210777,-1.4071054021623475,1766201962.516101
-0.8131771683692932,-1.4701699018478394,0.5260766744613647,0.01113417487552153,-0.002481084810067246,-1.4071951708053019,1766201962.5161517
-0.8132766485214233,-1.4703547954559326,0.5262644290924072,0.01156171939835189,-0.002988990913423327,-1.4085692739298659,1766201962.5260248
-0.8132050037384033,-1.4701805114746094,0.526042103767395,0.01113763232162521,-0.002498606089888232,-1.4071947548130095,1766201962.5360558
-0.813217282295227,-1.4701545238494873,0.5260716676712036,0.011143912842333105,-0.002451374849102332,-1.4071435020292768,1766201962.5461287
-0.8131300210952759,-1.4702565670013428,0.5260074138641357,0.01129438331518463,-0.0024312454880335934,-1.4071721841167948,1766201962.5561092
-0.8132062554359436,-1.470176100730896,0.5260473489761353,0.011169997047603297,-0.0024161023340264283,-1.4071571069132864,1766201962.5660968
-0.8130304217338562,-1.4703525304794312,0.5260596871376038,0.01071362103779947,-0.0019365724927892013,-1.4077297940294158,1766201962.5661478
-0.8130040168762207,-1.470314621925354,0.5260670781135559,0.01058077583238135,-0.0019879835777774388,-1.407699127783129,1766201962.5760572
-0.812997043132782,-1.4702692031860352,0.5259301662445068,0.010402631646310452,-0.00206972990735042,-1.4074901141741927,1766201962.5861182
-0.8130334615707397,-1.4703701734542847,0.5262324810028076,0.010333017047461616,-0.0020252286386863204,-1.4076131434337635,1766201962.5961263
-0.8129576444625854,-1.4703235626220703,0.5260303616523743,0.01024033284263225,-0.0019598758008713296,-1.407197315574564,1766201962.6061366
-0.8131236433982849,-1.4702317714691162,0.5261960625648499,0.010848843508382515,-0.0024465786169511577,-1.4067079092457622,1766201962.6160614
-0.8131664395332336,-1.4701528549194336,0.5260542035102844,0.011057869256610947,-0.002365970548163199,-1.4070218460809019,1766201962.6161122
-0.8130439519882202,-1.470298409461975,0.5261691212654114,0.010237581798624877,-0.001972314472720449,-1.4073004840228385,1766201962.626059
-0.8132187724113464,-1.4704440832138062,0.5262942910194397,0.011179070952081102,-0.002434377437813492,-1.4086772938156504,1766201962.6360393
-0.8132136464118958,-1.470163345336914,0.526077926158905,0.011157648458834542,-0.0025388788608051265,-1.407239148673106,1766201962.6461065
-0.8130776882171631,-1.470298171043396,0.5261198878288269,0.010611970780586847,-0.0020388034750819847,-1.4077392260054955,1766201962.6561038
-0.8132473230361938,-1.4701616764068604,0.5260483026504517,0.011062863811227749,-0.002337388084456026,-1.4070557922795113,1766201962.6661134
-0.8132555484771729,-1.4701523780822754,0.5260642170906067,0.011110511178904044,-0.0024075057801883457,-1.407147291346345,1766201962.6661632
-0.8132621645927429,-1.4701738357543945,0.5261156558990479,0.011207215384610536,-0.002606801968084891,-1.4072776185787457,1766201962.676072
-0.8130982518196106,-1.4702999591827393,0.5262050628662109,0.010291698790064446,-0.0018719415154115446,-1.4072052017837173,1766201962.68613
-0.8132070302963257,-1.4701673984527588,0.5260308384895325,0.011109614159527789,-0.002408130453624037,-1.4071410492152945,1766201962.6961057
-0.8132708072662354,-1.4703245162963867,0.526237428188324,0.011553150388837351,-0.00293252210720243,-1.4084106921806052,1766201962.7060518
-0.8131030201911926,-1.470275640487671,0.5260677933692932,0.011222167013012926,-0.0025246712250631977,-1.4071944612723868,1766201962.7160459
-0.8131116628646851,-1.4702532291412354,0.5260908603668213,0.011328749256833222,-0.0026751744173439877,-1.4071788935537761,1766201962.7160602
-0.8131557703018188,-1.470157504081726,0.5261008739471436,0.011108929882806819,-0.002572348050287668,-1.4072708231744206,1766201962.726067
-0.81316739320755,-1.4701367616653442,0.5261346697807312,0.011192238756092047,-0.0024702997891493657,-1.4071922709293772,1766201962.7461045
-0.8131636381149292,-1.4701777696609497,0.5260784029960632,0.011136671223446243,-0.0024815665052120395,-1.4072187609087525,1766201962.7461464
-0.8131726384162903,-1.47016179561615,0.5260293483734131,0.01118416156798692,-0.0024672563426967435,-1.4071989429674547,1766201962.7560537
-0.8131796717643738,-1.4702084064483643,0.5260562300682068,0.011199441860834268,-0.002477818204439864,-1.4073336516248653,1766201962.7660198
-0.8130844831466675,-1.470335841178894,0.5260700583457947,0.01095045721773689,-0.0020611726275568394,-1.4078050094770758,1766201962.766038
-0.8131958246231079,-1.4701894521713257,0.5260649919509888,0.011108041466210816,-0.0024859751740812543,-1.4073125610595276,1766201962.7760022
-0.813212513923645,-1.4701340198516846,0.5261309742927551,0.011138840094801395,-0.002594439471714187,-1.407266665573365,1766201962.7861116
-0.8131977915763855,-1.4701701402664185,0.5260339975357056,0.011167490471526759,-0.0023861548384033495,-1.4072675698104162,1766201962.7961025
-0.8131776452064514,-1.4701474905014038,0.5260736346244812,0.011122736468090914,-0.0024692381788356467,-1.4071737678739151,1766201962.8060982
-0.8131864070892334,-1.4701688289642334,0.526138186454773,0.011265928579483518,-0.002620584493257919,-1.4074257464352131,1766201962.816126
-0.8131631016731262,-1.4701826572418213,0.5260600447654724,0.011085662185429312,-0.002433799883169319,-1.4071174736569365,1766201962.816176
-0.8132176399230957,-1.4702067375183105,0.5263137221336365,0.01082484640831703,-0.002534982944070935,-1.4068752390067099,1766201962.8261507
-0.8129802942276001,-1.4702842235565186,0.5260041952133179,0.010542003270072446,-0.0019660203042675835,-1.4076300413721052,1766201962.8360415
-0.8130380511283875,-1.47029709815979,0.5260250568389893,0.010871294415259764,-0.0019626180058649224,-1.4075607729402542,1766201962.8461134
-0.8130024075508118,-1.4703067541122437,0.5260903835296631,0.010657946051293906,-0.0020490794320733477,-1.4078596703469841,1766201962.8561294
-0.8131085634231567,-1.470267653465271,0.526015043258667,0.01114731081117456,-0.0025541726499240807,-1.4071774778914947,1766201962.8661034
-0.8130351305007935,-1.4703915119171143,0.5260098576545715,0.010856276650416139,-0.0018759828297322829,-1.4075052440905749,1766201962.8661432
-0.8131645917892456,-1.4702558517456055,0.5260297656059265,0.011026289622360748,-0.0025013976347981787,-1.4070739026395385,1766201962.8760083
-0.8131425380706787,-1.470298171043396,0.5261548757553101,0.010984869868102458,-0.0020546939963808006,-1.407846955399383,1766201962.886041
-0.8131201863288879,-1.4702810049057007,0.5260547995567322,0.010563814448200143,-0.0019113401943976777,-1.407639343201838,1766201962.8960428
-0.813259482383728,-1.4701213836669922,0.5260511636734009,0.011057579339662631,-0.002412935741144712,-1.407138996817046,1766201962.9061117
-0.8130658268928528,-1.4703710079193115,0.5259944200515747,0.010773346038452564,-0.001882927105384968,-1.4074605829979139,1766201962.9161246
-0.8131147623062134,-1.470307469367981,0.5260828733444214,0.010862718364629473,-0.001936071093802657,-1.4075540397281971,1766201962.916173
-0.8130266666412354,-1.470310091972351,0.5260317921638489,0.010555877407659906,-0.0019041718136347115,-1.4076045273764455,1766201962.926091
-0.8129988312721252,-1.4702939987182617,0.5259984731674194,0.010632224664281606,-0.0019271024187540995,-1.407775362445956,1766201962.93604
-0.8129568099975586,-1.4703369140625,0.5259895920753479,0.010509881293694444,-0.002021257753051401,-1.4074221732901235,1766201962.946119
-0.8130621314048767,-1.4702928066253662,0.5260382294654846,0.010823070444012444,-0.001875776556782486,-1.4074937171529756,1766201962.9561071
-0.8130049705505371,-1.4703341722488403,0.5260279774665833,0.010918129101966772,-0.001991985784700894,-1.4078268522932238,1766201962.966104
-0.8131910562515259,-1.4701666831970215,0.5261425375938416,0.011154294559109663,-0.002508530526203191,-1.407290994547693,1766201962.9661524
-0.8130419850349426,-1.4702571630477905,0.5260366201400757,0.010554035684572922,-0.001927462902698628,-1.407500364792624,1766201962.9760792
-0.8130017518997192,-1.4704080820083618,0.5260490775108337,0.010800959445978133,-0.002065648008092082,-1.4076091560811093,1766201962.986059
-0.8130741119384766,-1.4703471660614014,0.5260616540908813,0.01089304739649905,-0.0019214954659977027,-1.4077708954136832,1766201962.9960415
-0.8130159378051758,-1.470291256904602,0.5261069536209106,0.010671195587123438,-0.002023941962934437,-1.4078735786630012,1766201963.006114
-0.8130740523338318,-1.4702593088150024,0.5260691046714783,0.011009051658396178,-0.0018299804520310967,-1.4076916519451097,1766201963.0161035
-0.8130913972854614,-1.4703301191329956,0.5260820984840393,0.01100167046161046,-0.0020147891134953888,-1.4077809363930394,1766201963.0161552
-0.8132154941558838,-1.4701544046401978,0.5261679887771606,0.011210284464668345,-0.002574678016265372,-1.4074041483885398,1766201963.0261428
-0.8131784796714783,-1.470159649848938,0.5260742902755737,0.011101972030250583,-0.00248761690805426,-1.4072659614107854,1766201963.0360513
-0.8131629824638367,-1.470165729522705,0.5261358022689819,0.01123594696313993,-0.002619534003818188,-1.407368123163805,1766201963.0460143
-0.8130683898925781,-1.470264196395874,0.5260418653488159,0.011312325225483562,-0.002439307604958394,-1.4072403932365778,1766201963.0561273
-0.8130704760551453,-1.4702626466751099,0.5260417461395264,0.011256003828781289,-0.0025609017851674068,-1.4072111937890361,1766201963.0661182
-0.8130981922149658,-1.4701893329620361,0.5260390639305115,0.011114231425709182,-0.0023701533199455335,-1.406858338656026,1766201963.0661678
-0.8131482005119324,-1.4701672792434692,0.5260620713233948,0.011078901819332895,-0.0024414725054435786,-1.4071924533088906,1766201963.076006
-0.8130567669868469,-1.4703346490859985,0.526218056678772,0.010608658540788456,-0.0019383733683562237,-1.4073863496627033,1766201963.0860488
-0.8130221366882324,-1.470277190208435,0.5260969400405884,0.010591190106623448,-0.0020469605809297683,-1.4077011170178388,1766201963.096106
-0.8130666017532349,-1.4702515602111816,0.5260920524597168,0.010498043767246883,-0.001972633813996855,-1.40757752324658,1766201963.1061077
-0.8131966590881348,-1.4701581001281738,0.5261086821556091,0.01117486656686842,-0.0025943796334941386,-1.407437275571589,1766201963.116135
-0.8132072687149048,-1.4701510667800903,0.5260480642318726,0.01114573113044863,-0.002446389574809881,-1.4072233221765635,1766201963.116187
-0.813238263130188,-1.4701292514801025,0.526112973690033,0.011105674225902919,-0.0024646525855860236,-1.407238607167627,1766201963.1260576
-0.8130512237548828,-1.4703243970870972,0.5260435938835144,0.010595117109026683,-0.0018958977703677751,-1.407824492180731,1766201963.136046
-0.8131111264228821,-1.4703556299209595,0.5260388851165771,0.011166640361147935,-0.002649647516289538,-1.4077493262942093,1766201963.156104
-0.8132374882698059,-1.4701218605041504,0.5261377096176147,0.011100522772981482,-0.002474057585205963,-1.407125240571432,1766201963.1561563
-0.8130432367324829,-1.4702695608139038,0.5259811282157898,0.01034380653026039,-0.0018078374297261363,-1.4074897482226774,1766201963.1660655
-0.8132022023200989,-1.470090389251709,0.5261098742485046,0.011023230003363043,-0.002488233459810658,-1.4070413585758454,1766201963.1661158
-0.8129568099975586,-1.470260500907898,0.5260148048400879,0.010292770617621953,-0.0017641265566588332,-1.4071128946214375,1766201963.1761084
-0.8129476308822632,-1.4703127145767212,0.5259983539581299,0.010540135355568206,-0.0017940370206560939,-1.407246110292133,1766201963.186043
-0.8129783868789673,-1.470383644104004,0.526075005531311,0.01090538908753441,-0.0021156047931900233,-1.407740233538385,1766201963.1961308
-0.8130416870117188,-1.4702832698822021,0.5260454416275024,0.010855793582656988,-0.0019657543495781257,-1.4075497070203686,1766201963.2061133
-0.8130780458450317,-1.4702950716018677,0.5260611772537231,0.010775313569079056,-0.002036838302950077,-1.4076552532205724,1766201963.2161276
-0.813076913356781,-1.4703302383422852,0.5261033773422241,0.010996959358409518,-0.002083112903623653,-1.407839739277829,1766201963.216179
-0.8131347894668579,-1.470288634300232,0.5261001586914062,0.011265365409235471,-0.0026275641959636943,-1.4075754940367227,1766201963.2261171
-0.8131719827651978,-1.4701097011566162,0.5260605812072754,0.011242080519282717,-0.0023020069452498824,-1.4073842177497076,1766201963.236042
-0.8130744695663452,-1.4703041315078735,0.5260404944419861,0.010924160083938353,-0.0019132904538535407,-1.4076916161118511,1766201963.2461107
-0.8130401372909546,-1.4703176021575928,0.5260728597640991,0.010686623753839082,-0.0019128247002849505,-1.4077259306086858,1766201963.2560816
-0.813021183013916,-1.4703236818313599,0.5260486006736755,0.010634649529932894,-0.0019837988531768687,-1.4078200692855956,1766201963.2659786
-0.8130376935005188,-1.4704455137252808,0.5262447595596313,0.010691074843658277,-0.0021439717981012103,-1.4076773218337362,1766201963.2664828
-0.8130773305892944,-1.4702792167663574,0.5260207653045654,0.01128257452521248,-0.0025736801333337287,-1.4073640196386143,1766201963.2760084
-0.8129854202270508,-1.4703052043914795,0.5260676741600037,0.010656645004234865,-0.002051521910397177,-1.4078072495236684,1766201963.286115
-0.8130737543106079,-1.4703457355499268,0.5260659456253052,0.011308920607840956,-0.0027516499998301363,-1.407709253036953,1766201963.2960293
-0.812960147857666,-1.4703000783920288,0.5260351896286011,0.010565079417888923,-0.0019094350216080538,-1.4077151968523847,1766201963.3060405
-0.8129547834396362,-1.4704617261886597,0.5261964797973633,0.010678981398390438,-0.001985537323139782,-1.4074964212037993,1766201963.3160331
-0.8131424784660339,-1.4701707363128662,0.5261035561561584,0.011161606495318513,-0.0025634537770710024,-1.4073416989572534,1766201963.3160484
-0.8131607174873352,-1.4701433181762695,0.5261132121086121,0.011089828594857666,-0.0024678419976616075,-1.4072062285290703,1766201963.32604
-0.8131554126739502,-1.470157265663147,0.5260527729988098,0.011166875044015536,-0.0023545616738260863,-1.4071735319039216,1766201963.3360484
-0.8131005764007568,-1.4702974557876587,0.5262972116470337,0.010286559704732466,-0.0020852965378277124,-1.407515330300737,1766201963.3461146
-0.8131773471832275,-1.4704844951629639,0.5262486338615417,0.011303941256362944,-0.002492478902632759,-1.4089561234802488,1766201963.356104
-0.8131927251815796,-1.4702038764953613,0.5260425209999084,0.011198785004302,-0.0025168121856169253,-1.407477383219287,1766201963.3660433
-0.8132461309432983,-1.4701745510101318,0.5260533690452576,0.01108139353634429,-0.0023027683573563136,-1.407058828385146,1766201963.3660967
-0.8132484555244446,-1.470138669013977,0.5261316299438477,0.011085840998008037,-0.00239503292839742,-1.4071303843571898,1766201963.3760285
-0.8131929636001587,-1.4702175855636597,0.5262992978096008,0.011055743757091754,-0.0026398185214280374,-1.4072853521524413,1766201963.3860302
-0.8131891489028931,-1.4701414108276367,0.5260576009750366,0.011117865566999053,-0.0023774294525987882,-1.4071995793456056,1766201963.3960826
-0.8131938576698303,-1.4701191186904907,0.5260473489761353,0.010959470288417213,-0.002354890769608164,-1.4069504257852377,1766201963.4060726
-0.8129458427429199,-1.4703094959259033,0.5259720683097839,0.010352633706540163,-0.001686571296923275,-1.407133750307383,1766201963.4161038
-0.8131316304206848,-1.4702280759811401,0.5262059569358826,0.01068920102880764,-0.002577395450878287,-1.4066703374567358,1766201963.4260967
-0.8130255341529846,-1.4702948331832886,0.5259677767753601,0.010755118349186533,-0.002072768371108285,-1.4076189751532535,1766201963.4261472
-0.813064694404602,-1.4702602624893188,0.5260230898857117,0.011164693385623951,-0.0025364859690377287,-1.4071759662452406,1766201963.4359815
-0.8130950927734375,-1.4702939987182617,0.5261138081550598,0.010814407108598087,-0.0019013050753691715,-1.4076400906355957,1766201963.4459865
-0.8130759596824646,-1.470332145690918,0.5260598659515381,0.010926443032645386,-0.0020195788139481283,-1.407780410138072,1766201963.4560487
-0.8130800724029541,-1.470254898071289,0.5261188745498657,0.011031892611099029,-0.0019259135674870504,-1.4078156602538223,1766201963.466108
-0.8131917715072632,-1.4701837301254272,0.5260508060455322,0.01116522228554252,-0.002451236142147902,-1.407364443821666,1766201963.466159
-0.8132153749465942,-1.470133662223816,0.5260624885559082,0.010965364740717545,-0.0025020815813546495,-1.4072398845190353,1766201963.4760547
-0.8130945563316345,-1.4703377485275269,0.5260276794433594,0.010888278824060385,-0.0018716440504235867,-1.407759306502079,1766201963.4860783
-0.8132092356681824,-1.4701697826385498,0.5261350870132446,0.011136001616861095,-0.0024985398432402616,-1.4072693617362404,1766201963.4960861
-0.8130198121070862,-1.4703246355056763,0.5260508060455322,0.010625650928667945,-0.001958582300211254,-1.4078117288825251,1766201963.5060534
-0.81305992603302,-1.4702861309051514,0.5260426998138428,0.010875352419743661,-0.0019428934551472296,-1.407575384379209,1766201963.5160744
-0.8130371570587158,-1.4702996015548706,0.5260473489761353,0.010917077996871645,-0.0019075628419963433,-1.407627832618065,1766201963.5161254
-0.8130007982254028,-1.470318078994751,0.5260602235794067,0.010977487795645861,-0.001985819277872849,-1.4077970846195538,1766201963.526115
-0.8131385445594788,-1.470138430595398,0.5261492729187012,0.011177546160332322,-0.0025309845641550517,-1.4072042546391144,1766201963.5360408
-0.8129947185516357,-1.4704530239105225,0.5263069272041321,0.010846856215029605,-0.002161613451577493,-1.4077314881019365,1766201963.5460734
-0.8131442070007324,-1.4701623916625977,0.5261319279670715,0.011199468664215307,-0.002573605103936389,-1.4074647723046774,1766201963.5560975
-0.8130223751068115,-1.4703037738800049,0.5261424779891968,0.010678433744434019,-0.0020934944368254664,-1.407927915853708,1766201963.566127
-0.8130936622619629,-1.4702826738357544,0.5261572003364563,0.010944950648226362,-0.002113569789272856,-1.4078640722729059,1766201963.5661757
-0.8132093548774719,-1.47016179561615,0.5260961055755615,0.011047862846952748,-0.0024989586639449506,-1.4072240382541745,1766201963.5760317
-0.8130982518196106,-1.4703080654144287,0.5261443257331848,0.010996235784525804,-0.0020577736608721354,-1.407874460516404,1766201963.586106
-0.8132421374320984,-1.4702112674713135,0.526218056678772,0.010836319315346793,-0.0024472554101241536,-1.407041336578326,1766201963.5960531
-0.8131193518638611,-1.4703320264816284,0.5260651707649231,0.01087513752421212,-0.001901817976230455,-1.4077510790115282,1766201963.6060529
-0.8131870031356812,-1.4702814817428589,0.5260313749313354,0.011079972766804063,-0.0024699519448477046,-1.407202839978211,1766201963.6160722
-0.8132391571998596,-1.4701433181762695,0.5260401964187622,0.010951122399446653,-0.0023471929031816615,-1.407082406853083,1766201963.6161222
-0.8131188154220581,-1.4702692031860352,0.5261023044586182,0.010805164487123799,-0.001977138467936938,-1.4076018289701158,1766201963.6360433
-0.8129611015319824,-1.4703011512756348,0.5259557366371155,0.010403370719954643,-0.0017262874205597777,-1.407113657467098,1766201963.6360586
-0.8131969571113586,-1.4701147079467773,0.5260814428329468,0.011036151133643398,-0.0024943993592302914,-1.4071583772008744,1766201963.646107
-0.8131458163261414,-1.4701683521270752,0.5260086059570312,0.010936252480930041,-0.0023218102171894198,-1.4067980792259238,1766201963.6561174
-0.8130196928977966,-1.4703737497329712,0.5260480046272278,0.010639975532056874,-0.001901388217042174,-1.4074923153216874,1766201963.6661098
-0.8129359483718872,-1.4703660011291504,0.5259919762611389,0.01062613011294475,-0.0019295297153565589,-1.4075366232867867,1766201963.666164
-0.8131510615348816,-1.4703000783920288,0.5260827541351318,0.010896823234891325,-0.001830131864499317,-1.4074640035680144,1766201963.6760416
-0.8131319284439087,-1.4702935218811035,0.5259963870048523,0.01069373101829386,-0.002042292636933299,-1.4075217587425808,1766201963.6860085
-0.813222348690033,-1.4701926708221436,0.5260967016220093,0.011193144360499318,-0.002499980697555486,-1.4074081182676978,1766201963.6961012
-0.8131095170974731,-1.4703322649002075,0.5260972380638123,0.010995332155042982,-0.002028449012362302,-1.4078781905165039,1766201963.7061064
-0.8132352232933044,-1.4702048301696777,0.5260597467422485,0.011079238462314856,-0.002445197960982612,-1.4073371783131299,1766201963.7161202
-0.8132147789001465,-1.4701964855194092,0.5260727405548096,0.01119869322952356,-0.002455217696349627,-1.407442967343919,1766201963.7162063
-0.8130185008049011,-1.4703313112258911,0.5259968042373657,0.010673322541050544,-0.0018841403918631564,-1.4078673531567756,1766201963.7261455
-0.8130608797073364,-1.4703367948532104,0.5260505676269531,0.01087727543416792,-0.0019680944009794026,-1.4077671643979883,1766201963.7360458
-0.8130995035171509,-1.470289945602417,0.5262584686279297,0.010950962894916844,-0.0027471033376401536,-1.4072438194268992,1766201963.7461
-0.8129564523696899,-1.470323085784912,0.525991678237915,0.01056529790352561,-0.0019319675040204913,-1.4077676577008869,1766201963.7561085
-0.8130033016204834,-1.4704265594482422,0.5262717604637146,0.010702198263941238,-0.0019851152051597507,-1.4075007610897088,1766201963.7661288
-0.8129231929779053,-1.4704140424728394,0.5261744260787964,0.01030603401202647,-0.001893271272474066,-1.4073645753784896,1766201963.776124
-0.8129761219024658,-1.470310091972351,0.5260213613510132,0.01062328982644075,-0.0019555401735714202,-1.4077233313012725,1766201963.7762299
-0.813125491142273,-1.470194935798645,0.5260481834411621,0.011214263973643078,-0.0024579143130787325,-1.407377961492566,1766201963.7861063
-0.8130604028701782,-1.4703752994537354,0.526215136051178,0.010619296873450309,-0.002033759968721929,-1.407558983264477,1766201963.7961216
-0.8130074143409729,-1.4703317880630493,0.5260363221168518,0.01067106997604869,-0.0019377880628526224,-1.4078348969621695,1766201963.806125
-0.8130499124526978,-1.470245599746704,0.5260148048400879,0.010792210407166457,-0.001923626388355293,-1.4077235007788722,1766201963.8161073
-0.8131037354469299,-1.4703340530395508,0.5261156558990479,0.010985577732885807,-0.002026189389125729,-1.408005882116228,1766201963.8161564
-0.8132239580154419,-1.4701876640319824,0.5261443853378296,0.011140752657001981,-0.002654333912446811,-1.407486133229107,1766201963.8260999
-0.8132280111312866,-1.470137596130371,0.5261180996894836,0.011130165691019057,-0.002500255600588275,-1.4073585062465999,1766201963.8361075
-0.8130559921264648,-1.4704325199127197,0.526178240776062,0.010612383291318903,-0.002001952738304666,-1.4074793888439154,1766201963.8461044
-0.8131793141365051,-1.470228910446167,0.526140570640564,0.011063640561936807,-0.0026670692381061505,-1.4074583934224647,1766201963.8560674
-0.8132449984550476,-1.4701873064041138,0.5261918902397156,0.010631456582470788,-0.002296552276481366,-1.4067729411691678,1766201963.866131
-0.8129964470863342,-1.470365285873413,0.5259862542152405,0.010713959981032174,-0.0019180397318166577,-1.4074293603306545,1766201963.8661714
-0.8131700754165649,-1.4701725244522095,0.526039719581604,0.011087374301822701,-0.002323238223154265,-1.4071791373384948,1766201963.8761213
-0.8131034970283508,-1.4701941013336182,0.5260883569717407,0.011184989053930316,-0.0024925074022214906,-1.407165672694849,1766201963.8860595
-0.8130624294281006,-1.4703023433685303,0.5260065793991089,0.010680007561834444,-0.0018869869427557947,-1.4075363297033294,1766201963.8960574
-0.8129557371139526,-1.4703222513198853,0.5259841680526733,0.010476565834730276,-0.0017930386915561425,-1.4073607548860156,1766201963.9061294
-0.8131104707717896,-1.470313310623169,0.5260456204414368,0.010766227870240095,-0.0018904999089346523,-1.407638992230356,1766201963.9161103
-0.8130180835723877,-1.470343828201294,0.5259779691696167,0.010627202874982486,-0.001835895123862457,-1.4077926533899505,1766201963.91616
-0.8131990432739258,-1.4702268838882446,0.5259897708892822,0.01094837383625931,-0.002487161591455284,-1.4073951538042169,1766201963.9261036
-0.8131469488143921,-1.470357894897461,0.5262715220451355,0.010376923934130549,-0.0019373441803904204,-1.4075155466498903,1766201963.936111
-0.8129889369010925,-1.4703322649002075,0.526109516620636,0.010888843531639372,-0.001896114429520683,-1.4078649774514027,1766201963.9460928
-0.8130830526351929,-1.4702903032302856,0.5260658264160156,0.010752609412877534,-0.0017776873839886105,-1.4077035037050631,1766201963.9561074
-0.8130732774734497,-1.4703491926193237,0.526211142539978,0.010331734671543084,-0.002028418816857383,-1.407581544856514,1766201963.9661336
-0.8130279779434204,-1.470359206199646,0.526166558265686,0.010156306852514665,-0.001964387585738111,-1.4076080056869937,1766201963.9760966
-0.8130470514297485,-1.470314621925354,0.5261831879615784,0.010113802166364936,-0.001984778377986469,-1.4073779593681461,1766201963.9761472
-0.8130123615264893,-1.470335602760315,0.5262498259544373,0.010235255149705384,-0.0020383973583006265,-1.4075214768564541,1766201963.9861367
-0.8129287958145142,-1.4704335927963257,0.5262595415115356,0.010468867864194435,-0.002132773510567647,-1.4077798017374719,1766201963.9960656
-0.8130069971084595,-1.4703114032745361,0.526276171207428,0.010375321654760178,-0.002081051179260418,-1.407596031484001,1766201964.0060973
-0.8130004405975342,-1.4703397750854492,0.5262090563774109,0.0104243384572927,-0.00201729673002854,-1.4075137065572259,1766201964.0161078
-0.8130098581314087,-1.470358967781067,0.5262078642845154,0.010413907662440726,-0.001982902502787269,-1.4076339504591342,1766201964.0161483
-0.8130029439926147,-1.4703189134597778,0.5262381434440613,0.010273628614369363,-0.002234982782433965,-1.4077774849962883,1766201964.0261285
-0.8129628896713257,-1.4703298807144165,0.5261069536209106,0.01004640151683291,-0.0020792954381468397,-1.407618575712323,1766201964.036117
-0.8129710555076599,-1.4702248573303223,0.5261915922164917,0.010147540593637976,-0.0018521118457897503,-1.4074040331349715,1766201964.0460577
-0.8129974007606506,-1.4702833890914917,0.5262671113014221,0.010528376539855434,-0.0015311290018338332,-1.4072020343078167,1766201964.0561101
-0.8131322860717773,-1.470409870147705,0.5262925028800964,0.010466647866613703,-0.0017914243529813393,-1.40769828578212,1766201964.066126
-0.8130605220794678,-1.4703997373580933,0.52638840675354,0.010408472085879432,-0.0020279796858021872,-1.4075254997290305,1766201964.0761127
-0.8130463361740112,-1.4704025983810425,0.5264490842819214,0.01028632907332157,-0.002066127833648793,-1.4075260540166898,1766201964.076162
-0.8130291700363159,-1.470405101776123,0.5263400673866272,0.010328300665280035,-0.0019822097076748362,-1.407456718197763,1766201964.086121
-0.8130028247833252,-1.470409631729126,0.5263431668281555,0.010317787520891332,-0.0018996196626097648,-1.4074628897978854,1766201964.0961058
-0.8130131363868713,-1.4703681468963623,0.5263603329658508,0.010274294893717157,-0.0020639684885198294,-1.4074317154741476,1766201964.1061091
-0.812709629535675,-1.4704073667526245,0.5261379480361938,0.00928363603234613,-0.001405974574005486,-1.406597781118299,1766201964.1160958
-0.8129818439483643,-1.470388650894165,0.5263234972953796,0.010224401591615402,-0.001863703886193686,-1.40702049103508,1766201964.1161454
-0.8128028512001038,-1.4703141450881958,0.5262409448623657,0.010264465948647454,-0.0015552452808806395,-1.406640445665906,1766201964.1261315
-0.8130422830581665,-1.4704047441482544,0.5263487100601196,0.010312954783981596,-0.0020797549527327695,-1.4075258019872927,1766201964.1360636
-0.8130715489387512,-1.4704382419586182,0.5263856649398804,0.010571755261332652,-0.0020819626031243986,-1.4077169416106994,1766201964.146127
-0.8130666017532349,-1.4704277515411377,0.5263726711273193,0.010426476871796597,-0.002151876572040356,-1.407660276460854,1766201964.1561258
-0.8131182789802551,-1.4703912734985352,0.526362955570221,0.010242932238145805,-0.0019287745953415775,-1.407418669676093,1766201964.1660926
-0.8129106760025024,-1.470353364944458,0.5261656045913696,0.009303397420719388,-0.0015975713313237962,-1.4069378365902074,1766201964.1761148
-0.8130520582199097,-1.4704025983810425,0.5263177752494812,0.010297581062339037,-0.0019645012159188093,-1.4075850732597155,1766201964.1761646
-0.8130684494972229,-1.4704620838165283,0.5263751745223999,0.01041545217467638,-0.0020997010414104357,-1.4076950993347146,1766201964.1860788
-0.8130744099617004,-1.4704186916351318,0.5265026688575745,0.010487377009132031,-0.0022291162362859905,-1.4077884332951396,1766201964.1961007
-0.8130371570587158,-1.4704111814498901,0.5263713002204895,0.010341709374709442,-0.0020833448475118714,-1.4075155953807712,1766201964.2060528
-0.8130118250846863,-1.470393419265747,0.526369571685791,0.010357246750596056,-0.002093719330045607,-1.4074916403040398,1766201964.2161272
-0.8129518628120422,-1.4704136848449707,0.5263252854347229,0.010324098390380992,-0.0019142503407914221,-1.4071982336431348,1766201964.2161775
-0.8129349946975708,-1.4704105854034424,0.5264135599136353,0.010245685924449697,-0.002028929254398434,-1.4072584091509415,1766201964.226017
-0.8129314184188843,-1.4704385995864868,0.526384174823761,0.010448721838123195,-0.0021873363451687293,-1.407448116954545,1766201964.2361085
-0.812949001789093,-1.4703067541122437,0.5263194441795349,0.010624787383713256,-0.0017103918812858573,-1.407325714137733,1766201964.24614
-0.8129964470863342,-1.4704082012176514,0.526422381401062,0.010303007415380616,-0.0020035708047343986,-1.4075750522838806,1766201964.2560914
-0.8130334615707397,-1.4703969955444336,0.5263707637786865,0.010441566413433287,-0.001986671789562819,-1.4074952023717198,1766201964.2661166
-0.8128356337547302,-1.4703707695007324,0.5262019634246826,0.009402808634115334,-0.0017807203626147572,-1.407141044247319,1766201964.2662182
-0.8130201101303101,-1.4703141450881958,0.5263500809669495,0.010441552378900211,-0.001656611835478256,-1.4073533672830607,1766201964.27606
-0.8130561709403992,-1.4704073667526245,0.5263839960098267,0.010280026927738937,-0.0019610675493050263,-1.407498444251857,1766201964.2861335
-0.8130155205726624,-1.4703031778335571,0.526323139667511,0.010492007109274337,-0.0017726432854250364,-1.407443132321373,1766201964.2961254
-0.813058614730835,-1.470428466796875,0.5264112949371338,0.0103753193665565,-0.0020864920383321635,-1.4074883108067573,1766201964.306115
-0.8130602836608887,-1.4704102277755737,0.5264033675193787,0.010464938511156114,-0.0019673104261164935,-1.4075831535456649,1766201964.3161237
-0.8129972219467163,-1.4702938795089722,0.5264363288879395,0.010449292979068558,-0.0017128849579999372,-1.4071479705455805,1766201964.316186
-0.8129720091819763,-1.470288872718811,0.5263352394104004,0.010452420329375713,-0.0016576221108628851,-1.4071501414475418,1766201964.326113
-0.8130382299423218,-1.4703989028930664,0.5264521837234497,0.01022735052342435,-0.0020800271377415845,-1.4072384418826527,1766201964.336126
-0.8130068182945251,-1.470402717590332,0.5264391303062439,0.010410247998864803,-0.002062210096048944,-1.407412176593553,1766201964.346117
-0.8130292296409607,-1.470422387123108,0.5264102816581726,0.010293119532246648,-0.001970075786162847,-1.4072855398928539,1766201964.3561316
-0.8130072355270386,-1.4704108238220215,0.5264886617660522,0.01062581478223629,-0.002314500154549896,-1.407844547986069,1766201964.3661332
-0.813040554523468,-1.4704519510269165,0.5263994932174683,0.010309611376428779,-0.0020502214953838833,-1.4074248140377235,1766201964.3761098
-0.8130674958229065,-1.4704385995864868,0.5264309048652649,0.010201196428517174,-0.002143642164266712,-1.4074188081172647,1766201964.3762152
-0.8130970001220703,-1.4704865217208862,0.5265339612960815,0.01027469480596922,-0.0021058185585338084,-1.4075254829034654,1766201964.3861454
-0.8131178617477417,-1.4704025983810425,0.5264588594436646,0.010509050707523967,-0.0019437964837533067,-1.407540182628258,1766201964.3960419
-0.8131479620933533,-1.4704841375350952,0.5266728401184082,0.011040191626473376,-0.0022342121898865294,-1.4080311468200792,1766201964.4061065
-0.8131205439567566,-1.4703339338302612,0.5266088843345642,0.011118445192797675,-0.0019063269241184344,-1.4075878239034205,1766201964.4161582
-0.812996506690979,-1.4703792333602905,0.5264139175415039,0.009916239480310684,-0.0018380268536289835,-1.4069088049139076,1766201964.4162471
-0.8131040334701538,-1.4703030586242676,0.5263702273368835,0.010176517056581225,-0.002308358244204086,-1.40694807221591,1766201964.42601
-0.8131031394004822,-1.4702550172805786,0.5263858437538147,0.010255256034761816,-0.00250419956596501,-1.4070946834627673,1766201964.4360578
-0.8131059408187866,-1.470210313796997,0.5262600183486938,0.009971349686911707,-0.002729713833101102,-1.4066684319014877,1766201964.446008
-0.8117233514785767,-1.471028447151184,0.5259238481521606,0.006395660235265011,0.0013827200836352195,-1.4075829923446586,1766201964.4561245
-0.8129424452781677,-1.4700968265533447,0.5261111855506897,0.009937736390800376,-0.0021149617077022695,-1.4060422054854502,1766201964.466136
-0.8130617141723633,-1.4701837301254272,0.5262842178344727,0.010052191870344437,-0.0026928686029384728,-1.4066723757653528,1766201964.4661849
-0.813072144985199,-1.4701963663101196,0.52628493309021,0.01001770680027732,-0.0027364649615466996,-1.4066067724455615,1766201964.4860325
-0.8132301568984985,-1.470373272895813,0.5264944434165955,0.010278792522105902,-0.003097222367257428,-1.407840180837378,1766201964.4860497
-0.812936007976532,-1.470139980316162,0.5261114835739136,0.009188822316349201,-0.002674063071453679,-1.4063892413770183,1766201964.4960544
-0.812593936920166,-1.4703572988510132,0.5260826349258423,0.008837329040596746,-0.0013395807454737087,-1.4069823553971066,1766201964.5060828
-0.813014030456543,-1.4702377319335938,0.5262550711631775,0.010256851401754091,-0.0024178399359089018,-1.4066661172629593,1766201964.516115
-0.8129792213439941,-1.470136046409607,0.5261304378509521,0.009516892548176007,-0.0026460401388770766,-1.4067997304547841,1766201964.516218
-0.8130627870559692,-1.470285415649414,0.5262879729270935,0.009987071823334774,-0.0025811541943059923,-1.407251313103111,1766201964.5261173
-0.8131082057952881,-1.4700881242752075,0.526269257068634,0.009984242502677099,-0.0025176384220364084,-1.4065146578550647,1766201964.5360203
-0.8131186366081238,-1.470238208770752,0.5262752175331116,0.009932565005951658,-0.002702344227787727,-1.4067535976026753,1766201964.5460603
-0.8128706216812134,-1.4700663089752197,0.5260128378868103,0.009386277329749964,-0.002383076721931688,-1.406396218537925,1766201964.5561004
-0.8130806684494019,-1.4702141284942627,0.5262981057167053,0.010049236837077834,-0.002687634275011794,-1.4067283478184978,1766201964.5661194
-0.813068151473999,-1.4702295064926147,0.526390552520752,0.010114506141558656,-0.0030678565765980027,-1.4071002280251206,1766201964.5661685
-0.8125656843185425,-1.470420479774475,0.5260898470878601,0.00832165716766803,-0.0011594742609000025,-1.4068606710055214,1766201964.575981
-0.8131064176559448,-1.470280408859253,0.5264595746994019,0.010187481335483958,-0.0030253453665046995,-1.4070334527846404,1766201964.5861056
-0.8130810856819153,-1.4702153205871582,0.52629154920578,0.010023874992539551,-0.002689607465549388,-1.4067258803897562,1766201964.596061
-0.8130595088005066,-1.4702998399734497,0.5263720154762268,0.009676015533579545,-0.00276911215910192,-1.4070670392070517,1766201964.6061096
-0.8130943775177002,-1.4701206684112549,0.5262344479560852,0.010294911972834577,-0.002341954512226013,-1.4067794299552718,1766201964.6160734
-0.8131546974182129,-1.4702485799789429,0.5263143181800842,0.01010070244300191,-0.00271453173985594,-1.406775889296944,1766201964.6161249
-0.8131460547447205,-1.4700926542282104,0.5262508988380432,0.010089824280458699,-0.0022588333654858235,-1.4066136808909748,1766201964.6261084
-0.8131327033042908,-1.470265507698059,0.5263780951499939,0.010145358582241634,-0.002638013664707362,-1.407062525687659,1766201964.6360648
-0.8131572604179382,-1.470206618309021,0.5262835621833801,0.010013883758016286,-0.0027298910082939622,-1.4068271460402586,1766201964.6461203
-0.8131071329116821,-1.4702731370925903,0.5263549089431763,0.009777701323775695,-0.0026609989018319654,-1.4069875414471962,1766201964.6561255
-0.8131487965583801,-1.4702270030975342,0.5262949466705322,0.010017381339568244,-0.0026632716162347404,-1.4067571991903611,1766201964.6661217
-0.8129926323890686,-1.4703706502914429,0.5263373255729675,0.010229451704654167,-0.002673854249172393,-1.4071914233139275,1766201964.666171
-0.8129132986068726,-1.4701402187347412,0.5260639786720276,0.009326539224257496,-0.0026760097862170876,-1.4067797997305556,1766201964.676066
-0.8128173351287842,-1.4701924324035645,0.5261222124099731,0.009184824995480817,-0.002335577709383421,-1.4068442683618136,1766201964.6861038
-0.8115698099136353,-1.4710907936096191,0.5259725451469421,0.0053961888193096415,0.0010309344964814131,-1.407950264285247,1766201964.6960635
-0.8130513429641724,-1.4703047275543213,0.526481568813324,0.010259870118495608,-0.002909610423880631,-1.4075364523978267,1766201964.7061093
-0.813015878200531,-1.4704192876815796,0.5264374017715454,0.01026360924942716,-0.0023454053961857956,-1.407436109856562,1766201964.716131
-0.8130771517753601,-1.4702428579330444,0.5262861251831055,0.010254217733142614,-0.0028966917112809563,-1.4070327122940745,1766201964.7261055
-0.813118577003479,-1.4702531099319458,0.5264216661453247,0.010329287118160505,-0.003140013025111087,-1.4073337622462119,1766201964.7262087
-0.8129345178604126,-1.470108985900879,0.5260828733444214,0.009758668542215028,-0.0023339228349249595,-1.4067877129387656,1766201964.7360613
-0.8130821585655212,-1.4701205492019653,0.5262437462806702,0.01035892675155877,-0.0024744858450973053,-1.4068579791952223,1766201964.7461212
-0.8131498694419861,-1.4702309370040894,0.526374876499176,0.010179282392512172,-0.002942413308005615,-1.4070646733544012,1766201964.7561
-0.8131128549575806,-1.470104694366455,0.5263040065765381,0.010075252655302907,-0.002579600565161371,-1.406705766523671,1766201964.7661226
-0.8129639625549316,-1.4701653718948364,0.5261193513870239,0.009589297706484765,-0.0028120705803214904,-1.4069719976339414,1766201964.766171
-0.8131113648414612,-1.4702683687210083,0.5264018177986145,0.010113413442775148,-0.003072626434615866,-1.4070856266847651,1766201964.7760556
-0.8122921586036682,-1.470671534538269,0.5260540246963501,0.007347720168287214,-0.0004247963465211779,-1.4075955171635557,1766201964.7961156
-0.812889575958252,-1.4701426029205322,0.5260912179946899,0.009364987098142898,-0.00280899057608037,-1.4067478877927837,1766201964.796165
-0.8129057884216309,-1.4701627492904663,0.5261287689208984,0.009442449144830662,-0.002689394608799121,-1.4065495827567238,1766201964.8060715
-0.8128815293312073,-1.4701234102249146,0.5260850787162781,0.009292399489273838,-0.002797285794692084,-1.4065422165629984,1766201964.8161178
-0.8127692341804504,-1.4701191186904907,0.5260282158851624,0.009294250155112694,-0.0022083116132662886,-1.4066624414560946,1766201964.8162217
-0.8128774762153625,-1.4701305627822876,0.5260673761367798,0.009182914772988082,-0.002804613044996633,-1.4065506996986938,1766201964.8261154
-0.8128308057785034,-1.4701484441757202,0.5259541869163513,0.009651474635057146,-0.0029923804793545146,-1.4073381969003735,1766201964.836125
-0.8126745820045471,-1.470436692237854,0.525887131690979,0.00895170725129816,-0.001394993545181379,-1.4077379137518147,1766201964.8461068
-0.812721848487854,-1.4705111980438232,0.5259329080581665,0.008617034516631176,-0.001635152716030659,-1.4077375440802757,1766201964.8561296
-0.8129464387893677,-1.4703893661499023,0.5260558724403381,0.009475822400433294,-0.0020331955903240685,-1.4077744545654514,1766201964.8661199
-0.8131831288337708,-1.4701735973358154,0.5261059999465942,0.009790890165319767,-0.002346244356574691,-1.4066176197351334,1766201964.866221
-0.8126612305641174,-1.470431923866272,0.5258921384811401,0.008305196654200984,-0.0017661573581556802,-1.4070146322146626,1766201964.8760607
-0.8132339715957642,-1.4700478315353394,0.5258933305740356,0.009359180550095167,-0.003017964289468323,-1.4061509275293531,1766201964.8961298
-0.8132134675979614,-1.470012903213501,0.5258597135543823,0.010063139701531281,-0.00284672029118176,-1.4067239801009193,1766201964.896179
-0.8132575154304504,-1.4700990915298462,0.5260279178619385,0.009817298626316992,-0.002883312394004911,-1.4062385122114924,1766201964.9060683
-0.8132100701332092,-1.4700883626937866,0.5259599089622498,0.00965976527268967,-0.002929791919505364,-1.406327461825653,1766201964.916111
-0.8128980398178101,-1.4700204133987427,0.5258588194847107,0.009131819578410787,-0.0020923803700958555,-1.4053192373876635,1766201964.9161618
-0.8132416009902954,-1.4703065156936646,0.5263217687606812,0.010342645765519132,-0.0032841217781876017,-1.406872199800125,1766201964.9261563
-0.8131811618804932,-1.4700428247451782,0.5258626937866211,0.009553627765424108,-0.003196543211300573,-1.406153062138607,1766201964.9360676
-0.8131031394004822,-1.4700263738632202,0.5258141160011292,0.010024096218936726,-0.003159514808303425,-1.4070148223516599,1766201964.946074
-0.8130748271942139,-1.470039963722229,0.5258287787437439,0.010006564323423084,-0.0029327552756101853,-1.4069582170316284,1766201964.9560323
-0.8129417896270752,-1.4701961278915405,0.5257814526557922,0.009509055931043044,-0.0029460902105048316,-1.4067884977966065,1766201964.9660509
-0.8130780458450317,-1.4701132774353027,0.5259450674057007,0.009427214848876982,-0.003095004386643844,-1.40687679977179,1766201964.9660676
-0.8129329681396484,-1.4700442552566528,0.5258423686027527,0.00899005762214693,-0.0023066239149764616,-1.4061297052132116,1766201964.9760296
-0.8130688667297363,-1.4701364040374756,0.5259525775909424,0.00963313879949965,-0.0029904195144700462,-1.407093751012793,1766201964.9860275
-0.8131943345069885,-1.4703279733657837,0.5263209939002991,0.009964906786555162,-0.00281025274829532,-1.4067247219767967,1766201964.996109
-0.8131716251373291,-1.4701170921325684,0.5261643528938293,0.009957253298344638,-0.002143535551742218,-1.4059557467221395,1766201965.0061398
-0.8130086660385132,-1.4701550006866455,0.5259265899658203,0.009107971632279235,-0.0024163845140004053,-1.4059402485621977,1766201965.0161188
-0.8118460774421692,-1.4710081815719604,0.5259850025177002,0.005978100642630502,0.0012824205537919928,-1.4074657925351988,1766201965.0161686
-0.8129900097846985,-1.4701968431472778,0.5259631872177124,0.009041678660137059,-0.002308222046476653,-1.4059453705052107,1766201965.0260966
-0.8129420280456543,-1.4701781272888184,0.52589350938797,0.009263990824436949,-0.0024353320555181614,-1.406180922458967,1766201965.0360312
-0.8116396069526672,-1.4710462093353271,0.5260059237480164,0.005396055657461583,0.001427477483897756,-1.4076295568093329,1766201965.0461078
-0.8116833567619324,-1.4710382223129272,0.5259782075881958,0.005474021030237459,0.0013386033937207499,-1.407678788326098,1766201965.0560842
-0.8123407959938049,-1.4704474210739136,0.5256245136260986,0.008145312113039862,-0.0016477152404483979,-1.4073755441757552,1766201965.0660996
-0.8128966093063354,-1.4699703454971313,0.5257178544998169,0.010056979100996975,-0.0027768752762565405,-1.4070617769708353,1766201965.0661488
-0.8129894733428955,-1.4700894355773926,0.525784969329834,0.009822479113732461,-0.0029397347634932806,-1.407025701493787,1766201965.0760128
-0.8128335475921631,-1.469897747039795,0.5258678197860718,0.010173975516058835,-0.0030704510450945913,-1.4068434422964118,1766201965.0860934
-0.8130719661712646,-1.470070719718933,0.5257286429405212,0.010042293302482663,-0.0029804157475148093,-1.4075383450431034,1766201965.0960777
-0.8130512237548828,-1.4699029922485352,0.5256325006484985,0.010310715177941712,-0.002506301513208008,-1.407432802249783,1766201965.1061263
-0.8130507469177246,-1.4699034690856934,0.5256405472755432,0.010281209511985304,-0.0026993525933618565,-1.4073911258463192,1766201965.1161308
-0.813093364238739,-1.4698601961135864,0.5256632566452026,0.010225036773558831,-0.0026171217019194783,-1.4070804311379803,1766201965.1161811
-0.8130982518196106,-1.4698611497879028,0.5256637334823608,0.010185557488265206,-0.002711850544524046,-1.4069144223154997,1766201965.126078
-0.813061535358429,-1.4699066877365112,0.525713324546814,0.009867872757782484,-0.0025596329796441415,-1.4069949179919863,1766201965.136043
-0.812337338924408,-1.4703048467636108,0.5254578590393066,0.0075216943323761455,-0.001408029682379568,-1.4076622560339507,1766201965.1461148
-0.8121563792228699,-1.4705809354782104,0.5254799127578735,0.006928376285826339,-0.00033129511032800455,-1.4080564121574484,1766201965.156086
-0.8125203847885132,-1.4704171419143677,0.5253762602806091,0.00781973375414882,-0.00043661133393717495,-1.4070246124773762,1766201965.1661065
-0.812139630317688,-1.4706337451934814,0.5254261493682861,0.007105721315269053,2.4819741116783462e-05,-1.4076534040753679,1766201965.166161
-0.8120120763778687,-1.470674991607666,0.5253986716270447,0.006896559099465082,-0.00024281141673209895,-1.408391939530959,1766201965.1760066
-0.811806857585907,-1.4702876806259155,0.5255960822105408,0.006292458673679526,-0.0005835169754980764,-1.4080066039726113,1766201965.1860456
-0.8129413723945618,-1.4704341888427734,0.5256750583648682,0.01040819653321825,-0.0004579858634914753,-1.4073983222293682,1766201965.1960685
-0.8129972219467163,-1.4707307815551758,0.52577143907547,0.010478956796696031,0.00037166939170857414,-1.4072857109662653,1766201965.2060506
-0.8130414485931396,-1.4710832834243774,0.5259029865264893,0.010946836350892318,0.0007194693348132499,-1.4071038715609974,1766201965.2160492
-0.8130331635475159,-1.4707225561141968,0.5257906913757324,0.010608077904143023,0.00029858577596740635,-1.4074082242204853,1766201965.2160666
-0.8132373094558716,-1.4699046611785889,0.526002049446106,0.010804845749117047,-0.002864575255429073,-1.4067870614639633,1766201965.226116
-0.8130474090576172,-1.470923900604248,0.5259767174720764,0.011194583909846156,0.0007949703296848863,-1.4075860063142769,1766201965.235983
-0.8132318258285522,-1.4706088304519653,0.5257705450057983,0.009904562253638055,0.0007957612750652939,-1.4058037170613662,1766201965.2461224
-0.8133236765861511,-1.4703930616378784,0.525712788105011,0.010299250292270737,9.519649402044147e-05,-1.4056945199933955,1766201965.2560647
-0.8130459785461426,-1.4700956344604492,0.5257385969161987,0.008999400030540733,-0.0004966325445143926,-1.4057910520654309,1766201965.2659967
-0.8135416507720947,-1.469704031944275,0.5256356000900269,0.010674519507075292,-0.0019828579946366384,-1.405236252013266,1766201965.2660272
-0.8138545751571655,-1.469447374343872,0.5254101753234863,0.009754430671560416,-0.0018334239371752198,-1.4045660179255346,1766201965.2759717
-0.8128776550292969,-1.4699132442474365,0.525823712348938,0.009909727590268787,-0.0011506627334491235,-1.4075431482273175,1766201965.2861009
-0.8128724098205566,-1.4699349403381348,0.5258231163024902,0.010428925036892077,-0.0013678508204417266,-1.4078910361859773,1766201965.2960896
-0.8128963708877563,-1.4699983596801758,0.5257550477981567,0.010138152645383267,-0.0013551808261364135,-1.407814012230098,1766201965.3061285
-0.812950611114502,-1.470133662223816,0.5256958603858948,0.010869194393738445,-0.0014734655943730139,-1.4080522368417865,1766201965.3160658
-0.8130940794944763,-1.4699456691741943,0.5255668759346008,0.010401765228285837,-0.0010740310598207172,-1.4072491002348362,1766201965.3161201
-0.8128660917282104,-1.4703888893127441,0.525626003742218,0.010399938787860687,-0.0008321991591600815,-1.4074519356894941,1766201965.3260474
-0.8123244643211365,-1.4701731204986572,0.5255078673362732,0.009185599058799069,-0.0010167550468734368,-1.4084184361642516,1766201965.335977
-0.8131365776062012,-1.4698694944381714,0.5256708860397339,0.008890935598945942,-0.000544497605463044,-1.4059039282432417,1766201965.346059
-0.8128103613853455,-1.469855546951294,0.525582492351532,0.008176457212997036,-0.00040611407887451646,-1.4064405976823875,1766201965.356017
-0.8128008842468262,-1.4699006080627441,0.5255151391029358,0.008032098212853762,-0.0002909237715193961,-1.4061802480720542,1766201965.3661246
-0.8130348920822144,-1.4699081182479858,0.5256348252296448,0.008898745809634652,-0.00011104381811412545,-1.4058273296435613,1766201965.3661735
-0.8121419548988342,-1.470245122909546,0.5253576040267944,0.009489338986812527,-0.0007229599948217378,-1.408736350084192,1766201965.376011
-0.8126550316810608,-1.469858169555664,0.5254998207092285,0.008172979161411277,-0.00021422135798384277,-1.40594942962519,1766201965.3861434
-0.811754047870636,-1.4701341390609741,0.5258089900016785,0.011210670150723832,-0.00039285745205047077,-1.4081599020145268,1766201965.3961399
-0.812896728515625,-1.4699478149414062,0.5250191688537598,0.009394209959420278,-0.00018253168240796652,-1.4063357544617618,1766201965.4061244
-0.812832236289978,-1.4697154760360718,0.5254941582679749,0.007277577478781644,0.0002129666849110132,-1.405576581100556,1766201965.4161315
-0.8126955032348633,-1.4704841375350952,0.525465726852417,0.010155010197676135,-0.0012567944814256447,-1.4085294393338053,1766201965.4161832
-0.8130849599838257,-1.4698119163513184,0.525309145450592,0.008145342560534603,0.00010494949654402115,-1.406119584299938,1766201965.426094
-0.8131275773048401,-1.4701738357543945,0.525293231010437,0.009267602757642652,-0.0005872261454161119,-1.4065968104700546,1766201965.4360614
-0.8135272264480591,-1.4696736335754395,0.5255043506622314,0.008177893235667465,0.0001623487182329019,-1.4048913606923736,1766201965.4460118
-0.8129464387893677,-1.4704391956329346,0.5254097580909729,0.010065681974793447,-0.0010032573169957832,-1.4077200666177743,1766201965.4559684
-0.8131816387176514,-1.469881296157837,0.52541184425354,0.00836310763758809,-0.00018299703595222583,-1.406118250560348,1766201965.4661515
-0.8142603635787964,-1.4694468975067139,0.525017261505127,0.00561735938912659,0.0005502311053119432,-1.4016228702307385,1766201965.4661698
-0.8122807741165161,-1.4710379838943481,0.5252277255058289,0.011105290747549557,-0.0024553662182218495,-1.408228017013956,1766201965.4760551
-0.8130081295967102,-1.4719144105911255,0.5255558490753174,0.011957240715063974,-0.004457098071896803,-1.4131571949499993,1766201965.4861245
-0.8143250942230225,-1.4694793224334717,0.5250851511955261,0.005733243707798739,0.0006553947612307989,-1.4013963025189358,1766201965.496102
-0.8128967881202698,-1.4715734720230103,0.5260125398635864,0.011658870400596492,-0.0033873567848923657,-1.4117295680484374,1766201965.506111
-0.8127814531326294,-1.470739722251892,0.5251755714416504,0.009691915137985103,-0.0013212555334420274,-1.4081845928355914,1766201965.5161297
-0.8124973177909851,-1.47090744972229,0.5254188179969788,0.010132826447635437,-0.001257408755239326,-1.4094757103886664,1766201965.5161834
-0.8131422996520996,-1.4697675704956055,0.5253702402114868,0.008279502603634263,0.0003330366806060203,-1.4060715636121663,1766201965.5260496
-0.812817394733429,-1.470712661743164,0.5262134075164795,0.010739228715891431,-0.002106435076433538,-1.410198748152436,1766201965.536056
-0.8130338788032532,-1.470426321029663,0.5254521369934082,0.009159265086259702,-0.001813222697477788,-1.406843014380097,1766201965.546063
-0.8124349117279053,-1.470683217048645,0.5259134769439697,0.010391491716892395,-0.002159593400138151,-1.4098596963735943,1766201965.5559833
-0.8130757808685303,-1.4704114198684692,0.5254514217376709,0.00917542699352322,-0.00174677301873343,-1.4070851164105203,1766201965.566115
-0.8128776550292969,-1.4704416990280151,0.5259670615196228,0.010603621863449302,-0.0016244790254158186,-1.4087638764053851,1766201965.5661678
-0.8129138946533203,-1.470525860786438,0.525295615196228,0.00937544137025975,-0.0019553622863895154,-1.4072576937310166,1766201965.5759883
-0.812798023223877,-1.4703950881958008,0.5258159637451172,0.00985740791566577,-0.0014486895369083615,-1.4082953766668034,1766201965.5860307
-0.812991738319397,-1.4703996181488037,0.5253123044967651,0.00910576712773146,-0.0017191461901883427,-1.4066289025400298,1766201965.5960226
-0.8140486478805542,-1.4696534872055054,0.5254919528961182,0.00841421923767255,-0.0016025699853668889,-1.403216075957716,1766201965.6061335
-0.8128279447555542,-1.4709100723266602,0.5251672863960266,0.009656467970609392,-0.00277316223220679,-1.4076094361711196,1766201965.6161196
-0.8134446740150452,-1.470247745513916,0.5253801941871643,0.007251211152137909,-0.0012352287040945599,-1.4044657205556088,1766201965.616171
-0.8125817179679871,-1.4713267087936401,0.5248517394065857,0.009827707247498027,-0.002894327606774604,-1.4082282581814192,1766201965.6261096
-0.8134862780570984,-1.4703967571258545,0.5251641869544983,0.007034683551002923,-0.0012074856884647946,-1.404329943310247,1766201965.6360326
-0.8127527236938477,-1.4712271690368652,0.5250190496444702,0.009873266525593852,-0.0025693609653609285,-1.4075142698945418,1766201965.6461315
-0.8104832172393799,-1.4689347743988037,0.5254504084587097,0.017056770876420012,0.0013271776641631506,-1.413856125716243,1766201965.6560986
-0.8130532503128052,-1.4704729318618774,0.5255424976348877,0.009819541267047758,-0.0014824845687104802,-1.406849188889421,1766201965.6661057
-0.8128799796104431,-1.4704605340957642,0.5259789228439331,0.01077948552161952,-0.0011522899461366292,-1.4081521532064416,1766201965.676106
-0.8130382299423218,-1.4705792665481567,0.5254201889038086,0.009917066527141008,-0.0016387735417492547,-1.406407631774279,1766201965.6761563
-0.8130829334259033,-1.4701521396636963,0.5257723331451416,0.008818128777965428,-0.0007078244679489755,-1.4065433408184407,1766201965.6861086
-0.8131335973739624,-1.4702677726745605,0.5256139636039734,0.009306089060853541,-0.0012681693830422873,-1.4065798298009067,1766201965.6960416
-0.8131908774375916,-1.4700180292129517,0.525823175907135,0.008767385618751818,-0.0006635517311525612,-1.4062777200678536,1766201965.7060928
-0.8133695721626282,-1.4701356887817383,0.5254842042922974,0.009934137863179721,-0.0022143649942558837,-1.4054719188481841,1766201965.716103
-0.8134099841117859,-1.470217227935791,0.5256317853927612,0.007809567967091766,-0.0011085900680826047,-1.404742760329577,1766201965.7161539
-0.8129681348800659,-1.4707489013671875,0.5256572961807251,0.011169820094424928,-0.0030908241271701566,-1.4073732662423146,1766201965.7260954
-0.8127519488334656,-1.470691442489624,0.5258052349090576,0.01056943501318538,-0.0020265086019005123,-1.4077805870326177,1766201965.7360442
-0.8128272294998169,-1.4709566831588745,0.5257303714752197,0.011189393996402222,-0.0026835488282277143,-1.4082919252032162,1766201965.746068
-0.8135520219802856,-1.4701651334762573,0.5255995392799377,0.007911473091696106,-0.0012349043873950748,-1.4040603145486628,1766201965.7560842
-0.8131570816040039,-1.4706087112426758,0.5253458023071289,0.009713738335217537,-0.0022299656243875456,-1.4058405467500972,1766201965.766066
-0.8104685544967651,-1.469232201576233,0.5254810452461243,0.017106061360571335,0.0006015612740109706,-1.4127379224572625,1766201965.7661154
-0.8131315112113953,-1.4707027673721313,0.5254425406455994,0.010045158330153679,-0.0025431753893656144,-1.4063457567379372,1766201965.776065
-0.8136104941368103,-1.4697988033294678,0.5256932377815247,0.008574709005909282,-0.0011196852328129881,-1.4045204976077459,1766201965.786053
-0.8132162094116211,-1.47027587890625,0.5256702303886414,0.009775072259443393,-0.0014913693411145099,-1.4064464439201025,1766201965.7960892
-0.8134288787841797,-1.4699065685272217,0.5258570909500122,0.008845840303695184,-0.000833220040588735,-1.4057683652657547,1766201965.8060746
-0.8128077387809753,-1.4710886478424072,0.5259356498718262,0.011719867635545193,-0.002761787867001689,-1.4098506522833887,1766201965.8160696
-0.8133336901664734,-1.4699316024780273,0.5258841514587402,0.00901247349863146,-0.0008451742217742297,-1.4058287265195841,1766201965.8161206
-0.8129901885986328,-1.4707945585250854,0.5253226161003113,0.010285074478350637,-0.002153796865179862,-1.406970909798951,1766201965.826061
-0.8131964206695557,-1.4703844785690308,0.5256744623184204,0.009566693914067963,-0.001309384679304018,-1.4067236858042427,1766201965.8359785
-0.8129330277442932,-1.4708378314971924,0.5251748561859131,0.009961962827431609,-0.0022740347581384165,-1.406936164655121,1766201965.8460624
-0.8126412034034729,-1.470986008644104,0.5261551737785339,0.012075398056692154,-0.0026580357169570822,-1.4104102788863777,1766201965.8561163
-0.8126866221427917,-1.471207857131958,0.5256571173667908,0.011232330175705043,-0.0028969333567286752,-1.4088754081200767,1766201965.8661036
-0.812980055809021,-1.4704159498214722,0.525771975517273,0.009815121351321277,-0.0014323807915761584,-1.4074370140514318,1766201965.866154
-0.8126664757728577,-1.4712598323822021,0.5257425308227539,0.011345881147637406,-0.0030463694327414657,-1.409420825303531,1766201965.8760335
-0.8130286931991577,-1.4703871011734009,0.525643527507782,0.009790977535816422,-0.001823053249128305,-1.4071377985251845,1766201965.8860834
-0.8127446174621582,-1.4710021018981934,0.5259110331535339,0.011577574281650677,-0.002728659891185536,-1.4095907798006575,1766201965.8960838
-0.8130836486816406,-1.4703547954559326,0.5257934331893921,0.009465123610806236,-0.0014192425924284787,-1.4071993328914725,1766201965.9061036
-0.8127828240394592,-1.4711085557937622,0.5259789228439331,0.011630839590874218,-0.0031512562798149705,-1.4102488896505165,1766201965.9160624
-0.8133913278579712,-1.4702154397964478,0.5257188677787781,0.009173679589550395,-0.00178841125925502,-1.406028570028759,1766201965.9161136
-0.8126429319381714,-1.470963716506958,0.52587890625,0.011509864277624156,-0.002465277037289485,-1.4094775073572183,1766201965.9260247
-0.8126662969589233,-1.470966100692749,0.5262536406517029,0.012077017377314569,-0.0027144837972689186,-1.410617455619141,1766201965.9360318
-0.8127082586288452,-1.4710166454315186,0.5261722207069397,0.012184846362189927,-0.0033455876510336434,-1.4111693020826455,1766201965.9460707
-0.8128777146339417,-1.4709620475769043,0.5267158150672913,0.013162637826525403,-0.004506079573722647,-1.411996308850524,1766201965.9560883
-0.8128639459609985,-1.471137523651123,0.5264095664024353,0.012430412300143953,-0.0037405749274633296,-1.411765976657303,1766201965.9661112
-0.8127040863037109,-1.471043586730957,0.5266456604003906,0.012636411986210818,-0.0038546929452090125,-1.412322025184125,1766201965.966161
-0.8130477070808411,-1.4706417322158813,0.5255724191665649,0.010288945708516585,-0.0026641378734220695,-1.4076893504580517,1766201965.9760258
-0.8127744197845459,-1.4710255861282349,0.5265688896179199,0.0125843830170169,-0.0036117548123637596,-1.412047075952841,1766201965.9860854
-0.8130754232406616,-1.470630168914795,0.5255658030509949,0.01029778736357881,-0.002631405896894674,-1.4077851890227668,1766201965.996037
-0.8129612803459167,-1.4703469276428223,0.5258970856666565,0.010209948995806763,-0.001734225317373778,-1.4082191101471384,1766201966.0061295
-0.8129781484603882,-1.4707696437835693,0.5255870819091797,0.010779232191461301,-0.002848962684245591,-1.4083289584998984,1766201966.0261393
-0.813113808631897,-1.470616102218628,0.5257337093353271,0.011142544764266843,-0.00381514926196097,-1.4079031477328598,1766201966.0262132
-0.8132906556129456,-1.4702129364013672,0.525905966758728,0.009952249520459042,-0.0017631076348855104,-1.4075449891376008,1766201966.0360339
-0.8129570484161377,-1.470824122428894,0.5255767703056335,0.010936376273199636,-0.003095883913081797,-1.4086683852611739,1766201966.0460896
-0.8133488893508911,-1.4701424837112427,0.5258290767669678,0.01016604586892703,-0.002352246773339558,-1.4067665478095102,1766201966.0561073
-0.8131396174430847,-1.4706745147705078,0.525679349899292,0.010585818813872222,-0.00275285776755494,-1.4079697622712177,1766201966.0661
-0.8131247758865356,-1.4702600240707397,0.5259842872619629,0.010075351444635042,-0.0017518578037273161,-1.4075669946272118,1766201966.0760744
-0.8131508231163025,-1.4706029891967773,0.5256282687187195,0.010443338397339982,-0.002578936751570164,-1.407776658656303,1766201966.076123
-0.8128847479820251,-1.4703080654144287,0.5259549021720886,0.010140552735630711,-0.0016726606448786358,-1.4081947539416335,1766201966.0860708
-0.8130071759223938,-1.4711812734603882,0.5261409282684326,0.012298222777071528,-0.004673534079895573,-1.4099986268648148,1766201966.0959504
-0.8127453923225403,-1.4711194038391113,0.5261847376823425,0.012197165028620444,-0.00381217008851367,-1.4113263476122517,1766201966.10605
-0.8128908276557922,-1.4713811874389648,0.5265374183654785,0.012877187043729327,-0.004323030568513957,-1.4127646020397735,1766201966.1160383
-0.8128116726875305,-1.471065640449524,0.5262684226036072,0.012598163037441424,-0.004568421960508627,-1.4114397030739614,1766201966.126105
-0.8127411603927612,-1.471126675605774,0.5261780023574829,0.01221603995323554,-0.0036016907619965738,-1.4112381804677956,1766201966.1261547
-0.813088595867157,-1.47059965133667,0.5262384414672852,0.011761979945556004,-0.0033241901089404915,-1.409143435678017,1766201966.1360354
-0.8131043314933777,-1.470596194267273,0.5262411236763,0.011729539379575195,-0.0033815670287961216,-1.4092018279884688,1766201966.1459942
-0.8130842447280884,-1.4705532789230347,0.5262332558631897,0.011631620222250644,-0.0034019779728491745,-1.4092243210170825,1766201966.1560805
-0.813118040561676,-1.4706084728240967,0.5261904001235962,0.01167144185746706,-0.003300013456373661,-1.4089577379565748,1766201966.1660974
-0.8131189942359924,-1.4705915451049805,0.5263845920562744,0.011991151652777397,-0.0034761898123122177,-1.4094991182442753,1766201966.1760693
-0.8129938840866089,-1.4707772731781006,0.5262384414672852,0.011664823977578138,-0.0028493751777440143,-1.409868672205445,1766201966.17612
-0.812952995300293,-1.4708049297332764,0.5262976884841919,0.011752181835875992,-0.0028370420579898106,-1.4100807033602711,1766201966.186111
-0.8129527568817139,-1.470799446105957,0.5261666774749756,0.011527786602287524,-0.002756116201156015,-1.4097086925931068,1766201966.19599
-0.8129256367683411,-1.4706989526748657,0.5262165665626526,0.011656405791842626,-0.0026287805149957655,-1.4098559068198795,1766201966.206119
-0.8128705024719238,-1.4706836938858032,0.5261070132255554,0.011451254317414693,-0.0024320731867789307,-1.4096146324933458,1766201966.2160897
-0.8130632638931274,-1.4705911874771118,0.526170015335083,0.011649521650070244,-0.003324409686907981,-1.40898016128949,1766201966.2261226
-0.8130614161491394,-1.4705836772918701,0.5262244343757629,0.011794343882320778,-0.0032545254585652035,-1.4091083990091517,1766201966.2261374
-0.8128415942192078,-1.4706672430038452,0.5260646939277649,0.01085473263622701,-0.002582331277657084,-1.4094486178127352,1766201966.2360468
-0.8129608631134033,-1.4707026481628418,0.5261773467063904,0.011522976198110187,-0.0025835262201710607,-1.4097354542209104,1766201966.246079
-0.812886655330658,-1.4707173109054565,0.5259129405021667,0.011418152831498824,-0.0027931998667319966,-1.409678951081765,1766201966.2561038
-0.8129349946975708,-1.4707155227661133,0.5262266397476196,0.011315524637272882,-0.0026058014945903145,-1.410018207399889,1766201966.2660952
-0.8129859566688538,-1.4706999063491821,0.5261817574501038,0.011503645831073822,-0.0026348585207368715,-1.409537670218166,1766201966.2661443
-0.8129850029945374,-1.4707342386245728,0.5261517763137817,0.01147719095283329,-0.0025864158289170412,-1.4095963980141561,1766201966.275981
-0.8129796385765076,-1.4706629514694214,0.5262421369552612,0.011447583905305866,-0.0025974138709514323,-1.4096801604724134,1766201966.2860444
-0.812975287437439,-1.4707062244415283,0.5261902809143066,0.01158694705271243,-0.0026470472832122826,-1.409835751913177,1766201966.2961214
-0.813071608543396,-1.4705144166946411,0.5263001322746277,0.011988756437733929,-0.0032789462210839125,-1.4093148642675195,1766201966.306108
-0.8130461573600769,-1.4705713987350464,0.5263045430183411,0.012018817167704194,-0.0034258977076584377,-1.40943745713845,1766201966.316048
-0.812987744808197,-1.4709303379058838,0.5259784460067749,0.011218231016521725,-0.0030259469031107783,-1.4089283759608684,1766201966.3260727
-0.8128937482833862,-1.4707319736480713,0.526268482208252,0.011823253528761103,-0.002897696763600417,-1.410119603085088,1766201966.3261235
-0.8128418326377869,-1.4707146883010864,0.5261114239692688,0.011445937717213417,-0.0027857990911003077,-1.4098294695349383,1766201966.336028
-0.8129407167434692,-1.4707030057907104,0.5261711478233337,0.011592274552406134,-0.0026750794389212925,-1.409878022086889,1766201966.3460977
-0.812920093536377,-1.4707008600234985,0.5262444019317627,0.01149392830374265,-0.0028432044453279015,-1.410083364554335,1766201966.3561254
-0.812950074672699,-1.4706727266311646,0.526199460029602,0.011579867062767828,-0.002752294055591029,-1.4099087358629006,1766201966.366114
-0.8129604458808899,-1.4706553220748901,0.5261468291282654,0.011518069791674206,-0.0026759639647332832,-1.4096838836528027,1766201966.3661654
-0.8129644989967346,-1.4706755876541138,0.5261527299880981,0.0114884157430534,-0.0026708041697892084,-1.4096960992450087,1766201966.3760343
-0.8130120038986206,-1.470654845237732,0.5261910557746887,0.011509606627698102,-0.0026984003106262024,-1.40961903857269,1766201966.3860443
-0.8130782246589661,-1.4704890251159668,0.5262425541877747,0.011721916694626527,-0.003280260928145989,-1.409146358829196,1766201966.396096
-0.8130146861076355,-1.4706158638000488,0.5261834859848022,0.011454485422834712,-0.002614432052163337,-1.409498789458658,1766201966.4061315
-0.8130814433097839,-1.4704923629760742,0.5262231230735779,0.011867979873824637,-0.0032761950719247066,-1.4091309376150902,1766201966.4161055
-0.8129557371139526,-1.4706549644470215,0.5261371731758118,0.01155445746763977,-0.0026428490566945385,-1.409602019727346,1766201966.4161572
-0.8129642009735107,-1.4706976413726807,0.5262021422386169,0.011585117550407155,-0.0026854532904490623,-1.409834859341623,1766201966.4260976
