x,y,z,alpha,beta,gamma,time
-0.4190084934234619,-2.0085597038269043,1.8843051195144653,-2.9633438293391885,-0.21278780799449712,-1.560622814837576,1766201911.3560567
-0.41122883558273315,-2.0056190490722656,1.885583758354187,-2.971214183128828,-0.21518785138225957,-1.5658645748616344,1766201911.3660016
-0.4037242531776428,-2.0028581619262695,1.886953592300415,-2.9743018295710493,-0.21678471149146558,-1.5754494667440064,1766201911.3660386
-0.3895559310913086,-1.9979389905929565,1.8899823427200317,-2.983348511589161,-0.22389158773237533,-1.5959014580232884,1766201911.3860066
-0.3827769458293915,-1.9954304695129395,1.891196846961975,-2.986752844045881,-0.21922257898236394,-1.599191999751806,1766201911.396131
-0.37609317898750305,-1.9932267665863037,1.8924814462661743,-2.9930873596120837,-0.22030229433254697,-1.6081847550561237,1766201911.4060905
-0.3698296844959259,-1.9910999536514282,1.8937736749649048,-2.99519259859564,-0.21818243287903438,-1.609443688662377,1766201911.4160614
-0.3635982573032379,-1.9892183542251587,1.8948131799697876,-3.012512317947971,-0.23586548789923364,-1.62894396812778,1766201911.4161549
-0.35839754343032837,-1.9867483377456665,1.896308183670044,-2.9962603696596077,-0.21972472693843087,-1.6232567497972827,1766201911.426002
-0.3525635898113251,-1.9847310781478882,1.8970502614974976,-3.0151949964580558,-0.23168031071906192,-1.6317295648701684,1766201911.436015
-0.34763020277023315,-1.9824714660644531,1.8985389471054077,-2.995966256267998,-0.2195791984529908,-1.6314747782387182,1766201911.446068
-0.33737194538116455,-1.9782116413116455,1.9004096984863281,-2.9973872070599263,-0.2199462665895902,-1.6359413963932639,1766201911.4661129
-0.33299267292022705,-1.9760985374450684,1.901454210281372,-2.993518741278542,-0.22576154869201837,-1.646561844956294,1766201911.4761167
-0.3283923864364624,-1.9739843606948853,1.9022136926651,-2.9920219244587507,-0.22604656155546832,-1.6495955452813258,1766201911.4761424
-0.3239499628543854,-1.971872091293335,1.902747392654419,-2.9917349571632688,-0.22866162784160218,-1.6542922706416607,1766201911.486059
-0.31921619176864624,-1.969811201095581,1.9027217626571655,-3.0107977978090212,-0.23830892512000804,-1.6568056334391417,1766201911.4960716
-0.31524109840393066,-1.9675952196121216,1.9036129713058472,-2.989942941475433,-0.22417409019762305,-1.6533989948582997,1766201911.5060632
-0.31125789880752563,-1.9655179977416992,1.9041187763214111,-2.987557487603466,-0.2251937879257587,-1.6566139095497507,1766201911.5160666
-0.30766916275024414,-1.9633756875991821,1.9045382738113403,-2.9824597083594515,-0.22713600506826764,-1.662546496216003,1766201911.5160918
-0.3040018081665039,-1.9613686800003052,1.9051162004470825,-2.980377013771473,-0.23354173181395257,-1.6704136162647603,1766201911.5261333
-0.29991501569747925,-1.9594542980194092,1.9050636291503906,-2.994413790093801,-0.24561866774273466,-1.6813814036748396,1766201911.546109
-0.2968142330646515,-1.95712149143219,1.9058200120925903,-2.9749352496580768,-0.23486112419429095,-1.6769124876912898,1766201911.5461338
-0.2933330535888672,-1.9550023078918457,1.906169056892395,-2.9782269001271153,-0.2377676642945101,-1.681714434370573,1766201911.5560358
-0.2898402214050293,-1.9527671337127686,1.9062793254852295,-2.974770696890781,-0.23401349539116456,-1.6792696909150144,1766201911.5661151
-0.2864479422569275,-1.950701117515564,1.9064977169036865,-2.9756258384179337,-0.2361254320357072,-1.6844383216816785,1766201911.5661397
-0.2830300033092499,-1.948636770248413,1.9065759181976318,-2.975057651833875,-0.2361655258010745,-1.6856338097254946,1766201911.5760393
-0.27988025546073914,-1.946614384651184,1.9068297147750854,-2.974598616377041,-0.23796719252816723,-1.688736645347365,1766201911.5861237
-0.2765238285064697,-1.9449174404144287,1.9067800045013428,-2.988743072299417,-0.25632094274802414,-1.7072542575042564,1766201911.5961144
-0.27377787232398987,-1.9426730871200562,1.9070541858673096,-2.9772801781617204,-0.2417622720686069,-1.6965142111583118,1766201911.6061234
-0.2711355686187744,-1.9409090280532837,1.9073371887207031,-2.9730231972098533,-0.24831784079380034,-1.7083844454231063,1766201911.6160948
-0.26809653639793396,-1.9389182329177856,1.9071660041809082,-2.9741186423549637,-0.24301586883962795,-1.7029016003508024,1766201911.6161196
-0.26554039120674133,-1.937125325202942,1.907214641571045,-2.973650057334955,-0.24599270550442698,-1.7106531868397792,1766201911.6261227
-0.26290950179100037,-1.9353512525558472,1.9071694612503052,-2.976482208376106,-0.24914939389341242,-1.715893715543498,1766201911.6361156
-0.2601723074913025,-1.9337105751037598,1.9070987701416016,-2.97741868125796,-0.2480838834613172,-1.7152403055101866,1766201911.646097
-0.2579175531864166,-1.9319581985473633,1.9071741104125977,-2.980480284247489,-0.25210978590175975,-1.722403794923056,1766201911.6560972
-0.25554323196411133,-1.930375099182129,1.9072003364562988,-2.982185410992718,-0.25292386424019603,-1.7266710384507649,1766201911.6660695
-0.2529294192790985,-1.9287506341934204,1.907111406326294,-2.982212279813597,-0.2515221094657429,-1.7281812132218912,1766201911.6660962
-0.2511865198612213,-1.927238941192627,1.9072705507278442,-2.981238148996978,-0.25830608623237605,-1.7395376206726634,1766201911.6760433
-0.24881120026111603,-1.9256863594055176,1.906907081604004,-2.989951479930571,-0.25713873051766223,-1.735819549137963,1766201911.6860878
-0.247059166431427,-1.9242817163467407,1.9070403575897217,-2.989384646152516,-0.26321760193109756,-1.7490862250665338,1766201911.6960292
-0.24514789879322052,-1.9227280616760254,1.9066909551620483,-2.9934028984884944,-0.26336711621857845,-1.747630188386883,1766201911.7061062
-0.24322670698165894,-1.9215507507324219,1.9065476655960083,-2.997538265900186,-0.2643283554567444,-1.7479151770545642,1766201911.7161193
-0.2418735921382904,-1.920183777809143,1.9064749479293823,-2.997908653784484,-0.26724643950755783,-1.7548794754512098,1766201911.7161436
-0.24014851450920105,-1.919135332107544,1.9063622951507568,-3.00011590052845,-0.2668743013720616,-1.7552714949064538,1766201911.7261343
-0.2391166388988495,-1.9181628227233887,1.9065358638763428,-2.997101470679177,-0.2703193574775131,-1.7663715655763366,1766201911.7361078
-0.23782344162464142,-1.917173147201538,1.9064011573791504,-3.0016321944373545,-0.27105968562975186,-1.7689516868447301,1766201911.746104
-0.23661623895168304,-1.9162814617156982,1.9061493873596191,-3.0039898316655935,-0.27169159671275567,-1.7734520930320385,1766201911.7561216
-0.23552384972572327,-1.9153321981430054,1.9057434797286987,-3.006888453071838,-0.26957987958929475,-1.7716290914753015,1766201911.766098
-0.23495589196681976,-1.9142290353775024,1.9046772718429565,-3.0336339134749277,-0.28617818875439405,-1.7689040300346808,1766201911.766124
-0.2338106632232666,-1.9140440225601196,1.9053614139556885,-3.0047577669578707,-0.2714845984193166,-1.7817962631827413,1766201911.7761135
-0.23302458226680756,-1.913318157196045,1.9051252603530884,-3.0025539861011303,-0.2712897399857976,-1.786142144388352,1766201911.7861
-0.232138529419899,-1.9124420881271362,1.904691219329834,-3.0036169762916463,-0.26809739971937774,-1.7842654459985414,1766201911.7960994
-0.2315179854631424,-1.9116910696029663,1.9045075178146362,-3.0058993633015834,-0.26818165624164847,-1.7872825937964458,1766201911.806098
-0.23059402406215668,-1.9109712839126587,1.9041177034378052,-3.00057552798471,-0.2682083917171701,-1.7878621662830692,1766201911.8161182
-0.22990180552005768,-1.9102672338485718,1.9038476943969727,-2.9972846912049556,-0.26889140610962464,-1.7910654522723843,1766201911.8161428
-0.22920842468738556,-1.9095357656478882,1.9036073684692383,-2.9914038354607624,-0.26993153348358834,-1.794888902245688,1766201911.8261209
-0.22880741953849792,-1.9089537858963013,1.9036948680877686,-2.9855606929205036,-0.2743452424550163,-1.8044730683241414,1766201911.836117
-0.22788551449775696,-1.908158779144287,1.9033650159835815,-2.985109912593268,-0.27226270400143493,-1.80195167189926,1766201911.8460777
-0.2267238348722458,-1.907510757446289,1.9032264947891235,-2.982338916460575,-0.27148800053517824,-1.8014570745231742,1766201911.8560247
-0.22586113214492798,-1.906907320022583,1.9034011363983154,-2.986761942439549,-0.27314541204740195,-1.8024157072451148,1766201911.8661208
-0.22505253553390503,-1.906258463859558,1.903591513633728,-2.9837846297176243,-0.27387041626595165,-1.8070560209566617,1766201911.8661458
-0.22397543489933014,-1.9058411121368408,1.903976559638977,-2.981409006813279,-0.27638751583644205,-1.8138886728883619,1766201911.8760235
-0.22280849516391754,-1.9051423072814941,1.904284119606018,-2.9806422376742665,-0.2751084774088232,-1.813322690740473,1766201911.8860307
-0.22148247063159943,-1.9045206308364868,1.9046489000320435,-2.9791546781496634,-0.2747534486502134,-1.8158658412034718,1766201911.8961124
-0.21992161870002747,-1.9037433862686157,1.9048799276351929,-2.982978090876307,-0.2733068928313003,-1.811987678731406,1766201911.9061258
-0.21842311322689056,-1.9030511379241943,1.9054032564163208,-2.9851039052674166,-0.27390768857671594,-1.810514061057071,1766201911.9161096
-0.21694828569889069,-1.9024986028671265,1.9062119722366333,-2.985815138294102,-0.2771330065195489,-1.8166664077015646,1766201911.9161348
-0.21519197523593903,-1.9016425609588623,1.9066413640975952,-2.9869626571471786,-0.2740908999594943,-1.8122241884194759,1766201911.9260674
-0.21354356408119202,-1.9009296894073486,1.907393455505371,-2.98810659942088,-0.27393187737180824,-1.8102934656035667,1766201911.9360282
-0.21188709139823914,-1.900410532951355,1.9083300828933716,-2.989350344487847,-0.2770730173213347,-1.815959872288651,1766201911.9461145
-0.20996175706386566,-1.8995553255081177,1.9088432788848877,-2.994922397082885,-0.2750529996970365,-1.8106786916922863,1766201911.956116
-0.20792371034622192,-1.8989332914352417,1.9095778465270996,-2.997093792891067,-0.2726392425704234,-1.806384793892618,1766201911.9661338
-0.2062656283378601,-1.8981472253799438,1.910455346107483,-2.9977576620830324,-0.2718478509636645,-1.8043972205047905,1766201911.9661608
-0.20453700423240662,-1.8974303007125854,1.911214828491211,-3.0018431790508666,-0.27338823429379444,-1.8096526544054818,1766201911.9760258
-0.20233571529388428,-1.8967454433441162,1.911934494972229,-3.003406658835833,-0.2717174458562477,-1.8052424069297441,1766201911.9860742
-0.20093248784542084,-1.8958848714828491,1.9127390384674072,-3.003059853748167,-0.27061465343515084,-1.8081238498667371,1766201911.9961114
-0.19902722537517548,-1.8952908515930176,1.9135209321975708,-2.997219032594669,-0.2730766173123464,-1.815829649164538,1766201912.0061157
-0.19692443311214447,-1.8943308591842651,1.9139677286148071,-3.0086285304960474,-0.2686511875260473,-1.805771921487146,1766201912.0161042
-0.19523993134498596,-1.8934495449066162,1.9144705533981323,-3.0038657397084867,-0.2695043252716376,-1.8106783965668645,1766201912.0162237
-0.19335858523845673,-1.8925528526306152,1.9149831533432007,-3.003675022253684,-0.2682213013217731,-1.810302443394663,1766201912.0260816
-0.19130109250545502,-1.8916569948196411,1.9154319763183594,-3.003755461295751,-0.2662246639138827,-1.8063508299166549,1766201912.0360243
-0.1894669383764267,-1.8907755613327026,1.915849208831787,-3.0041735759848,-0.26549010106361187,-1.8075215136873002,1766201912.046116
-0.18728365004062653,-1.8899023532867432,1.9161272048950195,-3.006476956561334,-0.2657351610188357,-1.806079565468173,1766201912.0561008
-0.18563392758369446,-1.8887183666229248,1.9163390398025513,-3.00405110293159,-0.2661211043223673,-1.8090124330866961,1766201912.0661266
-0.18382903933525085,-1.8876348733901978,1.916663646697998,-3.0097554751070326,-0.2653533481386112,-1.8053967955611292,1766201912.0661526
-0.18231217563152313,-1.8866347074508667,1.9169275760650635,-2.9992724076749893,-0.26729739199015073,-1.8161965545368208,1766201912.0760436
-0.1799333095550537,-1.8853756189346313,1.9166984558105469,-3.001649696593827,-0.26422423682603624,-1.8092488821076913,1766201912.086035
-0.1784067004919052,-1.8844308853149414,1.916919469833374,-2.997934259182165,-0.2679621721784583,-1.8184647931328524,1766201912.0961199
-0.17637598514556885,-1.8831373453140259,1.9169549942016602,-3.0095080994848256,-0.266177091663015,-1.8094733815654076,1766201912.1060991
-0.17437730729579926,-1.882224440574646,1.9168822765350342,-2.997117981229505,-0.268627929434335,-1.8177038966431263,1766201912.1160946
-0.1720186471939087,-1.8809491395950317,1.9165229797363281,-2.996875522344369,-0.26410002913095715,-1.8086504958434024,1766201912.1161194
-0.1698872447013855,-1.8797674179077148,1.916452407836914,-2.9952569157725395,-0.26252220064075843,-1.8090794996797621,1766201912.126118
-0.16801364719867706,-1.8787232637405396,1.916548490524292,-2.9905125367360497,-0.2648852639529704,-1.8167378760379629,1766201912.1361127
-0.16537347435951233,-1.877403974533081,1.9161790609359741,-2.9942239283864645,-0.2609810177555606,-1.8063210309266187,1766201912.1461198
-0.16339890658855438,-1.8762462139129639,1.916190505027771,-2.990039394457809,-0.2636790745728486,-1.8150196841945128,1766201912.1560974
-0.16084295511245728,-1.8748116493225098,1.9157110452651978,-2.9931843156969813,-0.2614222278746233,-1.8095963403460864,1766201912.166119
-0.15791353583335876,-1.8736640214920044,1.9155081510543823,-2.9942909714852695,-0.26074486897814436,-1.8066178702251363,1766201912.1661568
-0.15545423328876495,-1.8723607063293457,1.9151746034622192,-2.9929614053671845,-0.2621537177567411,-1.8033564740291304,1766201912.1761224
-0.1533028930425644,-1.8711121082305908,1.9152849912643433,-2.995662488893668,-0.26638325205752245,-1.8099605370417429,1766201912.1861012
-0.15039029717445374,-1.8697829246520996,1.9149447679519653,-2.989621848781467,-0.2667151038267466,-1.809155639038736,1766201912.196114
-0.1477159857749939,-1.8683393001556396,1.9146409034729004,-2.9891185765403145,-0.2679073868161162,-1.8065495340034918,1766201912.2060966
-0.14434053003787994,-1.8670222759246826,1.9142537117004395,-2.9903371302866772,-0.263190398665685,-1.7929994938279183,1766201912.2161183
-0.14153431355953217,-1.8654433488845825,1.9140102863311768,-2.9894555891131334,-0.2656952245525054,-1.7944927179374008,1766201912.2161427
-0.13921977579593658,-1.8642405271530151,1.9142680168151855,-2.985663807582476,-0.2757561384719739,-1.8064327962352196,1766201912.2260876
-0.13595911860466003,-1.862861156463623,1.9138494729995728,-2.9852722257089326,-0.27157266160269655,-1.7989031794045192,1766201912.2361157
-0.13247226178646088,-1.861840844154358,1.9130396842956543,-3.015223039801129,-0.292072956699569,-1.802516259239719,1766201912.2461193
-0.12968455255031586,-1.8601783514022827,1.9134526252746582,-2.9882641044411073,-0.2760302442679594,-1.7956258350731091,1766201912.256128
-0.12634548544883728,-1.8589731454849243,1.9133135080337524,-2.987971118755168,-0.2771173840213633,-1.794174864539525,1766201912.2660708
-0.12288353592157364,-1.857699990272522,1.9129043817520142,-2.98700525722477,-0.2730199450819628,-1.7825879991324085,1766201912.2660968
-0.11967126280069351,-1.8565635681152344,1.9127761125564575,-2.9882218325268264,-0.27422559540515345,-1.7808511837435743,1766201912.2760406
-0.11650597304105759,-1.8555620908737183,1.9128773212432861,-2.984421037889526,-0.2786947669124885,-1.787641042987987,1766201912.286115
-0.11296756565570831,-1.8544197082519531,1.9125432968139648,-2.987742224226207,-0.2748144531813621,-1.7756070392087497,1766201912.2961042
-0.10958720743656158,-1.853576898574829,1.9117169380187988,-3.0175022978310215,-0.2955698151086103,-1.7797390043728254,1766201912.306109
-0.1059175506234169,-1.8525364398956299,1.9124114513397217,-2.9852102744445084,-0.27374054534286496,-1.774664994257599,1766201912.3160949
-0.10247763246297836,-1.8517075777053833,1.912302017211914,-2.9841288348355883,-0.27333256554927365,-1.773944453681681,1766201912.3161194
-0.09884540736675262,-1.8510299921035767,1.9115856885910034,-3.015280090643144,-0.29353327846515304,-1.7725993473516037,1766201912.3260412
-0.09568732976913452,-1.8502886295318604,1.9125170707702637,-2.982004864426322,-0.2778404978328545,-1.7792509414177888,1766201912.3360364
-0.09185405820608139,-1.849744200706482,1.9118809700012207,-3.0092559917309307,-0.2959126575125466,-1.78424536264023,1766201912.3460305
-0.08820236474275589,-1.8486096858978271,1.9122883081436157,-2.983113108292884,-0.27333767499750866,-1.769689526677304,1766201912.3560634
-0.08128619939088821,-1.8472508192062378,1.912539005279541,-2.9811002993553375,-0.275612429963537,-1.7772648453485649,1766201912.3661313
-0.07762110978364944,-1.8464826345443726,1.9124950170516968,-2.980886686520448,-0.2753698884379749,-1.7778702022650912,1766201912.376114
-0.07422828674316406,-1.8457916975021362,1.9126663208007812,-2.9798383510751085,-0.27918040807197564,-1.7829631873395024,1766201912.386099
-0.07023691385984421,-1.845029354095459,1.9123671054840088,-2.982425584551076,-0.27338615975647923,-1.7745225604502777,1766201912.396122
-0.06641732901334763,-1.8446801900863647,1.9114431142807007,-3.0240127104777392,-0.3064752498871064,-1.7900066988929113,1766201912.4060981
-0.062257710844278336,-1.8436874151229858,1.910887360572815,-3.027129750023721,-0.2966287849434135,-1.7710463146139437,1766201912.4161055
-0.05570702999830246,-1.8417518138885498,1.911855697631836,-2.9839263197239485,-0.27299946270806724,-1.7715288171631027,1766201912.4261203
-0.05216720327734947,-1.8407938480377197,1.9116841554641724,-2.9837034062634857,-0.27310694024504645,-1.7711320017971062,1766201912.4360569
-0.04831645265221596,-1.8401808738708496,1.9105743169784546,-3.02833237261583,-0.3023828517160631,-1.7770419355909164,1766201912.446115
-0.044782549142837524,-1.839109182357788,1.9105054140090942,-3.027007230686278,-0.30324723106164075,-1.777017389887393,1766201912.4561136
-0.04124227911233902,-1.838022232055664,1.9104629755020142,-3.0296242575746786,-0.304320077581576,-1.7767463106493817,1766201912.4661028
-0.03817722573876381,-1.8363783359527588,1.9111158847808838,-2.989968892054974,-0.27349435157746704,-1.7585983010846729,1766201912.4661288
-0.03461019694805145,-1.8351869583129883,1.9111071825027466,-2.992779272905304,-0.27563273974364966,-1.758507688677061,1766201912.476024
-0.0316259041428566,-1.834538459777832,1.9107859134674072,-3.0143428786824087,-0.30379978965013366,-1.7779685661857985,1766201912.4860797
-0.028100166469812393,-1.8331890106201172,1.9100500345230103,-3.0368732308746402,-0.30735023847731097,-1.7599520819887684,1766201912.4961176
-0.025672482326626778,-1.831721305847168,1.9112135171890259,-2.9889201810837287,-0.2833119656402208,-1.7631590395635337,1766201912.5061445
-0.02241775393486023,-1.8307232856750488,1.910040259361267,-3.030401096595323,-0.31102164888601935,-1.767908793418829,1766201912.5161011
-0.019325532019138336,-1.8298017978668213,1.9101492166519165,-3.0321287444899228,-0.31549368376511444,-1.769021264423844,1766201912.5161257
-0.016368288546800613,-1.8284128904342651,1.9098756313323975,-3.034714997744885,-0.3134669414102314,-1.7566595745581537,1766201912.5260968
-0.011767840012907982,-1.8258931636810303,1.9114325046539307,-2.9826183319002837,-0.2950254116356215,-1.765299060748052,1766201912.5461037
-0.008636110462248325,-1.8246099948883057,1.9110207557678223,-2.988338346616262,-0.2871539776561056,-1.7485021356281714,1766201912.556112
-0.00616739084944129,-1.8236711025238037,1.9112433195114136,-2.9847867366583287,-0.2911020710847791,-1.7567260933982711,1766201912.566161
-0.003257224801927805,-1.8224149942398071,1.9111300706863403,-2.9875986973644517,-0.28796041766856295,-1.7506644641623803,1766201912.5661871
-0.0007607624866068363,-1.8218379020690918,1.9103776216506958,-3.026968303699741,-0.32049980945032747,-1.7627172861906153,1766201912.576041
0.004375438671559095,-1.8196589946746826,1.9108608961105347,-3.0111236647670947,-0.3117818571257908,-1.7621640046733322,1766201912.5961213
0.006513651926070452,-1.8185157775878906,1.9107476472854614,-3.0197435275714795,-0.3243213538599306,-1.7682601370148958,1766201912.606105
0.011727621778845787,-1.8159257173538208,1.9104430675506592,-3.0223547519709753,-0.3130711224563634,-1.747880088101256,1766201912.6161177
0.014089446514844894,-1.8151452541351318,1.910613775253296,-3.0241312888111405,-0.3206426349910464,-1.7584227983562422,1766201912.6261172
0.01663353107869625,-1.814017415046692,1.9105838537216187,-3.0258184684391334,-0.3221721780420329,-1.7590870338616937,1766201912.6360915
0.019450629130005836,-1.8127808570861816,1.9106733798980713,-3.0238928278561894,-0.3210869181622489,-1.7627592150740714,1766201912.6461117
0.020961392670869827,-1.8113751411437988,1.910732626914978,-3.025114186020134,-0.3210199073137174,-1.7516424545266918,1766201912.656112
0.023455729708075523,-1.8102734088897705,1.9107816219329834,-3.027795370146734,-0.3221938740722477,-1.753948460257658,1766201912.666104
0.025493329390883446,-1.8090472221374512,1.910656452178955,-3.0294971427584576,-0.3241933262726836,-1.7515360124198527,1766201912.6662014
0.02872738242149353,-1.8079720735549927,1.9104228019714355,-3.0347553411417394,-0.32258516491227845,-1.7499303514629863,1766201912.6761181
0.029628271237015724,-1.8068311214447021,1.9108638763427734,-3.0292532388529536,-0.32975379772264213,-1.7568084667694608,1766201912.6860747
0.03192351758480072,-1.8055607080459595,1.9105304479599,-3.034028199987012,-0.32719946788947285,-1.7508365727083606,1766201912.6960998
0.03595726191997528,-1.8032760620117188,1.910253643989563,-3.038761316441237,-0.3290032327616485,-1.7519308986458217,1766201912.7161014
0.038640186190605164,-1.8024570941925049,1.9107534885406494,-3.0208096277556997,-0.32704365757340415,-1.7718210209759866,1766201912.7161267
0.04004702717065811,-1.8012604713439941,1.910391926765442,-3.0284776317804845,-0.32428472831860655,-1.7546625813712593,1766201912.7261045
0.04175017774105072,-1.7999978065490723,1.9099632501602173,-3.0387346738917302,-0.33063117666088304,-1.7560742490805614,1766201912.7360563
0.04309737682342529,-1.7989681959152222,1.9099278450012207,-3.0352838748114603,-0.33532384452963365,-1.7635385859652495,1766201912.746027
0.04454410821199417,-1.7979490756988525,1.909462571144104,-3.0422089519946813,-0.33219084866301235,-1.752682965783586,1766201912.7561016
0.046575337648391724,-1.796871304512024,1.9092178344726562,-3.039410958271664,-0.33236450937275047,-1.7608037237844945,1766201912.7661004
0.047870516777038574,-1.795588731765747,1.908742070198059,-3.0445033817869906,-0.3298877860730578,-1.7505233960820046,1766201912.7761142
0.04827570542693138,-1.7943741083145142,1.9085267782211304,-3.0458527716920534,-0.33106342218271106,-1.744110775096083,1766201912.7761397
0.050215233117341995,-1.7933675050735474,1.9082626104354858,-3.0449478775635836,-0.329901458703287,-1.746715493018388,1766201912.7861152
0.05253911763429642,-1.791496992111206,1.9088181257247925,-3.03735638857974,-0.3343800211084365,-1.761325650151274,1766201912.8060236
0.055607911199331284,-1.7891303300857544,1.9087599515914917,-3.032772964850772,-0.3345560003538496,-1.7756127040748078,1766201912.816127
0.05551902577280998,-1.7875690460205078,1.9079548120498657,-3.058782146425067,-0.33722877501704607,-1.7467372686121516,1766201912.8261094
0.056584227830171585,-1.7863245010375977,1.9078377485275269,-3.0567349792708067,-0.33783568512687295,-1.749429142759321,1766201912.8360877
0.05750344693660736,-1.7853505611419678,1.9080878496170044,-3.057789835907695,-0.3437522618984535,-1.7579103024275562,1766201912.8460422
0.057917818427085876,-1.7841837406158447,1.9080296754837036,-3.0631770137504857,-0.3467348783885555,-1.755428721802441,1766201912.8561215
0.05830758810043335,-1.7830904722213745,1.9083629846572876,-3.0616950063506545,-0.3513537394071081,-1.7627630876755167,1766201912.8661232
0.05901700258255005,-1.7818917036056519,1.9081299304962158,-3.061089306783196,-0.348178762254303,-1.7556514637680118,1766201912.8761199
0.059391845017671585,-1.7807875871658325,1.9081741571426392,-3.061786730277777,-0.3500815359417827,-1.7554681159344316,1766201912.8761442
0.05900111421942711,-1.779441237449646,1.9084491729736328,-3.0573853470807446,-0.35401177603925715,-1.7556649300410783,1766201912.8860395
0.06016746908426285,-1.7785425186157227,1.9085133075714111,-3.0542005941712396,-0.3547889647556369,-1.7694056910580582,1766201912.896113
0.05962740629911423,-1.7758913040161133,1.9083540439605713,-3.0531822770279367,-0.3414919056857243,-1.7406916449200551,1766201912.9160943
0.05998418480157852,-1.7752844095230103,1.9082270860671997,-3.060049578281396,-0.347656698815478,-1.7461852256546446,1766201912.916177
0.06016779690980911,-1.774804949760437,1.9088382720947266,-3.047546412359032,-0.34501954956101033,-1.7547193042973355,1766201912.9261165
0.060611531138420105,-1.773850917816162,1.908341884613037,-3.051677870089102,-0.35018537711206216,-1.759906925508224,1766201912.9361043
0.060532841831445694,-1.7729101181030273,1.90831458568573,-3.0487590108892815,-0.34867674523677333,-1.7574593173979078,1766201912.946098
0.060396455228328705,-1.7719743251800537,1.9083185195922852,-3.049391704189521,-0.34813167769021697,-1.7537493855490398,1766201912.9561195
0.06074642017483711,-1.7709394693374634,1.9081095457077026,-3.0528803466985335,-0.34524934191163964,-1.7454083265789497,1766201912.966124
0.06054233759641647,-1.7701057195663452,1.9082411527633667,-3.050964363185485,-0.3488510827841871,-1.7526576913284644,1766201912.9760902
0.059522587805986404,-1.7686412334442139,1.9082163572311401,-3.0476602848484724,-0.3429470348295318,-1.7383103624618013,1766201912.9761167
0.05962662398815155,-1.7676998376846313,1.908115029335022,-3.0480143854074995,-0.3434415634584098,-1.7384379435389856,1766201912.986079
0.0605597048997879,-1.766327977180481,1.9085274934768677,-3.039944364032915,-0.3501523848677723,-1.7585274488965512,1766201913.006129
0.06009238213300705,-1.7630021572113037,1.9079324007034302,-3.0498083563000433,-0.3563626589757096,-1.7480918205628346,1766201913.0261161
0.06138446927070618,-1.7623403072357178,1.9081395864486694,-3.0348899977278596,-0.3510819599780059,-1.765319835852039,1766201913.0361533
0.06077389046549797,-1.761148452758789,1.907533049583435,-3.0525149226411976,-0.35615775204452615,-1.7480719996597154,1766201913.0461564
0.06085953488945961,-1.7601064443588257,1.9076406955718994,-3.0473555944449884,-0.3595643496921697,-1.7568796997810847,1766201913.0561535
0.061362721025943756,-1.7589023113250732,1.9072825908660889,-3.0578869139115126,-0.3524249896407401,-1.7398195784708772,1766201913.0661922
0.06160905957221985,-1.7578952312469482,1.9070988893508911,-3.050893311278727,-0.35208200332213635,-1.7432792582595857,1766201913.066217
0.06159953400492668,-1.7559559345245361,1.90692937374115,-3.0551347342461064,-0.35310464348157883,-1.7414259155024707,1766201913.0860763
0.061555638909339905,-1.7549631595611572,1.9068331718444824,-3.056157175645777,-0.35271123291635764,-1.7410406984651423,1766201913.0961535
0.0614742673933506,-1.7540911436080933,1.906848430633545,-3.0509498321093003,-0.35534608830485315,-1.7503250275921607,1766201913.1061294
0.060424938797950745,-1.752500057220459,1.9067821502685547,-3.049176293633258,-0.3495437499366311,-1.7354398958156283,1766201913.116152
0.060418304055929184,-1.747406244277954,1.9062529802322388,-3.044658156873099,-0.3497122785530016,-1.7382182624016018,1766201913.156136
0.06097482517361641,-1.7468981742858887,1.9060958623886108,-3.04689952915345,-0.35985078956917016,-1.7506919041212745,1766201913.1661391
0.06072327867150307,-1.7458066940307617,1.906158447265625,-3.0486761102209172,-0.3637903433158193,-1.7533838720878645,1766201913.1661656
0.06070244684815407,-1.7446705102920532,1.9059797525405884,-3.04820293656701,-0.3642223349131689,-1.7528600881061482,1766201913.1761339
0.060874346643686295,-1.7434967756271362,1.9056693315505981,-3.0433665609982326,-0.3637483935286813,-1.7548529721789674,1766201913.186162
0.060769807547330856,-1.7423737049102783,1.9056544303894043,-3.0520953965306408,-0.3652616694624819,-1.7515749550031299,1766201913.1961272
0.061880189925432205,-1.7413432598114014,1.905537724494934,-3.028098297250181,-0.3574495081535466,-1.764430625133038,1766201913.206155
0.06184619665145874,-1.7376799583435059,1.9046962261199951,-3.028486977470103,-0.36357131317824687,-1.7581691529395824,1766201913.2261472
0.06264815479516983,-1.7364896535873413,1.9043785333633423,-3.0231033487715284,-0.3635522158483254,-1.7664302754786712,1766201913.236102
0.061214908957481384,-1.7343918085098267,1.903488278388977,-3.035383889995723,-0.3608219462041293,-1.7324071385586073,1766201913.2461553
0.06226325407624245,-1.7297805547714233,1.9024646282196045,-3.0284614196399007,-0.37049294704938374,-1.733262983719424,1766201913.2861433
0.06394754350185394,-1.7278510332107544,1.9024040699005127,-3.02829327595503,-0.3739002408915506,-1.7509556371595283,1766201913.2961543
0.06582587212324142,-1.7189980745315552,1.9007530212402344,-3.0300778679204012,-0.37350244239921965,-1.7317744583767107,1766201913.3661408
0.06711888313293457,-1.7154473066329956,1.9004063606262207,-3.035670589483244,-0.37178217605750424,-1.729627840556163,1766201913.3860183
0.0689106360077858,-1.7151991128921509,1.9009546041488647,-3.0201393231481006,-0.3762066885305997,-1.7636376323895824,1766201913.396104
0.06921564042568207,-1.7126871347427368,1.9004007577896118,-3.0224416225604966,-0.37685474387372875,-1.7473398279388863,1766201913.4159865
0.06923478841781616,-1.7106987237930298,1.8996788263320923,-3.0312663934704607,-0.37253658263915007,-1.7280513063332328,1766201913.416023
0.07029302418231964,-1.7096060514450073,1.8995659351348877,-3.032275204622198,-0.37410824388380354,-1.7337695629551275,1766201913.426065
0.07210024446249008,-1.7023624181747437,1.8983540534973145,-3.0286880657877586,-0.37724210499860084,-1.7280508507608645,1766201913.4661047
0.07322811335325241,-1.7010090351104736,1.8981564044952393,-3.0301107547631876,-0.3785778790548616,-1.7328522643724469,1766201913.4761388
0.07375694811344147,-1.7001421451568604,1.8984143733978271,-3.021058485127174,-0.382961163038457,-1.748901358728859,1766201913.486123
0.07593739032745361,-1.6917319297790527,1.896583914756775,-3.026600162841234,-0.3793794186255259,-1.726275415241747,1766201913.5261474
0.07612169533967972,-1.6902426481246948,1.8964191675186157,-3.0236555503008997,-0.3809966633107527,-1.7319567733859387,1766201913.5361216
0.0785168930888176,-1.6874516010284424,1.896153450012207,-3.0220168906722877,-0.382445008630288,-1.7438094453290276,1766201913.5561683
0.07903410494327545,-1.6832669973373413,1.8951196670532227,-3.0332514080667874,-0.3798733660504207,-1.7262003529478867,1766201913.5661318
0.07971850037574768,-1.681599736213684,1.8945256471633911,-3.026424401450411,-0.3796560660614627,-1.7260847738187917,1766201913.5761623
0.08088333904743195,-1.680498480796814,1.8947585821151733,-3.013967791740236,-0.3860563891000451,-1.753942716112887,1766201913.5861406
0.08312472701072693,-1.674545168876648,1.893255352973938,-3.0201903319909924,-0.38214976695282915,-1.7496572893098263,1766201913.616143
0.08510376513004303,-1.6705000400543213,1.8918113708496094,-3.0122421558766064,-0.3820741054065966,-1.7586797500366769,1766201913.6261456
0.08625379204750061,-1.6660544872283936,1.8901915550231934,-3.0107559402191844,-0.3802866247260153,-1.7454612501015945,1766201913.646051
0.08675284683704376,-1.6635231971740723,1.8891195058822632,-3.0137738927417788,-0.3806839180917796,-1.7379082075519807,1766201913.65615
0.08785123378038406,-1.6578786373138428,1.8870141506195068,-3.0206628543571883,-0.3798299014789668,-1.7197212656674572,1766201913.6661584
0.09124882519245148,-1.6461633443832397,1.8838021755218506,-3.0190845971411058,-0.38521735352039016,-1.7187405241765783,1766201913.7062192
0.09465886652469635,-1.6326185464859009,1.8807551860809326,-3.015324923976477,-0.3933853524971165,-1.7185677216592352,1766201913.736142
0.10033002495765686,-1.6101449728012085,1.8755234479904175,-3.013479133261428,-0.39792317311696906,-1.7188683494249373,1766201913.786137
0.1023787185549736,-1.6022008657455444,1.873267650604248,-3.0269867808748865,-0.4109553241076727,-1.7300591729092027,1766201913.8061335
0.10257495194673538,-1.5974310636520386,1.872564673423767,-3.0130150893965384,-0.40040445310229694,-1.718864695805114,1766201913.8160946
0.10448504239320755,-1.5886247158050537,1.8710575103759766,-3.000620208817543,-0.3981696323458045,-1.7281340361994262,1766201913.8261445
0.10384684056043625,-1.583219289779663,1.8697023391723633,-3.019795498582961,-0.4036316191859241,-1.7146873845397126,1766201913.8361373
0.10603475570678711,-1.5680068731307983,1.8662853240966797,-3.0142827631430724,-0.40929469496008475,-1.7108010686565207,1766201913.866153
0.10561267286539078,-1.5624786615371704,1.8660259246826172,-3.0169981727618342,-0.40385077001824504,-1.7035319576967491,1766201913.86618
0.10840597748756409,-1.5519845485687256,1.863893747329712,-2.9920780193924155,-0.4077327108668627,-1.7241853853094768,1766201913.8861349
0.10942908376455307,-1.546069860458374,1.862619400024414,-2.977195641899059,-0.4063983680076668,-1.7306552585916315,1766201913.8961174
0.11076509207487106,-1.5342248678207397,1.860416293144226,-2.96661357176404,-0.4084484536349359,-1.7404575561139382,1766201913.9161446
0.1109582707285881,-1.516858458518982,1.8581290245056152,-2.9764439953895527,-0.4129706671539869,-1.7306122633924115,1766201913.9361346
0.11157950013875961,-1.504937767982483,1.8556194305419922,-3.008360887849816,-0.4354552730944638,-1.737124376424029,1766201913.9560642
0.11052200943231583,-1.4926115274429321,1.8543047904968262,-2.9950090921410117,-0.43248747102447166,-1.7252193736797634,1766201913.9660552
0.11080966144800186,-1.485516905784607,1.8528014421463013,-3.001409431643016,-0.4290912715783732,-1.7171662344824836,1766201913.9760232
0.11265189200639725,-1.4792590141296387,1.8518733978271484,-2.975508970940475,-0.4265911074439562,-1.7410475069367626,1766201913.9861493
0.11155682057142258,-1.4723695516586304,1.8510388135910034,-2.9953840411771786,-0.4279744191241119,-1.7187184496988401,1766201913.9961238
0.11084005236625671,-1.4653786420822144,1.8502033948898315,-3.01982363942734,-0.43455313061792855,-1.7096985947720715,1766201914.0060592
0.11241279542446136,-1.4585239887237549,1.8490070104599,-3.0007420544269654,-0.43665748324585735,-1.7249203074955484,1766201914.0161211
0.1125577837228775,-1.444178581237793,1.8473223447799683,-3.0172236740554657,-0.44273871831880596,-1.7228892270882872,1766201914.0261376
0.11410198360681534,-1.428666591644287,1.8454698324203491,-2.95402105988486,-0.42905742416433806,-1.739896771082032,1766201914.0461378
0.11471036821603775,-1.4214072227478027,1.844444751739502,-2.966048366081546,-0.43429743084368466,-1.7368012076709087,1766201914.0561202
0.11480572819709778,-1.4136468172073364,1.8438771963119507,-2.961672313669579,-0.4389005301228622,-1.7439286236389562,1766201914.066087
0.11434907466173172,-1.4059572219848633,1.8435450792312622,-2.9798624080596503,-0.4430147726129274,-1.728611846453524,1766201914.0661123
0.11609645932912827,-1.3893593549728394,1.8416483402252197,-2.962583639019391,-0.43863625653496086,-1.7356737652603718,1766201914.0860608
0.11615607142448425,-1.380768895149231,1.8412983417510986,-2.951042774744317,-0.4326542804548576,-1.7280502734432186,1766201914.0960953
0.11663497239351273,-1.373049259185791,1.840812087059021,-2.961841349370976,-0.44213552969019193,-1.7350650089648139,1766201914.1061542
0.11510005593299866,-1.3648757934570312,1.8404948711395264,-2.992601957207086,-0.45181077229203803,-1.7062299177433378,1766201914.1160948
0.11724060028791428,-1.3564521074295044,1.8401503562927246,-2.9638606598282595,-0.44521156957580443,-1.7392036415855265,1766201914.116119
0.11638583987951279,-1.3482710123062134,1.8399815559387207,-2.9887275440117316,-0.4505853172571348,-1.716011847461951,1766201914.1261225
0.11796730011701584,-1.3395519256591797,1.8396332263946533,-2.9659544761037866,-0.4424461540617526,-1.7367678713458667,1766201914.1361306
0.11825227737426758,-1.3308542966842651,1.8390955924987793,-2.9797076626461996,-0.44852512082491175,-1.7345498782201796,1766201914.1460996
0.11846467852592468,-1.322394847869873,1.8393160104751587,-2.9684236402040867,-0.44178231442325144,-1.735856118569843,1766201914.1561136
0.11869028955698013,-1.313533067703247,1.8390494585037231,-2.9682087007580065,-0.43838851485559555,-1.7333362478310939,1766201914.1660597
0.11885222792625427,-1.3049384355545044,1.8387922048568726,-2.9774477819682654,-0.44964425190411433,-1.742722229874642,1766201914.1661007
0.11920340359210968,-1.2960871458053589,1.8386600017547607,-2.9707921004240974,-0.4407130375959577,-1.7350093696686477,1766201914.1760013
0.11949462443590164,-1.2872016429901123,1.8384196758270264,-2.973008682067211,-0.442969618783286,-1.7372761392359277,1766201914.186054
0.11775633692741394,-1.278441309928894,1.8390552997589111,-3.0073561951093106,-0.449117905113873,-1.7138234897577762,1766201914.1960692
0.11972469091415405,-1.2689200639724731,1.8379167318344116,-2.9796683268353013,-0.45144482416800047,-1.7368939986752463,1766201914.20609
0.11640478670597076,-1.259419560432434,1.8386664390563965,-3.0175459122194086,-0.45073618679964617,-1.687616024449399,1766201914.2160978
0.11983177065849304,-1.250277042388916,1.838527798652649,-2.9663294435684735,-0.4486463605426331,-1.7364732237393692,1766201914.216183
0.11831939220428467,-1.2410300970077515,1.8390047550201416,-2.9832036790153373,-0.4526102278749161,-1.711170037729825,1766201914.2261457
0.11987049877643585,-1.231366753578186,1.8389205932617188,-2.9767623601327737,-0.4584327811175772,-1.737629119942554,1766201914.2360914
0.1202167496085167,-1.2219403982162476,1.8390274047851562,-2.985515642094683,-0.46512490310082233,-1.7392635255291782,1766201914.2461457
0.12010723352432251,-1.212667465209961,1.8397181034088135,-2.9766610556029076,-0.4627478846444617,-1.7447443120390478,1766201914.25609
0.12009058147668839,-1.1941604614257812,1.8404124975204468,-2.981285015078941,-0.4640362367162438,-1.7423728537196397,1766201914.266078
0.11958242952823639,-1.1759889125823975,1.841567873954773,-2.975261686155865,-0.46372622406714775,-1.7434981457584646,1766201914.2861528
0.11904129385948181,-1.1667802333831787,1.8418877124786377,-2.9768180848777748,-0.46542733157491556,-1.7388525832951374,1766201914.2961187
0.1182069405913353,-1.140953540802002,1.8439905643463135,-2.9583208597312503,-0.46335666342291754,-1.7365908279758424,1766201914.3160698
0.11812327057123184,-1.1224132776260376,1.8452494144439697,-2.96808601491967,-0.46078509410684176,-1.7433772813561974,1766201914.3360746
0.1177685484290123,-1.1044886112213135,1.8465672731399536,-2.964503549584134,-0.458250590850509,-1.7447516340306384,1766201914.3561502
0.11523668467998505,-1.0955629348754883,1.8473299741744995,-2.9854106200115065,-0.4619615062971787,-1.7114113384146694,1766201914.3660975
0.11742749065160751,-1.0864568948745728,1.8478752374649048,-2.9643164376136566,-0.45873978890900957,-1.7448163701647468,1766201914.3661227
0.11632880568504333,-1.07749605178833,1.8492048978805542,-2.991746904480618,-0.4633376364484355,-1.733537845317917,1766201914.3760927
0.11727818846702576,-1.0403779745101929,1.851255178451538,-2.9579710835422497,-0.46178602318972806,-1.7495120801797563,1766201914.4160433
0.11656315624713898,-1.0225406885147095,1.8522753715515137,-2.9435004142640646,-0.4639643619348603,-1.736822823211416,1766201914.4261038
0.11764324456453323,-1.0041859149932861,1.8530770540237427,-2.9579227446402285,-0.4755028183308641,-1.7468874495408855,1766201914.4461412
0.11805036664009094,-0.985558271408081,1.853998064994812,-2.9547026867771033,-0.47216789223529676,-1.7466288601730249,1766201914.4661367
0.11918871104717255,-0.9658978581428528,1.854793667793274,-2.970217769583206,-0.47194088248693994,-1.7604482280782732,1766201914.4761326
0.11905521899461746,-0.9573288559913635,1.8550176620483398,-2.9528110998155204,-0.47231913378278956,-1.749093919092187,1766201914.4861264
0.11973515897989273,-0.9476596713066101,1.8550498485565186,-2.9555026459047986,-0.4723906805517398,-1.747879413530847,1766201914.4961116
0.12023530900478363,-0.9380512237548828,1.8549704551696777,-2.956978697577367,-0.4725543207227694,-1.747652226144855,1766201914.506122
0.12073618173599243,-0.9285516738891602,1.8549268245697021,-2.955895478284508,-0.4732778884552572,-1.7501311955523347,1766201914.5161448
0.12144999951124191,-0.9188330173492432,1.8546884059906006,-2.9590300049733287,-0.47369587306500377,-1.7477917887480052,1766201914.5161693
0.12246063351631165,-0.9082317352294922,1.8544796705245972,-2.9772339292875394,-0.47668416478795894,-1.7612520620369954,1766201914.5261302
0.12253308296203613,-0.899446964263916,1.8541942834854126,-2.9617727131568,-0.47746486296314017,-1.7500680241905284,1766201914.5361102
0.12372156232595444,-0.8882482647895813,1.8539222478866577,-2.9650494439863793,-0.46991113803191603,-1.7627391303214388,1766201914.5461745
0.1228911280632019,-0.8798254132270813,1.8536887168884277,-2.9441124666194587,-0.46772177961332373,-1.7429228139619946,1766201914.5560834
0.12419067323207855,-0.870102047920227,1.8527991771697998,-2.9568460470532507,-0.4783050270959493,-1.7530368222245567,1766201914.56609
0.12473250180482864,-0.8603459596633911,1.8522355556488037,-2.9602606183565023,-0.47963861634913585,-1.752768561727159,1766201914.5661154
0.1246698722243309,-0.8501352667808533,1.8519049882888794,-2.945672362262909,-0.4688681680633171,-1.7426512859372472,1766201914.5760243
0.12612447142601013,-0.8308027386665344,1.850851058959961,-2.9403924586435424,-0.46619527029662405,-1.7483224042605967,1766201914.5961392
0.12738120555877686,-0.8111464977264404,1.8493554592132568,-2.9402799511459277,-0.4650477122347272,-1.7508376351742885,1766201914.616158
0.12788397073745728,-0.7810957431793213,1.8473471403121948,-2.969582822099557,-0.4680901238014027,-1.737834539594821,1766201914.6361384
0.13100819289684296,-0.7610174417495728,1.844863772392273,-2.954378851741957,-0.47570722843894253,-1.7533275978394416,1766201914.656143
0.1314433217048645,-0.7506395578384399,1.8441241979599,-2.9500091112873643,-0.47172529964444726,-1.7499373133134237,1766201914.6661172
0.1315549612045288,-0.740495502948761,1.8434417247772217,-2.94766133091415,-0.4692392734455607,-1.7444409939883958,1766201914.666142
0.13297726213932037,-0.7301372289657593,1.8422361612319946,-2.952643502741477,-0.4753117596554039,-1.7505839369874445,1766201914.676119
0.13358283042907715,-0.7199639678001404,1.8413711786270142,-2.9553284250806766,-0.477686808576287,-1.744546760490583,1766201914.6860902
0.13455620408058167,-0.7094428539276123,1.8406357765197754,-2.9525482882813168,-0.4771317228332289,-1.7484093803319303,1766201914.6961613
0.1352284997701645,-0.6989052295684814,1.8398979902267456,-2.951199676941194,-0.47756974745873293,-1.7465025881496947,1766201914.7061403
0.13551577925682068,-0.6884223222732544,1.839248776435852,-2.9580671611493674,-0.48049699428075127,-1.7378905041439456,1766201914.7161114
0.13699011504650116,-0.67792147397995,1.8384864330291748,-2.9561259585338906,-0.48122871870200884,-1.7382816412780973,1766201914.7161365
0.1375022530555725,-0.6670131087303162,1.8379038572311401,-2.949931890294273,-0.48775755657690895,-1.7443766906799163,1766201914.7261047
0.13803298771381378,-0.6566091775894165,1.8377107381820679,-2.9488858641260096,-0.4921712838214217,-1.7444358929627313,1766201914.7360218
0.13752438127994537,-0.6461320519447327,1.8376339673995972,-2.9425117849715625,-0.493529150322351,-1.730022821713874,1766201914.7461383
0.13939261436462402,-0.6351233720779419,1.837246060371399,-2.947036667122505,-0.4977611461218129,-1.7364814629150203,1766201914.756108
0.13969410955905914,-0.6248570680618286,1.8371658325195312,-2.949103577372143,-0.49982434142210697,-1.7368309455863826,1766201914.7661645
0.140084907412529,-0.6154834628105164,1.8365052938461304,-2.980259360959858,-0.5208045063659518,-1.7400098839142903,1766201914.7661884
0.1407359391450882,-0.6049295663833618,1.8368966579437256,-2.9520942077556525,-0.5040787536712394,-1.7377073345325238,1766201914.7761114
0.14087887108325958,-0.5958840250968933,1.836431622505188,-2.981096538010129,-0.5230780549715079,-1.737826267731075,1766201914.7860882
0.14133934676647186,-0.5856010913848877,1.8368759155273438,-2.951541488691919,-0.5044292572619727,-1.7362849268800868,1766201914.796066
0.14153845608234406,-0.5758510828018188,1.8369696140289307,-2.9519483247973533,-0.5018807912767481,-1.7297807539633332,1766201914.8061414
0.14145317673683167,-0.56640625,1.8373112678527832,-2.9471901026883334,-0.5008119447135715,-1.7318017637870373,1766201914.816108
0.14117848873138428,-0.5571175217628479,1.8376848697662354,-2.9458385837640364,-0.4997512975516455,-1.7242432963138445,1766201914.8261435
0.14145691692829132,-0.5471408367156982,1.8380228281021118,-2.943421876987447,-0.49720607947283896,-1.7266129314237302,1766201914.8261707
0.1407197117805481,-0.5385560989379883,1.838293194770813,-2.9696894342257476,-0.5153052614161268,-1.7326576503728806,1766201914.8360667
0.14110058546066284,-0.5281040668487549,1.838958501815796,-2.94658284496269,-0.4924725282731647,-1.7177358625451586,1766201914.8460417
0.14045171439647675,-0.5187153220176697,1.839674711227417,-2.944363138994949,-0.49602710117888327,-1.7234575473595666,1766201914.8561547
0.13837094604969025,-0.509357750415802,1.8403879404067993,-2.9532927910588542,-0.49804336921916553,-1.7104093437153431,1766201914.8660848
0.1394806057214737,-0.49905502796173096,1.8406972885131836,-2.94679479517451,-0.4981395434984167,-1.7230904441044659,1766201914.8661091
0.13727480173110962,-0.49014022946357727,1.8418883085250854,-2.942299969870568,-0.49472492087586895,-1.7114039301582513,1766201914.876022
0.13766562938690186,-0.4800194799900055,1.8426295518875122,-2.942056600709403,-0.4940725987052778,-1.7218694487563742,1766201914.8861008
0.13517825305461884,-0.4703772962093353,1.8436105251312256,-2.95282496786239,-0.4956039435282941,-1.702806902620042,1766201914.8961225
0.1354658603668213,-0.4602866768836975,1.8443729877471924,-2.942191668285593,-0.49396340017925544,-1.7163642479471521,1766201914.9061475
0.13358528912067413,-0.4505026340484619,1.8450651168823242,-2.947987095137731,-0.49544614671608916,-1.70029539232419,1766201914.916128
0.13004806637763977,-0.43046262860298157,1.8469525575637817,-2.955298277810988,-0.4925051385528631,-1.6841202831110342,1766201914.9261777
0.12855412065982819,-0.420293390750885,1.847689151763916,-2.954294618932391,-0.4912693600951786,-1.6812496026704056,1766201914.9361277
0.12902484834194183,-0.40972232818603516,1.848284125328064,-2.9459979943311883,-0.48594461299346176,-1.6888704436615323,1766201914.9461493
0.12712538242340088,-0.39942803978919983,1.8491061925888062,-2.944512630532691,-0.4868735124707797,-1.69000835312848,1766201914.9561307
0.12594033777713776,-0.38901379704475403,1.8496826887130737,-2.9512760242865865,-0.48327475516856405,-1.6773501618244862,1766201914.9661634
0.11857646703720093,-0.34632909297943115,1.8513109683990479,-2.95366137952707,-0.48285351278854566,-1.6628676163219684,1766201914.996147
0.1142333522439003,-0.32443946599960327,1.8513514995574951,-2.9507245838775167,-0.4825170593672205,-1.6575592569054929,1766201915.0161338
0.10955704003572464,-0.3025566041469574,1.8509807586669922,-2.951938596255643,-0.48347698161315117,-1.648512446642956,1766201915.0261488
0.10722343623638153,-0.2915550768375397,1.850542664527893,-2.950752582827924,-0.48358255146997786,-1.6463613032913367,1766201915.0360878
0.10475470125675201,-0.28069841861724854,1.8500059843063354,-2.95263055546402,-0.4843561649584517,-1.6436567296964826,1766201915.0461419
0.10236319154500961,-0.2699442505836487,1.849328875541687,-2.9538889745243964,-0.48375794780073256,-1.637383290439238,1766201915.056134
0.09960165619850159,-0.25898998975753784,1.848605751991272,-2.951590167605611,-0.48328506786727615,-1.6370883073967897,1766201915.0660977
0.09711362421512604,-0.2482505738735199,1.847764492034912,-2.951777998116195,-0.48049099804934253,-1.6321901069894245,1766201915.0661237
0.09449417889118195,-0.23736366629600525,1.846924901008606,-2.9500926114704455,-0.48084258418813386,-1.630387298628047,1766201915.076135
0.09173893183469772,-0.22651711106300354,1.8459244966506958,-2.9507555708984508,-0.4791070991662091,-1.6277988373401582,1766201915.0861387
0.08875297755002975,-0.21565523743629456,1.844942331314087,-2.9495032195202686,-0.480483538746555,-1.6300800647181604,1766201915.0960848
0.08616127073764801,-0.204689159989357,1.84364652633667,-2.9520438278590646,-0.4814919196615472,-1.6263610294175983,1766201915.106137
0.08345548808574677,-0.19382746517658234,1.8423868417739868,-2.949203188413168,-0.4815812251586701,-1.6269498772198911,1766201915.1161342
0.08087794482707977,-0.18312674760818481,1.8410409688949585,-2.9479069182203617,-0.48069928545160706,-1.6267319710364536,1766201915.1261358
0.07777126878499985,-0.17237959802150726,1.8397358655929565,-2.946978410972187,-0.48356872372101734,-1.629047954359108,1766201915.126229
0.07516571134328842,-0.1616792529821396,1.8382644653320312,-2.9502323340255425,-0.48590894814030733,-1.625805993543677,1766201915.1361346
0.07209485024213791,-0.15097977221012115,1.8367908000946045,-2.9487708620486437,-0.48814658682947654,-1.628255316752715,1766201915.1460874
0.0666719377040863,-0.1291603147983551,1.8341941833496094,-2.9486029039515547,-0.4944973749700637,-1.6422927385845498,1766201915.1660602
0.06365740299224854,-0.11936281621456146,1.8331084251403809,-2.9372717359979976,-0.4961192314266683,-1.6326653180681445,1766201915.1660714
0.060557976365089417,-0.10890544205904007,1.8323363065719604,-2.9314031381408,-0.502399312783117,-1.6388499736672544,1766201915.17605
0.05775727331638336,-0.09890513122081757,1.8315842151641846,-2.9342265985622875,-0.5047858947939178,-1.640364576358418,1766201915.186124
0.05485827103257179,-0.08903396129608154,1.830897569656372,-2.9342566982961555,-0.5057678048065675,-1.643722058374682,1766201915.1961536
0.05196750909090042,-0.07949141412973404,1.830424189567566,-2.935607992549714,-0.5086322207294468,-1.6465426607987539,1766201915.2060943
0.04875679314136505,-0.07008740305900574,1.830314040184021,-2.9363107361924032,-0.5087034477849335,-1.64787204053938,1766201915.2161326
0.0453491136431694,-0.06070470064878464,1.8303927183151245,-2.9333374014151823,-0.5064657108925306,-1.648790107627848,1766201915.2161572
0.04234066233038902,-0.05147719383239746,1.8306605815887451,-2.928873602805182,-0.4985338998312253,-1.6455191067515609,1766201915.2259953
0.03889056667685509,-0.04206835851073265,1.8311711549758911,-2.9217206882357303,-0.4986042792285347,-1.648107209603394,1766201915.2361536
0.0357380136847496,-0.03280580788850784,1.8318490982055664,-2.9163310866507155,-0.4959809861985486,-1.6471564461339907,1766201915.2461748
0.03278380259871483,-0.023437999188899994,1.8325613737106323,-2.9133816794148326,-0.49265743051510585,-1.641969801652847,1766201915.2561543
0.029654113575816154,-0.013930229470133781,1.8334715366363525,-2.9064105128741,-0.4924797965817992,-1.6445324821412772,1766201915.266134
0.026768315583467484,-0.004439094569534063,1.8346811532974243,-2.907208296967191,-0.49039284237445896,-1.63865316770851,1766201915.2661583
0.02430112101137638,0.005233626812696457,1.8358348608016968,-2.9063953247566516,-0.48989612041364466,-1.6341241378715226,1766201915.2761524
0.021638209000229836,0.01468159630894661,1.8373832702636719,-2.90819928921346,-0.4908908908833803,-1.6307430026791458,1766201915.28608
0.018977269530296326,0.024524766951799393,1.8391554355621338,-2.9010885904125,-0.4909264357967334,-1.6333281467657754,1766201915.2960906
0.017156120389699936,0.03428760915994644,1.8408002853393555,-2.907512648342114,-0.4877889941904447,-1.623280274260076,1766201915.3061192
0.015034970827400684,0.043959639966487885,1.842827558517456,-2.914635335687931,-0.4875751831504368,-1.620046185573887,1766201915.3160906
0.012952150776982307,0.05369674786925316,1.8448214530944824,-2.912435962117039,-0.48738786353597535,-1.6254018971522646,1766201915.3161154
0.011297260411083698,0.06356866657733917,1.8467861413955688,-2.9179226258023494,-0.48247407266672576,-1.6163285834848378,1766201915.3259978
0.009399984031915665,0.07347817718982697,1.848925232887268,-2.924097288398602,-0.48086861742091536,-1.616264237362642,1766201915.336116
0.0066974591463804245,0.0829668715596199,1.8514353036880493,-2.9197170642690993,-0.4849216992391834,-1.6283827178659354,1766201915.346142
0.005628382321447134,0.09308140724897385,1.8531994819641113,-2.928518082295677,-0.4783277211354467,-1.6155194778264061,1766201915.3561203
0.003785166423767805,0.10294261574745178,1.8553413152694702,-2.9264666195958164,-0.478230817866598,-1.6222461519442366,1766201915.3661282
0.0018673876766115427,0.11277591437101364,1.8572405576705933,-2.936008545129509,-0.47505137350039595,-1.6161880667750066,1766201915.3661525
0.00045084586599841714,0.12300247699022293,1.8588385581970215,-2.939093585330926,-0.4709777353408432,-1.6133692896434255,1766201915.3760118
-0.0013746613403782248,0.1328553557395935,1.8605691194534302,-2.940202619329956,-0.4678857225507864,-1.6126896193799316,1766201915.386006
-0.004439364653080702,0.14247246086597443,1.8619537353515625,-2.9501865737273536,-0.47052945903564797,-1.5970221131651883,1766201915.3960614
-0.006130150984972715,0.16322585940361023,1.8639953136444092,-2.9549265104160085,-0.46432320730690296,-1.610236281959716,1766201915.4159973
-0.008780044503509998,0.17305192351341248,1.864795207977295,-2.957881954244163,-0.4662923039058227,-1.5990253459153159,1766201915.4160361
-0.010852906852960587,0.18303775787353516,1.8654636144638062,-2.961803724641981,-0.4680421113652441,-1.6004702020133752,1766201915.4360638
-0.012708839029073715,0.19307826459407806,1.8658233880996704,-2.9660768702886458,-0.46806337189371094,-1.6000102643614316,1766201915.4360747
-0.014553600922226906,0.20313116908073425,1.8657705783843994,-2.9775227826478696,-0.47644767792992776,-1.6032022738824987,1766201915.4461095
-0.016364654526114464,0.2135162204504013,1.865512490272522,-2.9782484572800025,-0.47582509826878344,-1.5990436687884912,1766201915.4560645
-0.017841409891843796,0.2242424637079239,1.8653125762939453,-2.9676532461592626,-0.465582729118015,-1.5973105604703668,1766201915.4661477
-0.020040925592184067,0.2339998185634613,1.8647546768188477,-2.983199261179085,-0.47467440239480957,-1.596645530745131,1766201915.4661727
-0.022045055404305458,0.2442534863948822,1.8640940189361572,-2.983311738698803,-0.4745636372301125,-1.5950736829252454,1766201915.4761438
-0.024030063301324844,0.2545352876186371,1.86332368850708,-2.9859021926817486,-0.4740383558226631,-1.5966194382794494,1766201915.486129
-0.026458896696567535,0.2649800777435303,1.862512230873108,-2.9755756156439914,-0.46946310402789215,-1.5930740039812994,1766201915.4961405
-0.028835110366344452,0.27517518401145935,1.8616230487823486,-2.9731873395578137,-0.46940662042016745,-1.59512176573414,1766201915.506167
-0.030705973505973816,0.2850688099861145,1.860195279121399,-2.9818951695454143,-0.4751878794353079,-1.5975159571104858,1766201915.5160608
-0.032883718609809875,0.2951775789260864,1.858969807624817,-2.9809444580570683,-0.4750531483637006,-1.5973725820506623,1766201915.5160677
-0.035125140100717545,0.30525875091552734,1.857714056968689,-2.975767691203829,-0.4740340541656936,-1.5977060674990433,1766201915.5261617
-0.037357866764068604,0.3153989315032959,1.8563246726989746,-2.975118390101587,-0.47516204875344936,-1.5980203744161152,1766201915.5361474
-0.03955131396651268,0.3254670798778534,1.854945421218872,-2.9681692749781616,-0.4746222961845442,-1.596568868994642,1766201915.5461733
-0.041450001299381256,0.3355220854282379,1.853593111038208,-2.9711848632543663,-0.47362423919071733,-1.5931294506641696,1766201915.5561168
-0.0436832495033741,0.3455587327480316,1.8521450757980347,-2.967535931317429,-0.4736487745751638,-1.5895475119723468,1766201915.5660996
-0.04582349210977554,0.3557431101799011,1.8509998321533203,-2.956786516746297,-0.46734553556896963,-1.588343908616915,1766201915.566124
-0.04744575917720795,0.36616984009742737,1.849666953086853,-2.952006115735267,-0.4653772200844432,-1.5877764121242555,1766201915.5760555
-0.04944183677434921,0.37602120637893677,1.8483567237854004,-2.9515126975188086,-0.4668579232455679,-1.5856957164410153,1766201915.586087
-0.05112602189183235,0.38619014620780945,1.847215175628662,-2.950496897004674,-0.46493257603693533,-1.5855644059991827,1766201915.5960646
-0.05321400612592697,0.3951426148414612,1.8457635641098022,-2.9507032252122944,-0.472435240254155,-1.576187381725021,1766201915.6060557
-0.05446404218673706,0.4055270254611969,1.8446294069290161,-2.9430290268347608,-0.4678079419411798,-1.5795141454620547,1766201915.616103
-0.05642728880047798,0.41484522819519043,1.8434641361236572,-2.950903198510322,-0.47420659104510227,-1.5724784725960081,1766201915.6161273
-0.05800015479326248,0.42455440759658813,1.8424530029296875,-2.9499788977718064,-0.47527095446490336,-1.5693866664711769,1766201915.626048
-0.059391893446445465,0.43438056111335754,1.841741681098938,-2.9493172570225896,-0.4742007847140764,-1.5657716824475645,1766201915.6360571
-0.060726266354322433,0.44415321946144104,1.8410322666168213,-2.9460011011584317,-0.47511792375491124,-1.563348394261618,1766201915.6461608
-0.06202683970332146,0.4538423717021942,1.840651273727417,-2.9413885866011413,-0.4742857140407213,-1.5599140034195635,1766201915.656102
-0.06327707320451736,0.4634797275066376,1.8405102491378784,-2.9456678797752405,-0.47585627051862744,-1.557962129871546,1766201915.6661203
-0.06465503573417664,0.47297781705856323,1.8404114246368408,-2.9442183855666135,-0.4755400722968936,-1.5541073160922123,1766201915.666198
-0.06570816785097122,0.4825820028781891,1.8404711484909058,-2.950333153698337,-0.47363712987871287,-1.5524195670705652,1766201915.6760519
-0.06697412580251694,0.4917174279689789,1.8405561447143555,-2.954854779305556,-0.4716574733559437,-1.545558998969663,1766201915.6860569
-0.06810507923364639,0.501004159450531,1.8408840894699097,-2.9573126879371263,-0.4668987628913759,-1.545632497252682,1766201915.6961462
-0.06939893960952759,0.5101161599159241,1.8413294553756714,-2.96083761397827,-0.4618819772720202,-1.5392778666844327,1766201915.7061625
-0.07047402113676071,0.5193349123001099,1.8417596817016602,-2.9632954154224027,-0.45541037013751035,-1.5324669863722702,1766201915.7161124
-0.07192279398441315,0.528811514377594,1.8428198099136353,-2.952320531345297,-0.4430713386101076,-1.5319658391392021,1766201915.7161372
-0.07311312109231949,0.5380755066871643,1.8432824611663818,-2.955673409237493,-0.43769141532166206,-1.5238565966495783,1766201915.7261312
-0.0742156133055687,0.547633171081543,1.843953013420105,-2.958364589919687,-0.43293261296303664,-1.5233959162682467,1766201915.7360497
-0.07532346248626709,0.557116687297821,1.8444219827651978,-2.970325288825022,-0.43611750060495275,-1.5257897815223125,1766201915.7460582
-0.0769546702504158,0.5670228600502014,1.8452242612838745,-2.972151534773806,-0.4357992037850314,-1.5234983119551462,1766201915.7560802
-0.07838565111160278,0.5772982835769653,1.8460675477981567,-2.9796584478519406,-0.4349021669403199,-1.5240530395432226,1766201915.7661636
-0.08001648634672165,0.5875722765922546,1.8466449975967407,-2.9877183047734985,-0.4368539288300225,-1.520951297150765,1766201915.776137
-0.08199653774499893,0.5981193780899048,1.8476297855377197,-2.9816695849480768,-0.43312092117814577,-1.5169814925177567,1766201915.7761636
-0.08395898342132568,0.6087006330490112,1.848374843597412,-2.9941165912716765,-0.44296907259918794,-1.5214027016961267,1766201915.7861385
-0.08618725091218948,0.6198045611381531,1.8493732213974,-2.985874868523068,-0.4426792959787053,-1.523127259192153,1766201915.796048
-0.0890035629272461,0.6301112771034241,1.8503268957138062,-2.997958290002097,-0.45375973776206946,-1.5194524040751927,1766201915.8061166
-0.09210708737373352,0.6407036185264587,1.851232647895813,-3.0026504125219,-0.4622112032630015,-1.517471766917432,1766201915.816144
-0.09510816633701324,0.651471734046936,1.8524612188339233,-3.0016932307768656,-0.46480431795853433,-1.5169176799181248,1766201915.8161697
-0.09843674302101135,0.66227126121521,1.8536709547042847,-2.989773857571836,-0.4621370948834595,-1.5119726238541769,1766201915.8260922
-0.10201581567525864,0.6723029017448425,1.8549269437789917,-2.9950161818239307,-0.46952654628290935,-1.5112832516611254,1766201915.8461394
-0.10534176975488663,0.6828659176826477,1.8561325073242188,-2.983436908229571,-0.4655867231084419,-1.5113978345571932,1766201915.8461661
-0.10938043892383575,0.6926661729812622,1.857362985610962,-2.9867903268181375,-0.46943600882313496,-1.5069166198659427,1766201915.8561099
-0.1132030040025711,0.7025192975997925,1.8584017753601074,-2.989175050340612,-0.4729639297399076,-1.5028409749131235,1766201915.8661504
-0.11701392382383347,0.7125017642974854,1.859575867652893,-2.9849777048734376,-0.4704982539192467,-1.4989038079119077,1766201915.8661754
-0.12085012346506119,0.7226244807243347,1.8605479001998901,-2.9878034631376575,-0.4710683180556478,-1.4946217778859456,1766201915.876023
-0.12451168149709702,0.7324631810188293,1.8613924980163574,-2.9810533146261196,-0.46882827275171435,-1.4899229122966762,1766201915.8861656
-0.12834429740905762,0.7425976395606995,1.8621337413787842,-2.976919598065209,-0.4644177647624476,-1.4841090332281783,1766201915.8961604
-0.13201889395713806,0.7526282072067261,1.862715244293213,-2.9760534782135526,-0.4616797024111427,-1.4754313499860392,1766201915.906162
-0.1356484740972519,0.7624931931495667,1.8630287647247314,-2.9750809826587084,-0.46257080138716744,-1.4697774823543002,1766201915.9161627
-0.13929571211338043,0.7727606892585754,1.8633188009262085,-2.9753849807458765,-0.4580815911460825,-1.4642196172766013,1766201915.9161882
-0.1428057700395584,0.7828207612037659,1.863329529762268,-2.970072878428369,-0.45512970463439617,-1.4576188403424386,1766201915.9261248
-0.14645151793956757,0.7929605841636658,1.863162636756897,-2.9786509234726672,-0.45817232924015977,-1.4522582003849043,1766201915.936044
-0.15005147457122803,0.8031442165374756,1.8627737760543823,-2.9730999544077137,-0.45598998018531933,-1.4460380254841416,1766201915.9461408
-0.15352515876293182,0.8134815692901611,1.8621447086334229,-2.980306738814247,-0.45870213519646225,-1.4436728016744138,1766201915.956161
-0.1569686233997345,0.8237388730049133,1.8614293336868286,-2.975116881672724,-0.45741863432013974,-1.4406393034026213,1766201915.9660864
-0.16049183905124664,0.8339840769767761,1.8604613542556763,-2.9800471803960016,-0.45991567658073434,-1.4373174617976339,1766201915.966112
-0.164051815867424,0.8442533612251282,1.8593734502792358,-2.9722298386855135,-0.45745642451471186,-1.4322563590361723,1766201915.9759874
-0.17073561251163483,0.8660629987716675,1.8581712245941162,-3.0431804802418436,-0.46204574231134377,-1.4380174447818288,1766201915.9960582
-0.17408838868141174,0.8761913180351257,1.8565820455551147,-3.048801465564675,-0.4657755580832787,-1.437405080473192,1766201916.0061462
-0.17809459567070007,0.8855493664741516,1.8537195920944214,-2.970178671042689,-0.4621449308147157,-1.427421061829204,1766201916.0161002
-0.1813373565673828,0.8956601619720459,1.8518407344818115,-2.9700798351177737,-0.4623403215675753,-1.427899609358045,1766201916.016128
-0.18830649554729462,0.9163238406181335,1.848240852355957,-2.967152527903291,-0.4620616059094831,-1.4255442971337047,1766201916.0360596
-0.19199413061141968,0.9269273281097412,1.8466672897338867,-2.9604822751060516,-0.4558541801110621,-1.4266631765313027,1766201916.0461526
-0.20204390585422516,0.9575170874595642,1.8413543701171875,-2.9617996287980177,-0.45860499044096814,-1.439895076378077,1766201916.0661638
-0.20862068235874176,0.9783061146736145,1.8379720449447632,-2.9593372062783576,-0.4549341381456361,-1.4466730228765647,1766201916.0861537
-0.2116885781288147,0.9881713390350342,1.8361810445785522,-2.9651946573384027,-0.4593035323777726,-1.4557735632959934,1766201916.0961363
-0.2147904336452484,0.998279333114624,1.8345552682876587,-2.9678585078773136,-0.45934775613507384,-1.4608131686023387,1766201916.1061347
-0.21803635358810425,1.0087085962295532,1.833055019378662,-2.9621538905154097,-0.455265522309773,-1.4652948082742392,1766201916.1161404
-0.22116535902023315,1.0187091827392578,1.8314088582992554,-2.964343341366931,-0.4572040472268494,-1.473422304628218,1766201916.116166
-0.22444680333137512,1.029395341873169,1.83010995388031,-2.959676794327227,-0.4530420221085062,-1.477040492937964,1766201916.1260574
-0.227447047829628,1.0393404960632324,1.8287822008132935,-2.963813641556585,-0.4580639361162567,-1.4866171742707082,1766201916.1361144
-0.23058316111564636,1.0497713088989258,1.827810287475586,-2.963964717430698,-0.45808483114230275,-1.4928690566090193,1766201916.146094
-0.23369839787483215,1.0603265762329102,1.8270959854125977,-2.9598721648681017,-0.4588753922195394,-1.4984392946246805,1766201916.15611
-0.2367718368768692,1.0707621574401855,1.8264895677566528,-2.962947532280037,-0.46412431390726083,-1.5051688214438432,1766201916.1661701
-0.2397693246603012,1.0814018249511719,1.826122522354126,-2.958616020587739,-0.46227761454864597,-1.5119303739298973,1766201916.1661959
-0.24276281893253326,1.0918821096420288,1.8258676528930664,-2.9639213609959674,-0.4658736545460531,-1.5179510349777856,1766201916.1761367
-0.24573810398578644,1.1022697687149048,1.8259674310684204,-2.9640241306266164,-0.4658809119183808,-1.522684343778168,1766201916.1861064
-0.24884742498397827,1.1128427982330322,1.8261748552322388,-2.962941189977088,-0.4636341558700706,-1.526953506293772,1766201916.1961458
-0.25172755122184753,1.122925877571106,1.82639479637146,-2.9729642376151895,-0.4689604437068941,-1.5319599765895897,1766201916.2061388
-0.25470688939094543,1.1332560777664185,1.8267699480056763,-2.969550329221415,-0.46555304591822094,-1.532722277994207,1766201916.2161329
-0.25768980383872986,1.1432099342346191,1.8272188901901245,-2.972678252846361,-0.4677233786040482,-1.535905935813865,1766201916.2161584
-0.26080459356307983,1.1531424522399902,1.8279207944869995,-2.969437903193517,-0.46676506845745414,-1.536595733921973,1766201916.2261546
-0.26392555236816406,1.1632859706878662,1.8289040327072144,-2.9599869039264277,-0.45969532450523026,-1.535436097951969,1766201916.2361505
-0.26692113280296326,1.1731921434402466,1.8299484252929688,-2.9617624517210475,-0.4589885250616713,-1.5343744485739792,1766201916.2461398
-0.26990753412246704,1.1833430528640747,1.8312429189682007,-2.9558262132310453,-0.45533319528298444,-1.5317435527155125,1766201916.2561584
-0.2729978561401367,1.1936308145523071,1.8326563835144043,-2.952393336828523,-0.4518944062828304,-1.5287818346425452,1766201916.2661467
-0.27598363161087036,1.2041772603988647,1.8341730833053589,-2.9507105149198565,-0.4486607606805313,-1.5253192047082254,1766201916.2661722
-0.27882304787635803,1.2147979736328125,1.8357219696044922,-2.948127209474415,-0.4447064200331607,-1.5213229078041814,1766201916.2761564
-0.2814708948135376,1.224913239479065,1.8370081186294556,-2.9586429492146897,-0.4526883921517623,-1.5208855117201037,1766201916.2861676
-0.28415530920028687,1.2355716228485107,1.8385595083236694,-2.962262589854388,-0.45428939714279376,-1.5204930637372338,1766201916.2960525
-0.2869032919406891,1.2464309930801392,1.840288758277893,-2.958518646580901,-0.45195341885478113,-1.5178737667763544,1766201916.3060348
-0.2896576225757599,1.2574361562728882,1.84196138381958,-2.950047520171863,-0.4486861330447561,-1.512611355572979,1766201916.3161519
-0.29230913519859314,1.2684485912322998,1.843692660331726,-2.9428394621588563,-0.44608682915270426,-1.5092180203605592,1766201916.3161767
-0.29440197348594666,1.278978705406189,1.8451706171035767,-2.9627035220179203,-0.4599788156252488,-1.5152005169945237,1766201916.3261147
-0.2968442738056183,1.290127158164978,1.8468650579452515,-2.9643339745491115,-0.46186010667949523,-1.513415883218246,1766201916.3361557
-0.29919758439064026,1.3011776208877563,1.8484458923339844,-2.96256473828865,-0.46089869421889973,-1.510897752024996,1766201916.3461401
-0.3015948534011841,1.3122810125350952,1.8500784635543823,-2.9587415562435773,-0.45848133606982605,-1.5087715451836912,1766201916.3560882
-0.3035491704940796,1.3227818012237549,1.8513545989990234,-2.970710826181703,-0.46794430386798,-1.514342731453983,1766201916.3661478
-0.30568355321884155,1.3339732885360718,1.8528116941452026,-2.9715422322626797,-0.46544534290424994,-1.513137202539807,1766201916.3661742
-0.3079327642917633,1.344854712486267,1.854133129119873,-2.9719087953021632,-0.46346296549105565,-1.5137407201107937,1766201916.3760662
-0.30983468890190125,1.355606198310852,1.8552651405334473,-2.977856679248942,-0.46562624982013734,-1.5174247375897951,1766201916.3861535
-0.3118583559989929,1.3663603067398071,1.8562417030334473,-2.9800924297501257,-0.46503412720326276,-1.5185841971908158,1766201916.3961334
-0.3139815330505371,1.377218246459961,1.8571081161499023,-2.9798208562682227,-0.46206368852601437,-1.5193891458456692,1766201916.406129
-0.3158244490623474,1.3880040645599365,1.857744574546814,-2.9838808376445303,-0.46272243792059664,-1.5221578220709584,1766201916.4161537
-0.31775563955307007,1.3987845182418823,1.8581517934799194,-2.9820776909781945,-0.46028454046538086,-1.5233639535559302,1766201916.41618
-0.3197212815284729,1.4098013639450073,1.8584411144256592,-2.985496773321023,-0.45855376837499007,-1.524616184202729,1766201916.4260733
-0.32141000032424927,1.4204944372177124,1.8583978414535522,-2.9895872347929875,-0.46090102957196366,-1.5297481234573587,1766201916.4360638
-0.3232821822166443,1.4314780235290527,1.858217716217041,-2.9900934330548967,-0.4584305294999746,-1.5309443064241783,1766201916.446154
-0.3249576985836029,1.442221999168396,1.8576366901397705,-2.9919594748509946,-0.45995213495287024,-1.5371495318648343,1766201916.456156
-0.3266076147556305,1.4529072046279907,1.8569114208221436,-2.991345653591654,-0.453387486468818,-1.5389701122233297,1766201916.4661498
-0.32816433906555176,1.4641011953353882,1.8561100959777832,-2.9938005996815673,-0.46292791183896254,-1.5443368371634014,1766201916.476137
-0.32984599471092224,1.4750456809997559,1.8550695180892944,-2.9958762219025594,-0.463581497435284,-1.5468851405662916,1766201916.4761627
-0.33112379908561707,1.4858263731002808,1.8538291454315186,-2.99587212508624,-0.46587742093323314,-1.5527055048440432,1766201916.4861479
-0.3325398862361908,1.4967786073684692,1.852378249168396,-2.9991797776880866,-0.46797803331110743,-1.559689987201957,1766201916.496132
-0.33376485109329224,1.5075727701187134,1.8508039712905884,-2.9985892000719985,-0.466792866867523,-1.5644434140127774,1766201916.5061185
-0.33480799198150635,1.518383502960205,1.8490318059921265,-2.998115121289837,-0.4683701882853477,-1.5716879726488435,1766201916.5161526
-0.33581358194351196,1.529035210609436,1.847071886062622,-3.0008527934402176,-0.4700775696273572,-1.5801190933801383,1766201916.516178
-0.33650365471839905,1.539671540260315,1.8450932502746582,-3.002797353485184,-0.4707655153508894,-1.589069561192093,1766201916.526001
-0.3371790945529938,1.5501936674118042,1.842921495437622,-2.999205764760602,-0.4696868691568401,-1.5970102273365745,1766201916.5361533
-0.33769017457962036,1.560766339302063,1.8407280445098877,-2.998517741264348,-0.4705589741971711,-1.6071179063487906,1766201916.5461621
-0.33788588643074036,1.5711005926132202,1.8385381698608398,-2.9984508939526253,-0.4698412696651885,-1.619842682963472,1766201916.5561068
-0.3378486931324005,1.581426978111267,1.836214542388916,-2.998601912523603,-0.4699179280445399,-1.6320984584069584,1766201916.566155
-0.33757108449935913,1.591684103012085,1.8338751792907715,-2.9978565666766905,-0.4691197108949265,-1.6452204957692762,1766201916.5661807
-0.3366974890232086,1.602242350578308,1.8322539329528809,-3.0243855146240515,-0.47114008712897665,-1.6674975412497752,1766201916.5760555
-0.3362075388431549,1.6118255853652954,1.8294615745544434,-2.9977362176482507,-0.4658632718054202,-1.679219665856997,1766201916.5861645
-0.33530616760253906,1.6216256618499756,1.8272380828857422,-2.999358994603548,-0.4701607963237375,-1.7024283194388135,1766201916.5961547
-0.3336690366268158,1.631145715713501,1.8250209093093872,-3.0009403798001455,-0.46346998450128374,-1.7210954198222792,1766201916.6061382
-0.3320975601673126,1.6404587030410767,1.8228036165237427,-3.000945278502997,-0.4604231218545721,-1.744910614565124,1766201916.6161535
-0.330233097076416,1.6497740745544434,1.8207212686538696,-2.99941731382234,-0.4552672891675594,-1.7703723276352081,1766201916.6161788
-0.3282545506954193,1.658787727355957,1.8185663223266602,-3.000855142959928,-0.45283469267919724,-1.7962872534551584,1766201916.6260996
-0.3259262144565582,1.667275071144104,1.8164327144622803,-2.997955471002277,-0.4447498036479571,-1.82441771492253,1766201916.6360528
-0.3236716687679291,1.676365613937378,1.8143459558486938,-2.997099931275943,-0.44373715429633903,-1.8550266240961901,1766201916.6460757
-0.32106587290763855,1.6844062805175781,1.8122974634170532,-2.99987565181726,-0.4388295441844196,-1.8849959067433497,1766201916.6561003
-0.31834176182746887,1.6928471326828003,1.81021249294281,-2.996548562663322,-0.4373569747708147,-1.9177234555762508,1766201916.6661339
-0.3156013488769531,1.7004917860031128,1.8084789514541626,-2.9960929213093745,-0.431750031636829,-1.9490686475149788,1766201916.66616
-0.3127311170101166,1.7082492113113403,1.8070409297943115,-2.9905195653461494,-0.42683197394617184,-1.982569172730093,1766201916.6760309
-0.30991247296333313,1.7162342071533203,1.805887222290039,-2.980794598487402,-0.42474384087698713,-2.0198293064473405,1766201916.6861336
-0.3069734275341034,1.7239400148391724,1.805193305015564,-2.99181421405762,-0.41973804606728354,-2.055216173002313,1766201916.696053
-0.30379849672317505,1.730751633644104,1.804503083229065,-2.9956006039663325,-0.41138755547047856,-2.0875417179151863,1766201916.7061372
-0.3009531795978546,1.7378177642822266,1.8037992715835571,-3.00480755483062,-0.4151102269066011,-2.123814105396025,1766201916.716089
-0.29788485169410706,1.74428129196167,1.8033465147018433,-3.009355188257329,-0.4095685088439572,-2.158714934309762,1766201916.7161138
-0.2943914830684662,1.7506979703903198,1.8033175468444824,-3.001727292570347,-0.3970246650548364,-2.1934261979776357,1766201916.7260864
-0.29135575890541077,1.7565606832504272,1.8034080266952515,-3.0061244162668608,-0.3887949847975311,-2.2277330749868356,1766201916.73611
-0.2883281409740448,1.7623296976089478,1.8036513328552246,-3.0174780675478536,-0.3835553191094498,-2.2613522306775518,1766201916.746099
-0.28537169098854065,1.7679800987243652,1.8039413690567017,-3.0214705248078113,-0.3775897787004115,-2.296358865358425,1766201916.7561398
-0.28242674469947815,1.7731956243515015,1.8041006326675415,-3.0244713510402033,-0.3708746191244462,-2.325996682921112,1766201916.7661283
-0.2797262966632843,1.778309941291809,1.8044116497039795,-3.030225657821592,-0.3703150826059174,-2.3569898184578975,1766201916.7661548
-0.27701491117477417,1.7836709022521973,1.80490243434906,-3.0357323227243267,-0.37187273021739203,-2.3954259954196098,1766201916.7761095
-0.27452605962753296,1.7886430025100708,1.8054486513137817,-3.042978210355132,-0.37437180446806617,-2.4287047611445747,1766201916.7861247
-0.27212998270988464,1.7934882640838623,1.8061978816986084,-3.048481388245482,-0.3775081792980589,-2.46075367605577,1766201916.7961085
-0.26989489793777466,1.7983719110488892,1.8071422576904297,-3.051565229287907,-0.3788651950349728,-2.4943995222651396,1766201916.8061316
-0.2677185833454132,1.803240180015564,1.808354139328003,-3.0569030425806427,-0.38151175383137953,-2.527384710299034,1766201916.816133
-0.26588377356529236,1.8080675601959229,1.809776782989502,-3.058261167338868,-0.3869977458473444,-2.55887575858301,1766201916.8161583
-0.2645007073879242,1.812886118888855,1.811403512954712,-3.060068858585979,-0.3923116044490099,-2.5881091383562667,1766201916.8260775
-0.2631275951862335,1.8174947500228882,1.8132845163345337,-3.0585116306773745,-0.39577662362289856,-2.617278470435998,1766201916.836108
-0.2621343731880188,1.8221278190612793,1.815401315689087,-3.059873428683853,-0.39902826770589045,-2.6457499694346995,1766201916.8461368
-0.2612391710281372,1.8267141580581665,1.8177947998046875,-3.0554574530867304,-0.39773249196620775,-2.672143411620894,1766201916.8560946
-0.2607031464576721,1.8311452865600586,1.8202964067459106,-3.0564151408155413,-0.39745878543523044,-2.6956894207860986,1766201916.866127
-0.2603394091129303,1.8355517387390137,1.8229631185531616,-3.0538247555337463,-0.3949861332591917,-2.7193911082976228,1766201916.866153
-0.26015177369117737,1.83977210521698,1.8256235122680664,-3.0497483489324813,-0.39049265863837823,-2.74151978995036,1766201916.876134
-0.26111769676208496,1.8554744720458984,1.8357163667678833,-3.056617584116738,-0.37436936183990394,-2.8259568509529394,1766201916.9161484
-0.26167032122612,1.8589935302734375,1.8379377126693726,-3.0617867272659587,-0.37183670474831015,-2.844774077529388,1766201916.916175
-0.2619328200817108,1.8626447916030884,1.8403046131134033,-3.050058896186215,-0.35920445179478816,-2.862410643828908,1766201916.926127
-0.26255643367767334,1.8660249710083008,1.8420480489730835,-3.0535344602051686,-0.35382122790339665,-2.883956164739067,1766201916.936139
-0.26308250427246094,1.8694888353347778,1.8437613248825073,-3.0594877932071216,-0.3508506058677233,-2.9043823463187333,1766201916.9461277
-0.2635396122932434,1.87283456325531,1.8451043367385864,-3.059566570334275,-0.3430180441909886,-2.9257139181070713,1766201916.9561217
-0.26418018341064453,1.8760324716567993,1.846229076385498,-3.063846146805548,-0.3411891919439822,-2.9485325830722062,1766201916.9661472
-0.265144020318985,1.8792108297348022,1.8467780351638794,-3.081993995870412,-0.3469977109101857,-2.9725533581392405,1766201916.9661732
-0.26560214161872864,1.882433533668518,1.8472899198532104,-3.086144912509318,-0.34234164814375023,-2.996395564506076,1766201916.9760332
-0.26642537117004395,1.8854213953018188,1.8474440574645996,-3.0932760498967595,-0.3433234204360489,-3.022343852494823,1766201916.9860692
-0.26705169677734375,1.888301134109497,1.8473156690597534,-3.0965779108848652,-0.3393356327612223,-3.0484590549139177,1766201916.9960892
-0.26781174540519714,1.8910659551620483,1.8469200134277344,-3.0955716593576876,-0.3362829356142792,-3.076568504946852,1766201917.0061
-0.26841339468955994,1.8936506509780884,1.8464796543121338,-3.0933266885273927,-0.33313365265362704,-3.1037648875647936,1766201917.0161502
-0.26897868514060974,1.8961076736450195,1.8461023569107056,-3.0936267019278323,-0.3338826873649039,-3.133653611632384,1766201917.0161777
-0.2693290114402771,1.8986929655075073,1.8456941843032837,-3.0913546394568105,-0.3311458352963401,3.1163265207974655,1766201917.0261235
-0.26999151706695557,1.9009743928909302,1.8448495864868164,-3.0952018470968783,-0.32745865848571404,3.0819029149643775,1766201917.0361109
-0.2705725133419037,1.9031925201416016,1.8438498973846436,-3.1031565621597768,-0.32607971672443814,3.0455520255363218,1766201917.0461254
-0.27168676257133484,1.905227780342102,1.8428767919540405,-3.1117884684209085,-0.3262772087076421,3.0057912787600407,1766201917.056096
-0.2725796699523926,1.9073330163955688,1.8415800333023071,-3.120200410668837,-0.3278956232097653,2.9680229327920196,1766201917.0661204
-0.2734073996543884,1.909694790840149,1.840354323387146,-3.1215662964867055,-0.3246718279294015,2.927639934430379,1766201917.0761514
-0.2744343876838684,1.9119372367858887,1.8391481637954712,-3.1212324851082447,-0.3197118305598783,2.886132517965424,1766201917.0761783
-0.2754181921482086,1.9145468473434448,1.8380720615386963,-3.1234396013937737,-0.3155578123074284,2.845695086784401,1766201917.0860417
-0.27615442872047424,1.9174305200576782,1.8370869159698486,-3.1256613164032463,-0.3157701248595329,2.8056224584973366,1766201917.0960906
-0.27679166197776794,1.9197906255722046,1.836418867111206,-3.1213367782022807,-0.3115044129442651,2.764043752635814,1766201917.1061366
-0.2762989103794098,1.920975923538208,1.8364555835723877,-3.0793647206257164,-0.28708143529837804,2.712684608337651,1766201917.1160533
-0.2760917842388153,1.9237505197525024,1.836599349975586,-3.0731120220885733,-0.28383945823723183,2.671663030204674,1766201917.116079
-0.2737197279930115,1.9340986013412476,1.8383023738861084,-3.057283135163084,-0.2777879677354264,2.570826461573461,1766201917.146061
-0.2723727226257324,1.9368197917938232,1.8390357494354248,-3.0507371796724367,-0.27889827151641,2.532311369481109,1766201917.1560223
0.2524503767490387,2.236751079559326,1.8849555253982544,-3.030201538791662,-0.23248075162737317,1.5597460572548079,1766201921.0561984
0.2487909495830536,2.2319602966308594,1.8850011825561523,-3.0319451671536815,-0.2295249217627375,1.5497158063484995,1766201921.0661244
0.24499838054180145,2.2271008491516113,1.8850260972976685,-3.031835286562863,-0.22742858035170208,1.540476972272036,1766201921.066155
0.2412017434835434,2.2222394943237305,1.8848786354064941,-3.0328854750490764,-0.22626902460255155,1.5312802076880618,1766201921.076004
0.23731140792369843,2.2171998023986816,1.8848036527633667,-3.0343037019137036,-0.22415762744032292,1.5232860737941536,1766201921.0863001
0.23346488177776337,2.2120625972747803,1.88478684425354,-3.0358829683559665,-0.2224149701811918,1.5157688282005122,1766201921.0960224
0.22958779335021973,2.2069900035858154,1.8846408128738403,-3.03823030354873,-0.22010504576297096,1.509082549499516,1766201921.1059968
0.22564204037189484,2.201713800430298,1.884503960609436,-3.0396448719631994,-0.2192590991828851,1.5014757325218508,1766201921.1160116
0.22164605557918549,2.1964190006256104,1.8844226598739624,-3.040093753177634,-0.21709204935891058,1.4963852219222025,1766201921.1161485
0.21760116517543793,2.191141366958618,1.884341835975647,-3.042363686287726,-0.21501320099242552,1.489392190383369,1766201921.1261303
0.2135249376296997,2.1857504844665527,1.884225606918335,-3.0444452813878127,-0.21334800616488606,1.483934107416006,1766201921.1360304
0.20936226844787598,2.180232524871826,1.8841567039489746,-3.044759360983829,-0.2107706231521122,1.477534820373993,1766201921.1460094
0.2051764726638794,2.1747796535491943,1.8840413093566895,-3.0458356364110766,-0.20866981460580683,1.4716983682006937,1766201921.1561615
0.20097680389881134,2.169273614883423,1.8839147090911865,-3.0471875639272903,-0.2062897305580835,1.4667436511554006,1766201921.1661432
0.19655044376850128,2.1636886596679688,1.8837833404541016,-3.048047192127539,-0.2040994599822754,1.4617979252376643,1766201921.1661704
0.1920977234840393,2.1582283973693848,1.8836627006530762,-3.046693040193201,-0.2001380401947946,1.456005993973221,1766201921.176066
0.1875992715358734,2.1525814533233643,1.883471131324768,-3.0474073994642903,-0.19685174057594884,1.4512282816974784,1766201921.186051
0.18297214806079865,2.1470768451690674,1.8832978010177612,-3.0513791622465907,-0.19518391523855835,1.4471866455877653,1766201921.196073
0.17830924689769745,2.1415228843688965,1.883018970489502,-3.054140112271419,-0.1924586049017855,1.4427278851648366,1766201921.2061434
0.17353731393814087,2.136009931564331,1.8828153610229492,-3.0543611908988235,-0.18768403308925352,1.4379992728654658,1766201921.216149
0.16873225569725037,2.1303670406341553,1.8826154470443726,-3.0554465449411223,-0.18424813671507417,1.4330570180860491,1766201921.2161744
0.16378378868103027,2.1248559951782227,1.8822546005249023,-3.0585313928763966,-0.1797741850477162,1.4281528788317481,1766201921.226105
0.15886783599853516,2.1193909645080566,1.8818403482437134,-3.058912763817521,-0.1750941923286548,1.423972990409972,1766201921.2361052
0.15393665432929993,2.11380672454834,1.8816051483154297,-3.0593492450092588,-0.17020412805373805,1.4214349128764767,1766201921.2460556
0.14913956820964813,2.1081771850585938,1.8814083337783813,-3.0610852385176863,-0.16506442947383132,1.4181568067951817,1766201921.256147
0.1441202014684677,2.1026108264923096,1.8813254833221436,-3.0628749130554715,-0.16100832262674228,1.4141524345320682,1766201921.2661433
0.13906404376029968,2.0969502925872803,1.88135826587677,-3.0664344093005527,-0.15705731995969407,1.409975531150212,1766201921.2661703
0.13400320708751678,2.0911803245544434,1.881352186203003,-3.068137628787473,-0.15150741942300122,1.4055453017084358,1766201921.276036
0.12897567451000214,2.085350751876831,1.881437063217163,-3.06851951569578,-0.14764223336619983,1.4015487010052263,1766201921.2860644
0.12402340769767761,2.0794007778167725,1.8816474676132202,-3.06801833121982,-0.1443530276887466,1.3983046678358335,1766201921.2961504
0.11905506253242493,2.073477268218994,1.882090449333191,-3.0677719105591152,-0.14061730186728433,1.3948297672668153,1766201921.3061442
0.11400973051786423,2.0675582885742188,1.8826560974121094,-3.0680827600354146,-0.1376113785546794,1.391383809411619,1766201921.316143
0.10898430645465851,2.0616049766540527,1.8832248449325562,-3.069610128347616,-0.13463432645028783,1.3862172554348124,1766201921.3161688
0.10390061140060425,2.0555989742279053,1.8838882446289062,-3.072024629881462,-0.1321144665695037,1.3794933346094247,1766201921.3261182
0.09891447424888611,2.0494775772094727,1.8845200538635254,-3.078911425622118,-0.13115910353325644,1.374969533119481,1766201921.3360286
0.09394245594739914,2.0434014797210693,1.8851025104522705,-3.083777608750159,-0.1294589021158121,1.3707973902864077,1766201921.346049
0.08895199000835419,2.0374131202697754,1.885651707649231,-3.0853358815885086,-0.12612626012391495,1.3657094445186169,1766201921.3560672
0.0840228796005249,2.0314223766326904,1.886193037033081,-3.0855496419390187,-0.12267855548929968,1.360774834809084,1766201921.36605
0.07922334969043732,2.025451898574829,1.8867497444152832,-3.0866741593157454,-0.1200247817212045,1.3562508554654003,1766201921.376085
0.07441919296979904,2.019371747970581,1.8872852325439453,-3.089011252878569,-0.11729590530303602,1.3520279549928098,1766201921.3760965
0.06957843154668808,2.0131709575653076,1.887747049331665,-3.091902409737261,-0.11412971977404461,1.3481433053557743,1766201921.3860073
0.06481125950813293,2.0069634914398193,1.8882116079330444,-3.096393719678081,-0.11175589768496216,1.3448671915609378,1766201921.3959918
0.06007705628871918,2.0007686614990234,1.888733983039856,-3.100027453569075,-0.10834473108284176,1.3410342127422425,1766201921.4061599
0.05542357265949249,1.9945236444473267,1.8892091512680054,-3.103672470747911,-0.10482683808472362,1.3388189049840116,1766201921.4161758
0.05075469985604286,1.9882631301879883,1.8896688222885132,-3.1063759806623144,-0.1011280427120232,1.3335717111406205,1766201921.4162023
0.04618996009230614,1.9818419218063354,1.890138864517212,-3.1114139080485894,-0.09827256266449846,1.3294329949953374,1766201921.42607
0.04166736826300621,1.9753726720809937,1.8905274868011475,-3.115912402080805,-0.0944699927805186,1.3234837638120998,1766201921.4360113
0.03741414099931717,1.9687210321426392,1.8907816410064697,-3.1216682444769748,-0.09269122061982371,1.319770048914477,1766201921.4460337
0.033207353204488754,1.9621602296829224,1.8909852504730225,-3.1270136263006276,-0.09096810063620409,1.316367078482373,1766201921.455981
0.029181476682424545,1.955470323562622,1.8912097215652466,-3.1324506277842254,-0.0878553331877764,1.3134126401294333,1766201921.466152
0.025330008938908577,1.9487172365188599,1.8913825750350952,-3.136152743492627,-0.08435242358359049,1.3072491521232308,1766201921.47613
0.021453555673360825,1.9419389963150024,1.8914755582809448,-3.136294381389683,-0.0811040756459727,1.3030886848977374,1766201921.4761574
0.01781863160431385,1.9348944425582886,1.8913918733596802,-3.136827637279899,-0.07798297437902002,1.3002961225530851,1766201921.4861286
0.014361917972564697,1.9277805089950562,1.8913134336471558,-3.13529847915343,-0.07367826390265227,1.2983552085720305,1766201921.4961584
0.011052433401346207,1.9206346273422241,1.891182541847229,-3.1356230082346297,-0.06975466286134292,1.2957695974526546,1766201921.5060935
0.007747246418148279,1.9133182764053345,1.8909709453582764,-3.1340366756876645,-0.06752867261725652,1.2931870716620153,1766201921.5160508
0.004529417026787996,1.905937671661377,1.8906354904174805,-3.13096818061548,-0.06383136402998905,1.2906668464106497,1766201921.5261586
0.0013337754644453526,1.8984123468399048,1.8902250528335571,-3.1268237443506752,-0.06189662714084741,1.2905301019328546,1766201921.5262477
-0.0009448810596950352,1.8909695148468018,1.889866590499878,-3.1267215637782533,-0.05810041318896524,1.3038923747651543,1766201921.5360534
-0.004635519348084927,1.8831236362457275,1.8892407417297363,-3.124882123518431,-0.05683970872008364,1.2933678358245118,1766201921.546159
-0.007019187323749065,1.8754973411560059,1.8887346982955933,-3.1257839679497246,-0.05581625874236878,1.3020891399472454,1766201921.556129
-0.010102631524205208,1.867607593536377,1.8879671096801758,-3.124563595580602,-0.055008667602639005,1.298701375295022,1766201921.5661678
-0.013039296492934227,1.859613060951233,1.8872419595718384,-3.122473928435641,-0.05312705348753488,1.2997411014711473,1766201921.5761538
-0.015920495614409447,1.8516144752502441,1.8863927125930786,-3.122897509836124,-0.052486134619452306,1.302279701363054,1766201921.5763206
-0.020180365070700645,1.8432356119155884,1.8852686882019043,-3.105414069769505,-0.04881118956401476,1.281425192214949,1766201921.5860245
-0.022707484662532806,1.8349850177764893,1.8843716382980347,-3.107153792036872,-0.04730723728536825,1.2881293689853932,1766201921.5960717
-0.02981952764093876,1.8095283508300781,1.8810722827911377,-3.108031152479013,-0.046752595509355184,1.3066535923399827,1766201921.6161528
-0.04137513414025307,1.7747341394424438,1.8752416372299194,-3.1010338194788347,-0.04585542503977453,1.3027393096042286,1766201921.6561832
-0.0834985077381134,1.644362449645996,1.8488185405731201,-3.0909265023815458,-0.03686873487981753,1.2494656130786088,1766201921.7661576
-0.08510208874940872,1.633928656578064,1.8469167947769165,-3.08985056063951,-0.03576129762107371,1.2574166405532172,1766201921.786137
-0.08852223306894302,1.6241449117660522,1.84496009349823,-3.089429298624641,-0.035817147137584576,1.2475039975958242,1766201921.786228
-0.09001189470291138,1.613601565361023,1.8431508541107178,-3.087306991086831,-0.033221897621397115,1.2548064064772235,1766201921.7960923
-0.09213515371084213,1.6036752462387085,1.8413548469543457,-3.0842160496769053,-0.03220911626805109,1.259918768672369,1766201921.8061454
-0.0951390266418457,1.5932732820510864,1.8398528099060059,-3.094216070959011,-0.03307743984678122,1.2488727710807763,1766201921.8161511
-0.09681687504053116,1.583115816116333,1.8382576704025269,-3.0858448677447297,-0.02916639262634357,1.2577294997711361,1766201921.8162389
-0.09934435039758682,1.5723989009857178,1.8370357751846313,-3.093336707572158,-0.027283458106658894,1.250476748085676,1766201921.8260958
-0.10142016410827637,1.562228798866272,1.8356024026870728,-3.088591045670768,-0.024802734101094265,1.2548312084043904,1766201921.836073
-0.10378164052963257,1.551393985748291,1.8346974849700928,-3.095542319276473,-0.021841324193970824,1.2492509659637752,1766201921.8461468
-0.10602407157421112,1.540847897529602,1.8337668180465698,-3.0973950583782264,-0.018954936073616164,1.2475626290324346,1766201921.8560858
-0.10819660872220993,1.5304723978042603,1.8329185247421265,-3.095307813838215,-0.015424305563366493,1.248764877284684,1766201921.8661325
-0.11044465005397797,1.5195519924163818,1.8324240446090698,-3.1015000855227703,-0.012470984365337218,1.2451474929672501,1766201921.8661578
-0.1127215251326561,1.508799433708191,1.8320609331130981,-3.102499901508023,-0.009160479764377335,1.2429752234450082,1766201921.8860307
-0.11489760875701904,1.4982507228851318,1.831875205039978,-3.098651099749571,-0.006113829813603423,1.2441127207569016,1766201921.8860378
-0.11710093915462494,1.4872195720672607,1.8320225477218628,-3.099353500537521,-0.003269088134700401,1.2400530418341025,1766201921.8960462
-0.11921270191669464,1.4767518043518066,1.8324733972549438,-3.0948161008598616,-0.0006576319074330179,1.2430275789215308,1766201921.906132
-0.12152479588985443,1.4658098220825195,1.83351469039917,-3.092107287759826,0.0021060145955930044,1.2409051277824767,1766201921.9161468
-0.12420720607042313,1.45500910282135,1.835131287574768,-3.0962653475427113,-0.0028286041048022023,1.238244341373762,1766201921.9161725
-0.12689007818698883,1.4442108869552612,1.8367692232131958,-3.1008869966323074,-0.002827933648150343,1.2374561617787587,1766201921.9259584
-0.12912459671497345,1.433169960975647,1.8381458520889282,-3.1047988012678926,0.000667036088984016,1.236862227215716,1766201921.9360635
-0.13145247101783752,1.4211876392364502,1.8394535779953003,-3.120464233869605,0.01567189915548766,1.2247402069657467,1766201921.94614
-0.133719801902771,1.4103138446807861,1.840900182723999,-3.12056602066023,0.01822811238824087,1.2275159178323214,1766201921.9560902
-0.13644835352897644,1.3986812829971313,1.8427870273590088,-3.1335201676919,0.01989918223716654,1.219430513178767,1766201921.966144
-0.1387891322374344,1.3872950077056885,1.8444255590438843,-3.1311488730514414,0.020218135963634105,1.2165845582430297,1766201921.9661696
-0.1410362720489502,1.375913143157959,1.8462936878204346,-3.131990513592252,0.019645561330664595,1.215216388300251,1766201921.9860265
-0.14330652356147766,1.3642632961273193,1.8482766151428223,-3.1310432156752133,0.018387405948815785,1.2140396147005539,1766201921.9860344
-0.1455155909061432,1.3525935411453247,1.8502253293991089,-3.1220421534904346,0.01533639607334059,1.2130563337839495,1766201921.9961345
-0.14776647090911865,1.340985894203186,1.8523560762405396,-3.1160630063095707,0.010752359377157758,1.2125475975363964,1766201922.0061646
-0.15037602186203003,1.3304404020309448,1.8550703525543213,-3.10675913408702,-0.006375800236807999,1.2152107658639577,1766201922.0161326
-0.15231898427009583,1.3180760145187378,1.8566681146621704,-3.0965689144793136,0.0025749047899629608,1.217523772293476,1766201922.0161574
-0.15525144338607788,1.3067314624786377,1.8594969511032104,-3.1005691584221475,-0.009694898454140668,1.215151467598646,1766201922.026054
-0.15785397589206696,1.2960340976715088,1.8618724346160889,-3.093171613219404,-0.014558953450912532,1.212498100132102,1766201922.0360508
-0.16070717573165894,1.2843283414840698,1.8640949726104736,-3.094804919483802,-0.013800580627211758,1.2129840666454514,1766201922.0461226
-0.16306523978710175,1.2733596563339233,1.8663784265518188,-3.0877707511599986,-0.014403272160458528,1.2176842529957765,1766201922.0561457
-0.16619500517845154,1.2623379230499268,1.8687481880187988,-3.0873055545973664,-0.01531213289069955,1.2172889787246648,1766201922.066135
-0.16865164041519165,1.251361608505249,1.8710596561431885,-3.0879838018132375,-0.011724166573600155,1.2104888793143007,1766201922.0661602
-0.171637162566185,1.2404028177261353,1.8735822439193726,-3.084043595945613,-0.01202592432110028,1.2088087667307412,1766201922.0760956
-0.17499487102031708,1.2293015718460083,1.8762089014053345,-3.0926506974033567,-0.01439102787373401,1.2020261474363456,1766201922.0861318
-0.17796538770198822,1.2188689708709717,1.8784558773040771,-3.0872523728355565,-0.01140024932169011,1.2109589491607753,1766201922.096157
-0.18125924468040466,1.2080212831497192,1.8808754682540894,-3.090191150739771,-0.01260886298111184,1.2087695700263732,1766201922.1061134
-0.18520183861255646,1.1976747512817383,1.8835304975509644,-3.0900482650130816,-0.023144924339077538,1.216792535860366,1766201922.1161304
-0.18803098797798157,1.1865900754928589,1.8852381706237793,-3.0917473972208946,-0.014061916544689284,1.2076675024380688,1766201922.1161559
-0.19169266521930695,1.175945520401001,1.8870129585266113,-3.092193160962395,-0.009095276359209842,1.2083059323690841,1766201922.1260824
-0.19512005150318146,1.1652873754501343,1.8889377117156982,-3.0940569988128233,-0.014261689886218015,1.2063582846448833,1766201922.1360555
-0.1986709088087082,1.1548904180526733,1.8905751705169678,-3.094654867956426,-0.016209522990049706,1.2043636012043524,1766201922.14611
-0.20242327451705933,1.1442281007766724,1.8918410539627075,-3.0966126239590466,-0.013848471012250582,1.205888659360675,1766201922.1561549
-0.2060069590806961,1.1337854862213135,1.89313805103302,-3.0974387589158354,-0.015308990062099815,1.2033899093730926,1766201922.166153
-0.20978954434394836,1.123089075088501,1.893937587738037,-3.1005791221510823,-0.013719503840352294,1.203816031340375,1766201922.1661782
-0.21355123817920685,1.112607479095459,1.8945612907409668,-3.1030043732266757,-0.011991072636228603,1.2044095077899009,1766201922.1760335
-0.21756680309772491,1.102076768875122,1.8948662281036377,-3.1038394805589578,-0.009906182631970744,1.201818200955616,1766201922.196158
-0.22140955924987793,1.0915863513946533,1.8948580026626587,-3.1058190745345766,-0.005459221510410614,1.201620009976593,1766201922.1962452
-0.22548991441726685,1.0810589790344238,1.8947832584381104,-3.1094406706887807,-0.00657015654858558,1.2004122444761525,1766201922.2060707
-0.22955457866191864,1.070575475692749,1.8942919969558716,-3.1102322466654715,-0.006246848776751455,1.1994863025231794,1766201922.2160676
-0.2336733639240265,1.0601390600204468,1.8936004638671875,-3.116072765594314,-0.00646187126573052,1.1965019985625178,1766201922.2160933
-0.23792621493339539,1.0495716333389282,1.8925508260726929,-3.1162926875021864,-0.0049263904920148595,1.1960395461880693,1766201922.2261333
-0.24230404198169708,1.0390174388885498,1.8914328813552856,-3.1191372976571867,-0.004825964023472807,1.1922565551571394,1766201922.2361324
-0.24650870263576508,1.0285745859146118,1.890030026435852,-3.121600414739727,-0.004687207614178954,1.18955333547787,1766201922.246137
-0.25114181637763977,1.0179754495620728,1.8883689641952515,-3.1214282373059974,-0.0017166316058806316,1.1858197364591325,1766201922.256149
-0.25559329986572266,1.0074268579483032,1.8866633176803589,-3.1237991058874632,-0.002429919207240779,1.1826721579965618,1766201922.2661319
-0.2602565586566925,0.996837854385376,1.8847254514694214,-3.1287283800179373,-0.0008235794550867459,1.1788001815350733,1766201922.2661757
-0.2646543085575104,0.986277163028717,1.8827439546585083,-3.1306670540497614,-0.0005580193366418226,1.175028678888546,1766201922.2760417
-0.2694801092147827,0.9755732417106628,1.8803892135620117,-3.136104760933751,0.0038808368309043314,1.1710052023703847,1766201922.2960083
-0.27403542399406433,0.9649450778961182,1.8782747983932495,-3.1370424214614627,0.0017916444746087592,1.166415611011549,1766201922.2960231
-0.27879250049591064,0.9541727900505066,1.8759030103683472,-3.1386039536191106,0.004190139291831043,1.1625093055906874,1766201922.3060443
-0.28391000628471375,0.9431251287460327,1.8732399940490723,3.1407474980248473,0.009347519258987393,1.1670697682181406,1766201922.31616
-0.2882736027240753,0.9327027797698975,1.8708590269088745,3.1401209202474685,0.00742147982046078,1.1546644188507922,1766201922.3162482
-0.29287049174308777,0.9220099449157715,1.868404507637024,3.1381693432518003,0.00793366125840215,1.1513220921551717,1766201922.3261306
-0.2976323962211609,0.9111388921737671,1.8659703731536865,3.1364814247843364,0.009526162585132933,1.1467028262510084,1766201922.336141
-0.3023204803466797,0.900210976600647,1.863654613494873,3.135938882715373,0.010985732194402152,1.1446147361385595,1766201922.3461325
-0.30705952644348145,0.8892752528190613,1.8615963459014893,3.1367241263498986,0.012952035729243899,1.1394397183230331,1766201922.3560455
-0.3117212653160095,0.878312349319458,1.859704852104187,3.136001447694031,0.012570711977040003,1.1370930529573278,1766201922.3661337
-0.3165229856967926,0.8672023415565491,1.8580284118652344,3.1361640902540318,0.014338241104008042,1.1338692155842696,1766201922.3661587
-0.3212239742279053,0.8559473156929016,1.8566548824310303,3.1354406578196214,0.014120396291258676,1.131538411471483,1766201922.3760858
-0.32595959305763245,0.8445578217506409,1.8554121255874634,3.136793754534389,0.015275778428711797,1.1316475737250655,1766201922.3861175
-0.3308239281177521,0.8330980539321899,1.8543555736541748,3.1338041497667017,0.014870687983776585,1.1303685726223704,1766201922.3961556
-0.3354678452014923,0.8216288685798645,1.8535265922546387,3.131353723170532,0.01330889161801232,1.1287456847232116,1766201922.4061327
-0.3400322496891022,0.8100752830505371,1.8528410196304321,3.1296072411375975,0.014318122413975762,1.1310229464025396,1766201922.4161568
-0.3446594178676605,0.798384964466095,1.8523043394088745,3.1292344312042157,0.013973484909721431,1.1286463528818809,1766201922.4162457
-0.34924137592315674,0.7866642475128174,1.8519161939620972,3.1302256758631595,0.014096555830797834,1.1282891892944054,1766201922.426056
-0.35348227620124817,0.7750347852706909,1.8518675565719604,3.1333179327573544,0.013874654622969105,1.1294468711556842,1766201922.436169
-0.35773393511772156,0.7632206082344055,1.8520258665084839,3.139099252501262,0.013854173222100486,1.1307383613343451,1766201922.4461348
-0.36263200640678406,0.750993013381958,1.853041172027588,3.1255041219737216,0.011882633305084203,1.1183869258489394,1766201922.4561589
-0.36600255966186523,0.7397706508636475,1.8534855842590332,-3.1261993302556252,0.014746210727194231,1.1345772130229483,1766201922.466139
-0.37106430530548096,0.727364182472229,1.8550442457199097,3.1375162393047247,0.014574186955400642,1.1195228943991284,1766201922.4661646
-0.3745388090610504,0.7160329222679138,1.8557156324386597,-3.123110661614975,0.018564763719658883,1.1344865031101903,1766201922.4760945
-0.3796115219593048,0.703692615032196,1.8574142456054688,3.138854692508897,0.01860920893707091,1.1231120032481117,1766201922.4860988
-0.38377150893211365,0.6915661096572876,1.8584744930267334,-3.137109625592705,0.01935647195981688,1.12360171880767,1766201922.4960704
-0.38812124729156494,0.6798162460327148,1.8599162101745605,3.1394788970532646,0.02026735989175734,1.1240764059585253,1766201922.5061545
-0.39228537678718567,0.6679744720458984,1.8612183332443237,-3.1398579884712436,0.021241106656100066,1.1259509832727002,1766201922.516142
-0.39654478430747986,0.6560238599777222,1.8625450134277344,-3.135089893663724,0.02256428923128787,1.128302830312221,1766201922.5161862
-0.400868684053421,0.6441318392753601,1.8640425205230713,-3.1321961104726084,0.02316622748953452,1.1282441356348674,1766201922.52605
-0.404967725276947,0.6318395733833313,1.8656468391418457,-3.1232729435698285,0.02354701549268411,1.1282245733057765,1766201922.5360706
-0.40951523184776306,0.6199781894683838,1.8675479888916016,-3.125255368822699,0.02118590945007534,1.1281853427601034,1766201922.5460086
-0.4138699173927307,0.6077053546905518,1.8695058822631836,-3.1206339704636274,0.021613914737346866,1.1305923864048726,1766201922.5561533
-0.41844284534454346,0.5957513451576233,1.8717219829559326,-3.1270208215192974,0.020039922640168257,1.1285410116187595,1766201922.566132
-0.4230045974254608,0.5834741592407227,1.8740692138671875,-3.1337688464227944,0.01738656911372332,1.1278255836348277,1766201922.5661576
-0.42773106694221497,0.5712074041366577,1.8763526678085327,-3.140331866010969,0.016354512239694433,1.1304109053651334,1766201922.5760098
-0.4322621822357178,0.5590032339096069,1.8787884712219238,3.1397548006549973,0.01330391114610065,1.1305427583445353,1766201922.5860991
-0.4365949332714081,0.5464909076690674,1.8813555240631104,3.1323107497248186,0.010375001883524472,1.129499013321521,1766201922.6061304
-0.44107940793037415,0.5341435670852661,1.8838779926300049,3.12991790275877,0.007824188673272534,1.130409104162985,1766201922.6062293
-0.4453386962413788,0.5217131972312927,1.8864139318466187,3.1242743633691807,0.004052102533472672,1.129788152766482,1766201922.6160526
-0.4483591616153717,0.5096353888511658,1.8884776830673218,-3.139908962537446,0.005040174173391937,1.1441830229757863,1766201922.616059
-0.45327600836753845,0.49647822976112366,1.8912075757980347,3.1161948201010543,-0.000878123711194357,1.1314368016105967,1766201922.626149
-0.4569664001464844,0.4839141368865967,1.89341139793396,3.1109701846861606,-0.0043807123744814104,1.1323804443658188,1766201922.636133
-0.46048885583877563,0.4713435471057892,1.8953588008880615,3.106144059151679,-0.005939198042797903,1.1337781783609444,1766201922.6461284
-0.4638410806655884,0.4585469961166382,1.8971611261367798,3.108380332583901,-0.00719961937243649,1.1386909290297278,1766201922.6561356
-0.4668227434158325,0.44579818844795227,1.8988250494003296,3.105607412501331,-0.010596708128338368,1.1384184150494898,1766201922.6661105
-0.4698244631290436,0.4331386089324951,1.9000738859176636,3.107370531338579,-0.012707895324633912,1.1439841042746983,1766201922.6761124
-0.4726715683937073,0.4205085337162018,1.901208758354187,3.109578830521892,-0.012567647245262287,1.1465033291183824,1766201922.676141
-0.47539713978767395,0.4079391360282898,1.9021896123886108,3.115810053512398,-0.010950326592251853,1.149953597030516,1766201922.6860795
-0.47796007990837097,0.39516088366508484,1.90282142162323,3.120791807111076,-0.01235465823062961,1.1547359632364116,1766201922.6961389
-0.48029404878616333,0.3824862837791443,1.9032615423202515,3.1259176768061554,-0.010657927523790639,1.158289127032773,1766201922.7061567
-0.4826793372631073,0.36986836791038513,1.9033836126327515,3.129947518062233,-0.009852718602379207,1.1621392872151997,1766201922.7161605
-0.48519715666770935,0.35727331042289734,1.9032326936721802,3.13212135455257,-0.008786761428269837,1.1656162617967998,1766201922.7161865
-0.48747649788856506,0.34468644857406616,1.9027901887893677,3.1344067638059547,-0.006693116413507701,1.1699350216152946,1766201922.7260492
-0.489757239818573,0.3319970667362213,1.9021393060684204,3.1383996618223273,-0.00434454405318911,1.1759788488912402,1766201922.7361574
-0.49191099405288696,0.3193915784358978,1.9012316465377808,-3.1390530524582316,-0.0029472691321446123,1.178346342911706,1766201922.7461329
-0.49425169825553894,0.30671367049217224,1.9000515937805176,-3.1381166181236053,-0.0020825376294534843,1.1826993575656972,1766201922.7561564
-0.4963935911655426,0.2940579056739807,1.8986098766326904,-3.1330831126829293,-0.00013140585904531968,1.185865399566163,1766201922.7661288
-0.4988120198249817,0.2813926339149475,1.896991491317749,-3.1296956896964314,-0.0006616979252724751,1.1926903611303497,1766201922.7661538
-0.5008044242858887,0.26867225766181946,1.895125150680542,-3.1283394115911394,0.0014640819424061903,1.1919350911554893,1766201922.7760644
-0.5031675100326538,0.2560168206691742,1.893161416053772,-3.1190520009764295,0.005476421424835769,1.194054230657314,1766201922.7860513
-0.5049159526824951,0.24320711195468903,1.8908236026763916,-3.120648720032809,0.0011979902180841696,1.1998562531350616,1766201922.7961617
-0.5070829391479492,0.23036853969097137,1.888418436050415,-3.1195112657991646,0.0014591082821788122,1.2024349861666495,1766201922.8061304
-0.5091248750686646,0.21778297424316406,1.8859232664108276,-3.1102513271727976,0.0014841612892674992,1.2085793861003657,1766201922.816175
-0.5110530257225037,0.2045479565858841,1.8831511735916138,-3.1136679483031444,0.002996267020836928,1.2069604277043584,1766201922.8162003
-0.5132856369018555,0.19199113547801971,1.8805150985717773,-3.098528077309736,0.004011267277676619,1.2136796170435884,1766201922.8261352
-0.514913022518158,0.17937080562114716,1.8775851726531982,-3.090167151352042,0.003525679416188305,1.221684736588471,1766201922.8360517
-0.5189797282218933,0.15342098474502563,1.8723846673965454,-3.07726021581432,0.0036822011031561624,1.2255186527123616,1766201922.856144
-0.5227324366569519,0.12758725881576538,1.8675612211227417,-3.0701725694175233,0.0003216238242304387,1.231128607199677,1766201922.866148
-0.5242830514907837,0.11497841775417328,1.8652516603469849,-3.065420269060155,-0.0016801978474595683,1.2398853653819972,1766201922.8761566
-0.5263708829879761,0.10175149887800217,1.8631813526153564,-3.0698636549576936,-0.003312916064001158,1.239533013787433,1766201922.886145
-0.5283952355384827,0.08882148563861847,1.861205816268921,-3.0688910272573,-0.004303427145785571,1.2440789603452522,1766201922.8961558
-0.530411958694458,0.07584317773580551,1.8594006299972534,-3.0727095085114446,-0.006878624362955479,1.2421397562887626,1766201922.9061098
-0.5317332148551941,0.06289706379175186,1.8575115203857422,-3.0585814512742786,-0.006225423414796761,1.2510664547769155,1766201922.9161236
-0.5340631008148193,0.05025427043437958,1.8562685251235962,-3.0711841442673253,-0.008772247297169033,1.2453984875589932,1766201922.916166
-0.5360128879547119,0.03717657923698425,1.8549059629440308,-3.0765094558002613,-0.01264006448668459,1.247523823457574,1766201922.926076
-0.5378450155258179,0.024323495104908943,1.8539373874664307,-3.0773700229702756,-0.012057033965219573,1.2455588799421493,1766201922.9360776
-0.5397314429283142,0.011554097756743431,1.853118658065796,-3.079292467764779,-0.012856206826784473,1.2452609460047555,1766201922.9461186
-0.541357696056366,-0.0012519164010882378,1.852588415145874,-3.0790452993924746,-0.013764186931627793,1.2463300609334143,1766201922.9561398
-0.542967677116394,-0.01414537988603115,1.8525035381317139,-3.078977465309994,-0.01425589064632442,1.2453115220153097,1766201922.9661317
-0.5442292094230652,-0.027171414345502853,1.8525378704071045,-3.0750364226349634,-0.014640948703496937,1.2488658742663545,1766201922.9761496
-0.5461552143096924,-0.039739467203617096,1.8532342910766602,-3.088617998880853,-0.014072872788457216,1.241828073132939,1766201922.9761746
-0.547662079334259,-0.05245637893676758,1.854077696800232,-3.098460839340091,-0.014662322379610277,1.2397553780817556,1766201922.9861279
-0.5493074059486389,-0.06529109179973602,1.8549613952636719,-3.1031452467584377,-0.01302768034559996,1.2371835454656868,1766201922.9961655
-0.5507349371910095,-0.07800568640232086,1.8560855388641357,-3.1069600717071304,-0.011856644799915545,1.2346156636838226,1766201923.0061407
-0.5518010258674622,-0.09052897244691849,1.8573081493377686,-3.106543790891117,-0.010300416585628957,1.2327388993370583,1766201923.016139
-0.55324786901474,-0.10347964614629745,1.858640432357788,-3.1116598811090306,-0.010470518896545326,1.2294768045933817,1766201923.0161655
-0.5544952154159546,-0.11626128107309341,1.8599876165390015,-3.1134203785551247,-0.010660999627018577,1.2276661044949606,1766201923.0261188
-0.5556199550628662,-0.1289554238319397,1.8614180088043213,-3.1124670936840277,-0.01084973729590936,1.224865178995424,1766201923.0360737
-0.5566936731338501,-0.14186283946037292,1.86299729347229,-3.11000225909331,-0.010911336962666931,1.221407928785798,1766201923.0460749
-0.5577489733695984,-0.15471595525741577,1.864763617515564,-3.1046866452530977,-0.013226936275800889,1.2182770936510185,1766201923.0561595
-0.558749794960022,-0.1675293892621994,1.8666316270828247,-3.1001507308801233,-0.01438064337913492,1.219812197158094,1766201923.066135
-0.5597089529037476,-0.18045154213905334,1.8686736822128296,-3.0961298913939688,-0.01803436402466625,1.217791035608283,1766201923.06616
-0.5606536269187927,-0.19331172108650208,1.8708796501159668,-3.0841880035175375,-0.018081547762913448,1.2182254225281246,1766201923.0760505
-0.561984121799469,-0.20626689493656158,1.8732366561889648,-3.079258223298335,-0.02127530059701168,1.215963728184566,1766201923.086001
-0.5629994869232178,-0.21911148726940155,1.8755533695220947,-3.074532409453567,-0.025925758846497324,1.2161901375574637,1766201923.096029
-0.5645747184753418,-0.2319273054599762,1.8781856298446655,-3.0684480746909797,-0.02697093939509029,1.2124533004838056,1766201923.106077
-0.5659591555595398,-0.24452872574329376,1.8809056282043457,-3.060387227158862,-0.030374298551406526,1.2129933638068475,1766201923.1160367
-0.5676298141479492,-0.25736185908317566,1.8836489915847778,-3.0585706500559886,-0.03472269333294016,1.2088887389151375,1766201923.116044
-0.5694071054458618,-0.2698659598827362,1.8864432573318481,-3.0527912899802643,-0.0386650270477124,1.209950336787303,1766201923.1261368
-0.5713850259780884,-0.2825542986392975,1.8895128965377808,-3.050378342082155,-0.04263034746637556,1.208304943176484,1766201923.1361065
-0.5736833810806274,-0.2949044704437256,1.8926124572753906,-3.050955253171486,-0.05092738314979887,1.2087112398274802,1766201923.146137
-0.575583279132843,-0.3073689043521881,1.8953322172164917,-3.0516236534106693,-0.050351730487156604,1.2034238974405058,1766201923.156159
-0.5778100490570068,-0.31963810324668884,1.8981682062149048,-3.050589132769663,-0.05254278936189934,1.2021374974812775,1766201923.166144
-0.5802435874938965,-0.33194291591644287,1.900895118713379,-3.0530381088983165,-0.0567136595852736,1.1985809628219644,1766201923.1661692
-0.5826457142829895,-0.3439396619796753,1.903390645980835,-3.0514946147836604,-0.058851569431856245,1.1969981525275741,1766201923.1760614
-0.5851401686668396,-0.3558344841003418,1.9058250188827515,-3.0522145417179543,-0.060689546054880375,1.1957696167527918,1766201923.1860535
-0.5876823663711548,-0.3677118122577667,1.9080251455307007,-3.0532175361391025,-0.062416831047873045,1.193377354284098,1766201923.1960018
-0.5903506875038147,-0.3794916868209839,1.909989595413208,-3.054876113305212,-0.0633761312766892,1.1907671654275387,1766201923.2061462
-0.5929703116416931,-0.39116522669792175,1.9117522239685059,-3.054970534865859,-0.0643357171538648,1.1908715784160935,1766201923.21614
-0.5956841111183167,-0.40278926491737366,1.9132061004638672,-3.059076249073645,-0.06537280246423147,1.1873996680022334,1766201923.2161665
-0.5988998413085938,-0.414137601852417,1.9146252870559692,-3.062911594545738,-0.07213191875949139,1.1944487528734624,1766201923.2260404
-0.6012141108512878,-0.4258113503456116,1.915350317955017,-3.0656215894210295,-0.06593832981155369,1.1862900741592286,1766201923.2361329
-0.6042264103889465,-0.43719393014907837,1.9162040948867798,-3.067879512625166,-0.07032112157059518,1.1881269443011797,1766201923.2461326
-0.6067935824394226,-0.4486262798309326,1.9162741899490356,-3.070440920163064,-0.06456759029430215,1.1843038162193869,1766201923.2560644
-0.6097925305366516,-0.4600478410720825,1.9163837432861328,-3.0747243403043405,-0.06479782380533729,1.1826474133442886,1766201923.266119
-0.612671434879303,-0.4713514447212219,1.9160784482955933,-3.0796309506397597,-0.06513225084071478,1.1834455277651645,1766201923.2661428
-0.6161436438560486,-0.48266997933387756,1.9157897233963013,-3.082297768005239,-0.07119480824416946,1.189790613414258,1766201923.2760956
-0.6188160181045532,-0.49405014514923096,1.9148446321487427,-3.0815256232514274,-0.06578745152046893,1.1859651642470261,1766201923.2860167
-0.6217084527015686,-0.5054281949996948,1.9137822389602661,-3.0859684405846832,-0.06572640338218795,1.1810085545336262,1766201923.2961495
-0.6248736381530762,-0.5168551206588745,1.9126759767532349,-3.0904357293781697,-0.06763266655758517,1.1798270483660838,1766201923.3061132
-0.6283782720565796,-0.5280876755714417,1.911444902420044,-3.092117285004674,-0.07342786240061852,1.1884764898327065,1766201923.3161294
-0.6310153603553772,-0.5398632884025574,1.9096765518188477,-3.0990712816571344,-0.06885613977171647,1.18050445814647,1766201923.3161554
-0.6340833902359009,-0.5512237548828125,1.9079350233078003,-3.0971310544525714,-0.06851379041385758,1.1803816797934652,1766201923.326025
-0.6374722123146057,-0.5625952482223511,1.906352162361145,-3.099017634172715,-0.07366850723586063,1.1823645953557924,1766201923.3360806
-0.640516996383667,-0.5740399360656738,1.90424382686615,-3.1060768562647896,-0.07831030867243359,1.1829924362424826,1766201923.34604
-0.6434277296066284,-0.5857147574424744,1.9017841815948486,-3.105184815360038,-0.0733409166668016,1.1808028538288196,1766201923.3561358
-0.6465140581130981,-0.5972192287445068,1.8993666172027588,-3.111942898773595,-0.07440486673307119,1.1792761726728047,1766201923.3661466
-0.6495779156684875,-0.6086041331291199,1.896680474281311,-3.1144569655083414,-0.07600898883555779,1.1795100284586268,1766201923.3661711
-0.6524922251701355,-0.6199700832366943,1.8939602375030518,-3.1154182599049967,-0.0760054132379491,1.178755235474053,1766201923.376091
-0.6554429531097412,-0.6312883496284485,1.8912239074707031,-3.1156591312467317,-0.07573292717317283,1.1780008003237237,1766201923.3860707
-0.6583802103996277,-0.6427162885665894,1.888582706451416,-3.117070239854885,-0.07607184160737523,1.1778366410804828,1766201923.3960028
-0.6612078547477722,-0.654093325138092,1.8859531879425049,-3.116534557288748,-0.07396769635756795,1.1766683624141163,1766201923.4059985
-0.6640593409538269,-0.665421724319458,1.8833073377609253,-3.1136465745967388,-0.07345787628774933,1.1773114668451037,1766201923.4160695
-0.6668689846992493,-0.6769881248474121,1.8807159662246704,-3.113930816849716,-0.07181102647251283,1.1753986575472357,1766201923.425959
-0.669731080532074,-0.6884496212005615,1.8783138990402222,-3.1138631653248248,-0.0723642705943424,1.1740684233351077,1766201923.426013
-0.6725822687149048,-0.6999760866165161,1.8760186433792114,-3.1107259415805264,-0.07093781633270525,1.1746429358858959,1766201923.436009
-0.6753702163696289,-0.7115254402160645,1.87395441532135,-3.111108500191358,-0.07132215246884582,1.1736697983693445,1766201923.4460726
-0.6781902313232422,-0.7231203317642212,1.8718383312225342,-3.1113588701185284,-0.07127790592229195,1.172072808642105,1766201923.4561286
-0.681107223033905,-0.7346645593643188,1.869847297668457,-3.1099953136523446,-0.07031309269530948,1.1717958410019704,1766201923.4661703
-0.6840001344680786,-0.7463076114654541,1.8679306507110596,-3.1106114287656883,-0.06900722658049578,1.1697284302703967,1766201923.4661956
-0.6868166923522949,-0.7579098343849182,1.866048812866211,-3.111931488105603,-0.06808926112579196,1.1681082093815374,1766201923.4760065
-0.6896746158599854,-0.7694991827011108,1.86427640914917,-3.1136117219914916,-0.06954832190123937,1.1682772626623172,1766201923.486054
-0.6926068663597107,-0.7813005447387695,1.8627067804336548,-3.1102792378666937,-0.06844483529285703,1.166252708533299,1766201923.4961092
-0.6955446600914001,-0.7929298281669617,1.8615776300430298,-3.103545048377962,-0.07449649272715006,1.168522394704159,1766201923.5060694
-0.6986145973205566,-0.8046159744262695,1.8608026504516602,-3.097190269102013,-0.07711309368911998,1.1694301175299984,1766201923.5161178
-0.7015341520309448,-0.8163509964942932,1.8603798151016235,-3.0909820638465595,-0.08187063416628365,1.168507081244961,1766201923.526164
-0.7044721841812134,-0.8281876444816589,1.8601747751235962,-3.086463616986295,-0.08217557577110243,1.1659095027485915,1766201923.5261886
-0.7075513601303101,-0.8400782346725464,1.8600516319274902,-3.0876603536453326,-0.08222238352903057,1.1643412407041804,1766201923.535983
-0.7101970314979553,-0.8520430326461792,1.859758734703064,-3.090507168223176,-0.07826704272796656,1.1570285705878716,1766201923.546039
-0.7131537795066833,-0.8637639880180359,1.8599132299423218,-3.095882138957176,-0.08199931620442613,1.155038565988005,1766201923.556142
-0.7164762020111084,-0.8753888010978699,1.8605027198791504,-3.0938089242450486,-0.08830109815415937,1.1616762079795626,1766201923.5660784
-0.7191910743713379,-0.8871302008628845,1.8608778715133667,-3.092117683885399,-0.08893097761086699,1.1564888385780856,1766201923.566104
-0.722003698348999,-0.8989527821540833,1.8615278005599976,-3.090821095935669,-0.08701472450941336,1.1537247869780518,1766201923.5759928
-0.7252703905105591,-0.9106006026268005,1.8624762296676636,-3.089825496499573,-0.09168347273936049,1.158727755030002,1766201923.5861385
-0.7278388738632202,-0.9224754571914673,1.8633276224136353,-3.0880250259639324,-0.09009602713350108,1.1523258484213295,1766201923.5961182
-0.7307050824165344,-0.934207022190094,1.8644582033157349,-3.0879232859543873,-0.09195129061130253,1.1523431109165574,1766201923.6061587
-0.7339667081832886,-0.9459022283554077,1.8660320043563843,-3.090115945962129,-0.09726010150847629,1.1580347792561698,1766201923.6161084
-0.736890435218811,-0.9576715230941772,1.8676029443740845,-3.091569992530854,-0.09915542369941473,1.1577476088167922,1766201923.6261232
-0.7398733496665955,-0.9696366190910339,1.8695319890975952,-3.094487352058051,-0.10495565100870331,1.1595762144868131,1766201923.626148
-0.742843508720398,-0.9814779162406921,1.8715460300445557,-3.0979357362982367,-0.10835201872784755,1.15962953104006,1766201923.6359863
-0.745721697807312,-0.9934841394424438,1.8736340999603271,-3.0999075369915516,-0.10819620983648137,1.1594334027266784,1766201923.646097
-0.748337984085083,-1.0054596662521362,1.8756564855575562,-3.104449335042485,-0.10885681498446755,1.1580688259355767,1766201923.6561491
-0.7510185837745667,-1.017594814300537,1.8778780698776245,-3.107398290826029,-0.11275498218186356,1.1586910213283488,1766201923.6660807
-0.7532517313957214,-1.0299030542373657,1.8800930976867676,-3.1090766822419402,-0.11425494274739036,1.1533895937365084,1766201923.666106
-0.7557398080825806,-1.042136311531067,1.8824729919433594,-3.1097355964016806,-0.11947346267199947,1.1545415584658738,1766201923.6760018
-0.7585353255271912,-1.054574966430664,1.8849945068359375,-3.109263663155619,-0.12476622480544727,1.1630670032718189,1766201923.6860607
-0.7605847716331482,-1.0665223598480225,1.8869587182998657,-3.1201058034009805,-0.13635619920218212,1.1624465887442663,1766201923.6961234
-0.762908935546875,-1.0789223909378052,1.8890867233276367,-3.1210172216952756,-0.14348186508288996,1.1634914167047394,1766201923.7061129
-0.7649201154708862,-1.0914239883422852,1.8911155462265015,-3.122255069855156,-0.15078359142343836,1.1591836701326268,1766201923.716098
-0.7671619653701782,-1.1036787033081055,1.8929661512374878,-3.1277761971778553,-0.1595010834675912,1.1635142266101777,1766201923.716123
-0.7691290378570557,-1.1164649724960327,1.895256757736206,-3.1031022383754028,-0.15036484717137757,1.1674827790347109,1766201923.7259538
-0.7712136507034302,-1.1288331747055054,1.896947979927063,-3.1017562587486567,-0.15916512078752615,1.1684614027245797,1766201923.7360542
-0.7731280326843262,-1.1405749320983887,1.8974967002868652,-3.1293017557489122,-0.1812351444371177,1.1616359381027577,1766201923.7461698
-0.77497798204422,-1.1526869535446167,1.8986586332321167,-3.1260643602945213,-0.18912777961171182,1.1619342790629745,1766201923.7559836
-0.7767137289047241,-1.164671778678894,1.8994735479354858,-3.1240241911749016,-0.19187018015960455,1.1584706367738251,1766201923.766046
-0.7785546183586121,-1.1766679286956787,1.9002938270568848,-3.1239726387279756,-0.1996626834532166,1.157617617654569,1766201923.7660553
-0.7801400423049927,-1.1884725093841553,1.90065336227417,-3.1184252903681333,-0.20338106715244256,1.1564441817826527,1766201923.7760992
-0.781846284866333,-1.2002837657928467,1.9009437561035156,-3.117593984494208,-0.20668091896416643,1.1536178877954875,1766201923.7860675
-0.7834469079971313,-1.2119790315628052,1.9009146690368652,-3.1138823496949377,-0.21040761041824735,1.1517992930127867,1766201923.7960875
-0.7852092981338501,-1.2236562967300415,1.9008153676986694,-3.113187951925467,-0.21348063469076542,1.1519519400558058,1766201923.8061073
-0.7867474555969238,-1.2352705001831055,1.90043306350708,-3.109811191229126,-0.2159890694605422,1.1504519490626182,1766201923.8160934
-0.7881587147712708,-1.2468501329421997,1.8996795415878296,-3.1101192880355617,-0.21428525520556915,1.142818644146723,1766201923.8161201
-0.7899265885353088,-1.2584865093231201,1.898980975151062,-3.105830828099022,-0.22069084337668118,1.1449907871657592,1766201923.8259544
-0.7914737462997437,-1.2701059579849243,1.8979952335357666,-3.1075599693384444,-0.22390846792446953,1.141717373033176,1766201923.8360364
-0.79302579164505,-1.2816252708435059,1.8967788219451904,-3.1051119696555904,-0.22661465203002973,1.1415515272342864,1766201923.8460424
-0.7946977615356445,-1.293270468711853,1.8955155611038208,-3.107248267186017,-0.22981509643632525,1.1388259697821803,1766201923.8561401
-0.7962155342102051,-1.3048254251480103,1.8938844203948975,-3.1012599315188005,-0.23139425880684136,1.1367434261520057,1766201923.8661542
-0.797670841217041,-1.3163963556289673,1.8920046091079712,-3.097486513249071,-0.23140889219788532,1.1349315540765563,1766201923.8661795
-0.7994477152824402,-1.328039288520813,1.890275239944458,-3.1003887342693015,-0.23712565649801523,1.1333240553288702,1766201923.8760033
-0.8009271621704102,-1.3395323753356934,1.8880935907363892,-3.0987538462796915,-0.24048564866577934,1.1337198799912591,1766201923.8861072
-0.802372932434082,-1.3510587215423584,1.8857280015945435,-3.0960641749387303,-0.24395895602679754,1.1333788114434942,1766201923.8960974
-0.8039219379425049,-1.36257004737854,1.8833158016204834,-3.09220038985737,-0.2458845804907455,1.132149316495663,1766201923.9060986
-0.8054646849632263,-1.374205231666565,1.8808388710021973,-3.0962885715449566,-0.2495277697262741,1.1311725199412994,1766201923.9161193
-0.8069283366203308,-1.3856627941131592,1.8781567811965942,-3.0912472772358974,-0.2513927943511002,1.1317696294301283,1766201923.9161453
-0.808366060256958,-1.3971730470657349,1.8754080533981323,-3.088340273241221,-0.25375428694819274,1.132032013160434,1766201923.93613
-0.8098867535591125,-1.40859055519104,1.8726352453231812,-3.084296500665481,-0.25462781559390324,1.1320242966511576,1766201923.9361556
-0.8113840818405151,-1.4200187921524048,1.8697348833084106,-3.08357856738602,-0.2571453569515889,1.1331215020265497,1766201923.9460611
-0.8130828142166138,-1.431597352027893,1.86699640750885,-3.0926063039259786,-0.25955380889302737,1.1303022313063995,1766201923.9561365
-0.8145058155059814,-1.4430480003356934,1.8640187978744507,-3.0892519939048495,-0.25963986644518877,1.130147396989354,1766201923.9661677
-0.8160883784294128,-1.4544621706008911,1.861130714416504,-3.0888476716687454,-0.26143569838493746,1.1303702078130011,1766201923.966193
-0.817486047744751,-1.4659503698349,1.8580656051635742,-3.086411641722521,-0.2578002795523143,1.1255670789941112,1766201923.9760344
-0.8193413019180298,-1.477656602859497,1.855489730834961,-3.09811717683341,-0.26480886544229515,1.1264018965561118,1766201923.9861104
-0.8207347989082336,-1.4891608953475952,1.852447509765625,-3.0950830237644285,-0.263196464531085,1.1240610740613284,1766201923.9961479
-0.8224272727966309,-1.5006866455078125,1.8497220277786255,-3.092312510659779,-0.2654230789102161,1.1234245204398159,1766201924.006121
-0.8237789273262024,-1.5123255252838135,1.8468587398529053,-3.092747593878212,-0.26550685845500055,1.1212172586856703,1766201924.0161083
-0.8255283236503601,-1.5240936279296875,1.8445196151733398,-3.1034284779062813,-0.2710777967623536,1.1175553575090198,1766201924.016134
-0.8268983364105225,-1.5358127355575562,1.8418306112289429,-3.0992289229475016,-0.27160541303000857,1.115442908455792,1766201924.0361054
-0.8282974362373352,-1.5474932193756104,1.839349389076233,-3.094930495215597,-0.27359216046634144,1.1142448639592317,1766201924.0361314
-0.8298240900039673,-1.5594757795333862,1.8373469114303589,-3.103193061744391,-0.27633622134200986,1.1095441141630167,1766201924.0460808
-0.8309528231620789,-1.571386694908142,1.8351722955703735,-3.094690433814666,-0.27647688866852843,1.1069273918449318,1766201924.0561342
-0.8326766490936279,-1.583471655845642,1.8337823152542114,-3.101694234606564,-0.2837109930509548,1.1024591036043438,1766201924.0661018
-0.8339812159538269,-1.5954883098602295,1.8321709632873535,-3.0935796861452007,-0.2862885342682645,1.1008880489312376,1766201924.0661266
-0.835510790348053,-1.6075630187988281,1.8309189081192017,-3.102936204973573,-0.28948176062653047,1.0958540963029455,1766201924.0760212
-0.8367156386375427,-1.6194753646850586,1.829540729522705,-3.099605945185376,-0.2933659862855815,1.0949413728984203,1766201924.0860748
-0.8381549715995789,-1.6314133405685425,1.8286336660385132,-3.1075503152587474,-0.29651434952488087,1.09039761397493,1766201924.0960934
-0.8393024802207947,-1.6431407928466797,1.8276071548461914,-3.1012421842719844,-0.29580806583889213,1.0889653763149916,1766201924.1061337
-0.840556800365448,-1.6550348997116089,1.8268561363220215,-3.1088620517211583,-0.2986419784821396,1.0860724153938826,1766201924.116108
-0.8415548205375671,-1.6667267084121704,1.8259707689285278,-3.101129863742639,-0.29720057972857344,1.0847893527310155,1766201924.1161337
-0.8427750468254089,-1.678444266319275,1.8254880905151367,-3.104712527817045,-0.29738222420063787,1.0816862929583289,1766201924.125982
-0.8435648083686829,-1.6901391744613647,1.8245649337768555,-3.096371470062816,-0.2920749471042612,1.078633402015457,1766201924.1360607
-0.8450013995170593,-1.7018221616744995,1.8243337869644165,-3.1014456678421904,-0.29675915781957457,1.080835521077114,1766201924.1461353
-0.8458976745605469,-1.7134994268417358,1.823736548423767,-3.092049376932755,-0.29301700830663613,1.076298651930618,1766201924.1560962
-0.847368061542511,-1.7251425981521606,1.823720932006836,-3.0932381499819184,-0.2944046064448857,1.078115176812923,1766201924.16614
-0.8488519191741943,-1.7369288206100464,1.8238906860351562,-3.095361041652478,-0.29879962271994104,1.07738005615252,1766201924.1761107
-0.8501326441764832,-1.748735785484314,1.823896050453186,-3.0963413394150017,-0.29757192421933293,1.071360396866237,1766201924.1761358
-0.8514831066131592,-1.7604055404663086,1.8239012956619263,-3.0879165962493373,-0.30133316435540247,1.0733816150432323,1766201924.1860447
-0.8531492352485657,-1.772119164466858,1.8242815732955933,-3.0889575477390685,-0.3055586297811499,1.070065447372974,1766201924.196162
-0.8549401164054871,-1.783724308013916,1.8247750997543335,-3.0896056912543535,-0.30931194704599524,1.0672378836738445,1766201924.2061577
-0.856706440448761,-1.7952665090560913,1.8253053426742554,-3.090164124011478,-0.31325373785869537,1.0648388960483453,1766201924.2161474
-0.8583941459655762,-1.8066630363464355,1.8256574869155884,-3.079360997532314,-0.31684630987960866,1.064283884649416,1766201924.2161732
-0.860234260559082,-1.8180241584777832,1.8263481855392456,-3.0772379456555696,-0.32130549313681034,1.0609988301502837,1766201924.2261522
-0.8623292446136475,-1.829239010810852,1.8273086547851562,-3.0787892728686725,-0.3255133942764593,1.057526734175983,1766201924.2460568
-0.8645523190498352,-1.8405853509902954,1.8283982276916504,-3.0664451441126537,-0.3235925234287598,1.053591429814184,1766201924.2460651
-0.8667130470275879,-1.8517738580703735,1.8293577432632446,-3.064882482355083,-0.3300408140717252,1.0504031117711072,1766201924.2560596
-0.868588924407959,-1.862870454788208,1.8299179077148438,-3.04660860517824,-0.33391723234155296,1.049203156477297,1766201924.2660573
-0.8709176182746887,-1.8737907409667969,1.8312253952026367,-3.074479300090879,-0.3478820850874911,1.0429954586250927,1766201924.2761388
-0.8726930618286133,-1.8849595785140991,1.8319529294967651,-3.0442387313596093,-0.3479845020540517,1.0394079721061187,1766201924.276163
-0.8749887347221375,-1.8956702947616577,1.8330475091934204,-3.045693396565697,-0.3556718007392201,1.0395270927181715,1766201924.28613
-0.877163827419281,-1.9062703847885132,1.8341574668884277,-3.043678960176123,-0.3625466846354092,1.0365278393378683,1766201924.29606
-0.8795605301856995,-1.9167121648788452,1.8356151580810547,-3.0561887349660855,-0.3701007984122722,1.0314494471161784,1766201924.3061447
-0.8815768957138062,-1.9270316362380981,1.8364778757095337,-3.0363741956691315,-0.3740390118149822,1.0291359306915182,1766201924.3161564
-0.8839954733848572,-1.9371792078018188,1.837929368019104,-3.052647691698851,-0.38134175512620755,1.023716016800287,1766201924.3161826
-0.8858757615089417,-1.94717276096344,1.838625192642212,-3.0348829101009587,-0.387826050080677,1.0235976791266155,1766201924.3261433
-0.8879991173744202,-1.9569587707519531,1.8396543264389038,-3.034334142536855,-0.3935734743862221,1.020899875915187,1766201924.3461463
-0.8902561068534851,-1.9665141105651855,1.8410054445266724,-3.0480952859372237,-0.3994538424349472,1.0159791702260446,1766201924.3461711
-0.8922206163406372,-1.9760240316390991,1.841576099395752,-3.032609733514518,-0.40209608125278956,1.0158885380566247,1766201924.3560903
-0.894249439239502,-1.985263705253601,1.8424209356307983,-3.032034969377254,-0.4070210040530419,1.0137107836490207,1766201924.366086
-0.8963163495063782,-1.9944477081298828,1.8433891534805298,-3.0439772879764178,-0.41258636387010605,1.0102395771809418,1766201924.3661146
-0.8982641100883484,-2.003419876098633,1.8441914319992065,-3.0510521832045625,-0.4172589967742858,1.0094585808609953,1766201924.3760037
-0.9000825881958008,-2.012410879135132,1.844570279121399,-3.045909882519411,-0.41935120177235513,1.0083291798711937,1766201924.3861198
-0.9016444087028503,-2.020928144454956,1.844590663909912,-3.042366933077229,-0.4275225538355045,1.0073359860320938,1766201924.396141
-0.9039420485496521,-2.0293490886688232,1.845463752746582,-3.069170289528043,-0.43224877469027234,1.0046476833032867,1766201924.40613
-0.9054707884788513,-2.038114309310913,1.8452156782150269,-3.0590409709367847,-0.43681085987746904,1.0055439075384003,1766201924.4161603
-0.9073159694671631,-2.04648756980896,1.8451467752456665,-3.05936731508494,-0.4398081248711215,1.0039841809441978,1766201924.4161866
-0.9090423583984375,-2.054626703262329,1.8448907136917114,-3.058721237773652,-0.44415144098537745,1.0038404823466853,1766201924.4261339
-0.9107389450073242,-2.06272554397583,1.8444501161575317,-3.0571653719157093,-0.4474954652623835,1.0049137295318396,1766201924.4360154
-0.9123178720474243,-2.070674419403076,1.8436647653579712,-3.043628607306189,-0.448897722631824,1.0046377161691715,1766201924.4460385
-0.9141982197761536,-2.078484296798706,1.8431406021118164,-3.057110202667182,-0.45437413050734615,1.002202137645953,1766201924.4561558
-0.9159727096557617,-2.08624529838562,1.8422762155532837,-3.057878210864161,-0.45751576078079276,1.0009396012259357,1766201924.4661536
-0.9176082015037537,-2.0938289165496826,1.8412030935287476,-3.059625315096437,-0.4621802132413579,0.9984822299727318,1766201924.4761398
-0.9192511439323425,-2.1012985706329346,1.8400148153305054,-3.05664951199078,-0.465141807252355,0.9968548403674766,1766201924.4761643
-0.9208498001098633,-2.1087276935577393,1.8386553525924683,-3.0578389433774444,-0.4696627275601174,0.993079870661613,1766201924.486124
-0.92237788438797,-2.1160006523132324,1.8371537923812866,-3.0563453480709124,-0.4739088471305497,0.9909559976787528,1766201924.4961576
-0.9239798188209534,-2.1228902339935303,1.835870385169983,-3.063552386931282,-0.4792786804359319,0.9868167237271144,1766201924.506166
-0.9252855777740479,-2.1302554607391357,1.833919882774353,-3.0513194808862267,-0.48305728257980596,0.9831476382699772,1766201924.5161312
-0.9268479347229004,-2.136880874633789,1.8325809240341187,-3.058472561826981,-0.4874809449557493,0.9791095199824896,1766201924.5161572
-0.9273891448974609,-2.143901824951172,1.8297667503356934,-3.0125074836842805,-0.4885706267195216,0.9798091912019337,1766201924.526117
-0.9291670918464661,-2.150479555130005,1.8288240432739258,-3.0414135275007124,-0.4945618572676088,0.9736860122579376,1766201924.5361483
-0.9302684664726257,-2.1571924686431885,1.826922059059143,-3.0334312819258167,-0.49958325222202277,0.9691665040217493,1766201924.5461428
-0.9315702319145203,-2.16361927986145,1.8253060579299927,-3.036877610926994,-0.5061850074201094,0.9647407976718791,1766201924.5561495
-0.9324910640716553,-2.17038893699646,1.823204517364502,-3.0260036355079465,-0.5113173764756187,0.9584714041651875,1766201924.566141
-0.933103621006012,-2.1764028072357178,1.8207926750183105,-2.993999182903045,-0.5154921607597561,0.9591182578255676,1766201924.5661657
-0.9347524046897888,-2.1824636459350586,1.8200955390930176,-3.034714641893545,-0.5245719048278775,0.9492216660407008,1766201924.576054
-0.9345574378967285,-2.1884262561798096,1.817040205001831,-2.9718750312404376,-0.526385412216151,0.9527024097284156,1766201924.5861504
-0.9351405501365662,-2.1942226886749268,1.815327763557434,-2.9665466087606127,-0.5344447676784313,0.949835153897286,1766201924.5960305
-0.935673177242279,-2.1998329162597656,1.8138176202774048,-2.9583163700170845,-0.5401477177269343,0.9472809651548728,1766201924.6061435
-0.9357926845550537,-2.2053749561309814,1.8123300075531006,-2.947050209853124,-0.5414806187907283,0.9397937244228431,1766201924.6160576
-0.9364306330680847,-2.2103071212768555,1.811419129371643,-2.950941878778997,-0.5501765003542769,0.9439837962209984,1766201924.6160648
-0.9361712336540222,-2.215637683868408,1.809931755065918,-2.9305530596012823,-0.5506258851666502,0.9390419313875343,1766201924.6260893
-0.9366326332092285,-2.2202370166778564,1.8094285726547241,-2.934819090631307,-0.5564800278051594,0.9443833692226172,1766201924.6360517
-0.936306357383728,-2.225031852722168,1.8084107637405396,-2.9173219894785105,-0.5556999705677467,0.9425640511097422,1766201924.6461327
-0.9366019368171692,-2.2294867038726807,1.8078932762145996,-2.9135093222830553,-0.5609067199088766,0.9496347455122651,1766201924.6561248
-0.9366864562034607,-2.2336885929107666,1.807740569114685,-2.916139516215584,-0.5640364296896471,0.9523425489299083,1766201924.6661963
-0.936865508556366,-2.2379274368286133,1.8074592351913452,-2.916323259558718,-0.5661423191756455,0.954989194523618,1766201924.6662211
-0.9366927742958069,-2.242039680480957,1.8070029020309448,-2.8990752208887605,-0.5665888370067299,0.9613699704734411,1766201924.6760998
-0.9367875456809998,-2.2459423542022705,1.806795597076416,-2.8919759629746697,-0.5677346052693338,0.9650172890995755,1766201924.6860065
-0.9369920492172241,-2.2495663166046143,1.8068987131118774,-2.888500944021919,-0.5687740348237056,0.9684948006510169,1766201924.696049
-0.9374470710754395,-2.253068447113037,1.8072435855865479,-2.887567152382028,-0.5694194160600686,0.9705029493138827,1766201924.7061627
-0.937832772731781,-2.2563040256500244,1.80734121799469,-2.8807436312074626,-0.5707960863318043,0.9739736966485597,1766201924.7161293
-0.9382095336914062,-2.2595016956329346,1.807279109954834,-2.8685583749158776,-0.571730028935091,0.977418343124318,1766201924.7161553
-0.9388195872306824,-2.2628374099731445,1.8076512813568115,-2.8647633087551276,-0.5692659071216483,0.9847047280643618,1766201924.726142
-0.9398239254951477,-2.265496253967285,1.8083381652832031,-2.8723161974217453,-0.5694239939656416,0.9828861526045041,1766201924.7361522
-0.940276563167572,-2.2681572437286377,1.8083945512771606,-2.858812969725181,-0.5701110509307072,0.9866940142478146,1766201924.746154
-0.9414482116699219,-2.2701563835144043,1.8092294931411743,-2.8716804041579076,-0.5742997907855567,0.9794745477744933,1766201924.7561474
-0.9418809413909912,-2.2729787826538086,1.8093005418777466,-2.8565527971843707,-0.5717993130696821,0.9900342325305493,1766201924.7661548
-0.9429190754890442,-2.275099515914917,1.810007929801941,-2.858942863814811,-0.5721553983189633,0.989592354552085,1766201924.7661793
-0.9437323212623596,-2.277169942855835,1.81046462059021,-2.856512490798729,-0.5719735013121563,0.9905548046179876,1766201924.7760084
-0.9447696805000305,-2.279228925704956,1.8109464645385742,-2.8563405992211917,-0.5737618891956393,0.9899903094719625,1766201924.7861555
-0.9457821846008301,-2.280884027481079,1.8118118047714233,-2.8617412707505814,-0.5737913214492761,0.9908133923373802,1766201924.7960632
-0.9468098282814026,-2.282353162765503,1.8125418424606323,-2.8649176737022644,-0.5760791230715835,0.9863464057249516,1766201924.806157
-0.947317361831665,-2.2844274044036865,1.8127849102020264,-2.8586389126092406,-0.5738899722377687,0.9937430467328703,1766201924.8161147
-0.9481572508811951,-2.286034345626831,1.8134053945541382,-2.8552287466760666,-0.5733878883553133,0.9958399077330519,1766201924.81614
-0.9489859342575073,-2.287557601928711,1.8140965700149536,-2.8594004468429532,-0.5722772927349773,0.9966838226672481,1766201924.8260875
-0.9497250914573669,-2.2889750003814697,1.8146319389343262,-2.857915164956645,-0.5718217333210117,0.9987777603466207,1766201924.836033
-0.9507672786712646,-2.2903733253479004,1.8154767751693726,-2.868620958865847,-0.5717344423094616,0.9970189056929258,1766201924.8460016
-0.9511162042617798,-2.291754722595215,1.8156375885009766,-2.856855750528313,-0.5705263855546742,1.0023172969854464,1766201924.856108
-0.95182865858078,-2.2930705547332764,1.8160392045974731,-2.8554952648733103,-0.5703404216238519,1.0035356176888417,1766201924.8661485
-0.9525680541992188,-2.2943265438079834,1.8165932893753052,-2.860052827966784,-0.5702922320089494,1.004244215585469,1766201924.8661733
-0.9531083106994629,-2.295506000518799,1.8169523477554321,-2.857378623294819,-0.5692915889277974,1.0067340603091337,1766201924.876044
-0.9537488222122192,-2.296706199645996,1.8173643350601196,-2.8574144328628814,-0.5702038672105063,1.008950964667242,1766201924.8860688
-0.9547159075737,-2.2977516651153564,1.8180638551712036,-2.865693100291233,-0.5691432778097804,1.0065872978066954,1766201924.8960502
-0.9550229907035828,-2.298907518386841,1.818172812461853,-2.858990372264362,-0.5690938455307804,1.0104336038114647,1766201924.9060116
-0.9556658267974854,-2.299988269805908,1.8184614181518555,-2.8559136189402023,-0.568207854060286,1.0104205481356563,1766201924.9160514
-0.9566206932067871,-2.3009607791900635,1.8191627264022827,-2.8676777162884934,-0.5678571713842766,1.0070241615388886,1766201924.9160595
-0.9569268822669983,-2.3016436100006104,1.8193085193634033,-2.858292424173238,-0.5691574991264933,1.0064072467600955,1766201924.9261503
-0.9572449326515198,-2.30295729637146,1.819480538368225,-2.8569472961236775,-0.5681069605276465,1.0139364410683789,1766201924.936055
-0.957679808139801,-2.303875207901001,1.819798231124878,-2.855158778323285,-0.5677860520252638,1.0145932176600596,1766201924.9460955
-0.9582424759864807,-2.3048064708709717,1.82015860080719,-2.8599092579477823,-0.5679101571914418,1.0130502458808823,1766201924.9561114
-0.9583061337471008,-2.3058128356933594,1.8202883005142212,-2.854182204121096,-0.5640707931077522,1.010018302968079,1766201924.9660525
-0.9586310982704163,-2.3066439628601074,1.820529580116272,-2.850982781561622,-0.5638402074751858,1.0107284095421023,1766201924.966077
-0.9589798450469971,-2.307427406311035,1.8208197355270386,-2.849663145364172,-0.5645280955051193,1.0115621941761936,1766201924.9760332
-0.9598087668418884,-2.3081581592559814,1.821482539176941,-2.8596839004006274,-0.5636668905835756,1.0069213207097758,1766201924.9861133
-0.9598530530929565,-2.3089680671691895,1.8215463161468506,-2.8530699778920154,-0.5631843285792218,1.0112751445754404,1766201924.996054
-0.9601214528083801,-2.3096065521240234,1.8218263387680054,-2.8506166476112567,-0.5626835559263133,1.0123176526748938,1766201925.006159
-0.9602808952331543,-2.3103299140930176,1.8220131397247314,-2.8483952119442697,-0.5627262574270837,1.0157484172282452,1766201925.01613
-0.9609368443489075,-2.3107941150665283,1.8224337100982666,-2.8502999091094128,-0.5646664370249161,1.021322132252798,1766201925.0161562
-0.9612360596656799,-2.3113765716552734,1.8227571249008179,-2.8494148581629437,-0.563863622687386,1.0225375365554146,1766201925.0259588
-0.961810827255249,-2.311854362487793,1.8233423233032227,-2.856731199253405,-0.5633410540731596,1.0208248863475247,1766201925.0360582
-0.9619004130363464,-2.312356472015381,1.823473334312439,-2.851890983444979,-0.5628395084511215,1.0236940923781475,1766201925.0460546
-0.9618003368377686,-2.3129589557647705,1.8236311674118042,-2.848108759162489,-0.5606501739042172,1.020393122477605,1766201925.0560613
-0.9620344042778015,-2.313364267349243,1.8239421844482422,-2.8466466239125032,-0.5596822190874134,1.021927768650266,1766201925.0661573
-0.9624826312065125,-2.3136050701141357,1.8244160413742065,-2.8496743018418784,-0.5607800586759945,1.0296515344542827,1766201925.066183
-0.9627164006233215,-2.3139090538024902,1.8247452974319458,-2.849691617083521,-0.5600792297691362,1.0310780654856526,1766201925.0760722
-0.9625792503356934,-2.314349412918091,1.8249372243881226,-2.848823753825329,-0.5572142988252144,1.0282275319817524,1766201925.0859947
-0.9633274078369141,-2.3144421577453613,1.8254787921905518,-2.8541546428452436,-0.557268299331609,1.0319382602789804,1766201925.0960398
-0.9635869860649109,-2.3146328926086426,1.8258235454559326,-2.8516533456092437,-0.5552416240365993,1.0330372470992502,1766201925.1060224
-0.9638797044754028,-2.3148036003112793,1.826104760169983,-2.851367682113715,-0.5547427776581179,1.0344435524679607,1766201925.1160133
-0.9641528129577637,-2.3149445056915283,1.826348066329956,-2.8511324011754673,-0.5548047968684728,1.0354239056505177,1766201925.1160295
-0.9645840525627136,-2.315034866333008,1.826642632484436,-2.8503471440962347,-0.5541963260159684,1.0351283607978305,1766201925.1260068
