x,y,z,alpha,beta,gamma,time
-0.7785758376121521,-2.055004835128784,1.8556071519851685,3.1415333695218224,-0.4801891026193423,-0.12807029063168532,1766201775.8060057
-0.7696691155433655,-2.055443525314331,1.855104923248291,3.127658759333107,-0.4860074753680771,-0.1284291774141302,1766201775.80614
-0.7612321972846985,-2.05587100982666,1.8550056219100952,3.1393704202214514,-0.47407009460898575,-0.1287255325996646,1766201775.8160279
-0.75261390209198,-2.0563912391662598,1.8547357320785522,3.140013024399718,-0.47252953544684334,-0.12998828303687207,1766201775.826103
-0.7433276772499084,-2.057001829147339,1.854094386100769,3.128742944542835,-0.475575673963004,-0.13134069725526445,1766201775.8360012
-0.73483806848526,-2.057595729827881,1.853858470916748,3.1392526000715333,-0.46692774327844594,-0.1325111091910972,1766201775.846036
-0.7256150841712952,-2.058239698410034,1.8533689975738525,3.138803834521947,-0.4602633674890102,-0.1345849750940408,1766201775.8560905
-0.7163127064704895,-2.059019088745117,1.8526101112365723,3.1281382628729895,-0.4650298150979034,-0.1365547332539516,1766201775.8560991
-0.7073529958724976,-2.0597317218780518,1.8522064685821533,-3.1405528899953494,-0.4523486614590354,-0.13800217195707537,1766201775.8661985
-0.697948694229126,-2.060657501220703,1.851372241973877,3.1193537124345667,-0.463039123705321,-0.1401153464145656,1766201775.876088
-0.6889742612838745,-2.0612943172454834,1.8509284257888794,-3.135783126121153,-0.44094541993079217,-0.14314916823137164,1766201775.8861973
-0.6800534129142761,-2.0619704723358154,1.850465178489685,-3.1371959367845794,-0.4414833315471818,-0.14536090709003452,1766201775.8962002
-0.6709170937538147,-2.062739610671997,1.8499045372009277,-3.135985758616628,-0.43735047566017,-0.14674720745955092,1766201775.9061708
-0.6620405912399292,-2.063443183898926,1.8492780923843384,-3.131350161329032,-0.4358983858891289,-0.14928401930880164,1766201775.9061952
-0.6528131365776062,-2.064110517501831,1.848678469657898,-3.130533625184327,-0.4307372929340303,-0.15149558368767385,1766201775.9160602
-0.6441030502319336,-2.064650058746338,1.8481006622314453,-3.1311425344208645,-0.4295146108684186,-0.15399522586062986,1766201775.9261377
-0.6350120306015015,-2.0652220249176025,1.8474582433700562,-3.1293291376885475,-0.42577216599474604,-0.1585329417424573,1766201775.9361587
-0.626162588596344,-2.065744400024414,1.8469866514205933,-3.130600520002893,-0.4241512017311376,-0.16288594964949907,1766201775.9462311
-0.6174808740615845,-2.0662894248962402,1.8465168476104736,-3.1317032266820664,-0.4214856265674844,-0.16562597419180833,1766201775.9562182
-0.6086671948432922,-2.0667755603790283,1.84611976146698,-3.1315078220879045,-0.41720526240901873,-0.17023753632899613,1766201775.966164
-0.5999917984008789,-2.0673820972442627,1.8458306789398193,-3.1279737830773096,-0.41285277114909535,-0.17489108672652404,1766201775.9662902
-0.5912882685661316,-2.0679171085357666,1.845534324645996,-3.1303398382627425,-0.408696906093457,-0.18010556337765066,1766201775.9760623
-0.5830386877059937,-2.068485736846924,1.8455495834350586,-3.1291546998118136,-0.4077780006877613,-0.18435217216688857,1766201775.9861152
-0.5746130347251892,-2.0690760612487793,1.8455071449279785,-3.1292425690601093,-0.4027452008838573,-0.1892535630328739,1766201775.9960575
-0.566631019115448,-2.0696723461151123,1.8457825183868408,-3.1298518670689175,-0.40233160439442806,-0.19297158233320627,1766201776.0060976
-0.5586152672767639,-2.0702903270721436,1.8460818529129028,-3.127722955189561,-0.3989006600242371,-0.198038398042637,1766201776.0061064
-0.5508013367652893,-2.070913314819336,1.8465462923049927,-3.12754257526543,-0.39634873140314636,-0.20303764376015138,1766201776.016059
-0.5433173179626465,-2.0715651512145996,1.8471994400024414,-3.125657272331598,-0.3955961308762273,-0.20707529150606774,1766201776.0260918
-0.5357202887535095,-2.0722217559814453,1.8479739427566528,-3.1235919933683594,-0.3915459815198646,-0.21182326875561436,1766201776.0361173
-0.5284919738769531,-2.072842597961426,1.8488918542861938,-3.1197247279830846,-0.3892209299844193,-0.21621726541985553,1766201776.0460737
-0.5214513540267944,-2.073392868041992,1.850034236907959,-3.1149239646695515,-0.3869518452667276,-0.22069481813495848,1766201776.0560288
-0.5147293210029602,-2.073864221572876,1.8513680696487427,-3.108326253714944,-0.3827495072615657,-0.22446690339788394,1766201776.0661433
-0.5081920623779297,-2.0742523670196533,1.8527792692184448,-3.102934330275182,-0.38077552548662014,-0.22914509553710988,1766201776.0661676
-0.5017499923706055,-2.074504852294922,1.854323387145996,-3.103915479366436,-0.38035350548690094,-0.23305896964648506,1766201776.0761065
-0.49562162160873413,-2.074124813079834,1.8566949367523193,-3.1387113574508123,-0.38242480184426364,-0.24192784127918013,1766201776.0860465
-0.48929765820503235,-2.0744824409484863,1.8578006029129028,-3.118113166190573,-0.37929210019982607,-0.24482198045775527,1766201776.0961199
-0.4832875728607178,-2.074631929397583,1.8593310117721558,-3.111464825736882,-0.3813312127054326,-0.2461533708284802,1766201776.1061678
-0.4772571325302124,-2.074589252471924,1.8610587120056152,-3.1085451281326097,-0.37891662239702834,-0.2500041278631116,1766201776.1161122
-0.4715641736984253,-2.0745322704315186,1.862812876701355,-3.1126373524617064,-0.3809320835505713,-0.25339016546801635,1766201776.1161382
-0.46555888652801514,-2.074404239654541,1.8645520210266113,-3.109175140163705,-0.37683264249372345,-0.25693583103491857,1766201776.1261413
-0.45972758531570435,-2.074284076690674,1.866122841835022,-3.104153032755822,-0.37513664921180256,-0.25951178650319157,1766201776.1361077
-0.4541682004928589,-2.0742597579956055,1.8679636716842651,-3.108614464675699,-0.37347166356167155,-0.2613872820495055,1766201776.146146
-0.44857484102249146,-2.074108839035034,1.8696478605270386,-3.106445420477194,-0.3700064174233593,-0.26337735471436363,1766201776.15614
-0.4431132972240448,-2.0734469890594482,1.8717719316482544,-3.1286014313365915,-0.36963159491608527,-0.26951881431214053,1766201776.1561651
-0.43776825070381165,-2.073817491531372,1.8729932308197021,-3.1069692335009473,-0.3640893151879922,-0.26493515316389726,1766201776.1660988
-0.4323917627334595,-2.073657512664795,1.8744686841964722,-3.1103194976210333,-0.3586811238893948,-0.26628195180907094,1766201776.1762064
-0.4273607134819031,-2.073458194732666,1.8759443759918213,-3.1121707962133796,-0.3586563826099417,-0.26591360761509397,1766201776.186171
-0.42194220423698425,-2.073192596435547,1.8771066665649414,-3.122782926156224,-0.3594526286436261,-0.26789789818532916,1766201776.1962166
-0.41742995381355286,-2.072911024093628,1.8785442113876343,-3.114120424675232,-0.34893563259561716,-0.26593909651377784,1766201776.2061522
-0.41260719299316406,-2.0726864337921143,1.8796796798706055,-3.1139553044812156,-0.34535696298817287,-0.2656826395672709,1766201776.2061784
-0.4079200029373169,-2.0723252296447754,1.8808146715164185,-3.112753008494966,-0.34045828024282226,-0.2662000396012311,1766201776.2160373
-0.4035152494907379,-2.0720601081848145,1.8818285465240479,-3.1138064323088788,-0.34083878624291164,-0.26662259996852455,1766201776.2261589
-0.39911484718322754,-2.0717148780822754,1.8826450109481812,-3.114098168143849,-0.33829244837721745,-0.2658480704709298,1766201776.2361634
-0.3948383927345276,-2.071300745010376,1.8833543062210083,-3.116669251719972,-0.33437147450289545,-0.26654900181004876,1766201776.2461278
-0.39090102910995483,-2.070795774459839,1.884171724319458,-3.113610442386414,-0.3333952260758208,-0.26722494726591023,1766201776.2561598
-0.3872033953666687,-2.070366859436035,1.8847655057907104,-3.112912391641977,-0.3327860608744913,-0.2675908346487492,1766201776.2561843
-0.38335302472114563,-2.0698583126068115,1.8853636980056763,-3.112563389008132,-0.3307979661904473,-0.26832456826841183,1766201776.276119
-0.3798048198223114,-2.069275379180908,1.8859083652496338,-3.116942498758572,-0.3296675558246738,-0.26980048602359585,1766201776.2761278
-0.3764156997203827,-2.0686662197113037,1.8864269256591797,-3.1153629245215413,-0.3272753533896627,-0.27158381883409294,1766201776.2861097
-0.37319162487983704,-2.0679421424865723,1.886766791343689,-3.114324539866708,-0.32685643188024627,-0.27265088418421307,1766201776.2962244
-0.370086669921875,-2.0672154426574707,1.886995792388916,-3.109864132177022,-0.32607223930046586,-0.2743620105096573,1766201776.3061152
-0.3671427071094513,-2.0664682388305664,1.8874294757843018,-3.116027853947719,-0.3269089936168829,-0.27529308016522885,1766201776.3161623
-0.36433202028274536,-2.065609931945801,1.8876205682754517,-3.1144661870634374,-0.32634561975172643,-0.2767766115860112,1766201776.3161886
-0.36158767342567444,-2.064709424972534,1.8879226446151733,-3.1185434117023725,-0.32316168874129575,-0.2791916080479669,1766201776.3261232
-0.3591119050979614,-2.0637190341949463,1.8881208896636963,-3.1174215825114553,-0.3224691210467358,-0.27933990547681314,1766201776.3360436
-0.35681289434432983,-2.0627281665802,1.8882968425750732,-3.1180404935637553,-0.32435509613770025,-0.2812181244807194,1766201776.3461518
-0.35437482595443726,-2.061652421951294,1.8884775638580322,-3.1203302243188475,-0.3253092218177132,-0.283317732679538,1766201776.3561766
-0.3523194491863251,-2.060504913330078,1.8886057138442993,-3.1195941606341777,-0.326169782948972,-0.2848405836517387,1766201776.3562012
-0.350210577249527,-2.0593225955963135,1.8888673782348633,-3.1253486199456697,-0.32799099592974706,-0.2865593901899029,1766201776.375967
-0.34816664457321167,-2.05812406539917,1.8889714479446411,-3.124958298171483,-0.32668915168432655,-0.2907223570694314,1766201776.3759758
-0.3462922275066376,-2.0569536685943604,1.8890202045440674,-3.1223532335722215,-0.3271210781638984,-0.29485416443048157,1766201776.386132
-0.34450089931488037,-2.055748462677002,1.8892042636871338,-3.129021619552293,-0.3299194576103897,-0.29983733049030115,1766201776.3960364
-0.3423811197280884,-2.054471015930176,1.8894779682159424,-3.126741769056195,-0.32943604066765725,-0.30716392320555796,1766201776.4061196
-0.34067055583000183,-2.053218126296997,1.8896667957305908,-3.1265200683312377,-0.3293987965673862,-0.31633576895351756,1766201776.4061275
-0.33891767263412476,-2.0518245697021484,1.890024185180664,-3.1405563942970427,-0.32901957211955063,-0.32915527123355137,1766201776.416038
-0.3367745578289032,-2.0506856441497803,1.8901325464248657,-3.124390201968584,-0.3269410056354426,-0.33947552264889536,1766201776.4260898
-0.33525893092155457,-2.049302101135254,1.8907564878463745,-3.1375041827397983,-0.330836965783326,-0.3572114384950536,1766201776.4361253
-0.33341264724731445,-2.0481343269348145,1.8911864757537842,-3.1368794953805827,-0.32984983273480767,-0.3733420728435324,1766201776.4461663
-0.33162733912467957,-2.046983242034912,1.8916494846343994,-3.131275160396661,-0.3279732024198307,-0.3896549267733617,1766201776.456112
-0.32983723282814026,-2.0459349155426025,1.8919975757598877,-3.1284798339982465,-0.32534893774606355,-0.4071984842059748,1766201776.4561374
-0.32798177003860474,-2.0447678565979004,1.89260995388031,-3.121951408580913,-0.3230412540092925,-0.4286660072302905,1766201776.4761071
-0.32635992765426636,-2.043670654296875,1.8932992219924927,-3.117090940699435,-0.32393144496550913,-0.4502306038512475,1766201776.4761333
-0.3248446583747864,-2.042623519897461,1.8938379287719727,-3.1117285902187475,-0.32392399785854936,-0.4716227596721265,1766201776.486021
-0.32304421067237854,-2.0414607524871826,1.8945624828338623,-3.1063268430074484,-0.31890297840419213,-0.4957155729436039,1766201776.496122
-0.32162973284721375,-2.0403311252593994,1.8951925039291382,-3.1040823473791526,-0.3188281775588012,-0.5198906296758787,1766201776.5061312
-0.3200427293777466,-2.039199113845825,1.896028995513916,-3.0952957972047903,-0.3177132412262073,-0.5468253810093681,1766201776.5061564
-0.31870532035827637,-2.0380630493164062,1.8966737985610962,-3.089061376556299,-0.31831696165229073,-0.5734450282908479,1766201776.516065
-0.3173147439956665,-2.03690242767334,1.897485613822937,-3.0865804132685555,-0.3172227815797015,-0.6006328592123497,1766201776.5261624
-0.31576839089393616,-2.0357840061187744,1.8981677293777466,-3.0763213068311237,-0.3142965956126109,-0.6283446703144525,1766201776.536136
-0.31439730525016785,-2.0345065593719482,1.8988745212554932,-3.072322075013453,-0.3132605065702047,-0.6584408730796041,1766201776.5461566
-0.312806636095047,-2.0333449840545654,1.8994656801223755,-3.064816210458613,-0.30623707762330377,-0.6866472427021985,1766201776.5561192
-0.3112321197986603,-2.031863212585449,1.900046706199646,-3.062996573434756,-0.3029079260462839,-0.7171137244459708,1766201776.556145
-0.30996719002723694,-2.030690908432007,1.9007866382598877,-3.0580221357335415,-0.30479112228418326,-0.7508561365921591,1766201776.5660596
-0.3084702789783478,-2.029575824737549,1.9012160301208496,-3.056159771061318,-0.30408950229200526,-0.7796696948633277,1766201776.5760283
-0.3068559467792511,-2.0283234119415283,1.9017223119735718,-3.0506910349365906,-0.3011441531645546,-0.8110028074120141,1766201776.5861452
-0.30578821897506714,-2.0272083282470703,1.9021806716918945,-3.0505764133884683,-0.3009496378869727,-0.8405267801553727,1766201776.5961657
-0.3039177656173706,-2.0261716842651367,1.9025728702545166,-3.0503010238838963,-0.30178313981545607,-0.8727223099375412,1766201776.6061685
-0.3025170862674713,-2.025019645690918,1.9029958248138428,-3.045942226657606,-0.29991857072270145,-0.9013133584645073,1766201776.6161218
-0.30124959349632263,-2.0238208770751953,1.9034351110458374,-3.041688393448324,-0.2976549575830319,-0.9298130379822911,1766201776.6161473
-0.29995670914649963,-2.022695302963257,1.9038662910461426,-3.0401856063263875,-0.2961473261899654,-0.9581685425173995,1766201776.6261313
-0.29895567893981934,-2.021538734436035,1.9042402505874634,-3.033302109312702,-0.29170675789595707,-0.9835183789771618,1766201776.6361728
-0.29743653535842896,-2.0204286575317383,1.9046953916549683,-3.035444622379119,-0.29015015943768346,-1.0136592161452567,1766201776.6461554
-0.29627126455307007,-2.019357204437256,1.9051039218902588,-3.0323956679566595,-0.2873463114924173,-1.0400404565121344,1766201776.656136
-0.29538580775260925,-2.0182063579559326,1.9056346416473389,-3.024556578994289,-0.2831835898529434,-1.063005505692935,1766201776.6561613
-0.2939464747905731,-2.0171661376953125,1.9058669805526733,-3.0351152092656455,-0.2881942304433159,-1.0898835029120606,1766201776.6660929
-0.29271429777145386,-2.0160388946533203,1.906272530555725,-3.028360853761697,-0.2820504625398752,-1.1160349031346861,1766201776.6761363
-0.2921636402606964,-2.014758825302124,1.9069926738739014,-3.0066015192168476,-0.2631224406757991,-1.1322902501047711,1766201776.6861336
-0.2904238998889923,-2.0138721466064453,1.9070584774017334,-3.0173743975875116,-0.2691880267621233,-1.1606531995686507,1766201776.6961634
-0.2893264889717102,-2.012810707092285,1.9073739051818848,-3.0156606322423323,-0.2660552309018106,-1.1822528839356794,1766201776.7061424
-0.2889018654823303,-2.011648178100586,1.9080015420913696,-2.997898471054349,-0.25140119899730823,-1.1941870807928763,1766201776.7161293
-0.2877348065376282,-2.01059889793396,1.9083950519561768,-2.992155873453058,-0.24576604530599852,-1.2134056170877174,1766201776.7161374
-0.28661611676216125,-2.009584903717041,1.9087114334106445,-2.992419997582107,-0.24240493878869576,-1.2312629706680802,1766201776.7261255
-0.2854142487049103,-2.0084993839263916,1.9089909791946411,-2.9917184778805894,-0.2389347325420316,-1.2493405971277003,1766201776.7361157
-0.2843944728374481,-2.0074636936187744,1.909061312675476,-2.997193395920396,-0.2398877239556653,-1.2657284126351258,1766201776.7462132
-0.2831955850124359,-2.0064191818237305,1.9093677997589111,-2.994151034934227,-0.23445272828651936,-1.2830284045441038,1766201776.7561426
-0.28174784779548645,-2.0052731037139893,1.9094257354736328,-2.9975711627586668,-0.23380281395700778,-1.301865685333534,1766201776.7561681
-0.28064215183258057,-2.0042624473571777,1.9095187187194824,-2.9971679809993894,-0.23095204132042207,-1.3173278625037625,1766201776.7660625
-0.2790171504020691,-2.003467559814453,1.9093446731567383,-3.008935748919539,-0.23761392024888228,-1.3375667138195955,1766201776.7860892
-0.2778136730194092,-2.0025205612182617,1.9093736410140991,-3.0106440306195674,-0.23591663191471188,-1.35253077503625,1766201776.786103
-0.2765266001224518,-2.0016136169433594,1.9093623161315918,-3.013347053196523,-0.23484765406014946,-1.3668059228347833,1766201776.7960172
-0.27529215812683105,-2.000725507736206,1.909263014793396,-3.0149024605168777,-0.23362023045425168,-1.3789085149293345,1766201776.8060606
-0.2739831805229187,-1.9998770952224731,1.909175157546997,-3.0149642535519674,-0.23285951096355498,-1.3915909761674745,1766201776.8060925
-0.2725268304347992,-1.9990462064743042,1.909021258354187,-3.0210629899648653,-0.23434566598314885,-1.405379083803525,1766201776.8160677
-0.27129074931144714,-1.998228669166565,1.909037709236145,-3.0197615994871256,-0.23662006403853492,-1.4199564449616247,1766201776.8260736
-0.2699267566204071,-1.9974324703216553,1.9089906215667725,-3.0212038472628535,-0.23598937044247803,-1.430782164310713,1766201776.8360686
-0.26854220032691956,-1.9964600801467896,1.9088153839111328,-3.0213735612520902,-0.2261598972133831,-1.4309706736211034,1766201776.8460877
-0.2667155861854553,-1.9957605600357056,1.9089463949203491,-3.018727307943659,-0.2253331026210996,-1.4469489747760667,1766201776.8560205
-0.2652413845062256,-1.9950437545776367,1.9090633392333984,-3.0199907754514705,-0.22358145688025494,-1.4572655753028774,1766201776.8560274
-0.26354095339775085,-1.9942907094955444,1.90901517868042,-3.0257222830631556,-0.22607064753114503,-1.470156724328838,1766201776.866105
-0.26211705803871155,-1.9935134649276733,1.9091129302978516,-3.02248113780001,-0.21980097274124827,-1.4766105013782076,1766201776.8760726
-0.26038476824760437,-1.992842197418213,1.9091622829437256,-3.0259911603500544,-0.2212499455598466,-1.4870731984755376,1766201776.886133
-0.2583255469799042,-1.992235541343689,1.9095056056976318,-3.0282188580582905,-0.22270393528452354,-1.5006584112164723,1766201776.896058
-0.25656914710998535,-1.9915342330932617,1.9098312854766846,-3.0209431351010503,-0.21843107980369061,-1.5117455992492865,1766201776.906139
-0.2549797296524048,-1.9908086061477661,1.9099496603012085,-3.023133547334394,-0.2166816131775141,-1.5192509400064464,1766201776.906165
-0.2529579997062683,-1.9900356531143188,1.9100233316421509,-3.0282165024122936,-0.21676834799364225,-1.5239679588499435,1766201776.9160337
-0.250895231962204,-1.9893585443496704,1.9103350639343262,-3.029439550710104,-0.2163049164177629,-1.534259726766725,1766201776.926115
-0.2484099417924881,-1.9888803958892822,1.9108989238739014,-3.0237636196208153,-0.21829619862847188,-1.555784617646003,1766201776.9361339
-0.24680869281291962,-1.9881058931350708,1.9109406471252441,-3.027506960792756,-0.2159306163824208,-1.5529287799674074,1766201776.9461198
-0.24481607973575592,-1.987465739250183,1.9113469123840332,-3.02723530129319,-0.21332520306440111,-1.55958291830667,1766201776.9561605
-0.24238835275173187,-1.9869073629379272,1.911473274230957,-3.0312532911849517,-0.21721620646782425,-1.5711345154797707,1766201776.9561863
-0.24011121690273285,-1.9864004850387573,1.9119309186935425,-3.0261995815915617,-0.21420649576027165,-1.5807631694771358,1766201776.966072
-0.2374950647354126,-1.9860749244689941,1.9123523235321045,-3.0240526312583706,-0.21733967657485376,-1.5982101302218845,1766201776.9760256
-0.2349836379289627,-1.9856092929840088,1.9125697612762451,-3.024355344337589,-0.21784490938145395,-1.608233608063195,1766201776.9960978
-0.23320016264915466,-1.9849625825881958,1.9131447076797485,-3.0028460701153254,-0.20297975852999892,-1.6076199840420877,1766201776.9961128
-0.23066765069961548,-1.9844707250595093,1.9130356311798096,-3.005531621197257,-0.19941096555016027,-1.6120709396724413,1766201777.0060768
-0.22828689217567444,-1.9841846227645874,1.9132591485977173,-3.002383144663514,-0.20237747277856866,-1.6227628738649333,1766201777.0061193
-0.22500784695148468,-1.9839975833892822,1.9128538370132446,-3.020951544175813,-0.2151771570351875,-1.6384970618615144,1766201777.0160396
-0.22284471988677979,-1.9833587408065796,1.913121223449707,-3.004674504477753,-0.19872105075249333,-1.6337559140343374,1766201777.026055
-0.22011218965053558,-1.9830083847045898,1.9130889177322388,-3.003525055066874,-0.1984917086445886,-1.6411200064793667,1766201777.0361538
-0.21736496686935425,-1.9825968742370605,1.9130747318267822,-3.0050245750881515,-0.19786240219954537,-1.6462224552708662,1766201777.0461082
-0.21431657671928406,-1.9822840690612793,1.9129929542541504,-3.0059012613422924,-0.19753094626522794,-1.6498490720896917,1766201777.0561514
-0.21161529421806335,-1.9818336963653564,1.912899374961853,-3.0049105282141735,-0.1991937203822188,-1.6590474795043892,1766201777.056177
-0.2085452377796173,-1.9814624786376953,1.9127845764160156,-3.0020215053434702,-0.1977523790168217,-1.6617277334107938,1766201777.0660808
-0.20263078808784485,-1.9806205034255981,1.9125714302062988,-3.0028215021552884,-0.19843277197327494,-1.6718191096024282,1766201777.0861514
-0.19915221631526947,-1.9803955554962158,1.9122226238250732,-3.021178496103299,-0.21817977429646893,-1.6935570693109339,1766201777.0961359
-0.1934540867805481,-1.979028344154358,1.912244200706482,-3.0020991734891567,-0.20419030743338515,-1.6902010521627808,1766201777.1061566
-0.1902475506067276,-1.9784154891967773,1.912124752998352,-3.000705591573581,-0.20593152907801773,-1.6935820596520872,1766201777.1161375
-0.18702387809753418,-1.977781891822815,1.9121153354644775,-3.0000613285061544,-0.20749075893197452,-1.6989406336533646,1766201777.1261628
-0.18281446397304535,-1.9773744344711304,1.9115678071975708,-3.0205987446468407,-0.2231970577868973,-1.7077867106992912,1766201777.1361525
-0.1799880415201187,-1.976598858833313,1.9121277332305908,-3.0020451765494416,-0.21083674799154836,-1.7004135657402257,1766201777.1461458
-0.17643213272094727,-1.9759782552719116,1.9118678569793701,-3.016767955525182,-0.23153144203752546,-1.724420502091612,1766201777.1560917
-0.17351458966732025,-1.9748603105545044,1.9120877981185913,-2.9978305783499497,-0.2173705817628657,-1.7140181878215464,1766201777.156119
-0.17000460624694824,-1.9741215705871582,1.9121224880218506,-2.9968257625358725,-0.21950619284806572,-1.717424613010587,1766201777.1661322
-0.15952016413211823,-1.9721359014511108,1.9123032093048096,-2.993674963079923,-0.23043387537916754,-1.7317003842827328,1766201777.1960776
-0.1557714194059372,-1.9715193510055542,1.9122700691223145,-2.9919957897034917,-0.23260967404206517,-1.7346982469587733,1766201777.2060652
-0.15228955447673798,-1.9709092378616333,1.9124410152435303,-2.9903212353139974,-0.23984336801294595,-1.7425957204667581,1766201777.2060816
-0.14781983196735382,-1.9704229831695557,1.911924958229065,-2.9931604264591956,-0.23100680440040297,-1.729466240703069,1766201777.2160623
-0.14000163972377777,-1.969702124595642,1.9109119176864624,-3.0317840940602196,-0.26030104575271995,-1.7409477361779289,1766201777.2360642
-0.13640166819095612,-1.9692189693450928,1.911754846572876,-3.005852243665512,-0.2568710469481781,-1.758843973956377,1766201777.2461467
-0.1329299807548523,-1.9686176776885986,1.9119609594345093,-2.988402505874324,-0.23947109722114177,-1.7449020204895695,1766201777.2561567
-0.12884865701198578,-1.968245506286621,1.911865234375,-2.9874206407278816,-0.24081732611705142,-1.7460920033359277,1766201777.2561812
-0.12066232413053513,-1.9675034284591675,1.9114129543304443,-2.9919353399932342,-0.23866716018349107,-1.738853239803582,1766201777.276075
-0.11653390526771545,-1.967244267463684,1.9113155603408813,-2.99148956929301,-0.2400081663591694,-1.740454399091441,1766201777.2861564
-0.11285457015037537,-1.9671066999435425,1.9114418029785156,-2.989402166188103,-0.24517684445253818,-1.7495486994724425,1766201777.2961583
-0.1092524304986,-1.9667136669158936,1.9115427732467651,-2.9873567756768655,-0.2510606200252646,-1.7559703467794612,1766201777.306134
-0.10485761612653732,-1.9665069580078125,1.911124587059021,-2.989628908670076,-0.24626486772026104,-1.749826386497077,1766201777.30616
-0.10115760564804077,-1.9663211107254028,1.9112282991409302,-2.9904497170761015,-0.2534687207978777,-1.7554487665240615,1766201777.3160374
-0.09240327775478363,-1.9661786556243896,1.9098607301712036,-3.0242391352691858,-0.27340808367185376,-1.7604422536910933,1766201777.336062
-0.08857552707195282,-1.9658325910568237,1.909952998161316,-3.0114816595956895,-0.26613948373287033,-1.758692481615653,1766201777.3461242
-0.08488381654024124,-1.965601921081543,1.9097137451171875,-3.011415107957978,-0.267677112969753,-1.755876682121243,1766201777.3560977
-0.08124940097332001,-1.9653810262680054,1.9088504314422607,-3.0358915076262334,-0.27950963680941104,-1.7434096513383204,1766201777.3561237
-0.07803956419229507,-1.9648962020874023,1.9096989631652832,-2.996246903482751,-0.26089745441627477,-1.7457334214691096,1766201777.3660905
-0.0747024416923523,-1.9646176099777222,1.9095977544784546,-2.9911084728421993,-0.25935951654358935,-1.7420515202709443,1766201777.3760593
-0.07103889435529709,-1.9647526741027832,1.9086655378341675,-3.0332300582546177,-0.29582228835294616,-1.7545255355101104,1766201777.386136
-0.04816320911049843,-1.9639708995819092,1.907209873199463,-3.0367409082865917,-0.30618195603968584,-1.7322853981202564,1766201777.446135
-0.036346010863780975,-1.964483380317688,1.907333254814148,-3.0306479521502108,-0.30860845760243283,-1.7275325737124534,1766201777.4761543
-0.034041859209537506,-1.9646459817886353,1.9074000120162964,-3.034499775758471,-0.3103741400755134,-1.722837826887965,1766201777.486107
-0.02890997938811779,-1.9652554988861084,1.9072394371032715,-3.0367679552049744,-0.3149701370072572,-1.7201715185402389,1766201777.5061498
-0.0263015478849411,-1.9657318592071533,1.9073288440704346,-3.035917217633942,-0.3158663886736933,-1.7224247973724727,1766201777.5161276
-0.023940585553646088,-1.9662429094314575,1.90743088722229,-3.0373031577495726,-0.3163310291925373,-1.7189348165164406,1766201777.5161526
-0.02192680723965168,-1.9668192863464355,1.9075285196304321,-3.03715572072866,-0.31665920782397045,-1.7167896747413793,1766201777.5260847
-0.01940280571579933,-1.9674327373504639,1.9075381755828857,-3.0398625287303838,-0.31271333587585637,-1.707212077624628,1766201777.5360527
-0.01788722351193428,-1.9681168794631958,1.9078336954116821,-3.0407486542089894,-0.31617383856268294,-1.7100943456754998,1766201777.5461032
-0.015801040455698967,-1.9689205884933472,1.9080560207366943,-3.0403859354027847,-0.314569161792532,-1.7101019996034215,1766201777.5560985
-0.013957582414150238,-1.9696625471115112,1.9082669019699097,-3.0381099236202553,-0.31366094065174954,-1.710786869218242,1766201777.556125
-0.012055573984980583,-1.9705382585525513,1.9085160493850708,-3.039209442062235,-0.31273340929446336,-1.7100897967125364,1766201777.566122
-0.010179180651903152,-1.9713586568832397,1.9087629318237305,-3.0381846566450403,-0.3117468139710613,-1.711120597067457,1766201777.575987
-0.008720213547348976,-1.9722200632095337,1.9089853763580322,-3.0420472780746737,-0.3113363608573659,-1.70409335538505,1766201777.5860562
-0.006946057081222534,-1.973138689994812,1.909206748008728,-3.0406824149370517,-0.31017916343852053,-1.7082333919910424,1766201777.596125
-0.005238656420260668,-1.9741294384002686,1.9094711542129517,-3.0408441670118127,-0.3080680958324691,-1.7069289895720063,1766201777.6061382
-0.004261956084519625,-1.9749444723129272,1.9095438718795776,-3.042869094432819,-0.3048675586614256,-1.7013393928732208,1766201777.6061635
-0.0025174422189593315,-1.9760068655014038,1.9099054336547852,-3.042609183799061,-0.3049389201463875,-1.704455993451894,1766201777.616047
-0.0012578340247273445,-1.976937174797058,1.9101604223251343,-3.046019143956226,-0.30495684243563037,-1.701901420600041,1766201777.666151
0.0013273591175675392,-1.9788157939910889,1.9105749130249023,-3.043104309577142,-0.30228425304042766,-1.7025768156386578,1766201777.666198
0.0023827720433473587,-1.9797459840774536,1.9107636213302612,-3.044965456858355,-0.3016095950914317,-1.7013947485695262,1766201777.6663659
0.0021294397301971912,-1.9802803993225098,1.911002278327942,-3.0411019167093913,-0.2930249210076984,-1.682777462595747,1766201777.6664927
0.0043535297736525536,-1.9814339876174927,1.9110609292984009,-3.0471207586734455,-0.2957423315109316,-1.6920919431764159,1766201777.66657
0.005121097434312105,-1.9822618961334229,1.9112688302993774,-3.047468301068222,-0.2946160349766072,-1.6914993162269343,1766201777.6760366
0.006364014931023121,-1.983290195465088,1.9115397930145264,-3.0491836754799726,-0.29262217086759496,-1.690595545052296,1766201777.6860266
0.0071603236719965935,-1.9841126203536987,1.9120728969573975,-3.034360006750977,-0.2822765144833827,-1.6879602297525906,1766201777.6960688
0.007620339281857014,-1.9849700927734375,1.9124122858047485,-3.0339697317847887,-0.28535163933685687,-1.6978466660960618,1766201777.74615
0.00929192453622818,-1.987282156944275,1.9125103950500488,-3.053365722924789,-0.2896486773654898,-1.693008809947456,1766201777.746236
0.009709907695651054,-1.9879742860794067,1.9126179218292236,-3.052241080459761,-0.28870651567922245,-1.6939299632079272,1766201777.7463918
0.010142624378204346,-1.9886431694030762,1.9127215147018433,-3.0533646747380567,-0.2882171193491893,-1.6945079476856466,1766201777.7464569
0.010552220977842808,-1.98934805393219,1.9128776788711548,-3.0545714076663972,-0.2870841605773258,-1.6939970446680017,1766201777.7560904
0.010919462889432907,-1.9901578426361084,1.9133663177490234,-3.045389909991062,-0.2818190189319464,-1.6951505300667555,1766201777.7562003
0.011202079243957996,-1.990647554397583,1.9131547212600708,-3.0540116078584734,-0.2875774978321746,-1.6976677250668404,1766201777.766159
0.011366268619894981,-1.9912688732147217,1.9131543636322021,-3.0558332810927125,-0.2871305947733363,-1.698042844804063,1766201777.776042
0.011444279924035072,-1.9918187856674194,1.9132413864135742,-3.056787404619185,-0.2854430274524256,-1.6979008844411818,1766201777.786105
0.011424398981034756,-1.9922922849655151,1.9131057262420654,-3.060181416495833,-0.2836903362889373,-1.6970208569671248,1766201777.7961311
0.0106962900608778,-1.9925082921981812,1.9133027791976929,-3.0541019296027607,-0.27534238285344725,-1.6890340844757985,1766201777.8061497
0.011253495700657368,-1.9934349060058594,1.9134434461593628,-3.0527211357387944,-0.27588917299215165,-1.6967477250018643,1766201777.806175
0.011192232370376587,-1.993805170059204,1.9130030870437622,-3.063469505615531,-0.2799451986945646,-1.7012196905972625,1766201777.8160663
0.01123068854212761,-1.9942153692245483,1.9128316640853882,-3.0644666367427758,-0.2767808059207146,-1.6985961612514169,1766201777.8260167
0.010529709979891777,-1.9947335720062256,1.9131563901901245,-3.062144082047462,-0.2840739327269248,-1.7113753422728846,1766201777.8360064
0.010237549431622028,-1.9950066804885864,1.9131805896759033,-3.065324483372654,-0.28302844447036346,-1.7141344297627024,1766201777.8461254
0.010570636950433254,-1.9953361749649048,1.9127757549285889,-3.071949924811418,-0.27338236602543775,-1.7015894691399704,1766201777.8560197
0.009963912889361382,-1.995848298072815,1.9128437042236328,-3.0585493684981033,-0.27426647261871817,-1.7111006716308104,1766201777.856036
0.009121070615947247,-1.9958962202072144,1.9132074117660522,-3.0654218558014157,-0.27370577599128393,-1.712830315985518,1766201777.8660474
0.008445153944194317,-1.9959572553634644,1.9134876728057861,-3.0662094929466335,-0.27215937295320136,-1.7132613233323033,1766201777.8761048
0.008196676149964333,-1.9958683252334595,1.9135665893554688,-3.0711583508466465,-0.2679596943305198,-1.707778220807316,1766201777.8860993
0.007243547588586807,-1.9957865476608276,1.9138391017913818,-3.073068141369743,-0.26723628073288946,-1.7073170697522497,1766201777.89599
0.005889150779694319,-1.995705008506775,1.9142826795578003,-3.07185509825521,-0.2691160524300273,-1.7167116757763656,1766201777.9060426
0.004807501565665007,-1.9955108165740967,1.9148943424224854,-3.06616892878102,-0.2608264495781496,-1.7149442470357528,1766201777.9060504
0.003903367090970278,-1.995259165763855,1.9152055978775024,-3.0618072459651478,-0.2564637037146813,-1.7181935932730459,1766201777.916033
0.0025744654703885317,-1.9949133396148682,1.9150340557098389,-3.077866731468972,-0.26572151052869025,-1.7184056348673107,1766201777.9261444
0.0010934076271951199,-1.9946637153625488,1.9151170253753662,-3.072021952431192,-0.26405502020379673,-1.718155304170657,1766201777.9360907
-0.00037176813930273056,-1.9942259788513184,1.9152143001556396,-3.071557879130747,-0.26366503154081655,-1.7173511159277244,1766201777.9461422
-0.001420907792635262,-1.9936178922653198,1.915244460105896,-3.074442264266779,-0.25848759098866864,-1.7108924114663964,1766201777.9561522
-0.003482871688902378,-1.9931412935256958,1.9154044389724731,-3.0719750077601726,-0.263146158704921,-1.7150707416211812,1766201777.9561799
-0.004400879144668579,-1.9924145936965942,1.915350317955017,-3.0712574651677773,-0.2586961546840232,-1.709340542606177,1766201777.9661458
-0.005854205694049597,-1.991803526878357,1.9153869152069092,-3.069737975225288,-0.25959074562675133,-1.7103440116213502,1766201777.976066
-0.0076261889189481735,-1.9912313222885132,1.9153269529342651,-3.0578222472934073,-0.2604787322892505,-1.7169633227822132,1766201777.9861429
-0.009682045318186283,-1.9904621839523315,1.915662407875061,-3.070522147213119,-0.2636641511337995,-1.7122071668080472,1766201777.9961271
-0.010915808379650116,-1.9895191192626953,1.9154698848724365,-3.065441270801769,-0.26150595167755136,-1.7143755147946163,1766201778.006101
-0.012433048337697983,-1.9884774684906006,1.9154138565063477,-3.0675931568631762,-0.2601085781092131,-1.710892455695054,1766201778.016147
-0.014007143676280975,-1.9876246452331543,1.915555477142334,-3.066319880184861,-0.26394195347581395,-1.7162191241024554,1766201778.0161722
-0.01546852570027113,-1.9867165088653564,1.915755271911621,-3.045258606011231,-0.25403131934892553,-1.7169627327539745,1766201778.0259569
-0.017432674765586853,-1.9856841564178467,1.9154915809631348,-3.0526989277663197,-0.258912054866325,-1.7080076885796873,1766201778.0360825
-0.018650563433766365,-1.984410285949707,1.9149813652038574,-3.0621287344921586,-0.2654073691582712,-1.714991006229713,1766201778.0461454
-0.021282009780406952,-1.9827039241790771,1.9146676063537598,-3.0554287570512644,-0.2568730528761218,-1.693441145335726,1766201778.056127
-0.02118133381009102,-1.9821372032165527,1.9139679670333862,-3.0538089632595278,-0.2632322484867612,-1.7066196019970996,1766201778.056153
-0.02275291457772255,-1.9808645248413086,1.9136687517166138,-3.060744393572358,-0.26552345814076644,-1.706180582575532,1766201778.065999
-0.024755921214818954,-1.9796420335769653,1.9131932258605957,-3.0582228322862917,-0.2707997927443995,-1.7142753241309638,1766201778.0760844
-0.02622402086853981,-1.9783976078033447,1.9125934839248657,-3.056864845201707,-0.27220873806951495,-1.7126676972419494,1766201778.0860684
-0.027699947357177734,-1.9769303798675537,1.9118270874023438,-3.057400888378017,-0.26947938530763005,-1.7064071976395643,1766201778.096152
-0.029947474598884583,-1.975612998008728,1.9115818738937378,-3.047639463565403,-0.2677920657129698,-1.700690000651476,1766201778.1061223
-0.03031705506145954,-1.974191665649414,1.910720944404602,-3.053439898338521,-0.26978304224134286,-1.7045440202062663,1766201778.116152
-0.032048873603343964,-1.972589135169983,1.910314917564392,-3.05188734240298,-0.2722853620961271,-1.7059764293937538,1766201778.1161776
-0.033200960606336594,-1.9710694551467896,1.9102123975753784,-3.0463031996004934,-0.2754838136736251,-1.7165096887279054,1766201778.1261463
-0.03477638214826584,-1.9693591594696045,1.9098913669586182,-3.047724434489422,-0.2759829007967998,-1.7143124372149188,1766201778.1361508
-0.035630229860544205,-1.9677239656448364,1.9099066257476807,-3.0341221905557663,-0.26916755848494217,-1.717576762203603,1766201778.1461349
-0.03769060596823692,-1.9654462337493896,1.9095308780670166,-3.033159736578786,-0.26787824933257776,-1.7067465803338275,1766201778.156146
-0.03883061185479164,-1.9636579751968384,1.9090734720230103,-3.0471795743413446,-0.28074783390798014,-1.7116760915294478,1766201778.1661596
-0.0393473319709301,-1.961632490158081,1.9092509746551514,-3.0258564998583304,-0.27199421490001613,-1.7187133481395451,1766201778.1661847
-0.04085460677742958,-1.9592927694320679,1.9085402488708496,-3.0416202505692853,-0.27974180644219515,-1.7094512919466778,1766201778.176064
-0.04210035130381584,-1.9573101997375488,1.9085776805877686,-3.0440708305854023,-0.2875384735164148,-1.7140136368147052,1766201778.1859643
-0.042668428272008896,-1.9551148414611816,1.9086734056472778,-3.033641723926336,-0.28486067696109635,-1.7196420825386076,1766201778.1960738
-0.04353329911828041,-1.9527504444122314,1.9084526300430298,-3.0369517746786916,-0.28931450794724106,-1.7209849687066405,1766201778.2061057
-0.044579215347766876,-1.9504032135009766,1.9084450006484985,-3.041851404843923,-0.2935751791816113,-1.7207807731329936,1766201778.216154
-0.046284835785627365,-1.9475574493408203,1.9083205461502075,-3.03833742296416,-0.28547655924062987,-1.6973322493879834,1766201778.2161798
-0.04600735008716583,-1.945716381072998,1.9084194898605347,-3.0385081235291773,-0.29572313644771014,-1.723652527172339,1766201778.2260752
-0.04669627547264099,-1.9433536529541016,1.9084991216659546,-3.0395917532417434,-0.2968997966655522,-1.7248666631278629,1766201778.2361333
-0.050219811499118805,-1.9355435371398926,1.908482313156128,-3.037258018917778,-0.288532043179537,-1.7062695114618693,1766201778.2661474
-0.049333687871694565,-1.9335393905639648,1.9084616899490356,-3.0418276732689433,-0.2963595571607485,-1.7263967102049702,1766201778.266173
-0.05054046958684921,-1.9307758808135986,1.9082162380218506,-3.0469145890998375,-0.29160998432920787,-1.7135707977887524,1766201778.2760634
-0.05110422894358635,-1.9284894466400146,1.9082585573196411,-3.0496580643182694,-0.29566174973180837,-1.7210262754262269,1766201778.2860048
-0.051109254360198975,-1.9259660243988037,1.9086601734161377,-3.031723045557053,-0.29208087403263516,-1.7378114506863385,1766201778.296165
-0.052069298923015594,-1.9229005575180054,1.9076334238052368,-3.049989493771637,-0.2893631943413708,-1.7163145600237415,1766201778.306141
-0.052476949989795685,-1.9201973676681519,1.9076590538024902,-3.0484577396671946,-0.2917346695596713,-1.7252159053054983,1766201778.3061671
-0.05326133593916893,-1.9171569347381592,1.9071812629699707,-3.0507983963765124,-0.28886606674798865,-1.7205061148602037,1766201778.3160644
-0.05379725247621536,-1.9141508340835571,1.906789779663086,-3.0539378468025147,-0.28751548435734586,-1.7204251946361782,1766201778.3261666
-0.05413780361413956,-1.9110981225967407,1.906550407409668,-3.0505095749917777,-0.28874443992177534,-1.7254486106176665,1766201778.3361046
-0.05441858991980553,-1.907790184020996,1.9058046340942383,-3.056833569740387,-0.28484059873300216,-1.717932932982089,1766201778.3461199
-0.05543416738510132,-1.9043083190917969,1.9053230285644531,-3.0565170951980107,-0.2843601874371808,-1.7175313578519904,1766201778.356127
-0.05626105144619942,-1.9010990858078003,1.9049274921417236,-3.0575562528402846,-0.287382461918718,-1.7213297952933735,1766201778.3661509
-0.05646281689405441,-1.8973251581192017,1.9041693210601807,-3.0569117236458143,-0.28346450855064276,-1.7181164990644293,1766201778.3661764
-0.058168426156044006,-1.8930948972702026,1.9035863876342773,-3.049294628899766,-0.27695598759145384,-1.7074800587674843,1766201778.3760228
-0.05798089876770973,-1.889912486076355,1.9031397104263306,-3.0495717519696086,-0.2902591046514839,-1.733822857318701,1766201778.3860536
-0.05924561992287636,-1.8819514513015747,1.9015849828720093,-3.0500773420452267,-0.29036913107263335,-1.7322056510639225,1766201778.4061537
-0.059180524200201035,-1.8777661323547363,1.9003221988677979,-3.0512075047274676,-0.28223131691295444,-1.7197951500835522,1766201778.406179
-0.06045341491699219,-1.8736039400100708,1.8996537923812866,-3.05311505389089,-0.2895557969677701,-1.7241484455594316,1766201778.4260955
-0.06067461892962456,-1.8691720962524414,1.8985217809677124,-3.0538484970879267,-0.2858084423645757,-1.7151382402142268,1766201778.4261026
-0.06125631183385849,-1.8646084070205688,1.8977614641189575,-3.050189691193888,-0.2896786743577287,-1.7239655213944334,1766201778.4360886
-0.06158003211021423,-1.8601397275924683,1.89698326587677,-3.0436203522752105,-0.29039695284368583,-1.7275765958173297,1766201778.4461334
-0.061736416071653366,-1.855443000793457,1.8958486318588257,-3.0486616385088663,-0.2900397560197871,-1.7179168039413928,1766201778.4560943
-0.06263255327939987,-1.8508020639419556,1.8954360485076904,-3.041920533745843,-0.30141136714655786,-1.733051327785191,1766201778.4561193
-0.0627341940999031,-1.845832347869873,1.894142746925354,-3.0457600933056703,-0.29500387174919496,-1.71980953487612,1766201778.4660687
-0.0640566274523735,-1.8405482769012451,1.8935165405273438,-3.040507484471701,-0.29166487535945906,-1.7047196504001012,1766201778.4761539
-0.06356033682823181,-1.8313634395599365,1.892279028892517,-3.0380528616097053,-0.30881216528534916,-1.7321578942830946,1766201778.4960501
-0.06477225571870804,-1.8257638216018677,1.8913716077804565,-3.0329284259522398,-0.29836455593333644,-1.7082994134201275,1766201778.506099
-0.06367675960063934,-1.821207880973816,1.8908933401107788,-3.035889017320245,-0.30888055152627825,-1.7283660588163503,1766201778.5061247
-0.06374984234571457,-1.8160617351531982,1.8899778127670288,-3.0383744198416744,-0.30511500277152115,-1.7171201093419801,1766201778.5261462
-0.064055897295475,-1.8110814094543457,1.8894383907318115,-3.0394978775548838,-0.3051392886526629,-1.714114919438146,1766201778.526171
-0.06401451677083969,-1.8061250448226929,1.8890236616134644,-3.039825675659787,-0.3087170530632411,-1.7174733191325113,1766201778.5360622
-0.06351860612630844,-1.8009052276611328,1.8885174989700317,-3.0395513184123204,-0.3070270952979267,-1.7163940422496295,1766201778.5460925
-0.06340458244085312,-1.7957969903945923,1.888084888458252,-3.037711793389796,-0.304889897439427,-1.7133631591794758,1766201778.5561182
-0.06281228363513947,-1.790783405303955,1.8877482414245605,-3.0390024816736574,-0.30331413506840427,-1.7139642467220688,1766201778.5561426
-0.06320486217737198,-1.785662055015564,1.8876060247421265,-3.040575280372067,-0.30688933508614885,-1.7149297610715988,1766201778.5660634
-0.06266435235738754,-1.7805193662643433,1.887699007987976,-3.03629315302556,-0.31213567588469415,-1.7280582869288836,1766201778.5761056
-0.06325830519199371,-1.774545431137085,1.8870984315872192,-3.0366038121938064,-0.29689751539314585,-1.699019757344083,1766201778.5861197
-0.06193547695875168,-1.7696558237075806,1.8869041204452515,-3.0410653608837603,-0.3008873370474839,-1.7104820174775113,1766201778.5961506
-0.061375394463539124,-1.7643743753433228,1.8869272470474243,-3.0401795132947713,-0.30180549988873506,-1.7183600952315063,1766201778.6061084
-0.061306778341531754,-1.758965015411377,1.8872613906860352,-3.035242001704894,-0.30668821092541565,-1.7245458731891428,1766201778.616159
-0.060805387794971466,-1.7416770458221436,1.8872261047363281,-3.0322398152031167,-0.29213089196977066,-1.7022798507878758,1766201778.636057
-0.058763012290000916,-1.7305550575256348,1.887285828590393,-3.0392156429086348,-0.29488947879604227,-1.7112352072980574,1766201778.6561313
-0.05824989080429077,-1.7248071432113647,1.8875597715377808,-3.0378506667884184,-0.2941204853249307,-1.7109829392288862,1766201778.6661043
-0.05776546522974968,-1.7190394401550293,1.8879318237304688,-3.038392318719587,-0.2942103314528219,-1.7109690242525677,1766201778.6662607
-0.05730699375271797,-1.713219404220581,1.8884716033935547,-3.0364130242712584,-0.2930548788967949,-1.7116686686396287,1766201778.676057
-0.057784147560596466,-1.7069443464279175,1.889052152633667,-3.0303434482035763,-0.2863009072885912,-1.7001173042048445,1766201778.6860507
-0.05659375712275505,-1.7012771368026733,1.8894612789154053,-3.0362140909703426,-0.2867136311522563,-1.7029917352038013,1766201778.696149
-0.056140318512916565,-1.6953202486038208,1.8900771141052246,-3.0322962567265352,-0.2830114106040944,-1.7035318530700982,1766201778.7062004
-0.055150263011455536,-1.6895413398742676,1.8906223773956299,-3.0347129127469428,-0.28362180829232886,-1.705685366614506,1766201778.7062254
-0.05433470755815506,-1.6835335493087769,1.8913049697875977,-3.032912013305268,-0.28116218925284775,-1.7056183501586748,1766201778.7160478
-0.05356663838028908,-1.6713035106658936,1.8929190635681152,-3.034409791551801,-0.27481303862352247,-1.6936199050326308,1766201778.736142
-0.052210547029972076,-1.658664584159851,1.8945509195327759,-3.0254472169535114,-0.2671383085435557,-1.6897563473279926,1766201778.756101
-0.05012652277946472,-1.6531568765640259,1.8961607217788696,-3.009942480515275,-0.270016554119939,-1.7200735856986988,1766201778.7661614
-0.05079511180520058,-1.6460257768630981,1.896469235420227,-3.0181429076664847,-0.2640325164426739,-1.6872530747018328,1766201778.7661867
-0.04794815182685852,-1.6336065530776978,1.89818274974823,-3.026531884796999,-0.26706774071646294,-1.6941153686557275,1766201778.7860625
-0.047346632927656174,-1.6270395517349243,1.8989062309265137,-3.0255836968341527,-0.26343799287537895,-1.6840288323002504,1766201778.7961743
-0.04676645249128342,-1.6201139688491821,1.8996286392211914,-3.0182481598087025,-0.25908890270220103,-1.6758466282138218,1766201778.806136
-0.04435070604085922,-1.6146608591079712,1.901055097579956,-3.009485108317962,-0.2644820401136102,-1.7055425146642667,1766201778.816159
-0.044506773352622986,-1.6073932647705078,1.9009860754013062,-3.020283597665248,-0.2611528258639359,-1.6746100839498428,1766201778.8161855
-0.04258011654019356,-1.6014889478683472,1.9016371965408325,-3.018632704212484,-0.2602113511901091,-1.6822287782134113,1766201778.82616
-0.040151506662368774,-1.5890083312988281,1.9030406475067139,-3.014969519354591,-0.26322291360476663,-1.6877855737391059,1766201778.8461668
-0.03752975910902023,-1.575878620147705,1.903374195098877,-3.022813111091553,-0.2566301574363972,-1.6753832432759617,1766201778.8561356
-0.036968134343624115,-1.5690118074417114,1.903634786605835,-3.0263092271735026,-0.2558511290936064,-1.6655061818780945,1766201778.8662047
-0.03526732325553894,-1.5631080865859985,1.9042189121246338,-3.0344684203995023,-0.26292207972254167,-1.6744856423384633,1766201778.8761632
-0.03255008906126022,-1.5497385263442993,1.9045672416687012,-3.0323763041866783,-0.25393493964534225,-1.664769523877173,1766201778.8961425
-0.0321141742169857,-1.5428426265716553,1.904890775680542,-3.0307167635959993,-0.2534948101189121,-1.6609204353408544,1766201778.9061036
-0.030812203884124756,-1.536645770072937,1.9053845405578613,-3.0375845393657674,-0.2655119745656008,-1.6744499935375785,1766201778.9161618
-0.030025970190763474,-1.5296635627746582,1.9054583311080933,-3.0381709753450297,-0.25695753856373416,-1.6578002319592937,1766201778.9161866
-0.028929170221090317,-1.5230560302734375,1.9056650400161743,-3.0442582232490576,-0.2572838814702259,-1.6538904215765442,1766201778.9361157
-0.026037372648715973,-1.4959932565689087,1.9068127870559692,-3.0420571410299106,-0.2629587480574902,-1.6638191674348661,1766201778.9561603
-0.02497038245201111,-1.489627480506897,1.9071927070617676,-3.0422534556622725,-0.2636801612678815,-1.6715555848408497,1766201778.966153
-0.024358971044421196,-1.4623998403549194,1.9084393978118896,-3.0092288988027325,-0.2452997797075534,-1.6697581438848812,1766201779.0061412
-0.024227216839790344,-1.4560637474060059,1.908036231994629,-3.0350992027923467,-0.2661982833311761,-1.6789386476877441,1766201779.0061662
-0.02439373917877674,-1.448961615562439,1.9084054231643677,-3.009225587975388,-0.24234979047566677,-1.6688646364180042,1766201779.016161
-0.024332962930202484,-1.4421192407608032,1.908271312713623,-3.0028474135072285,-0.2413029654076276,-1.6746316120793516,1766201779.0261593
-0.024756193161010742,-1.4348247051239014,1.907273530960083,-3.0314559067475013,-0.2565364528151107,-1.6687381067809561,1766201779.0361433
-0.024449966847896576,-1.4282759428024292,1.9070889949798584,-3.0336830830702888,-0.2570793918618136,-1.6728973413943913,1766201779.0461435
-0.024410605430603027,-1.4144726991653442,1.906562089920044,-3.0255330698014165,-0.25454137419671446,-1.6808495938390904,1766201779.0561569
-0.02518688514828682,-1.4066063165664673,1.9058815240859985,-3.02531340054531,-0.25067720215467415,-1.6686514055830486,1766201779.066138
-0.025000177323818207,-1.399835228919983,1.906205654144287,-2.990600202762896,-0.23277352475590501,-1.6757565130084284,1766201779.076108
-0.024560552090406418,-1.3929288387298584,1.905092477798462,-3.0179913106805674,-0.2553579848089528,-1.6884222263679944,1766201779.0861433
-0.024478204548358917,-1.3856855630874634,1.9046661853790283,-3.013776034564982,-0.2547238605087949,-1.6957652165633448,1766201779.0961137
-0.02538376674056053,-1.3775008916854858,1.9041324853897095,-2.9941732830470333,-0.23331357140576003,-1.6716993485814202,1766201779.106133
-0.025618698447942734,-1.3694581985473633,1.9023765325546265,-3.0247305021026802,-0.2529968112557888,-1.6673853948816768,1766201779.1061602
-0.025484979152679443,-1.3613955974578857,1.901402473449707,-3.0204661001058875,-0.25284721676304,-1.6678594770284842,1766201779.116059
-0.025130806490778923,-1.3539927005767822,1.9003995656967163,-3.024255585878205,-0.260227371128951,-1.6771407450947116,1766201779.1260998
-0.025380294770002365,-1.3380274772644043,1.8990694284439087,-2.9944613511463403,-0.24205301587014103,-1.668900058498288,1766201779.1461506
-0.025651581585407257,-1.3214253187179565,1.8959031105041504,-3.019824039799627,-0.2637951164969706,-1.6661525192783808,1766201779.1561327
-0.0252218134701252,-1.3138272762298584,1.8955143690109253,-2.9945806542591598,-0.2456145679057016,-1.659671315822783,1766201779.1661592
-0.025466447696089745,-1.306222915649414,1.8940588235855103,-3.016923984905104,-0.27357565755966223,-1.6901899849983564,1766201779.1761107
-0.026369117200374603,-1.2979047298431396,1.893539309501648,-2.988915969850367,-0.25509493584711856,-1.680888532040196,1766201779.186099
-0.0271732397377491,-1.2731112241744995,1.8899805545806885,-2.988415801721824,-0.25966796516413165,-1.6808564789702192,1766201779.2060506
-0.026880433782935143,-1.264174222946167,1.8881667852401733,-3.000383241990398,-0.26083498257840915,-1.6669353643763138,1766201779.2160974
-0.027489816769957542,-1.2556939125061035,1.887101173400879,-3.0036757468274597,-0.2627726086302014,-1.6620621163279368,1766201779.2261176
-0.03146743401885033,-1.1873258352279663,1.8798048496246338,-2.99301022818398,-0.2750790571651823,-1.6971540752206715,1766201779.296145
-0.03302086889743805,-1.1790052652359009,1.8797258138656616,-2.98408879185704,-0.28056863489143324,-1.7143019757841997,1766201779.3061025
-0.035150740295648575,-1.1611943244934082,1.8785358667373657,-3.001886192385464,-0.29255678527130446,-1.7190320092720972,1766201779.316228
-0.03680114820599556,-1.152004361152649,1.8791345357894897,-2.9649229543838573,-0.2679808128695505,-1.7118281560671214,1766201779.3261678
-0.03901052102446556,-1.1433606147766113,1.8794569969177246,-2.990097427057305,-0.27036688738929393,-1.6987622147248778,1766201779.3360991
-0.040354833006858826,-1.134246587753296,1.8793585300445557,-2.989899158831925,-0.27162223057987206,-1.7004954837713895,1766201779.346126
-0.04022662714123726,-1.1244069337844849,1.8786309957504272,-2.973063705213008,-0.2671265292032168,-1.708061569081622,1766201779.356096
-0.042832549661397934,-1.1157430410385132,1.87930428981781,-2.99182800262843,-0.27331314132747586,-1.7030407645342902,1766201779.356124
-0.04475045204162598,-1.1063826084136963,1.8795536756515503,-2.985515868408376,-0.2669123366108431,-1.6920327422163948,1766201779.3661354
-0.04478232562541962,-1.0964628458023071,1.879030704498291,-2.9727289187278165,-0.2708158135757665,-1.7113907707999942,1766201779.3761146
-0.046220313757658005,-1.086941123008728,1.879289150238037,-2.9709675577624823,-0.2735984533557345,-1.712530134200301,1766201779.3861318
-0.04922786355018616,-1.0776894092559814,1.880136251449585,-2.993499786875011,-0.28060881085051814,-1.693695468376802,1766201779.3961508
-0.049702055752277374,-1.0681877136230469,1.8804677724838257,-2.967550727675303,-0.2817648060783378,-1.7160640716543498,1766201779.4061599
-0.05133197829127312,-1.0585229396820068,1.8810375928878784,-2.9637503087198263,-0.28145651930200294,-1.713632066057117,1766201779.4061854
-0.05358639732003212,-1.0498507022857666,1.8821234703063965,-2.959938965988748,-0.2858618276361452,-1.7085866837139596,1766201779.4160612
-0.05598640441894531,-1.0405998229980469,1.8835505247116089,-2.9830294366102663,-0.2878848155177846,-1.7031753286630944,1766201779.4261177
-0.05746839940547943,-1.0312777757644653,1.8846230506896973,-2.9802437222932516,-0.2859598786512078,-1.7064935144012334,1766201779.4361129
-0.05907144397497177,-1.0222593545913696,1.8857883214950562,-2.979575624428587,-0.28311086078001646,-1.7061031398564313,1766201779.446127
-0.059884633868932724,-1.0129355192184448,1.8864847421646118,-2.958386765821252,-0.27908210261825933,-1.7155329052579362,1766201779.456102
-0.061675138771533966,-1.0042673349380493,1.887856364250183,-2.960453986988914,-0.2777586495780499,-1.7174944218470187,1766201779.4561296
-0.06317935883998871,-0.9954084753990173,1.889100193977356,-2.961953928723825,-0.27394267248926774,-1.7179153841545232,1766201779.4661164
-0.06548772752285004,-0.987238347530365,1.8905301094055176,-2.968253463012382,-0.27350230556905947,-1.7059416390773432,1766201779.476116
-0.06702530384063721,-0.9783374667167664,1.8919904232025146,-2.986052056644069,-0.2715778059490801,-1.7090491250028728,1766201779.4861348
-0.0676126480102539,-0.9691863656044006,1.8926585912704468,-2.9631680614265794,-0.26708701456122574,-1.7211714745227265,1766201779.4961216
-0.06957652419805527,-0.9613078832626343,1.8937113285064697,-2.9559983975141706,-0.2672451764318895,-1.708085537592572,1766201779.5060852
-0.07023277878761292,-0.9516286849975586,1.8947662115097046,-2.961673221248272,-0.2648985474316654,-1.7233288495042973,1766201779.5061126
-0.07147455215454102,-0.9428249001502991,1.8957186937332153,-2.9594835067169076,-0.26435832351747524,-1.7244642174094447,1766201779.5261345
-0.0732031911611557,-0.93522709608078,1.8964942693710327,-2.956491207007204,-0.26993209797404444,-1.7141308636694272,1766201779.5261607
-0.07363549619913101,-0.925224781036377,1.8973125219345093,-2.9550249328213947,-0.2648875461248434,-1.724092092632546,1766201779.5360544
-0.0744122713804245,-0.9163870215415955,1.898144245147705,-2.954285883210777,-0.2665402171194089,-1.7279015902104993,1766201779.54614
-0.07627502083778381,-0.9081599116325378,1.89925217628479,-2.966223384060932,-0.2714129509750235,-1.713800359309151,1766201779.5561588
-0.07549602538347244,-0.899531900882721,1.8988596200942993,-2.991557408600494,-0.29829233621306295,-1.7400841898053268,1766201779.5561862
-0.07720848172903061,-0.8909662365913391,1.9006036520004272,-2.9510658830884426,-0.273618988692523,-1.7203033651850297,1766201779.5660715
-0.07706182450056076,-0.8825196623802185,1.9011012315750122,-2.939773390973223,-0.274690777162166,-1.7272823360734286,1766201779.5761466
-0.0774441733956337,-0.8743134140968323,1.9018343687057495,-2.938933341067568,-0.2777028176732476,-1.726273862511605,1766201779.5861363
-0.07729511708021164,-0.8665462136268616,1.9016740322113037,-2.980145543092379,-0.3070228293216185,-1.7380533255931514,1766201779.5961585
-0.07812520861625671,-0.8573068380355835,1.9038358926773071,-2.9692968312550927,-0.28147047281491006,-1.7325743323920384,1766201779.6061802
-0.0766584500670433,-0.8492960333824158,1.9032294750213623,-2.993713096220808,-0.3065365496431245,-1.7580139717763843,1766201779.6062071
-0.07633177191019058,-0.8333351016044617,1.9046138525009155,-3.0001529354882295,-0.30699993162490863,-1.7623650545410072,1766201779.6261508
-0.07694762945175171,-0.8258543610572815,1.9052397012710571,-3.0072666310887777,-0.3077251394912847,-1.744856360403268,1766201779.6361535
-0.07571528851985931,-0.8173817992210388,1.9056806564331055,-3.0033814576999043,-0.3044290803965904,-1.765278075204487,1766201779.6461341
-0.07633066177368164,-0.8102047443389893,1.9063199758529663,-3.0069684758001207,-0.30535322946840115,-1.7496122478413725,1766201779.6561391
-0.07585614919662476,-0.802843451499939,1.9065762758255005,-2.9952367901608774,-0.30502814618306234,-1.7553397934788475,1766201779.656166
-0.0752933919429779,-0.7949995398521423,1.906956434249878,-2.996638387777756,-0.3027911053772814,-1.7575567576316975,1766201779.6660304
-0.07527295500040054,-0.7872183322906494,1.90731942653656,-2.9949675861967986,-0.3000101970994449,-1.7561342247865344,1766201779.6760242
-0.07457800954580307,-0.7794334888458252,1.907566785812378,-2.993321635048932,-0.297503774095861,-1.7581986771959122,1766201779.686052
-0.07401113957166672,-0.7716124057769775,1.9076082706451416,-3.0013139140283074,-0.3000046973973048,-1.7619785803399044,1766201779.6961112
-0.07327721267938614,-0.7636533379554749,1.907626986503601,-3.004606214515436,-0.29959574117317667,-1.7651403158549024,1766201779.7061281
-0.07371208071708679,-0.7553637027740479,1.9087772369384766,-2.9955195737424,-0.2786946214614379,-1.7542779145974114,1766201779.706155
-0.07200894504785538,-0.7467038631439209,1.9083589315414429,-2.9812194757668125,-0.2727376232925411,-1.7672107189940258,1766201779.71606
-0.0723285898566246,-0.739544689655304,1.9083330631256104,-2.990393453485643,-0.27694853433917654,-1.7568402106100696,1766201779.7260847
-0.07083435356616974,-0.73094242811203,1.907875895500183,-2.9880771888368836,-0.2758428799555229,-1.771834965578036,1766201779.736154
-0.07065095752477646,-0.7237720489501953,1.9073258638381958,-2.979712510741853,-0.27529597184261945,-1.754927854033742,1766201779.7461147
-0.06938455998897552,-0.7157876491546631,1.9061375856399536,-3.0102188487169723,-0.2956962540015833,-1.76802380407419,1766201779.756128
-0.06864893436431885,-0.7067336440086365,1.906497836112976,-2.992940150715147,-0.2764878849520695,-1.7730407945827078,1766201779.756156
-0.06817001104354858,-0.6996039152145386,1.9050341844558716,-3.013440150159274,-0.29750447280029607,-1.765089490877001,1766201779.766126
-0.06639322638511658,-0.6831907629966736,1.9037326574325562,-3.0093358682516227,-0.29469595558307876,-1.7663695851311678,1766201779.7861323
-0.06533049792051315,-0.674953043460846,1.9028481245040894,-3.00985591399117,-0.29577687188789537,-1.7673281116160562,1766201779.796154
-0.06349225342273712,-0.6582052707672119,1.9015510082244873,-2.9842044873839657,-0.27700159869632474,-1.7657620993537992,1766201779.8060732
-0.06233641877770424,-0.6501513123512268,1.8997982740402222,-3.0142103100054656,-0.29769710411965156,-1.7692460167502604,1766201779.8170373
-0.06042783334851265,-0.6416111588478088,1.8984352350234985,-3.0161989077889926,-0.2972337885109231,-1.7751177384273735,1766201779.8259964
-0.0596216656267643,-0.6335290670394897,1.8972301483154297,-3.0176963888064656,-0.29913876007071544,-1.774028302597765,1766201779.836038
-0.058454420417547226,-0.6249820590019226,1.8966624736785889,-2.9867528353768793,-0.278011637342773,-1.7690677637433692,1766201779.8461275
-0.05722430720925331,-0.6170135140419006,1.894727349281311,-3.011282917703381,-0.295077069642202,-1.773450080586432,1766201779.8559954
-0.05607536807656288,-0.6080675721168518,1.89435875415802,-3.008142278787331,-0.2799768400788492,-1.773463966916053,1766201779.8560305
-0.05414130538702011,-0.5998165011405945,1.8925671577453613,-2.9924202829880997,-0.27930943607238473,-1.7733967696726025,1766201779.8660393
-0.0522734709084034,-0.5913242697715759,1.8910719156265259,-2.984211787883067,-0.27970370948098267,-1.7844871066309143,1766201779.8761706
-0.05086640268564224,-0.5830674171447754,1.8895540237426758,-2.9850900255314006,-0.2799265681439768,-1.780129705097538,1766201779.886167
-0.048761360347270966,-0.5743990540504456,1.8881193399429321,-2.9833969185974007,-0.27997695681193796,-1.7879285114900734,1766201779.8960965
-0.04690941423177719,-0.5661894083023071,1.8860549926757812,-3.012625124385126,-0.29999922378812766,-1.790322577284502,1766201779.9061725
-0.04478827118873596,-0.5573171377182007,1.885072112083435,-3.0279584380474476,-0.3003354892954686,-1.8019651707497588,1766201779.9061978
-0.042679332196712494,-0.5480747818946838,1.8840233087539673,-2.9967049726193222,-0.28182674719557144,-1.8054948775590685,1766201779.916075
-0.04066884517669678,-0.5403756499290466,1.8819944858551025,-3.011634477311431,-0.3017728646716832,-1.8030168974708183,1766201779.9261563
-0.03879553824663162,-0.5315819382667542,1.881449818611145,-2.9847081356852967,-0.2861813783994104,-1.7985928758865062,1766201779.9361386
-0.03693017363548279,-0.5231102108955383,1.880301594734192,-2.9818892278385967,-0.28670786939989534,-1.7965361175972832,1766201779.946164
-0.03460484370589256,-0.5144475102424622,1.8793009519577026,-2.9828559571588142,-0.28852393577008334,-1.7986448957972205,1766201779.9561515
-0.032215867191553116,-0.5057772994041443,1.8782999515533447,-2.9823213628489333,-0.289091071532077,-1.8010025806091032,1766201779.9561763
-0.029597138985991478,-0.49697285890579224,1.8773006200790405,-2.984551215078141,-0.2906636523928626,-1.7997219103706112,1766201779.966084
-0.02722291462123394,-0.48830562829971313,1.876650333404541,-2.977559600463254,-0.2899226287998065,-1.802906644684932,1766201779.9761436
-0.02481147274374962,-0.4801086485385895,1.8752084970474243,-3.0070550807457184,-0.3100927707378223,-1.8058942189959173,1766201779.9861522
-0.021539956331253052,-0.4711218476295471,1.8743268251419067,-3.010164657660932,-0.3123413867407197,-1.813201126594829,1766201779.9961524
-0.0194412674754858,-0.4628570079803467,1.8739367723464966,-3.00936129291303,-0.31188474025385504,-1.8124454378564947,1766201780.0061104
-0.016722436994314194,-0.4545189142227173,1.8734275102615356,-3.0091295569050027,-0.3115036554431289,-1.8131809229557645,1766201780.0061355
-0.013760821893811226,-0.4461190104484558,1.87296462059021,-3.0100375186800985,-0.3142498357562088,-1.8170602659138542,1766201780.0160644
-0.01103940885514021,-0.43787410855293274,1.8728289604187012,-3.008918838748859,-0.31463292900153084,-1.8180217897824074,1766201780.0260673
-0.008559370413422585,-0.4296196401119232,1.8726948499679565,-3.0157735047872736,-0.3192026599105097,-1.8152013404270249,1766201780.0360637
-0.005487449001520872,-0.4212954044342041,1.873139500617981,-3.0060081412493194,-0.3142747285347035,-1.8177969543486252,1766201780.0460835
-0.002617345657199621,-0.41304096579551697,1.8735482692718506,-3.0063197263715997,-0.31288233264825327,-1.8180187357000408,1766201780.056084
-7.737037230981514e-05,-0.4049556255340576,1.8738956451416016,-3.0163570247958624,-0.317291988210633,-1.815027297180053,1766201780.0561044
0.0033024433068931103,-0.3967587351799011,1.8747680187225342,-3.0095316139848696,-0.3099975555021893,-1.8181850856525419,1766201780.0660803
0.005935588385909796,-0.3886256217956543,1.8751786947250366,-3.0236351895473383,-0.3129062270016421,-1.8120868657475793,1766201780.0760503
0.009138192981481552,-0.3806561529636383,1.8761948347091675,-3.0148648886890417,-0.3067946226679849,-1.8176713413561554,1766201780.0861354
0.011464530602097511,-0.37292465567588806,1.8767701387405396,-3.0231165789398218,-0.30885478589921017,-1.8068402315571366,1766201780.096152
0.01455449964851141,-0.3647814989089966,1.8777766227722168,-3.023915520660802,-0.3076677020025189,-1.814246885392006,1766201780.1062055
0.01745658367872238,-0.35684117674827576,1.878572940826416,-3.022935848183276,-0.3067597353263239,-1.814653244138682,1766201780.1062303
0.020016711205244064,-0.34907081723213196,1.8795188665390015,-3.0202323544932272,-0.3056491199053053,-1.8094184558851087,1766201780.116097
0.02276577055454254,-0.341092050075531,1.8806356191635132,-3.018355179366084,-0.30357145037841454,-1.8096785458977864,1766201780.1261528
0.025851508602499962,-0.33299025893211365,1.8818864822387695,-3.0104600585713706,-0.2980205301980658,-1.8094822834062476,1766201780.1361642
0.028594333678483963,-0.32511743903160095,1.8827388286590576,-3.020499719745221,-0.30303839281715356,-1.8089018409289572,1766201780.1461225
0.03159647807478905,-0.3169498145580292,1.8839209079742432,-3.0196790662031985,-0.30223134371523425,-1.8080264270552189,1766201780.1561542
0.03445145860314369,-0.30876779556274414,1.8855451345443726,-3.014608425370214,-0.29339957098001374,-1.8054135813262806,1766201780.1661563
0.037136808037757874,-0.30056333541870117,1.8866621255874634,-3.033483774066444,-0.2966666007141134,-1.8015174513529593,1766201780.1661837
0.04110255092382431,-0.2924828827381134,1.887500286102295,-3.0251118116130633,-0.2982998212763969,-1.8148589641696382,1766201780.1761217
0.04427507147192955,-0.28428956866264343,1.8886022567749023,-3.0265735315391127,-0.29679922068551395,-1.8130652940382537,1766201780.1861389
0.047341253608465195,-0.27610376477241516,1.8897448778152466,-3.0260172010538837,-0.2949462787268754,-1.8155608350183263,1766201780.1960552
0.053458072245121,-0.2597639560699463,1.8919944763183594,-3.031386650363123,-0.2955078868334831,-1.8160414676946437,1766201780.2061615
0.05676615983247757,-0.25125017762184143,1.8929942846298218,-3.032290658007452,-0.2951010955535446,-1.814844456100003,1766201780.2161584
0.05937116965651512,-0.24292151629924774,1.8942546844482422,-3.024918441528948,-0.29252103961249454,-1.8196219264942013,1766201780.226131
0.06189630925655365,-0.23420104384422302,1.8954660892486572,-3.054701856728785,-0.29965971877241426,-1.8041243845958268,1766201780.2361495
0.06623367220163345,-0.22563041746616364,1.8961174488067627,-3.0311736206119644,-0.29580414500890884,-1.81763179967431,1766201780.2461524
0.0693502426147461,-0.21700327098369598,1.8970025777816772,-3.029178836870979,-0.2933144571664979,-1.814548131837757,1766201780.2561586
0.07226011902093887,-0.20855610072612762,1.8975014686584473,-3.043572992709542,-0.30249095880619264,-1.8162044607384629,1766201780.2661343
0.07521742582321167,-0.20007692277431488,1.8981847763061523,-3.045843806788744,-0.30222123564534087,-1.8132843109719863,1766201780.266158
0.0780632346868515,-0.19133667647838593,1.8986701965332031,-3.034073722516281,-0.2989411338091848,-1.816896488194541,1766201780.2760642
0.08064692467451096,-0.18320639431476593,1.8990135192871094,-3.0414661595363675,-0.303816691840438,-1.8096898643072166,1766201780.2861543
0.0842205211520195,-0.17395664751529694,1.8990837335586548,-3.0532949284134645,-0.3074604147235459,-1.8221215306546759,1766201780.2961614
0.08676259219646454,-0.16553491353988647,1.8994728326797485,-3.0666012869636434,-0.30583566978158644,-1.8066682796611844,1766201780.3061416
0.0899699255824089,-0.15670160949230194,1.8994537591934204,-3.0526757532073363,-0.3085881671448212,-1.8234836099344283,1766201780.3061666
0.0931033045053482,-0.14795570075511932,1.8991636037826538,-3.053535312830452,-0.304578836913223,-1.8116508878633113,1766201780.3160605
0.09592900425195694,-0.13893753290176392,1.899146556854248,-3.0615617068118492,-0.3053098294526382,-1.8176151590949152,1766201780.326165
0.09907282888889313,-0.13009119033813477,1.89913010597229,-3.0545726065563774,-0.30071225438240273,-1.8131213613124237,1766201780.3361368
0.10131938755512238,-0.12208439409732819,1.8986891508102417,-3.0426164241910816,-0.30066384302935506,-1.8040406676001888,1766201780.346159
0.10388496518135071,-0.11306634545326233,1.8984023332595825,-3.0406679613212755,-0.30080058020027944,-1.8071943702679232,1766201780.3561606
0.10677929222583771,-0.10381117463111877,1.8978649377822876,-3.0469206321541615,-0.3100979234485927,-1.8231138795196922,1766201780.366099
0.11019803583621979,-0.09500094503164291,1.8968919515609741,-3.0430399139588444,-0.3051352242713149,-1.8052847107764305,1766201780.3662264
0.11285920441150665,-0.08597906678915024,1.8963441848754883,-3.0369472676153415,-0.3024130695945326,-1.8031716531183841,1766201780.3760614
0.11554940789937973,-0.07683979719877243,1.8956704139709473,-3.0575884640766477,-0.3100673879836892,-1.800790785314325,1766201780.386093
0.11912792176008224,-0.06753028184175491,1.8942681550979614,-3.0394532404165657,-0.3097810265947012,-1.805137045347483,1766201780.39614
0.12230240553617477,-0.058202825486660004,1.893235206604004,-3.04125300237762,-0.3136313180755757,-1.8045926413497,1766201780.4061337
0.12541881203651428,-0.04883575811982155,1.89203679561615,-3.0423102234496553,-0.31581013331052255,-1.8040387436013057,1766201780.416116
0.1286291927099228,-0.03941695764660835,1.8907661437988281,-3.041964576917764,-0.3194962406544171,-1.8035110434792003,1766201780.4161408
0.1317950189113617,-0.030046241357922554,1.8893823623657227,-3.045594226979802,-0.3237808427772415,-1.8047531462555924,1766201780.426067
0.13507887721061707,-0.02058582752943039,1.8879255056381226,-3.042771687936256,-0.32603677259803365,-1.806043387124138,1766201780.4361508
0.1383112519979477,-0.011193979531526566,1.8863698244094849,-3.043640441923594,-0.32851269683844214,-1.807073635713439,1766201780.446152
0.14153340458869934,-0.0018241413636133075,1.8848172426223755,-3.0468653850416927,-0.3309987771148128,-1.8078388283085813,1766201780.4561262
0.14477555453777313,0.007599051110446453,1.883233666419983,-3.0463708591506222,-0.3324642691922123,-1.8084408305527473,1766201780.4561508
0.14785568416118622,0.017052266746759415,1.8816518783569336,-3.046750783177128,-0.33276164035102257,-1.8084617642538077,1766201780.4660697
0.1509602963924408,0.02643025666475296,1.879920482635498,-3.051502427169276,-0.3345877750729002,-1.8083901873824586,1766201780.476051
0.15372014045715332,0.03583701699972153,1.8783750534057617,-3.0445367884248924,-0.3314146491958852,-1.8067417603903373,1766201780.4861565
0.15671464800834656,0.04540514573454857,1.8766146898269653,-3.0452173359605865,-0.3324269709587653,-1.8063891186853778,1766201780.496144
0.15988290309906006,0.05502938851714134,1.8747352361679077,-3.0500508423185027,-0.33669154263119333,-1.8088974762235404,1766201780.5061545
0.16247043013572693,0.06453923881053925,1.8731590509414673,-3.044090266641736,-0.33319851472053824,-1.8079496306250544,1766201780.5061803
0.16512350738048553,0.07423026859760284,1.8713884353637695,-3.0475014415120554,-0.33528652252206353,-1.8057394378831637,1766201780.516063
0.16817113757133484,0.08406929671764374,1.869489073753357,-3.049898332225775,-0.33980914138138923,-1.8081996990976652,1766201780.526096
0.17087963223457336,0.09383168816566467,1.8676410913467407,-3.0492010482556844,-0.34153312764089905,-1.8091221198482113,1766201780.5361688
0.17354749143123627,0.10373223572969437,1.865902304649353,-3.046610985968639,-0.34211912397287914,-1.8101014878663102,1766201780.546155
0.17577114701271057,0.11339913308620453,1.8645071983337402,-3.039469586837796,-0.3388255173505796,-1.8094664080432517,1766201780.5560336
0.1781827062368393,0.12345815449953079,1.862740159034729,-3.041603183279025,-0.3416316992230587,-1.8091072675597066,1766201780.5560596
0.18023428320884705,0.1331530064344406,1.8612433671951294,-3.0404038061358785,-0.3426205654235451,-1.80959672634601,1766201780.5761502
0.18195942044258118,0.14285390079021454,1.8597259521484375,-3.047148195923436,-0.34712061798802446,-1.803040093023989,1766201780.5761776
0.18393297493457794,0.1529252529144287,1.858571171760559,-3.033304096364009,-0.3371029883992184,-1.7945462144879083,1766201780.5860934
0.1858343482017517,0.16279718279838562,1.8573273420333862,-3.0294896672883787,-0.3382680194298359,-1.7992623524856832,1766201780.5960612
0.1880316436290741,0.17268158495426178,1.8557194471359253,-3.036870762826314,-0.34404539309324633,-1.8004898247134764,1766201780.6061547
0.18972136080265045,0.18270698189735413,1.854827642440796,-3.0240505870748606,-0.33545239394903653,-1.7950694462289716,1766201780.6061802
0.19176903367042542,0.19255924224853516,1.8533971309661865,-3.0279913170546497,-0.3411404794575808,-1.799239905560362,1766201780.6160626
0.1938561201095581,0.20237556099891663,1.8522765636444092,-3.0174727323275565,-0.33968102132688216,-1.8006820321909844,1766201780.6261537
0.1957700252532959,0.21223387122154236,1.8514610528945923,-3.01190944525081,-0.33865609340683794,-1.8013464052482067,1766201780.6361644
0.1966533660888672,0.221854567527771,1.8513164520263672,-3.003878266352606,-0.34618208408204243,-1.8153441020641412,1766201780.6461418
0.19935837388038635,0.23235009610652924,1.8506144285202026,-3.0067685786721707,-0.3406875900707649,-1.7998586897748636,1766201780.6561365
0.20116738975048065,0.24239037930965424,1.8508721590042114,-2.9948589786627884,-0.3376551408328566,-1.798692518458068,1766201780.6561615
0.20232436060905457,0.2522401809692383,1.8513634204864502,-2.9913062001514326,-0.34772911393289063,-1.8156452886602998,1766201780.6761422
0.20604172348976135,0.2632567584514618,1.8512870073318481,-3.013758440978392,-0.3428582631519018,-1.8160476667195284,1766201780.676293
0.20735406875610352,0.2724246680736542,1.8517725467681885,-2.995767423247351,-0.340454330240242,-1.8011744374073977,1766201780.686088
0.2117447853088379,0.2923564612865448,1.8536864519119263,-3.000154214112177,-0.34182666043250287,-1.8179334743280475,1766201780.7061372
0.21360737085342407,0.3016706705093384,1.8542312383651733,-2.9987656557674534,-0.34573881490303693,-1.811438334058373,1766201780.7161534
0.21523278951644897,0.3111589252948761,1.8554635047912598,-3.0120157044284124,-0.3453700440206084,-1.8052485576696957,1766201780.7161784
0.21795187890529633,0.3206139802932739,1.8567510843276978,-2.9991688840593853,-0.3333853875501388,-1.8186272596061779,1766201780.7261312
0.2199283242225647,0.32933148741722107,1.8571983575820923,-3.0027823422765416,-0.34112017260118027,-1.811563423406632,1766201780.7361386
0.22178396582603455,0.3385067284107208,1.8586965799331665,-2.9870434351698907,-0.3302303632100495,-1.8082809118240784,1766201780.7461348
0.2241833657026291,0.3478005826473236,1.8593376874923706,-2.9914746823585494,-0.3373741568818363,-1.8130745117982792,1766201780.7561634
0.22663818299770355,0.3569177985191345,1.8604146242141724,-2.986505212515965,-0.33400936688679267,-1.8095359794282428,1766201780.7561884
0.2286367565393448,0.36598658561706543,1.8619744777679443,-2.9716098297646365,-0.32614388393660415,-1.8062780431023935,1766201780.7760544
0.23139633238315582,0.375102698802948,1.8627458810806274,-2.9782778812539927,-0.33616957131738884,-1.8076497410016872,1766201780.7760634
0.2342280000448227,0.3843131363391876,1.8639826774597168,-2.9740179175085486,-0.33652984790517154,-1.8030328729932885,1766201780.7861187
0.2368961125612259,0.393471360206604,1.8655645847320557,-2.9714419664142686,-0.3401595557716079,-1.8047528824022383,1766201780.796135
0.2397920787334442,0.40252962708473206,1.867026686668396,-2.9710381909172177,-0.3434222099255161,-1.8048349648275763,1766201780.806147
0.24299991130828857,0.41145890951156616,1.8685822486877441,-2.973234200372326,-0.3433535330155508,-1.8006193264980683,1766201780.806173
0.24622587859630585,0.4205383062362671,1.870269536972046,-2.9756714880381825,-0.3441863136178451,-1.7995606934184853,1766201780.816115
0.2491290271282196,0.42922237515449524,1.8720567226409912,-2.975022335494206,-0.346874850406262,-1.799835894511107,1766201780.8261313
0.25245770812034607,0.43793484568595886,1.8738826513290405,-2.978065426176773,-0.3485483085106054,-1.8011480867070293,1766201780.8360956
0.2557111084461212,0.4466961920261383,1.8756667375564575,-2.9803416530798095,-0.3490328392728274,-1.800963344245806,1766201780.8460896
0.2590636909008026,0.45530423521995544,1.8774958848953247,-2.9835486087232255,-0.34801700159671245,-1.7963721807169533,1766201780.856136
0.26231279969215393,0.46394139528274536,1.8793786764144897,-2.9844524735933393,-0.3498406645280641,-1.8002545950716085,1766201780.8561614
0.26551759243011475,0.4724462628364563,1.881171464920044,-2.9830528772296163,-0.34888417782240405,-1.7974845955413377,1766201780.8661535
0.2688942551612854,0.4809177815914154,1.8828692436218262,-2.989583074746048,-0.3508254424611603,-1.7976462398349038,1766201780.8761046
0.27216097712516785,0.48928678035736084,1.8844164609909058,-2.9912266474983236,-0.35100339356449767,-1.798465645183614,1766201780.886166
0.2755281329154968,0.49769163131713867,1.885890007019043,-2.9889300727666557,-0.34584417755187524,-1.7938520478466862,1766201780.8960874
0.2789200246334076,0.5059295892715454,1.8872390985488892,-2.9962836520319884,-0.3470893652440598,-1.795798598056041,1766201780.9061637
0.2818935811519623,0.5141224265098572,1.8885464668273926,-2.9912984602098254,-0.34434608259270644,-1.7970900557059868,1766201780.9160807
0.28514420986175537,0.5223545432090759,1.8896821737289429,-2.9918759280805136,-0.34120494093366033,-1.7987911397304992,1766201780.9161055
0.28842973709106445,0.5305761098861694,1.890573263168335,-2.9935513127654794,-0.3391499718712148,-1.8003623295718372,1766201780.9261174
0.2916294038295746,0.5387714505195618,1.8913136720657349,-2.9911080573798294,-0.3369129571790907,-1.79913527432155,1766201780.9361324
0.30861786007881165,0.5805820822715759,1.8935024738311768,-2.933426171192608,-0.2858950610466977,-1.8016583788415654,1766201780.9861422
0.3161942958831787,0.5971187353134155,1.8913865089416504,-2.9877308352429877,-0.3170066196732295,-1.8133699778013492,1766201780.9961257
0.3200496435165405,0.6057108044624329,1.89057195186615,-2.9884502844624894,-0.317604799992235,-1.8159713514659521,1766201781.0061483
0.3241972029209137,0.6144272089004517,1.8898236751556396,-2.989629965262385,-0.31674750003078,-1.8210404420735375,1766201781.0061822
0.32825881242752075,0.6232558488845825,1.8887995481491089,-2.9875671470312093,-0.31516255932209675,-1.8210805217065709,1766201781.016023
0.33247968554496765,0.6322912573814392,1.8877439498901367,-2.990240385168633,-0.31493137273999744,-1.8276720308401246,1766201781.0260184
0.3365275263786316,0.6409546136856079,1.8863462209701538,-2.9906027571185163,-0.31854024373430384,-1.8312186055215482,1766201781.0361328
0.34090450406074524,0.6501469016075134,1.8850822448730469,-2.9918717461292856,-0.3167279420345084,-1.834791678079385,1766201781.0461373
0.3451920747756958,0.6591576933860779,1.8835361003875732,-2.9961015234513098,-0.3215473219657972,-1.8381119118175304,1766201781.056118
0.3495318293571472,0.6682749390602112,1.8819212913513184,-2.9963614223912196,-0.3222560889082161,-1.8426951150137056,1766201781.0661464
0.3538970351219177,0.6773014664649963,1.8803009986877441,-2.998073734659714,-0.32404870637483335,-1.8469069635323727,1766201781.0661712
0.35829123854637146,0.6863608360290527,1.8785098791122437,-2.9951009292189017,-0.3250762177304554,-1.8503823316797057,1766201781.0861232
0.3627343475818634,0.6954321265220642,1.8767366409301758,-2.9981745647203493,-0.32663997244237347,-1.8533833353914484,1766201781.0861485
0.367107629776001,0.7044026851654053,1.8747830390930176,-2.9988160854523485,-0.32939058584738623,-1.8562835343891868,1766201781.0960953
0.3715576231479645,0.713436484336853,1.8729380369186401,-3.0035237446231973,-0.33182441082601905,-1.8625319438166588,1766201781.106142
0.3758620321750641,0.7221879959106445,1.8708940744400024,-3.003592508235655,-0.33637976608243253,-1.86642479701213,1766201781.1061668
0.3803838789463043,0.7313811182975769,1.8690685033798218,-3.00589324679615,-0.3378772447359218,-1.8695765324574818,1766201781.1160421
0.38472357392311096,0.7401271462440491,1.867154836654663,-3.0043387589563233,-0.3412756757916097,-1.8718497139045016,1766201781.1260908
0.38917240500450134,0.7491567730903625,1.865462064743042,-3.007448017191116,-0.3430307927902884,-1.8775345689024308,1766201781.136125
0.393498957157135,0.7577908039093018,1.8637393712997437,-3.0025197611708,-0.3435875762993683,-1.8794900936350047,1766201781.1461356
0.39796993136405945,0.7667291164398193,1.8623197078704834,-3.0054057597410933,-0.3424886743090378,-1.885174053351079,1766201781.1561866
0.402159184217453,0.7751873135566711,1.860731840133667,-3.003811848550568,-0.34277638105528435,-1.8857254556125707,1766201781.1562116
0.40643706917762756,0.7837525606155396,1.859492301940918,-3.0085780576965355,-0.3415744795844043,-1.8910857345566587,1766201781.1660829
0.41065913438796997,0.7921852469444275,1.858275294303894,-3.0034879154331966,-0.33786221983652226,-1.8926343926140814,1766201781.1760519
0.4150073230266571,0.8007469773292542,1.857360601425171,-3.0044851338778042,-0.33329450704913577,-1.8961614690169113,1766201781.1861413
0.4190237820148468,0.8091516494750977,1.856416940689087,-3.0021051352207664,-0.32851123306552776,-1.8978799962406652,1766201781.1961184
0.423334002494812,0.8178662657737732,1.8555368185043335,-3.003499418439223,-0.32473546957660193,-1.900952246521552,1766201781.2061026
0.427517294883728,0.8263342380523682,1.8547604084014893,-3.003833656467831,-0.322258927961766,-1.9028739419856484,1766201781.2061276
0.43151435256004333,0.8349258303642273,1.8547983169555664,-2.974710342731792,-0.3002677834486012,-1.9036826226540935,1766201781.2160575
0.4358486831188202,0.8435186743736267,1.8540921211242676,-2.9779132999049382,-0.29893678436124166,-1.9083315925827722,1766201781.2260137
0.4401097297668457,0.8525317311286926,1.852842092514038,-3.007538617520852,-0.31491894659668485,-1.9098753494636271,1766201781.236139
0.44472482800483704,0.8612735271453857,1.8521933555603027,-3.0020411655918453,-0.31440577294004685,-1.9145419612141246,1766201781.2461371
0.4488023817539215,0.8701089024543762,1.8516075611114502,-3.001203412772015,-0.31487240346112283,-1.9181955039535443,1766201781.2561195
0.4531119167804718,0.8790410757064819,1.8512011766433716,-3.002969184032226,-0.3176676534525707,-1.9217048710963271,1766201781.256145
0.45704686641693115,0.8881828784942627,1.8519221544265747,-2.9697578602645374,-0.3015684003434213,-1.9214685745776836,1766201781.2661467
0.46116015315055847,0.8972704410552979,1.852026104927063,-2.964345342955093,-0.303698642020778,-1.9240957940255545,1766201781.2760723
0.4652824401855469,0.9064207077026367,1.8525605201721191,-2.960085959575283,-0.3064006461622811,-1.9263335145139986,1766201781.2861114
0.4697328507900238,0.9155932068824768,1.8524112701416016,-2.9879895579736546,-0.3256413515064085,-1.930988974902577,1766201781.2961314
0.4738548994064331,0.9244692921638489,1.853158950805664,-2.9842605601968892,-0.3263193845960825,-1.9308738110477068,1766201781.3062048
0.47815436124801636,0.9331977367401123,1.8540587425231934,-2.9894276500519092,-0.3274877595220327,-1.9287622021309894,1766201781.3062298
0.4818771779537201,0.9417213201522827,1.8553787469863892,-2.986222800857786,-0.32511919927610583,-1.934386535150045,1766201781.3160334
0.4857177436351776,0.9502807259559631,1.8566224575042725,-2.986120399225742,-0.3218596380256482,-1.9333679319751236,1766201781.3261623
0.48980632424354553,0.9586796760559082,1.8579694032669067,-2.987154172521202,-0.31499210420819695,-1.930223112139447,1766201781.3361332
0.493280827999115,0.9669434428215027,1.8594050407409668,-2.9852607161819344,-0.31036535079517485,-1.9306819790293015,1766201781.346146
0.4969944953918457,0.9752039909362793,1.8607829809188843,-2.9860056687531022,-0.30677691390121586,-1.9300111892511909,1766201781.3561363
0.500751793384552,0.9836869239807129,1.8624119758605957,-2.983406259314102,-0.3006835342237461,-1.9287255263808527,1766201781.3561618
0.5042856931686401,0.9918726086616516,1.8639401197433472,-2.9803564277509196,-0.29670464653021694,-1.9259615073129595,1766201781.366127
0.5082839131355286,1.0005725622177124,1.8656809329986572,-2.977235338675191,-0.2881676418804635,-1.921758554819615,1766201781.3761003
0.5118523836135864,1.0092241764068604,1.8673933744430542,-2.9742148853530788,-0.2844942873035002,-1.9223651894532336,1766201781.3861501
0.515623152256012,1.018013834953308,1.8690325021743774,-2.971514159694741,-0.2788477390021093,-1.918473080346255,1766201781.3960629
0.519528865814209,1.0268570184707642,1.8706297874450684,-2.9764277910736125,-0.2771830596469203,-1.9174586821429562,1766201781.4060867
0.5235201716423035,1.0359700918197632,1.8721028566360474,-2.9792617450691714,-0.27652040723672033,-1.9151810385519155,1766201781.4061253
0.527548611164093,1.0450361967086792,1.873448371887207,-2.9762754811815775,-0.275159054194153,-1.9127008037446627,1766201781.4160624
0.5316134691238403,1.0543572902679443,1.8746850490570068,-2.980070297352477,-0.2782558445033884,-1.9106593963285212,1766201781.4260588
0.5357361435890198,1.063639760017395,1.8759592771530151,-2.9798058843213604,-0.2788752448256451,-1.9092214291920961,1766201781.4361506
0.5399192571640015,1.0730640888214111,1.8769811391830444,-2.9802283720392357,-0.28230520715593815,-1.9091917688474889,1766201781.4461398
0.5439414381980896,1.0825737714767456,1.8780460357666016,-2.9816253192364575,-0.2870545777077033,-1.9080403708353864,1766201781.456126
0.5479783415794373,1.092000961303711,1.8789398670196533,-2.9801695464322546,-0.29142717258087186,-1.9062253970727334,1766201781.456171
0.5519733428955078,1.1015464067459106,1.879818320274353,-2.9808507747296416,-0.2956821083326824,-1.9061869248243248,1766201781.4661255
0.5560228228569031,1.1111173629760742,1.88054621219635,-2.9838130209521663,-0.3013165095825938,-1.9053941408256003,1766201781.4761546
0.560177743434906,1.1206960678100586,1.881206750869751,-2.988745571142545,-0.3042295049587188,-1.90165381601762,1766201781.486135
0.5639287829399109,1.130111813545227,1.8817951679229736,-2.9852061315078906,-0.31039639703758454,-1.9040701622303802,1766201781.4961448
0.5678062438964844,1.1394884586334229,1.882232904434204,-2.9892325302356197,-0.3145919045669955,-1.9035856817536494,1766201781.5061133
0.5714070796966553,1.148407220840454,1.8828070163726807,-2.9892975359610134,-0.32324377716257763,-1.9071917173094284,1766201781.5061386
0.5750393271446228,1.1576504707336426,1.8831435441970825,-2.9867498126425374,-0.3233034348102654,-1.906073552513176,1766201781.5160637
0.5786432027816772,1.1670899391174316,1.8831512928009033,-2.989065003933236,-0.32379777541009375,-1.9030663735239515,1766201781.5261416
0.5820954442024231,1.1761784553527832,1.883400797843933,-2.985292874219702,-0.3249615598269303,-1.9031894719524487,1766201781.5361545
0.5854427814483643,1.185293436050415,1.883588194847107,-2.982791070634071,-0.32414048105173576,-1.9024182995021626,1766201781.546133
0.5888038873672485,1.1942073106765747,1.8836721181869507,-2.9856776479349936,-0.32697751483279086,-1.9028543927481352,1766201781.5561519
0.5919668674468994,1.2029374837875366,1.8839020729064941,-2.981056903147213,-0.3296586997160916,-1.9067099695223015,1766201781.556177
0.5953914523124695,1.212241530418396,1.8836883306503296,-2.9784077931985737,-0.32609465759936046,-1.9033503091411608,1766201781.5661101
0.5987913012504578,1.2212671041488647,1.8836058378219604,-2.978815087815047,-0.3263594418128738,-1.9042429389666413,1766201781.5760508
0.6024245619773865,1.230462670326233,1.8833421468734741,-2.979076207531396,-0.32498487701101675,-1.8950634369499335,1766201781.5861685
0.605724573135376,1.2393611669540405,1.8830854892730713,-2.978890960604727,-0.3245914241684298,-1.8962824913795369,1766201781.5961592
0.6090506315231323,1.248375415802002,1.8829172849655151,-2.9710439017191894,-0.3203000058273231,-1.8953963572985972,1766201781.606157
0.6124247312545776,1.2575445175170898,1.8823710680007935,-2.974198315758997,-0.3219089893156184,-1.8952246330779803,1766201781.6061816
0.6157543063163757,1.2665714025497437,1.8819814920425415,-2.9734399405004206,-0.32286801325420894,-1.895015693220386,1766201781.6160655
0.6190745830535889,1.2757278680801392,1.8814469575881958,-2.969224482982165,-0.3198670070499838,-1.8946943421643891,1766201781.6261055
0.6223781704902649,1.284766674041748,1.8806425333023071,-2.972191872540775,-0.32258077380187156,-1.8961174647458947,1766201781.636141
0.62575364112854,1.294051170349121,1.8799256086349487,-2.967604722485313,-0.3211964246345864,-1.8954278483783233,1766201781.646145
0.629023551940918,1.3032593727111816,1.8787791728973389,-2.9734528528514184,-0.3261617763310376,-1.895020486923963,1766201781.6561596
0.6322304606437683,1.3126320838928223,1.8782545328140259,-2.962010441114303,-0.32014738101795737,-1.8928974177064748,1766201781.6561842
0.6354477405548096,1.3218821287155151,1.8771591186523438,-2.9630026631560877,-0.32269736065859045,-1.8894126379649445,1766201781.6661654
0.6385655403137207,1.3314192295074463,1.8756179809570312,-2.9776125357393353,-0.33555066986007964,-1.8864672532409514,1766201781.676136
0.6415960788726807,1.3406692743301392,1.8744750022888184,-2.9705924796059535,-0.33210959548235863,-1.8839437986867602,1766201781.686157
0.6443890929222107,1.3501561880111694,1.8731476068496704,-2.975772925833675,-0.3368886419359015,-1.8820781756607714,1766201781.696147
0.6470925211906433,1.359328031539917,1.8716402053833008,-2.9763471885657307,-0.33959287238265995,-1.877611211031271,1766201781.7061024
0.6494688987731934,1.368624210357666,1.8703184127807617,-2.9745470757999413,-0.34244092255658526,-1.8831280420625187,1766201781.7061427
0.6524646282196045,1.3782685995101929,1.8686836957931519,-2.9724319482319537,-0.33801930397902785,-1.869708699525977,1766201781.7160635
0.654803454875946,1.3875248432159424,1.8672112226486206,-2.969694758109751,-0.33853451432955933,-1.8676018794245102,1766201781.7261226
0.6570513844490051,1.3969231843948364,1.86550772190094,-2.971576183792678,-0.3395483288842406,-1.863187895591126,1766201781.7361255
0.6592984795570374,1.40646231174469,1.8637733459472656,-2.972523940434633,-0.34284841950976375,-1.8581293023044767,1766201781.746117
0.6613867878913879,1.4159355163574219,1.862061619758606,-2.9709866262259044,-0.343203023626476,-1.8542021097239485,1766201781.7560945
0.6634125709533691,1.4253277778625488,1.8604563474655151,-2.9647094883751537,-0.3420303410621081,-1.8494648284619102,1766201781.756119
0.6653259992599487,1.434861421585083,1.8588194847106934,-2.957887394748472,-0.3413553438177102,-1.8450136988437567,1766201781.7661076
0.6668349504470825,1.4442672729492188,1.8571317195892334,-2.9595893562948357,-0.3485520322688534,-1.8472969022736372,1766201781.776052
0.6684859395027161,1.4536941051483154,1.8554707765579224,-2.954689341924305,-0.34783879796591644,-1.8428938396360317,1766201781.7861373
0.6705715656280518,1.46345853805542,1.8535476922988892,-2.9519874233593444,-0.3454223625805138,-1.8294590402786475,1766201781.7961183
0.6720260381698608,1.4729602336883545,1.8518019914627075,-2.951844306779993,-0.34881667035698033,-1.8229492635051057,1766201781.80613
0.6734550595283508,1.4823328256607056,1.8500303030014038,-2.9489424679095393,-0.34991991317095344,-1.8180130891863582,1766201781.806155
0.6749370098114014,1.4919015169143677,1.8484491109848022,-2.945166657082031,-0.35033550175985195,-1.8115100736268517,1766201781.816017
0.6762204766273499,1.5012280941009521,1.8467379808425903,-2.9433978891264125,-0.35081873268081876,-1.8050418228014165,1766201781.8259962
0.6774184107780457,1.5105489492416382,1.845093846321106,-2.941491478109404,-0.35204336152420806,-1.7976246825197353,1766201781.836061
0.6787062287330627,1.5199556350708008,1.8434944152832031,-2.9395355338243356,-0.3514530632961215,-1.7895822849428937,1766201781.8461118
0.679980456829071,1.5290402173995972,1.8419115543365479,-2.9349006950966774,-0.35075195383577484,-1.7844618002473323,1766201781.8560019
0.6810241341590881,1.5382068157196045,1.840361475944519,-2.9358928904091224,-0.3520056744793463,-1.776641077460955,1766201781.8560402
0.682192862033844,1.5472768545150757,1.8389880657196045,-2.932555118279351,-0.3522312112087626,-1.7693498186024375,1766201781.8660445
0.6832402348518372,1.5562899112701416,1.8377549648284912,-2.927099333062287,-0.35162379350757866,-1.7633512480839404,1766201781.8759885
0.6842740178108215,1.565346598625183,1.836723804473877,-2.924399047634179,-0.3531826456570124,-1.7566597216028919,1766201781.8861473
0.6853455901145935,1.574314832687378,1.8359006643295288,-2.9209834465385103,-0.35417732429088644,-1.7494137067050104,1766201781.8961537
0.6864015460014343,1.583135724067688,1.8352402448654175,-2.9194017426763814,-0.355981688258159,-1.7469436814044539,1766201781.9060986
0.6875479221343994,1.591952919960022,1.8348709344863892,-2.918849175628699,-0.357378241632504,-1.7402075322500046,1766201781.9061506
0.688542902469635,1.6004811525344849,1.834675908088684,-2.919170013633582,-0.3585159014868105,-1.7360445012863277,1766201781.916057
0.6896061301231384,1.6089140176773071,1.8348337411880493,-2.9183466678083967,-0.35836001613067553,-1.7318460095593404,1766201781.9261503
0.6906150579452515,1.6172314882278442,1.8352378606796265,-2.917087037119329,-0.35501442340069633,-1.728761217379587,1766201781.9361308
0.6915414929389954,1.6255394220352173,1.8358062505722046,-2.9177000602732477,-0.3529236252188278,-1.725003802182069,1766201781.946161
0.692546010017395,1.6335794925689697,1.8364883661270142,-2.9183793791375026,-0.35015072738239517,-1.7201596395659673,1766201781.956139
0.6935464143753052,1.641505241394043,1.837365746498108,-2.918364015157161,-0.3464031669225327,-1.718314525660955,1766201781.9561644
0.6944636106491089,1.6492810249328613,1.8382654190063477,-2.914378086690493,-0.34152213297674855,-1.7161071074446912,1766201781.9660957
0.6953593492507935,1.6570485830307007,1.8392659425735474,-2.9131510303103454,-0.3404377835386577,-1.71031982923914,1766201781.9760387
0.6961912512779236,1.6647812128067017,1.8403760194778442,-2.9111826093217035,-0.33575924247654804,-1.708352325151921,1766201781.9861553
0.697047770023346,1.6725029945373535,1.8415461778640747,-2.908798211104293,-0.33278139355440006,-1.7046423700939197,1766201781.9960728
0.6978763937950134,1.6800563335418701,1.8427857160568237,-2.9050807106792993,-0.3296674252225602,-1.7012468166944772,1766201782.0061462
0.6987981200218201,1.6872609853744507,1.843886375427246,-2.8854399638269688,-0.3283466123404611,-1.6945681466716174,1766201782.0061707
0.6997956037521362,1.695275902748108,1.8456321954727173,-2.8955728734103308,-0.3286405951026089,-1.6917139018231477,1766201782.0160615
0.7008195519447327,1.702966570854187,1.8471283912658691,-2.8928269372972433,-0.32823983728165185,-1.6866644734682654,1766201782.0260224
0.7019537687301636,1.7102088928222656,1.8484854698181152,-2.8774689325922624,-0.32952083956226574,-1.6790090791646664,1766201782.036146
0.7032709717750549,1.718167781829834,1.8503929376602173,-2.887967833450578,-0.3308850684031368,-1.6783345799156797,1766201782.0461597
0.7048383951187134,1.7256523370742798,1.8521729707717896,-2.8873290866836,-0.3326268219631909,-1.674069347722292,1766201782.0561101
0.7064038515090942,1.7330862283706665,1.8540043830871582,-2.886676670737435,-0.33384005960152374,-1.6697546057126167,1766201782.056135
0.7081501483917236,1.7404202222824097,1.8558210134506226,-2.8892983211699272,-0.33500453337560704,-1.6668089070458219,1766201782.0661566
0.709891676902771,1.7472326755523682,1.857457160949707,-2.8765728991985746,-0.33564758133375666,-1.659251022466667,1766201782.075985
0.7117632031440735,1.7548210620880127,1.85968017578125,-2.8921076370569265,-0.3355332559875462,-1.66020470905859,1766201782.086149
0.7136549353599548,1.761420488357544,1.8614271879196167,-2.8799776141040683,-0.33559062567477665,-1.6518614616795824,1766201782.0961516
0.7156386971473694,1.76876962184906,1.8635703325271606,-2.8949855584565602,-0.33592737676364426,-1.6525931770568676,1766201782.1060612
0.7175700068473816,1.7756210565567017,1.865410566329956,-2.897568189350381,-0.3360634222673983,-1.6497985951815102,1766201782.106132
0.7197064757347107,1.7820183038711548,1.8669753074645996,-2.886850103158689,-0.33429333819221363,-1.6452544887828653,1766201782.1160343
0.7216236591339111,1.7889786958694458,1.8688435554504395,-2.9039549843228927,-0.33596977568581693,-1.6458779428359784,1766201782.1259882
0.7236467599868774,1.795717477798462,1.8705229759216309,-2.911707596861397,-0.3352323709197309,-1.6451714626521432,1766201782.1360834
0.7257086634635925,1.8021272420883179,1.871973991394043,-2.9153284115681286,-0.3347229475865818,-1.6453521909892788,1766201782.1461744
0.7277361154556274,1.808505892753601,1.8732411861419678,-2.91799586629031,-0.33358768626868107,-1.6449293749537708,1766201782.1560462
0.72995525598526,1.8146100044250488,1.8743692636489868,-2.9097565708823776,-0.3319636641911475,-1.6417066869167796,1766201782.1560714
0.7319962382316589,1.8206111192703247,1.8755383491516113,-2.9101094575232596,-0.3317265548372059,-1.6458115773283908,1766201782.1661754
0.7341395616531372,1.8263925313949585,1.87621009349823,-2.8963729023436553,-0.3309003915813323,-1.6411335028597585,1766201782.1759565
0.7363706827163696,1.8329023122787476,1.8771981000900269,-2.909836302569693,-0.3283864843874618,-1.6419985986587684,1766201782.186157
0.7386517524719238,1.8389253616333008,1.8776201009750366,-2.9166206500561693,-0.3305348871366765,-1.6424701658105672,1766201782.1961339
0.7409290671348572,1.8450531959533691,1.878000259399414,-2.91691387661666,-0.32866041034300636,-1.64039361472973,1766201782.20613
0.7432186007499695,1.851243019104004,1.878419041633606,-2.91683813513603,-0.32820541491449495,-1.6395749270588338,1766201782.216112
0.7455335259437561,1.8576740026474,1.8785284757614136,-2.9177419121116572,-0.3268966270598709,-1.633711832787413,1766201782.2161372
0.7478446364402771,1.8633908033370972,1.878505825996399,-2.9091257771968886,-0.32494613194419203,-1.6349399039774482,1766201782.2261074
0.7503143548965454,1.8695825338363647,1.8785145282745361,-2.9075577874059686,-0.32453027415901353,-1.6342250267500251,1766201782.2360346
0.7529008984565735,1.8760721683502197,1.8783562183380127,-2.9126104277664733,-0.3249684581393668,-1.629472780591787,1766201782.24615
0.7554285526275635,1.882042646408081,1.8782119750976562,-2.911723143160772,-0.3237474273692882,-1.6331877010011384,1766201782.256092
0.7580154538154602,1.8885362148284912,1.87779700756073,-2.9133439793884324,-0.3252388177817514,-1.625060842760781,1766201782.2562199
0.7608686089515686,1.8949085474014282,1.8774489164352417,-2.913572104355952,-0.32493391724524895,-1.6268913710033814,1766201782.2661257
0.7636491656303406,1.9011515378952026,1.877050757408142,-2.9140288662006126,-0.32583929291735386,-1.6274430240433286,1766201782.2759845
0.7665208578109741,1.9074255228042603,1.876590609550476,-2.912971535237977,-0.32699579718848565,-1.6284281847475106,1766201782.2861533
0.7695233821868896,1.9138383865356445,1.8761457204818726,-2.9122026917210535,-0.3256759806248859,-1.629385267946344,1766201782.2961254
0.7724454402923584,1.9200987815856934,1.8755689859390259,-2.9123560167612434,-0.3274503500669773,-1.6292726317825208,1766201782.306144
0.7753528952598572,1.9266000986099243,1.8750067949295044,-2.91659340265095,-0.33027554476559123,-1.6288404470846019,1766201782.3160143
0.7793310880661011,1.9330135583877563,1.8747761249542236,-2.9233761958698365,-0.32879877979380584,-1.6430923194850175,1766201782.3160207
0.7823029160499573,1.938873052597046,1.8745111227035522,-2.9220389413911194,-0.33218093175132574,-1.6541681197675504,1766201782.3260603
0.7855918407440186,1.945171594619751,1.8739222288131714,-2.924011909762751,-0.33206555121272296,-1.656593317899813,1766201782.3360598
0.7886178493499756,1.9513747692108154,1.8732647895812988,-2.927324439518528,-0.33673024963358733,-1.6554828888653805,1766201782.3460603
0.7921100854873657,1.9573547840118408,1.8722875118255615,-2.9243398660041344,-0.3345532297036198,-1.6471804503894563,1766201782.3561356
0.7955957651138306,1.963365912437439,1.871611475944519,-2.922148385332014,-0.3352250066223066,-1.6475868183166515,1766201782.3561609
0.7991561889648438,1.9692987203598022,1.87075674533844,-2.9116703073680865,-0.33685409210266876,-1.6475372700988142,1766201782.3661482
0.8025927543640137,1.9752546548843384,1.8700870275497437,-2.917285496765685,-0.3407097555584898,-1.6488708894479953,1766201782.376159
0.8060598373413086,1.9811699390411377,1.869386076927185,-2.9190075674821996,-0.3421864348371318,-1.6486737318640627,1766201782.3861268
0.8095281720161438,1.9869484901428223,1.8686225414276123,-2.921559977243034,-0.3445675332995569,-1.643837255235617,1766201782.3961647
0.8128210306167603,1.9925305843353271,1.8678580522537231,-2.9206519764781986,-0.3439781395891118,-1.6391953927791427,1766201782.4060917
0.8161783814430237,1.9980710744857788,1.867213249206543,-2.9219844037794696,-0.3429755121279743,-1.6355743030329195,1766201782.4160335
0.8195222616195679,2.003544569015503,1.8666071891784668,-2.9253836943149185,-0.34361081898462664,-1.6270445650328007,1766201782.4160638
0.8226274251937866,2.008877992630005,1.865921139717102,-2.9284585333877815,-0.3434758511146478,-1.617158457926985,1766201782.426072
0.8256841897964478,2.014082908630371,1.8653062582015991,-2.9296318462661044,-0.34273281632665714,-1.604343276547476,1766201782.4361305
0.8287394046783447,2.0193257331848145,1.864833950996399,-2.9338781648759835,-0.3428409821140663,-1.588342458140895,1766201782.4461308
0.831775963306427,2.0243396759033203,1.8642717599868774,-2.938027081824519,-0.3410400819695294,-1.570963422837068,1766201782.4561658
0.8346692323684692,2.0293357372283936,1.8636584281921387,-2.9426672911440477,-0.33927829793170267,-1.5528696199910395,1766201782.4561908
0.8375198245048523,2.034275531768799,1.8631209135055542,-2.947585162019478,-0.33683567714868673,-1.531088402398054,1766201782.4660654
0.8401286602020264,2.039044141769409,1.8625797033309937,-2.953712172944486,-0.3327619695234746,-1.5094599426445936,1766201782.4761467
0.8427337408065796,2.0436668395996094,1.8620421886444092,-2.9572678283294183,-0.32885023324679846,-1.484729029725645,1766201782.486142
0.8452706933021545,2.048280954360962,1.861498236656189,-2.9608688541503168,-0.32510726705635024,-1.4580801801019125,1766201782.4961536
0.8473902344703674,2.0527749061584473,1.8611279726028442,-2.963299214216568,-0.32469242847100954,-1.4379380173598901,1766201782.5061095
0.8496987223625183,2.057213306427002,1.8605889081954956,-2.9682735374942317,-0.32002407435301006,-1.4105724857648234,1766201782.5161371
0.8522299528121948,2.0616960525512695,1.8598167896270752,-2.9726859537187766,-0.3110045491880139,-1.3760056670139538,1766201782.516162
0.8541265726089478,2.0659475326538086,1.8596084117889404,-2.974821586935181,-0.3110825011369684,-1.3522512996254767,1766201782.5260737
0.8562241792678833,2.0703811645507812,1.8591668605804443,-2.973809039556555,-0.30411821116052773,-1.3220774278978298,1766201782.5361185
0.8582165837287903,2.0747592449188232,1.8587918281555176,-2.9771546101203494,-0.300518434703265,-1.2880223937954405,1766201782.5460968
0.8599528074264526,2.0793282985687256,1.8587366342544556,-2.988738351696247,-0.29514238579799995,-1.2591739606076873,1766201782.5561054
0.8618465065956116,2.0835766792297363,1.8584038019180298,-2.9796156194836705,-0.2921431128381038,-1.2241896116787483,1766201782.5561304
0.8634759783744812,2.0880982875823975,1.8584009408950806,-2.973646766625733,-0.2857674266415183,-1.189680120148629,1766201782.5660849
0.8651471138000488,2.092705726623535,1.8584409952163696,-2.969007705804567,-0.2723347004194888,-1.1490213120121975,1766201782.575987
0.8665223121643066,2.0972039699554443,1.858686089515686,-2.9813788450216867,-0.27459730565427604,-1.1169847200169416,1766201782.5861104
0.867536723613739,2.101715326309204,1.859171986579895,-2.966829741481661,-0.2670246513973489,-1.0799060587195228,1766201782.5961607
0.8687294125556946,2.1062870025634766,1.8596826791763306,-2.9530088385806406,-0.26058190866212433,-1.0442815511637893,1766201782.6060905
0.8694536089897156,2.110616683959961,1.8604680299758911,-2.941668246928332,-0.2641468057958553,-1.0141287996805353,1766201782.6061153
0.8711859583854675,2.119295358657837,1.8617948293685913,-2.9368276928426074,-0.2548529933126585,-0.9398860958822125,1766201782.6261473
0.8871465921401978,2.1849300861358643,1.8711363077163696,-3.0253138931876564,-0.2734459778469027,-0.37967439851699736,1766201782.786143
0.8879217505455017,2.18756365776062,1.8715676069259644,-3.0248798819343863,-0.27132474954868013,-0.3519159502478877,1766201782.7961597
0.8886869549751282,2.1901681423187256,1.8720057010650635,-3.02351146562236,-0.2703346545054461,-0.3238563439274488,1766201782.8061655
0.8893213868141174,2.1928529739379883,1.8725522756576538,-3.034982657234965,-0.2693805898660059,-0.29965446875042434,1766201782.8061917
0.8900127410888672,2.1952834129333496,1.8728994131088257,-3.0377241925943266,-0.269006836187521,-0.2735423669794512,1766201782.826106
0.8907976150512695,2.1977901458740234,1.8732874393463135,-3.0399993290369647,-0.26827552892993334,-0.24778611729701625,1766201782.826222
0.891545832157135,2.200083017349243,1.873643159866333,-3.0426113083127473,-0.2682532147869999,-0.22464660874001324,1766201782.836066
0.8921399116516113,2.2021756172180176,1.873884916305542,-3.0417041362461066,-0.26563118430332977,-0.20104589026151257,1766201782.8460507
0.8928753733634949,2.2044413089752197,1.8742579221725464,-3.0431972679667063,-0.26446947842769025,-0.17797247651684986,1766201782.8561325
0.8935500979423523,2.2066047191619873,1.8745579719543457,-3.0436064660372684,-0.26263892861053245,-0.15481393265630133,1766201782.8661401
0.8942010402679443,2.2085633277893066,1.874841332435608,-3.0456713288738646,-0.26314127810798693,-0.13096454406945546,1766201782.8661642
0.8950033783912659,2.210489511489868,1.8750182390213013,-3.047233602513989,-0.2615500476272198,-0.10910248092421691,1766201782.8760636
0.8956736922264099,2.212519645690918,1.87525475025177,-3.047203491377963,-0.26021581960827234,-0.08633237523654781,1766201782.886129
0.896400511264801,2.214498281478882,1.8754671812057495,-3.049144493686523,-0.2576204704841943,-0.06493809000762202,1766201782.896153
0.8970640301704407,2.2164433002471924,1.8755271434783936,-3.049976829842949,-0.25516741567973644,-0.04403199454772849,1766201782.9061499
0.8977971076965332,2.2183055877685547,1.8755955696105957,-3.0518780124613545,-0.2540169032329955,-0.02256094643291307,1766201782.9061766
0.898432731628418,2.2202532291412354,1.875626564025879,-3.0566298174449673,-0.2527125553282286,-0.0028175731489672807,1766201782.9160473
0.8990232944488525,2.222060203552246,1.8755890130996704,-3.0578278098373834,-0.2503394988025129,0.015453940141874473,1766201782.9261212
0.8997717499732971,2.2238385677337646,1.875525951385498,-3.0602269253706003,-0.24802735612223517,0.03542002872816145,1766201782.9361596
0.9002544283866882,2.2253241539001465,1.8754539489746094,-3.060157105833005,-0.24702231502686745,0.054478305788540765,1766201782.946162
0.9008643627166748,2.226942539215088,1.875407338142395,-3.062547240520266,-0.24471606592019957,0.07205813697796648,1766201782.9561286
0.9012904763221741,2.2284064292907715,1.8753770589828491,-3.064721481931189,-0.24247928402684685,0.08824961685322553,1766201782.9561548
0.9017326831817627,2.2298474311828613,1.8754844665527344,-3.0623019748656346,-0.2418815478842948,0.10420054890251704,1766201782.966094
0.9021307826042175,2.231234550476074,1.8755959272384644,-3.0619487808139616,-0.23942214995145655,0.12011410334020871,1766201782.9760532
0.9022597670555115,2.2326042652130127,1.8757814168930054,-3.06232732328161,-0.23864072044325363,0.13399389863741842,1766201782.9861624
0.9024836421012878,2.234100341796875,1.8758735656738281,-3.0636130398000407,-0.23734407241545305,0.14670415169394435,1766201782.9961295
0.9025509357452393,2.2354354858398438,1.875980019569397,-3.066916581520236,-0.23899197929848257,0.15874482639545773,1766201783.006176
0.9028301239013672,2.2366716861724854,1.875973105430603,-3.0710828694865824,-0.23883752783278683,0.169130939969987,1766201783.016152
0.9031581282615662,2.2379262447357178,1.8760582208633423,-3.073263920935886,-0.2388293965590546,0.17861993318959313,1766201783.0161786
0.9033939838409424,2.2389910221099854,1.8761589527130127,-3.0733663418980544,-0.23855058824885722,0.1889719305006244,1766201783.0260825
0.9038248658180237,2.2400805950164795,1.876318335533142,-3.070208068595309,-0.23689637742280437,0.19773178734797814,1766201783.0360527
0.9042206406593323,2.2410380840301514,1.8764454126358032,-3.0652237869746504,-0.23561626914890518,0.20730997867970802,1766201783.0461605
0.9045286178588867,2.2419822216033936,1.876587986946106,-3.0597877210587496,-0.23416793596642702,0.21581520163956247,1766201783.0561633
0.904742419719696,2.2430570125579834,1.8767757415771484,-3.0564184610457255,-0.23293907295037877,0.22378883035853,1766201783.0661497
0.9050639271736145,2.24422287940979,1.8769844770431519,-3.055882925679899,-0.231767852120886,0.23021479603293438,1766201783.0661745
0.9053430557250977,2.245354413986206,1.877276062965393,-3.056188876781812,-0.23071713637382854,0.2363019478661392,1766201783.0760603
0.9054438471794128,2.2465128898620605,1.8774574995040894,-3.057985298341871,-0.228838013097228,0.24293795651394978,1766201783.086083
0.9056270122528076,2.2476346492767334,1.8775569200515747,-3.0535507639555894,-0.22753562887129158,0.24944163982233544,1766201783.0960484
0.9058641791343689,2.2488319873809814,1.8778189420700073,-3.0553171973628026,-0.2276180306114475,0.25423674552319986,1766201783.1060777
0.9060699939727783,2.250009536743164,1.878029465675354,-3.053711685005218,-0.22618042585537707,0.25921280781543277,1766201783.106089
0.9061586260795593,2.251049041748047,1.878173828125,-3.0528209324579647,-0.2254511454886709,0.2633049332113725,1766201783.1160626
0.906296968460083,2.252274751663208,1.878372073173523,-3.052846699570757,-0.2259635306264656,0.26673293409437193,1766201783.1361477
0.906576931476593,2.2536542415618896,1.8786245584487915,-3.051362236078883,-0.2256462550292354,0.2709698086568157,1766201783.136173
0.906684935092926,2.2547333240509033,1.8786840438842773,-3.050955754641735,-0.2229367466763509,0.27424073891752604,1766201783.146174
0.9067960381507874,2.255964517593384,1.8788563013076782,-3.051591939811571,-0.22326138416253957,0.2774896232782917,1766201783.1561508
0.9068207740783691,2.2571070194244385,1.8790431022644043,-3.0523435445227927,-0.22427797461141222,0.2814689676760268,1766201783.156176
0.9070115089416504,2.2584540843963623,1.8792120218276978,-3.0541434595848647,-0.22466159900173818,0.28502122892356474,1766201783.166099
0.9071133732795715,2.2595911026000977,1.879233479499817,-3.054906475744909,-0.22339811401701987,0.2880300473089135,1766201783.1761568
0.9071208834648132,2.2607696056365967,1.8793706893920898,-3.054290659446596,-0.22396718276542404,0.29135798234634475,1766201783.1861372
0.9071187376976013,2.2619569301605225,1.879386305809021,-3.047215633120004,-0.22327535305354101,0.29608535107752715,1766201783.1961412
0.9073746800422668,2.2635090351104736,1.8794203996658325,-3.046507405877674,-0.22218757527714206,0.30018236122009645,1766201783.20615
0.9073719382286072,2.2647430896759033,1.8794845342636108,-3.049265804896645,-0.2231508938814526,0.30068836194935267,1766201783.206176
0.9072318077087402,2.265998601913452,1.8794890642166138,-3.050753107881418,-0.22589184745453147,0.3022660570403508,1766201783.2160957
0.9072206616401672,2.267291307449341,1.8794325590133667,-3.048290624242957,-0.22671519543874766,0.3046609509272201,1766201783.2361548
0.9072728753089905,2.2686843872070312,1.8794622421264648,-3.0482173690434826,-0.2258049980329383,0.30574830300416983,1766201783.236181
0.9072403907775879,2.2699005603790283,1.8794713020324707,-3.048594807224043,-0.22670755545723487,0.307007565303316,1766201783.2461472
0.9072974324226379,2.271505832672119,1.8793023824691772,-3.040419978248963,-0.22659925543081025,0.3083550921659791,1766201783.2560542
0.9071657657623291,2.2728002071380615,1.879319190979004,-3.0450441256706515,-0.22633042167003684,0.3098353097685818,1766201783.2560618
0.9072632193565369,2.2746026515960693,1.8794094324111938,-3.0503985839025263,-0.22820371030629796,0.3076276056353419,1766201783.2661011
0.9071945548057556,2.275864362716675,1.8794077634811401,-3.0532515067929333,-0.22798914100081324,0.3085735597530536,1766201783.2760706
0.9072265625,2.2773754596710205,1.8792848587036133,-3.050219572143416,-0.22704875258178406,0.3085374849113094,1766201783.28616
0.9070916771888733,2.2786900997161865,1.879298210144043,-3.052795628443606,-0.22765672710287616,0.3090076360014553,1766201783.2961051
0.9073491096496582,2.280620813369751,1.8792762756347656,-3.0504782115511673,-0.22805460581160036,0.30851533632191114,1766201783.3061423
0.9072890281677246,2.2818822860717773,1.87921142578125,-3.0509224551717544,-0.2272790954999043,0.30727091622370223,1766201783.3061686
0.9072420001029968,2.283234119415283,1.879225730895996,-3.0551454303050836,-0.22763590479269855,0.3057160657404908,1766201783.316057
0.907143771648407,2.2846786975860596,1.8792681694030762,-3.055647154963445,-0.22793942084259605,0.3038615790149986,1766201783.32614
0.9072114825248718,2.2861692905426025,1.8792381286621094,-3.053101899729691,-0.226638152967181,0.3047395558369905,1766201783.3361444
0.9072950482368469,2.2879016399383545,1.8792868852615356,-3.0585889323634947,-0.22795468330180751,0.30074653503046594,1766201783.346178
0.90716952085495,2.289130926132202,1.8792362213134766,-3.0617151917513583,-0.22794402909930173,0.2976318692839967,1766201783.3561127
0.9072902202606201,2.2905404567718506,1.879163146018982,-3.0588082433905415,-0.22627017788940115,0.29508898898245817,1766201783.3561387
0.9073007702827454,2.2917935848236084,1.879238486289978,-3.0602871402917042,-0.22649266573689025,0.2930733554546356,1766201783.3661191
0.9073516726493835,2.293165922164917,1.879343867301941,-3.064067579371528,-0.22703946057962665,0.28933515936958437,1766201783.376157
0.9073586463928223,2.294365167617798,1.8793514966964722,-3.0649118441796146,-0.226697649044199,0.28776693699867223,1766201783.386101
0.9073736667633057,2.2955989837646484,1.8792396783828735,-3.061804065705859,-0.22556803831803598,0.28415085564573067,1766201783.3961437
0.9074699282646179,2.296799898147583,1.8792718648910522,-3.0634398758216776,-0.22645357376644806,0.28184118814654263,1766201783.4061391
0.9075497984886169,2.298020601272583,1.8793545961380005,-3.0644321856581165,-0.22623782037303153,0.2793724623472563,1766201783.406219
0.9075712561607361,2.299057722091675,1.879408836364746,-3.0676823516819143,-0.22613883571447496,0.2757800660123382,1766201783.4160922
0.9076690077781677,2.3000152111053467,1.8793669939041138,-3.066128811922653,-0.22516308319107076,0.2734800877763094,1766201783.4261615
0.9077427983283997,2.301013946533203,1.879323124885559,-3.0665847154977097,-0.22494414206598648,0.2701738486537907,1766201783.4361532
0.9078254699707031,2.301936149597168,1.8793662786483765,-3.0677933496001843,-0.22562856969323106,0.26641178128867954,1766201783.4461207
0.9078578352928162,2.3028907775878906,1.879428744316101,-3.067073172274046,-0.2255449825203957,0.263543326225698,1766201783.4561405
0.907981812953949,2.3039419651031494,1.8794702291488647,-3.0668262382897704,-0.2251905198690177,0.2606294191183858,1766201783.4561663
0.9081147313117981,2.30488657951355,1.8794609308242798,-3.064312968717574,-0.22457540538891693,0.25750119467676125,1766201783.4660795
0.9080780148506165,2.305760383605957,1.879510521888733,-3.066243342648737,-0.2240339356069423,0.2537492589795268,1766201783.4760306
0.9081261157989502,2.306586980819702,1.879581093788147,-3.0668960098013165,-0.2232267197866059,0.2507011127222461,1766201783.4861398
0.9081681370735168,2.3074960708618164,1.8795870542526245,-3.067067299249613,-0.22261149981065634,0.24630954128872207,1766201783.496153
0.9081501960754395,2.308448076248169,1.8795944452285767,-3.0670465966785945,-0.22235276431601797,0.24247632251102247,1766201783.5061352
0.9082055687904358,2.309361696243286,1.8795844316482544,-3.0656799468354654,-0.22267620763941162,0.238701941254279,1766201783.506162
0.9082179069519043,2.310359239578247,1.8796590566635132,-3.067530570582413,-0.2232729996854508,0.2339755620134028,1766201783.5161552
0.908203125,2.31124210357666,1.8796882629394531,-3.0685280121758933,-0.224091554462428,0.2311507633902576,1766201783.5261695
0.9081915020942688,2.3120882511138916,1.8796701431274414,-3.068883506996262,-0.22428843272083818,0.2274161918062119,1766201783.5461466
0.9081966876983643,2.312971830368042,1.8796616792678833,-3.0686036121324283,-0.22428303317898085,0.22294554289224122,1766201783.546173
0.9081971049308777,2.3137998580932617,1.8796416521072388,-3.0692163597407998,-0.22313600043036164,0.21860586834410395,1766201783.5560606
0.9081611037254333,2.3146495819091797,1.8797181844711304,-3.069285986497776,-0.2232443908810542,0.21519005838666702,1766201783.5560668
0.9081502556800842,2.3155038356781006,1.8797696828842163,-3.069655745059896,-0.22335869568018016,0.21114428412303682,1766201783.5661433
0.9081061482429504,2.3163564205169678,1.8798080682754517,-3.0708080597661374,-0.2236551234319134,0.20636482224492836,1766201783.576122
0.9080399870872498,2.317171335220337,1.8797632455825806,-3.0717017934681583,-0.22482066978322907,0.20309408228710338,1766201783.586151
0.908037006855011,2.3179986476898193,1.8797979354858398,-3.072299198803376,-0.22425713202726924,0.19843182280142374,1766201783.5961542
0.9079854488372803,2.3187453746795654,1.879796028137207,-3.0711741953258302,-0.22394009452005426,0.1947363372824389,1766201783.6061423
0.9078671336174011,2.319397211074829,1.8798069953918457,-3.0703223566103994,-0.22283543561327449,0.19128918907347797,1766201783.6061695
0.9077494144439697,2.3200912475585938,1.8797804117202759,-3.0698670022875816,-0.22237898179034749,0.1871942809756565,1766201783.616079
0.9077349305152893,2.320772171020508,1.8797873258590698,-3.069464206474109,-0.2221868718902516,0.18360282722635915,1766201783.6261592
0.9076316952705383,2.321399450302124,1.8797699213027954,-3.0709024489370114,-0.22239915932923138,0.1804583735956636,1766201783.63609
0.9075955748558044,2.3220369815826416,1.8797597885131836,-3.070725775046326,-0.22268143697141438,0.17726193426278905,1766201783.6461463
0.9076099395751953,2.3226301670074463,1.879742980003357,-3.0722053971288696,-0.2229410138812965,0.17545311289760548,1766201783.6561441
0.9075648188591003,2.323209285736084,1.8797801733016968,-3.072465823643762,-0.22320550748819284,0.17185592209056752,1766201783.65617
0.9075668454170227,2.323803424835205,1.8797942399978638,-3.072590176098148,-0.22341543598087776,0.16943955317046047,1766201783.6660867
0.9074892997741699,2.3243417739868164,1.8797330856323242,-3.073469831750228,-0.22394597695431795,0.1666477699210511,1766201783.6761563
0.907484769821167,2.3248517513275146,1.8797035217285156,-3.0728174543657762,-0.22339241177751926,0.16427194853017635,1766201783.686141
0.9073494076728821,2.3253440856933594,1.8797101974487305,-3.071454835856152,-0.22251572233325376,0.16121678876621992,1766201783.6961384
0.9072668552398682,2.325843095779419,1.879672646522522,-3.0711700823423365,-0.22246021040063185,0.15803081750635262,1766201783.7061565
0.9071956276893616,2.326281785964966,1.8796360492706299,-3.0709018682995253,-0.2226723431950779,0.15528778629143153,1766201783.706183
0.9071547985076904,2.3266713619232178,1.8795970678329468,-3.0706811211716922,-0.22240295757398032,0.1527602301236262,1766201783.7160604
0.9071131348609924,2.327075242996216,1.8795493841171265,-3.071523427897571,-0.22294979039082305,0.1509685004824954,1766201783.7261481
0.9070640206336975,2.327505588531494,1.8794925212860107,-3.0729318124688456,-0.2236119054190066,0.14848438605435157,1766201783.7361627
0.9069797396659851,2.327868938446045,1.8794397115707397,-3.0746701330214634,-0.22424597908144966,0.145992544232127,1766201783.746148
0.9068999886512756,2.3281807899475098,1.8793739080429077,-3.07447878164813,-0.224931241638636,0.1442649369041982,1766201783.75614
0.9067975878715515,2.3285129070281982,1.879347562789917,-3.0748519560296175,-0.22577064520380827,0.14124863390700926,1766201783.7561653
0.9066638350486755,2.3288135528564453,1.8792610168457031,-3.0747716870766792,-0.22671223791318743,0.1387989722293453,1766201783.7660878
0.9065224528312683,2.329087495803833,1.8792059421539307,-3.0748618406667365,-0.2265165187327419,0.1367860054689042,1766201783.7761524
0.9064220786094666,2.3293373584747314,1.879170298576355,-3.0741507324826007,-0.22674686693874146,0.13470473761924812,1766201783.7861412
0.9062893986701965,2.3295669555664062,1.8791266679763794,-3.0735151209660416,-0.22668603559021488,0.13395428459793346,1766201783.796148
0.906238853931427,2.3298072814941406,1.8790909051895142,-3.073230161504145,-0.22705320806637247,0.13200653006186658,1766201783.806122
0.9061183929443359,2.3300163745880127,1.8790260553359985,-3.072450410857404,-0.22717023441672873,0.1307685226726365,1766201783.8161373
0.905998706817627,2.330247640609741,1.8789952993392944,-3.072676328694263,-0.22797034547951542,0.12911910921270067,1766201783.8161628
0.9059224128723145,2.330476760864258,1.8789559602737427,-3.072837427325045,-0.22860410176487808,0.12807359965682485,1766201783.8267918
0.905839204788208,2.330665349960327,1.878911018371582,-3.0728645444022202,-0.22869362177033145,0.1266584794843586,1766201783.8359869
0.9057309627532959,2.3308680057525635,1.878867506980896,-3.072216195651247,-0.22960114892095534,0.12559936895441845,1766201783.8460925
0.9056224226951599,2.331044912338257,1.878840446472168,-3.0736659740325836,-0.22991023422329945,0.12377099909985659,1766201783.85601
0.9055370688438416,2.331193208694458,1.8787647485733032,-3.0716765456842468,-0.23011082241464284,0.12211144459347814,1766201783.8560467
0.9054503440856934,2.3312981128692627,1.8787215948104858,-3.072400153197232,-0.23020878985614632,0.12111191591741627,1766201783.866033
0.9053706526756287,2.331388235092163,1.878663420677185,-3.072567563590766,-0.23073311817985911,0.11994746425024803,1766201783.876004
0.9052712917327881,2.331458330154419,1.878623604774475,-3.072888628083835,-0.23075090286579536,0.11891738465563087,1766201783.8861072
0.9051788449287415,2.331528425216675,1.8786039352416992,-3.0725749900132575,-0.2315610005840906,0.11744443706946071,1766201783.8961604
0.9050658345222473,2.3315274715423584,1.8785754442214966,-3.0727004053326374,-0.2320046953880296,0.11679965212067737,1766201783.9061391
0.9049591422080994,2.3315236568450928,1.8785151243209839,-3.071943927100337,-0.23213670226501248,0.11571920144885388,1766201783.9061651
0.9048593640327454,2.331488609313965,1.8784834146499634,-3.0729732750459364,-0.23367380801211637,0.11547856579081771,1766201783.9160686
0.9047174453735352,2.3314876556396484,1.878458023071289,-3.0718278378231276,-0.2335756174889349,0.11438832021558731,1766201783.9261127
0.9045869708061218,2.3314402103424072,1.8784112930297852,-3.0724266028372917,-0.2346333201068881,0.11373673091809099,1766201783.9360607
0.9044790267944336,2.3313958644866943,1.8783917427062988,-3.072232357963632,-0.2357550407816833,0.11318371803712904,1766201783.9461446
0.904339075088501,2.3313095569610596,1.878355622291565,-3.0704799174747928,-0.23541752124647003,0.11262825253495498,1766201783.9561334
0.9042085409164429,2.331233501434326,1.878308892250061,-3.070207671033695,-0.23657488521373185,0.11246369070204529,1766201783.9661534
0.9040824770927429,2.3311424255371094,1.8782761096954346,-3.0704289820740067,-0.23756544628186224,0.11171080413996691,1766201783.9661777
0.9039570093154907,2.3310749530792236,1.8782464265823364,-3.0698106494479163,-0.23770427330860647,0.11086251553089972,1766201783.976092
0.903803825378418,2.3309884071350098,1.8782002925872803,-3.0695579816762493,-0.2381697457346197,0.11015507620503309,1766201783.9861405
0.9037003517150879,2.3309168815612793,1.8781681060791016,-3.068585188589828,-0.23880391859258374,0.10923376005373077,1766201783.9961486
0.9035622477531433,2.3308465480804443,1.8781280517578125,-3.0684197148034165,-0.23937463894558347,0.1085689047028334,1766201784.006115
0.9034428596496582,2.330782890319824,1.8780609369277954,-3.0678562697475407,-0.23957428806735714,0.10803918664436278,1766201784.01616
0.9033454060554504,2.3307557106018066,1.8780173063278198,-3.067306918445728,-0.23988105792121814,0.10711194472861156,1766201784.0161855
0.9032144546508789,2.3307344913482666,1.8779706954956055,-3.067077007800342,-0.24085204110319286,0.10618533953814144,1766201784.0260868
0.9031392931938171,2.3307268619537354,1.8779634237289429,-3.067039317067505,-0.2410788781909303,0.1057148299955579,1766201784.0360436
0.9029913544654846,2.330732822418213,1.877898931503296,-3.0669215168748614,-0.24160428062834755,0.10442342272778293,1766201784.0461452
0.9029046297073364,2.330801486968994,1.8778443336486816,-3.0666832122780674,-0.24231342111001652,0.10401279622689114,1766201784.056133
0.9027824401855469,2.3308448791503906,1.8778048753738403,-3.0669364658096874,-0.2427126601693851,0.10334251549921923,1766201784.056158
0.902716338634491,2.330929756164551,1.8777542114257812,-3.0670606178291497,-0.2432676072728261,0.10263932778702324,1766201784.066017
0.9025925397872925,2.3309988975524902,1.877698540687561,-3.0674842303271834,-0.24385741543645395,0.10165284312188087,1766201784.0761647
0.9024974703788757,2.33113431930542,1.8776665925979614,-3.0681065229504525,-0.2441089484629367,0.1011234088403604,1766201784.0860534
0.90239018201828,2.3312277793884277,1.8775955438613892,-3.068364839297112,-0.24383141742733364,0.10062192321192884,1766201784.0960934
0.9023309946060181,2.3313772678375244,1.8775814771652222,-3.0687074257696607,-0.24448941763553075,0.10024175204683676,1766201784.1061668
0.9022247195243835,2.3315036296844482,1.8775273561477661,-3.068930800698954,-0.24436651649995375,0.0994338562293628,1766201784.1061928
0.9021592140197754,2.3316454887390137,1.877492904663086,-3.0692424700942715,-0.24458932891968638,0.09954167155888495,1766201784.1160188
0.9020676612854004,2.331777811050415,1.8774328231811523,-3.069738099795768,-0.2447410537230179,0.09888914673615196,1766201784.1261454
0.9019958972930908,2.331913709640503,1.877402424812317,-3.0688983479159844,-0.24487547716110974,0.09843374751285489,1766201784.136147
0.9019563794136047,2.332038640975952,1.8773651123046875,-3.0696533791878036,-0.24504638976333518,0.09816070479192332,1766201784.1461713
0.90190190076828,2.332171678543091,1.8773393630981445,-3.0686997804709155,-0.24524129508004552,0.09773605748279136,1766201784.1560905
0.9018538594245911,2.332320213317871,1.8773263692855835,-3.0698340993167292,-0.2457111945276493,0.09787833945166072,1766201784.1561155
0.9017922282218933,2.3324270248413086,1.877308964729309,-3.0690076346028725,-0.24589757513399646,0.09730777520385157,1766201784.1661339
0.9017041325569153,2.3325538635253906,1.8772506713867188,-3.0686378722732055,-0.24608552411854992,0.09733800064579777,1766201784.1761506
0.9016859531402588,2.3327064514160156,1.8772486448287964,-3.06875860352934,-0.24617597011560652,0.09699763973297895,1766201784.1861744
0.9016010165214539,2.332810640335083,1.8772249221801758,-3.0690905596750966,-0.2467609738531922,0.09678819266212038,1766201784.1960979
0.9015254974365234,2.3329410552978516,1.8771753311157227,-3.06750135755923,-0.24645672017881323,0.09622820723730444,1766201784.2061503
0.9014525413513184,2.3330671787261963,1.8771390914916992,-3.067680242591208,-0.24675846271875418,0.09575430007619075,1766201784.2061768
0.9013946652412415,2.3332083225250244,1.8771095275878906,-3.0682546528319197,-0.24677828589053968,0.09534254903053987,1766201784.2160733
0.901339590549469,2.3333568572998047,1.8770850896835327,-3.068156219296846,-0.24693062463087095,0.09537230958127672,1766201784.226115
0.9012894034385681,2.333484411239624,1.8770588636398315,-3.068359479930928,-0.24719398175908713,0.09511427109540956,1766201784.2361543
0.9012523889541626,2.3336141109466553,1.8770325183868408,-3.0676045034399073,-0.24713637869129534,0.09437760635534724,1766201784.2461524
0.9012506604194641,2.3337862491607666,1.8770666122436523,-3.067894288019321,-0.24713156625691324,0.09409382000754891,1766201784.2561026
0.9012179374694824,2.3339507579803467,1.8770636320114136,-3.068695888523069,-0.24754930305481948,0.09356765746789021,1766201784.2561276
0.9011739492416382,2.3341052532196045,1.8770852088928223,-3.068426691007954,-0.24748041297798282,0.09268423984189762,1766201784.2661076
0.901167631149292,2.334263801574707,1.8771002292633057,-3.0684463949990484,-0.24733377833304332,0.0922724959239836,1766201784.276153
0.9011407494544983,2.3344364166259766,1.8771603107452393,-3.0677788303931064,-0.24663277420805235,0.09153010159379969,1766201784.2861195
0.9011406898498535,2.334672212600708,1.8771874904632568,-3.0669239354794686,-0.24611828003671254,0.09075989045599943,1766201784.2961411
0.9011362791061401,2.334841251373291,1.8772094249725342,-3.0673402579768765,-0.24599982994056485,0.09027364238532387,1766201784.3061569
0.901140034198761,2.3350582122802734,1.8772660493850708,-3.0666161739280797,-0.24538221465090668,0.08942728208802897,1766201784.3061826
0.9011568427085876,2.3353450298309326,1.8772944211959839,-3.0664578382686205,-0.24468787094660258,0.08933581758474622,1766201784.3160977
0.9011645317077637,2.335611581802368,1.8773237466812134,-3.0670491935934843,-0.24466321649997932,0.08839563131591525,1766201784.3260894
0.9011920094490051,2.335925817489624,1.8773407936096191,-3.067238677395326,-0.24439415517628674,0.08813662739871694,1766201784.3361473
0.9011791348457336,2.3362319469451904,1.87736177444458,-3.0669185874619567,-0.24410024751990178,0.0878145496542114,1766201784.3461392
0.9012380242347717,2.33660626411438,1.8773893117904663,-3.0666681044091004,-0.2438804837130431,0.0871545063153039,1766201784.3561532
0.9012673497200012,2.3369414806365967,1.877414345741272,-3.067243901456323,-0.24359496352243853,0.08616261812068945,1766201784.3661573
0.901308536529541,2.3373517990112305,1.8774162530899048,-3.068288705482974,-0.24410013501509825,0.08562452089094691,1766201784.3661819
0.9013210535049438,2.33777117729187,1.8774617910385132,-3.0681310912130897,-0.24396528546557728,0.08551940878745774,1766201784.3760598
0.9013590812683105,2.3382315635681152,1.8775007724761963,-3.069203497135626,-0.24424649450051028,0.08510046040269097,1766201784.3860672
0.9013773202896118,2.3386454582214355,1.8775217533111572,-3.070119765764013,-0.24413847994131668,0.08485464647932525,1766201784.3961477
0.9014115929603577,2.339088201522827,1.8775402307510376,-3.0711572218315593,-0.24434026055503055,0.08431638575731198,1766201784.4061184
0.9013708233833313,2.3396060466766357,1.8775544166564941,-3.0724593516844347,-0.2442241828959451,0.08322525261279592,1766201784.4061444
0.9014059901237488,2.3401107788085938,1.8775501251220703,-3.0737533804124113,-0.2438308311397855,0.08233673443938463,1766201784.4160626
0.9013609886169434,2.340614080429077,1.8775686025619507,-3.073560045897082,-0.2428806309552775,0.0818253837495952,1766201784.4261813
0.901350200176239,2.341150999069214,1.8775960206985474,-3.072010211147739,-0.24193949630771536,0.08093971624511018,1766201784.436133
0.9013025164604187,2.341614007949829,1.8776264190673828,-3.0715113048379408,-0.24134921168515788,0.08035922296331112,1766201784.446145
0.9013226628303528,2.3421807289123535,1.8775898218154907,-3.0701021180814454,-0.24064113657343747,0.07953630544012902,1766201784.4561484
0.9013509750366211,2.342714309692383,1.8775564432144165,-3.070548448753299,-0.2404402487161396,0.07950170191110634,1766201784.4661307
0.9013950824737549,2.3433079719543457,1.8775049448013306,-3.0726664194563957,-0.2406092888924423,0.07888087391015457,1766201784.466155
0.9014229774475098,2.343876600265503,1.877495288848877,-3.0739985343887204,-0.2412219034982491,0.07836358265741805,1766201784.4760973
0.9014138579368591,2.3444550037384033,1.8774819374084473,-3.0764943690812627,-0.2414103769177605,0.07797474791531714,1766201784.486126
0.9013673067092896,2.3450021743774414,1.8774664402008057,-3.0769917917688767,-0.24102196647174004,0.07670901122580816,1766201784.4961433
0.9013776183128357,2.3456082344055176,1.8774770498275757,-3.078156588297389,-0.24127701972881554,0.07540323940811071,1766201784.5061712
0.9013938307762146,2.346219778060913,1.8775272369384766,-3.078158672980981,-0.2407517819499662,0.07436073279891245,1766201784.5161345
0.901380717754364,2.3468828201293945,1.8775807619094849,-3.077689630649173,-0.24039968313566112,0.0732125720318298,1766201784.5161736
0.9013615250587463,2.3475325107574463,1.8775675296783447,-3.0772786045452043,-0.23957698077452477,0.07319328078559795,1766201784.526131
0.9013033509254456,2.3481361865997314,1.8775254487991333,-3.0776454065040517,-0.23938210276651706,0.07238032129305708,1766201784.5360596
0.9013047218322754,2.348769426345825,1.8775442838668823,-3.0771832538339865,-0.2386653136772521,0.0720023213594326,1766201784.5461442
0.901311457157135,2.3494527339935303,1.8775728940963745,-3.077430313096768,-0.2388666224722744,0.07179495815573696,1766201784.5561478
0.9013016819953918,2.3500893115997314,1.8775389194488525,-3.0792405976887123,-0.23929853295941214,0.07120078045571253,1766201784.5661628
0.901233434677124,2.350705146789551,1.8775062561035156,-3.080519146311205,-0.2398057839228999,0.07025010454643665,1766201784.5661886
0.9011827707290649,2.3513214588165283,1.8774497509002686,-3.0814589633678886,-0.24034369497662617,0.06864069297628171,1766201784.5760944
0.9011664390563965,2.3519327640533447,1.877413034439087,-3.082535326576201,-0.24047416138400057,0.0677718767902888,1766201784.586151
0.9011361598968506,2.352536201477051,1.877382755279541,-3.0837529041515266,-0.2407319109643107,0.06658250586717576,1766201784.5961487
0.9011440873146057,2.353149890899658,1.8774008750915527,-3.083369081520256,-0.2399379045324275,0.06617439733581569,1766201784.6061347
0.9011070728302002,2.3536927700042725,1.8773621320724487,-3.0835614548236183,-0.239033783631424,0.06616207728861964,1766201784.6061602
0.9010685086250305,2.3542492389678955,1.8773679733276367,-3.0827072750343967,-0.2388529972375692,0.0654773561613478,1766201784.6160634
0.9010090231895447,2.354840040206909,1.8773545026779175,-3.084297827794454,-0.23888599150223258,0.0646636790255804,1766201784.626063
0.9010005593299866,2.3554508686065674,1.8773373365402222,-3.0851447362122455,-0.23965694732164544,0.06423655679093357,1766201784.6361592
0.900976836681366,2.3560378551483154,1.8773468732833862,-3.085706061625411,-0.23973675929716234,0.0634321018739054,1766201784.6461573
0.9008845090866089,2.356605291366577,1.8772801160812378,-3.086458068598418,-0.23991905443257044,0.06323052720247886,1766201784.6561356
0.9009019732475281,2.3571689128875732,1.8772512674331665,-3.086976792212756,-0.23998787168344535,0.06338792381147562,1766201784.6561606
0.900871753692627,2.3577229976654053,1.877209186553955,-3.088527642341255,-0.24050086882012622,0.06379007713110312,1766201784.6661594
0.9008699059486389,2.358243703842163,1.877151608467102,-3.088793521624035,-0.24056000336811895,0.06323441472787684,1766201784.6760798
0.9008209705352783,2.3587589263916016,1.8770955801010132,-3.0884461170310424,-0.2404292145101927,0.06252191151428085,1766201784.6861436
0.9007871747016907,2.3593122959136963,1.8770594596862793,-3.0886580763758715,-0.2398851766193407,0.062017932827702474,1766201784.6961367
0.900745689868927,2.359786033630371,1.8770012855529785,-3.088748539869279,-0.2399098959285167,0.06204464892118234,1766201784.7061448
0.9006907343864441,2.3602917194366455,1.8769468069076538,-3.0878222277968184,-0.23949329534524844,0.06215451916637398,1766201784.7061706
0.9006125330924988,2.360764741897583,1.8769432306289673,-3.0883922312561256,-0.23952549452756927,0.061837193022851566,1766201784.71607
0.9005861282348633,2.361227512359619,1.8769034147262573,-3.0891421853894476,-0.23942517027796933,0.06178107593448255,1766201784.7261598
0.9005377292633057,2.361691474914551,1.8768619298934937,-3.0906343613014147,-0.23929536576203872,0.061942431609293004,1766201784.7361522
0.9005140066146851,2.3621323108673096,1.8768665790557861,-3.091496876043981,-0.23987620895326536,0.06234299408044506,1766201784.7461827
0.9005386233329773,2.3625495433807373,1.876869797706604,-3.092341111213144,-0.2402413784743302,0.06303072684668763,1766201784.755984
0.9005279541015625,2.3629703521728516,1.8768409490585327,-3.0927845569103725,-0.24033644849730648,0.06409034725767139,1766201784.7560136
0.9005210995674133,2.3633549213409424,1.8767927885055542,-3.092395074055777,-0.24029331437719914,0.06449786635511218,1766201784.766139
0.9005262851715088,2.363734483718872,1.876723289489746,-3.093205378555165,-0.2412148261043767,0.06512952822569927,1766201784.7761536
0.9005126953125,2.36407208442688,1.8766626119613647,-3.0938030728548394,-0.2409682705623833,0.06591856851588682,1766201784.7861664
0.9005119204521179,2.3643782138824463,1.876619577407837,-3.094130051512449,-0.24089812941567879,0.06685961263021889,1766201784.7960892
0.9005056619644165,2.3646440505981445,1.8765686750411987,-3.0940666996745643,-0.24014408618450664,0.06808280470749345,1766201784.8061137
0.9004879593849182,2.3648598194122314,1.8765408992767334,-3.0948070955490063,-0.2400138831221352,0.06968081642691368,1766201784.8061209
0.9005155563354492,2.3650388717651367,1.87651526927948,-3.0953563582707697,-0.239617785523901,0.07236855236654473,1766201784.816106
0.900518000125885,2.3652114868164062,1.8765439987182617,-3.094282787520357,-0.23887984327205206,0.0747801603464024,1766201784.8260612
0.9005191326141357,2.3652732372283936,1.8765869140625,-3.0944795937126877,-0.23820899052863817,0.07847827570516343,1766201784.8360574
0.9005363583564758,2.3653297424316406,1.8766660690307617,-3.0952505089573035,-0.2382899290499901,0.08237338737920512,1766201784.8460948
0.9005363583564758,2.3653197288513184,1.8767608404159546,-3.0953909884972237,-0.23804759416117346,0.08692061463047485,1766201784.8561516
0.9005661606788635,2.365286350250244,1.8768397569656372,-3.0956968444661146,-0.23745763561974859,0.09160559214300402,1766201784.8561769
0.9006190299987793,2.365222215652466,1.8769235610961914,-3.09477919746702,-0.23695638230045185,0.09645105468653374,1766201784.8760536
0.9007061123847961,2.36509108543396,1.876991629600525,-3.09583327248781,-0.23706886272197603,0.10145564399552913,1766201784.8760622
0.9007949829101562,2.365000009536743,1.877049446105957,-3.094789947530984,-0.23659570353429568,0.1063998264452976,1766201784.8860776
0.9008535742759705,2.364870309829712,1.8770676851272583,-3.0942339074046377,-0.23609437928263732,0.1107884955902261,1766201784.896151
0.9009099006652832,2.364809036254883,1.8771616220474243,-3.0948995015314797,-0.23588533267842307,0.11509950191985657,1766201784.906142
0.9009742736816406,2.364708662033081,1.8771833181381226,-3.09613670124292,-0.23601667381122468,0.1190526152429495,1766201784.9061682
0.9010806679725647,2.3646042346954346,1.877233862876892,-3.096057681072702,-0.2357234811840243,0.12293095960314548,1766201784.9160972
0.9011923670768738,2.364488363265991,1.8772445917129517,-3.094759120329247,-0.23524301051024077,0.1275323121638244,1766201784.9261622
0.9012877345085144,2.3643903732299805,1.8772541284561157,-3.094561994195129,-0.2351768220741116,0.13135539282823236,1766201784.9361336
0.9014444947242737,2.3642630577087402,1.8772495985031128,-3.0935936116511704,-0.23416265411496728,0.1353483914360491,1766201784.9461036
0.9016090631484985,2.3641817569732666,1.8772718906402588,-3.093165525260689,-0.23435616874189966,0.14006274534316188,1766201784.9560874
0.9017656445503235,2.364093780517578,1.8772892951965332,-3.09294256072529,-0.2341550008424118,0.14338816420009712,1766201784.956113
0.9019472002983093,2.3639450073242188,1.8772974014282227,-3.093298598705497,-0.23383667946714878,0.14716428671512838,1766201784.9760337
0.9021950364112854,2.363818645477295,1.8773339986801147,-3.0928522468583726,-0.23325802845063423,0.1516558016437666,1766201784.9760418
0.9024766087532043,2.363621711730957,1.8773685693740845,-3.0946018392275936,-0.2333873387879077,0.15638709446552154,1766201784.9861495
0.9028094410896301,2.3634369373321533,1.8773908615112305,-3.095014607270266,-0.23326112645446992,0.16110202929118875,1766201784.9961557
0.9031562209129333,2.363229751586914,1.8774404525756836,-3.094788165346877,-0.23236658034785196,0.16665993382831956,1766201785.0061433
0.9034762382507324,2.362989664077759,1.8775156736373901,-3.0953904475709133,-0.23159052705880742,0.17186471665069192,1766201785.01615
0.9038498997688293,2.362769842147827,1.8775743246078491,-3.0947012404000875,-0.23021080066396546,0.17699808035098594,1766201785.0161748
0.9042670726776123,2.362518310546875,1.8776060342788696,-3.094553599958331,-0.2291039830899014,0.18279365018736343,1766201785.0261405
0.9047676920890808,2.36217999458313,1.877659797668457,-3.094610868049323,-0.2275939968830733,0.18945651931978771,1766201785.0360527
0.9053184986114502,2.361760377883911,1.877738356590271,-3.0966134587619516,-0.22714055344050327,0.19627532308642537,1766201785.046098
0.9058964848518372,2.3613929748535156,1.877832293510437,-3.0984906722516867,-0.226361074399502,0.20328748508524278,1766201785.0561357
0.9065241813659668,2.360991954803467,1.877872109413147,-3.096975956349126,-0.2249221515727778,0.21043659923266447,1766201785.0561604
0.9072127938270569,2.360549211502075,1.87790048122406,-3.0976442469798453,-0.2235690600516119,0.21770089554042904,1766201785.066082
0.9080271124839783,2.3599603176116943,1.8779194355010986,-3.0973637696416207,-0.22195410188108708,0.22584333911854615,1766201785.0760264
0.9088690876960754,2.359426259994507,1.8780072927474976,-3.0958104289305584,-0.21845847785220573,0.23314165885045032,1766201785.0861483
0.9097166061401367,2.3588953018188477,1.8780838251113892,-3.096579121240936,-0.21691905282488397,0.24019533396929355,1766201785.0961516
0.9106879830360413,2.3583261966705322,1.878106951713562,-3.096851672816341,-0.21620758341837681,0.24862154118669483,1766201785.106158
0.9116017818450928,2.357761859893799,1.8781715631484985,-3.0965772210532636,-0.21423399868612164,0.25639920396420185,1766201785.1161587
0.9125967621803284,2.3570809364318848,1.8781696557998657,-3.0962438227901052,-0.21261854304760022,0.26441796396111616,1766201785.1161833
0.9136547446250916,2.3564348220825195,1.8782187700271606,-3.0965752967236586,-0.21114170156688156,0.2711943526137593,1766201785.1261544
0.9147009253501892,2.355841875076294,1.878335952758789,-3.095174017902799,-0.2091187168153208,0.2788841478365157,1766201785.1360958
0.9157987236976624,2.3552160263061523,1.87839937210083,-3.092473362224278,-0.20712500752227017,0.28703653414724434,1766201785.1461673
0.9168916344642639,2.3546340465545654,1.8784681558609009,-3.092041009231596,-0.20451391760792018,0.29321841490705336,1766201785.156111
0.9181113243103027,2.3539586067199707,1.8785581588745117,-3.094022405699722,-0.20372759360404757,0.3005861210147962,1766201785.1661375
0.9191719889640808,2.3532800674438477,1.8786873817443848,-3.095063704409552,-0.2023465764738568,0.3079375047035706,1766201785.1661625
0.9203953146934509,2.3526511192321777,1.8788362741470337,-3.0934874576805074,-0.200697282794638,0.3155801347572879,1766201785.1761029
0.9216166734695435,2.351975679397583,1.8790141344070435,-3.0946592679756915,-0.1983521687164328,0.3217510036468954,1766201785.1861577
0.922947108745575,2.3513472080230713,1.8792394399642944,-3.0945921943144064,-0.19658724744772257,0.32941676373107637,1766201785.1961548
0.924294114112854,2.3507041931152344,1.8794419765472412,-3.09234614620168,-0.19510287488627184,0.33729962305417577,1766201785.2061336
0.9257243275642395,2.350038766860962,1.8796757459640503,-3.0938697348425497,-0.19502971192031723,0.34318765362743126,1766201785.216141
0.927139163017273,2.349363327026367,1.8799792528152466,-3.0969673368497976,-0.19515971503189966,0.35049520438898785,1766201785.216166
0.9285982251167297,2.348656177520752,1.8802604675292969,-3.096337716422594,-0.1932392720874299,0.35711375525390404,1766201785.226148
0.9301394820213318,2.347881555557251,1.8805404901504517,-3.0949257754660073,-0.19094161505383478,0.363053484388505,1766201785.2361503
0.9317666888237,2.3471567630767822,1.8807916641235352,-3.0949354667583635,-0.1904555407430445,0.3709177100360916,1766201785.2461383
0.9335140585899353,2.346435546875,1.8810251951217651,-3.0933725545334405,-0.18855299938305436,0.3763721207699937,1766201785.2561533
0.9352130889892578,2.3457326889038086,1.8812850713729858,-3.0917994121245065,-0.18767380175781667,0.38284686778153804,1766201785.2562752
0.9370073080062866,2.34474515914917,1.881553292274475,-3.0932709567617738,-0.18562239344965373,0.38837728199292504,1766201785.2661405
0.9388564229011536,2.3439486026763916,1.8818531036376953,-3.089951026014404,-0.18357457593170978,0.3977992265988053,1766201785.2861469
0.9408960342407227,2.343271017074585,1.8821254968643188,-3.090244532943387,-0.18269957247681917,0.402295000418999,1766201785.2861724
0.9428706169128418,2.342590093612671,1.8823357820510864,-3.0876725162935843,-0.18059041962479752,0.40770518315713916,1766201785.2960618
0.9449102282524109,2.3419227600097656,1.8824901580810547,-3.0876800834619966,-0.1789996721360982,0.41289371073044845,1766201785.3061125
0.9470203518867493,2.341155529022217,1.8825997114181519,-3.084377433777844,-0.176738530315164,0.4174512509442926,1766201785.3061202
0.948990523815155,2.3401873111724854,1.8828959465026855,-3.084520376230393,-0.17403312146535255,0.4261658035303776,1766201785.3261461
0.9511736035346985,2.3396494388580322,1.8830798864364624,-3.085721535287655,-0.17254124192620693,0.43058585870899396,1766201785.3261716
0.9532766938209534,2.339063882827759,1.8831249475479126,-3.083186773250986,-0.170852770738257,0.43439442105850506,1766201785.3360555
0.9553709030151367,2.3384695053100586,1.8831291198730469,-3.0826042071302298,-0.16942971902627676,0.43933278870486175,1766201785.3461094
0.9575511813163757,2.3377997875213623,1.8831162452697754,-3.0823518536310215,-0.16744406843359458,0.44441498091837583,1766201785.3561413
0.9698523879051208,2.333441734313965,1.882330060005188,-3.076705366591436,-0.15763344812326258,0.4791748116881616,1766201785.4061284
1.0732307434082031,2.2500622272491455,1.8821594715118408,-3.0672633831423646,-0.16499512362616192,0.7948904338527399,1766201785.9862738
1.0735214948654175,2.2468760013580322,1.8822379112243652,-3.0645483959627438,-0.1622437884775041,0.7940562581761992,1766201785.9961398
1.0742337703704834,2.244023561477661,1.882360816001892,-3.0551853051182576,-0.15916079449001422,0.7962047376718093,1766201786.0061162
1.0749179124832153,2.2411038875579834,1.8824973106384277,-3.0524143434843065,-0.15600320243279647,0.7975603036657025,1766201786.0062027
1.0758044719696045,2.2381608486175537,1.8827141523361206,-3.0495213527306086,-0.15469714898584117,0.7972238602618038,1766201786.016102
1.0767428874969482,2.2353179454803467,1.882948637008667,-3.044897793792721,-0.15108995443094103,0.8006116114395153,1766201786.0260625
1.0774345397949219,2.2318806648254395,1.8829659223556519,-3.0405885635580456,-0.15089691761065546,0.8023521438384444,1766201786.0360155
1.0780898332595825,2.228400468826294,1.882919192314148,-3.038977885326245,-0.14992677570050347,0.8037420792843656,1766201786.0460212
1.0788555145263672,2.2250940799713135,1.8831262588500977,-3.0398530843714227,-0.15069347866401095,0.8075167298899166,1766201786.056051
1.0794968605041504,2.22147274017334,1.8830775022506714,-3.038193628196153,-0.15076050979742342,0.8086433901106685,1766201786.0560594
1.080068826675415,2.217423439025879,1.8829351663589478,-3.0344691503209438,-0.15179257178462763,0.8091839060030462,1766201786.066147
1.0808022022247314,2.2137022018432617,1.8829714059829712,-3.0342036908813794,-0.15189420268107487,0.8132301150332283,1766201786.0761254
1.0814026594161987,2.209874391555786,1.8830209970474243,-3.0324298434880737,-0.15129865254682437,0.814872738433837,1766201786.0861094
1.0820542573928833,2.2056522369384766,1.882947325706482,-3.027009717900179,-0.1515506352964946,0.8150799737233707,1766201786.106234
1.0833101272583008,2.197462558746338,1.8829433917999268,-3.0233492016672576,-0.15031692761508386,0.8223265689052466,1766201786.1062858
1.0840500593185425,2.1933224201202393,1.8829147815704346,-3.020794768728315,-0.14789756666086207,0.8258032558643906,1766201786.1161616
1.0845043659210205,2.1889028549194336,1.8827464580535889,-3.022161146444148,-0.15049032605708543,0.8263015749720563,1766201786.126153
1.0852102041244507,2.18461537361145,1.8826805353164673,-3.016757655040459,-0.14879031220264854,0.8285563557693365,1766201786.1361828
1.0857255458831787,2.1802287101745605,1.8826173543930054,-3.0162310100686156,-0.1506108320378957,0.8310482193834771,1766201786.1461434
1.086277723312378,2.1757395267486572,1.8824471235275269,-3.0152647133777823,-0.14923515820297653,0.8332452503517477,1766201786.1561158
1.0867729187011719,2.1709911823272705,1.8822717666625977,-3.012891491193326,-0.14902877101891998,0.8352929686757157,1766201786.1561408
1.0872608423233032,2.166344404220581,1.882118821144104,-3.009773440672774,-0.14854596813276252,0.8364840385596877,1766201786.1661205
1.0877363681793213,2.161635160446167,1.8820762634277344,-3.007326806908746,-0.14833447147753828,0.8400009238040909,1766201786.1761677
1.088119626045227,2.156777858734131,1.881872534751892,-3.0055566547771004,-0.14760718590675082,0.841641573726146,1766201786.1861722
1.088557243347168,2.151827573776245,1.8817230463027954,-3.0034674469750993,-0.14723277749732985,0.8441355828868201,1766201786.1961029
1.0890158414840698,2.1468610763549805,1.8816065788269043,-3.0025621787875805,-0.1474239807917857,0.8451483878507517,1766201786.2061527
1.0897924900054932,2.1368486881256104,1.8815683126449585,-3.0027573341190656,-0.14748324827074194,0.8506587885478872,1766201786.2262268
1.0901870727539062,2.1316378116607666,1.881447434425354,-3.0001148745134922,-0.14538984417168016,0.8534643853831476,1766201786.2262547
1.0907026529312134,2.1208322048187256,1.8813848495483398,-2.9979859048560686,-0.1459267171109857,0.858793051043232,1766201786.2460291
1.0930187702178955,2.0626206398010254,1.8798844814300537,-2.9747123984832533,-0.13778038452387495,0.8875289861263426,1766201786.326157
1.090886116027832,1.976720929145813,1.8804963827133179,-2.9818120306444467,-0.15028326329660643,0.8881028940856883,1766201786.4461346
1.092260479927063,1.859504222869873,1.8933453559875488,-2.9908464554433674,-0.20436139380195284,0.8874534746286282,1766201786.6562364
1.093165636062622,1.8535044193267822,1.8936264514923096,-2.9936124583022923,-0.2121066258112562,0.8875023405119885,1766201786.6762507
1.0945549011230469,1.8481203317642212,1.8937671184539795,-2.995553984517448,-0.21493584779240468,0.8888945603972195,1766201786.6962016
1.0961443185806274,1.8429454565048218,1.8937253952026367,-2.9952671231338726,-0.21840744959983574,0.8915848924537993,1766201786.7161777
1.0977563858032227,1.8385539054870605,1.8936294317245483,-2.9913904869893213,-0.21739581659896595,0.8930674187029857,1766201786.7261477
1.1014121770858765,1.83109450340271,1.8927212953567505,-2.9810637171339276,-0.21218354567667536,0.8952816587993366,1766201786.7562382
1.1032216548919678,1.8278566598892212,1.8921096324920654,-2.9736226788569664,-0.20496960402104017,0.8983417496256723,1766201786.7762172
1.1050485372543335,1.8253384828567505,1.8914341926574707,-2.9754313285803153,-0.20255096554068658,0.9044317428049183,1766201786.7961974
1.106340765953064,1.8230944871902466,1.891156792640686,-2.9742314028462418,-0.20124235201523405,0.9142123518289533,1766201786.8061516
1.1068408489227295,1.8209587335586548,1.8914141654968262,-2.9534591637497414,-0.1870923595764451,0.924080294394989,1766201786.826246
1.1019415855407715,1.856844186782837,1.8949202299118042,-2.991027671199928,-0.1942374802083191,1.0260264065266202,1766201787.2564034
1.099653959274292,1.8626887798309326,1.8949204683303833,-2.987758702283876,-0.1900002571093069,1.0253570902906362,1766201787.2862637
1.0980204343795776,1.8669151067733765,1.8948171138763428,-2.9888005288138646,-0.1912156894257029,1.0219519833940263,1766201787.3062363
1.0943920612335205,1.8759407997131348,1.8944493532180786,-2.9918098587372954,-0.1914930028858206,1.0151828087231907,1766201787.3362486
1.0922125577926636,1.8806431293487549,1.8940306901931763,-2.991151164227494,-0.1907454303283102,1.0098514295891703,1766201787.3562324
1.0899970531463623,1.8857461214065552,1.8937995433807373,-2.986773241548681,-0.1897870215662566,1.0062433276529137,1766201787.3662248
1.0751338005065918,1.9219707250595093,1.8917449712753296,-2.98872549666598,-0.1889609735903109,0.9855765467219612,1766201787.4662
1.0697760581970215,1.9360312223434448,1.8909837007522583,-2.988714734816336,-0.1853239453746558,0.9809866315175828,1766201787.5062366
1.0687023401260376,1.9399478435516357,1.8907840251922607,-2.9933659400420667,-0.18692821659828848,0.9803625841669443,1766201787.506266
1.067444086074829,1.9436209201812744,1.8905658721923828,-2.9966064367996257,-0.19073141521243528,0.9797113681790843,1766201787.5160952
1.0662531852722168,1.9471250772476196,1.8901960849761963,-3.0003756261747063,-0.19089017815926204,0.9822363147033419,1766201787.5260515
1.0620896816253662,1.9587702751159668,1.8896877765655518,-2.987256965732666,-0.18148681474304312,0.9764833904419518,1766201787.5561934
1.0607846975326538,1.9625657796859741,1.8893738985061646,-2.9908749914130435,-0.18236346273711543,0.9770571809887161,1766201787.556223
1.0595537424087524,1.9665744304656982,1.889120101928711,-2.992022685145448,-0.18263802839923018,0.9758495369950482,1766201787.5661736
1.0583373308181763,1.970502495765686,1.8888040781021118,-2.992703242177682,-0.18317935306948024,0.9759162522226071,1766201787.5762079
1.0570876598358154,1.9743603467941284,1.8883635997772217,-2.9956580710748733,-0.18507323319470917,0.977082674388491,1766201787.5861616
1.0559444427490234,1.9785505533218384,1.8881300687789917,-3.0017373205229436,-0.1884822447437997,0.9798401891978091,1766201787.5961576
1.054519772529602,1.9820563793182373,1.887596845626831,-3.00244045031055,-0.18918909917944404,0.9819702257188365,1766201787.6061673
1.0529093742370605,1.9861913919448853,1.8876134157180786,-2.9879475965451845,-0.18137201768700087,0.9763307578859582,1766201787.6061924
1.051635503768921,1.990283727645874,1.887295126914978,-2.9898668693085244,-0.1816359659188103,0.9780555465885451,1766201787.6161585
1.0503199100494385,1.9943015575408936,1.8870213031768799,-2.991620990872912,-0.182030793042467,0.9773767823735933,1766201787.6261537
1.0487715005874634,1.9981592893600464,1.886649250984192,-2.994165142623516,-0.18198132359358454,0.9752627473854654,1766201787.6362092
1.0470739603042603,2.0018703937530518,1.8864020109176636,-3.004339958986285,-0.18278720621288122,0.9694322822442804,1766201787.6461694
1.045390009880066,2.005866765975952,1.886135220527649,-3.0114468532040344,-0.18340481351222335,0.9665451542064192,1766201787.656152
1.044057011604309,2.009824752807617,1.8857343196868896,-3.0120327542288554,-0.18293392934503794,0.9678670180468607,1766201787.6561897
1.0429579019546509,2.0140438079833984,1.8851500749588013,-3.0033031224824493,-0.1827050105155788,0.9696482377307227,1766201787.666131
1.0420342683792114,2.018329620361328,1.8846091032028198,-2.9983755091258986,-0.18361696303468725,0.9777392777564731,1766201787.6761544
1.0406887531280518,2.022404432296753,1.8841315507888794,-2.995992347192104,-0.18407211367423382,0.9788875007091108,1766201787.686124
1.0394231081008911,2.0264012813568115,1.8837145566940308,-2.9967112494013515,-0.18423102410220382,0.981124001941119,1766201787.6961563
1.037913203239441,2.030381917953491,1.8832917213439941,-2.9989236345472503,-0.18537717010441385,0.9802369324220588,1766201787.7061343
1.036644458770752,2.0343096256256104,1.883026123046875,-3.000479249643562,-0.18558914587311948,0.981659686178889,1766201787.7061589
1.0323240756988525,2.045750617980957,1.8820692300796509,-2.995998415581645,-0.18177034835783337,0.9877928473309926,1766201787.7361286
1.031077265739441,2.0496866703033447,1.8817757368087769,-2.9977222369673115,-0.18366901738871863,0.9892428494609166,1766201787.7461317
1.0296239852905273,2.053605794906616,1.8813499212265015,-2.9981977872318866,-0.18447471971921092,0.988695505334705,1766201787.7561424
1.0283814668655396,2.0574989318847656,1.8809930086135864,-3.000413300346663,-0.18569676854959877,0.9912947022531035,1766201787.7561703
1.0270345211029053,2.0614089965820312,1.8806803226470947,-3.0015573690414374,-0.1875171209001866,0.990221652023654,1766201787.766116
1.0258218050003052,2.065199375152588,1.8803786039352417,-3.0049380895276885,-0.18876872488293298,0.9920866429763312,1766201787.7760983
1.024535059928894,2.069065570831299,1.8800870180130005,-3.005905561137845,-0.18982914806455703,0.9906467851027893,1766201787.7861311
1.0233404636383057,2.0728209018707275,1.8798490762710571,-3.0094410820462802,-0.18995982735848704,0.9930645870461495,1766201787.796144
1.021869421005249,2.076383352279663,1.879667043685913,-3.002146752241171,-0.18635751635381723,0.9926196383586148,1766201787.8061
1.0206847190856934,2.0801777839660645,1.8794571161270142,-3.002900379226865,-0.18688701058297913,0.9928864318991533,1766201787.8061264
1.019482970237732,2.0839579105377197,1.879354476928711,-3.0052903266633386,-0.18785539061562076,0.9929537396977031,1766201787.8160412
1.01804780960083,2.0877063274383545,1.8794478178024292,-3.0089313321060405,-0.19236206854601376,0.9973989533975367,1766201787.8260965
1.0170443058013916,2.0911741256713867,1.8793493509292603,-3.010612266209276,-0.19088030349542817,0.9962754236818984,1766201787.8462143
1.0159623622894287,2.094560146331787,1.8792718648910522,-3.0064716462276557,-0.1865371268145598,0.9976316753861131,1766201787.8462417
1.0150909423828125,2.097926378250122,1.8793219327926636,-3.0098888404835153,-0.1855694293287757,0.9969700812981677,1766201787.8561518
1.014134407043457,2.1014044284820557,1.8793954849243164,-3.0081230608973453,-0.18588494025065735,0.9974498621934288,1766201787.8561792
1.013168215751648,2.104637384414673,1.87953519821167,-3.005686924023026,-0.18439972356138062,1.000663594861611,1766201787.8660033
1.012237310409546,2.1080410480499268,1.8797049522399902,-3.0073674932241277,-0.18385949603695817,1.000869844116394,1766201787.876013
1.0112550258636475,2.111170530319214,1.8797374963760376,-3.007598515701547,-0.18378246229564119,0.999666479421871,1766201787.8861012
1.0104451179504395,2.1144163608551025,1.8799701929092407,-3.0063528501739847,-0.18327269640938415,1.0011324220822868,1766201787.8962102
1.0095762014389038,2.1176066398620605,1.880204200744629,-3.0088980454317134,-0.18297228033859658,1.0010272826914484,1766201787.906047
1.0086146593093872,2.120683193206787,1.8801486492156982,-3.0101126550794013,-0.1846250589567874,1.000329680271923,1766201787.9060555
1.0078754425048828,2.1234099864959717,1.8803355693817139,-3.0095321451251786,-0.18379185224076477,1.0014997670966903,1766201787.916
1.0072158575057983,2.1266801357269287,1.8804867267608643,-3.0120553832900705,-0.18311337849470327,1.0028761352283306,1766201787.9260774
1.006276249885559,2.1293489933013916,1.880587100982666,-3.013442910520439,-0.18365714438311315,1.001056457527147,1766201787.9361088
1.005676031112671,2.1321842670440674,1.880568504333496,-3.011889113546224,-0.18301946008460243,1.0002855754274653,1766201787.94623
1.0049527883529663,2.134901523590088,1.8807427883148193,-3.011892630683595,-0.18000232598696755,1.0008164121418621,1766201787.9560509
1.0045263767242432,2.137807846069336,1.8808414936065674,-3.012209910257463,-0.1804488128329659,1.0002391985834642,1766201787.9560583
1.003832459449768,2.1403610706329346,1.880828857421875,-3.013554040370002,-0.17931910923407987,1.0009279435224012,1766201787.9660823
1.0033771991729736,2.1430463790893555,1.8808720111846924,-3.013483445335302,-0.17851947701835186,1.0006783467787814,1766201787.9760425
1.0028955936431885,2.145731210708618,1.880861520767212,-3.0174053988161287,-0.17925375096651175,0.9989822872220199,1766201787.9861596
1.002398133277893,2.148226022720337,1.8809298276901245,-3.0144782733995292,-0.17616246893362866,0.9996202187570998,1766201787.9961607
1.001891016960144,2.150749921798706,1.880910873413086,-3.017942631227122,-0.17725207512751884,0.9971380748027352,1766201788.0060077
1.0015220642089844,2.1529557704925537,1.8808764219284058,-3.014493885489183,-0.17409308417488314,0.9995009997032837,1766201788.0160427
1.0010409355163574,2.15531587600708,1.8808131217956543,-3.0179983691098493,-0.17589230602473396,0.9978406410878463,1766201788.016053
1.00067937374115,2.157449722290039,1.8808461427688599,-3.0129599850900077,-0.17162716536526298,0.9989978609175602,1766201788.0260093
1.0002617835998535,2.159661054611206,1.8807936906814575,-3.0147062890973793,-0.17260973576913582,0.9969388344548279,1766201788.035993
1.0000052452087402,2.161651611328125,1.8807421922683716,-3.0151544034911018,-0.17102622014485247,0.9992505133020069,1766201788.0461626
0.9997926354408264,2.163478136062622,1.8807393312454224,-3.0138835775011157,-0.1699501793109564,0.9991425157252235,1766201788.056124
0.9994840025901794,2.165743589401245,1.8806571960449219,-3.0164287498553266,-0.17046064262063076,0.9977346096288418,1766201788.0561519
0.9991090297698975,2.167418956756592,1.8805880546569824,-3.014441063726635,-0.16858127120881197,0.9965641259573893,1766201788.0660963
0.9988985061645508,2.1692848205566406,1.880494236946106,-3.015756240486031,-0.1690216974639412,0.995566690641496,1766201788.076063
0.9986934065818787,2.1712098121643066,1.8805584907531738,-3.016268876917034,-0.16858689187652873,0.9952919704756586,1766201788.086101
0.9985566735267639,2.1729328632354736,1.8805725574493408,-3.0169304205675704,-0.16739880905547624,0.9955508027828636,1766201788.0961556
0.9985082745552063,2.174704074859619,1.8804211616516113,-3.021733540590243,-0.1675161657892215,0.9966780004161871,1766201788.1061766
0.9983280301094055,2.1762917041778564,1.880434274673462,-3.01928977200024,-0.1662439564184434,0.9976079379865402,1766201788.106203
0.9982283115386963,2.177935838699341,1.8804603815078735,-3.0189961882035425,-0.16572977463999256,0.9979248435904172,1766201788.1160636
0.9980028867721558,2.1794369220733643,1.8802430629730225,-3.0190815186327122,-0.16582238846722597,0.9955781614268625,1766201788.1261375
0.9977644681930542,2.1807401180267334,1.8800987005233765,-3.0195643785656325,-0.165248361014886,0.9953686697198427,1766201788.1360743
0.9975795745849609,2.1822474002838135,1.879934549331665,-3.0218004388344477,-0.16479356000697973,0.9967974921756222,1766201788.1461618
0.9973555207252502,2.183673143386841,1.879812240600586,-3.0228922107707428,-0.16584278989425144,0.9952420242619203,1766201788.1561532
0.9972308874130249,2.1849822998046875,1.879778504371643,-3.0223636057206575,-0.16533620780230424,0.9948454292094215,1766201788.1561804
0.9971562623977661,2.1863460540771484,1.8796498775482178,-3.0227059631999085,-0.16273335912348721,0.9963875654621425,1766201788.1661398
0.9970654845237732,2.1876394748687744,1.8795456886291504,-3.024701886337634,-0.1632639870617297,0.997317904508401,1766201788.1760147
0.9970518350601196,2.1890501976013184,1.8794595003128052,-3.0280790862289937,-0.16353945492903818,0.9994241601257194,1766201788.1860726
0.9968400001525879,2.190248966217041,1.87934148311615,-3.026961178788033,-0.16171373243910692,0.9984757587914732,1766201788.1961517
0.9967684149742126,2.1914992332458496,1.8792473077774048,-3.029987365894595,-0.16271258216414847,0.9976697620723148,1766201788.2061346
0.99671870470047,2.1927247047424316,1.879070520401001,-3.0324039116118056,-0.16290784885171727,0.9967443096557282,1766201788.2161403
0.9966781139373779,2.193804979324341,1.878943681716919,-3.03347404278334,-0.1609123861909691,0.9981548479721178,1766201788.2161646
0.9967087507247925,2.1949081420898438,1.8788892030715942,-3.0352429231424876,-0.16058406465798278,1.0008799800761978,1766201788.2261786
0.9968773722648621,2.1960301399230957,1.8787879943847656,-3.0350183636486827,-0.16016814059521312,1.0024803042217878,1766201788.236064
0.9970173835754395,2.1970973014831543,1.8787552118301392,-3.0383243988119646,-0.16053424771778096,1.0029579734456062,1766201788.2561874
0.9972723126411438,2.1990163326263428,1.8786342144012451,-3.0388277816586697,-0.15804639514056584,1.0022968926477516,1766201788.256238
0.9974282383918762,2.1999077796936035,1.878539800643921,-3.0398266790904493,-0.15738425928698777,1.0012894198365407,1766201788.2661045
0.9975985884666443,2.2006747722625732,1.8784432411193848,-3.040048313230428,-0.15639201285778886,1.0032596339261222,1766201788.276151
0.9978782534599304,2.201547145843506,1.8784512281417847,-3.0419247854961764,-0.1551513385532175,1.0041236218610325,1766201788.2861392
0.9981728792190552,2.202298164367676,1.8784613609313965,-3.0424156621793026,-0.15410853870757177,1.0042077318456102,1766201788.2961555
0.9985038042068481,2.2031185626983643,1.8785353899002075,-3.042597807024862,-0.15367375072865178,1.0043995507699082,1766201788.3061113
0.9987814426422119,2.2037856578826904,1.8786020278930664,-3.042122873327506,-0.15224728474063506,1.0043672483742871,1766201788.3161497
0.9991489052772522,2.2044382095336914,1.8787047863006592,-3.0420631928355903,-0.15072887848897684,1.0057678914620751,1766201788.316174
0.9994490146636963,2.2050154209136963,1.8787285089492798,-3.0425617105958156,-0.14972962107089127,1.0053665435577006,1766201788.326081
0.999840259552002,2.205587387084961,1.878744125366211,-3.044570321856448,-0.14896573891934253,1.00758254491175,1766201788.3360503
1.0001617670059204,2.2061102390289307,1.8787921667099,-3.0447070066759885,-0.14841042153089035,1.007947433466494,1766201788.3461308
1.0004982948303223,2.2066187858581543,1.87887442111969,-3.044281226186629,-0.14791860075690247,1.0068970026066928,1766201788.3561447
1.0008949041366577,2.207181453704834,1.8789728879928589,-3.0437352684704604,-0.14692645429690812,1.0067367356359314,1766201788.3561718
1.0012060403823853,2.2076914310455322,1.8790398836135864,-3.042753657062893,-0.1467498044174412,1.0057294175840152,1766201788.366092
1.001511812210083,2.2081141471862793,1.8790878057479858,-3.0418967323799904,-0.14572027410517033,1.005236850332533,1766201788.376155
1.0017375946044922,2.208378314971924,1.87910795211792,-3.0422244576527757,-0.14451028969297133,1.0038869588015715,1766201788.386157
1.0020544528961182,2.2087271213531494,1.8792024850845337,-3.041367203765539,-0.14332253723156443,1.0039486227930798,1766201788.3961427
1.0023137331008911,2.2090234756469727,1.8792566061019897,-3.04326494035074,-0.1421406368543885,1.0037564316610936,1766201788.4060984
1.0026187896728516,2.209351062774658,1.8792997598648071,-3.043054299322614,-0.14087952593447317,1.0026887476201694,1766201788.4061246
1.0029493570327759,2.209679126739502,1.8793761730194092,-3.0428853460335303,-0.13903532806089236,1.0027391580675469,1766201788.416055
1.0032604932785034,2.2099459171295166,1.8794596195220947,-3.043231861939422,-0.1378599165553068,1.0024550078311474,1766201788.4261377
1.0036283731460571,2.210162401199341,1.8795429468154907,-3.0443684330304097,-0.13706003109076675,1.0017097634112118,1766201788.4361515
1.0039386749267578,2.210456609725952,1.8796545267105103,-3.0446868329297496,-0.1355433503625663,1.0024760605908627,1766201788.4461555
1.004201054573059,2.210515260696411,1.8796908855438232,-3.045802677142993,-0.13510910982051086,1.0020213506290923,1766201788.4561567
1.0044904947280884,2.2106926441192627,1.8797506093978882,-3.0468291075455016,-0.13425428552519073,1.001999454867318,1766201788.456237
1.0047000646591187,2.2106993198394775,1.879798173904419,-3.0459442150021165,-0.13332932037826872,1.001201834851066,1766201788.4661334
1.004975438117981,2.210749387741089,1.8798632621765137,-3.045775912112749,-0.13302421219687427,1.0008605423802128,1766201788.4761534
1.005160927772522,2.2106828689575195,1.8798637390136719,-3.046098877090406,-0.1322409342360043,1.000342663472188,1766201788.486132
1.0053714513778687,2.2106480598449707,1.8798997402191162,-3.0473010530168994,-0.13201718028372053,0.999717837843074,1766201788.4961534
1.0056138038635254,2.2106151580810547,1.8799113035202026,-3.0473746918891558,-0.13191363368361927,0.9989782552540066,1766201788.5061727
1.005856990814209,2.2105047702789307,1.8798917531967163,-3.046430957118906,-0.13118506974893704,0.9994288132658069,1766201788.5062592
1.0060434341430664,2.210341691970825,1.879927396774292,-3.0453326008432313,-0.13058968820029812,0.9984643931371067,1766201788.5160682
1.0063897371292114,2.2101962566375732,1.8799494504928589,-3.044519790487292,-0.12937270282744398,0.9989722568554277,1766201788.52616
1.0066674947738647,2.2100260257720947,1.8799468278884888,-3.043970463284912,-0.12877471925106462,0.9992533807101553,1766201788.536121
1.0069544315338135,2.2098581790924072,1.8799762725830078,-3.043871543740274,-0.12884597725042438,1.0004856987545225,1766201788.5461414
1.0071946382522583,2.209622383117676,1.8800303936004639,-3.0437730405406875,-0.12902346330368342,1.001437521625274,1766201788.5561044
1.0073765516281128,2.2093722820281982,1.8800694942474365,-3.0447059197239783,-0.12972581778288025,1.0016383568928537,1766201788.5660727
1.0075722932815552,2.2091329097747803,1.8801074028015137,-3.043923016674494,-0.1297782378362192,1.002253536359738,1766201788.5661473
1.007705807685852,2.2088916301727295,1.8801426887512207,-3.0440243035043353,-0.12993465985529742,1.0026285244401567,1766201788.5760224
1.0078133344650269,2.2086007595062256,1.8801651000976562,-3.04249074375987,-0.1300036485207688,1.0024364194251443,1766201788.5860531
1.0079289674758911,2.208279609680176,1.8801954984664917,-3.041734845581856,-0.12994092072208122,1.002782891170082,1766201788.5961413
1.008017659187317,2.20794939994812,1.8802047967910767,-3.042093126145116,-0.12981713163457514,1.002673324038983,1766201788.6061637
1.0081403255462646,2.207540988922119,1.8801754713058472,-3.040221562004195,-0.1293319111815443,1.0020287591322008,1766201788.6061893
1.0082290172576904,2.2072441577911377,1.8801772594451904,-3.0408643661362413,-0.12975554988911978,1.0020761475809146,1766201788.6161182
1.0084080696105957,2.206942081451416,1.880198359489441,-3.0404537100902265,-0.13010794496949313,1.002554131168083,1766201788.6261592
1.008586049079895,2.2066452503204346,1.8802083730697632,-3.040726475261367,-0.1296252254391319,1.0029443804561655,1766201788.636156
1.008674144744873,2.20626163482666,1.8802331686019897,-3.0416288151229103,-0.12959326279678982,1.0029620687248855,1766201788.6461544
1.0087924003601074,2.205873489379883,1.8802521228790283,-3.0421990285545206,-0.12957499225602198,1.0033048641761397,1766201788.6561322
1.0089449882507324,2.205625534057617,1.8802926540374756,-3.0426338586561967,-0.12969587939329225,1.0038213415669952,1766201788.6661527
1.0091413259506226,2.205284833908081,1.8803659677505493,-3.041982120254634,-0.12945383955886086,1.0049258899852238,1766201788.6661782
1.0092474222183228,2.2049107551574707,1.8804020881652832,-3.0422176654243938,-0.12978399701376808,1.0051148116615816,1766201788.6760511
1.0094845294952393,2.2046728134155273,1.88048255443573,-3.0423901829463937,-0.12927563739090467,1.006481324670943,1766201788.6860824
1.0096807479858398,2.2043519020080566,1.8805228471755981,-3.041415870546758,-0.12858915035557106,1.0071308584684249,1766201788.6961193
1.0098243951797485,2.2038934230804443,1.8805668354034424,-3.0403665533269804,-0.1286379897777932,1.0071585628243598,1766201788.7061014
1.0100269317626953,2.203493356704712,1.8805747032165527,-3.0401041417134693,-0.12867037296881878,1.0079002251752496,1766201788.7160661
1.0102190971374512,2.2030861377716064,1.8805896043777466,-3.0388726214946256,-0.1283506852265948,1.008070540530949,1766201788.7160923
1.010405421257019,2.2026150226593018,1.8805464506149292,-3.0385421004536717,-0.12872851638800348,1.0074768162769896,1766201788.7260892
1.0105799436569214,2.202242612838745,1.8805816173553467,-3.0385579636340423,-0.12909269994872166,1.008259119696103,1766201788.7360108
1.010701298713684,2.20166015625,1.8805841207504272,-3.0396162711553973,-0.1299771622550646,1.00833066454143,1766201788.7461386
1.010794997215271,2.201219081878662,1.8805785179138184,-3.0384435326226757,-0.13063639932268345,1.007611295099809,1766201788.7561402
1.0109152793884277,2.2008590698242188,1.8806040287017822,-3.0379659625059987,-0.13088653938193703,1.007157216914851,1766201788.7661517
1.0110199451446533,2.2004661560058594,1.8806239366531372,-3.0366102346283976,-0.13054123486741384,1.0072599895647711,1766201788.766177
1.0112229585647583,2.2000932693481445,1.8806198835372925,-3.0359667643010204,-0.1310475857788657,1.0096309724106716,1766201788.7760396
1.0113879442214966,2.199660539627075,1.8806264400482178,-3.036776017824008,-0.13127508177266708,1.011647387078374,1766201788.7860863
1.0115137100219727,2.1993069648742676,1.8806495666503906,-3.0364397390853743,-0.1315704929232972,1.0117998756549562,1766201788.7961433
1.0115923881530762,2.1988534927368164,1.8806371688842773,-3.035745165498325,-0.13204000341119163,1.0124300847367147,1766201788.8060737
1.0116592645645142,2.198381185531616,1.8805915117263794,-3.0357758208339725,-0.13185865429127128,1.0134361670997438,1766201788.8061457
1.0117385387420654,2.197981834411621,1.8805912733078003,-3.0364053631469683,-0.1329304541816683,1.013736335051651,1766201788.8159847
1.0117377042770386,2.1975629329681396,1.8805285692214966,-3.0360886476337825,-0.13342129511647952,1.0128314576024384,1766201788.8261216
1.0118311643600464,2.1971375942230225,1.8805136680603027,-3.036636005172301,-0.1343396851273948,1.0144402775055277,1766201788.8361497
1.0117617845535278,2.19667649269104,1.8805032968521118,-3.03767911090215,-0.13556833841788846,1.012330865572876,1766201788.8461413
1.011756181716919,2.196276903152466,1.8804179430007935,-3.037875019305143,-0.13597988325432817,1.0126548526535362,1766201788.856117
1.0117014646530151,2.1959006786346436,1.8803616762161255,-3.037408774960511,-0.13650940379597476,1.0121382565829398,1766201788.8660786
1.0116782188415527,2.195513963699341,1.8803037405014038,-3.037612097466871,-0.13704007414202737,1.012001843874615,1766201788.8661509
1.0117151737213135,2.1952028274536133,1.8803118467330933,-3.037836363271181,-0.1374301303574689,1.0137456366389155,1766201788.8760502
1.0117095708847046,2.194790840148926,1.8802443742752075,-3.037066227010031,-0.1384963254920761,1.0135759176778225,1766201788.8861113
1.011733055114746,2.1944668292999268,1.8802108764648438,-3.0375922869838496,-0.13867774097692365,1.0140779325418052,1766201788.8960562
1.0118162631988525,2.1940665245056152,1.8801677227020264,-3.037505652656259,-0.1394445151956391,1.015485477734885,1766201788.906137
1.0119175910949707,2.1937315464019775,1.8801460266113281,-3.037742223245087,-0.13946353035546474,1.0167646938384505,1766201788.916127
1.0119272470474243,2.193342447280884,1.8801270723342896,-3.0370019991166384,-0.14030431555075903,1.0173885604504405,1766201788.916153
1.0119001865386963,2.1929309368133545,1.8800897598266602,-3.0382179850247306,-0.1418166302119214,1.0176972634044334,1766201788.9260697
1.011936068534851,2.1924870014190674,1.8800333738327026,-3.037003996453309,-0.14144527441269064,1.018874440994491,1766201788.9360843
1.011929988861084,2.1921613216400146,1.8799769878387451,-3.0371473617051876,-0.14300917417086093,1.018508220864892,1766201788.946123
1.0118956565856934,2.1917550563812256,1.8798978328704834,-3.037311329404778,-0.14399867169411976,1.0180141163896883,1766201788.9561386
1.0118523836135864,2.191422462463379,1.8798311948776245,-3.036416843930084,-0.14481740583882416,1.0165149319209486,1766201788.9561656
1.011895775794983,2.191056489944458,1.879769206047058,-3.036421754071694,-0.14493550776646857,1.0169682660823998,1766201788.9660044
1.011913776397705,2.190704584121704,1.8796882629394531,-3.0365545882701435,-0.1462783101737522,1.0162486844124043,1766201788.9761438
1.0119282007217407,2.1903998851776123,1.8796170949935913,-3.0365237987704194,-0.1470575149131199,1.0147804439208683,1766201788.9861183
1.0120141506195068,2.1900794506073,1.8795987367630005,-3.036035531649312,-0.1474848347192192,1.0151591993899745,1766201788.996099
1.012006402015686,2.1897366046905518,1.879576325416565,-3.0363163808254696,-0.14823536909436888,1.0143415581142314,1766201789.0060267
1.0120338201522827,2.1894750595092773,1.879557490348816,-3.0359602716782508,-0.14854954255169422,1.014858034436546,1766201789.0060363
1.0121519565582275,2.189225435256958,1.879560112953186,-3.0350093181331186,-0.1481559988659034,1.014995803339974,1766201789.0160878
1.0123053789138794,2.189019203186035,1.8795826435089111,-3.034598439896828,-0.14850686789532658,1.0160913818911497,1766201789.026056
1.012381672859192,2.188666343688965,1.8795474767684937,-3.0342406706052354,-0.14894766133626616,1.016614809758065,1766201789.0360494
1.012513518333435,2.1885275840759277,1.8795840740203857,-3.0347219504721443,-0.14936005014965137,1.0177186579823165,1766201789.0460267
1.0126335620880127,2.1883814334869385,1.8795686960220337,-3.0346334063990152,-0.14989851439728108,1.0180715103715356,1766201789.0560722
1.0126477479934692,2.188161849975586,1.8795232772827148,-3.0343669402522573,-0.15058116528754759,1.0165865992909018,1766201789.0660954
1.0128198862075806,2.188030481338501,1.8795497417449951,-3.034069956332959,-0.15072852261808115,1.017631763514863,1766201789.0761027
1.012791633605957,2.187861919403076,1.8795288801193237,-3.033510147396505,-0.15095497749390147,1.0165894862387646,1766201789.076128
1.0128705501556396,2.187699556350708,1.879502296447754,-3.0316900842741803,-0.150400124665698,1.0167436149642335,1766201789.0860639
1.0129677057266235,2.18754243850708,1.8795300722122192,-3.0322311287262402,-0.15038753621737494,1.0172257527142077,1766201789.0961194
1.0130269527435303,2.1874616146087646,1.879515528678894,-3.032309790375659,-0.15040291520453247,1.0173221028408852,1766201789.1061003
1.0130573511123657,2.1873555183410645,1.8795241117477417,-3.032127104596819,-0.15056052764051372,1.0163675970718085,1766201789.1061275
1.0131293535232544,2.187197685241699,1.879503607749939,-3.0302574868019767,-0.15020759508516962,1.0167472353090756,1766201789.116046
1.0132169723510742,2.187079668045044,1.8794937133789062,-3.0291771199033852,-0.14972927983668388,1.017431250523583,1766201789.1261122
1.0133370161056519,2.1870195865631104,1.8794974088668823,-3.0298062528981813,-0.149863148546823,1.0179544552362296,1766201789.1361203
1.0134254693984985,2.1869189739227295,1.879486083984375,-3.0293752186841623,-0.15003801119188978,1.0189126052864004,1766201789.1461284
1.0135241746902466,2.186840295791626,1.8794833421707153,-3.028621182445345,-0.15000542074999174,1.0194205666876872,1766201789.1561177
1.0136659145355225,2.186845541000366,1.879543662071228,-3.027718122506813,-0.14940947074822164,1.0207844874340373,1766201789.156145
1.0136749744415283,2.186763048171997,1.8794856071472168,-3.0280052250036196,-0.14998982838138133,1.0210247531606447,1766201789.176057
1.0136971473693848,2.1866626739501953,1.8794684410095215,-3.027424025593471,-0.15034789270296967,1.0207235252017768,1766201789.176065
1.013717532157898,2.186558723449707,1.8794394731521606,-3.0262244476049314,-0.15020834808731498,1.0205710744249221,1766201789.1860955
1.013718605041504,2.186485528945923,1.8793883323669434,-3.0262414210429016,-0.15055058302171928,1.019725248706521,1766201789.196151
1.0137171745300293,2.1864264011383057,1.879361629486084,-3.0261617808408507,-0.1510374925079136,1.0203471064114285,1766201789.2060962
1.0136966705322266,2.1863656044006348,1.879318118095398,-3.0253081651924356,-0.15141582024840317,1.020464935529708,1766201789.2061229
1.0137234926223755,2.186343193054199,1.8793178796768188,-3.0249936560773003,-0.15139948018022764,1.0195959792123668,1766201789.2160072
1.013703465461731,2.1862215995788574,1.8792588710784912,-3.024616274786828,-0.1512657684187829,1.0204919246480098,1766201789.2260523
1.0137327909469604,2.18623948097229,1.879262924194336,-3.0240178895758776,-0.15076717784985808,1.0217113060396326,1766201789.2360587
1.0136810541152954,2.1862552165985107,1.8792585134506226,-3.024289057760377,-0.15078350968454338,1.02081693175714,1766201789.2461276
1.0137547254562378,2.186222791671753,1.8792753219604492,-3.0242810025333906,-0.15084780237547163,1.0223527926288103,1766201789.2561316
1.0137841701507568,2.1862759590148926,1.8793046474456787,-3.023895015301683,-0.15059375579977902,1.0227955699604083,1766201789.2561593
1.0137618780136108,2.186312437057495,1.8792805671691895,-3.0238476717038703,-0.15050219626157285,1.0227644293709848,1766201789.2760565
1.0136868953704834,2.1863291263580322,1.8793057203292847,-3.0240516833784867,-0.15075637630538638,1.0225395791252263,1766201789.276064
1.0137301683425903,2.1863529682159424,1.8792860507965088,-3.0242302128255387,-0.15042076882663216,1.022767201392644,1766201789.2861123
1.0137131214141846,2.186408281326294,1.8793299198150635,-3.0235601549328837,-0.15027024823245688,1.0224361039854062,1766201789.2961514
1.0136924982070923,2.1864559650421143,1.879310965538025,-3.0231549452363295,-0.1506369062073914,1.0225661892534856,1766201789.3061469
1.0136908292770386,2.1865170001983643,1.8793247938156128,-3.022672440600232,-0.15010595421547218,1.0221702654161304,1766201789.306173
1.0136780738830566,2.1865549087524414,1.8793209791183472,-3.0232640976072886,-0.15035513046491558,1.022579071679487,1766201789.3160596
1.0136213302612305,2.186631202697754,1.8793530464172363,-3.023952166432723,-0.15021275367169656,1.0219134109497658,1766201789.3261495
1.0136104822158813,2.1866555213928223,1.87934148311615,-3.0226808361855233,-0.14960235824645568,1.021883414425962,1766201789.336117
1.0135972499847412,2.186767339706421,1.8793634176254272,-3.0233511462043037,-0.14966942032416364,1.0221593299015925,1766201789.3461738
1.0135594606399536,2.1868696212768555,1.8793799877166748,-3.0245352150793137,-0.14946685783100788,1.0225369991148643,1766201789.3561416
1.013580322265625,2.186978816986084,1.8794447183609009,-3.0227489446185554,-0.14847009160916733,1.0225938522480398,1766201789.356169
1.0136198997497559,2.1870572566986084,1.8794784545898438,-3.023016826288672,-0.14804406960614755,1.023369006678231,1766201789.3660607
1.0135877132415771,2.1871533393859863,1.8795065879821777,-3.021874900977016,-0.14717042220452559,1.0236097996470983,1766201789.3760314
1.0135669708251953,2.1872851848602295,1.8795535564422607,-3.022299526483398,-0.14712967378834807,1.0236143493370087,1766201789.3861406
1.0135395526885986,2.1872732639312744,1.8795514106750488,-3.0225301035040073,-0.1471746849944885,1.0240745841809293,1766201789.396097
1.0134705305099487,2.187343120574951,1.879563808441162,-3.0224502740979573,-0.1470219947638202,1.0230713200460806,1766201789.406126
1.0134371519088745,2.1873607635498047,1.8795790672302246,-3.0220557432993376,-0.14689047370409186,1.0232952749543596,1766201789.416098
1.0134453773498535,2.1874983310699463,1.8796412944793701,-3.0215993425406737,-0.1461582786829049,1.024571891143889,1766201789.4161234
1.01339590549469,2.1875596046447754,1.8796401023864746,-3.0223011638430552,-0.14685595203611831,1.0244186596931566,1766201789.4261096
1.0133230686187744,2.1876027584075928,1.8795921802520752,-3.022962295983761,-0.14690302134765162,1.0242211851195224,1766201789.4360597
1.013184905052185,2.1876139640808105,1.8795981407165527,-3.021649436910411,-0.14638238885284197,1.0238427236520855,1766201789.4461274
1.0131115913391113,2.187674045562744,1.879626989364624,-3.0222296137974527,-0.14668938453376984,1.0237839678941039,1766201789.4560928
1.0130380392074585,2.1877684593200684,1.8796237707138062,-3.022441087959488,-0.14662370007053951,1.0243015136451274,1766201789.4561205
1.0129485130310059,2.1878058910369873,1.8796148300170898,-3.02141953099986,-0.14608153601200438,1.0244237482664933,1766201789.4660444
1.0128247737884521,2.1878318786621094,1.8796122074127197,-3.0221127853517644,-0.1460371281416784,1.0243478632049428,1766201789.4761252
1.01276695728302,2.187943458557129,1.8796526193618774,-3.022064747993787,-0.14562242660511382,1.0249649022078315,1766201789.4861557
1.0126802921295166,2.187983751296997,1.8796806335449219,-3.022176411065215,-0.14531420471121412,1.0259123883283037,1766201789.4961548
1.0125954151153564,2.1881020069122314,1.8796777725219727,-3.021418498982642,-0.14511231251587936,1.0263084137645804,1766201789.5061696
1.0124534368515015,2.1881613731384277,1.8796629905700684,-3.0235785512798943,-0.14560170801762254,1.0271499967435613,1766201789.5061967
1.0123299360275269,2.1882433891296387,1.8796910047531128,-3.0239546757600455,-0.14584825065899817,1.027231454967793,1766201789.516038
1.0121201276779175,2.1882309913635254,1.879655361175537,-3.0232868333632013,-0.14592802709240732,1.0267198166172582,1766201789.526141
1.011909008026123,2.1883084774017334,1.8796571493148804,-3.023280869462999,-0.14609555631878307,1.0267469232366533,1766201789.536118
1.0117613077163696,2.1883716583251953,1.8796530961990356,-3.024184048218824,-0.14636030670394287,1.0273337500312358,1766201789.546163
1.011559009552002,2.1884539127349854,1.8796653747558594,-3.0240007078996225,-0.14658651743902326,1.0274816230693353,1766201789.5561051
1.011336326599121,2.1884541511535645,1.8796181678771973,-3.0245805180652514,-0.1469453313063939,1.0271225864510163,1766201789.5561337
1.011149525642395,2.1884968280792236,1.8796156644821167,-3.024587947610144,-0.1471968047207105,1.0261961682691745,1766201789.5660725
1.0109927654266357,2.1886110305786133,1.8796322345733643,-3.0255524131861335,-0.146823645056674,1.026777249515831,1766201789.5861638
1.0108530521392822,2.188680410385132,1.879638433456421,-3.0263681451504145,-0.14726269211647028,1.0271248804756092,1766201789.5861902
1.0107378959655762,2.1887261867523193,1.8796087503433228,-3.025903138058127,-0.14676176813287314,1.0278554069256056,1766201789.5960567
1.0106072425842285,2.1888041496276855,1.8796253204345703,-3.025541118562619,-0.14618819546099127,1.0275258955691888,1766201789.606054
1.010439157485962,2.1888010501861572,1.8795944452285767,-3.0264037101864014,-0.1462422017326844,1.0275077807287532,1766201789.6061325
1.0103483200073242,2.1888716220855713,1.8795884847640991,-3.0269500187550715,-0.1464076779722796,1.0277187382091317,1766201789.6161613
1.0102697610855103,2.1889500617980957,1.8796162605285645,-3.026630595192063,-0.1460816089271983,1.027641355880193,1766201789.6260672
1.0101211071014404,2.1889655590057373,1.8795783519744873,-3.0275375067978536,-0.14653371087856387,1.0272830403284956,1766201789.636141
1.0099561214447021,2.1889727115631104,1.8795677423477173,-3.0277541140670534,-0.1463568433104217,1.0264317234905167,1766201789.6461282
1.0098605155944824,2.188993215560913,1.8795385360717773,-3.0272897117744693,-0.14642603559876008,1.0263955524304325,1766201789.656116
1.0097427368164062,2.1889593601226807,1.8795239925384521,-3.027918665185651,-0.146417518327783,1.0265644915820245,1766201789.6661322
1.0096204280853271,2.1889564990997314,1.8795074224472046,-3.0273675039111803,-0.146774426814411,1.025289247588355,1766201789.666312
1.0094982385635376,2.188936471939087,1.8794739246368408,-3.028493146900193,-0.14692993515295746,1.0256478081922764,1766201789.6760645
1.009406328201294,2.1889121532440186,1.8794596195220947,-3.0280328557890073,-0.14679323684602974,1.0253960615501072,1766201789.686072
1.0093786716461182,2.188936471939087,1.879433035850525,-3.028517655019705,-0.14668313470307023,1.0257328130020862,1766201789.696136
1.0093064308166504,2.1889474391937256,1.8794223070144653,-3.0289873729445675,-0.14689092014655963,1.0259599310955765,1766201789.7061348
1.0092122554779053,2.1888883113861084,1.8793628215789795,-3.028715736821312,-0.14670308038560692,1.0256021122988241,1766201789.7160985
1.0092214345932007,2.1889350414276123,1.879391074180603,-3.0282141391010597,-0.1463836551997337,1.0262263347494203,1766201789.7161837
1.00913405418396,2.1888351440429688,1.8792994022369385,-3.0281973670818085,-0.1468050060333926,1.0260010600689198,1766201789.7261004
1.0092021226882935,2.1889162063598633,1.8793367147445679,-3.0286969843369294,-0.14674359779388493,1.0276975853490005,1766201789.7360532
1.009120225906372,2.188868522644043,1.8792781829833984,-3.028406632840155,-0.14662664019640953,1.027113346845355,1766201789.7461948
1.0091159343719482,2.188897132873535,1.8792866468429565,-3.0282969814877103,-0.14673042954913554,1.0270354180021954,1766201789.7561462
1.0090278387069702,2.188904047012329,1.8791977167129517,-3.028736340535224,-0.14702904820180193,1.0256755029402853,1766201789.7561738
1.0090149641036987,2.1888904571533203,1.8791741132736206,-3.028775181269497,-0.14720025656475907,1.0257800329213582,1766201789.766161
1.008988618850708,2.188837766647339,1.879099726676941,-3.0295460103914964,-0.14793178264745213,1.0254491960593384,1766201789.7760608
1.0089271068572998,2.1887896060943604,1.8790467977523804,-3.028987199183584,-0.14789342571981742,1.0247060594467876,1766201789.7860892
1.00896155834198,2.1888175010681152,1.8790446519851685,-3.028995981389254,-0.14788351819272882,1.024957916291791,1766201789.796059
1.0089247226715088,2.188755512237549,1.8789927959442139,-3.0289478049154797,-0.1482567957221464,1.024258978232276,1766201789.8060849
1.0089433193206787,2.1887595653533936,1.8789464235305786,-3.0290474630055577,-0.14844927025255578,1.0243130133051257,1766201789.8060982
1.008960485458374,2.1888058185577393,1.8789699077606201,-3.0288187113436047,-0.1484127369405033,1.0243148050371966,1766201789.8260465
1.009027361869812,2.188706159591675,1.8789502382278442,-3.028227221678253,-0.14797386825889877,1.0250076663600827,1766201789.826054
1.0090885162353516,2.188693046569824,1.8789142370224,-3.0283024288777716,-0.14809420147779823,1.0251194720520793,1766201789.8360784
1.009162425994873,2.1887123584747314,1.8789271116256714,-3.0283548756523757,-0.14827331213371278,1.0255461619578272,1766201789.8461473
1.009276032447815,2.1887264251708984,1.8789401054382324,-3.028724983257799,-0.14827779241416778,1.0268445856639101,1766201789.8561292
1.0093533992767334,2.1887714862823486,1.8789411783218384,-3.027770582849198,-0.14829339829957344,1.026595694384867,1766201789.8561776
1.00946044921875,2.188724994659424,1.878941297531128,-3.02737302044345,-0.14749895550057132,1.0273206143646507,1766201789.8661666
1.0095072984695435,2.1887364387512207,1.8789314031600952,-3.028456849371675,-0.1486871091357695,1.0273666405482813,1766201789.8759894
1.0095603466033936,2.188694715499878,1.8788765668869019,-3.026947482729068,-0.1486527550908139,1.0274552273503923,1766201789.8860164
1.009652853012085,2.1886870861053467,1.8788830041885376,-3.026314433216419,-0.14836516450742915,1.0277934740568597,1766201789.8959908
1.0096710920333862,2.1886818408966064,1.8788684606552124,-3.026026986692805,-0.1486576557246148,1.0263431217795254,1766201789.9061418
1.0096819400787354,2.1886322498321533,1.8788032531738281,-3.026396659036475,-0.1493273344910161,1.0260449921127086,1766201789.9061685
1.0098220109939575,2.1886277198791504,1.8788063526153564,-3.025511194717696,-0.14900911029688013,1.0270564075321071,1766201789.9160645
1.0098623037338257,2.1886210441589355,1.8787850141525269,-3.026267356887872,-0.14965849908816392,1.026902969040935,1766201789.9261172
1.009939193725586,2.188683032989502,1.8788408041000366,-3.0255061237197305,-0.149204928050752,1.0268651965775144,1766201789.936125
1.0099945068359375,2.188673257827759,1.8787866830825806,-3.0243197946101397,-0.14931147365930358,1.0274380602557842,1766201789.9460742
1.0100395679473877,2.1887009143829346,1.878778338432312,-3.025025785746334,-0.1495995948770224,1.0269362854901567,1766201789.9561589
1.010127067565918,2.188746213912964,1.878793478012085,-3.0253554138754044,-0.1497005764694088,1.0276906762105062,1766201789.9561856
1.0101982355117798,2.188694953918457,1.8787986040115356,-3.023881984613664,-0.14917358823934865,1.028419193696863,1766201789.9659584
1.0101550817489624,2.1888012886047363,1.8787914514541626,-3.023881765376456,-0.1491592630251462,1.027459720583834,1766201789.976134
1.0101162195205688,2.188784122467041,1.878720998764038,-3.024199516253522,-0.15026106927828708,1.0265911265620746,1766201789.996158
1.0101016759872437,2.188847541809082,1.8787100315093994,-3.0237068250832047,-0.1503690422335051,1.0261659662696894,1766201789.9961846
1.010039210319519,2.188955068588257,1.8787105083465576,-3.023485569760183,-0.15061489026040228,1.0257153524054767,1766201790.0061297
1.010013222694397,2.188983201980591,1.878658652305603,-3.023242234896856,-0.15031526155178201,1.0261083256652568,1766201790.0061553
1.00995671749115,2.18904709815979,1.8786108493804932,-3.0235604913846066,-0.1510506085552528,1.025290760844592,1766201790.0159955
1.009846806526184,2.1890807151794434,1.8785415887832642,-3.0242714734232847,-0.1514848825713504,1.0253798742688396,1766201790.0260296
1.0097603797912598,2.1891539096832275,1.8785083293914795,-3.024014778822183,-0.15091606130185953,1.0251622002330365,1766201790.0361507
1.009666085243225,2.189232349395752,1.8785039186477661,-3.0241423486181853,-0.1506242905874604,1.025165025087703,1766201790.0461214
1.0095798969268799,2.1893227100372314,1.8784599304199219,-3.0248135088505426,-0.1509476309291657,1.0249601654275233,1766201790.0561118
1.0094964504241943,2.1894466876983643,1.8784185647964478,-3.0255704016883014,-0.15072861556544387,1.0254713958296655,1766201790.0561402
1.009407639503479,2.189514398574829,1.878408670425415,-3.025749387327227,-0.15032237002281773,1.026077232715706,1766201790.066057
1.0093491077423096,2.189635753631592,1.8784019947052002,-3.025026352493527,-0.14967809652791114,1.026208982749471,1766201790.0760942
1.009131669998169,2.1897008419036865,1.8783354759216309,-3.0258411962712906,-0.15094941209902635,1.0251720676231517,1766201790.086151
1.0090467929840088,2.1897025108337402,1.8782742023468018,-3.026060699475629,-0.15042418654754738,1.0266314844809272,1766201790.0960975
1.0089280605316162,2.1899123191833496,1.8782986402511597,-3.0273642673296113,-0.15134195099715897,1.0258303371415565,1766201790.106123
1.0087802410125732,2.189972400665283,1.8782455921173096,-3.028113414689762,-0.15132639044620397,1.0267637584607474,1766201790.1062257
1.0086115598678589,2.1900012493133545,1.8782159090042114,-3.0271440605583626,-0.15149449670689907,1.0259910448625817,1766201790.1160345
1.0084556341171265,2.190072536468506,1.878190279006958,-3.0279442386590767,-0.15157443192013995,1.0261796243450354,1766201790.1260931
1.0083545446395874,2.1901497840881348,1.8781923055648804,-3.027517389922479,-0.15135548743483976,1.0263048963022932,1766201790.136137
1.008198857307434,2.1902101039886475,1.8781532049179077,-3.0285950116237634,-0.1519732612797037,1.0261588076378687,1766201790.1461449
1.0080845355987549,2.1902637481689453,1.8781262636184692,-3.028773455733271,-0.15176879730988502,1.0258823694666868,1766201790.1561322
1.007946491241455,2.190321445465088,1.878122329711914,-3.029294260337678,-0.15215372858790385,1.0256789496119125,1766201790.1562366
1.0077425241470337,2.1903347969055176,1.8780624866485596,-3.030248208752955,-0.15251629375228926,1.024707766580205,1766201790.1660786
1.007757544517517,2.1904730796813965,1.8781142234802246,-3.0289432603327806,-0.1512657135132193,1.0263993659501653,1766201790.1761506
1.0076433420181274,2.1905574798583984,1.8781273365020752,-3.0298191653502147,-0.15133419769564832,1.026089563435937,1766201790.1861477
1.0075783729553223,2.1906113624572754,1.8781402111053467,-3.030890202641349,-0.1511745736881615,1.0266796510973843,1766201790.1960628
1.0074973106384277,2.1906843185424805,1.8781675100326538,-3.0315804057617153,-0.15120548686697874,1.027181146727887,1766201790.2061489
1.0074692964553833,2.1907503604888916,1.878145694732666,-3.030967636533264,-0.1504820866384025,1.0285149336982524,1766201790.2161524
1.0073161125183105,2.1907622814178467,1.8781428337097168,-3.0315619008137387,-0.15065647464107002,1.0273026107276813,1766201790.2162323
1.0071871280670166,2.1907284259796143,1.878117322921753,-3.0309623877088776,-0.15052373615283768,1.0272392088919529,1766201790.2260704
1.0070879459381104,2.1908302307128906,1.87816321849823,-3.0334572679877256,-0.15127874051668927,1.0272670669686244,1766201790.2360766
1.0069350004196167,2.190798282623291,1.8781403303146362,-3.0319111760375916,-0.15107271999733235,1.0261828515206137,1766201790.2461317
1.006807565689087,2.190802812576294,1.8781206607818604,-3.0315444377111285,-0.15075219749008648,1.0258448821700727,1766201790.256158
1.0066922903060913,2.190793514251709,1.8781324625015259,-3.032267743307619,-0.15074346640831288,1.026307219654403,1766201790.266122
1.006577491760254,2.190753221511841,1.8781274557113647,-3.031600807962726,-0.15067770627548027,1.0261032136154389,1766201790.2661982
1.006452202796936,2.1907761096954346,1.878141164779663,-3.032310656360747,-0.1511269750447112,1.0263050732913688,1766201790.2760932
1.0063172578811646,2.1907057762145996,1.8781635761260986,-3.0326075322949535,-0.15097707435388985,1.0262243867256555,1766201790.2860675
1.006227970123291,2.190687894821167,1.878171682357788,-3.0317141923687574,-0.15043341668093768,1.0265028665583047,1766201790.2960565
1.0060821771621704,2.1906416416168213,1.8781697750091553,-3.0326185355245827,-0.15129830650243675,1.0260066663857959,1766201790.3061645
1.0060162544250488,2.190595865249634,1.8782029151916504,-3.0321000880065774,-0.15084187251281253,1.0277178894287222,1766201790.3062408
1.0059127807617188,2.190600633621216,1.8782119750976562,-3.032423801278562,-0.15073582284942283,1.0276056071724757,1766201790.3160677
1.0058512687683105,2.190519332885742,1.8782119750976562,-3.0321101240376236,-0.1509377984552131,1.0274739747193469,1766201790.3260913
1.0057525634765625,2.1904361248016357,1.8781955242156982,-3.032808200854633,-0.15178450222624032,1.0273011518721085,1766201790.336165
1.0056394338607788,2.1903858184814453,1.8782089948654175,-3.0330951455176622,-0.15226444029336703,1.0270349823552367,1766201790.3460832
1.0055795907974243,2.1902806758880615,1.8782103061676025,-3.0321073208742484,-0.15190570606495252,1.0267057413312946,1766201790.3561432
1.0054023265838623,2.190156936645508,1.8781670331954956,-3.0328937795745707,-0.15295097849075262,1.0255944809192687,1766201790.3562508
1.005287766456604,2.190011501312256,1.878117322921753,-3.031563121940559,-0.15316954830870683,1.0239292672337246,1766201790.3661082
1.0051956176757812,2.1899092197418213,1.878090262413025,-3.0317232836142107,-0.15307824077425267,1.0243113775363835,1766201790.3760567
1.0051299333572388,2.1898396015167236,1.8780980110168457,-3.031906100879085,-0.15352082267380063,1.0243667132897556,1766201790.386146
1.0050039291381836,2.1897385120391846,1.8780548572540283,-3.031892703246531,-0.15383965688742451,1.0232229761180498,1766201790.3961499
1.0049479007720947,2.189659833908081,1.8780614137649536,-3.031606907368325,-0.15350363088328522,1.022608194255396,1766201790.4061625
1.0049099922180176,2.1895246505737305,1.8780479431152344,-3.030608138188232,-0.15357013577234,1.0228311709510354,1766201790.4062393
1.0048576593399048,2.189446210861206,1.8780312538146973,-3.032629150604844,-0.15428524723643916,1.0223926334223763,1766201790.416021
1.0048229694366455,2.189366102218628,1.8780328035354614,-3.0325313225355113,-0.15424042353306583,1.0223499715649225,1766201790.426141
1.0048006772994995,2.189282178878784,1.8780423402786255,-3.031689341893545,-0.15412265931285452,1.0221371399579722,1766201790.436176
1.0047590732574463,2.1891982555389404,1.8780505657196045,-3.0321889164582783,-0.15445394378507268,1.0218694349997652,1766201790.4461284
1.0046906471252441,2.1891167163848877,1.878047227859497,-3.0325887218557352,-0.15460755063547385,1.0220654819865054,1766201790.456159
1.0046600103378296,2.1889917850494385,1.8780540227890015,-3.0319626070601475,-0.15441278311620968,1.0212477272553957,1766201790.4562378
1.0045545101165771,2.1888906955718994,1.878029465675354,-3.032479772226671,-0.15459829227937263,1.0209756007632842,1766201790.4660895
1.004512071609497,2.1888766288757324,1.8780436515808105,-3.0323545716024984,-0.1542689697727183,1.0207208862190842,1766201790.4761548
1.0044060945510864,2.18876051902771,1.8780232667922974,-3.031831615125619,-0.1543701747988146,1.0190368604600872,1766201790.4861357
1.0042539834976196,2.1886534690856934,1.8780288696289062,-3.0306551951142375,-0.15417013639453644,1.0172844540971453,1766201790.4961474
1.0041539669036865,2.1885435581207275,1.8780328035354614,-3.031874864006378,-0.1541849548259699,1.0169234285593307,1766201790.506156
1.0041239261627197,2.1884851455688477,1.8780643939971924,-3.0315695315664044,-0.15404923865911352,1.0168098599874331,1766201790.5061827
1.00408136844635,2.188413143157959,1.8780666589736938,-3.03192526006506,-0.15319107792694234,1.0170372601113296,1766201790.516045
1.0040209293365479,2.1883671283721924,1.87810218334198,-3.031922474431587,-0.15311037827580332,1.0162613025544212,1766201790.526065
1.0039691925048828,2.188277006149292,1.878101110458374,-3.0322660336408456,-0.15285630592812377,1.016606187066367,1766201790.5361545
1.0039687156677246,2.1882259845733643,1.8781208992004395,-3.032154799661592,-0.15289832602587128,1.0169107628749123,1766201790.5461617
1.0038917064666748,2.188100814819336,1.8781458139419556,-3.0324510043395563,-0.15278082026074416,1.0171524813108976,1766201790.556154
1.0039019584655762,2.187995195388794,1.8781495094299316,-3.032374895386499,-0.15232175146961666,1.0175047979830396,1766201790.556181
1.00380277633667,2.187769651412964,1.8780848979949951,-3.0317206496232787,-0.15232729869333142,1.0169867670952142,1766201790.5660937
1.003759503364563,2.1877729892730713,1.878134846687317,-3.0322756086402336,-0.1524114403170931,1.0173730417058744,1766201790.5760734
1.0037317276000977,2.187610387802124,1.8781377077102661,-3.032168772510113,-0.15234400344924265,1.0178154591811093,1766201790.5861106
1.0036441087722778,2.1874072551727295,1.8780988454818726,-3.032093189150615,-0.15253286158990162,1.0173393886811772,1766201790.5961623
1.0035943984985352,2.187314510345459,1.8780920505523682,-3.0307923266324472,-0.15170546916922376,1.017497959670763,1766201790.6061037
1.0035332441329956,2.1871464252471924,1.878084659576416,-3.031157006984905,-0.1520844424919785,1.0181675659533527,1766201790.6061306
1.0034565925598145,2.187004804611206,1.8780559301376343,-3.030759474642843,-0.15262800643345023,1.0172048773348508,1766201790.6160588
1.0033823251724243,2.186830759048462,1.878061294555664,-3.0300531245615794,-0.15279621827827403,1.0167715529925088,1766201790.6260455
1.0033451318740845,2.186741590499878,1.8780622482299805,-3.030627669375318,-0.15288797692235898,1.0177029837223668,1766201790.6361482
1.0033071041107178,2.1866936683654785,1.878119707107544,-3.030922126910043,-0.15313024862452435,1.018108712170575,1766201790.6461446
1.003278374671936,2.186617374420166,1.8781468868255615,-3.0306657713356544,-0.15291805721661775,1.018712654195198,1766201790.6561325
1.0031942129135132,2.1865286827087402,1.878177523612976,-3.030705027857593,-0.1531314188806963,1.0182352188680515,1766201790.6561592
1.0031816959381104,2.1865012645721436,1.8782439231872559,-3.030209872872687,-0.15263012816065222,1.0189709160235834,1766201790.6660233
1.0030814409255981,2.1864142417907715,1.8782386779785156,-3.0305226022090723,-0.15324303676771336,1.0184496892071147,1766201790.6760468
1.002988576889038,2.1863629817962646,1.8782423734664917,-3.0301709952955105,-0.15342016353588175,1.0183990927234603,1766201790.6861563
1.002902626991272,2.1863746643066406,1.8782896995544434,-3.0297600987461153,-0.1535065323417775,1.0184332399032765,1766201790.6961265
1.0026969909667969,2.186232089996338,1.8782559633255005,-3.029018171579533,-0.15335546061171454,1.0174468641963916,1766201790.7061474
1.0026198625564575,2.1862246990203857,1.8782646656036377,-3.0296258418823974,-0.15396193678372205,1.017220611067848,1766201790.7061744
1.0024797916412354,2.186161518096924,1.878265380859375,-3.030126033953302,-0.15420903807193365,1.0169621713830688,1766201790.7160087
1.0023307800292969,2.1861181259155273,1.8782553672790527,-3.029487505124977,-0.15414393932796525,1.0157154669437574,1766201790.7260885
1.0021438598632812,2.186046600341797,1.8782206773757935,-3.029191557867283,-0.153862940943494,1.0149378860206204,1766201790.7361598
1.0020222663879395,2.1860318183898926,1.8782240152359009,-3.030155341523239,-0.15409500865296352,1.015395011576177,1766201790.7461557
1.0019410848617554,2.1859753131866455,1.878237009048462,-3.0301795465590566,-0.1539623551031089,1.0149208596291914,1766201790.756153
1.0018528699874878,2.1859753131866455,1.8782457113265991,-3.0302100182560747,-0.15385644231289458,1.0145287645973389,1766201790.7561803
1.0018374919891357,2.1859962940216064,1.878283977508545,-3.0310725438893105,-0.15398022782416973,1.0154036560856123,1766201790.7659638
1.0017876625061035,2.1859824657440186,1.878312587738037,-3.030638995563677,-0.1538364653397327,1.015773472589079,1766201790.7760572
1.0017502307891846,2.1859774589538574,1.8783506155014038,-3.0310411713962773,-0.15353582600249435,1.0157343832812795,1766201790.786126
1.001664161682129,2.1858596801757812,1.8783353567123413,-3.030696976040476,-0.15421025846705266,1.0152466688508182,1766201790.7961597
1.0015310049057007,2.185851573944092,1.8783562183380127,-3.029587405972303,-0.15412747679214878,1.0141633002772377,1766201790.8061333
1.001482367515564,2.185756206512451,1.8783456087112427,-3.029487257919302,-0.15431663210694252,1.0141129668339084,1766201790.8161535
1.0014424324035645,2.1857101917266846,1.8783406019210815,-3.029421253368403,-0.15467491447717932,1.0141496446921099,1766201790.8161793
1.0013444423675537,2.1856658458709717,1.878338098526001,-3.0292525279446627,-0.15525759520007892,1.0130857769483206,1766201790.8261144
1.001261830329895,2.185598373413086,1.878330111503601,-3.0298428090379987,-0.1555602695866462,1.0126491851524508,1766201790.8360565
1.0012600421905518,2.1855854988098145,1.8783435821533203,-3.029543391973529,-0.15530370152471584,1.012376407049202,1766201790.846144
1.0012248754501343,2.1855249404907227,1.8783326148986816,-3.0291733839697246,-0.15545309846659722,1.0125863094499434,1766201790.8561525
1.001123070716858,2.185436487197876,1.8783239126205444,-3.0299360120579304,-0.15513342393171295,1.0114411990662444,1766201790.8661273
1.0010625123977661,2.1854116916656494,1.8783365488052368,-3.028858139411521,-0.1548826845604107,1.0104806093893977,1766201790.8662024
1.0010625123977661,2.1854641437530518,1.8783615827560425,-3.029816316042577,-0.15517180283475984,1.0111562399953284,1766201790.876096
1.001045823097229,2.1854147911071777,1.8783798217773438,-3.0283113079722837,-0.15443323140907086,1.0106305629518455,1766201790.8861082
1.001075029373169,2.1855292320251465,1.8784140348434448,-3.029012711816171,-0.15472828122704796,1.0117733474431443,1766201790.896064
1.001003384590149,2.1854991912841797,1.8784037828445435,-3.0291660128601836,-0.15440722004092736,1.0114467562106029,1766201790.9060926
1.0009868144989014,2.1855099201202393,1.8784265518188477,-3.0289930954680764,-0.15411329328170276,1.0109575445899244,1766201790.9161444
1.0009167194366455,2.1855292320251465,1.8784573078155518,-3.0291746900441594,-0.15443645843952516,1.0106043420194426,1766201790.9162035
1.0007710456848145,2.1854870319366455,1.878418207168579,-3.0289922886461675,-0.15457514575433157,1.0089205278432112,1766201790.926089
1.000715732574463,2.185464859008789,1.8784067630767822,-3.029422338394452,-0.1550280713552193,1.008487090263624,1766201790.936025
1.000644326210022,2.1854898929595947,1.8783975839614868,-3.0298278340118907,-0.15526115832135917,1.0083008999680227,1766201790.9460618
1.0005472898483276,2.1854913234710693,1.878382682800293,-3.029744529446005,-0.15546480685193753,1.0073716145325966,1766201790.9561508
1.0004788637161255,2.18548846244812,1.8783890008926392,-3.0292788533514905,-0.15487802308681542,1.00729104019905,1766201790.956229
1.0003899335861206,2.1854772567749023,1.8783857822418213,-3.0307612373038175,-0.15510515292224264,1.0069771881919145,1766201790.9661472
1.000311017036438,2.1854381561279297,1.878326177597046,-3.0283411167413874,-0.15449744969958162,1.0061826554140851,1766201790.9761565
1.000312089920044,2.185460090637207,1.878318428993225,-3.0293392640114987,-0.1550295748124369,1.006462518967474,1766201790.9861577
1.000272512435913,2.1855125427246094,1.878372073173523,-3.03050509936764,-0.15487266035331895,1.006446917044785,1766201790.9961498
1.0003129243850708,2.1855432987213135,1.8783730268478394,-3.0303632318743725,-0.15428196595679017,1.0071181856838074,1766201791.0061421
1.0003317594528198,2.1855790615081787,1.8783708810806274,-3.029990060885014,-0.15416073202411446,1.00723803118741,1766201791.0161507
1.0003632307052612,2.1855900287628174,1.8784078359603882,-3.029453914773666,-0.1539038000505295,1.0074499945257864,1766201791.016226
1.0002912282943726,2.1855156421661377,1.8783955574035645,-3.030625417986104,-0.15461750791377962,1.0071656710389827,1766201791.0261514
1.0003113746643066,2.1855106353759766,1.8784019947052002,-3.030061192787569,-0.15452045996827646,1.0068186980130178,1766201791.0361633
1.000276803970337,2.1854681968688965,1.8783677816390991,-3.0295054852279066,-0.1547090966838252,1.0060672804772537,1766201791.0461738
1.0003116130828857,2.185500383377075,1.8784091472625732,-3.0297939100374323,-0.15486019421622674,1.0062858838047692,1766201791.0561564
1.0002894401550293,2.1854379177093506,1.8783925771713257,-3.0296768633352475,-0.15524998244579366,1.0053532498401254,1766201791.056235
1.0002638101577759,2.1854212284088135,1.8783478736877441,-3.0297956167716427,-0.1558456161395865,1.005433092872191,1766201791.0661604
1.0002630949020386,2.185408353805542,1.8783173561096191,-3.029656721379128,-0.15607110588085638,1.005115380552437,1766201791.0761423
1.0002192258834839,2.185316562652588,1.8782966136932373,-3.0299728654739324,-0.1559463215923363,1.0044203818759705,1766201791.0861573
1.0002599954605103,2.1853177547454834,1.8782896995544434,-3.030076683171306,-0.15585362132264036,1.004777428521359,1766201791.096151
1.0002424716949463,2.1853175163269043,1.8782639503479004,-3.029368470366074,-0.15599580315198394,1.0044548199748562,1766201791.10614
1.0003187656402588,2.185358762741089,1.8783059120178223,-3.0289280374274585,-0.15587165027753808,1.004768812778538,1766201791.1061661
1.0003656148910522,2.1853535175323486,1.8783485889434814,-3.0294180391715284,-0.15546203814796944,1.0052094615391087,1766201791.116065
1.000426173210144,2.185364246368408,1.8783016204833984,-3.0287062081410236,-0.15528671437752942,1.005962269921921,1766201791.1260602
1.0004088878631592,2.1853671073913574,1.8783483505249023,-3.0290253595419845,-0.154810805235977,1.0055718021114344,1766201791.1360633
1.0005085468292236,2.1854641437530518,1.8783706426620483,-3.0289674190496942,-0.15530179534223718,1.0063011467722514,1766201791.1461418
1.00044584274292,2.1854469776153564,1.8783843517303467,-3.0299395453181543,-0.15545878125539128,1.0055570987526221,1766201791.1561527
1.000464916229248,2.185422897338867,1.8783727884292603,-3.0292501106436864,-0.15572440040607466,1.005342494390251,1766201791.1561797
1.0004335641860962,2.1854095458984375,1.8783737421035767,-3.0293741436979778,-0.15563822681365616,1.0045749323311381,1766201791.16602
1.0003836154937744,2.185359001159668,1.878339171409607,-3.0279772597081265,-0.1555693322119475,1.0038232764281314,1766201791.1761508
1.0003888607025146,2.185349464416504,1.87830650806427,-3.0286199596651278,-0.15591182395888087,1.0042339883698919,1766201791.186159
1.000361680984497,2.1852829456329346,1.8782838582992554,-3.028592754071737,-0.15566888305312032,1.004304543863342,1766201791.1961093
1.000369668006897,2.1852869987487793,1.878273606300354,-3.028315444359702,-0.156143625778748,1.0046933888743876,1766201791.2061691
1.0003849267959595,2.1852633953094482,1.8783022165298462,-3.029131917494953,-0.15577646026102746,1.0044580728899306,1766201791.2161522
1.0003418922424316,2.185232162475586,1.8782589435577393,-3.0295066056759548,-0.1556742548289838,1.0045703564710695,1766201791.2261357
1.0004037618637085,2.185206413269043,1.878300666809082,-3.029897686834502,-0.15552170204639415,1.0055258863430527,1766201791.226162
1.0004016160964966,2.1852242946624756,1.878280520439148,-3.0292603035701235,-0.1556337523773382,1.0059798053405353,1766201791.2360618
1.0004416704177856,2.185154676437378,1.8783035278320312,-3.029823160254437,-0.1554173264879062,1.0064149543159513,1766201791.246083
1.0004432201385498,2.185115337371826,1.8783314228057861,-3.029069587313086,-0.15534560647548262,1.0065025254850055,1766201791.2561245
1.0004314184188843,2.1851062774658203,1.87834632396698,-3.0290934012847077,-0.15529167718453685,1.006263126203803,1766201791.2561514
1.0003654956817627,2.185004711151123,1.8782932758331299,-3.0292310358151373,-0.1557094266541007,1.0056415717760774,1766201791.2661295
1.0003305673599243,2.184929132461548,1.8783026933670044,-3.0287711284100727,-0.15609346566187035,1.00580609104151,1766201791.2761447
1.0002344846725464,2.1848204135894775,1.878259539604187,-3.0290155652060635,-0.15662567415982312,1.0051045244772865,1766201791.2861488
1.0001728534698486,2.1847360134124756,1.8782249689102173,-3.029255418572018,-0.1567076736378536,1.0053214872423193,1766201791.2961423
1.000038504600525,2.1845991611480713,1.8781393766403198,-3.0279201580860082,-0.15742602189524604,1.0035580784686515,1766201791.3061492
0.9999193549156189,2.1844871044158936,1.8781124353408813,-3.0279704784112274,-0.15782848230007313,1.0032882290095217,1766201791.3061748
0.9998792409896851,2.1844162940979004,1.878114104270935,-3.02806395420814,-0.15791511648942108,1.0032178932905411,1766201791.3260522
0.9997417330741882,2.184307098388672,1.8780584335327148,-3.0275767599124683,-0.15793444989967817,1.0023927955871657,1766201791.32606
0.9997345209121704,2.1843037605285645,1.8780856132507324,-3.027341871482913,-0.1578024261230771,1.003133245066645,1766201791.3361533
0.99968022108078,2.1842639446258545,1.8781027793884277,-3.0290914337754056,-0.15829153893510228,1.0039289124258561,1766201791.3461578
0.9996311068534851,2.1842517852783203,1.8781027793884277,-3.0282606179709703,-0.15817891299573741,1.004431542092206,1766201791.3561423
0.9995822310447693,2.184190034866333,1.8781322240829468,-3.028809685918848,-0.15822341837482085,1.0050569576222042,1766201791.3561685
0.9995200037956238,2.184114694595337,1.8781081438064575,-3.0284763372861834,-0.1590389323204142,1.004717798955169,1766201791.3660903
0.9994435906410217,2.1840806007385254,1.8780936002731323,-3.029050105951368,-0.15915819867845515,1.004711096861261,1766201791.3760724
0.9992966055870056,2.184002637863159,1.8780616521835327,-3.02837032950281,-0.1590433291813451,1.004068843895477,1766201791.3861501
0.9992480278015137,2.1839990615844727,1.878075361251831,-3.0284916163512006,-0.15909219454030488,1.0042170216042876,1766201791.3961554
0.9991196393966675,2.183915376663208,1.8780648708343506,-3.028443580739298,-0.1595349140638056,1.00387077915086,1766201791.4061494
0.9989156723022461,2.183811902999878,1.8779897689819336,-3.028040653951742,-0.16006109630922238,1.0024959577970283,1766201791.4061754
0.9987652897834778,2.1837944984436035,1.8779475688934326,-3.0280404027438674,-0.1603825056887381,1.0017876278964744,1766201791.4161003
0.9985863566398621,2.1836869716644287,1.877897024154663,-3.027366180207492,-0.16072496809241513,1.0011593747713383,1766201791.4261367
0.9985597729682922,2.183706283569336,1.8779228925704956,-3.027217119050361,-0.1599349402333843,1.0025261252261572,1766201791.436133
0.9983915686607361,2.1836419105529785,1.8778883218765259,-3.027276434421112,-0.16034939328758305,1.0015609556560425,1766201791.4460874
0.9982980489730835,2.183661937713623,1.8778800964355469,-3.0275091996750887,-0.16035836393342826,1.0016576544252134,1766201791.4561539
0.9981799721717834,2.1836612224578857,1.8778884410858154,-3.027238993695912,-0.16021025979926082,1.0022819610723028,1766201791.4561806
0.9981157779693604,2.1837165355682373,1.8779282569885254,-3.027336657251813,-0.1600149215875748,1.0027207024369769,1766201791.4660778
0.9979478120803833,2.183759927749634,1.8779149055480957,-3.0268888872482127,-0.16057860679998445,1.004007567254033,1766201791.4760532
0.9977642893791199,2.183696985244751,1.8778952360153198,-3.027731072825772,-0.16077489681615034,1.0036784022508392,1766201791.4861636
0.997704029083252,2.183840036392212,1.8779776096343994,-3.0280829116970662,-0.16102246283657615,1.0056167221115955,1766201791.4961417
0.9975419640541077,2.1838643550872803,1.8779240846633911,-3.027564534494213,-0.16164069766227748,1.005159189157391,1766201791.5061386
0.9973429441452026,2.183911085128784,1.8779290914535522,-3.0283523930465726,-0.16157047605816366,1.0056006532610826,1766201791.5062644
0.9970980286598206,2.1838934421539307,1.877907633781433,-3.0280391222633702,-0.16163712503913194,1.0049205547307352,1766201791.5160954
0.9969820976257324,2.183995008468628,1.8779277801513672,-3.027743397341909,-0.16188773030573186,1.005160945084228,1766201791.5261345
0.996751606464386,2.184011459350586,1.877891182899475,-3.028354313427559,-0.16217972217985058,1.0045954115011835,1766201791.5361323
0.9964670538902283,2.184020757675171,1.877867579460144,-3.0278464743136904,-0.16197436584653344,1.00292861023982,1766201791.546167
0.9963052868843079,2.184144973754883,1.8778678178787231,-3.029145266143186,-0.1624475567648271,1.0032281806775634,1766201791.556148
0.9961287975311279,2.18420147895813,1.8778727054595947,-3.0297379668633533,-0.16191076214464595,1.0032778820900798,1766201791.5661447
0.9959586262702942,2.184323310852051,1.8779125213623047,-3.030681513667563,-0.16206940611496273,1.003638119101854,1766201791.5661688
0.9958230257034302,2.1844000816345215,1.8779325485229492,-3.029705695426522,-0.1614537732803649,1.003644074656286,1766201791.576065
0.9956791996955872,2.184579849243164,1.8779685497283936,-3.0308258599417726,-0.16154903529962525,1.004455888527118,1766201791.5860422
0.9955227375030518,2.1846697330474854,1.8780219554901123,-3.031770560484693,-0.16153986551822336,1.00485436320671,1766201791.5961509
0.9952799677848816,2.1847546100616455,1.878016471862793,-3.0316570109973373,-0.1615661971970342,1.005143072597903,1766201791.6061413
0.9950695037841797,2.1847989559173584,1.8780150413513184,-3.030854443780589,-0.16157480774207633,1.0046589336669594,1766201791.616149
0.9949541687965393,2.184964656829834,1.878089427947998,-3.032226847058472,-0.16164701688645652,1.0057815455775272,1766201791.6161737
0.9946560263633728,2.185012102127075,1.8780583143234253,-3.0319620026188683,-0.16176870193117773,1.003844854672555,1766201791.6261494
0.9943787455558777,2.185042381286621,1.8780220746994019,-3.0311441171814995,-0.16153086965742558,1.0022146122476228,1766201791.6360693
0.9940564632415771,2.1850852966308594,1.8779691457748413,-3.0316099130910374,-0.16202880647351517,1.0010866930071405,1766201791.6461604
0.9938192963600159,2.1851730346679688,1.8779700994491577,-3.0327594844031633,-0.16220735912765788,1.0007983838319672,1766201791.6561406
0.9935148358345032,2.185225009918213,1.8779221773147583,-3.032913336796222,-0.16275970615739233,0.9993554082471032,1766201791.656167
0.9932363629341125,2.1853249073028564,1.8779244422912598,-3.0336739225092377,-0.1624793155191599,0.9990017335846926,1766201791.6660905
0.9930697679519653,2.1854608058929443,1.8779547214508057,-3.0338273490267444,-0.16238475368461652,0.999367433933856,1766201791.6760619
0.9928590059280396,2.185591220855713,1.8779544830322266,-3.0338052208262374,-0.16132567924621521,0.9997072655136494,1766201791.6861224
0.9926683902740479,2.1857283115386963,1.877961277961731,-3.0347639178352583,-0.16210607735486618,0.999976615642071,1766201791.6960745
0.992480456829071,2.1858582496643066,1.8779802322387695,-3.0348776865394074,-0.1620861536880728,1.001141354416554,1766201791.7061121
0.9923108220100403,2.1859965324401855,1.878031849861145,-3.0352904919962578,-0.16237981462556025,1.0027792622297975,1766201791.7061257
0.9920507073402405,2.1860766410827637,1.8780226707458496,-3.0366340322671923,-0.16217113029238195,1.0028405468679387,1766201791.7160914
0.9919488430023193,2.186232805252075,1.878054141998291,-3.036366509876781,-0.16180525744238008,1.004012098743123,1766201791.7360544
0.9916700124740601,2.1863114833831787,1.878028392791748,-3.036295193191366,-0.16165850583950755,1.003596824939762,1766201791.7360635
0.9914225339889526,2.186331272125244,1.8780245780944824,-3.03601803348365,-0.16177787953397296,1.0032234756846812,1766201791.7460546
0.9910956621170044,2.1864068508148193,1.877980351448059,-3.0363773488146,-0.16187649069117346,1.001357657521269,1766201791.7560549
0.9908566474914551,2.1864395141601562,1.8779675960540771,-3.0362367143943927,-0.1612732914256098,1.00172078413658,1766201791.7560632
0.9905999302864075,2.186497926712036,1.877940058708191,-3.036087133307458,-0.16113199735101597,1.0009324163940507,1766201791.766164
0.9903649687767029,2.1865861415863037,1.877947211265564,-3.0360773029049093,-0.16103875628907843,1.0008070542761665,1766201791.7761405
0.990084707736969,2.186584234237671,1.8779127597808838,-3.0362168596597874,-0.16075222113459137,1.0005680900925553,1766201791.7861464
0.9899251461029053,2.186671733856201,1.8778996467590332,-3.0364042341909467,-0.16075179495409095,1.0018929757631987,1766201791.7961543
0.9897077083587646,2.186741828918457,1.8778921365737915,-3.0365966726633404,-0.16058091288574622,1.0025162477081497,1766201791.806157
0.9895009398460388,2.186875343322754,1.8779065608978271,-3.0375564486734272,-0.1609821802190684,1.0047574548839096,1766201791.8061836
0.9893515706062317,2.1869990825653076,1.8779619932174683,-3.03909573442388,-0.16112552610360198,1.0065252847130028,1766201791.8160596
0.9891534447669983,2.186999797821045,1.8779544830322266,-3.0378439270726383,-0.1610110060283227,1.0067443932894882,1766201791.8261123
0.9888699054718018,2.1871016025543213,1.8779425621032715,-3.037594079937051,-0.16050826478314742,1.0065526788442836,1766201791.8361378
0.9886627197265625,2.1872012615203857,1.8779661655426025,-3.0386101638525385,-0.1606150059663518,1.0072218696591855,1766201791.8461404
0.9884093999862671,2.187265396118164,1.8779833316802979,-3.0383269679298257,-0.16039681959499869,1.0075189557559128,1766201791.8561502
0.9880728721618652,2.187277317047119,1.8779537677764893,-3.0389368015997777,-0.16041211043138365,1.0065317112381,1766201791.8661673
0.9878496527671814,2.187411308288574,1.8779692649841309,-3.038880128730019,-0.160529447961535,1.0069770462401921,1766201791.8661914
0.9875075221061707,2.18740177154541,1.8779131174087524,-3.040101304212993,-0.16149514433556297,1.0065498099860577,1766201791.8761084
0.9872681498527527,2.1875,1.8779160976409912,-3.0406515355808645,-0.16109620236007557,1.0073467195540553,1766201791.886008
0.9870395064353943,2.1875712871551514,1.8779222965240479,-3.0401195939753833,-0.1609742848801985,1.007949896777339,1766201791.8959916
0.9867669343948364,2.187563180923462,1.8778818845748901,-3.0410014372118206,-0.1621317966575246,1.0080181482830757,1766201791.9061692
0.9865990877151489,2.1876180171966553,1.877881407737732,-3.0411444782845645,-0.16142130847670305,1.00848946373568,1766201791.9061959
0.9864445328712463,2.187687873840332,1.8778859376907349,-3.0413684870767494,-0.16149184753043336,1.0102951827133184,1766201791.9159968
0.9863433837890625,2.1877870559692383,1.8779022693634033,-3.0408546529466736,-0.16079635967251424,1.0117419671761483,1766201791.9260988
0.9862290620803833,2.1878867149353027,1.877913236618042,-3.040228882186076,-0.16086239506896985,1.0123428423271223,1766201791.9361026
0.9861259460449219,2.1879677772521973,1.8779606819152832,-3.0414308307158775,-0.16085060565485637,1.0140902091222803,1766201791.946167
0.986018717288971,2.18796968460083,1.8779410123825073,-3.0404179343293896,-0.16030187635962054,1.0151508816042194,1766201791.956071
0.9858512878417969,2.1880276203155518,1.8779255151748657,-3.0406940135059517,-0.16068406245504255,1.0148821915427155,1766201791.9661393
0.985682487487793,2.188042163848877,1.8779208660125732,-3.041269891355196,-0.16138849636221328,1.0152392106205437,1766201791.9661639
0.9854956269264221,2.188080072402954,1.877900242805481,-3.0419001675525843,-0.1615975250366538,1.0153000761258104,1766201791.9760754
0.9853093028068542,2.1880767345428467,1.8778718709945679,-3.0404869122490426,-0.16198630248431903,1.0155469541119733,1766201791.9860435
0.9851132035255432,2.1880924701690674,1.8778445720672607,-3.04021333156853,-0.16163383678079735,1.016206739721319,1766201791.9961417
0.9849257469177246,2.1881301403045654,1.8778119087219238,-3.0413797592440885,-0.16269636686603248,1.0158565625280538,1766201792.0061157
0.9847429394721985,2.188131332397461,1.877830147743225,-3.040940415849413,-0.1617254603035397,1.0162907667098273,1766201792.006142
0.9845823049545288,2.1881682872772217,1.8777998685836792,-3.041762907348111,-0.16241584492644578,1.0162859538799534,1766201792.0160005
0.9844956994056702,2.188267707824707,1.8778363466262817,-3.042245557107807,-0.1626163168367109,1.0173663290747008,1766201792.0260055
0.9843438863754272,2.188291072845459,1.8778114318847656,-3.0426614976288797,-0.16237561263025177,1.017592899737883,1766201792.0360637
0.9842713475227356,2.1883633136749268,1.8778373003005981,-3.0424696707473653,-0.16237656006028725,1.018894021459249,1766201792.0460467
0.9840683937072754,2.1883668899536133,1.8778048753738403,-3.0415178818590247,-0.16190530257119193,1.0186154404991128,1766201792.0560057
0.9840245842933655,2.1884799003601074,1.8778334856033325,-3.041861905373174,-0.16169710774169901,1.0205560885079383,1766201792.0560155
0.9838329553604126,2.188509225845337,1.8778138160705566,-3.0418541201517155,-0.16208774562196474,1.0203691340591021,1766201792.0659616
0.9836875796318054,2.1885695457458496,1.877771019935608,-3.042854447015693,-0.16233463444845322,1.020819784368397,1766201792.0760353
0.9834791421890259,2.1885933876037598,1.877716302871704,-3.0435877032255187,-0.16335245271792864,1.0207595405259042,1766201792.0861366
0.9833117723464966,2.1886281967163086,1.8776987791061401,-3.0430956690578213,-0.16344426690578753,1.0208461008245973,1766201792.0960836
0.9830483198165894,2.188645124435425,1.8776365518569946,-3.0431682185023856,-0.1635433369803737,1.0199178477660047,1766201792.1060815
0.9828522801399231,2.188678503036499,1.87759268283844,-3.0440890973133405,-0.16385293335784634,1.020569956604564,1766201792.1061072
0.9826292991638184,2.188688278198242,1.8775672912597656,-3.043515595299648,-0.16412863945968442,1.0202705406669537,1766201792.11603
0.9823760390281677,2.1887097358703613,1.8774988651275635,-3.044287221429846,-0.16553183158889964,1.0195659626183131,1766201792.1260927
0.9821698665618896,2.1887683868408203,1.8774693012237549,-3.0446832154267036,-0.1649361418713478,1.019769755371437,1766201792.1461468
0.9820200204849243,2.1888248920440674,1.8774350881576538,-3.0453139378832934,-0.16498420242952175,1.0211147715852547,1766201792.1461718
0.9819197654724121,2.1889424324035645,1.8774633407592773,-3.0454446924567633,-0.1649295902098046,1.0223742298254161,1766201792.155997
0.981696367263794,2.1889150142669678,1.8773918151855469,-3.0464084940145106,-0.16554107694765174,1.0220388820824886,1766201792.1560593
0.9815289378166199,2.188958168029785,1.8773752450942993,-3.0460640533804346,-0.16550648509373184,1.0219170254682262,1766201792.166088
0.9813730120658875,2.189077854156494,1.8773646354675293,-3.046971418224434,-0.16600292428653085,1.0218407545208175,1766201792.1761055
0.9812297224998474,2.1890764236450195,1.877327799797058,-3.0465088740785804,-0.16547238335049338,1.0217791197681987,1766201792.1861393
0.9810150861740112,2.1890642642974854,1.8772785663604736,-3.0467952106172107,-0.16572281743719047,1.0209538145099804,1766201792.1961048
0.980833113193512,2.189074993133545,1.8772318363189697,-3.046823303892302,-0.16626166412501556,1.0201145162928873,1766201792.206096
0.9806983470916748,2.189105749130249,1.87717604637146,-3.0486425453754267,-0.1667940589881942,1.0206383766632712,1766201792.2061777
0.9804356694221497,2.189089059829712,1.8770909309387207,-3.047589839443609,-0.1673004089306191,1.0188936350462652,1766201792.2160618
0.9803183078765869,2.189150333404541,1.8770602941513062,-3.046924594571933,-0.1668963363561876,1.018755203550586,1766201792.2261336
0.9802183508872986,2.189202308654785,1.8770482540130615,-3.048108309710862,-0.1675060839785539,1.0189148829934886,1766201792.2361321
0.980070173740387,2.1891791820526123,1.8769663572311401,-3.0479904475328055,-0.16745575151781789,1.0186214882357938,1766201792.2461364
0.9799871444702148,2.189267635345459,1.8769444227218628,-3.0485770781817547,-0.16792089635770488,1.0189163385898063,1766201792.2561457
0.9798708558082581,2.1892478466033936,1.876874566078186,-3.048598280559276,-0.167741626939044,1.019295261189456,1766201792.2561722
0.9799032807350159,2.1893951892852783,1.87693452835083,-3.0484187894854604,-0.16693932111514573,1.019831414036576,1766201792.266143
0.9798095226287842,2.1894588470458984,1.8769161701202393,-3.049392819712793,-0.1673814765217316,1.0199326724921807,1766201792.2760623
0.9797611832618713,2.1894664764404297,1.8768861293792725,-3.048724611215806,-0.16696508779723848,1.0204400574990364,1766201792.2860663
0.9797170758247375,2.1895222663879395,1.8768342733383179,-3.0496492454176,-0.16733129853628145,1.0199882601769419,1766201792.2960663
0.9796796441078186,2.189624071121216,1.8768516778945923,-3.04968362416031,-0.16719895131375329,1.0205347443620305,1766201792.306152
0.9795966744422913,2.1896276473999023,1.8768086433410645,-3.048701838498134,-0.16716704477797323,1.0203098030730562,1766201792.3061786
0.9795613884925842,2.18965220451355,1.8767938613891602,-3.0500146352584014,-0.16775661874828826,1.0201924754801415,1766201792.3160708
0.9795439839363098,2.1897175312042236,1.8767549991607666,-3.049701508786221,-0.16794942104906704,1.0196693312745817,1766201792.3261387
0.979552149772644,2.189774513244629,1.8767553567886353,-3.050234708895635,-0.16843320569491746,1.01983715421886,1766201792.3361626
0.9795524477958679,2.1898276805877686,1.8767436742782593,-3.049857735953005,-0.168050808754697,1.0202774105369736,1766201792.3461187
0.9794226884841919,2.189797878265381,1.876657485961914,-3.049019007032901,-0.1682896935224221,1.0186384125978232,1766201792.3560624
0.9794051647186279,2.189769983291626,1.876637578010559,-3.049813908987781,-0.16849629252736398,1.0188685213174675,1766201792.3560698
0.9794498085975647,2.1898488998413086,1.8766334056854248,-3.0502247237146007,-0.1685526866006534,1.0192733197178951,1766201792.366151
0.9794801473617554,2.189870834350586,1.876623511314392,-3.0492819555315323,-0.16858185969949407,1.0189585879555283,1766201792.3760874
0.9795433282852173,2.1899404525756836,1.8766233921051025,-3.049193841581629,-0.1682301379975661,1.0189453629422685,1766201792.3861508
0.979613721370697,2.1899473667144775,1.8766239881515503,-3.048758924340998,-0.16754732765373184,1.0195909787676851,1766201792.3961372
0.9797145128250122,2.1900336742401123,1.8766696453094482,-3.0505332947552426,-0.16793972620353037,1.0203787430330016,1766201792.4060812
0.9797629117965698,2.190065860748291,1.8766603469848633,-3.0495795603461384,-0.1680083408681681,1.0199451193939364,1766201792.406218
0.9798060655593872,2.1900546550750732,1.8766175508499146,-3.0496905292959084,-0.16807328142093653,1.01975726233475,1766201792.4161005
0.9798914194107056,2.1901419162750244,1.8766379356384277,-3.049452799221723,-0.16797732126148085,1.0206483298446867,1766201792.4260435
0.9799373745918274,2.1900856494903564,1.8765956163406372,-3.048585036599404,-0.16763015899699357,1.0198457845129723,1766201792.436109
0.9799785614013672,2.1900794506073,1.8765647411346436,-3.0482252367871063,-0.16767594526805116,1.019809166031959,1766201792.4461555
0.9800207614898682,2.1900551319122314,1.8765572309494019,-3.0479845971740334,-0.1675142628299712,1.0192947990331784,1766201792.456188
0.9800963997840881,2.190063714981079,1.8765372037887573,-3.0480886589944696,-0.1680675248099117,1.0202140051172484,1766201792.4562142
0.9801384210586548,2.190016031265259,1.8765090703964233,-3.0482127722580215,-0.16796900428041714,1.020418036511269,1766201792.466153
0.9802243113517761,2.189962148666382,1.8765063285827637,-3.0481347627348168,-0.16817889460871763,1.0212101289217608,1766201792.4761605
0.980266809463501,2.1899425983428955,1.8764938116073608,-3.047617291498052,-0.16787228202738944,1.0212436398056612,1766201792.4861367
0.9803899526596069,2.1899607181549072,1.876503586769104,-3.047338198540214,-0.1677519490442143,1.0223518809312195,1766201792.4961662
0.9805174469947815,2.1899662017822266,1.8765097856521606,-3.048732199704863,-0.1682255343924415,1.023772270398717,1766201792.5061457
0.9806475639343262,2.189990997314453,1.8765449523925781,-3.0486416671831873,-0.16799645829263904,1.0249767733413109,1766201792.5061715
0.9807605147361755,2.1899454593658447,1.8765264749526978,-3.0473180854831403,-0.1672746124702453,1.025819882505111,1766201792.5160637
0.980854332447052,2.189929723739624,1.876534342765808,-3.047951606638165,-0.16740831971378825,1.026710777997856,1766201792.5260541
0.9809564352035522,2.189892053604126,1.8765619993209839,-3.047641055371753,-0.1674956567339158,1.0270529716967292,1766201792.5360794
0.9809759259223938,2.189774751663208,1.8765357732772827,-3.047579452404552,-0.1671430449728966,1.0278441447547844,1766201792.5461578
0.9811161160469055,2.1898045539855957,1.8765383958816528,-3.0471666877119548,-0.16716719618502796,1.0292422865496191,1766201792.5561635
0.9811608195304871,2.1897201538085938,1.876531958580017,-3.0476771730524717,-0.16741375364091454,1.0297173816254241,1766201792.5561907
0.9812104105949402,2.189671754837036,1.876486897468567,-3.04702739161781,-0.16755859057137043,1.0300538931930043,1766201792.5661192
0.9812584519386292,2.189638614654541,1.8764574527740479,-3.0472284011882906,-0.16776850237962038,1.0305332218344254,1766201792.5761423
0.9813944101333618,2.1896133422851562,1.8764753341674805,-3.047605987051044,-0.1673637283967967,1.0321044013496936,1766201792.5861545
0.9813979268074036,2.189516544342041,1.8764147758483887,-3.046325381747572,-0.16773721080510393,1.0319895031555197,1766201792.5961576
0.9815346002578735,2.1895341873168945,1.8764325380325317,-3.048062946017432,-0.16816833593134123,1.033277826319756,1766201792.606131
0.9816563129425049,2.189504861831665,1.8764747381210327,-3.047884475927329,-0.1679811958916798,1.034575322320253,1766201792.6061382
0.9817616939544678,2.1894729137420654,1.8764727115631104,-3.047574841404508,-0.1672499141114353,1.0362486194257319,1766201792.6160939
0.9818548560142517,2.1894402503967285,1.8764442205429077,-3.047894397148435,-0.16764542099384686,1.0371611234063454,1766201792.6261055
0.9819402098655701,2.189345359802246,1.8764705657958984,-3.0484645035205333,-0.16808736421939047,1.0379816641583688,1766201792.6361458
0.9819731116294861,2.1892213821411133,1.8764053583145142,-3.0479671201581904,-0.1679585773344616,1.0375575983163143,1766201792.6461601
0.982149064540863,2.1891932487487793,1.876456379890442,-3.0476376951379907,-0.16771032236477643,1.0393535011447372,1766201792.656141
0.982216477394104,2.1891441345214844,1.8764647245407104,-3.0470018643785095,-0.16780699971332824,1.039577901039323,1766201792.656258
0.9822732210159302,2.1890621185302734,1.8764679431915283,-3.047032007374568,-0.16808611903997212,1.0399264778525896,1766201792.6661456
0.9823237657546997,2.1889703273773193,1.8764069080352783,-3.0469771895978113,-0.16801466992329117,1.0403593059847418,1766201792.6760523
0.9823729991912842,2.188908100128174,1.8763989210128784,-3.047202931569594,-0.16887803590135914,1.0401641413474676,1766201792.6860049
0.9824081659317017,2.188791275024414,1.8763411045074463,-3.0466551955150307,-0.16908798444316028,1.040621593019289,1766201792.6961496
0.9823787808418274,2.1886377334594727,1.8762701749801636,-3.0472480863677056,-0.17014687065358255,1.0404404981787878,1766201792.706201
0.9823982119560242,2.1885793209075928,1.8762321472167969,-3.046560339660767,-0.17025332202471943,1.04065442602953,1766201792.7062266
0.9825337529182434,2.1885204315185547,1.876268982887268,-3.046470533132343,-0.17001101708309221,1.0419044986635493,1766201792.7160647
0.9825446605682373,2.1883983612060547,1.8761940002441406,-3.046438640923592,-0.1707231360547751,1.0430425514467512,1766201792.7261395
0.9826262593269348,2.1883411407470703,1.8762142658233643,-3.0466523881712533,-0.17048885830346938,1.043477203441596,1766201792.7361648
0.9826211929321289,2.1882340908050537,1.8761951923370361,-3.04620628893257,-0.1706606167359872,1.044061889394268,1766201792.7461114
0.9826347827911377,2.1881632804870605,1.8761529922485352,-3.046657228747672,-0.17124096436844527,1.0445864261267945,1766201792.756134
0.982653021812439,2.1880674362182617,1.876133918762207,-3.0469451260038736,-0.17154442305945092,1.0453099754729211,1766201792.7561607
0.9827207326889038,2.1880156993865967,1.8761452436447144,-3.0464926310714455,-0.17173113250470118,1.0463154254718159,1766201792.766143
0.9827106595039368,2.1879830360412598,1.876110315322876,-3.046949510339362,-0.17214015952617365,1.0469650476167245,1766201792.7761621
0.9827257990837097,2.1879923343658447,1.8760943412780762,-3.0465958965190896,-0.17218023523180723,1.047160809133428,1766201792.7860866
0.9826481938362122,2.1878809928894043,1.8760426044464111,-3.0480430371792413,-0.1732961937292875,1.0467542449685912,1766201792.7961648
0.9826411008834839,2.187859296798706,1.876060962677002,-3.0470527035354587,-0.17313487512154982,1.0470953728910135,1766201792.8060977
0.9824493527412415,2.187640905380249,1.8759416341781616,-3.0472905271693485,-0.17371159175495718,1.0455854702366458,1766201792.806125
0.982451856136322,2.187610149383545,1.875922441482544,-3.046691305149455,-0.1735113756000797,1.0464437852168127,1766201792.8160655
0.982424259185791,2.1875717639923096,1.8758938312530518,-3.0484186976093763,-0.1741813685257361,1.046986070266378,1766201792.8260956
0.9824053645133972,2.1874895095825195,1.875869870185852,-3.0473021677324152,-0.1739145870063208,1.0474777836487383,1766201792.83608
0.9823374152183533,2.187397003173828,1.8758271932601929,-3.048356353638381,-0.17448801887496151,1.0470603734802273,1766201792.8461452
0.9823106527328491,2.1872811317443848,1.8758015632629395,-3.0480326548271055,-0.17468485649230495,1.0471958763585285,1766201792.8561335
0.982296347618103,2.1873018741607666,1.8758232593536377,-3.04774434103344,-0.17450446422794075,1.0480626129268664,1766201792.8561604
0.9822885990142822,2.187248706817627,1.875803828239441,-3.0487626477906016,-0.1751255609936671,1.049066393495496,1766201792.8661823
0.9822673797607422,2.187183141708374,1.8757885694503784,-3.0487194796288453,-0.17528846846049354,1.0490447488248213,1766201792.876062
0.9822258353233337,2.187094211578369,1.8757643699645996,-3.048540495950666,-0.1753769219224362,1.0495649622115033,1766201792.8860428
0.9822620749473572,2.1870639324188232,1.8757599592208862,-3.0482958989396836,-0.17585958318000924,1.0502242517363218,1766201792.8961408
0.9821855425834656,2.186955213546753,1.8757097721099854,-3.0485872648595085,-0.17685786165679165,1.0500008689937481,1766201792.9061346
0.982056200504303,2.186809539794922,1.875651240348816,-3.047832602118323,-0.17744895032035016,1.0489942036242352,1766201792.9061615
0.9819812178611755,2.1866652965545654,1.8756204843521118,-3.047290359147695,-0.17748949947537176,1.048839595669385,1766201792.9161
0.9819066524505615,2.186541795730591,1.8755744695663452,-3.0472892337775646,-0.1785964682132124,1.048607798924393,1766201792.926043
0.9819254279136658,2.1864588260650635,1.8755650520324707,-3.047529707458488,-0.17871749400928177,1.050249988349155,1766201792.9359946
0.9818155169487,2.186333179473877,1.8755192756652832,-3.0468921768492416,-0.17927448944419827,1.04951697676305,1766201792.9461489
0.9817844033241272,2.186256170272827,1.8755115270614624,-3.047222694413334,-0.17938875629288317,1.0502239416462424,1766201792.9561548
0.9818480610847473,2.186187744140625,1.875567078590393,-3.04753651191693,-0.17918036169498008,1.0519813060572607,1766201792.966151
0.9817437529563904,2.1861281394958496,1.8755240440368652,-3.0477233806607225,-0.18011624929750825,1.0509462751915797,1766201792.9662807
0.9817062020301819,2.186007022857666,1.875497579574585,-3.0464649908025097,-0.17984017255010604,1.0518387823451354,1766201792.9760768
0.9817249178886414,2.185889959335327,1.8754782676696777,-3.0467022693362495,-0.17991196012604815,1.052785297699738,1766201792.9861386
0.9817147850990295,2.1858232021331787,1.8754875659942627,-3.0470339183174535,-0.18014556320755928,1.053736736199196,1766201792.9961345
0.981691300868988,2.1857309341430664,1.8754866123199463,-3.046139898508541,-0.1798883632151769,1.0541606302740518,1766201793.0061975
0.9817003011703491,2.185688018798828,1.8755089044570923,-3.046027264931169,-0.17971501435680198,1.0553858196858812,1766201793.0062242
0.9816921949386597,2.185590982437134,1.875490427017212,-3.0467409351287356,-0.18049716889590328,1.0559679942841194,1766201793.0160625
0.9816650748252869,2.1855249404907227,1.8754955530166626,-3.0455045666986447,-0.18050246326608171,1.0564185316709083,1766201793.0261288
0.981611967086792,2.1853978633880615,1.8754546642303467,-3.044577733266146,-0.17998393641935087,1.0567090741018845,1766201793.0361068
0.981568455696106,2.1853017807006836,1.8754353523254395,-3.04540894940838,-0.18078753507656922,1.0571393651386174,1766201793.0461574
0.9814907908439636,2.185241460800171,1.875413179397583,-3.0447457634174135,-0.1807224026136628,1.0567294229114401,1766201793.056129
0.9814715385437012,2.1851258277893066,1.8753904104232788,-3.0458889743628825,-0.18121829229904363,1.057546590958299,1766201793.0661619
0.9814351797103882,2.1850526332855225,1.8753771781921387,-3.0456210281201606,-0.18143095541082943,1.0578653091732864,1766201793.066187
0.981475293636322,2.1850428581237793,1.8754198551177979,-3.0447316606153763,-0.18062130884643884,1.059065134768713,1766201793.076065
0.9814497828483582,2.185016393661499,1.8754383325576782,-3.0446967242626353,-0.18054159293514152,1.0595567846371823,1766201793.0861573
0.9814243316650391,2.184943914413452,1.8754162788391113,-3.044522273032611,-0.1806124942738319,1.060330050446038,1766201793.0960763
0.9814316630363464,2.184941291809082,1.8754507303237915,-3.0442072400522853,-0.18025324037549317,1.0609524568275357,1766201793.106152
0.9813591241836548,2.1848080158233643,1.8754225969314575,-3.044399234322821,-0.18081885529952144,1.0614410812156563,1766201793.116142
0.9813365936279297,2.18475341796875,1.8754277229309082,-3.0435110099914744,-0.18014027387553055,1.062240790802379,1766201793.1161795
0.9813008308410645,2.18473744392395,1.8754186630249023,-3.0454137021505883,-0.18103804437512672,1.0630984456620305,1766201793.1260946
0.9811832904815674,2.184633255004883,1.8753894567489624,-3.0441304218620417,-0.18112984745761146,1.0624452272763043,1766201793.1360252
0.981165885925293,2.1846044063568115,1.8753858804702759,-3.0438756242700133,-0.1809779288544284,1.062760799161599,1766201793.146157
0.9810693860054016,2.184511184692383,1.8753609657287598,-3.044605542586101,-0.1811723456301809,1.06305900014744,1766201793.156157
0.9810364246368408,2.1844921112060547,1.8753443956375122,-3.0442738546455983,-0.1813072964143062,1.0632857417113222,1766201793.166163
0.9809216260910034,2.184413433074951,1.8753020763397217,-3.043670403765911,-0.18138194943200184,1.0625065007911796,1766201793.1661882
0.9808193445205688,2.1843762397766113,1.875311255455017,-3.0442435706713082,-0.1817912812126821,1.0633072724834303,1766201793.1760962
0.9807530045509338,2.1842987537384033,1.8752832412719727,-3.044701323330803,-0.18136768085885843,1.0626612618425477,1766201793.1860187
0.980664849281311,2.184279441833496,1.8752762079238892,-3.043959334229283,-0.18144361545464244,1.0629334010492686,1766201793.1961498
0.9806423187255859,2.1843085289001465,1.8753145933151245,-3.0452408617317177,-0.18119719335273976,1.0631747882440052,1766201793.2062073
0.9805967807769775,2.184340238571167,1.8753150701522827,-3.0454141347869252,-0.1814517520216761,1.06434094042917,1766201793.2062337
0.9805768728256226,2.184358835220337,1.875361680984497,-3.04492132011654,-0.18099299096578386,1.0640201731234742,1766201793.2161596
0.9805169105529785,2.1843347549438477,1.8753492832183838,-3.0454293726494117,-0.1810616159221963,1.0645749115859442,1766201793.2261555
0.9805004596710205,2.184375524520874,1.8753714561462402,-3.0455742724165846,-0.18092224772895238,1.0641691697706237,1766201793.2361486
0.9803876876831055,2.184375286102295,1.8753564357757568,-3.0462985918808383,-0.181424951565938,1.0633164701247209,1766201793.2460923
0.9802907109260559,2.184346914291382,1.875340461730957,-3.045298915514251,-0.18066634324985137,1.0631378159399592,1766201793.2560935
0.9802426099777222,2.184417247772217,1.8753957748413086,-3.045721319652559,-0.18055993342973692,1.0635302436128682,1766201793.2561202
0.9801600575447083,2.1844091415405273,1.8753750324249268,-3.0468314557215113,-0.1812270047519101,1.0633739217462626,1766201793.2661774
0.9800846576690674,2.184399127960205,1.875378966331482,-3.0460403818188198,-0.18092026801114144,1.0631053342671977,1766201793.2761323
0.9799998998641968,2.184401512145996,1.875377893447876,-3.046573075340299,-0.18057107146498527,1.0633212950699682,1766201793.2861447
0.9799038171768188,2.1844077110290527,1.8753803968429565,-3.046316622202726,-0.1807952033995731,1.0627459916688151,1766201793.2961495
0.9798497557640076,2.1844229698181152,1.8754243850708008,-3.0459287214616975,-0.1803458599883807,1.0623010489701548,1766201793.306144
0.9797497987747192,2.18436861038208,1.875407099723816,-3.0463550749646866,-0.18056929488910586,1.0623850974588334,1766201793.3061717
0.979817807674408,2.184410333633423,1.8754420280456543,-3.0465454786014243,-0.17959947151114633,1.0637362995415223,1766201793.3161516
0.9798071384429932,2.184464931488037,1.8754754066467285,-3.0462410179560804,-0.1792531305524558,1.0642802576460795,1766201793.3261595
0.9797723889350891,2.184448719024658,1.875489354133606,-3.0478943677171397,-0.17984274078187043,1.0641546002378037,1766201793.3361382
0.9797906279563904,2.1844372749328613,1.875505805015564,-3.046169730708464,-0.17933103614146023,1.0643206403492844,1766201793.3461547
0.9798087477684021,2.1844358444213867,1.8755217790603638,-3.0463863595239666,-0.1792377778118792,1.0657839195318652,1766201793.3561554
0.9798377156257629,2.1844308376312256,1.875544786453247,-3.047305480476235,-0.17952983342528708,1.0660679746330053,1766201793.3661566
0.9797986745834351,2.1843838691711426,1.8755382299423218,-3.0471486147660083,-0.17951791100396766,1.066346794193352,1766201793.3761418
0.9797664880752563,2.1843247413635254,1.8755238056182861,-3.0470776540025124,-0.17995896018145383,1.0663178193098908,1766201793.3761666
0.9798225164413452,2.1843228340148926,1.8755311965942383,-3.0455472854007777,-0.17977159459222042,1.0659722957662037,1766201793.3861475
0.9797845482826233,2.18426251411438,1.8755170106887817,-3.045427285664876,-0.17959989078079586,1.066112764437534,1766201793.3961542
0.9797428250312805,2.1841745376586914,1.8754619359970093,-3.045329942280392,-0.18000590169071187,1.0654069424957247,1766201793.4061437
0.9798282980918884,2.1841845512390137,1.8754944801330566,-3.0447568733737773,-0.17972755072489977,1.0661866871785366,1766201793.4161477
0.9798945784568787,2.1841704845428467,1.875511884689331,-3.044468639594653,-0.17936398421230557,1.0670031243716007,1766201793.4161723
0.9799594283103943,2.1841256618499756,1.8755040168762207,-3.0445622596957764,-0.17960158198723228,1.067453511989766,1766201793.426174
0.9800124168395996,2.184126615524292,1.8755053281784058,-3.045071766223544,-0.17990069301748549,1.0679392484385235,1766201793.436112
0.9801673889160156,2.184117555618286,1.875554084777832,-3.04424247794608,-0.1789041247364858,1.0697776568456485,1766201793.446154
0.9802194833755493,2.184112310409546,1.8755453824996948,-3.044516440140853,-0.1793037502144242,1.0697685735942641,1766201793.4560907
0.9802405834197998,2.1841514110565186,1.875544548034668,-3.0438034241135363,-0.17951862927273388,1.0695727211704849,1766201793.4561176
0.9804099798202515,2.184189796447754,1.875600814819336,-3.0439936258748017,-0.17905893475428014,1.0707682839506374,1766201793.476154
0.9805148243904114,2.184218168258667,1.8756366968154907,-3.0443015858467057,-0.17925213402691378,1.0716847016525752,1766201793.4761786
0.9805435538291931,2.184133291244507,1.8756235837936401,-3.0422493097542276,-0.17866646498112007,1.0716043634840031,1766201793.4861734
0.980620801448822,2.1841542720794678,1.8756121397018433,-3.042533009502254,-0.17930647857547774,1.0726308375622224,1766201793.496152
0.9806678891181946,2.1841182708740234,1.8755781650543213,-3.0416127999239966,-0.17940859068905624,1.0720848782091827,1766201793.5061316
0.9808177351951599,2.1841938495635986,1.8756320476531982,-3.0415607817380343,-0.17911565178596597,1.073119380275067,1766201793.5061586
0.9807891249656677,2.1840996742248535,1.8755723237991333,-3.0416899832347184,-0.17945997677917194,1.0732308629859921,1766201793.5161626
0.9808328151702881,2.1841142177581787,1.8755701780319214,-3.04120410762759,-0.17939321061103278,1.0734314716641349,1766201793.526098
0.9809145927429199,2.184175729751587,1.875580072402954,-3.041333184485821,-0.17930502138858329,1.0737127238908313,1766201793.5361173
0.9810468554496765,2.1842594146728516,1.8756095170974731,-3.040563516549956,-0.17884845826690293,1.0744169288646643,1766201793.5461614
0.9810534715652466,2.1842312812805176,1.875592589378357,-3.0406903890936148,-0.1787533996476871,1.074348086896798,1766201793.5560868
0.9811767935752869,2.184347152709961,1.875663161277771,-3.0408646161823483,-0.1785775492951981,1.0750323992158672,1766201793.5562248
0.9812403917312622,2.1844046115875244,1.8756942749023438,-3.0414002808376472,-0.1784614508151925,1.0760523684550969,1766201793.5661757
0.9812771081924438,2.1844191551208496,1.8756537437438965,-3.0402586261366293,-0.17847398215070245,1.07542134377721,1766201793.5761502
0.9813499450683594,2.1845381259918213,1.8756859302520752,-3.041292623624218,-0.17861846658486588,1.0758871247453599,1766201793.5861442
0.9814370274543762,2.1845638751983643,1.875727653503418,-3.040408940480127,-0.1782723002128322,1.0759848268428378,1766201793.5961506
0.981407880783081,2.1845829486846924,1.8756904602050781,-3.04067511333663,-0.1786347403119519,1.0749757973893792,1766201793.60609
0.9815661311149597,2.184734344482422,1.8757636547088623,-3.040711837051512,-0.17815487070669314,1.0761425743776383,1766201793.606116
0.9816390872001648,2.1847734451293945,1.8757745027542114,-3.0402059677225926,-0.1778498858892433,1.0762042440485464,1766201793.616133
0.9816020727157593,2.1847779750823975,1.8757500648498535,-3.040444105394359,-0.17839044676910132,1.0746913075515139,1766201793.6261585
0.9816413521766663,2.184802293777466,1.8757208585739136,-3.0391791980911615,-0.1779060571110573,1.0738419012142613,1766201793.636111
0.9816410541534424,2.1848597526550293,1.8756887912750244,-3.0404760186911854,-0.17819148391882955,1.074368659025303,1766201793.646153
0.9817417860031128,2.184966802597046,1.8757154941558838,-3.040217056448679,-0.17788551648905204,1.0743795077196259,1766201793.6560893
0.9818344116210938,2.1850061416625977,1.8757272958755493,-3.0398230684525096,-0.1778903455249064,1.074720035010306,1766201793.656116
0.9819773435592651,2.185093641281128,1.8757635354995728,-3.0402058941143735,-0.17777373436775212,1.075000182611726,1766201793.6661286
0.9821313619613647,2.1851797103881836,1.8757989406585693,-3.0388236211513417,-0.1769600697652791,1.0757887076638941,1766201793.6761258
0.9822613000869751,2.185260772705078,1.8758034706115723,-3.0398925597296347,-0.1769044272955697,1.077403970983101,1766201793.6860955
0.9823645949363708,2.185300350189209,1.875831961631775,-3.0394046170365256,-0.17667084721928383,1.0776530739915817,1766201793.6961532
0.9824838042259216,2.1853747367858887,1.87582528591156,-3.0404833943527865,-0.17713621758470433,1.077625174605226,1766201793.7061768
0.982646644115448,2.1854445934295654,1.8758317232131958,-3.0396163388023894,-0.17704383804191864,1.078723288359332,1766201793.7161555
0.982655942440033,2.185421943664551,1.8757779598236084,-3.0390866157624217,-0.1774864342381013,1.077732485755205,1766201793.71618
0.9827923774719238,2.185458183288574,1.875786304473877,-3.0381399471981565,-0.17684022841103686,1.0779641056643683,1766201793.726175
0.9828904867172241,2.185521364212036,1.8757867813110352,-3.0391630768666453,-0.1776421784926441,1.078100978775393,1766201793.73614
0.9829682111740112,2.185515880584717,1.8757659196853638,-3.0374748219364225,-0.17673796887915935,1.077686252074236,1766201793.746174
0.983140766620636,2.1856067180633545,1.875773549079895,-3.0388308703545204,-0.17724679982003086,1.078772036834289,1766201793.7561405
0.983203649520874,2.1855976581573486,1.8757390975952148,-3.0388694996800045,-0.17724050315136614,1.0778678389578342,1766201793.7561667
0.9833790063858032,2.1856656074523926,1.8757916688919067,-3.0385003246748923,-0.17671079191538983,1.0783803044463907,1766201793.7661867
0.9835485816001892,2.185746192932129,1.8757987022399902,-3.038173508869474,-0.1764156985561728,1.0787756724773279,1766201793.786111
0.9837335348129272,2.18581223487854,1.8758434057235718,-3.036955891516007,-0.17562225295130984,1.0794866765268212,1766201793.7861373
0.9839410185813904,2.1859288215637207,1.8758488893508911,-3.038315858795622,-0.17580909028340716,1.0802907223969398,1766201793.7961588
0.9840613007545471,2.1859357357025146,1.8758306503295898,-3.037823119041835,-0.17578562149290425,1.080454655862623,1766201793.8060951
0.9843208193778992,2.1860291957855225,1.8758840560913086,-3.0376673462748807,-0.17548341806215614,1.0817042152640801,1766201793.806122
0.9844995141029358,2.186088800430298,1.87593674659729,-3.0374705283716597,-0.1749923580273742,1.082044882670286,1766201793.8160994
0.9845905303955078,2.1861178874969482,1.8759175539016724,-3.037002934977973,-0.1750890335367554,1.081839697573646,1766201793.8260744
0.9846827983856201,2.1861743927001953,1.8759211301803589,-3.036775585265782,-0.17551978042802227,1.0808824267305255,1766201793.8361301
0.9848048090934753,2.1862032413482666,1.8758876323699951,-3.0362384023676094,-0.17530385059001236,1.0813334959738474,1766201793.8461442
0.9848707914352417,2.186168909072876,1.8758459091186523,-3.035238815179405,-0.17535723257320138,1.0802204208395174,1766201793.8560898
0.9850119948387146,2.1862564086914062,1.875886082649231,-3.035716904323881,-0.1750298270795497,1.0805286085443837,1766201793.8561168
0.9851233959197998,2.1862995624542236,1.8758875131607056,-3.0349314804206027,-0.17474556750209086,1.0801471295553269,1766201793.8661494
0.9852820038795471,2.1864094734191895,1.8759162425994873,-3.03572760000546,-0.17497209876702544,1.0803560683999753,1766201793.8860037
0.985418438911438,2.186452627182007,1.8758851289749146,-3.0353805446398376,-0.17521006501841463,1.0809241610417064,1766201793.886041
0.9855889678001404,2.186485767364502,1.875933289527893,-3.0347387330433415,-0.17472724118977517,1.0812065750635145,1766201793.896087
0.9857068061828613,2.1865406036376953,1.8759467601776123,-3.0362095526869695,-0.1750636969183906,1.0818705792322378,1766201793.9060886
0.9858705997467041,2.186647891998291,1.875959038734436,-3.035780081923324,-0.17416586155464658,1.0833490116687883,1766201793.915997
0.9860132932662964,2.186818838119507,1.8759820461273193,-3.034924847307277,-0.1738908213511713,1.0831130771106798,1766201793.9160118
0.9861633777618408,2.186950922012329,1.87602698802948,-3.036046683007594,-0.1743493873016296,1.0831552365223476,1766201793.9260464
0.9862492680549622,2.1870665550231934,1.876023769378662,-3.035538276707161,-0.1738267324729516,1.0828934977604916,1766201793.9361343
0.9863444566726685,2.1871540546417236,1.876041054725647,-3.0358434343829157,-0.17380505439115723,1.0820377297283859,1766201793.9461517
0.9864945411682129,2.1872453689575195,1.8760465383529663,-3.0353791365717155,-0.1734217677476742,1.0830474071472982,1766201793.9560733
0.9865768551826477,2.187356948852539,1.8760243654251099,-3.036828136069395,-0.17367771449228775,1.0831096225677743,1766201793.9561045
0.9865371584892273,2.187483787536621,1.8759679794311523,-3.0366297720792246,-0.1740991273677418,1.080895947046118,1766201793.9661343
0.9866445660591125,2.1875503063201904,1.8759703636169434,-3.036253096865418,-0.1737328566972175,1.0807042969055949,1766201793.97606
0.9866494536399841,2.1876308917999268,1.875948190689087,-3.035769485693423,-0.17332442041243215,1.0798566766912778,1766201793.986146
0.9867047071456909,2.1877477169036865,1.8759310245513916,-3.036107554382256,-0.17335220475041715,1.0792907008711514,1766201793.996152
0.9868273735046387,2.1878442764282227,1.8759164810180664,-3.036855643170161,-0.1728703222264638,1.0803107609579377,1766201794.0061033
0.9868996739387512,2.187946319580078,1.875932216644287,-3.0372073246876665,-0.17259208141292548,1.080244900593708,1766201794.0061305
0.9870832562446594,2.18815016746521,1.8759914636611938,-3.0362339436799113,-0.17221409708861965,1.0812142811229228,1766201794.0160172
0.9871910810470581,2.188230276107788,1.875983715057373,-3.036986378610233,-0.17220314058332586,1.0812427496193444,1766201794.026006
0.9872920513153076,2.1883394718170166,1.875981330871582,-3.0378903303144438,-0.17209953549908122,1.082077283169919,1766201794.036052
0.9873979687690735,2.1884634494781494,1.8759969472885132,-3.0380409609385666,-0.17226523312006667,1.0815318945979921,1766201794.0461757
0.9875602126121521,2.188535213470459,1.875962495803833,-3.0360725072219332,-0.17129929970010252,1.0824615544363574,1766201794.0559998
0.9876495003700256,2.1885998249053955,1.8759385347366333,-3.037727125486716,-0.17210932926231054,1.0816964967146057,1766201794.0560172
0.9878110289573669,2.1887099742889404,1.8759690523147583,-3.037115600319977,-0.17174030275068278,1.082793809984988,1766201794.0660067
0.9879162311553955,2.1888325214385986,1.8759568929672241,-3.037242099979153,-0.17217469252063378,1.0822475220310195,1766201794.076039
0.9879953265190125,2.1888535022735596,1.8759185075759888,-3.037436545389408,-0.17234610777978615,1.0819756888475496,1766201794.085988
0.9879897832870483,2.188756227493286,1.8758454322814941,-3.036283476129864,-0.1729431587476082,1.0803206672537997,1766201794.0960593
0.9881490468978882,2.188783645629883,1.875832438468933,-3.036490131891356,-0.17272976056504563,1.0813323263579995,1766201794.1061344
0.9882554411888123,2.188917398452759,1.8758407831192017,-3.036748030738122,-0.17271909745746294,1.0817388800826984,1766201794.1061604
0.9883089661598206,2.1888818740844727,1.8757896423339844,-3.0360598101977443,-0.1726908731446441,1.0813326367706915,1766201794.1160371
0.988531231880188,2.188994884490967,1.8758107423782349,-3.036109724928917,-0.17234735279178506,1.0830863797359769,1766201794.1260426
0.9887035489082336,2.189058542251587,1.8758171796798706,-3.0361953348298734,-0.17249486929940538,1.0845238704130045,1766201794.1361725
0.9888696670532227,2.189134120941162,1.8757928609848022,-3.0360656908041603,-0.1723015142457914,1.0846558285022063,1766201794.1461124
0.9890357851982117,2.1892051696777344,1.8757885694503784,-3.036567680374085,-0.17248816573141557,1.0858000301774873,1766201794.15614
0.9891766905784607,2.1893162727355957,1.8757944107055664,-3.036892783448665,-0.17254276872643906,1.0868412101337084,1766201794.156167
0.9893723726272583,2.18939208984375,1.8757878541946411,-3.037378137928426,-0.17246799756135087,1.0886843336792136,1766201794.166012
0.9894722700119019,2.189551830291748,1.8758032321929932,-3.037925036705237,-0.17254542566260903,1.0884762214078385,1766201794.1761415
0.9896730780601501,2.189725875854492,1.8757939338684082,-3.038378176798274,-0.17264943473899486,1.089863168143826,1766201794.1861365
0.9897339344024658,2.1897478103637695,1.8757421970367432,-3.036891094514218,-0.17274147950380325,1.0890238510537267,1766201794.1961508
0.989831268787384,2.189858913421631,1.8757017850875854,-3.037834847474476,-0.1726395046907901,1.0896571007981917,1766201794.2061477
0.9900484085083008,2.190032958984375,1.875754952430725,-3.038256571223242,-0.17233837757095566,1.0917577042867865,1766201794.2061737
0.9901421666145325,2.1901893615722656,1.8757216930389404,-3.0377244494457636,-0.17206965909378924,1.0913364340980904,1766201794.2160685
0.9903014302253723,2.1903157234191895,1.875734567642212,-3.0379870329326457,-0.17155814329160196,1.0926142811622266,1766201794.2261715
0.990459144115448,2.1904537677764893,1.8757425546646118,-3.0386827523643576,-0.17137313039158766,1.0939120391078683,1766201794.2361364
0.9907135367393494,2.190640449523926,1.8758212327957153,-3.039783519308471,-0.1705217504295373,1.0970080143467078,1766201794.246151
0.9909530282020569,2.1908586025238037,1.875840187072754,-3.0394431737032797,-0.1696701861664412,1.0985027827092608,1766201794.2561238
0.9911618232727051,2.1910455226898193,1.8758761882781982,-3.040281432525801,-0.1692935556472093,1.1008815518574782,1766201794.25615
0.9912346601486206,2.191222667694092,1.8759039640426636,-3.0398735562648276,-0.16877266653846965,1.101303264220025,1766201794.2660775
0.9913790822029114,2.1913344860076904,1.8758628368377686,-3.0411768363225917,-0.16886873449015977,1.1027558438407028,1766201794.2761467
0.9914885759353638,2.191446304321289,1.8758678436279297,-3.040469512753083,-0.16857543146105178,1.1026606413092885,1766201794.2861443
0.9915871024131775,2.191554546356201,1.8758461475372314,-3.039811980040859,-0.16845657826362562,1.1041869965492637,1766201794.296127
0.9916640520095825,2.191668748855591,1.8758301734924316,-3.0404591122263436,-0.16847359285351118,1.1044761274732307,1766201794.3061793
0.9918151497840881,2.191883087158203,1.8758699893951416,-3.0404910618044183,-0.16834834909113225,1.105483656969112,1766201794.3062086
0.9918205142021179,2.1918983459472656,1.8757785558700562,-3.0403799942223597,-0.16912306673640193,1.1053505084417563,1766201794.3160195
0.991866409778595,2.1919658184051514,1.8757522106170654,-3.040298360731912,-0.16898662214022195,1.1050071300559678,1766201794.3261404
0.9919673800468445,2.192063808441162,1.875705599784851,-3.0411748685677815,-0.16952726924250766,1.1065814787997863,1766201794.3361294
0.9920655488967896,2.192213773727417,1.8757054805755615,-3.040631881143309,-0.16944506580150345,1.1071388600741507,1766201794.3461592
0.9920924305915833,2.1922855377197266,1.8756842613220215,-3.041539740964429,-0.1692627030142696,1.1082618015589905,1766201794.3561413
0.992230236530304,2.1923797130584717,1.8756717443466187,-3.041422235660063,-0.1688305987638703,1.1096567661141397,1766201794.3661337
0.9923170208930969,2.192561149597168,1.8756699562072754,-3.0419519406654945,-0.16907983325360465,1.1103908092182864,1766201794.366158
0.9924072623252869,2.192636251449585,1.8756401538848877,-3.0422672896379854,-0.16962094014006016,1.1115882065284246,1766201794.376094
0.9925587177276611,2.1928441524505615,1.8756814002990723,-3.0433712598995015,-0.16912735896077782,1.1136140865454511,1766201794.386154
0.9925678968429565,2.192923069000244,1.8756452798843384,-3.0429894108679356,-0.16974420477203053,1.1142077748577732,1766201794.3961508
0.9925954937934875,2.193063974380493,1.875628113746643,-3.0428636830928566,-0.16964265817915447,1.1142648484758277,1766201794.406151
0.9926398396492004,2.1932172775268555,1.8755913972854614,-3.0434407640391936,-0.1703534383364181,1.1147071005874032,1766201794.4061787
0.9926384091377258,2.193288564682007,1.8755587339401245,-3.0432867386901394,-0.1706310439652976,1.1146837961558584,1766201794.4160736
0.992592453956604,2.19333553314209,1.8754886388778687,-3.0429297013936862,-0.17030938671495793,1.1144798095292685,1766201794.4261322
0.9925812482833862,2.193422794342041,1.8754395246505737,-3.042921126519018,-0.1708821043080089,1.1145413059745533,1766201794.4360187
0.9925523996353149,2.193565845489502,1.8754163980484009,-3.0423246403265307,-0.17085054038371075,1.1144563723424572,1766201794.4461257
0.992546796798706,2.193676233291626,1.8753973245620728,-3.04212153943749,-0.1708026923725699,1.1153916611039447,1766201794.4561293
0.9925674200057983,2.1937878131866455,1.8753504753112793,-3.041660237854467,-0.17083121516191255,1.116215937647679,1766201794.4561563
0.9925464987754822,2.193854808807373,1.8753101825714111,-3.0417562185792626,-0.17078325168572872,1.1171448386377991,1766201794.4660194
0.9926185011863708,2.194000244140625,1.8753074407577515,-3.042044992368259,-0.17020267520777946,1.1180798963160556,1766201794.4760592
0.9926886558532715,2.194112539291382,1.8752943277359009,-3.043119763250993,-0.17014029276377202,1.1200440652508776,1766201794.486158
0.9927461743354797,2.1943185329437256,1.8753364086151123,-3.0431118202432113,-0.1699527506476654,1.1215599185880054,1766201794.4960835
0.9928549528121948,2.1944785118103027,1.8753490447998047,-3.0427746595398504,-0.169006448870687,1.123555704833276,1766201794.506142
0.9928139448165894,2.194636583328247,1.8753300905227661,-3.042884825730426,-0.16914495191862305,1.1236673220664037,1766201794.5160801
0.9927871227264404,2.194687843322754,1.8752704858779907,-3.0439931405557474,-0.16945891786948894,1.124065593580545,1766201794.5161052
0.9928313493728638,2.1948330402374268,1.8752707242965698,-3.044510783815942,-0.16971402919708684,1.125410382757738,1766201794.5260787
0.9927783012390137,2.194904327392578,1.875223994255066,-3.0427329591415124,-0.16930974553456885,1.125294914414606,1766201794.5361578
0.9927999377250671,2.195009231567383,1.875167727470398,-3.043006541754104,-0.169072195863472,1.125951342572584,1766201794.5461295
0.9928144216537476,2.195164918899536,1.8751788139343262,-3.0427613020536293,-0.16926188645449167,1.1262353862912986,1766201794.5561378
0.9928102493286133,2.195302724838257,1.8751689195632935,-3.042915008076051,-0.16908744672888287,1.1267231939962006,1766201794.5661244
0.992764413356781,2.1954193115234375,1.8751561641693115,-3.0424999644003456,-0.16906197091382055,1.1266972704147724,1766201794.566149
0.9928098917007446,2.195577621459961,1.8751624822616577,-3.042794019895294,-0.1687032986062801,1.127214718452431,1766201794.5760074
0.9928194284439087,2.195722818374634,1.8751628398895264,-3.0433202527902448,-0.16844140743660754,1.1281701163834614,1766201794.5861394
0.992853581905365,2.1958963871002197,1.8751821517944336,-3.042783489853783,-0.16765345849666508,1.128706300928337,1766201794.596087
0.9928944110870361,2.196058988571167,1.8751914501190186,-3.043705967905925,-0.16744827847591445,1.130021351008882,1766201794.6061068
0.992996871471405,2.1963486671447754,1.8752799034118652,-3.0438851843120265,-0.1667416652249847,1.1313619789413536,1766201794.6061332
0.9930046200752258,2.1965341567993164,1.8752555847167969,-3.0449534208251245,-0.1673305729185683,1.1319363445904118,1766201794.616012
0.9930168986320496,2.196627616882324,1.8752270936965942,-3.044342713137861,-0.16674639184823445,1.132485443347442,1766201794.626141
0.9930294156074524,2.196845293045044,1.875270962715149,-3.045131499075781,-0.1673708176189928,1.1327303449217223,1766201794.6361296
0.9930838942527771,2.1970770359039307,1.8753383159637451,-3.0454853395325845,-0.16679725394063732,1.133872218072978,1766201794.6461494
0.9929808974266052,2.197129964828491,1.8753060102462769,-3.0443938841460554,-0.1663924420811784,1.1329912656427872,1766201794.6561565
0.9928784966468811,2.197335720062256,1.8752734661102295,-3.043673434068038,-0.166574307692509,1.1311690409132447,1766201794.6661673
0.9928276538848877,2.1974916458129883,1.875296950340271,-3.044388482465589,-0.16657972768075355,1.1314194668163402,1766201794.6661918
0.9927533268928528,2.1976866722106934,1.8752903938293457,-3.04348801650671,-0.16613667118926848,1.131222071406437,1766201794.6760533
0.9926531314849854,2.197821617126465,1.875252604484558,-3.0437140196275463,-0.16621183368327244,1.1313602064682156,1766201794.6860285
0.9926420450210571,2.198049545288086,1.8752658367156982,-3.0439850634646812,-0.16624926735501339,1.1318027291196993,1766201794.6961532
0.9927479028701782,2.198289632797241,1.8753172159194946,-3.0444017579800167,-0.1654768206790073,1.1351591174153364,1766201794.7061372
0.9927080869674683,2.198457717895508,1.8753057718276978,-3.0448791196105107,-0.16539537048655975,1.1352662358254861,1766201794.706164
0.9926769733428955,2.198638916015625,1.8753199577331543,-3.044395288621791,-0.16462797464280957,1.1356937870782,1766201794.7160625
0.9927428960800171,2.1987569332122803,1.8753204345703125,-3.04470742792308,-0.16410756698405685,1.1382397330133143,1766201794.7261333
0.9926227927207947,2.1990087032318115,1.8753321170806885,-3.045614613761585,-0.1644460853264916,1.1373439004644978,1766201794.736121
0.9926794171333313,2.1992075443267822,1.8753260374069214,-3.045531162342122,-0.16398309685681386,1.1394314102863428,1766201794.7461398
0.9926254749298096,2.1993303298950195,1.87532377243042,-3.0441903660180683,-0.16341486421290116,1.139604256552525,1766201794.7561471
0.9925562739372253,2.199517250061035,1.8753169775009155,-3.0445086642327155,-0.1636471821163223,1.1391561420428833,1766201794.7561743
0.9924994111061096,2.199702024459839,1.8753129243850708,-3.044301860800849,-0.16324196302250532,1.138836212989238,1766201794.7661479
0.9924217462539673,2.199828863143921,1.8752772808074951,-3.044857261140088,-0.16266896097495184,1.1392969648796951,1766201794.776142
0.9923534393310547,2.200035810470581,1.8752943277359009,-3.0438100657019405,-0.1620815751071441,1.1390490752336961,1766201794.7861412
0.9922499060630798,2.200141191482544,1.8752353191375732,-3.045845228559663,-0.16248265343311455,1.139073934385562,1766201794.79614
0.9921736717224121,2.2003533840179443,1.8752437829971313,-3.0458851051855884,-0.16186728171606052,1.1381765205073169,1766201794.8061302
0.9921061992645264,2.200495958328247,1.875231146812439,-3.045884040464918,-0.1614133928204861,1.137814796901127,1766201794.8061564
0.9921109676361084,2.200669288635254,1.8752517700195312,-3.045565572286546,-0.16054596908853982,1.139025209906301,1766201794.8160586
0.9920432567596436,2.2007503509521484,1.8752059936523438,-3.0457950374711515,-0.16026791309171592,1.1391559814063716,1766201794.8261235
0.992080569267273,2.2009170055389404,1.875264048576355,-3.0465751790917075,-0.15929145267774372,1.1406991195813003,1766201794.8360097
0.9920238256454468,2.2009875774383545,1.8752495050430298,-3.0473707149645697,-0.15909231260204656,1.1415623151018595,1766201794.8460472
0.9920384287834167,2.201122283935547,1.875239372253418,-3.047137441593179,-0.15823752284674777,1.1425560447379848,1766201794.8561332
0.9919592142105103,2.2012252807617188,1.8751956224441528,-3.046698659650756,-0.15848399374015323,1.141337709066595,1766201794.8661497
0.9919280409812927,2.2012734413146973,1.8751667737960815,-3.048140197610863,-0.15822964639782902,1.1428043615660168,1766201794.8661754
0.9919421672821045,2.201401948928833,1.8751721382141113,-3.048533000307914,-0.1584383736606103,1.142952954730219,1766201794.8760576
0.99191814661026,2.201443672180176,1.875135064125061,-3.0481763659260857,-0.15836301013621246,1.1428337232238055,1766201794.8861275
0.9918678402900696,2.201509475708008,1.8750877380371094,-3.048679042618355,-0.15876821619798268,1.1435412785498755,1766201794.8961086
0.9919213652610779,2.201535701751709,1.875052571296692,-3.048312408734353,-0.15824724266687337,1.1442134722985873,1766201794.9061112
0.991897702217102,2.201585292816162,1.8750494718551636,-3.04820463125569,-0.15814471360179233,1.1446126403455292,1766201794.906219
0.9919030666351318,2.201603412628174,1.8749973773956299,-3.0476098959812896,-0.15801909725050503,1.144605476627774,1766201794.916103
0.9918882250785828,2.2015955448150635,1.874948263168335,-3.0480969868626784,-0.15786713332809296,1.1452820157157284,1766201794.926121
0.9918708205223083,2.2016289234161377,1.8749136924743652,-3.0487458419702222,-0.15829047295234785,1.1446423892448645,1766201794.936071
0.9919773936271667,2.201685667037964,1.8749275207519531,-3.049012528973233,-0.15842917650900967,1.1461110874455638,1766201794.9461527
0.9919894933700562,2.201681137084961,1.8748573064804077,-3.048626660333788,-0.15868240721009227,1.1460234183446314,1766201794.9561348
0.9921088218688965,2.2016897201538086,1.874845266342163,-3.0504039735855,-0.1589956643998464,1.1483950834227679,1766201794.9561617
0.9921732544898987,2.201814889907837,1.874873161315918,-3.0504341217851945,-0.15896058159219925,1.1488662486603873,1766201794.9660885
0.9921576976776123,2.2018001079559326,1.8748369216918945,-3.0513371399449762,-0.15946735001173573,1.1486909053704724,1766201794.976133
0.9921681880950928,2.201833486557007,1.874807596206665,-3.0509034009849185,-0.1596042519208779,1.1485594734629463,1766201794.9861188
0.9921861290931702,2.2018182277679443,1.8747836351394653,-3.0505837463730625,-0.15979153271339888,1.148742167141853,1766201794.9961457
0.9921397566795349,2.201831340789795,1.8747302293777466,-3.0511656929744526,-0.1602955147803649,1.147773943616462,1766201795.0061424
0.992136538028717,2.201796054840088,1.8746925592422485,-3.0507115397111733,-0.16017615302207058,1.1475755870584148,1766201795.016149
0.9921411275863647,2.201808452606201,1.8746511936187744,-3.0510994607854376,-0.160632256765439,1.1473074736449589,1766201795.0161748
0.9921883940696716,2.2018582820892334,1.8746538162231445,-3.050492603544617,-0.1600908848555662,1.1475124493547153,1766201795.0261352
0.9922850131988525,2.2018914222717285,1.874680995941162,-3.051255417040845,-0.1603930957244693,1.1487444696082099,1766201795.0360599
0.9922287464141846,2.201936721801758,1.8746159076690674,-3.0522069047335743,-0.16075404458440473,1.1487605544233714,1766201795.046058
0.9922575354576111,2.201988458633423,1.8746260404586792,-3.0517784066140226,-0.1602787911296364,1.1490378268427992,1766201795.056058
0.992267370223999,2.201934576034546,1.8746073246002197,-3.0527106632675265,-0.16037293414307205,1.1491315437075154,1766201795.0560682
0.9923397302627563,2.2019803524017334,1.874619960784912,-3.0522687820002052,-0.15965897807559631,1.1502556839033342,1766201795.0661316
0.9924060106277466,2.202031135559082,1.8746336698532104,-3.0524107175517368,-0.15926760797820616,1.1510221339906697,1766201795.0761065
0.9925259947776794,2.2020986080169678,1.874642252922058,-3.0534996269261887,-0.15936405138800966,1.1529192603631853,1766201795.086116
0.9925326108932495,2.202130079269409,1.8746329545974731,-3.053915973770763,-0.1595580422048258,1.1521824971402215,1766201795.0961416
0.9925763607025146,2.2021329402923584,1.8746367692947388,-3.053591140946288,-0.15911969116865934,1.1521482840675337,1766201795.1061223
0.9925476312637329,2.2021424770355225,1.8746366500854492,-3.053403287156993,-0.1592170761109552,1.1514189156244043,1766201795.116153
0.9926133155822754,2.2021844387054443,1.8746705055236816,-3.0545485039850266,-0.15945687730620667,1.1518341107110939,1766201795.1161776
0.9926890134811401,2.2021098136901855,1.8746306896209717,-3.0540401524099265,-0.15919211339416317,1.152269490007869,1766201795.126086
0.9926506876945496,2.2021360397338867,1.8746203184127808,-3.0539235622079897,-0.15933082859764908,1.1511394941077306,1766201795.1361353
0.9926880598068237,2.2020764350891113,1.8745908737182617,-3.054416204536913,-0.15951679290289622,1.1508166086164948,1766201795.1461666
0.9926871061325073,2.2021408081054688,1.8745946884155273,-3.0549979765995756,-0.15973141062399687,1.1501980623993133,1766201795.1561365
0.9927614331245422,2.2021005153656006,1.8745862245559692,-3.0545655363178956,-0.15991009025832892,1.1510413227649912,1766201795.1561635
0.9927589893341064,2.202054977416992,1.874569296836853,-3.054068293792746,-0.15953320441795693,1.1502808926516706,1766201795.1661098
0.9927861094474792,2.2020370960235596,1.8745415210723877,-3.054550005354079,-0.15933013887576725,1.1509732749491801,1766201795.176132
0.9929103851318359,2.2020890712738037,1.8745840787887573,-3.0551443156156113,-0.15880822023701255,1.152709872522559,1766201795.186136
0.9929664134979248,2.202010154724121,1.8745793104171753,-3.0558333090607386,-0.1591875266843087,1.1535851988638621,1766201795.196139
0.993027925491333,2.2020392417907715,1.8746016025543213,-3.0560121689034836,-0.15869477852834055,1.1542417275627967,1766201795.2061436
0.9929870367050171,2.201993703842163,1.8745429515838623,-3.0563496382548734,-0.1590041632198296,1.1537471857812374,1766201795.2161503
0.9929883480072021,2.20198917388916,1.8745458126068115,-3.0560630903168917,-0.159226587322747,1.1536421014523943,1766201795.2161746
0.9929549694061279,2.201972484588623,1.8745262622833252,-3.0566033838100872,-0.1596456331048777,1.1526697689597776,1766201795.226107
0.9929895997047424,2.2019717693328857,1.874502420425415,-3.0573664693723392,-0.15986403160903354,1.1530730220798346,1766201795.2361305
0.9929455518722534,2.2018933296203613,1.8744789361953735,-3.056945481511171,-0.1598386924159571,1.1526378855575905,1766201795.246136
0.992925226688385,2.201925754547119,1.8744527101516724,-3.0583443361654905,-0.16058646053690184,1.1523078179170176,1766201795.2561607
0.9928542375564575,2.2018508911132812,1.8744109869003296,-3.057891349399849,-0.1604810112175638,1.1524048091619292,1766201795.2561874
0.9928464889526367,2.2018349170684814,1.8743858337402344,-3.0582104554361056,-0.16080698152540154,1.1522738598462774,1766201795.2661257
0.9927459955215454,2.2018210887908936,1.8743175268173218,-3.059253892359176,-0.16145126634104326,1.1517557712876556,1766201795.2761345
0.9926795959472656,2.201751947402954,1.8742579221725464,-3.0587250846863636,-0.16146146149103893,1.1508026674112166,1766201795.2861516
0.9926862716674805,2.201730966567993,1.874264121055603,-3.059577108842784,-0.16193718759856998,1.151696427368951,1766201795.2961457
0.9926732182502747,2.2016875743865967,1.8742430210113525,-3.059776465189491,-0.16148369195986678,1.152237539775771,1766201795.3061273
0.9926777482032776,2.2016959190368652,1.8742183446884155,-3.059929040536318,-0.1615437100386615,1.152747301435369,1766201795.3161554
0.9926955699920654,2.2017359733581543,1.8742287158966064,-3.061824112173122,-0.1618877673583837,1.1534632313961912,1766201795.3161807
0.992676854133606,2.2017245292663574,1.8742101192474365,-3.0612175387947,-0.16227379975778827,1.1535177611447414,1766201795.3260286
0.9926484823226929,2.201608419418335,1.8741579055786133,-3.0614284513636574,-0.16207356215607388,1.1536779068442502,1766201795.3360193
0.9925810694694519,2.201626777648926,1.8741326332092285,-3.0620304529651623,-0.1627400253863232,1.1531013128213727,1766201795.346132
0.9925453662872314,2.2016232013702393,1.8741027116775513,-3.0624803506920952,-0.16320369060240655,1.152741073508267,1766201795.3560908
0.9924854636192322,2.20155668258667,1.8740583658218384,-3.0632354270663775,-0.16388035048699162,1.1525688656436075,1766201795.366153
0.9923844337463379,2.2015140056610107,1.8740037679672241,-3.0623577518818323,-0.16446948303277595,1.1521748061324553,1766201795.3661783
0.992344319820404,2.201465368270874,1.8739821910858154,-3.0633605201035743,-0.16436912942169735,1.152084089023122,1766201795.376087
0.9922797083854675,2.201448678970337,1.8739471435546875,-3.0635079642492418,-0.16436864345518595,1.1524543626527282,1766201795.3861184
0.9922171235084534,2.201439380645752,1.8739070892333984,-3.063391978482974,-0.16479139583803581,1.1519101940990386,1766201795.3961515
0.9921754002571106,2.201354742050171,1.8738465309143066,-3.064088864755222,-0.16493988007401805,1.1528459519997256,1766201795.4061437
0.9921448230743408,2.201303005218506,1.8738268613815308,-3.064686217436755,-0.16527850653141127,1.1540354598187825,1766201795.40617
0.9921473860740662,2.201277732849121,1.8738200664520264,-3.0644301885696152,-0.16513460853034825,1.1539492787587,1766201795.4160755
0.9921064376831055,2.201259136199951,1.873770833015442,-3.0657574606683085,-0.16526893410018467,1.1553971175245512,1766201795.4261258
0.9921059012413025,2.2013044357299805,1.8737690448760986,-3.067231208281285,-0.16603848268691682,1.1569088893246837,1766201795.436134
0.9920493960380554,2.2012410163879395,1.8737051486968994,-3.066341245418816,-0.16566177112392874,1.1571102873179113,1766201795.4461434
0.9919695258140564,2.2011945247650146,1.8736886978149414,-3.065941632976229,-0.1660008176220213,1.1569243605250474,1766201795.456135
0.9919021725654602,2.2011852264404297,1.873640775680542,-3.0661375891967944,-0.16621650016339376,1.1574309392801392,1766201795.466137
0.9917839169502258,2.201188564300537,1.8735947608947754,-3.0666055567648147,-0.16671924782195305,1.156907024519242,1766201795.4661627
0.991710364818573,2.2011821269989014,1.8735805749893188,-3.068077925982461,-0.1674380579277649,1.1578040202208626,1766201795.4760165
0.9915898442268372,2.2011537551879883,1.8734900951385498,-3.0676190472794613,-0.16785800792748443,1.1572926638585406,1766201795.486174
0.9914466142654419,2.2009999752044678,1.8733607530593872,-3.0676442810847195,-0.16845249254306477,1.1569130413670372,1766201795.4961488
0.9912947416305542,2.201031446456909,1.8732800483703613,-3.0675268652119327,-0.1692124757955226,1.156236122038762,1766201795.5061364
0.9912841320037842,2.2010257244110107,1.8732833862304688,-3.068276344465478,-0.16852703153721918,1.157881169281416,1766201795.5061624
0.9912411570549011,2.2010319232940674,1.8732317686080933,-3.0673717298817462,-0.16894559749370186,1.1587863535460994,1766201795.5261364
0.9911071062088013,2.2009642124176025,1.8731355667114258,-3.0683482165427924,-0.16989722763662654,1.1589591352292763,1766201795.5261626
0.9911137223243713,2.200991630554199,1.8731155395507812,-3.0678669513651604,-0.16967060175041546,1.1602855681476556,1766201795.5360615
0.9910396933555603,2.2010207176208496,1.8730934858322144,-3.067905687545498,-0.1695348812284223,1.160432130685773,1766201795.5460434
0.9910142421722412,2.2009360790252686,1.8730295896530151,-3.067877242840097,-0.17002617890189958,1.161389590462508,1766201795.5560362
0.9909636378288269,2.200979709625244,1.8729844093322754,-3.0682510037531103,-0.1705896821051877,1.1617931758780822,1766201795.5560439
0.9909316301345825,2.2009639739990234,1.8729524612426758,-3.068494674984126,-0.17077528061621705,1.1630032484671604,1766201795.5761518
0.9908676147460938,2.200955867767334,1.8729074001312256,-3.068226805130986,-0.17159527446259928,1.1635562990370079,1766201795.576177
0.9907861351966858,2.200939416885376,1.8728493452072144,-3.0683907390828846,-0.17178607865546433,1.1635634135177462,1766201795.586071
0.9907243847846985,2.200901985168457,1.8727760314941406,-3.067547856848007,-0.171944422342189,1.1637046984708985,1766201795.5960715
0.9906690120697021,2.200951099395752,1.872738003730774,-3.068009290821412,-0.17245911476823675,1.164633936461643,1766201795.6059847
0.9905405044555664,2.200918674468994,1.8726418018341064,-3.0682520359628978,-0.17326062282491475,1.1644548074787782,1766201795.6059961
0.9904423356056213,2.2008683681488037,1.8725835084915161,-3.0691469256048434,-0.174614925273632,1.164001897560395,1766201795.6261342
0.9904458522796631,2.2009072303771973,1.8725467920303345,-3.067895631109993,-0.17423950457867626,1.1653605809621457,1766201795.6261606
0.990329921245575,2.200871467590332,1.8725115060806274,-3.0686441181521014,-0.1749329374577257,1.1650209657913488,1766201795.6360567
0.9903942942619324,2.200949192047119,1.8725186586380005,-3.068646445111828,-0.1746995052179719,1.1669034443058546,1766201795.6460392
0.9902883768081665,2.2009029388427734,1.8724446296691895,-3.0688976186474672,-0.17561357591553825,1.1674624997966105,1766201795.656132
0.9902646541595459,2.2009050846099854,1.8724219799041748,-3.067736900140775,-0.17553820071359133,1.1683936473529706,1766201795.6562762
0.9902836680412292,2.2009875774383545,1.8724339008331299,-3.0697213738686817,-0.17642492583024313,1.1697785391785067,1766201795.6661377
0.9902628660202026,2.201018810272217,1.8723974227905273,-3.068881126493057,-0.1768646058590281,1.1705454744983927,1766201795.6760783
0.9901130199432373,2.2010087966918945,1.8723344802856445,-3.068230276383779,-0.17756102462133164,1.169550372982479,1766201795.6861227
0.9900358319282532,2.2010483741760254,1.8722944259643555,-3.068641685084609,-0.17820386388394358,1.1697414726695903,1766201795.6961107
0.9899804592132568,2.201136827468872,1.8722573518753052,-3.0692148799020753,-0.17953133119831302,1.169605396821498,1766201795.706137
0.9899296164512634,2.2011773586273193,1.8722375631332397,-3.0692514054572477,-0.17973165221826812,1.1704573490130723,1766201795.7062173
0.9897825121879578,2.201284885406494,1.8722038269042969,-3.0685548776946994,-0.18043079873895418,1.1696573625406113,1766201795.7160401
0.9897288680076599,2.2013676166534424,1.8721561431884766,-3.068626857618447,-0.18084910227694603,1.1703597735024853,1766201795.7261608
0.9895981550216675,2.2014613151550293,1.8720797300338745,-3.06918494854676,-0.1822107613779679,1.1687522908299008,1766201795.7361495
0.9895579218864441,2.2016441822052,1.8720487356185913,-3.069221414347233,-0.1821540736407396,1.1698497010666458,1766201795.7461412
0.9894452691078186,2.2018392086029053,1.872015357017517,-3.0705895132995367,-0.1829729529596622,1.1691957594424782,1766201795.7561321
0.9892986416816711,2.202014684677124,1.8719768524169922,-3.0692080587899175,-0.18272865732842564,1.1685738858409689,1766201795.7562134
0.9892474412918091,2.2022829055786133,1.8719557523727417,-3.069209344150882,-0.18284931294187828,1.1684794935658867,1766201795.7660992
0.9891471862792969,2.2025270462036133,1.8719453811645508,-3.06931498976472,-0.18299492597703698,1.1688084019043932,1766201795.7760878
0.9890300631523132,2.2028164863586426,1.871907353401184,-3.0683670287587934,-0.18243922818752803,1.1682493104783336,1766201795.7861736
0.9889331459999084,2.2031006813049316,1.8718748092651367,-3.0686537142004213,-0.1820619217892127,1.169074578187641,1766201795.7961333
0.9887334108352661,2.2034506797790527,1.8718467950820923,-3.068358189249941,-0.18193899770339406,1.1687872602611509,1766201795.8060896
0.9885165691375732,2.203792095184326,1.8718023300170898,-3.0681947571725225,-0.18197941832127906,1.1685435264019255,1766201795.806116
0.9883460998535156,2.2041335105895996,1.8717718124389648,-3.0676838189277107,-0.18217754957291485,1.1677455519619016,1766201795.816098
0.9879401326179504,2.204502582550049,1.8717031478881836,-3.0666496523836866,-0.18267417476661008,1.164343651181676,1766201795.8261275
0.9875532984733582,2.204833745956421,1.8716027736663818,-3.067736536678459,-0.18417887666659896,1.1627190639340812,1766201795.8361409
0.9871227145195007,2.2052712440490723,1.8715176582336426,-3.068307807489179,-0.18523651142383737,1.158669122643747,1766201795.8461828
0.9866981506347656,2.205658435821533,1.871450424194336,-3.0686740102380643,-0.18546688048093568,1.1568455688629327,1766201795.8561513
0.9863504767417908,2.206132173538208,1.8713812828063965,-3.067426554371864,-0.18527685032216512,1.1541083947292137,1766201795.866111
0.9860363602638245,2.206602096557617,1.8712562322616577,-3.06710806489415,-0.18539414314445715,1.1534787900149779,1766201795.8661356
0.9857435822486877,2.20719051361084,1.8712308406829834,-3.0662909166239296,-0.18476251284479275,1.1524621732297706,1766201795.8760178
0.9854269027709961,2.2076964378356934,1.871180534362793,-3.065589654407893,-0.18457511316386124,1.1518112873938682,1766201795.8860023
0.9851468801498413,2.2083470821380615,1.8711745738983154,-3.067769644352666,-0.18508496973089472,1.1524884000290523,1766201795.8960683
0.9848170280456543,2.2088518142700195,1.8711645603179932,-3.068255220466818,-0.18467243955049756,1.15249802007538,1766201795.9061773
0.9844658374786377,2.209470748901367,1.8711172342300415,-3.0698179999933837,-0.18528787551594478,1.1512988037510927,1766201795.9062037
0.9841910600662231,2.2101223468780518,1.871065378189087,-3.0695975170920953,-0.1854447695739356,1.151910034848372,1766201795.9159994
0.9837378859519958,2.210811138153076,1.8709404468536377,-3.0679291021708464,-0.18460522392540898,1.14913329568645,1766201795.9360723
0.9832839369773865,2.211453437805176,1.8708748817443848,-3.0685982351569225,-0.1847371677808736,1.1480080301242932,1766201795.936083
0.9828712344169617,2.212146759033203,1.8707910776138306,-3.069099909781946,-0.1852996565199945,1.1496932569286848,1766201795.9461029
0.9824419021606445,2.2127766609191895,1.8707166910171509,-3.0694355125880293,-0.1853939427269034,1.1479213279538127,1766201795.9561126
0.982015073299408,2.2134408950805664,1.8706121444702148,-3.0706086961550487,-0.185820521450506,1.14744709769262,1766201795.9661536
0.9815864562988281,2.214195966720581,1.870543360710144,-3.0712118865547073,-0.18511264690592358,1.146268817760047,1766201795.966178
0.9811899065971375,2.2150042057037354,1.8705095052719116,-3.0710218326421757,-0.18460047885425973,1.1485899738204421,1766201795.976029
0.9807575941085815,2.2157857418060303,1.870436429977417,-3.0696749065949356,-0.18432822902586257,1.1495131506241005,1766201795.986123
0.9802903532981873,2.2164950370788574,1.8703497648239136,-3.0711580681903707,-0.18552976261153867,1.1484868886896327,1766201795.9960704
0.9796709418296814,2.2171688079833984,1.8702462911605835,-3.0711944689954755,-0.1858564229930842,1.146470144892771,1766201796.0061312
0.9789749979972839,2.217933177947998,1.8701362609863281,-3.0726062744727014,-0.1864019466702804,1.1456393744679325,1766201796.006157
0.9784268736839294,2.218782424926758,1.8700109720230103,-3.0709777452239577,-0.185262040656744,1.1454896964035577,1766201796.0160599
0.9780011177062988,2.219606876373291,1.869999647140503,-3.069939135391359,-0.184412355508059,1.1465534721373332,1766201796.0360525
0.9773848652839661,2.2203712463378906,1.8699084520339966,-3.07271411612832,-0.18547423719914907,1.1467182734617352,1766201796.0360634
0.9766615033149719,2.2210910320281982,1.869867205619812,-3.0742339056833567,-0.18618875403012997,1.1464910240578807,1766201796.0460303
0.9759904146194458,2.221863031387329,1.8697198629379272,-3.0733927038143314,-0.18627858050349258,1.145473842873756,1766201796.055988
0.9751675128936768,2.222681760787964,1.8696125745773315,-3.073394067038944,-0.186449988472007,1.1434269404394535,1766201796.0560272
0.9744500517845154,2.223623514175415,1.8695377111434937,-3.074977593518782,-0.1880300898888734,1.143743212136376,1766201796.0660796
0.9737452268600464,2.224330186843872,1.869463324546814,-3.0764357547763383,-0.1884244267319873,1.1436924345604398,1766201796.0761647
0.9730013608932495,2.2251458168029785,1.869400978088379,-3.077893798209272,-0.18812835758045923,1.1433537016390156,1766201796.0861447
0.9721688628196716,2.225957155227661,1.8693583011627197,-3.0794386856748086,-0.1882103891401074,1.1435065306405872,1766201796.0961242
0.9713797569274902,2.2267987728118896,1.8692337274551392,-3.0784340716283856,-0.1876712594992115,1.1431608103447335,1766201796.106156
0.9703748226165771,2.227562665939331,1.8690857887268066,-3.0797486198543824,-0.18891735174951663,1.1402332339291166,1766201796.106183
0.9694885611534119,2.228374719619751,1.8690110445022583,-3.080224091138331,-0.1894169568592087,1.1404192436963971,1766201796.1160312
0.9686505198478699,2.2292261123657227,1.8689348697662354,-3.0827449197055015,-0.1897221171112114,1.1391653873815253,1766201796.126051
0.9677812457084656,2.2299985885620117,1.8689031600952148,-3.085474158161763,-0.190512524975846,1.1398842360978667,1766201796.1360483
0.9668492078781128,2.230804443359375,1.8687478303909302,-3.0872696801668456,-0.1918070973132246,1.1404321417479204,1766201796.1460989
0.9658100605010986,2.231509208679199,1.8685818910598755,-3.0892296815333635,-0.19318600378710016,1.1398403595635074,1766201796.1561387
0.9647783637046814,2.232217788696289,1.8683961629867554,-3.0894748738518114,-0.19377523399539184,1.1405442831962604,1766201796.156166
0.9639682173728943,2.2329723834991455,1.868302345275879,-3.0927681140483334,-0.1935033746361391,1.1420289053124544,1766201796.1660814
0.9629871249198914,2.23378586769104,1.8681477308273315,-3.0948522539130967,-0.1944227344754406,1.1422614271108373,1766201796.1761258
0.9620957970619202,2.2344772815704346,1.867916464805603,-3.095170723097616,-0.19607218764064532,1.1424126126648892,1766201796.1861377
0.960991621017456,2.2352771759033203,1.8676865100860596,-3.0980441536797474,-0.19784838331582558,1.140482398528547,1766201796.1961303
0.9599824547767639,2.23604416847229,1.8675158023834229,-3.0974811852689594,-0.19737631409613998,1.1406186600946602,1766201796.206064
0.9587339758872986,2.2367775440216064,1.8673319816589355,-3.1016328842497143,-0.19895682792548872,1.1390991617622495,1766201796.2061822
0.9576875567436218,2.2376391887664795,1.867211937904358,-3.1017731627297462,-0.19838207733541088,1.1414200514860016,1766201796.21606
0.956389307975769,2.2384192943573,1.8669253587722778,-3.1054649571683735,-0.19917492470046383,1.139941681981738,1766201796.2260692
0.9550746083259583,2.239238977432251,1.866687297821045,-3.1085003667896336,-0.19950104508893826,1.140211642794926,1766201796.2361605
0.95374995470047,2.2400131225585938,1.8665248155593872,-3.112325125303617,-0.20033841919157427,1.1376409142890547,1766201796.2461462
0.9525659680366516,2.2408485412597656,1.866405963897705,-3.1150576346865204,-0.20127338245602747,1.1394427184057863,1766201796.2560925
0.37106215953826904,2.1528666019439697,1.8962563276290894,-3.0655231382446333,-0.0770669952837462,1.2507522271056464,1766201797.9161198
0.3686222732067108,2.1553659439086914,1.8961220979690552,-3.062681371860085,-0.07675385444796971,1.255588275562427,1766201797.9260986
0.36616232991218567,2.1579129695892334,1.896009922027588,-3.060740146840487,-0.07659492453734495,1.2608054483406115,1766201797.9359944
0.3637286424636841,2.1605043411254883,1.8958240747451782,-3.0553111457630213,-0.07667380179431824,1.2665549176177815,1766201797.9460256
0.3586905300617218,2.1657419204711914,1.8955340385437012,-3.0502373079384877,-0.07633802020413628,1.2792178639481886,1766201797.956129
0.3380119502544403,2.18711519241333,1.8950029611587524,-3.039593666532662,-0.07522294376491916,1.32594897415558,1766201798.026179
0.33527442812919617,2.189772844314575,1.89487886428833,-3.035692766638171,-0.0745355881132272,1.3319225554438021,1766201798.0360246
0.33251336216926575,2.192570209503174,1.894697904586792,-3.0317898732447377,-0.07368827203868054,1.3372546100349076,1766201798.0460064
0.3295900523662567,2.195298433303833,1.8945057392120361,-3.030959936488014,-0.0736143759035072,1.3417525861490978,1766201798.0560591
0.3267771303653717,2.1981124877929688,1.894212007522583,-3.0249356687739537,-0.07213903902513305,1.3474288792944005,1766201798.0560696
0.32384586334228516,2.2008957862854004,1.8938971757888794,-3.0248256199066073,-0.07240077954504012,1.3527424934463623,1766201798.066198
0.32083427906036377,2.20369815826416,1.8935654163360596,-3.0209009613033144,-0.07124503059437921,1.3578209999641984,1766201798.0859997
0.3178164064884186,2.206472635269165,1.8931595087051392,-3.020698305456703,-0.07010991449573277,1.3636006616746736,1766201798.0860093
0.3147803544998169,2.209181308746338,1.892607569694519,-3.0196945584640287,-0.0706285622771076,1.367461038139349,1766201798.0961251
0.31174516677856445,2.2119140625,1.892208456993103,-3.019836887446,-0.07019964813342777,1.371057052180632,1766201798.1061606
0.3087490499019623,2.2146713733673096,1.8916722536087036,-3.018587093493064,-0.07019038413463181,1.3761577578126427,1766201798.1162093
0.3057187497615814,2.217390298843384,1.891178011894226,-3.0179538834038637,-0.06933527994262294,1.3789892096344818,1766201798.1162374
0.30275437235832214,2.2200927734375,1.8906458616256714,-3.0158740219880773,-0.06990737212520713,1.384057286075096,1766201798.1261258
0.2996232509613037,2.222635269165039,1.89004647731781,-3.012831206010721,-0.0684712993915862,1.3861827754139386,1766201798.1360898
0.296656996011734,2.2251851558685303,1.8895468711853027,-3.0097664454443036,-0.06911569887703556,1.3908888056808237,1766201798.14619
0.2937317192554474,2.2277145385742188,1.8890882730484009,-3.0101390275885556,-0.06894505282833634,1.395222513967337,1766201798.1561372
0.2908523380756378,2.230156898498535,1.8886407613754272,-3.008557563455034,-0.07012350745734094,1.3990802125386708,1766201798.1561615
0.28785693645477295,2.232574462890625,1.888225793838501,-3.009205061125134,-0.07196867611645555,1.4021961226908704,1766201798.1660845
0.2849138379096985,2.2349157333374023,1.8878719806671143,-3.0081397155806946,-0.07297488342030953,1.4058946897263709,1766201798.176034
0.28196263313293457,2.2371904850006104,1.887635350227356,-3.00861621008219,-0.07502774197848536,1.4083684580264841,1766201798.1861782
0.27913716435432434,2.2394607067108154,1.8874202966690063,-3.00772842249983,-0.07571220077855849,1.4133871462936387,1766201798.1961348
0.27628427743911743,2.2416493892669678,1.8873957395553589,-3.006333532595256,-0.07798420961106685,1.416293531709794,1766201798.2061367
0.27348601818084717,2.243765115737915,1.8873944282531738,-3.007708433247971,-0.08038071729376656,1.4194943616015323,1766201798.2061617
0.2707515060901642,2.2458064556121826,1.8874825239181519,-3.007614032701678,-0.08226513505736854,1.4218516268466515,1766201798.2160623
0.2679455280303955,2.2477879524230957,1.887519359588623,-3.0068055615058795,-0.08498994903846789,1.4238010183092067,1766201798.2261522
0.2652321457862854,2.2497804164886475,1.8876938819885254,-3.007792674904741,-0.0876922614931044,1.4266339429561707,1766201798.236086
0.262549489736557,2.251720666885376,1.8878806829452515,-3.0112003010308688,-0.09144730107672876,1.4285226153784407,1766201798.2461622
0.2599855661392212,2.2536826133728027,1.8879996538162231,-3.0114117556757205,-0.09449008867720012,1.4306201013556392,1766201798.2561364
0.2575131952762604,2.2556118965148926,1.888047456741333,-3.010522096113603,-0.09568263102211937,1.4336883420088977,1766201798.2562156
0.25513407588005066,2.257599115371704,1.8881357908248901,-3.0107770937075586,-0.09867869111133289,1.4369487625381465,1766201798.26609
0.2527039647102356,2.259589672088623,1.8883171081542969,-3.011309940649703,-0.10153840266441466,1.4384102849713907,1766201798.2761323
0.2503805160522461,2.261592149734497,1.888484239578247,-3.0114092428003185,-0.1027218660884262,1.4400257085467143,1766201798.2861307
0.24811089038848877,2.2635912895202637,1.8885607719421387,-3.011610226722828,-0.10532129558964216,1.4421863386492355,1766201798.296153
0.24603797495365143,2.2654831409454346,1.88864266872406,-3.013558173943989,-0.10734110404187387,1.4448025454414657,1766201798.3061414
0.24388204514980316,2.2674410343170166,1.8887563943862915,-3.014589714997726,-0.10974660808904972,1.445798138442767,1766201798.306166
0.24184183776378632,2.269444227218628,1.888813853263855,-3.0156061992117946,-0.11132471904703428,1.4474061427575673,1766201798.316059
0.23987002670764923,2.2714037895202637,1.8888381719589233,-3.016200547928479,-0.11286103039760012,1.4491012006123574,1766201798.3261216
0.2380174696445465,2.273395538330078,1.8887426853179932,-3.0180304650430756,-0.11545718287942004,1.450546397074806,1766201798.3360856
0.2362208366394043,2.275418758392334,1.8887507915496826,-3.0181579831059673,-0.1172475110182685,1.4519766945140764,1766201798.3461285
0.23463426530361176,2.277388095855713,1.888642430305481,-3.0191198005586353,-0.11996307583795725,1.4542136263807577,1766201798.356088
0.2329949140548706,2.2793495655059814,1.8885914087295532,-3.020769859875725,-0.12258251373482507,1.4543167899693148,1766201798.3561132
0.23151715099811554,2.281409502029419,1.8885807991027832,-3.0197153921502675,-0.12457456913266714,1.4560223478247232,1766201798.3660564
0.23013679683208466,2.2833619117736816,1.8884916305541992,-3.0208559634911736,-0.12870352213206637,1.456869888786513,1766201798.3761406
0.22871659696102142,2.2853000164031982,1.888441801071167,-3.0197918336978815,-0.13104442296363666,1.4572923832559403,1766201798.3861394
0.2274978756904602,2.2873175144195557,1.8883204460144043,-3.020486386900028,-0.1346873273898565,1.458071728588741,1766201798.3961577
0.22622308135032654,2.2892606258392334,1.8882232904434204,-3.017619212837264,-0.13652190397597896,1.458779880194305,1766201798.406165
0.22518330812454224,2.291255235671997,1.8881189823150635,-3.019008551489874,-0.14093277248024308,1.4607031824098289,1766201798.406189
0.22408270835876465,2.293168783187866,1.8880620002746582,-3.018405535605668,-0.14426239958426204,1.460737082132466,1766201798.4161253
0.22314102947711945,2.2951927185058594,1.8879344463348389,-3.0177048871199617,-0.14753464056564508,1.4628326363319146,1766201798.4261081
0.22206078469753265,2.2972142696380615,1.8878227472305298,-3.0187386185730185,-0.15171488924396606,1.461575601040393,1766201798.4361475
0.22121980786323547,2.299079179763794,1.887637734413147,-3.0178355648029935,-0.15678072930557282,1.463250059193928,1766201798.4461288
0.2202194333076477,2.301058769226074,1.8875073194503784,-3.0183777453010148,-0.16199827040209977,1.4625754412644072,1766201798.4561353
0.21941827237606049,2.3029539585113525,1.8873652219772339,-3.018975091504875,-0.1660805472303697,1.4635206673205892,1766201798.45616
0.21862934529781342,2.3049776554107666,1.887216567993164,-3.019378680152588,-0.1709713585464891,1.4637419399240128,1766201798.4660802
0.21791408956050873,2.3069210052490234,1.8870930671691895,-3.0202990424860805,-0.17572834910565488,1.4645332877996688,1766201798.4761362
0.21720978617668152,2.3088808059692383,1.8869882822036743,-3.022604269405717,-0.18086486238103497,1.4644638245476003,1766201798.4961576
0.21645772457122803,2.310788631439209,1.8867547512054443,-3.0234873180532333,-0.18604513260524796,1.464039025273974,1766201798.4961834
0.2158530205488205,2.312810182571411,1.8865998983383179,-3.0255306956230053,-0.19043234863820518,1.4642702048110197,1766201798.5061164
0.21529905498027802,2.3147571086883545,1.8864567279815674,-3.0273374539005773,-0.19466104755629907,1.463701915782058,1766201798.506123
0.2147963047027588,2.3168914318084717,1.886326789855957,-3.028443691991615,-0.1994836486303211,1.464442357489228,1766201798.5160234
0.21431423723697662,2.318824052810669,1.8861464262008667,-3.0321842807094037,-0.20401896122912133,1.4622305475495176,1766201798.5260627
0.21383991837501526,2.3208017349243164,1.886012077331543,-3.032883179674411,-0.2077514314351311,1.4606495056877429,1766201798.536098
0.21360747516155243,2.3228940963745117,1.8858364820480347,-3.036107858372394,-0.21335967764571656,1.4609763193854006,1766201798.5461369
0.21341602504253387,2.324838399887085,1.8857579231262207,-3.0376955002174832,-0.21682654949911154,1.4603852894966751,1766201798.5561285
0.21314913034439087,2.3268725872039795,1.8855767250061035,-3.0411415211903066,-0.22174333644132932,1.4577688481758557,1766201798.5561535
0.2130466103553772,2.3288040161132812,1.8854433298110962,-3.041266041576631,-0.22484149546130616,1.4554840195152166,1766201798.5661387
0.21312254667282104,2.3308167457580566,1.885333776473999,-3.043936359451297,-0.22963019028201107,1.4547173218557239,1766201798.5760238
0.2131529152393341,2.332756280899048,1.8851300477981567,-3.045570399452056,-0.23372584856864728,1.4524442575329888,1766201798.5861402
0.21322134137153625,2.334688425064087,1.884932041168213,-3.0466168060817402,-0.23738327570443593,1.4499838177670161,1766201798.5963607
0.21356810629367828,2.336681842803955,1.884809136390686,-3.04903357772613,-0.24155216738924004,1.4494857060840198,1766201798.6061666
0.21384252607822418,2.3386003971099854,1.8846477270126343,-3.0495273312580466,-0.24562896975221246,1.446607852808203,1766201798.6061916
0.21417203545570374,2.3405535221099854,1.8844237327575684,-3.0490129315710552,-0.24950420679063467,1.4433169514256081,1766201798.616063
0.21477140486240387,2.3425018787384033,1.8842438459396362,-3.0508639542589058,-0.25189622328719224,1.4430105526629835,1766201798.6260796
0.21524947881698608,2.3443703651428223,1.884071946144104,-3.0537261022752267,-0.2565768672657072,1.4397414701006999,1766201798.6360714
0.21592940390110016,2.3463268280029297,1.883892297744751,-3.0512550939555565,-0.259203314927214,1.438751380301516,1766201798.6461487
0.21653763949871063,2.3482768535614014,1.8836712837219238,-3.0531508767440685,-0.26211774755145284,1.4351166591939857,1766201798.6561687
0.21729491651058197,2.3502144813537598,1.8835242986679077,-3.0542871051704577,-0.26519295418721245,1.4336726110602194,1766201798.656194
0.21815839409828186,2.352107286453247,1.8833134174346924,-3.054229626178187,-0.2686508458975496,1.4329190305557729,1766201798.6661732
0.21904602646827698,2.354027271270752,1.8831294775009155,-3.055332856807987,-0.27128912641324615,1.4305193136205103,1766201798.6761122
0.22001832723617554,2.355942726135254,1.8830366134643555,-3.0570536208043424,-0.27210763014238537,1.428526090548509,1766201798.6861477
0.22101016342639923,2.357795476913452,1.8828593492507935,-3.0577292297899468,-0.2754657503912439,1.4262047674444058,1766201798.6961212
0.22212527692317963,2.3597168922424316,1.8828086853027344,-3.0592612621946427,-0.27720055029159485,1.4245038521089008,1766201798.7061603
0.22317193448543549,2.3615145683288574,1.8827178478240967,-3.059208232473292,-0.2782227057777913,1.421195060438743,1766201798.7061872
0.22432762384414673,2.3634066581726074,1.8826873302459717,-3.061493563077203,-0.28051454568249307,1.4197865673635175,1766201798.7160542
0.22550705075263977,2.3652100563049316,1.8827228546142578,-3.060955299722494,-0.28162125742193617,1.41792839620908,1766201798.7261329
0.22685034573078156,2.367032766342163,1.8827948570251465,-3.0622882467932806,-0.28316811269883085,1.415935074075577,1766201798.73624
0.22812986373901367,2.3688251972198486,1.8828351497650146,-3.062707088488636,-0.28459416459898634,1.4141278949100569,1766201798.7461498
0.22942976653575897,2.37052583694458,1.8830050230026245,-3.065803170039768,-0.28573646865920016,1.411440836297722,1766201798.7561164
0.23085013031959534,2.3722312450408936,1.88319730758667,-3.064960246384702,-0.2862468301468039,1.4089434075504632,1766201798.7562385
0.23227007687091827,2.3739726543426514,1.8833417892456055,-3.064908919807241,-0.28680813493792673,1.4075911272760782,1766201798.766118
0.23369157314300537,2.375636577606201,1.8835362195968628,-3.064929179467399,-0.2878402140413038,1.405333801613939,1766201798.7761497
0.23529919981956482,2.3773000240325928,1.883774995803833,-3.06681299720304,-0.2873440422032957,1.4037281696451576,1766201798.786142
0.23679567873477936,2.3788788318634033,1.8840148448944092,-3.0689128082406087,-0.2878827866105144,1.4002186876355178,1766201798.796147
0.23848266899585724,2.3804996013641357,1.884272575378418,-3.0684574347277023,-0.2867609575594678,1.3984977333049637,1766201798.8061144
0.24002695083618164,2.3820602893829346,1.8844549655914307,-3.066508908829746,-0.2866488883044022,1.3944817967299168,1766201798.8061392
0.24174299836158752,2.3836350440979004,1.8847203254699707,-3.066594898192758,-0.28560090462452725,1.3932942413699754,1766201798.8160217
0.24351219832897186,2.385190010070801,1.88491690158844,-3.0666369164830556,-0.2837920213410431,1.3933005637555411,1766201798.8260863
0.24513031542301178,2.386651039123535,1.8850586414337158,-3.067250525208199,-0.28304660997865566,1.3895650294242199,1766201798.836116
0.24685819447040558,2.3881185054779053,1.8852583169937134,-3.069359826582069,-0.2827240768101545,1.3889007668592206,1766201798.8461196
0.24847902357578278,2.3895318508148193,1.885360598564148,-3.06916082953223,-0.28300534009646433,1.3851902340179263,1766201798.8561025
0.2502695620059967,2.3909687995910645,1.8855011463165283,-3.068863067923368,-0.2807227078674237,1.3858193100328737,1766201798.856129
0.2518686354160309,2.392272472381592,1.8855922222137451,-3.0660768530500717,-0.2789152808276739,1.3832623878615595,1766201798.8660665
0.25366148352622986,2.393475294113159,1.8856515884399414,-3.066894832270412,-0.2786677447595952,1.3825797322560651,1766201798.8761292
0.25540128350257874,2.394649028778076,1.885732889175415,-3.0682531190617985,-0.2783814051127296,1.3812596833359454,1766201798.8860533
0.25695136189460754,2.395721673965454,1.8858165740966797,-3.0685388956264834,-0.27805038327402243,1.379175888200306,1766201798.8961132
0.258588969707489,2.39674711227417,1.8858894109725952,-3.0680574016475375,-0.27722583648655214,1.378346591657879,1766201798.9061036
0.2601897418498993,2.39770770072937,1.8860220909118652,-3.0697242114072405,-0.27731300376997065,1.3788770199205511,1766201798.9061282
0.26155009865760803,2.3985745906829834,1.8860291242599487,-3.0692909570071025,-0.2782960659595378,1.3753509914631725,1766201798.9160259
0.26307472586631775,2.3993771076202393,1.8860430717468262,-3.068337102797067,-0.2787028885643757,1.3755625838319618,1766201798.926034
0.2646677792072296,2.4001286029815674,1.886054277420044,-3.071970669199857,-0.28045634384503265,1.373826338698643,1766201798.9361014
0.266204297542572,2.4007959365844727,1.8860758543014526,-3.0700452932390516,-0.2818090308590523,1.374051806626806,1766201798.9461048
0.2676628530025482,2.401463031768799,1.886136770248413,-3.070494671679024,-0.2836692674139046,1.372929652743699,1766201798.9560854
0.26899951696395874,2.402033805847168,1.886177897453308,-3.070963513757114,-0.2854837683167632,1.3715450692590159,1766201798.9561095
0.27053743600845337,2.402669668197632,1.8862183094024658,-3.068696346756732,-0.28671529526144157,1.3715661999962263,1766201798.966152
0.27186521887779236,2.4032340049743652,1.8862688541412354,-3.0705983974761204,-0.2890082615512937,1.3699641781357024,1766201798.9760914
0.2732805907726288,2.4037222862243652,1.8862435817718506,-3.06934935268937,-0.29152956209210107,1.3684817979932726,1766201798.9861376
0.2746617794036865,2.4043309688568115,1.8863036632537842,-3.067038429014096,-0.2917019434716837,1.3672350389431267,1766201798.9961174
0.27596965432167053,2.404956579208374,1.8863732814788818,-3.0698489531418196,-0.29386564174583935,1.3684654471024544,1766201799.0061066
0.2772360146045685,2.405546188354492,1.886401653289795,-3.067905276316394,-0.2958339571355938,1.366166325106941,1766201799.0061316
0.27848711609840393,2.406162977218628,1.8864301443099976,-3.0672069250362566,-0.2972651050192034,1.3649344723028776,1766201799.016025
0.27989140152931213,2.4066643714904785,1.8864480257034302,-3.0686935905398687,-0.2981837370266064,1.3653354220123695,1766201799.0261984
0.28119903802871704,2.407243013381958,1.8864803314208984,-3.065402442924702,-0.2981831459131764,1.3636419384722644,1766201799.0360994
0.2823423147201538,2.4078118801116943,1.8865197896957397,-3.062478490414132,-0.29870260635958235,1.3615519878786666,1766201799.0461307
0.2833956778049469,2.408400774002075,1.8865010738372803,-3.060556114018946,-0.29916085331137793,1.3598485877816562,1766201799.0560846
0.28458452224731445,2.4090240001678467,1.8865978717803955,-3.062711831320586,-0.30024358994841943,1.360942414108734,1766201799.0661266
0.28565672039985657,2.409637451171875,1.8866674900054932,-3.06038233206403,-0.2998984826157604,1.360394535218905,1766201799.0661526
0.28661081194877625,2.410210132598877,1.8866329193115234,-3.056904313775702,-0.30008508921155513,1.3577318272489989,1766201799.076004
0.28764399886131287,2.4108052253723145,1.886705994606018,-3.0612193687640428,-0.30130275681029334,1.3593958934930481,1766201799.0860238
0.28861141204833984,2.4113988876342773,1.8867243528366089,-3.0593845629429524,-0.30114627750261386,1.358622410017934,1766201799.0961056
0.28941845893859863,2.41194224357605,1.8867201805114746,-3.057707607163304,-0.3016095737653648,1.356548069735024,1766201799.1060958
0.29020336270332336,2.412402391433716,1.8866876363754272,-3.0568258699571884,-0.3024998486330669,1.3554233876858077,1766201799.1061208
0.2910345792770386,2.4129128456115723,1.8867756128311157,-3.059288721228841,-0.30263173760511214,1.3570421538652335,1766201799.1160545
0.2916911840438843,2.4134626388549805,1.8867751359939575,-3.056975530837285,-0.30346214842345687,1.3551272004377934,1766201799.126191
0.2924087345600128,2.4139492511749268,1.8868327140808105,-3.0550047493985084,-0.30353979890747507,1.3561780388590483,1766201799.136137
0.2929559648036957,2.414400339126587,1.8868629932403564,-3.0531736456619565,-0.3046097649447941,1.3551886395382702,1766201799.14612
0.293495774269104,2.4148898124694824,1.886829137802124,-3.051408104229764,-0.3060227745473077,1.3542099418417242,1766201799.156103
0.2941351532936096,2.41542911529541,1.886911392211914,-3.0532764603791653,-0.30724376891599875,1.3563641458524414,1766201799.1561298
0.2947286367416382,2.4159226417541504,1.8869305849075317,-3.05206871021678,-0.30787994596805335,1.357842951114289,1766201799.1660733
0.2951841950416565,2.416391134262085,1.88688325881958,-3.052412431590865,-0.3100061110362071,1.3581133141967845,1766201799.1760635
0.2955951392650604,2.416879177093506,1.8868519067764282,-3.051655909450155,-0.31188246470480724,1.358079243179641,1766201799.1861365
0.29591184854507446,2.417344808578491,1.886805772781372,-3.0511193868292703,-0.3131363206774385,1.357389295188507,1766201799.1961305
0.29628369212150574,2.4178731441497803,1.8867443799972534,-3.0497238940203633,-0.3141427490308792,1.3577137897599028,1766201799.2061338
0.29670432209968567,2.4184720516204834,1.8868390321731567,-3.051438903546411,-0.315315575015381,1.360615003708799,1766201799.2061605
0.297020822763443,2.419015645980835,1.886782169342041,-3.0493591651823047,-0.31617286825159296,1.3606060063531278,1766201799.2160614
0.29736921191215515,2.4195826053619385,1.886762022972107,-3.0471213293758557,-0.3160698055576029,1.362638134017268,1766201799.2261379
0.2975040078163147,2.4202184677124023,1.886708378791809,-3.045481832397476,-0.3162361806997632,1.3624575417410554,1766201799.236136
0.29764506220817566,2.4208924770355225,1.8867275714874268,-3.043566244579457,-0.31645348251422517,1.3631596877788739,1766201799.2461283
0.2977527976036072,2.421503782272339,1.886641502380371,-3.0434081507993267,-0.3167602247327331,1.364615714988178,1766201799.2561367
0.29797855019569397,2.4222114086151123,1.8867043256759644,-3.045399829787435,-0.31748872250282195,1.3670790910468307,1766201799.2661538
0.2981726825237274,2.422872543334961,1.8866896629333496,-3.0463195664747,-0.31841075048623424,1.3684687601062426,1766201799.2661798
0.29831576347351074,2.423517942428589,1.8866922855377197,-3.0449347985440878,-0.3181978125941708,1.3696258704436939,1766201799.2760642
0.29844120144844055,2.4242491722106934,1.886669635772705,-3.0410256032008016,-0.3163241741129511,1.3722213269918486,1766201799.2860265
0.29849472641944885,2.4248974323272705,1.8866701126098633,-3.039583605207262,-0.31569178121445185,1.3734463968188728,1766201799.2960534
0.2985066771507263,2.4256067276000977,1.8866783380508423,-3.037836137570779,-0.3152254802340136,1.3750420753517205,1766201799.3061197
0.29845309257507324,2.4264726638793945,1.8867926597595215,-3.0388995133921135,-0.3153226952689277,1.3791649762973446,1766201799.306144
0.2983277440071106,2.4271650314331055,1.8867642879486084,-3.038487480434645,-0.31417881135122316,1.3811265912971573,1766201799.316017
0.29816752672195435,2.427861213684082,1.8866900205612183,-3.036925053735486,-0.313531013855846,1.3828312252603066,1766201799.3261375
0.29796385765075684,2.428637981414795,1.8866480588912964,-3.036522047786975,-0.3127183307501039,1.3844474456368274,1766201799.336157
0.29778510332107544,2.429392099380493,1.8865840435028076,-3.0347439771517752,-0.3114246972025209,1.387066438820175,1766201799.3461106
0.2974414825439453,2.4302453994750977,1.8865913152694702,-3.03316558403737,-0.31104517083451855,1.389304534113623,1766201799.3561323
0.29710039496421814,2.430997610092163,1.8866310119628906,-3.0311931777124514,-0.309133526065287,1.392246691748033,1766201799.356157
0.29673904180526733,2.431661367416382,1.8866215944290161,-3.030074333483504,-0.307745608110357,1.3947949894237508,1766201799.3660724
0.2963199019432068,2.4324309825897217,1.8866287469863892,-3.030763812634364,-0.30655736179427284,1.398379315063033,1766201799.3760517
0.2956630289554596,2.4331893920898438,1.8866337537765503,-3.029713637594787,-0.30478013570551915,1.3997718939972428,1766201799.3860455
0.2951042354106903,2.433875560760498,1.8866156339645386,-3.0294545017658026,-0.3032789631076652,1.4019079217005375,1766201799.396166
0.2944687306880951,2.434508800506592,1.8865845203399658,-3.029926439771657,-0.3026732939034668,1.4034263549434252,1766201799.4061372
0.2936088442802429,2.4352023601531982,1.8866255283355713,-3.0297264035520772,-0.3033763286683763,1.4048903793950505,1766201799.4161665
0.29280441999435425,2.4357924461364746,1.886613130569458,-3.028925136313643,-0.30258687543792945,1.407798919223101,1766201799.4161935
0.2919924259185791,2.4363203048706055,1.8866008520126343,-3.028241466229678,-0.3019595006276936,1.40954262677533,1766201799.4260578
0.2910952568054199,2.4368679523468018,1.8866113424301147,-3.0280991488921356,-0.3010856147126109,1.411798672874033,1766201799.436041
0.29006829857826233,2.437418222427368,1.8866785764694214,-3.0268638176324854,-0.3005179733490878,1.4130391173778405,1766201799.4460795
0.28904181718826294,2.4379007816314697,1.886704444885254,-3.026306646039365,-0.2987460086801693,1.4138678280761525,1766201799.4561434
0.2879205048084259,2.438380718231201,1.8867642879486084,-3.0271124127607534,-0.299280837096795,1.4152551979689945,1766201799.456169
0.2866792678833008,2.4388086795806885,1.8868205547332764,-3.025897829685143,-0.2988401150143676,1.4155647391775257,1766201799.466072
0.285555899143219,2.439149856567383,1.8868882656097412,-3.026466927869986,-0.2979831678896258,1.415963438106884,1766201799.4760356
0.28447458148002625,2.4395105838775635,1.8870105743408203,-3.026444274172037,-0.2974660915720585,1.4178444516406064,1766201799.4861333
0.2831866443157196,2.4399333000183105,1.8871737718582153,-3.027217860982048,-0.29754758227490513,1.4189604145858097,1766201799.496135
0.2820797860622406,2.4402525424957275,1.8873066902160645,-3.0280189629508976,-0.2967345396856547,1.421034712784716,1766201799.5060823
0.28088605403900146,2.44063663482666,1.8874627351760864,-3.029594134054723,-0.29662311457272694,1.422499168039033,1766201799.5161576
0.27953270077705383,2.4410054683685303,1.8875854015350342,-3.0296378219483415,-0.2963296616420334,1.4241855701735242,1766201799.5161848
0.27838030457496643,2.441293478012085,1.8876866102218628,-3.031073000801042,-0.29563208140302993,1.4251633043557004,1766201799.526132
0.2770424783229828,2.441671371459961,1.8878146409988403,-3.0320587946222575,-0.29579941867780035,1.4257590863141827,1766201799.536122
0.2757289707660675,2.441967248916626,1.8878778219223022,-3.032141826926416,-0.295764825467596,1.4257246179898606,1766201799.546144
0.27444368600845337,2.44229793548584,1.8879268169403076,-3.032190636841956,-0.2940605401592942,1.426852691545944,1766201799.5561569
0.273080974817276,2.4426605701446533,1.888023018836975,-3.0322156118027936,-0.29307538993304205,1.427522232935448,1766201799.556182
0.2718402147293091,2.4429619312286377,1.8880599737167358,-3.032496310916234,-0.2914405734652968,1.4289758829120067,1766201799.566079
0.27056974172592163,2.4431982040405273,1.8881257772445679,-3.0330960617046974,-0.28992325650675455,1.4294230953148195,1766201799.5761569
0.26915186643600464,2.443492889404297,1.888156533241272,-3.0341653410421765,-0.29045229728307964,1.429618199750842,1766201799.5861292
0.26782330870628357,2.443695545196533,1.8881547451019287,-3.033915873938006,-0.2889085751731707,1.429625319696711,1766201799.5961266
0.2666477560997009,2.4438843727111816,1.888144850730896,-3.033686054067527,-0.2875868676685251,1.429726262208132,1766201799.6061404
0.2652553915977478,2.4441397190093994,1.8881951570510864,-3.034114293647754,-0.28746179586653536,1.430526406308341,1766201799.606165
0.2640203535556793,2.44429087638855,1.88820219039917,-3.0340843960231396,-0.2867168537225744,1.4304948102835793,1766201799.616102
0.26274827122688293,2.4443562030792236,1.888193964958191,-3.034584625207304,-0.2861298052195161,1.4296478955586749,1766201799.6260915
0.26141268014907837,2.444399118423462,1.8881821632385254,-3.0342346800410605,-0.28573495981733404,1.4280744594351995,1766201799.636092
0.2601494789123535,2.4445037841796875,1.8881863355636597,-3.0338865350351956,-0.286012675105137,1.429182405091837,1766201799.6461318
0.2589946985244751,2.444563865661621,1.888222336769104,-3.0343837844349535,-0.2861505600061999,1.4289793307619658,1766201799.6561377
0.2577977478504181,2.44457745552063,1.888202428817749,-3.0343142338017306,-0.2861711464474731,1.4283057928413503,1766201799.6561625
0.2565973699092865,2.444546699523926,1.8881953954696655,-3.0330099561456243,-0.2857602894760046,1.4276758957711317,1766201799.6661417
0.25527650117874146,2.4445743560791016,1.8882145881652832,-3.032417564097289,-0.2866234055731436,1.4266952193640632,1766201799.6761494
0.25420331954956055,2.4445271492004395,1.8882185220718384,-3.0329188132607645,-0.28736953345248334,1.4276116526616873,1766201799.6861663
0.2531271278858185,2.444526433944702,1.888223648071289,-3.0324207304632056,-0.28757888783281815,1.4271495390654683,1766201799.696158
0.25212883949279785,2.4445130825042725,1.8882358074188232,-3.03203473529142,-0.2877015393715252,1.4274715340384216,1766201799.7061095
0.2508488893508911,2.444544792175293,1.888253927230835,-3.0313528012028184,-0.2875319985392721,1.427991406153861,1766201799.7061343
0.24971526861190796,2.4445111751556396,1.8882676362991333,-3.030763893563846,-0.2880248891719037,1.4265324366642074,1766201799.716064
0.2487516850233078,2.4444382190704346,1.8882864713668823,-3.0307388993026914,-0.2881829853315187,1.4273477887864798,1766201799.726103
0.24776196479797363,2.444429874420166,1.8882685899734497,-3.029631836936701,-0.2878098850626805,1.4278685934442332,1766201799.7359881
0.24677440524101257,2.4444127082824707,1.888313889503479,-3.0290233495120615,-0.2876303072939216,1.428785267360864,1766201799.7461326
0.24571245908737183,2.444392681121826,1.888351321220398,-3.028256523901945,-0.28805981284814375,1.4300007390921052,1766201799.7561638
0.2447604387998581,2.444342613220215,1.8883280754089355,-3.0278281559559015,-0.2883465488018848,1.4305356656244272,1766201799.7661302
0.24387089908123016,2.444239616394043,1.8883357048034668,-3.0270815291204065,-0.28902048482075576,1.4317776489517064,1766201799.7661562
0.24302928149700165,2.4441022872924805,1.888319492340088,-3.0274261295456886,-0.2895862414873676,1.4328451486453213,1766201799.7760947
0.24205763638019562,2.4440228939056396,1.8883613348007202,-3.025822858433888,-0.2897825616515282,1.4336537174872,1766201799.7860513
0.24102577567100525,2.4439845085144043,1.8884074687957764,-3.0244589832821807,-0.29071657405517753,1.435388641492441,1766201799.796073
0.24015270173549652,2.443772792816162,1.8883823156356812,-3.024044987905512,-0.29142094128362994,1.4362726637611596,1766201799.8061247
0.23926390707492828,2.4436261653900146,1.8883336782455444,-3.0246699146642753,-0.2922681758585945,1.4383737459312536,1766201799.8061488
0.23845501244068146,2.443506956100464,1.8883190155029297,-3.0242620127597815,-0.2930489925157485,1.4398949683740807,1766201799.8261254
0.23749563097953796,2.4433236122131348,1.8883161544799805,-3.022780414622263,-0.2932883526007186,1.440230970134146,1766201799.8261323
0.2364858239889145,2.443239688873291,1.8883534669876099,-3.021214437750426,-0.29411721226478355,1.441337660827827,1766201799.8361328
0.23546701669692993,2.4431047439575195,1.8883652687072754,-3.0218699739911887,-0.2945903389386349,1.4418447803271197,1766201799.846122
0.23457975685596466,2.4430465698242188,1.8883754014968872,-3.02162521936924,-0.29490639926200746,1.443035789011481,1766201799.856162
0.23373189568519592,2.4429771900177,1.8883658647537231,-3.021688939094318,-0.2949781906438859,1.444879776530351,1766201799.8561866
0.23282399773597717,2.4429376125335693,1.888461709022522,-3.0220794077083224,-0.2945539186425916,1.4463663031620921,1766201799.8660738
0.23173858225345612,2.442898988723755,1.8884971141815186,-3.021145323265979,-0.29403142303136853,1.4466501861502001,1766201799.8761458
0.2306644767522812,2.4428858757019043,1.8885624408721924,-3.0198224829966285,-0.29316027950455176,1.4459111798767819,1766201799.886134
0.22964215278625488,2.4428558349609375,1.8885961771011353,-3.0209459723567846,-0.29243184377510073,1.4465375524574398,1766201799.8959978
0.22868555784225464,2.4428632259368896,1.8886224031448364,-3.020816833202864,-0.2916574570114254,1.447234424547297,1766201799.906088
0.22765253484249115,2.4429023265838623,1.8887479305267334,-3.0211288035830095,-0.2910425427490128,1.447848937773414,1766201799.9061415
0.22649219632148743,2.4429523944854736,1.8888384103775024,-3.020315036906599,-0.28933826115207517,1.4488795380761996,1766201799.9261558
0.2253749817609787,2.442992687225342,1.8889379501342773,-3.020249225341662,-0.28751896165223023,1.448834190041264,1766201799.9261816
0.22422797977924347,2.4429938793182373,1.8889825344085693,-3.020929078326784,-0.2866266231858393,1.4480194945204041,1766201799.9359906
0.222996324300766,2.443030595779419,1.8891083002090454,-3.0223558923397764,-0.28558859951359966,1.4480912203938419,1766201799.9460323
0.22172757983207703,2.443193197250366,1.8892507553100586,-3.0220856467692943,-0.28383911405520784,1.4493431398395304,1766201799.9560342
0.2205374538898468,2.443188190460205,1.8893468379974365,-3.0228666107210924,-0.2822992544477376,1.4488301077510843,1766201799.9661138
0.2193727046251297,2.443221092224121,1.8894472122192383,-3.0228882183834584,-0.28077178218280524,1.447813008577807,1766201799.9661212
0.21800820529460907,2.4432637691497803,1.8895785808563232,-3.0227421725095196,-0.2792965820639862,1.4480557135165215,1766201799.9760432
0.21665030717849731,2.4433155059814453,1.8896484375,-3.024371624477707,-0.2780023338306394,1.4481841846375603,1766201799.9861343
0.21538236737251282,2.443351984024048,1.8897687196731567,-3.025315678742029,-0.2761146235135012,1.4483349672377706,1766201799.9961581
0.21419402956962585,2.4434335231781006,1.8898239135742188,-3.0254185227798023,-0.2750812719347322,1.4480249543016772,1766201800.0161347
0.21145334839820862,2.4436213970184326,1.8899930715560913,-3.025031913235379,-0.2709577215268312,1.4488562492604489,1766201800.016189
0.2100764364004135,2.4436914920806885,1.8900147676467896,-3.026691317988507,-0.2703971902795733,1.4490848875459037,1766201800.0261192
0.20864982903003693,2.4438295364379883,1.8901031017303467,-3.0263908162091826,-0.26819593419366056,1.4499537859727185,1766201800.0360608
0.20731016993522644,2.4439501762390137,1.890184998512268,-3.026496951047962,-0.2666252840833266,1.4498756561665336,1766201800.0460262
0.20600658655166626,2.4440550804138184,1.890188217163086,-3.026058718990609,-0.26511230712530753,1.4499173005220525,1766201800.0559986
0.20449946820735931,2.44415545463562,1.8901664018630981,-3.027509370881709,-0.26446806511117654,1.4502968218324739,1766201800.0560155
0.20309574902057648,2.444289207458496,1.8901883363723755,-3.0277804232694847,-0.2627485784479969,1.4519850466690474,1766201800.0661047
0.20171107351779938,2.444411516189575,1.8901995420455933,-3.027537739711914,-0.26187233304943436,1.4523413414329993,1766201800.0760975
0.20037741959095,2.444514036178589,1.8901828527450562,-3.026598472056202,-0.260646083033427,1.4525688451709142,1766201800.086138
0.19889087975025177,2.444678783416748,1.8902032375335693,-3.027049922496194,-0.26030183032135157,1.4530725125919357,1766201800.0961459
0.19743205606937408,2.4448277950286865,1.890135645866394,-3.029143517440945,-0.2594708803245873,1.4538790284837877,1766201800.1060872
0.19609637558460236,2.4448940753936768,1.8900814056396484,-3.0283673097372303,-0.25804610958817736,1.4541552623536398,1766201800.1061118
0.19461780786514282,2.4451358318328857,1.8901028633117676,-3.027699475468993,-0.2572374370595766,1.4554993630630968,1766201800.1160605
0.19312721490859985,2.4452686309814453,1.8900635242462158,-3.0279467632276846,-0.25684783109408094,1.4554175804337446,1766201800.1260557
0.19166283309459686,2.445307970046997,1.889949083328247,-3.02780785012307,-0.2561424897073965,1.455153528153868,1766201800.1361587
0.1901964545249939,2.4454827308654785,1.8898836374282837,-3.027432282682554,-0.255735526007749,1.455923974797308,1766201800.146167
0.18866662681102753,2.4457199573516846,1.8898661136627197,-3.0265813729080064,-0.2553349630773208,1.456709046977894,1766201800.1561356
0.1872025579214096,2.445767879486084,1.8897193670272827,-3.026805693428594,-0.2553665314700885,1.4568214126626728,1766201800.166155
0.18561843037605286,2.44590163230896,1.8896218538284302,-3.0269877931570055,-0.2548511192452068,1.456324562606682,1766201800.1661806
0.18406911194324493,2.446079969406128,1.8895502090454102,-3.0273341579408997,-0.25590310599265825,1.4568172296063135,1766201800.175989
0.18265438079833984,2.446192979812622,1.8894248008728027,-3.028396688742439,-0.25643288309537654,1.4562495038281553,1766201800.186113
0.1811043918132782,2.446336269378662,1.8893098831176758,-3.029167881233491,-0.2571844338873942,1.4565673428844994,1766201800.1961622
0.17949695885181427,2.4464519023895264,1.8891746997833252,-3.029207968691963,-0.2576527955950825,1.4564077654378114,1766201800.2061322
0.17797917127609253,2.446622848510742,1.8890670537948608,-3.0293759515233507,-0.25858296845470513,1.4549240984815088,1766201800.2061567
0.17648036777973175,2.44682240486145,1.8889673948287964,-3.0295151023181397,-0.25860044513756286,1.454751006322996,1766201800.2160575
0.17475832998752594,2.4469900131225586,1.8888450860977173,-3.029602286632578,-0.2594720161860109,1.4542911720940974,1766201800.2361429
0.1732410490512848,2.447176933288574,1.8886990547180176,-3.0294761702087145,-0.2594385768021776,1.4537809739137257,1766201800.2361674
0.17181818187236786,2.4473628997802734,1.888575553894043,-3.0284955927256343,-0.25920571846080365,1.4534980723315267,1766201800.2461374
0.17015519738197327,2.4476888179779053,1.8884965181350708,-3.028893722750601,-0.25956387216006216,1.4533297606595372,1766201800.2560942
0.16852664947509766,2.4478724002838135,1.8883026838302612,-3.0287723650865237,-0.25956903915630614,1.4520508238876308,1766201800.256119
0.16703186929225922,2.4481704235076904,1.8881938457489014,-3.028016914511743,-0.25901387739532444,1.4512917526435656,1766201800.2661197
0.16539785265922546,2.4485719203948975,1.888122797012329,-3.028721188683051,-0.2587652012582583,1.4516106725113096,1766201800.2760422
0.16391918063163757,2.4488768577575684,1.8879728317260742,-3.0287547242579445,-0.25829782352656444,1.4517806983067978,1766201800.2860878
0.16226376593112946,2.4491827487945557,1.8878772258758545,-3.0301802418122055,-0.25771401425209867,1.450444664072171,1766201800.2960827
0.16070379316806793,2.4495298862457275,1.8878507614135742,-3.031179636925142,-0.2571418692502579,1.451390046003361,1766201800.306103
0.15915857255458832,2.449849843978882,1.88779616355896,-3.031383685283535,-0.2558533992067747,1.4507399050834011,1766201800.306128
0.15781758725643158,2.450146436691284,1.8877710103988647,-3.0321968221828146,-0.25410968417842866,1.4509758351199753,1766201800.3160577
0.15623654425144196,2.450537919998169,1.8877710103988647,-3.033183627183571,-0.25269451390780445,1.452017721439083,1766201800.3261473
0.15477223694324493,2.45074462890625,1.8877540826797485,-3.0340972224981164,-0.25149759144801265,1.4517509431473516,1766201800.3361526
0.15345382690429688,2.4509754180908203,1.8877607583999634,-3.035098904162053,-0.2504416755977321,1.4523739388265573,1766201800.3461556
0.15199798345565796,2.4512152671813965,1.8878120183944702,-3.0355945546256646,-0.2489779165621441,1.452268329107128,1766201800.3561532
0.15070810914039612,2.451388120651245,1.887885332107544,-3.037489106099678,-0.2478547393351329,1.4535391253620298,1766201800.3661397
0.14942030608654022,2.4514200687408447,1.887908697128296,-3.0401427616410053,-0.2470105804640852,1.455030587593631,1766201800.3661656
0.14809446036815643,2.451505422592163,1.8879358768463135,-3.0421409091228737,-0.24668832818978603,1.4553949167813107,1766201800.3760936
0.14683137834072113,2.4515726566314697,1.8879773616790771,-3.042291412007741,-0.2463617669278796,1.4555693196976816,1766201800.386135
0.14572393894195557,2.451523542404175,1.8880259990692139,-3.042586642680598,-0.24579415239518979,1.4559500749810461,1766201800.3961585
0.14468692243099213,2.4514007568359375,1.8880616426467896,-3.044146994726915,-0.2460033184798998,1.4576937998350745,1766201800.4061556
0.14364728331565857,2.4512627124786377,1.888097882270813,-3.045066067509496,-0.24617948312377913,1.4581409008019426,1766201800.416151
0.14269128441810608,2.4510676860809326,1.8881334066390991,-3.045392903957115,-0.2470832815734826,1.458524841759271,1766201800.4161777
0.14176501333713531,2.450914144515991,1.8882304430007935,-3.046413886666161,-0.24814010287781596,1.459150772052158,1766201800.4261599
0.14093920588493347,2.4506478309631348,1.8882899284362793,-3.0470890707175395,-0.24887933523684233,1.459954887037065,1766201800.43605
0.140183687210083,2.4503133296966553,1.8883259296417236,-3.0484901862971285,-0.2499383215007753,1.460297780910814,1766201800.4460866
0.1394960731267929,2.4500010013580322,1.8883569240570068,-3.048481678839777,-0.2508808478549641,1.4610256581820114,1766201800.4561596
0.138778418302536,2.4496898651123047,1.8884047269821167,-3.050117592797986,-0.25205894353690256,1.4609036625128973,1766201800.456184
0.13824240863323212,2.4493720531463623,1.888492465019226,-3.051313647407296,-0.25376665071204024,1.461052996678988,1766201800.466078
0.13774855434894562,2.449075698852539,1.8885526657104492,-3.0516028028512037,-0.25453945007560536,1.4610289252092028,1766201800.4760568
0.13734683394432068,2.448749542236328,1.888565182685852,-3.05069888658907,-0.25486318482215614,1.4612345587497475,1766201800.486063
0.1369372010231018,2.448458433151245,1.8886016607284546,-3.0508477939533147,-0.25513757922709235,1.4613586113521786,1766201800.4961557
0.13665162026882172,2.4481141567230225,1.8885849714279175,-3.0508689092158834,-0.2553907068071937,1.4629219988746927,1766201800.5061643
0.13634686172008514,2.447812557220459,1.8885602951049805,-3.052051033051977,-0.25565914021866104,1.463580202749204,1766201800.5061886
0.13614197075366974,2.4475395679473877,1.888512372970581,-3.0516580487751335,-0.25578657285941137,1.4638956260283105,1766201800.516057
0.13593508303165436,2.4472532272338867,1.8884174823760986,-3.0515046211692956,-0.2557657803884287,1.4637158072558438,1766201800.526136
0.13584838807582855,2.4470057487487793,1.8882900476455688,-3.050113736052393,-0.2550993287204716,1.4633846684356768,1766201800.536157
0.13580478727817535,2.4467527866363525,1.8881710767745972,-3.0509075878427634,-0.2551468667995472,1.4640694689669191,1766201800.5461545
0.13573402166366577,2.446489095687866,1.8879777193069458,-3.050962321819354,-0.25437317609981286,1.4648733896620494,1766201800.5561223
0.1356886625289917,2.446239948272705,1.8877381086349487,-3.0510379029943437,-0.25392935517496223,1.4657327005418848,1766201800.5562139
0.13574832677841187,2.445925712585449,1.887578010559082,-3.050182946506446,-0.25345288562654394,1.4665781313571775,1766201800.5661438
0.13580796122550964,2.445618152618408,1.8873978853225708,-3.0504577711420806,-0.25291032573871136,1.4674148459332126,1766201800.576057
0.13588081300258636,2.445269823074341,1.887260913848877,-3.0501794861599065,-0.25308482412460975,1.4682345563586958,1766201800.5861418
0.13599488139152527,2.4448604583740234,1.8871231079101562,-3.0498805144475374,-0.25218062461676677,1.469425159795377,1766201800.5961514
0.13609641790390015,2.4443764686584473,1.8870402574539185,-3.049639242828252,-0.2512767161155585,1.469619414910859,1766201800.6061625
0.1361955851316452,2.443864107131958,1.8870333433151245,-3.0505215733702133,-0.2510438267613143,1.4695501809874485,1766201800.6061873
0.1362607479095459,2.4432976245880127,1.8870290517807007,-3.0524773944189834,-0.2522575186527585,1.4685738750829032,1766201800.6160555
0.13640029728412628,2.4426932334899902,1.887087345123291,-3.0520245491750106,-0.2521011376305558,1.468617187876801,1766201800.6260858
0.13656195998191833,2.4420676231384277,1.887162208557129,-3.053547434306064,-0.252700840409783,1.4692340158911956,1766201800.6461396
0.13674989342689514,2.441406726837158,1.8873002529144287,-3.0546885113358195,-0.25394894407001145,1.4697121558585593,1766201800.6461656
0.13700252771377563,2.4406309127807617,1.8874971866607666,-3.0571249221460577,-0.2545635989369385,1.468680101058298,1766201800.6560144
0.13725918531417847,2.4398648738861084,1.8876560926437378,-3.0577467258648365,-0.2552358319875509,1.467980544528232,1766201800.656044
0.1376114934682846,2.439082145690918,1.8877894878387451,-3.0581678633016565,-0.2554754571065442,1.467888930706308,1766201800.6660767
0.13798122107982635,2.4383556842803955,1.8879656791687012,-3.057188561529763,-0.25689295132224893,1.4670576332048686,1766201800.6760457
0.13846328854560852,2.4375972747802734,1.8881001472473145,-3.057004455130215,-0.2581827022748896,1.4664120317096263,1766201800.6860685
0.13891379535198212,2.4368579387664795,1.8882602453231812,-3.05566604893891,-0.2594438498055044,1.4650152286188372,1766201800.6961462
0.13938696682453156,2.4361307621002197,1.88839852809906,-3.0560591356269216,-0.26023183804007394,1.463831469617642,1766201800.7061067
0.139854297041893,2.4354474544525146,1.8884929418563843,-3.055105405112524,-0.2601916318309209,1.4626790612942013,1766201800.706131
0.1403491050004959,2.4347987174987793,1.8886291980743408,-3.0544937319418843,-0.259427971189678,1.4618205275403837,1766201800.71609
0.14081664383411407,2.4342386722564697,1.8887048959732056,-3.052801280242469,-0.2588611229460404,1.460446879418822,1766201800.7260904
0.14126692712306976,2.433699369430542,1.888734221458435,-3.0515199641240964,-0.2577398929332507,1.4603643509084294,1766201800.7361462
0.14179131388664246,2.4330499172210693,1.8887431621551514,-3.0505300042468493,-0.25699662804981094,1.4581779643304336,1766201800.746019
0.1422341763973236,2.432420015335083,1.8887821435928345,-3.0496432365531856,-0.25534306209516094,1.4575121937316533,1766201800.7561407
0.14261282980442047,2.431806802749634,1.8887624740600586,-3.0493712760130993,-0.25437883084300134,1.4565168104836648,1766201800.756165
0.14300666749477386,2.4311411380767822,1.8887288570404053,-3.0481593796239324,-0.2532395754444764,1.4560917876294135,1766201800.766144
0.14331819117069244,2.4304378032684326,1.8887099027633667,-3.0501704201555166,-0.2530066288154318,1.455600615012805,1766201800.7760613
0.1437828689813614,2.4296154975891113,1.8885903358459473,-3.051183868095822,-0.2525677877175034,1.4548428266128814,1766201800.786072
0.14413899183273315,2.428788185119629,1.88847017288208,-3.051629990280411,-0.2529456759883482,1.453431146694216,1766201800.7960942
0.14444772899150848,2.4279592037200928,1.8883408308029175,-3.051336354370067,-0.2537959556475008,1.4529681283075302,1766201800.8061073
0.14478962123394012,2.4270172119140625,1.888238549232483,-3.050476765102274,-0.2548607422426004,1.4523501690371645,1766201800.8061323
0.14522533118724823,2.425976037979126,1.8881038427352905,-3.050365578802024,-0.25530579842967605,1.453409644925838,1766201800.8160446
0.14553147554397583,2.424926280975342,1.8879474401474,-3.0500043761022146,-0.25651960086850895,1.4526028227596437,1766201800.8260815
0.14581401646137238,2.4238646030426025,1.8877655267715454,-3.0500442347147607,-0.2574184938759177,1.4537103859691596,1766201800.836135
0.14613750576972961,2.422755241394043,1.887574553489685,-3.0492312584809698,-0.2592876979778668,1.4532504210440296,1766201800.846167
0.14655634760856628,2.4216182231903076,1.8873471021652222,-3.0501734428936382,-0.26148949597024723,1.4519899653422932,1766201800.8561182
0.14698348939418793,2.4205162525177,1.8871480226516724,-3.049883207201022,-0.26302324184143194,1.452699608727074,1766201800.856143
0.14735840260982513,2.4193952083587646,1.8869150876998901,-3.049591011928662,-0.26468092100264745,1.4535418223635304,1766201800.8661666
0.14791618287563324,2.418159008026123,1.8866403102874756,-3.049627735727745,-0.26545804855238786,1.4538034319315605,1766201800.8760734
0.14831168949604034,2.4170031547546387,1.8863954544067383,-3.048693023036552,-0.26611769790953843,1.454349620422759,1766201800.8861358
0.14870209991931915,2.415811061859131,1.8861167430877686,-3.046912358569133,-0.2670449324477451,1.4539758597664565,1766201800.896071
0.14932207763195038,2.414616584777832,1.885819911956787,-3.0444957997388116,-0.26756191646374367,1.4536616303172953,1766201800.906077
0.14977172017097473,2.413421630859375,1.8854984045028687,-3.044231266045549,-0.26863951534460057,1.4533637999403772,1766201800.9061017
0.15037526190280914,2.412222385406494,1.8851022720336914,-3.0426401990267213,-0.26903859271748226,1.4540542198818693,1766201800.9160435
0.15098564326763153,2.4109840393066406,1.8846474885940552,-3.042166820934879,-0.26892755596857215,1.454829398621148,1766201800.9260962
0.15150491893291473,2.4097986221313477,1.8841137886047363,-3.0410829865874223,-0.26842344619819425,1.454695681845695,1766201800.936153
0.1520964801311493,2.4085421562194824,1.8834352493286133,-3.039526042764117,-0.2674038971745348,1.4540683270060037,1766201800.94616
0.152729794383049,2.4073033332824707,1.8827378749847412,-3.0392253190812855,-0.2667163404301982,1.4544975408662537,1766201800.956158
0.15340234339237213,2.4060215950012207,1.881906509399414,-3.035344838721797,-0.2644927885756716,1.4552732916740032,1766201800.9661784
0.15401676297187805,2.404654026031494,1.881030797958374,-3.033588283331362,-0.26314277946126574,1.4575123031950297,1766201800.9662051
0.15463674068450928,2.4030771255493164,1.880091905593872,-3.0297089183111563,-0.26225943254196193,1.4581602220686256,1766201800.9760642
0.15526404976844788,2.401437520980835,1.8791968822479248,-3.028495881534482,-0.26216336638888754,1.460294817490418,1766201800.9861414
0.15593545138835907,2.3995585441589355,1.8783589601516724,-3.0251601446167404,-0.2615687545097715,1.4625203991055937,1766201800.9961712
0.15649211406707764,2.397573947906494,1.8776283264160156,-3.0217026031692122,-0.26122575916249524,1.4654497320475401,1766201801.0061538
0.15699556469917297,2.3952596187591553,1.8769217729568481,-3.0187516571675928,-0.2627238183676805,1.4669770688026569,1766201801.0161605
0.15749748051166534,2.3929080963134766,1.8762950897216797,-3.0187545915785283,-0.2662043088180624,1.4700460164734277,1766201801.0161884
0.15783333778381348,2.390263795852661,1.8757412433624268,-3.018876614465238,-0.26864903205780594,1.4722244570879353,1766201801.0260897
0.15825679898262024,2.3875112533569336,1.8752707242965698,-3.0191211885133025,-0.2723240622205117,1.4743429411869546,1766201801.0360768
0.1584479659795761,2.3847265243530273,1.8749427795410156,-3.02448120649097,-0.2781479031078006,1.476124982165131,1766201801.0460618
0.15882857143878937,2.3817057609558105,1.8746229410171509,-3.0250441217716397,-0.2816641808555239,1.4774031150354616,1766201801.0560653
0.15917140245437622,2.378675699234009,1.8744699954986572,-3.0289687635761746,-0.2874677443136981,1.4787770084617868,1766201801.0560918
0.15958942472934723,2.375532388687134,1.8744076490402222,-3.029005385341628,-0.29003838985689084,1.4788362220268374,1766201801.0660973
0.16005925834178925,2.3724417686462402,1.8743890523910522,-3.0327746630469776,-0.29460282714439257,1.4795359590372978,1766201801.0760455
0.16059145331382751,2.369297504425049,1.874527096748352,-3.0332659105880415,-0.2979392543373425,1.4809932269383081,1766201801.0860884
0.16128362715244293,2.3661015033721924,1.8746734857559204,-3.0359001426309735,-0.2992840544567283,1.4806728259687054,1766201801.0960748
0.16210967302322388,2.3628809452056885,1.8748836517333984,-3.034812384265693,-0.300529231688344,1.4828313361495387,1766201801.1060905
0.1629251092672348,2.359673261642456,1.8751323223114014,-3.0359236705919352,-0.3016017507692374,1.4830943698777792,1766201801.1160944
0.1638576239347458,2.356513261795044,1.8753876686096191,-3.036560809982844,-0.30125638257877513,1.48499850155682,1766201801.1161215
0.16490839421749115,2.353276014328003,1.8755885362625122,-3.035411018905965,-0.3009730393759426,1.4859992737997083,1766201801.1260083
0.16601106524467468,2.3499555587768555,1.8758398294448853,-3.0353412332077028,-0.29966442640977575,1.4874533139229698,1766201801.1360576
0.16719570755958557,2.3466579914093018,1.8760162591934204,-3.0350662960101746,-0.29814669619923717,1.4897322060898746,1766201801.146026
0.16847704350948334,2.343219518661499,1.8761383295059204,-3.0338557654742937,-0.29606246845311174,1.4910210763784486,1766201801.1560202
0.16974176466464996,2.339665651321411,1.876151204109192,-3.03459837064442,-0.2948815562809774,1.492590411581164,1766201801.156031
0.1712171733379364,2.336088180541992,1.8761547803878784,-3.034529418048192,-0.2917615350133838,1.496079167208173,1766201801.1661127
0.17265617847442627,2.332261323928833,1.8759568929672241,-3.0325189455150747,-0.2902503624106778,1.49893296399627,1766201801.1760972
0.1741931438446045,2.3283586502075195,1.875713586807251,-3.032584654363017,-0.28726438211804994,1.501785709787112,1766201801.186162
0.1756969392299652,2.3242807388305664,1.875378131866455,-3.0297668363199572,-0.2849701549408311,1.5046944096066772,1766201801.1961315
0.17724186182022095,2.320033311843872,1.874937891960144,-3.0315504458503946,-0.28370418934482017,1.5067590595743514,1766201801.2061102
0.17873485386371613,2.315608263015747,1.8743888139724731,-3.0261121431326865,-0.2814763202762614,1.5080965384640097,1766201801.2061362
0.18034234642982483,2.3110485076904297,1.8738096952438354,-3.0291237873641417,-0.28027757531965386,1.5112788080816402,1766201801.2160676
0.18195556104183197,2.306166172027588,1.8729459047317505,-3.025285290770039,-0.2797219060513935,1.5133677306752569,1766201801.2260604
0.18362316489219666,2.301093578338623,1.8721673488616943,-3.0270057645826913,-0.27983641667186593,1.5150868466545824,1766201801.2361548
0.18527397513389587,2.2959063053131104,1.8712228536605835,-3.0254879845340583,-0.27965022916109483,1.5166789427788676,1766201801.2461455
0.18699073791503906,2.2904093265533447,1.8702510595321655,-3.0258398259501633,-0.2812256846396699,1.5185085799782496,1766201801.2561345
0.18881835043430328,2.2848360538482666,1.8691157102584839,-3.0258012508777736,-0.28236343551042187,1.5194099546511999,1766201801.256159
0.33661752939224243,1.967218041419983,1.841050148010254,-2.9510390189943188,-0.266603637728913,1.6202533973748152,1766201801.5961962
0.3412107229232788,1.9566460847854614,1.8424842357635498,-2.953842427100185,-0.265358998699834,1.6211107860412024,1766201801.6061907
0.34600594639778137,1.94607412815094,1.8442195653915405,-2.954637096555878,-0.26196461521217596,1.6235106295875157,1766201801.6062164
0.351085364818573,1.9354618787765503,1.8462316989898682,-2.961266746707697,-0.2613725102609626,1.6249276062836657,1766201801.6160226
0.3558550477027893,1.9247087240219116,1.8481382131576538,-2.961225767412341,-0.2617057577176072,1.6253481770454448,1766201801.626137
0.36033764481544495,1.914109468460083,1.8501811027526855,-2.9584437131254258,-0.2588123880013085,1.6238697353813387,1766201801.6361187
0.3651285767555237,1.9034855365753174,1.8523255586624146,-2.960039089337217,-0.2561575479267556,1.6231441671606117,1766201801.6461456
0.3699071407318115,1.8929119110107422,1.8543721437454224,-2.9637359746691954,-0.2568402154458057,1.6234351688301067,1766201801.6561549
0.37425166368484497,1.8824784755706787,1.856481671333313,-2.963474244929063,-0.25391997311033343,1.6195143733225073,1766201801.6661434
0.37888965010643005,1.8719773292541504,1.8585436344146729,-2.9683947040382224,-0.2534463663224816,1.6170653698534883,1766201801.6661682
0.3834131360054016,1.8616688251495361,1.8604686260223389,-2.974200588964259,-0.25623945367082546,1.6169879634494468,1766201801.6759934
0.3884746730327606,1.8509669303894043,1.8624204397201538,-2.969507040985645,-0.2526848489047473,1.6172059699959078,1766201801.6860633
0.3927719295024872,1.8407680988311768,1.864456295967102,-2.9728864348995137,-0.25391721443292814,1.61192811943108,1766201801.696065
0.39727529883384705,1.8304078578948975,1.8663076162338257,-2.9729077694066173,-0.2555774251352872,1.6090693349019276,1766201801.7060878
0.4016647934913635,1.8200722932815552,1.8680427074432373,-2.9727082480646527,-0.2579890206604742,1.6074260458207306,1766201801.7060986
0.4059661328792572,1.8095067739486694,1.8697896003723145,-2.9673205275678742,-0.2596310797504288,1.6022172054816413,1766201801.7160344
0.41037288308143616,1.7996019124984741,1.87138032913208,-2.970082498536988,-0.26589862602744485,1.601493401656022,1766201801.7261474
0.41475602984428406,1.7897086143493652,1.8731530904769897,-2.9672208078700524,-0.27117319467221357,1.598202908861913,1766201801.7361224
0.4181709289550781,1.7797682285308838,1.8749451637268066,-2.964133402959754,-0.2758904743764178,1.5990466037842956,1766201801.746145
0.4221979081630707,1.7698472738265991,1.8765840530395508,-2.963928067957051,-0.28019899357978395,1.593334883038303,1766201801.7561362
0.4261833131313324,1.7601863145828247,1.8781914710998535,-2.963325183753134,-0.2830507652263436,1.59108177200509,1766201801.756162
0.42981651425361633,1.7508107423782349,1.8797816038131714,-2.963169867185697,-0.2862566237112505,1.589525604710128,1766201801.7661467
0.433692991733551,1.7420190572738647,1.8813146352767944,-2.9725033400588052,-0.2910470020495028,1.5861289986961995,1766201801.7760038
0.4370945692062378,1.7324621677398682,1.8828157186508179,-2.966214117252817,-0.28710937228158095,1.5847975957365301,1766201801.7861493
0.44077274203300476,1.7238457202911377,1.8842045068740845,-2.9763369391597805,-0.2917865669280445,1.5805382569099502,1766201801.7961156
0.44437187910079956,1.715104341506958,1.8855853080749512,-2.9759834922039787,-0.28926654157766535,1.5799555103341454,1766201801.8061018
0.44786688685417175,1.7063740491867065,1.8867757320404053,-2.9772734808614034,-0.2884154761833648,1.5776512816809474,1766201801.8061287
0.4513407349586487,1.697359323501587,1.888109803199768,-2.974315248264115,-0.28206879772101007,1.5746749038407017,1766201801.8160217
0.45488104224205017,1.688453197479248,1.8891785144805908,-2.972506828751546,-0.27864369276959566,1.5757454540142677,1766201801.8261213
0.4587162137031555,1.679962158203125,1.889937162399292,-2.97357065041547,-0.27627379059024554,1.5698832880192595,1766201801.836121
0.46252891421318054,1.67129385471344,1.8907651901245117,-2.9810502840492266,-0.2780417010798621,1.5696180268277382,1766201801.8461676
0.46605169773101807,1.6625527143478394,1.8915860652923584,-2.9811884144352594,-0.27593408563986477,1.56985114155378,1766201801.856139
0.469036340713501,1.65351402759552,1.8922553062438965,-2.974999699369162,-0.2714386381901417,1.5646544504393318,1766201801.8562813
0.47254499793052673,1.6449052095413208,1.8927018642425537,-2.9775074306617952,-0.2737428945372366,1.5627257005857205,1766201801.8759878
0.4758254587650299,1.6358948945999146,1.8932665586471558,-2.98028675625772,-0.27414130471601106,1.5647108837153918,1766201801.875995
0.47923773527145386,1.6269190311431885,1.8935374021530151,-2.9799181816803215,-0.2721687920040977,1.564871954991866,1766201801.8860655
0.48204293847084045,1.617749810218811,1.8936306238174438,-2.9733746758929334,-0.2682102540864651,1.5626030730965894,1766201801.896028
0.4856097102165222,1.6087357997894287,1.8935794830322266,-2.9807820723435943,-0.2710879039386939,1.5616437822073352,1766201801.9059937
0.4888988733291626,1.5993531942367554,1.893409252166748,-2.981523489131733,-0.2704165573561283,1.561658694019792,1766201801.9160447
0.49201759696006775,1.5899524688720703,1.893049716949463,-2.9781711817785657,-0.26858545617077917,1.5616372276509864,1766201801.9160516
0.49512389302253723,1.5805139541625977,1.8925068378448486,-2.9780656857920533,-0.2691939813460259,1.5617268253075491,1766201801.9260285
0.4983360767364502,1.5709036588668823,1.8918954133987427,-2.9781903790254907,-0.26982605736721926,1.5604906850549543,1766201801.9360123
0.5017834305763245,1.561299443244934,1.8911319971084595,-2.9800805416517497,-0.27059010936060485,1.5612120750424774,1766201801.9459949
0.5048355460166931,1.551552176475525,1.8902642726898193,-2.9801327270618785,-0.270880283104018,1.559117847647205,1766201801.9561014
0.507728099822998,1.5417059659957886,1.889262318611145,-2.9811526876560004,-0.27192985429018557,1.5581061811092385,1766201801.9661167
0.5106044411659241,1.5317809581756592,1.8880538940429688,-2.9789777273085742,-0.2716902687289727,1.5580369702961843,1766201801.9761539
0.5139330625534058,1.5217944383621216,1.8867812156677246,-2.9793243455337097,-0.2725746631295661,1.5584620297271916,1766201801.976179
0.5170370936393738,1.5115470886230469,1.8852763175964355,-2.9808907905999806,-0.27184848290942026,1.5555014274388643,1766201801.986042
0.5201622843742371,1.501474380493164,1.8838262557983398,-2.9811198173030777,-0.27180279464006996,1.5577624068642704,1766201801.9960487
0.5225669145584106,1.4911959171295166,1.8822782039642334,-2.9765364698007692,-0.2739465182900638,1.5564441843232428,1766201802.0060391
0.5253974795341492,1.480879783630371,1.8805423974990845,-2.9766046560644086,-0.275555825074351,1.5565457548325974,1766201802.0060468
0.5282490253448486,1.4705551862716675,1.878793716430664,-2.9753351815740965,-0.27691326694951457,1.5555485471364328,1766201802.0160222
0.5310647487640381,1.4600571393966675,1.8770078420639038,-2.9736332977171913,-0.2792075337030318,1.5536363033439768,1766201802.0261822
0.5339601039886475,1.449723482131958,1.8751832246780396,-2.9737704851489117,-0.2799102242360014,1.5547575462694272,1766201802.0361452
0.5367400646209717,1.439225196838379,1.8731955289840698,-2.971292421247552,-0.27750053707510364,1.5514087805901713,1766201802.046158
0.5395687818527222,1.4288080930709839,1.8712102174758911,-2.970560270736819,-0.2781165216758154,1.5520286127328997,1766201802.0561104
0.5415693521499634,1.4182895421981812,1.8694525957107544,-2.9668675370642963,-0.27860216732897963,1.5493025708272636,1766201802.05621
0.5439786911010742,1.4077479839324951,1.867608904838562,-2.9661383689488483,-0.27977780339845254,1.5485414688540113,1766201802.0760877
0.5463664531707764,1.3972479104995728,1.865839958190918,-2.964197018904665,-0.2786208926442548,1.5504477312424867,1766201802.0761642
0.5485650897026062,1.386562705039978,1.8639941215515137,-2.9606296227643027,-0.2764932354996431,1.5490422786020093,1766201802.0861616
0.5508742332458496,1.3758869171142578,1.8622759580612183,-2.960170701006884,-0.27589669472670214,1.5500402155900026,1766201802.0961702
0.5531989336013794,1.3651090860366821,1.86066472530365,-2.9611637681200826,-0.2758817859634718,1.5513452975433182,1766201802.1061025
0.5553604364395142,1.3542112112045288,1.8590494394302368,-2.9613677626587,-0.273198957186842,1.5508065760843992,1766201802.1063776
0.5568077564239502,1.343308687210083,1.8577688932418823,-2.9577973433284734,-0.27397311142401076,1.552944301121375,1766201802.1161077
0.5585346817970276,1.3321261405944824,1.85649573802948,-2.9563780804188298,-0.273915507841927,1.5516518940835144,1766201802.126016
0.560086190700531,1.3208611011505127,1.8553695678710938,-2.957482867742754,-0.2762201931394619,1.5512739041087265,1766201802.1360824
0.5615484118461609,1.3095307350158691,1.8543479442596436,-2.959550149922532,-0.2774494655666392,1.5520600698958125,1766201802.1461592
0.5632107853889465,1.2982937097549438,1.8535665273666382,-2.958254377070098,-0.2764889758351288,1.5524717206723349,1766201802.1560993
0.5647808313369751,1.2869486808776855,1.852993130683899,-2.9596443489134416,-0.2781159468109354,1.5510577048769139,1766201802.16616
0.5664594769477844,1.2756404876708984,1.852835774421692,-2.958435301920191,-0.2796274420146914,1.5489480064239338,1766201802.1661859
0.567903995513916,1.2641571760177612,1.8530510663986206,-2.9541383381418567,-0.28062948750881717,1.5487118833954292,1766201802.1760678
0.5697144269943237,1.2525250911712646,1.8537359237670898,-2.9484798763883187,-0.2809269872154233,1.548710672253873,1766201802.1861563
0.5713552832603455,1.2408016920089722,1.8547550439834595,-2.950184617207039,-0.2798570254457908,1.5468719479141633,1766201802.1961367
0.5726970434188843,1.2291914224624634,1.855879545211792,-2.9482529383597584,-0.2794451534809237,1.5453936435632882,1766201802.2061388
0.5747117400169373,1.2176384925842285,1.8571490049362183,-2.9504362012264607,-0.27427935139054277,1.538929602889928,1766201802.216144
0.5758948922157288,1.2057877779006958,1.858763575553894,-2.9532279326287973,-0.2785510454086763,1.5435617492526423,1766201802.2162733
0.5773101449012756,1.1941227912902832,1.860277771949768,-2.95833833127801,-0.2764169570411203,1.5398270899099993,1766201802.2261307
0.578737735748291,1.1825591325759888,1.8616918325424194,-2.9628788525977927,-0.2768975902907897,1.5379759161951856,1766201802.2461624
0.5803587436676025,1.1709814071655273,1.8631001710891724,-2.9667814488134163,-0.27560118167632985,1.5372040702735357,1766201802.246188
0.5818466544151306,1.1596014499664307,1.864350438117981,-2.972655399400629,-0.27969521799628905,1.5327204526642737,1766201802.2560549
0.5835832953453064,1.1479792594909668,1.865778923034668,-2.967922372962098,-0.27740350117487583,1.5321546540483517,1766201802.2560847
0.5853707790374756,1.136271595954895,1.8672548532485962,-2.964052693711435,-0.28006913888755963,1.5312882953087343,1766201802.2660677
0.5872382521629333,1.1246179342269897,1.8687278032302856,-2.9618470539216037,-0.2815500575357916,1.5299139278374723,1766201802.2761014
0.5892166495323181,1.1129578351974487,1.870233178138733,-2.9608799023843067,-0.2831767199909045,1.5292685840717606,1766201802.2860875
0.5915162563323975,1.1016147136688232,1.8715519905090332,-2.9611980625147436,-0.28148546506617084,1.523419766366117,1766201802.2960331
0.5936100482940674,1.0899572372436523,1.8730586767196655,-2.965286010989906,-0.28542110622039907,1.5232713224126313,1766201802.3061075
0.5955801010131836,1.0781217813491821,1.8747020959854126,-2.9661233564110527,-0.29152348810123696,1.5337838116639062,1766201802.306135
0.5980046391487122,1.0670613050460815,1.8759334087371826,-2.969724186088764,-0.2909525512525757,1.526616636684251,1766201802.316061
0.6004351377487183,1.0554375648498535,1.8774725198745728,-2.9641611505569547,-0.2879583332675201,1.5318124784661635,1766201802.3261402
0.6027156710624695,1.0442142486572266,1.878745198249817,-2.9712212595373337,-0.29318828744866243,1.5323025858796642,1766201802.3361619
0.6050950288772583,1.0328017473220825,1.8800925016403198,-2.973969283105947,-0.29482943131909445,1.5342680891651017,1766201802.3461235
0.6076497435569763,1.0210860967636108,1.8814023733139038,-2.9687136713506677,-0.2898486280458387,1.5398425667423454,1766201802.3561068
0.6100612878799438,1.0101110935211182,1.8823357820510864,-2.9787758215683375,-0.29533813862978486,1.538080835215602,1766201802.3561342
0.6128262877464294,0.9986541271209717,1.8832861185073853,-2.973177037212124,-0.2916165300537821,1.5442683729164668,1766201802.3661616
0.6150203943252563,0.9873278141021729,1.8841372728347778,-2.9839419343069533,-0.3026065733128536,1.54845334079245,1766201802.3861065
0.6178317070007324,0.9760544896125793,1.8847293853759766,-2.9825532050118606,-0.30121956330794103,1.5512173604384287,1766201802.3861341
0.6208587288856506,0.9646091461181641,1.8852529525756836,-2.9768604440551467,-0.29613078613216126,1.5555385947466531,1766201802.3960745
0.6233945488929749,0.9535735845565796,1.8854749202728271,-2.983299016173652,-0.30369981677699714,1.5530986647621934,1766201802.406116
0.6264240741729736,0.9420273900032043,1.8857496976852417,-2.9730525646469257,-0.3001969538086478,1.5600508000130144,1766201802.4061437
0.6291553378105164,0.9308456182479858,1.885433554649353,-2.9808364590415057,-0.3068776028741331,1.5562716838031103,1766201802.4161086
0.6325562596321106,0.9192988872528076,1.8849724531173706,-2.972298840126486,-0.29554222497930493,1.5594993789648819,1766201802.4261317
0.6352370977401733,0.9080288410186768,1.88465416431427,-2.978131468794686,-0.30598741833294013,1.5584717582513399,1766201802.4361231
0.6384096145629883,0.8963855504989624,1.8839004039764404,-2.975157295327161,-0.30431289635986725,1.5610498322485225,1766201802.4461224
0.6423338651657104,0.8847728967666626,1.8828043937683105,-2.965317527749272,-0.28739626869057117,1.555497445456729,1766201802.4561021
0.6452247500419617,0.873218297958374,1.8815574645996094,-2.971131103870353,-0.29366261302396296,1.5534241183534023,1766201802.4561293
0.6482951641082764,0.8609097003936768,1.8809665441513062,-2.9620224413494265,-0.3008676921174623,1.56781546446161,1766201802.466151
0.6518324017524719,0.8493971228599548,1.8790637254714966,-2.966833360247931,-0.29663227770260103,1.5532155616438545,1766201802.476062
0.6548951268196106,0.8369417786598206,1.8781472444534302,-2.95818022470552,-0.3036338285697407,1.568325461547362,1766201802.4860861
0.6580018401145935,0.8251506686210632,1.876372218132019,-2.962411553380831,-0.31231761635262906,1.5635826479800237,1766201802.4961216
0.6615581512451172,0.8129091262817383,1.874587059020996,-2.959737440313255,-0.30904363237731003,1.5644315396513504,1766201802.5061007
0.6651548743247986,0.8002151846885681,1.8731328248977661,-2.939735902726059,-0.30263096767984105,1.5725572969370856,1766201802.5061274
0.668433427810669,0.7884851098060608,1.870904564857483,-2.9584952796207533,-0.31426227748167684,1.5640081362308502,1766201802.5160503
0.6721706390380859,0.7758572101593018,1.8690836429595947,-2.939694289165731,-0.3047947376062896,1.5707479624595906,1766201802.5260563
0.6754468083381653,0.764127790927887,1.8669236898422241,-2.9579615136114152,-0.3214186920854598,1.5656501112642218,1766201802.536126
0.6790738105773926,0.7518094778060913,1.8650660514831543,-2.936647840789713,-0.311365663845679,1.5726846097011573,1766201802.546149
0.6830763816833496,0.7397542595863342,1.8628495931625366,-2.9441751338601256,-0.31773807133096466,1.5694762631734371,1766201802.5561504
0.686833918094635,0.7276512980461121,1.8604592084884644,-2.950886955584426,-0.3255797521593663,1.5663910893459712,1766201802.5561767
0.690683901309967,0.7154514193534851,1.8586660623550415,-2.9258296113795383,-0.3116476705775976,1.5724490559333253,1766201802.5660841
0.6945503354072571,0.7034738659858704,1.8561023473739624,-2.9497376223614307,-0.3284861328135361,1.5667714919425872,1766201802.5760057
0.6985667943954468,0.691381573677063,1.854310393333435,-2.9257088474371336,-0.31679421913343475,1.5755433861237675,1766201802.586163
0.7025589346885681,0.6795377731323242,1.8518333435058594,-2.9442250022264966,-0.3277405004082573,1.5695574443813038,1766201802.5961623
0.7067916989326477,0.6673898696899414,1.8498376607894897,-2.943402311718848,-0.32724223500770433,1.5694516327458121,1766201802.6061213
0.7108915448188782,0.6552577018737793,1.848211407661438,-2.9184731204568637,-0.3150829603558335,1.578029887932447,1766201802.6061487
0.7149338722229004,0.6436748504638672,1.8461233377456665,-2.9404496398988873,-0.3264329391708987,1.5728617256346324,1766201802.6160219
0.719351053237915,0.6312909126281738,1.8442978858947754,-2.9433702892359324,-0.326020250595438,1.5707919045754921,1766201802.626016
0.723808228969574,0.6187983155250549,1.8428096771240234,-2.9292324659413147,-0.31105283707440967,1.5787270884213904,1766201802.6361578
0.7280882000923157,0.6072506308555603,1.8413550853729248,-2.922555619663204,-0.30826785226043085,1.580690463956032,1766201802.646157
0.7324556708335876,0.5948564410209656,1.8393863439559937,-2.9426946051401672,-0.3214831736852066,1.5699378980982954,1766201802.6561458
0.7366733551025391,0.5829308032989502,1.8379944562911987,-2.942344209143196,-0.3180633005447704,1.571623048272665,1766201802.6561735
0.7417604923248291,0.570347785949707,1.836490511894226,-2.9416428271742947,-0.32001234641510934,1.5686752388049396,1766201802.6661432
0.7461151480674744,0.558150053024292,1.8353363275527954,-2.941535709249951,-0.32099020143673895,1.5681279645144495,1766201802.6761441
0.7505420446395874,0.5463644862174988,1.8340511322021484,-2.926006798844318,-0.3173015501536039,1.5730496642657021,1766201802.686146
0.7552375793457031,0.5338636040687561,1.8333184719085693,-2.9231602317211505,-0.31994082650315364,1.571853742946834,1766201802.696159
0.7602581977844238,0.5209868550300598,1.8335667848587036,-2.888911518223994,-0.30223977752287023,1.577847413685017,1766201802.706131
0.7645041346549988,0.5085805058479309,1.832922339439392,-2.9113937365868163,-0.32299348052779764,1.5687028533400902,1766201802.7061586
0.7684923410415649,0.4969756305217743,1.8327879905700684,-2.9334791246669187,-0.34120210161698644,1.557759874216859,1766201802.716063
0.7733567357063293,0.48358649015426636,1.8336790800094604,-2.905243325694042,-0.3253599692896578,1.5666887502116822,1766201802.7261353
0.777177095413208,0.4719318151473999,1.8342517614364624,-2.928965718414664,-0.3419526532089802,1.55437372200403,1766201802.7361557
0.7815269231796265,0.4588596224784851,1.8354936838150024,-2.946877674642873,-0.3431232273707833,1.550664640417146,1766201802.7461314
0.7856972217559814,0.4464431703090668,1.8368949890136719,-2.9452494558028284,-0.3407133684656707,1.5489842998809262,1766201802.756142
0.7897118330001831,0.43426549434661865,1.8384126424789429,-2.948895794002192,-0.3447149218616684,1.5475864386137235,1766201802.7561681
0.7937278747558594,0.42201489210128784,1.8402959108352661,-2.94526747246129,-0.3409631705942047,1.545975035651684,1766201802.7660697
0.7977079749107361,0.40985390543937683,1.8421109914779663,-2.943861691384299,-0.3419546226804526,1.5447534268171816,1766201802.7761366
0.8016107082366943,0.3978312313556671,1.844023585319519,-2.942110555608404,-0.342113535538177,1.5448611761269768,1766201802.7961369
0.8054502010345459,0.3856433928012848,1.8461295366287231,-2.9339308925682466,-0.3397069611113672,1.5473434618779602,1766201802.7961788
0.809326171875,0.3730773329734802,1.8482844829559326,-2.945061984481255,-0.34439759714970747,1.5433643994027726,1766201802.8061402
0.8129316568374634,0.3607955276966095,1.850518822669983,-2.9387202753127695,-0.3438812115681819,1.5449405260595412,1766201802.8161292
0.8163390159606934,0.34864577651023865,1.8529179096221924,-2.926618523545651,-0.34460310537779415,1.5434759729466883,1766201802.8161557
0.8195534348487854,0.33662909269332886,1.8552814722061157,-2.9252260171359126,-0.3492495204749831,1.5444883703162458,1766201802.8260841
0.8225891590118408,0.3243240714073181,1.857761025428772,-2.9152016869178263,-0.3488089889040451,1.5463788027551333,1766201802.8360355
0.8252501487731934,0.3122749626636505,1.8603520393371582,-2.916189155279989,-0.35538129474971025,1.544237677668193,1766201802.8461552
0.8278669118881226,0.3000461757183075,1.8629838228225708,-2.9092879602961514,-0.3546107735170891,1.5451001532081443,1766201802.8560987
0.8302678465843201,0.28758299350738525,1.8657114505767822,-2.923556695536744,-0.3625374508531012,1.5382022930082757,1766201802.8561249
0.8322871327400208,0.2752728760242462,1.868587851524353,-2.919328525079048,-0.3613057212668911,1.5376645047506465,1766201802.8660684
0.8343313336372375,0.26324209570884705,1.8712050914764404,-2.9290641575877583,-0.3686570731808246,1.536366219729988,1766201802.8761716
0.8359081149101257,0.25134727358818054,1.8739627599716187,-2.9234419430845247,-0.3682537508817586,1.534614159815069,1766201802.886098
0.8374298810958862,0.2397325485944748,1.8765733242034912,-2.918657956865283,-0.3678986293762116,1.5342283551461193,1766201802.8961575
0.8388622999191284,0.22805550694465637,1.8790411949157715,-2.929343151186393,-0.37442546597719795,1.5288991287592244,1766201802.9061563
0.840158224105835,0.21626082062721252,1.8814747333526611,-2.929890022581279,-0.3729438147183244,1.5279127275106321,1766201802.9063113
0.8415371775627136,0.20459525287151337,1.8838255405426025,-2.932221035285093,-0.37285057955048806,1.5273649905186906,1766201802.9160488
0.8430116772651672,0.1921675205230713,1.8862890005111694,-2.9156033014172524,-0.3582659368168852,1.5320463302245715,1766201802.9261367
0.8437255024909973,0.18167535960674286,1.8878459930419922,-2.949960032954626,-0.3776556745003041,1.51884526226002,1766201802.9361641
0.8446459770202637,0.17074888944625854,1.8895788192749023,-2.9386227794492217,-0.37228675220162527,1.5194010708739574,1766201802.9461427
0.84575355052948,0.15922357141971588,1.8912930488586426,-2.9453316115193577,-0.37043482197893945,1.5172421778890302,1766201802.9561362
0.8467666506767273,0.14772924780845642,1.8926970958709717,-2.9498599562931234,-0.3689370516245545,1.5134185370964803,1766201802.956163
0.8479579091072083,0.1361960470676422,1.8938530683517456,-2.9223620990147707,-0.35487398744657983,1.521544711817994,1766201802.966082
0.8485338091850281,0.12548378109931946,1.8944315910339355,-2.9539560153446147,-0.37246692801637277,1.5099113144626968,1766201802.9761236
0.8494873046875,0.11410573869943619,1.8951503038406372,-2.9611943457477,-0.3728973403650441,1.5078953237263641,1766201802.9861453
0.8500798940658569,0.10324206948280334,1.8953224420547485,-2.955693605783714,-0.37256449100383243,1.5043700217766922,1766201802.9961662
0.8513121604919434,0.09077490866184235,1.8958336114883423,-2.9387718851045497,-0.3559875436719426,1.5090365837541067,1766201803.0061433
0.8514853715896606,0.08077660948038101,1.8952220678329468,-2.9584420205282944,-0.3755480062790335,1.4988504163125946,1766201803.0061703
0.8526613116264343,0.06848224997520447,1.8953043222427368,-2.9388439175655954,-0.3564257102075714,1.5029054535242594,1766201803.015983
0.8527665734291077,0.05816156789660454,1.8943644762039185,-2.9623862512714583,-0.37674947539242654,1.4917480950992916,1766201803.026097
0.8531890511512756,0.046589210629463196,1.893685221672058,-2.9684397653519596,-0.3776842065396493,1.4859617753053027,1766201803.0361528
0.8540546298027039,0.03414912149310112,1.8931069374084473,-2.9363289384825464,-0.35864421147198494,1.496017829959753,1766201803.0461466
0.8538038730621338,0.024091413244605064,1.8916220664978027,-2.956169218620109,-0.37814103879882066,1.4828613810489306,1766201803.0561361
0.8540762662887573,0.012449358589947224,1.890453815460205,-2.965633814893671,-0.3804916481572206,1.4787509515925001,1766201803.0561633
0.8546406626701355,0.00027538981521502137,1.889573097229004,-2.9379933073657374,-0.36375819075367016,1.4857567093290491,1766201803.0660677
0.8547521829605103,-0.01126929558813572,1.8880672454833984,-2.9365761672722246,-0.364717085503357,1.4859305348057643,1766201803.0760481
0.8542286157608032,-0.021519852802157402,1.8862463235855103,-2.960532708721079,-0.3834358376625801,1.4734428045124743,1766201803.0861564
0.8542085886001587,-0.03330535069108009,1.8848117589950562,-2.970178611976817,-0.3836417629557493,1.4671394557695003,1766201803.096138
0.8543044924736023,-0.0454728826880455,1.8833802938461304,-2.9525612389518145,-0.3697387314966926,1.4731930242241342,1766201803.1060877
0.8539538383483887,-0.05697302892804146,1.8815654516220093,-2.9523954311886937,-0.3681510452981804,1.4740832824595982,1766201803.1061156
0.8533212542533875,-0.06822048127651215,1.8796205520629883,-2.9543882437649245,-0.3693204029381035,1.4727819741437385,1766201803.1160433
0.8523548245429993,-0.07851331681013107,1.8773046731948853,-2.9771356110547322,-0.38646750303221944,1.459606212711098,1766201803.1260922
0.8517810106277466,-0.0897902324795723,1.875266432762146,-2.9768684451551857,-0.3877565049942807,1.4557651915020906,1766201803.1361034
0.8511539697647095,-0.10143180936574936,1.8732576370239258,-2.995937082044162,-0.3930503635614794,1.4525771501565747,1766201803.146149
0.8504379391670227,-0.11256169527769089,1.8712962865829468,-2.9902482450350556,-0.3892814062587307,1.4487247920462856,1766201803.1561687
0.8495526313781738,-0.12387866526842117,1.8692032098770142,-2.9880020280563504,-0.39084086602779494,1.445474603585971,1766201803.1561959
0.8490304946899414,-0.13575172424316406,1.867517113685608,-2.9624078897201946,-0.3739584313006873,1.4486834147049132,1766201803.1660507
0.848064124584198,-0.14704416692256927,1.865664005279541,-2.9639377393448503,-0.3750032267668128,1.4447347543118763,1766201803.1759872
0.846933126449585,-0.15821130573749542,1.8637237548828125,-2.964352376056769,-0.3773900911241686,1.4398410510643866,1766201803.186141
0.8457960486412048,-0.1694551706314087,1.8618227243423462,-2.958729246249183,-0.3744009862689885,1.4394167944523228,1766201803.1961393
0.8445709347724915,-0.1804320067167282,1.8601988554000854,-2.959891424683016,-0.3752251923078501,1.4354180394394491,1766201803.2061205
0.8432833552360535,-0.190990149974823,1.858868956565857,-2.961073649247896,-0.3773782415051823,1.427081336171443,1766201803.2061484
0.8417706489562988,-0.20206435024738312,1.8573921918869019,-2.959159141861725,-0.3722855606465574,1.4241818591547424,1766201803.216009
0.8402705788612366,-0.21261383593082428,1.8562278747558594,-2.963329924558751,-0.37126203805391045,1.420378458723284,1766201803.2261374
0.8387863039970398,-0.22322654724121094,1.8549243211746216,-2.968923760651296,-0.36937459287877433,1.4151210174546272,1766201803.2361686
0.8370764851570129,-0.2337580919265747,1.853739857673645,-2.9730629039184806,-0.36626161085178394,1.4100943637911547,1766201803.2461557
0.83561772108078,-0.24419939517974854,1.8527120351791382,-2.9782537916223695,-0.3654567949237674,1.404369601048982,1766201803.2560956
0.8339880108833313,-0.25470027327537537,1.8518115282058716,-2.978372855922101,-0.3623895356576658,1.3999916490166473,1766201803.2561224
0.8324580788612366,-0.26519033312797546,1.851273536682129,-2.9759862067468625,-0.36081229485534555,1.3942944839939262,1766201803.2659652
0.8307945728302002,-0.27571403980255127,1.8509966135025024,-2.9716365604465973,-0.35844035385330825,1.390551720009069,1766201803.276125
0.8294065594673157,-0.28667232394218445,1.8510488271713257,-2.9637967763125355,-0.3518293348549504,1.3891116408811464,1766201803.2861562
0.8276848196983337,-0.2974025309085846,1.8511239290237427,-2.96475005896554,-0.35096543495886423,1.3830794376686035,1766201803.296161
0.8261361718177795,-0.3081965148448944,1.8514162302017212,-2.9714829343384133,-0.35379388860101246,1.3762952878596846,1766201803.3061347
0.8242534399032593,-0.3183022141456604,1.8515783548355103,-2.990755393469821,-0.3659466126504477,1.3650840037365597,1766201803.3061619
0.8228657841682434,-0.32964643836021423,1.8525956869125366,-2.9706783674818067,-0.3499618462677975,1.3700562815374657,1766201803.315993
0.8213467001914978,-0.3401322364807129,1.8533672094345093,-2.9783175236011026,-0.35068542591259344,1.3642754137833468,1766201803.3261354
0.8199090957641602,-0.35086897015571594,1.854300856590271,-2.974216631683652,-0.3436580473458373,1.3628471277701508,1766201803.3361254
0.8183457851409912,-0.36146998405456543,1.8552837371826172,-2.9774156288974942,-0.34435396616319625,1.3560661036150332,1766201803.3461437
0.8166294693946838,-0.37156230211257935,1.8560651540756226,-2.9952795054757413,-0.35553774626375584,1.3438009880007973,1766201803.3561463
0.8155534863471985,-0.38283801078796387,1.85761559009552,-2.9782954742306282,-0.3403251773788874,1.3486185981334464,1766201803.3561728
0.8138148784637451,-0.39309248328208923,1.8585400581359863,-2.9978506582891096,-0.35272916064944043,1.3362166685230417,1766201803.3661501
0.8126000761985779,-0.40471240878105164,1.8602571487426758,-2.9811361773893115,-0.34175347713148174,1.3424924893755572,1766201803.3761227
0.8111785650253296,-0.4148557782173157,1.8614457845687866,-2.9990236115520235,-0.3529502027295377,1.3257724530804273,1766201803.3861334
0.8099904656410217,-0.4260629713535309,1.8630231618881226,-3.002402429437543,-0.35524715364807774,1.3227070454643328,1766201803.3961568
0.8094148635864258,-0.4379637539386749,1.865244746208191,-2.9702602426368547,-0.3336378431830556,1.330170230609992,1766201803.4061484
0.8077390789985657,-0.4486154317855835,1.8664120435714722,-3.003744961703859,-0.3603146909709969,1.3148083356010638,1766201803.406237
0.8068827986717224,-0.4600795805454254,1.8681342601776123,-3.0060386939283688,-0.3645716019035804,1.3114967635939925,1766201803.4160542
0.8060741424560547,-0.47152596712112427,1.869903326034546,-3.007149431863794,-0.3692695256352666,1.3112284104138279,1766201803.4260535
0.8053796887397766,-0.48250430822372437,1.871791124343872,-3.0072910328313647,-0.3743171182989049,1.3046028562298446,1766201803.4361196
0.8047138452529907,-0.4938355088233948,1.873565435409546,-3.0089438224617155,-0.3790827120934037,1.300509720925863,1766201803.446153
0.805190920829773,-0.5053496956825256,1.8754178285598755,-2.9938054725039165,-0.3730803014059718,1.284742549334445,1766201803.4561386
0.8048383593559265,-0.5165690779685974,1.8772460222244263,-2.9931834131000925,-0.3754636128570046,1.2867154795154763,1766201803.4561644
0.8044102191925049,-0.5277551412582397,1.8791042566299438,-2.9965140797172727,-0.3796710952223895,1.2851521896282736,1766201803.4660873
0.8041126132011414,-0.5387793779373169,1.8807700872421265,-2.9926692524547596,-0.3820208401330734,1.285014094219426,1766201803.4761388
0.8036806583404541,-0.5495191216468811,1.8823237419128418,-2.998205102628007,-0.38886596335930806,1.2813166379194714,1766201803.4861438
0.8034157752990723,-0.5603625774383545,1.88374662399292,-2.998965223734481,-0.39048097661514225,1.2827918994319314,1766201803.496143
0.8032582402229309,-0.5714429616928101,1.8851895332336426,-2.9938958372615407,-0.38638729672374766,1.2853380438568083,1766201803.506141
0.8020424842834473,-0.5823619961738586,1.8865702152252197,-2.998424954638017,-0.39318810540470545,1.3029902255871353,1766201803.5061677
0.8015559911727905,-0.5928542017936707,1.8875970840454102,-3.0017458093334897,-0.39657064843635936,1.3010590230230963,1766201803.515986
0.8012904524803162,-0.6034644246101379,1.8883769512176514,-3.0013223414551717,-0.3960819509711139,1.300357521213266,1766201803.526135
0.8010768890380859,-0.6143657565116882,1.889072299003601,-2.998625513597011,-0.39152408369839137,1.3017837448466965,1766201803.5361369
0.8017297983169556,-0.6246280074119568,1.8894504308700562,-2.9969701568920426,-0.3894729595579853,1.2804752116766092,1766201803.5461407
0.8004404306411743,-0.6354900598526001,1.8898369073867798,-3.004444125353418,-0.39453838171141736,1.2979641725050568,1766201803.5561333
0.8011642694473267,-0.646245002746582,1.889877200126648,-2.9926685441275707,-0.38477924361233906,1.2833793760297854,1766201803.5561602
0.8007557988166809,-0.6568081974983215,1.889682412147522,-2.9972839779988822,-0.3873184901063149,1.2785972895772466,1766201803.566012
0.7996833324432373,-0.6678933501243591,1.8894531726837158,-3.001423619363732,-0.3917646138982561,1.2930070683872938,1766201803.576044
0.7991164922714233,-0.6792922019958496,1.8891226053237915,-3.000548772998949,-0.39573684030890366,1.30124085947795,1766201803.586143
0.7987422943115234,-0.6899902820587158,1.8883192539215088,-3.009011346583333,-0.40079340117613377,1.2980912320199118,1766201803.5961227
0.7988796234130859,-0.7013174891471863,1.8873308897018433,-2.995058077668864,-0.3935756276764493,1.2920602714710354,1766201803.6061068
0.7983524203300476,-0.711891233921051,1.8860747814178467,-3.0019587383249866,-0.394191840167905,1.2925578838051732,1766201803.6161401
0.7978187799453735,-0.7234967350959778,1.8850717544555664,-2.9998067221757476,-0.39960732214767003,1.2988330637498369,1766201803.616166
0.7975487112998962,-0.7341479659080505,1.8834776878356934,-2.999789934713202,-0.39716152968439855,1.2929477663020381,1766201803.6260934
0.7976199388504028,-0.7453773021697998,1.8818038702011108,-2.9992793474152886,-0.39670636673963056,1.2877960244398647,1766201803.6360645
0.7971897721290588,-0.7565808296203613,1.8801342248916626,-2.998942964820426,-0.4023079008792028,1.2924627681637997,1766201803.6460493
0.7970049381256104,-0.7681639194488525,1.878501057624817,-3.0012604405749683,-0.40952939416402556,1.2938223826855395,1766201803.656136
0.7971574664115906,-0.7793076038360596,1.8764030933380127,-2.99151783625826,-0.4000259152541977,1.2889078228692927,1766201803.6661158
0.7972659468650818,-0.7905070185661316,1.8744562864303589,-2.9944700481011743,-0.4059491251461402,1.2835588383335799,1766201803.6661413
0.79716557264328,-0.8017671704292297,1.8724896907806396,-2.988137205191998,-0.40240657802342666,1.2870449079813664,1766201803.6760461
0.7969271540641785,-0.8127256035804749,1.870710015296936,-2.990983959013447,-0.40948849196635273,1.2865852590274571,1766201803.686146
0.7971658706665039,-0.8242132067680359,1.8686476945877075,-2.9866710109588204,-0.40649939935965346,1.2888138941106342,1766201803.6960933
0.7971983551979065,-0.835143506526947,1.8667336702346802,-2.9892085325369675,-0.41032035233758296,1.28462686832913,1766201803.7061791
0.7974210977554321,-0.8466997742652893,1.864753007888794,-2.9842314201261004,-0.4058691287452526,1.2859555426145122,1766201803.7161505
0.7974540591239929,-0.8576409816741943,1.8628644943237305,-2.9866284334047117,-0.40960156246969115,1.2814035311727137,1766201803.7161758
0.7977492213249207,-0.8692759871482849,1.8609492778778076,-2.9830386192245895,-0.4053699518369069,1.2832001723687312,1766201803.726094
0.7979713678359985,-0.8805049657821655,1.8591675758361816,-2.987943280608207,-0.4141266427092463,1.2797477140283124,1766201803.7361302
0.7983408570289612,-0.8919849395751953,1.8574647903442383,-2.982791404074293,-0.4094017167520302,1.279635596796248,1766201803.746201
0.7985588908195496,-0.9028659462928772,1.855622410774231,-2.987231965416367,-0.4088893855224969,1.2742187930980742,1766201803.756161
0.798945963382721,-0.9142659306526184,1.853866696357727,-2.9885031652296603,-0.40675141074106524,1.2722256687305509,1766201803.7561874
0.7994635105133057,-0.925976037979126,1.8524794578552246,-2.982062520032511,-0.39973581027121957,1.2746051963259808,1766201803.7661552
0.7998886108398438,-0.9372192621231079,1.8507872819900513,-2.987593920981581,-0.40168775628744346,1.2704547542750813,1766201803.7760582
0.8003394603729248,-0.9485911726951599,1.8493375778198242,-2.9855065516291375,-0.4016561922443353,1.2683575000380727,1766201803.78617
0.8009136319160461,-0.960085391998291,1.8478477001190186,-2.989236385235842,-0.4021714763982768,1.265695035733908,1766201803.7961576
0.8015902042388916,-0.9720461368560791,1.8466473817825317,-2.9836652099736143,-0.3965678281080295,1.2695524562327658,1766201803.8061638
0.8020633459091187,-0.983534038066864,1.8453402519226074,-2.9869074020016937,-0.3967824345997234,1.2671113676502375,1766201803.8161104
0.8026495575904846,-0.9951016902923584,1.8442825078964233,-2.9892642644850804,-0.3998825013499474,1.2658887129538583,1766201803.8161373
0.8033136129379272,-1.0069897174835205,1.8435505628585815,-2.9863955045058233,-0.40142691978884276,1.2633742161684012,1766201803.8261487
0.8039867281913757,-1.019167184829712,1.8433265686035156,-2.9804649659302025,-0.39837275533797767,1.2648753311767675,1766201803.8360646
0.8046289086341858,-1.0311293601989746,1.843010663986206,-2.9803356820894673,-0.4042336252755722,1.2622245628474338,1766201803.8461525
0.8053129315376282,-1.043590784072876,1.8431041240692139,-2.9740066665374347,-0.3985632425926615,1.2674528741827544,1766201803.8561387
0.8057916760444641,-1.0555341243743896,1.8431370258331299,-2.9779991001027404,-0.4022946189998918,1.2641137326207788,1766201803.8561654
0.8063701391220093,-1.0672175884246826,1.8436142206192017,-2.986416096768615,-0.40991375530912016,1.2604774374234804,1766201803.8661427
0.8070376515388489,-1.0791078805923462,1.844473958015442,-2.9824850460682772,-0.4123065025932715,1.2581840293785145,1766201803.8760629
0.8077506422996521,-1.0909202098846436,1.8455462455749512,-2.9845806191293374,-0.40874388969199277,1.259037840075368,1766201803.8860865
0.8084003925323486,-1.1025046110153198,1.8466036319732666,-2.986603007903315,-0.41237712390263126,1.257108575690789,1766201803.8961573
0.8091500997543335,-1.1141682863235474,1.8479527235031128,-2.983076448758895,-0.4081459596611343,1.2588055020081288,1766201803.9060812
0.8094409704208374,-1.126037836074829,1.8492612838745117,-2.992483688887904,-0.4189834316660652,1.2700612847351342,1766201803.9061081
0.8104709982872009,-1.1368716955184937,1.850784182548523,-2.985444434528507,-0.40684066846668737,1.2591208645627168,1766201803.9159935
0.8112484216690063,-1.1481964588165283,1.8523716926574707,-2.9792733699053984,-0.4098516967948116,1.2607291220023467,1766201803.9260986
0.811609148979187,-1.1596165895462036,1.854227900505066,-2.983763421027853,-0.41110223581091493,1.2702292298093083,1766201803.9361475
0.8126418590545654,-1.1704670190811157,1.8560818433761597,-2.973395239879003,-0.4034220502028725,1.2633562069133237,1766201803.9461405
0.8128976821899414,-1.18161940574646,1.8578814268112183,-2.9756521142486165,-0.40652781565403256,1.2662567573188919,1766201803.9560034
0.8133834004402161,-1.192486047744751,1.8598836660385132,-2.9647397576841015,-0.3973824753407749,1.2624500948968729,1766201803.9660108
0.8132467865943909,-1.2036447525024414,1.8618876934051514,-2.9590859525309137,-0.403345728251508,1.2675132132946214,1766201803.966052
0.8132308125495911,-1.2147259712219238,1.8641290664672852,-2.960817129936388,-0.4024162652446319,1.2673286272718354,1766201803.976087
0.8128561973571777,-1.2252495288848877,1.8660433292388916,-2.958523738266427,-0.3995502583185056,1.26470965544969,1766201803.9861245
0.8122418522834778,-1.2364102602005005,1.8683245182037354,-2.9605932553530554,-0.40606352064628465,1.2673763272014742,1766201803.9961565
0.8115355372428894,-1.2467734813690186,1.8702387809753418,-2.9643785905624096,-0.40311448672518757,1.261945407482805,1766201804.006138
0.810738742351532,-1.257428526878357,1.872322916984558,-2.9616466578432377,-0.40447855825165013,1.262338489921178,1766201804.0061648
0.8096017241477966,-1.2681884765625,1.8746302127838135,-2.9670783235555676,-0.41152953242605905,1.2668247474110443,1766201804.016086
0.8085882067680359,-1.2782697677612305,1.8766216039657593,-2.9667845011741143,-0.4125255983221907,1.2635149331402296,1766201804.0261543
0.807495653629303,-1.288756251335144,1.8789359331130981,-2.9708668090697636,-0.4124101882195469,1.2602157549458828,1766201804.0360734
0.8067067265510559,-1.2997149229049683,1.8814796209335327,-2.954730687030962,-0.3968908732569319,1.2734955626386337,1766201804.0461507
0.8055198788642883,-1.3093290328979492,1.8834489583969116,-2.9562072906810086,-0.39629492084341156,1.268150720039733,1766201804.0560005
0.8034151196479797,-1.3186769485473633,1.8850401639938354,-2.986947649222189,-0.41905270218224966,1.2586566654045515,1766201804.0560167
0.8023746013641357,-1.32834792137146,1.8871057033538818,-2.9908574212325156,-0.42060845830015936,1.257003858106467,1766201804.0660048
0.8010298609733582,-1.337904930114746,1.88905930519104,-2.9945721329959696,-0.4131575425391633,1.2535398010384688,1766201804.0760891
0.7995218634605408,-1.3475531339645386,1.8908131122589111,-3.0023301005806173,-0.41737740998389083,1.2580239890177642,1766201804.0861216
0.7981182932853699,-1.35683012008667,1.8924634456634521,-3.004592349614141,-0.4117991101058941,1.256237759245663,1766201804.0961082
0.7969335913658142,-1.3664226531982422,1.8939913511276245,-3.0084493608851117,-0.4112456113939649,1.2554461524125726,1766201804.1059957
0.7955876588821411,-1.3755712509155273,1.8954755067825317,-3.0112009930340644,-0.4061857416399716,1.2516309877975331,1766201804.116091
0.794503390789032,-1.3853421211242676,1.8968585729599,-3.006440154853471,-0.402133761325568,1.254253404893997,1766201804.1261547
0.7930548787117004,-1.3944796323776245,1.897782325744629,-3.01658219162136,-0.4063605292359158,1.2492338217931402,1766201804.12618
0.7917816042900085,-1.403686761856079,1.8987218141555786,-3.0140873884271153,-0.4043865611737716,1.2443644819540225,1766201804.1360598
0.790350615978241,-1.4130756855010986,1.8993970155715942,-3.011781603919332,-0.3993791573172166,1.243385230605408,1766201804.146121
0.7889658808708191,-1.422414779663086,1.899972915649414,-3.0141303116085734,-0.3990183253588866,1.2365732749989011,1766201804.1560194
0.7873852849006653,-1.4316941499710083,1.9002453088760376,-3.017170940865398,-0.39732513043612955,1.2325453368540213,1766201804.156027
0.785553514957428,-1.4408403635025024,1.9004276990890503,-3.0216592227221417,-0.3979610086418981,1.2243092678528502,1766201804.166056
0.783964216709137,-1.4500617980957031,1.9004583358764648,-3.0194505609486137,-0.39858953804734365,1.2136844400154856,1766201804.1761389
0.7820839881896973,-1.4591950178146362,1.9001861810684204,-3.0247695667966266,-0.39957334982433423,1.2029762476213939,1766201804.186171
0.7803822159767151,-1.4684045314788818,1.8998855352401733,-3.0205764445338037,-0.39774817861867656,1.1884752553680642,1766201804.1960921
0.7783586978912354,-1.477620005607605,1.8994535207748413,-3.023187759644003,-0.39866577378076334,1.1730635182074185,1766201804.2061508
0.7761053442955017,-1.4866447448730469,1.8987029790878296,-3.021633559357428,-0.3987301632143717,1.159230690755305,1766201804.2061777
0.7740189433097839,-1.4957016706466675,1.8980053663253784,-3.022590356059024,-0.4009740327079179,1.1397165788991177,1766201804.2161224
0.7716981768608093,-1.5046050548553467,1.8970972299575806,-3.022851514496925,-0.4016023699837241,1.1209511603088047,1766201804.226142
0.7693085670471191,-1.5133378505706787,1.8959521055221558,-3.022519115163102,-0.3993536817264154,1.100195402023268,1766201804.2360554
0.7668623328208923,-1.5220930576324463,1.8949081897735596,-3.0191269257175186,-0.39704672369274663,1.0744866538313382,1766201804.2461455
0.7642319798469543,-1.5306316614151,1.893633246421814,-3.0193369618383783,-0.39517085492376597,1.0533593059748672,1766201804.2560928
0.7615545988082886,-1.538957953453064,1.8923894166946411,-3.017558126343175,-0.3942102224442849,1.0255801237139286,1766201804.256119
0.7587737441062927,-1.5470536947250366,1.8909565210342407,-3.015353889061391,-0.3906766792636235,0.9961577304456504,1766201804.2661793
0.7558482885360718,-1.5551426410675049,1.8894853591918945,-3.01451077853301,-0.3870101107290499,0.9673340627397697,1766201804.2761528
0.7530350685119629,-1.562964677810669,1.8880939483642578,-3.0123743431413197,-0.38448997420005043,0.9322399287434632,1766201804.2860873
0.7499333024024963,-1.570706844329834,1.8864161968231201,-3.012486859853606,-0.3791985860041849,0.9022282291381638,1766201804.2961392
0.7469072341918945,-1.5783075094223022,1.884747862815857,-3.0095298678592224,-0.3749250495860415,0.8674218891777266,1766201804.3061702
0.7438292503356934,-1.5858218669891357,1.8831548690795898,-3.0067452382415256,-0.37164741658079564,0.8307974181612044,1766201804.316138
0.7407944202423096,-1.593195915222168,1.8814595937728882,-3.0070667270663898,-0.368809390776108,0.796831946121181,1766201804.3161643
0.7378567457199097,-1.600461721420288,1.879865288734436,-3.0015980831610403,-0.364182188873184,0.7591930527547834,1766201804.326134
0.7347554564476013,-1.6077808141708374,1.8780417442321777,-3.001661541418428,-0.3606390400452374,0.7259680210662902,1766201804.3361623
0.731475830078125,-1.6149017810821533,1.8763668537139893,-2.9915964642068444,-0.3537491870901607,0.6914229821626314,1766201804.3461344
0.7286820411682129,-1.6219470500946045,1.874744176864624,-2.9965438982649824,-0.3550676642613827,0.6558911519470121,1766201804.3561616
0.7256359457969666,-1.6291418075561523,1.8731956481933594,-2.9869938316000937,-0.3461460772948292,0.6230026414969561,1766201804.3661675
0.7227286696434021,-1.636141300201416,1.8718364238739014,-2.9815191473213667,-0.34215571161178776,0.5905495325396991,1766201804.366257
0.7195542454719543,-1.6428978443145752,1.870344638824463,-2.9765424523057002,-0.3388477693737525,0.5692402547644119,1766201804.3761008
0.7168650031089783,-1.6502140760421753,1.8690159320831299,-2.972351140552709,-0.3326055694700054,0.5336188092905262,1766201804.3861437
0.7139725089073181,-1.6569033861160278,1.8680202960968018,-2.9733434905632836,-0.33267220723102897,0.5069260200539105,1766201804.3961415
0.7109951972961426,-1.6636854410171509,1.8670694828033447,-2.9688298134668947,-0.32982272698434933,0.4838023715438748,1766201804.4061
0.7079609036445618,-1.6704466342926025,1.866219162940979,-2.9690690470688796,-0.33032901922827335,0.4617482539189879,1766201804.4061272
0.7049781680107117,-1.6771748065948486,1.865666389465332,-2.9668623770642233,-0.3280263805677742,0.43975995244868676,1766201804.4161088
0.7021059989929199,-1.6839135885238647,1.865148901939392,-2.9741282980385835,-0.32938106749590745,0.4196313138351971,1766201804.4260283
0.6990841031074524,-1.690626621246338,1.8647102117538452,-2.973469310260442,-0.3253334164891802,0.4012971194248914,1766201804.4361367
0.6963660717010498,-1.6969891786575317,1.8646999597549438,-2.971884501920043,-0.3237895766557626,0.38240406459167614,1766201804.4461396
0.6936591267585754,-1.7035342454910278,1.8647297620773315,-2.973287999204278,-0.3215944292264924,0.3676650555362188,1766201804.4560924
0.6910605430603027,-1.7100672721862793,1.8650789260864258,-2.97634254127715,-0.32154914305781385,0.3470315110694903,1766201804.456182
0.6885437369346619,-1.7162717580795288,1.8654580116271973,-2.97674854400653,-0.31901530743780193,0.33300842200380393,1766201804.4661539
0.6860374808311462,-1.7228418588638306,1.8658061027526855,-2.9811792511512007,-0.31432520008773657,0.3186496265555914,1766201804.4761722
0.6838586926460266,-1.72910737991333,1.8663047552108765,-2.981493549783732,-0.31311260999473706,0.30289960222766044,1766201804.4861538
0.681443452835083,-1.735466480255127,1.8668822050094604,-2.9822060483370207,-0.3104496536339262,0.29105270532440825,1766201804.4961522
0.6792236566543579,-1.7416138648986816,1.8677455186843872,-2.9797363339925846,-0.310294938182769,0.2740777360379237,1766201804.506176
0.676903247833252,-1.7476930618286133,1.8685252666473389,-2.9801503959636646,-0.30962326008770635,0.26237633496676455,1766201804.5062027
0.6746959090232849,-1.7536967992782593,1.8695740699768066,-2.9852960655183165,-0.31292199275104354,0.24462111935974465,1766201804.516066
0.6723090410232544,-1.7598068714141846,1.8706800937652588,-2.9874836772482283,-0.31304191921396773,0.23159712542660918,1766201804.5360568
0.6702592968940735,-1.7657846212387085,1.8720086812973022,-2.9872741221636283,-0.3154302572478234,0.21607034665221847,1766201804.5360646
0.6678676605224609,-1.771797776222229,1.8734328746795654,-2.995298564353231,-0.31764612407867304,0.20312114795910569,1766201804.5461614
0.6657648086547852,-1.7777382135391235,1.8749034404754639,-2.995890711352214,-0.3191921562846931,0.19035293278740553,1766201804.5561376
0.6639635562896729,-1.783420443534851,1.8767364025115967,-2.998633869925637,-0.32229051916596196,0.1775407835043373,1766201804.5561643
0.6617195010185242,-1.7892130613327026,1.8785959482192993,-3.0006027055944156,-0.3313916371588553,0.1702374346572872,1766201804.5661168
0.6602148413658142,-1.795382022857666,1.8802392482757568,-3.0003873245990387,-0.3259055303805454,0.15275939550245565,1766201804.5760505
0.6586351990699768,-1.8011234998703003,1.8821676969528198,-3.000194659819732,-0.32636205829509685,0.14218260912860883,1766201804.5861678
0.65695720911026,-1.8073188066482544,1.8839027881622314,-2.999535179192686,-0.3258598470173105,0.12938971020570625,1766201804.596131
0.6555213332176208,-1.813178300857544,1.885909080505371,-3.0019486908852606,-0.32526443091995305,0.11970586948668556,1766201804.6061673
0.6542556285858154,-1.8189657926559448,1.8877720832824707,-3.0033735491663167,-0.32551445462684225,0.11015481952184895,1766201804.6061943
0.6530136466026306,-1.8246607780456543,1.8896992206573486,-3.0041431586456704,-0.32486153263015105,0.09990182546613169,1766201804.616063
0.6518703699111938,-1.8304030895233154,1.8916141986846924,-3.00706214537635,-0.3242122690539366,0.09037810686128468,1766201804.6260874
0.6508253216743469,-1.8361238241195679,1.8933266401290894,-3.0088296885698815,-0.32143093045045273,0.08276787729102088,1766201804.6361678
0.6500666737556458,-1.8417428731918335,1.8951362371444702,-3.0108799248742533,-0.31920139601896264,0.0732022541611974,1766201804.6461716
0.6493469476699829,-1.847279667854309,1.8966753482818604,-3.013028584039978,-0.31501388402223496,0.06537689399002855,1766201804.656088
0.6484708189964294,-1.8527982234954834,1.8980422019958496,-3.015567602444534,-0.31121253553238853,0.055992086945896344,1766201804.656179
0.6479398608207703,-1.8581876754760742,1.8993842601776123,-3.0185689778557845,-0.3076784079227408,0.04547428595674126,1766201804.6661327
0.6472445726394653,-1.8636595010757446,1.9004517793655396,-3.019874834302104,-0.30329725940917635,0.03559686893923238,1766201804.6761544
0.646486222743988,-1.8689568042755127,1.901382327079773,-3.0252297407825988,-0.2986348293208702,0.02739451126760953,1766201804.6861699
0.645896315574646,-1.8743871450424194,1.9021968841552734,-3.0259549394237713,-0.29531426891244505,0.01576444907211208,1766201804.6961482
0.645218551158905,-1.879650354385376,1.902838945388794,-3.0282314883011545,-0.2926057303301623,0.002633942405654646,1766201804.706094
0.644269585609436,-1.8849163055419922,1.9031580686569214,-3.0305373732571295,-0.2901261509027559,-0.007085547998846816,1766201804.7061203
0.6435757279396057,-1.8902175426483154,1.9034572839736938,-3.032273103312981,-0.2888531841185032,-0.022597596840943215,1766201804.7160623
0.6429439783096313,-1.8952579498291016,1.903801441192627,-3.033796627557505,-0.2910051152794238,-0.033386610990077184,1766201804.7261553
0.6417720913887024,-1.9007548093795776,1.9036247730255127,-3.0332573144407022,-0.2870148073431128,-0.05044632665270799,1766201804.7361546
0.6409512162208557,-1.9061458110809326,1.9035911560058594,-3.0335674438545808,-0.2867782245238475,-0.0659461354441577,1766201804.7461464
0.639947235584259,-1.9114145040512085,1.9034010171890259,-3.0345115340111923,-0.2867250748742713,-0.08022459735343859,1766201804.7560966
0.6389526128768921,-1.9164403676986694,1.9034730195999146,-3.03581484008387,-0.29663834040518455,-0.08978772746756694,1766201804.7561698
0.6382114291191101,-1.9220060110092163,1.9027509689331055,-3.0338310858164736,-0.28767393461415247,-0.10980151440825302,1766201804.766084
0.6372857689857483,-1.927504062652588,1.9022341966629028,-3.032733454190434,-0.28675263897913905,-0.12474543039182026,1766201804.7760649
0.6364545226097107,-1.9327930212020874,1.9017696380615234,-3.033041360261198,-0.28717851349922485,-0.13913125114475156,1766201804.7860515
0.6358178853988647,-1.9377697706222534,1.9014317989349365,-3.0323777304534163,-0.29238035717304445,-0.15004159662849936,1766201804.7960925
0.6352574825286865,-1.9431793689727783,1.9008187055587769,-3.0317356902596724,-0.2916562927231991,-0.16454411171533975,1766201804.8061357
0.63466477394104,-1.9485085010528564,1.9001328945159912,-3.0296331135625665,-0.29080408843368966,-0.17896865555048688,1766201804.8061616
0.6342993974685669,-1.9539085626602173,1.8995126485824585,-3.0307076256464742,-0.2902369303311511,-0.19329880507357158,1766201804.8160694
0.6338639855384827,-1.9592183828353882,1.8988715410232544,-3.031365500523409,-0.29009950637911297,-0.20694855136752854,1766201804.826141
0.6336484551429749,-1.964572787284851,1.8982133865356445,-3.0327030103312285,-0.2892717169633147,-0.21969313819071976,1766201804.8460937
0.6334073543548584,-1.970333456993103,1.8973257541656494,-3.0310534581428943,-0.28528453487953653,-0.2379361138983254,1766201804.8461194
0.6335123181343079,-1.9754266738891602,1.8968240022659302,-3.0297377783511372,-0.2894067492889873,-0.24651338677890067,1766201804.8560157
0.6335610151290894,-1.9809534549713135,1.896264672279358,-3.0317441368926854,-0.2890272451441325,-0.25970221915729896,1766201804.8560224
0.6339694857597351,-1.9866971969604492,1.8958096504211426,-3.0342553333191264,-0.2881731788343479,-0.2696766107937197,1766201804.8661325
0.6340620517730713,-1.9920159578323364,1.8952367305755615,-3.0316414346887526,-0.288410132518044,-0.28734130031129396,1766201804.8760934
0.6345379948616028,-1.9976630210876465,1.8947728872299194,-3.0306918581682507,-0.28736586683929133,-0.29912382714463737,1766201804.8861535
0.6349784135818481,-2.003197431564331,1.8943519592285156,-3.027391813414198,-0.28596944830368076,-0.313395182120003,1766201804.8961504
0.6355367302894592,-2.008916139602661,1.894056797027588,-3.0260556733314434,-0.2846409465310704,-0.3255659162073079,1766201804.9061246
0.6361719965934753,-2.0146188735961914,1.8938177824020386,-3.0279820188711835,-0.2830417959586296,-0.33932715301881483,1766201804.9061518
0.636962354183197,-2.020437479019165,1.89364492893219,-3.0288672172884823,-0.28263316064108857,-0.3517260520977281,1766201804.9160671
0.6378252506256104,-2.0263168811798096,1.8935378789901733,-3.0303367253905815,-0.28099399001696995,-0.3634376877705882,1766201804.926166
0.6388593912124634,-2.0323359966278076,1.8934305906295776,-3.0269178446105776,-0.27881532712451523,-0.37602606981136494,1766201804.9361136
0.6399720311164856,-2.03840970993042,1.8934352397918701,-3.026164350546921,-0.2765602706638609,-0.3887358681022965,1766201804.9460406
0.6411555409431458,-2.0444071292877197,1.8933998346328735,-3.022701911476119,-0.27275782695635414,-0.39920173871894815,1766201804.956144
0.6423584818840027,-2.050405263900757,1.8934683799743652,-3.0225211996115573,-0.27024862340634215,-0.41099883782781904,1766201804.9562109
0.6437040567398071,-2.0564541816711426,1.8935880661010742,-3.0225538588638527,-0.2680840196936405,-0.42298239710860597,1766201804.9661403
0.6448586583137512,-2.0625224113464355,1.893868327140808,-3.022218160613384,-0.2681795334895021,-0.4355259405381872,1766201804.9761517
0.6461790204048157,-2.0685455799102783,1.8940978050231934,-3.021580290020731,-0.26679518986816425,-0.4462232860772428,1766201804.9861758
0.647570013999939,-2.0744283199310303,1.8943911790847778,-3.0157218484447754,-0.26460100196002084,-0.46003663471303513,1766201804.9961395
0.6484754085540771,-2.080535411834717,1.8944364786148071,-3.014040896151518,-0.2567090736181202,-0.4723995251730628,1766201805.0061622
0.6502751111984253,-2.0865328311920166,1.8954437971115112,-3.0198116010539993,-0.26148840595337364,-0.481719526131875,1766201805.0061886
0.6513481736183167,-2.092644214630127,1.896052598953247,-3.0216047502370715,-0.26167052423696263,-0.4942962732195971,1766201805.0161014
0.6518905758857727,-2.0988056659698486,1.8963570594787598,-3.0158243490550447,-0.25401121412778016,-0.5076384328115723,1766201805.0261652
0.6538899540901184,-2.1045615673065186,1.897530198097229,-3.0105873779273415,-0.2564646807317999,-0.5156210390440328,1766201805.0361516
0.6542319059371948,-2.1106903553009033,1.8982011079788208,-3.018657645624927,-0.25439097849938974,-0.5284514754402027,1766201805.0460896
0.6540613174438477,-2.117103338241577,1.8985651731491089,-3.01951400550242,-0.24792958928829906,-0.5307590960090678,1766201805.0561612
0.655110776424408,-2.1232733726501465,1.899549126625061,-3.0196181926389287,-0.24658690013549467,-0.5413916621428354,1766201805.066151
0.6565167903900146,-2.1292943954467773,1.9007331132888794,-3.017730612551638,-0.24731178474261195,-0.5552566112587852,1766201805.066178
0.6571372151374817,-2.1354968547821045,1.9017016887664795,-3.0198884564154427,-0.24635961436210643,-0.5603971670353161,1766201805.076063
0.6579751372337341,-2.1414341926574707,1.9025557041168213,-3.0113820157456344,-0.2426864010995966,-0.5695078905018279,1766201805.0861828
0.6588708758354187,-2.147519588470459,1.9037671089172363,-3.012583427297019,-0.24305712744652863,-0.5788993976410551,1766201805.0961316
0.6601302623748779,-2.1535587310791016,1.9049147367477417,-3.0112112749399436,-0.24021012035162362,-0.5899891961202208,1766201805.1061645
0.661139726638794,-2.1596219539642334,1.9061177968978882,-3.013477969014025,-0.23887298430681425,-0.5971762863699154,1766201805.1061914
0.6621753573417664,-2.16549015045166,1.9072294235229492,-3.012811051459401,-0.23675866246252428,-0.6076150423632315,1766201805.1160638
0.6629316806793213,-2.1713690757751465,1.9081541299819946,-3.0141777052332013,-0.23516852480879355,-0.6143064561116535,1766201805.126143
0.6638885736465454,-2.177180767059326,1.9089893102645874,-3.0110924197464684,-0.23184471371693843,-0.6247425496792711,1766201805.136151
0.6648415327072144,-2.182840585708618,1.9099833965301514,-3.0096747241871524,-0.2315949559770315,-0.6368011133693241,1766201805.1460917
0.6653996109962463,-2.1885409355163574,1.9106476306915283,-3.0097124464731735,-0.23082280037315558,-0.6438875827226342,1766201805.1561382
0.6658008098602295,-2.1940507888793945,1.9111816883087158,-3.004947020166817,-0.22776628412268554,-0.6518566414413502,1766201805.156165
0.6664790511131287,-2.1996495723724365,1.9119538068771362,-3.004255577308284,-0.22680374841567957,-0.660301664298625,1766201805.1661742
0.6670477390289307,-2.2051894664764404,1.9126583337783813,-3.000725065647992,-0.22672422926711946,-0.6699928485305056,1766201805.1761723
0.6666855812072754,-2.210904359817505,1.912933588027954,-3.0066878546224345,-0.23189369062894918,-0.6714881841395007,1766201805.1861377
0.6673055291175842,-2.2160379886627197,1.9138140678405762,-2.9983956287425815,-0.22405418475829614,-0.6823216775503786,1766201805.1960928
0.6673034429550171,-2.2214369773864746,1.914110779762268,-3.0020779048640027,-0.22995158858367673,-0.689269673095698,1766201805.2060907
0.6678346395492554,-2.22648024559021,1.914758324623108,-3.0006000416921337,-0.23587740076911862,-0.7030809858174352,1766201805.2061174
0.6676782965660095,-2.231694459915161,1.915191650390625,-2.993272662785914,-0.23076315199188493,-0.7062458053120286,1766201805.2160745
0.6675330400466919,-2.2366788387298584,1.915783166885376,-2.9914861067246723,-0.23143478504326429,-0.7107984505326281,1766201805.2261481
0.6682755947113037,-2.241309642791748,1.9166103601455688,-2.988076922130479,-0.23531567493565084,-0.7287099919992381,1766201805.236049
0.6681403517723083,-2.2460837364196777,1.9172701835632324,-2.9751531905102855,-0.22896919082285835,-0.7342521463932732,1766201805.2461631
0.6669386029243469,-2.2510085105895996,1.9174449443817139,-2.9777674824401665,-0.2275860778350544,-0.7279767481085365,1766201805.2561393
0.66731858253479,-2.255401611328125,1.918086290359497,-2.973149462819804,-0.22802145423622408,-0.7406575372586806,1766201805.2661626
0.6676821112632751,-2.259678602218628,1.9190720319747925,-2.972006914183875,-0.2320913261394277,-0.7541932848326789,1766201805.266188
0.6664043068885803,-2.2643659114837646,1.9191248416900635,-2.9758321289360627,-0.2339258306146,-0.7465737559989254,1766201805.2760322
0.6670311093330383,-2.2683444023132324,1.9200034141540527,-2.9694901544580348,-0.23387692910803093,-0.7610547252007676,1766201805.2860658
0.6665129065513611,-2.272477865219116,1.9204015731811523,-2.972920509916875,-0.23217416777086894,-0.7629079183029859,1766201805.2960587
0.6660279631614685,-2.276606798171997,1.9205106496810913,-2.984817337168252,-0.24816876026826565,-0.765640179627965,1766201805.3060193
0.6660401225090027,-2.2805259227752686,1.9214253425598145,-2.976252466187621,-0.23814155994427805,-0.768468639254148,1766201805.3160782
0.6663404703140259,-2.2840700149536133,1.9221768379211426,-2.9725118896599017,-0.23730576090846367,-0.7774594930949419,1766201805.3160915
0.6658838391304016,-2.287929058074951,1.9223957061767578,-2.9770287546791634,-0.24098099538249612,-0.7777212584072166,1766201805.3260872
0.6663306951522827,-2.2913525104522705,1.9231287240982056,-2.9734154655957585,-0.23911137127830084,-0.7858621185535476,1766201805.3361485
0.6656046509742737,-2.2950637340545654,1.922927975654602,-2.9911305576175304,-0.24842546032886326,-0.7835107616516336,1766201805.3461394
0.6661173701286316,-2.2982614040374756,1.9239124059677124,-2.9752002932525374,-0.23974514332515265,-0.7918836562564577,1766201805.3561378
0.665388822555542,-2.301844596862793,1.923727035522461,-2.9934830230166645,-0.25047514779132735,-0.7905664773919946,1766201805.3561647
0.6659597158432007,-2.3047642707824707,1.9244368076324463,-2.9763274182050394,-0.23663351208622938,-0.797389315339073,1766201805.3660412
0.6654850840568542,-2.308250665664673,1.9241678714752197,-2.9928880689456077,-0.24596252771787586,-0.7961863674006835,1766201805.3760743
0.6660009026527405,-2.310915946960449,1.9247877597808838,-2.9771120576578918,-0.23478508081672977,-0.8027339545506763,1766201805.3861148
0.6653988361358643,-2.3143410682678223,1.9244790077209473,-2.992855362766444,-0.2449455017515663,-0.801030130096152,1766201805.3961284
0.6657782793045044,-2.3169801235198975,1.924844741821289,-2.980883364779404,-0.2351581337875123,-0.8089247730234084,1766201805.406083
0.6658293008804321,-2.319969654083252,1.9249372482299805,-2.980962143049981,-0.23324395069030557,-0.8131674132796225,1766201805.4161084
0.6649033427238464,-2.3229570388793945,1.9243329763412476,-3.000692772584232,-0.24445897156571428,-0.8086719348327736,1766201805.4161344
0.664711594581604,-2.3257877826690674,1.9243919849395752,-3.002930665908209,-0.2459664791420978,-0.8130526564783636,1766201805.4260647
0.6645047664642334,-2.328519344329834,1.9243685007095337,-3.001060784842511,-0.24397768699418043,-0.8149100579585762,1766201805.4360583
0.664803147315979,-2.3309695720672607,1.9248582124710083,-2.983568225270544,-0.2332005238316497,-0.8246931586249949,1766201805.4461312
0.6641063094139099,-2.333651065826416,1.9248608350753784,-2.9828799042293013,-0.2349943676926214,-0.824975856766642,1766201805.4561398
0.6635980010032654,-2.3362247943878174,1.924707055091858,-2.9853484801600696,-0.23404751588759964,-0.8265673002287492,1766201805.4561663
0.66245037317276,-2.3389837741851807,1.9242807626724243,-3.0015201247482857,-0.24481997001099534,-0.8226386080579237,1766201805.4661012
0.662465512752533,-2.3412458896636963,1.9247592687606812,-2.9805059027058634,-0.23300091248482535,-0.8305126144867019,1766201805.4761293
0.661041796207428,-2.3438937664031982,1.9243117570877075,-2.9940373061804983,-0.24289226805241618,-0.8270015646278421,1766201805.4861462
0.6609034538269043,-2.346066474914551,1.9248195886611938,-2.9740972558955523,-0.2324504799997236,-0.833920704174708,1766201805.4960802
0.6595375537872314,-2.348604917526245,1.92424738407135,-2.9892844936838183,-0.24310212093641478,-0.8295296144174185,1766201805.506151
0.6592427492141724,-2.3506662845611572,1.924813151359558,-2.9695625138510833,-0.22994487398225427,-0.8349118581067564,1766201805.506178
0.6584283113479614,-2.352895498275757,1.924879789352417,-2.9669308224447954,-0.2323292317913172,-0.8363888363846226,1766201805.516063
0.6569209694862366,-2.355231761932373,1.9243578910827637,-2.984300706669881,-0.2406764692937129,-0.8330815050266432,1766201805.5261433
0.656029999256134,-2.357213258743286,1.924461007118225,-2.980089453894877,-0.24074816759112722,-0.8341228464218129,1766201805.5361128
0.6553826928138733,-2.3590750694274902,1.924634337425232,-2.9658616607935753,-0.2322152582477903,-0.8355973143865406,1766201805.54616
0.6549402475357056,-2.3607535362243652,1.9249541759490967,-2.9576106033389356,-0.22918409186385597,-0.8407975333366592,1766201805.5561638
0.6535996794700623,-2.362704038619995,1.9243892431259155,-2.9753974556095963,-0.241885695583115,-0.837679611668565,1766201805.5562341
0.6533119678497314,-2.3639094829559326,1.9248701333999634,-2.95310127144875,-0.23137005922008685,-0.8454583824846053,1766201805.5661051
0.6524200439453125,-2.365579128265381,1.9248086214065552,-2.9510455346238893,-0.2300924845337456,-0.8463408863362754,1766201805.5760634
0.65174800157547,-2.3668720722198486,1.924760103225708,-2.9526243058037567,-0.23119082252451836,-0.8491700950669535,1766201805.5860944
0.6510269045829773,-2.3681745529174805,1.9248422384262085,-2.9508565882249527,-0.23289689709405365,-0.851751300706507,1766201805.5960622
0.6506026983261108,-2.3692429065704346,1.9247539043426514,-2.9473583987081633,-0.23163529250073303,-0.8552539187792633,1766201805.6061425
0.6499844789505005,-2.3705053329467773,1.9246784448623657,-2.9463795609990395,-0.232889862310033,-0.857585666523652,1766201805.6062188
0.6492844223976135,-2.3714969158172607,1.9245717525482178,-2.946594540245525,-0.23455703730050242,-0.8601365022266299,1766201805.6160762
0.6486677527427673,-2.3725554943084717,1.9244543313980103,-2.945646213708222,-0.23400999961541485,-0.8621102014093356,1766201805.6261437
0.6480209827423096,-2.373483657836914,1.924392819404602,-2.947245169048119,-0.23652751198011068,-0.8635891165045382,1766201805.636155
0.6475422978401184,-2.3743996620178223,1.9243186712265015,-2.9483584190297685,-0.23761264802567234,-0.8656462434174187,1766201805.6461456
0.6470748782157898,-2.3752706050872803,1.9242202043533325,-2.946594268871213,-0.23578638686976103,-0.8659104031698251,1766201805.6561506
0.6466651558876038,-2.3761672973632812,1.924117088317871,-2.9476402357150153,-0.23723773194335557,-0.8697710234154182,1766201805.65623
0.6461870074272156,-2.3769538402557373,1.924027919769287,-2.9477196546150624,-0.23891249372658252,-0.8707026648220948,1766201805.6660798
0.6457904577255249,-2.377790927886963,1.92398202419281,-2.946900276416496,-0.23914977630190612,-0.8725136729837356,1766201805.6760204
0.6452953815460205,-2.3785765171051025,1.9238790273666382,-2.9485570416423585,-0.2401192696095168,-0.8743164064289728,1766201805.6860452
0.6447337865829468,-2.379359483718872,1.9238077402114868,-2.947645822919644,-0.24013536695696341,-0.8765263210389173,1766201805.696097
0.6440517902374268,-2.3801448345184326,1.9237667322158813,-2.9475116986973515,-0.24060642104547786,-0.8768624799931479,1766201805.7062142
0.6434819102287292,-2.3809173107147217,1.9236875772476196,-2.946603229392081,-0.2406692658248512,-0.8772679261138414,1766201805.716092
0.6428781151771545,-2.381718635559082,1.9236658811569214,-2.9462264340206175,-0.2418288140745681,-0.8799803257705355,1766201805.716188
0.6423083543777466,-2.382441759109497,1.9235751628875732,-2.9440681300103724,-0.23996714596886828,-0.8795309303056847,1766201805.7260904
0.64168381690979,-2.3831019401550293,1.9235388040542603,-2.9459416040832536,-0.24230506305573363,-0.880266028835214,1766201805.736061
0.6410067081451416,-2.3837730884552,1.9234923124313354,-2.9437487652534204,-0.24287636922348024,-0.8812191135446201,1766201805.7460995
0.6403723955154419,-2.3843865394592285,1.9234356880187988,-2.9417098207513797,-0.24326446372356605,-0.8807292957923668,1766201805.756154
0.6396476030349731,-2.3849873542785645,1.9233392477035522,-2.9419423782800087,-0.24531724480756803,-0.8819769960524843,1766201805.7660968
0.638716995716095,-2.3856239318847656,1.9231255054473877,-2.9421345462925945,-0.246568403868856,-0.8800104092483906,1766201805.7661712
0.6381667852401733,-2.3861536979675293,1.923107624053955,-2.938491700218231,-0.24574058222889392,-0.8821052911591989,1766201805.7759843
0.637607216835022,-2.386686325073242,1.9229979515075684,-2.938131985937523,-0.24595654375730905,-0.8831432950468311,1766201805.786152
0.6369011998176575,-2.3871569633483887,1.9228787422180176,-2.9388384071461866,-0.24768911640779556,-0.8828350027742622,1766201805.7961411
0.6362564563751221,-2.3875365257263184,1.9227626323699951,-2.937187221454369,-0.2487596752010614,-0.8832531632197185,1766201805.8061323
0.635689914226532,-2.387882709503174,1.9227272272109985,-2.9349251483526317,-0.2484376730328171,-0.8822788310491428,1766201805.806172
0.6352150440216064,-2.388176202774048,1.9226313829421997,-2.9344768667443555,-0.24918490995892276,-0.8816181542593714,1766201805.816135
0.634673535823822,-2.3884570598602295,1.9225682020187378,-2.9359235823162377,-0.25030281098966584,-0.8809419974710014,1766201805.8260791
0.6341227293014526,-2.3887505531311035,1.9225128889083862,-2.9375878475966615,-0.25330992943473396,-0.8813251508820268,1766201805.8360388
0.6333813667297363,-2.38908314704895,1.9223065376281738,-2.9380645751757704,-0.25268446663867505,-0.8784064812106613,1766201805.8461375
0.6331166625022888,-2.3892359733581543,1.9222898483276367,-2.937034953523704,-0.25253513924618076,-0.8801863026795491,1766201805.8561525
0.6323443651199341,-2.389406681060791,1.9221254587173462,-2.9385573914069183,-0.2535889514362596,-0.8763831869398332,1766201805.8661604
0.6318986415863037,-2.3896067142486572,1.9220267534255981,-2.9394840694123596,-0.2544070631022074,-0.8755784892422204,1766201805.8661852
0.6316192150115967,-2.389761447906494,1.9219833612442017,-2.9388331569080433,-0.25478358714995786,-0.8770057214938407,1766201805.8761544
0.6311251521110535,-2.3899765014648438,1.9218988418579102,-2.937856135626856,-0.2564781392593709,-0.8767036841879645,1766201805.8860712
0.6306421756744385,-2.390155076980591,1.921726942062378,-2.936422309891173,-0.25648393886571436,-0.875717510490361,1766201805.8961658
0.6302233934402466,-2.3903443813323975,1.9216467142105103,-2.9361550333034443,-0.25736552845489724,-0.8747615776579513,1766201805.906092
0.6298244595527649,-2.3904995918273926,1.921553611755371,-2.9347465253481797,-0.2576341783829058,-0.8739512439253294,1766201805.9061182
0.6293829679489136,-2.3906853199005127,1.921408772468567,-2.9340392681122673,-0.2576403092763386,-0.8723866819393661,1766201805.9160047
0.6290881037712097,-2.3908493518829346,1.9213063716888428,-2.933663335182403,-0.2580418209583165,-0.871579969643656,1766201805.92599
0.628775417804718,-2.3909709453582764,1.921197772026062,-2.9336209462447504,-0.25854667114954405,-0.8713573186614498,1766201805.936063
0.6284195184707642,-2.3911216259002686,1.9211008548736572,-2.932707541085537,-0.2588180243890399,-0.8710605939846249,1766201805.9561136
0.6281797885894775,-2.3912596702575684,1.9210081100463867,-2.9327976313856703,-0.2591696524301319,-0.8702405890079644,1766201805.956208
0.6278519034385681,-2.3913941383361816,1.9208924770355225,-2.9322133563697608,-0.2593363712302607,-0.8700326228630032,1766201805.9661078
0.6275210380554199,-2.3915581703186035,1.9208317995071411,-2.9309510504391345,-0.2611037158833379,-0.8706458696594771,1766201805.966146
0.6273357272148132,-2.391735076904297,1.9206666946411133,-2.9308452464175967,-0.25890376825826084,-0.8707666079362865,1766201805.9760845
0.627043604850769,-2.391873359680176,1.9205256700515747,-2.929765917977789,-0.25806675427186804,-0.8699362451860817,1766201805.9860544
0.6267344355583191,-2.3919949531555176,1.9204410314559937,-2.929704988068769,-0.2584464589962224,-0.8694199100493435,1766201805.996037
0.6265078186988831,-2.392094135284424,1.9203624725341797,-2.928696252906828,-0.25799437956713084,-0.8688668165445093,1766201806.0061107
0.626136839389801,-2.392219066619873,1.9201911687850952,-2.929479248828674,-0.2589989456058535,-0.8667371719309253,1766201806.0161297
0.6261236071586609,-2.392258405685425,1.9201465845108032,-2.9278774858155616,-0.25772839144461485,-0.868166907481728,1766201806.016156
0.6259039044380188,-2.392300844192505,1.9200761318206787,-2.926667861315469,-0.2579662187018356,-0.8680580298045325,1766201806.0261
0.6257931590080261,-2.392289638519287,1.9200178384780884,-2.9265901794108458,-0.25814082844141084,-0.8674136730238956,1766201806.036036
0.6253921389579773,-2.3922905921936035,1.9198682308197021,-2.9274534894464543,-0.2594244175317203,-0.8654927948377544,1766201806.0461493
0.6252516508102417,-2.39225435256958,1.9197509288787842,-2.9275987384045483,-0.2602057850064757,-0.8655793757835369,1766201806.0561447
0.6250933408737183,-2.3921327590942383,1.919687271118164,-2.92766108248679,-0.26075664152162753,-0.8642294465965416,1766201806.0561707
0.6251620054244995,-2.3920295238494873,1.9196888208389282,-2.924914240961311,-0.2597940323644435,-0.8657252784090413,1766201806.0661209
0.6247970461845398,-2.391957998275757,1.919534683227539,-2.927103816750826,-0.26171782549596084,-0.8636407105785745,1766201806.0760982
0.6249748468399048,-2.3917806148529053,1.9195634126663208,-2.9259034167709435,-0.261472369840447,-0.8650841573604613,1766201806.0861194
0.6248969435691833,-2.391646385192871,1.9194449186325073,-2.9249425278422687,-0.2616069248281792,-0.8649858395248087,1766201806.0960913
0.6245712637901306,-2.3914716243743896,1.9192509651184082,-2.9277483235526582,-0.2632240023201163,-0.8621612933944174,1766201806.1061153
0.6247782707214355,-2.3912880420684814,1.91929030418396,-2.9251850831024515,-0.2623775991173117,-0.863732255715694,1766201806.1161041
0.6247734427452087,-2.3910903930664062,1.919198751449585,-2.9257817746228953,-0.26327124954009556,-0.8642577991114478,1766201806.1161306
0.6247985363006592,-2.3908932209014893,1.9190858602523804,-2.9258886925758363,-0.26283355722518453,-0.8639045956612219,1766201806.1461363
0.6245267391204834,-2.390721559524536,1.919021487236023,-2.927377275098647,-0.26612421524493846,-0.8621207356738255,1766201806.146268
0.6247560977935791,-2.390458583831787,1.9190291166305542,-2.9256265061402638,-0.26522733393386,-0.8635131961423383,1766201806.1463313
0.6247890591621399,-2.3902440071105957,1.9190047979354858,-2.9256757320423006,-0.26508794530913804,-0.8639751931668678,1766201806.1560287
0.6248249411582947,-2.3900320529937744,1.918961763381958,-2.92526315058139,-0.26441880146581626,-0.8641239286509405,1766201806.1560366
0.6249107718467712,-2.389801502227783,1.9189810752868652,-2.925238703524854,-0.2643455519438944,-0.8647273692014034,1766201806.1761112
0.6247770190238953,-2.3896005153656006,1.918855905532837,-2.9271518849804714,-0.26580163280949654,-0.8638576084655221,1766201806.176255
0.6250444054603577,-2.389333963394165,1.9189246892929077,-2.9250917046787532,-0.2641827525046504,-0.8652504616273174,1766201806.1861472
0.6251412034034729,-2.389138698577881,1.918886661529541,-2.9250281032582954,-0.2641137639236731,-0.865863505801356,1766201806.1960554
0.6253539323806763,-2.3889009952545166,1.9188152551651,-2.9256282428524596,-0.26381767714440957,-0.8668529334345882,1766201806.2060564
0.6254760026931763,-2.388665199279785,1.9187809228897095,-2.9243979338706323,-0.26289702603731074,-0.8671712906135327,1766201806.2060645
0.6256411671638489,-2.388425588607788,1.9187848567962646,-2.923632587604744,-0.2625960399919557,-0.8675567841392992,1766201806.216037
0.6257659792900085,-2.3881545066833496,1.9188021421432495,-2.9233288343410857,-0.2620681145556669,-0.8688020636221808,1766201806.226127
0.625896155834198,-2.3879363536834717,1.9188411235809326,-2.922844032917572,-0.2616185037203091,-0.8691709518278549,1766201806.2361069
0.6260707378387451,-2.3876960277557373,1.9188587665557861,-2.922745818103333,-0.2610603475033123,-0.869564502352573,1766201806.2460878
0.6261835694313049,-2.387472629547119,1.9188593626022339,-2.922026161308497,-0.26068103941452797,-0.869711246358121,1766201806.2559881
0.6263269186019897,-2.3871960639953613,1.9188871383666992,-2.9228263592185,-0.2610218804644664,-0.8694090705862987,1766201806.2559948
0.6264892220497131,-2.386951208114624,1.918900489807129,-2.9225712015741663,-0.2602717360382169,-0.8693014083258954,1766201806.2761366
0.6267327070236206,-2.3866686820983887,1.9188679456710815,-2.923550390170745,-0.2605478424609575,-0.8693899974909498,1766201806.2761614
0.6269620060920715,-2.3863911628723145,1.9189035892486572,-2.9236724950826294,-0.2609180761207081,-0.8701980028875419,1766201806.2860916
0.6270741820335388,-2.3860292434692383,1.9189907312393188,-2.923967597352405,-0.26286245179802836,-0.8704168672881389,1766201806.2961664
0.6273455619812012,-2.385693311691284,1.9190067052841187,-2.9233561320400248,-0.2608426172205207,-0.8699876011906734,1766201806.3060753
0.6275864243507385,-2.385380983352661,1.9190479516983032,-2.9231139456830215,-0.26115880920787315,-0.8704957154843379,1766201806.3061016
0.6277534365653992,-2.3849682807922363,1.9190659523010254,-2.923956140774416,-0.26150589232664856,-0.8689193035921798,1766201806.3160398
0.6279891729354858,-2.3845701217651367,1.919016718864441,-2.925472826125965,-0.2619891102193302,-0.8687404769388318,1766201806.3259912
0.6283619403839111,-2.3841564655303955,1.9190864562988281,-2.9242112020915614,-0.2614567291313816,-0.8698869404758558,1766201806.3361254
0.6286014318466187,-2.3837106227874756,1.9190725088119507,-2.924847776961339,-0.26088352408728077,-0.8702247348128932,1766201806.346113
0.6288508772850037,-2.383279800415039,1.9190729856491089,-2.9243330432631023,-0.26034202748680046,-0.8709955643357603,1766201806.3561516
0.6291888952255249,-2.3828320503234863,1.9190990924835205,-2.9238096284293262,-0.2587413708525193,-0.870523265128555,1766201806.3561776
0.6296042799949646,-2.382303237915039,1.9190647602081299,-2.925813879262576,-0.2596702483669149,-0.8701896538939278,1766201806.3661282
0.6300520300865173,-2.381840467453003,1.9192585945129395,-2.9252654513466765,-0.2636957967346985,-0.8719910541614867,1766201806.376134
0.6303157210350037,-2.3813493251800537,1.9192395210266113,-2.9253976301307993,-0.2633769013830725,-0.8727202783123383,1766201806.3861299
0.630573034286499,-2.3808138370513916,1.9192578792572021,-2.925046994163691,-0.2627645049866052,-0.8738142989207947,1766201806.3961883
0.6309420466423035,-2.3802287578582764,1.9192112684249878,-2.9261512514834433,-0.26282236848634055,-0.8749459295776533,1766201806.406146
0.6311770081520081,-2.379641532897949,1.9190798997879028,-2.928232828832702,-0.26077919557338475,-0.8739228834295304,1766201806.4061725
0.6315286755561829,-2.379075288772583,1.9190901517868042,-2.9283798218026096,-0.26005559282948015,-0.8754870169094179,1766201806.41617
0.6318602561950684,-2.3784945011138916,1.9191315174102783,-2.9274474290311,-0.2598020900333247,-0.8756894135358974,1766201806.4261324
0.6322009563446045,-2.3778390884399414,1.9191838502883911,-2.926872150108652,-0.26249910693346706,-0.875409630116737,1766201806.4361372
0.6325501203536987,-2.377274751663208,1.9192025661468506,-2.9272649285758723,-0.2628041947343134,-0.876400800072265,1766201806.4461353
0.6329227685928345,-2.3767292499542236,1.9191901683807373,-2.928264506999443,-0.262190641845766,-0.8773131956725693,1766201806.4561605
0.6333968639373779,-2.37609601020813,1.9190785884857178,-2.92992013900871,-0.2615027557356106,-0.8785414610617295,1766201806.4561858
0.6338589787483215,-2.375516176223755,1.9190906286239624,-2.928991804416054,-0.2608470490153137,-0.8792857534197916,1766201806.4661639
0.6341913342475891,-2.3749215602874756,1.919114351272583,-2.9292043077462875,-0.2612125297472494,-0.8801008702932707,1766201806.476147
0.6345211863517761,-2.3743438720703125,1.9189738035202026,-2.9325007261308307,-0.26206209369840194,-0.8804283313335292,1766201806.48615
0.6353079676628113,-2.3736672401428223,1.9191086292266846,-2.9296150810068955,-0.2611095374271615,-0.8818864886409493,1766201806.4961274
0.6357831954956055,-2.373049259185791,1.9191761016845703,-2.929945676215669,-0.260522189534003,-0.8826632201503782,1766201806.5061493
0.6360242366790771,-2.3724279403686523,1.9190551042556763,-2.9323881877984688,-0.26200344101597656,-0.8826620276696554,1766201806.5161672
0.6367120146751404,-2.3716933727264404,1.9191365242004395,-2.9306647640993706,-0.2605751195770783,-0.885532752966605,1766201806.5161932
0.6372089385986328,-2.371044397354126,1.9191182851791382,-2.930095434337569,-0.26039115056116535,-0.8875174383252924,1766201806.5261526
0.6376367807388306,-2.3703954219818115,1.9190673828125,-2.9315290290116014,-0.26112776572635465,-0.8890048231294848,1766201806.5361629
0.6381118297576904,-2.3697314262390137,1.9190657138824463,-2.930453399390268,-0.26091968034434776,-0.8900205137191154,1766201806.5461366
0.6383954882621765,-2.3691117763519287,1.9191011190414429,-2.9301789170878756,-0.26236231258987414,-0.8903825315129034,1766201806.5561368
0.6389224529266357,-2.3683807849884033,1.919113039970398,-2.931242973915199,-0.2628657711425584,-0.8943395877065943,1766201806.5562294
0.6393162608146667,-2.367743492126465,1.9190706014633179,-2.9300829528847907,-0.2618005167564294,-0.8963342167015111,1766201806.5661504
0.6398359537124634,-2.367032527923584,1.9189858436584473,-2.9319434323488878,-0.26181781249526465,-0.8973402288060499,1766201806.5761645
0.6404171586036682,-2.3663246631622314,1.918897032737732,-2.9321654151517795,-0.26212212150706965,-0.9002905547329084,1766201806.5861404
0.6408857107162476,-2.3656554222106934,1.9189348220825195,-2.930376479332899,-0.25999979480566343,-0.902417337363304,1766201806.5961146
0.6414374709129333,-2.364994525909424,1.9188886880874634,-2.9328974156926764,-0.25987211556203393,-0.9048305063029296,1766201806.6061382
0.6420732140541077,-2.3642773628234863,1.9189246892929077,-2.9322569151324553,-0.25917405303858987,-0.9078231730316473,1766201806.6061642
0.6426082849502563,-2.3634793758392334,1.9190013408660889,-2.9332389436574724,-0.26135934000867733,-0.908723436650427,1766201806.6160913
0.6431721448898315,-2.3627569675445557,1.9189478158950806,-2.933102184586168,-0.26054277767199663,-0.9117985369388416,1766201806.6260555
0.6437193751335144,-2.3620593547821045,1.9189558029174805,-2.93293237336366,-0.2596784755144274,-0.9154069379835529,1766201806.636133
0.6442744731903076,-2.361362934112549,1.9188817739486694,-2.935505394584576,-0.2608177938631608,-0.9193507148284351,1766201806.6460855
0.6446831822395325,-2.3606395721435547,1.9189214706420898,-2.930777634824745,-0.25752910950519026,-0.920146629945031,1766201806.6561303
0.6452922224998474,-2.359927177429199,1.9188255071640015,-2.936743500880427,-0.26037458630033056,-0.9241832678851959,1766201806.656157
0.6457727551460266,-2.35919451713562,1.9188185930252075,-2.934317710439567,-0.2597797364912247,-0.9275380157157851,1766201806.6660595
0.6462430357933044,-2.358435869216919,1.9188463687896729,-2.933530562099969,-0.2598101511979606,-0.9310337511602444,1766201806.6861768
0.6467381715774536,-2.35766339302063,1.918725609779358,-2.9335270909484383,-0.25955192290738405,-0.9336788354603935,1766201806.6862051
0.6471525430679321,-2.3569843769073486,1.9188059568405151,-2.927477860707773,-0.256270513240755,-0.9354506364871027,1766201806.6960583
0.6478145718574524,-2.356281042098999,1.918656826019287,-2.9344285709462206,-0.2607920708558186,-0.9405817707015423,1766201806.7060225
0.648216724395752,-2.355590343475342,1.9186772108078003,-2.929453822427527,-0.25720063451261005,-0.9422073937701727,1766201806.706116
0.6486223936080933,-2.354870557785034,1.918564796447754,-2.9297191711994164,-0.2577118193528886,-0.9439542307544088,1766201806.7160926
0.6491838693618774,-2.3540878295898438,1.9184198379516602,-2.931543963805981,-0.2605221914166172,-0.9468712284660216,1766201806.7261446
0.6497722268104553,-2.3533926010131836,1.9184174537658691,-2.9324255880476584,-0.2610640684378306,-0.9500994711543318,1766201806.736137
0.6500413417816162,-2.3525283336639404,1.9186291694641113,-2.919372860555302,-0.25298819278917356,-0.9492133199702737,1766201806.7461662
0.6505340337753296,-2.35184383392334,1.9185868501663208,-2.920358653205662,-0.2537111794987562,-0.9525462518349754,1766201806.75614
0.6510931849479675,-2.3512320518493652,1.918609380722046,-2.924694768022483,-0.25515753876434827,-0.9548157813511322,1766201806.7561665
0.6514961123466492,-2.350510835647583,1.9184409379959106,-2.921541591432336,-0.2551940950694638,-0.9588380121334457,1766201806.7660878
0.6521415114402771,-2.3499748706817627,1.9183162450790405,-2.9270965964992954,-0.25932825447673324,-0.9631525455728542,1766201806.7761617
0.652704656124115,-2.3493075370788574,1.918147087097168,-2.9313668901484484,-0.26211530891429413,-0.96786361806877,1766201806.786148
0.6527813673019409,-2.3485546112060547,1.9183306694030762,-2.9176548255659682,-0.2533015982781003,-0.9669330720970217,1766201806.79616
0.6531698703765869,-2.3479175567626953,1.918274164199829,-2.918984910830572,-0.2538196649243891,-0.9683369990249393,1766201806.8061535
0.6536808013916016,-2.34730863571167,1.918229103088379,-2.9207077831372303,-0.25504704751027824,-0.9717428367865473,1766201806.80618
0.6543595194816589,-2.3468880653381348,1.9180934429168701,-2.928455012898883,-0.2609739566287076,-0.976939583461983,1766201806.8160894
0.6546750664710999,-2.3462486267089844,1.9181149005889893,-2.9234879266594347,-0.25701088474848244,-0.9773541382348765,1766201806.8261504
0.6551392078399658,-2.345707654953003,1.9180495738983154,-2.922289248109476,-0.2571260537523329,-0.9782124386920729,1766201806.8361366
0.6557422280311584,-2.3454737663269043,1.9175633192062378,-2.9434732719703804,-0.2713903869950957,-0.9815700328924493,1766201806.8460944
0.6562002897262573,-2.344892978668213,1.9174840450286865,-2.944897008581644,-0.27299984348327627,-0.9838119979747927,1766201806.8561358
0.6566872000694275,-2.3443801403045654,1.9174110889434814,-2.9457291130299605,-0.2738326975392624,-0.9849559128192796,1766201806.856162
0.6573755145072937,-2.3434016704559326,1.918068289756775,-2.9174355400066325,-0.25446413258673056,-0.9878302538971132,1766201806.8661325
0.6578919291496277,-2.3428869247436523,1.918048620223999,-2.919482258409251,-0.2548449520331841,-0.9895657118888707,1766201806.8760505
0.6583747267723083,-2.342395782470703,1.9180861711502075,-2.9201525385320033,-0.2552254772323978,-0.9922186384628872,1766201806.8861506
0.6586588621139526,-2.3418633937835693,1.9178999662399292,-2.9265909911535526,-0.259168062147483,-0.9927753953258925,1766201806.8961403
0.6593214273452759,-2.3416357040405273,1.9176909923553467,-2.9385918083660503,-0.2664708936937311,-0.9956044710480462,1766201806.906142
0.659742534160614,-2.3411242961883545,1.917590618133545,-2.938183473105684,-0.2665393189217935,-0.9968221234220778,1766201806.9061682
0.6601476669311523,-2.340804100036621,1.9173221588134766,-2.9478432510178805,-0.27227374843297436,-0.9972897490630361,1766201806.9160604
0.660851240158081,-2.339986562728882,1.9180415868759155,-2.918428666517114,-0.25245257193669907,-0.9993571350160149,1766201806.9261305
0.6614081263542175,-2.3396034240722656,1.9181249141693115,-2.920103136991443,-0.2517817631121806,-1.0003567422542372,1766201806.9361534
0.6618212461471558,-2.339172840118408,1.9180537462234497,-2.9163056790314683,-0.2508680032768967,-1.0019209707539425,1766201806.946159
0.6623219847679138,-2.3387610912323,1.9180378913879395,-2.9171810928078035,-0.2508222247154951,-1.0037348063330043,1766201806.9561453
0.662822425365448,-2.338367223739624,1.9180036783218384,-2.9175557989983334,-0.2503987238481703,-1.0051094709160118,1766201806.9561715
0.6633058190345764,-2.3379464149475098,1.918053150177002,-2.9185786899297073,-0.25054537785524666,-1.006690793939771,1766201806.96615
0.6637228727340698,-2.337529182434082,1.918147087097168,-2.91778884865944,-0.2487262377963971,-1.0075195800727912,1766201806.9761622
0.6641852259635925,-2.3370769023895264,1.9182004928588867,-2.919134299669617,-0.2509615444805547,-1.007888310675286,1766201806.9960532
0.6645252108573914,-2.337130069732666,1.9175004959106445,-2.9523440898760493,-0.27292196460138496,-1.0081112192370212,1766201806.9960606
0.6649802923202515,-2.3366894721984863,1.9174810647964478,-2.9520384794892394,-0.2727806375233975,-1.0086770372218545,1766201807.0061872
0.6655992865562439,-2.336092948913574,1.9183616638183594,-2.9228897960452795,-0.25270467385717016,-1.0089763544800634,1766201807.0062132
0.6658440232276917,-2.336066484451294,1.9175310134887695,-2.9515565762860607,-0.27224620610557804,-1.0106136435046873,1766201807.0160997
0.6661942601203918,-2.3357512950897217,1.917565941810608,-2.9515759172109823,-0.27254925145703496,-1.0119109794972805,1766201807.0260632
0.6666305065155029,-2.3354570865631104,1.9176374673843384,-2.9566605737496947,-0.2728747760919194,-1.012766482964252,1766201807.03616
0.6669307351112366,-2.3350846767425537,1.9174753427505493,-2.9519608024731765,-0.27256091003480587,-1.0141448774623572,1766201807.046157
0.6674229502677917,-2.334834337234497,1.9176183938980103,-2.952776225025308,-0.27148065642845864,-1.0140918126974334,1766201807.056146
0.6676316261291504,-2.334581136703491,1.9175132513046265,-2.949248865483518,-0.2705122417678973,-1.0150836697133563,1766201807.056172
0.667979896068573,-2.334286689758301,1.9175152778625488,-2.9514057302435592,-0.27190878833832505,-1.0162966432264737,1766201807.0661016
0.6685416102409363,-2.3335063457489014,1.9183717966079712,-2.91571105264402,-0.24969678498882422,-1.0180571873863298,1766201807.0761528
0.6688309907913208,-2.333176374435425,1.9182838201522827,-2.915838889419968,-0.24876283579030292,-1.0186919275354331,1766201807.0861483
0.669181764125824,-2.332961320877075,1.918256402015686,-2.916820867990572,-0.24995556808405922,-1.0193574004157917,1766201807.096164
0.6695326566696167,-2.332681655883789,1.9182672500610352,-2.918568293858338,-0.2503171981890345,-1.0201739867484565,1766201807.1061292
0.6697999835014343,-2.3324596881866455,1.9182581901550293,-2.9194994410220447,-0.2498336808098321,-1.020488281864577,1766201807.1061552
0.6701180934906006,-2.3322274684906006,1.9182710647583008,-2.9194275253772433,-0.2500968972945304,-1.0210873513513543,1766201807.1160622
0.6703812479972839,-2.3322885036468506,1.9175232648849487,-2.9496504363985463,-0.27036390258072934,-1.02220047505867,1766201807.1261296
0.670782208442688,-2.331723928451538,1.9182747602462769,-2.9175374433565686,-0.24972915713189728,-1.0219490984911521,1766201807.1361363
0.6711440086364746,-2.331512689590454,1.9182462692260742,-2.9172559864790744,-0.24958852526857228,-1.0218253442297711,1766201807.1460984
0.6714968681335449,-2.3312761783599854,1.9181612730026245,-2.9189368404282274,-0.24933427747859865,-1.0217171515816716,1766201807.1561344
0.6720152497291565,-2.3310582637786865,1.9182500839233398,-2.9199281073853047,-0.2507710676312288,-1.0219956726099413,1766201807.156161
0.6723495721817017,-2.3308112621307373,1.918245792388916,-2.919565672728515,-0.25109267018548853,-1.0229080619792148,1766201807.1660833
0.6724897027015686,-2.3310606479644775,1.9174847602844238,-2.952006646911068,-0.2716064801989564,-1.0209750101566948,1766201807.176136
0.6729101538658142,-2.3308615684509277,1.917490005493164,-2.95107245528565,-0.2714934835029797,-1.0221186922261927,1766201807.1861758
0.6733080744743347,-2.330673933029175,1.9175130128860474,-2.950299757995676,-0.27186887603521187,-1.022695358252972,1766201807.1961498
0.6737370491027832,-2.330479621887207,1.9175103902816772,-2.949777544914704,-0.27083942860403626,-1.0231775012608173,1766201807.206132
0.6741165518760681,-2.3303117752075195,1.9175453186035156,-2.950024095743499,-0.27135066238163796,-1.023390564120559,1766201807.216154
0.6745187640190125,-2.330017566680908,1.9175828695297241,-2.9498724211130063,-0.272447339189858,-1.0239358897916737,1766201807.21618
0.6751411557197571,-2.3294694423675537,1.9183839559555054,-2.916581654956687,-0.251234003507987,-1.0256317218387037,1766201807.2261138
0.6755273938179016,-2.3293278217315674,1.9184048175811768,-2.9159193458595616,-0.25165166030747516,-1.0262210697405851,1766201807.2361631
0.6758747696876526,-2.3291995525360107,1.9184026718139648,-2.9166798599383017,-0.2519567664548115,-1.0266741309768712,1766201807.246122
0.6762685775756836,-2.329063653945923,1.9183963537216187,-2.917748961597129,-0.2518735756641086,-1.027389084539986,1766201807.2561457
0.6764287948608398,-2.3292930126190186,1.9176946878433228,-2.9477419150388138,-0.27110007954121657,-1.0268590802514672,1766201807.2561722
0.676818311214447,-2.329111337661743,1.9177165031433105,-2.9477821217262767,-0.27082604663840815,-1.0268496883770928,1766201807.266135
0.677413284778595,-2.3288514614105225,1.9179599285125732,-2.938659593773504,-0.26476109084916016,-1.0283114729236933,1766201807.276153
0.6778045892715454,-2.328742504119873,1.917958378791809,-2.938543843159788,-0.26419036037815974,-1.0281421494094862,1766201807.2861443
0.6785651445388794,-2.3284873962402344,1.9180468320846558,-2.936443832532285,-0.2628609660293215,-1.03120685347208,1766201807.2961626
0.6786192655563354,-2.3285534381866455,1.918009638786316,-2.9376676243389355,-0.26362943854626336,-1.0279607053060549,1766201807.30615
0.6789979934692383,-2.328455924987793,1.918016791343689,-2.9384027010590748,-0.26288232779315246,-1.0279006922937506,1766201807.3061762
0.6794535517692566,-2.328368902206421,1.9180567264556885,-2.9389847955970256,-0.2629797680540349,-1.0273338745555824,1766201807.3160658
0.6797652840614319,-2.328293800354004,1.9180617332458496,-2.9393781211514205,-0.26340746068423204,-1.0269676118710473,1766201807.3260396
0.6802178621292114,-2.3282179832458496,1.9181289672851562,-2.938994908626248,-0.26331721728156204,-1.0269468081887554,1766201807.336061
0.6803950071334839,-2.327831506729126,1.9183958768844604,-2.9241564237073914,-0.2538112066723491,-1.0242111269727185,1766201807.3461516
0.6807616353034973,-2.327737331390381,1.9184181690216064,-2.9243453735083995,-0.2539644124130507,-1.0243405820646048,1766201807.3561344
0.6811441779136658,-2.3280978202819824,1.9179306030273438,-2.9481947416769243,-0.26941798644393994,-1.025225732569848,1766201807.3561602
0.6816578507423401,-2.327885150909424,1.9181861877441406,-2.9377333682937206,-0.26304936410004204,-1.0259973289086854,1766201807.3661466
0.6817899942398071,-2.3279855251312256,1.9179749488830566,-2.9469653967926073,-0.26898339839218904,-1.024434384358966,1766201807.3761656
0.6821123361587524,-2.327965259552002,1.917938232421875,-2.9456558536134962,-0.2689390001809549,-1.0232605294663535,1766201807.3861449
0.6824163794517517,-2.3279192447662354,1.917927861213684,-2.9452898514769013,-0.26854976362520616,-1.022243755575801,1766201807.3961246
0.6826200485229492,-2.3278732299804688,1.9178708791732788,-2.9455927386482066,-0.26881232130155713,-1.020289533020804,1766201807.4061043
0.6828431487083435,-2.3278260231018066,1.9178661108016968,-2.945469094311359,-0.26922366607295994,-1.018713941670631,1766201807.4061306
0.6830562949180603,-2.3277952671051025,1.9178504943847656,-2.946146488770134,-0.2700074371476764,-1.0161705938841166,1766201807.4160624
0.6832404136657715,-2.3277339935302734,1.9178338050842285,-2.944635205924806,-0.2694776818912652,-1.0133367940862996,1766201807.4261334
0.6835246086120605,-2.3273065090179443,1.9185250997543335,-2.914710406326609,-0.25145507988785193,-1.0109976885951302,1766201807.43615
0.6836684346199036,-2.327322483062744,1.9185227155685425,-2.9143861805228855,-0.2526225641516907,-1.0085524020526362,1766201807.446075
0.6837844252586365,-2.3272647857666016,1.9185309410095215,-2.914229082424898,-0.2543481858163784,-1.0053734401950014,1766201807.4559798
0.6838199496269226,-2.327265977859497,1.9184939861297607,-2.9147837581685656,-0.2553462398790858,-1.0017430913154943,1766201807.4559898
0.683776319026947,-2.327205181121826,1.9182778596878052,-2.92036200685224,-0.2602362461772377,-0.9959544233856411,1766201807.4661417
0.6841110587120056,-2.3274967670440674,1.9179197549819946,-2.934993714348999,-0.2707757266325203,-0.9944307039635324,1766201807.4760556
0.6842305064201355,-2.327423095703125,1.9179754257202148,-2.931499511151956,-0.26881446464443204,-0.9901826342391842,1766201807.506116
0.6845805644989014,-2.3274450302124023,1.9179154634475708,-2.9384429985816176,-0.27517607825840285,-0.9815864970330628,1766201807.5061634
0.6847153902053833,-2.327474355697632,1.917934775352478,-2.9389758112311086,-0.27584124978272984,-0.977419968443114,1766201807.5063162
0.6849284172058105,-2.327519416809082,1.917928695678711,-2.9405918407916984,-0.2766668414642975,-0.9736990304175249,1766201807.5160344
0.6851239800453186,-2.327610969543457,1.9179539680480957,-2.9403920954549925,-0.2768725226992728,-0.9694568837454511,1766201807.5261662
0.6853160858154297,-2.3276631832122803,1.9179718494415283,-2.941030302713899,-0.27603164590510804,-0.9643023907502102,1766201807.536146
0.6855276226997375,-2.327758312225342,1.9180223941802979,-2.9422210581223243,-0.27679447689463865,-0.9602367766673221,1766201807.5461426
0.6857131719589233,-2.327873706817627,1.9180539846420288,-2.9424942938897933,-0.2763730006062187,-0.9562989304923093,1766201807.5561652
0.6859022378921509,-2.328052043914795,1.9181495904922485,-2.9421839347320295,-0.2759267133113143,-0.9516755453562744,1766201807.5561912
0.6860985159873962,-2.328202486038208,1.918244481086731,-2.942531568976078,-0.27570924643369227,-0.9478240021931694,1766201807.5661094
0.6862658858299255,-2.328352451324463,1.9182829856872559,-2.9446172503520525,-0.2769958951516324,-0.9446345872500793,1766201807.5761461
0.6865063905715942,-2.3284873962402344,1.9183143377304077,-2.9447891752487734,-0.2755450686368872,-0.940660815298985,1766201807.5861568
0.686711311340332,-2.328666925430298,1.9183406829833984,-2.9454495002967693,-0.2758460657801482,-0.93671834299918,1766201807.5961497
0.6867640614509583,-2.3290092945098877,1.9181395769119263,-2.9561432871358853,-0.28186850900258104,-0.9312110223883708,1766201807.606149
0.6869640350341797,-2.329191207885742,1.9181793928146362,-2.9553584038853367,-0.28173075222233085,-0.9278566275281402,1766201807.6061754
0.6871653199195862,-2.3293774127960205,1.918216586112976,-2.9558888268710533,-0.28214539838867336,-0.9246921263009645,1766201807.616092
0.6873311996459961,-2.32956862449646,1.9182335138320923,-2.955461596448199,-0.2822605927408121,-0.921206165339169,1766201807.6661434
0.6877438426017761,-2.329928159713745,1.9183077812194824,-2.954827758163239,-0.2818116302194336,-0.915683647693118,1766201807.6661925
0.687915563583374,-2.3301656246185303,1.918355107307434,-2.9552040820509125,-0.2815071892642158,-0.913474025513081,1766201807.6663444
0.6880845427513123,-2.330373525619507,1.918383002281189,-2.9545233546650267,-0.28143761174675774,-0.9108367039962881,1766201807.6664052
0.6883469820022583,-2.3305766582489014,1.918414831161499,-2.9554510782381533,-0.2814959208196046,-0.9073803982809067,1766201807.6664312
0.6885972023010254,-2.330794334411621,1.9184626340866089,-2.9554594032558748,-0.2817871046384336,-0.9056707404132233,1766201807.6760495
0.6886953115463257,-2.330948829650879,1.9184879064559937,-2.9557697856758853,-0.2821967617447225,-0.9028156447620584,1766201807.686109
0.688865065574646,-2.3310983180999756,1.918533205986023,-2.954925826265497,-0.281616089652695,-0.9002037276227156,1766201807.6960144
0.6890233159065247,-2.331249713897705,1.9185599088668823,-2.9546507996183857,-0.28150829923944476,-0.897944636793174,1766201807.7461455
0.6892717480659485,-2.3315491676330566,1.9185285568237305,-2.955769245460942,-0.2825630251655028,-0.8922266447581881,1766201807.7461967
0.6894077062606812,-2.331723690032959,1.9185165166854858,-2.9565102197085555,-0.2839501756241668,-0.8908057366931305,1766201807.7463477
0.6896088123321533,-2.3318841457366943,1.918489694595337,-2.956350688972375,-0.2838554327387512,-0.8875407188867124,1766201807.7463994
0.689683735370636,-2.3320071697235107,1.9184132814407349,-2.956201202948015,-0.2841430457607704,-0.8847400419718756,1766201807.7464924
0.68990558385849,-2.332216501235962,1.9184024333953857,-2.9580856624478815,-0.2856392072528371,-0.8827464117283593,1766201807.7560434
0.6900040507316589,-2.332345485687256,1.9183615446090698,-2.956615827105394,-0.2852242142883944,-0.8808906679254527,1766201807.756073
0.6901432871818542,-2.332437515258789,1.9182798862457275,-2.9574073663303184,-0.2847268361873253,-0.8771689052194408,1766201807.7660685
0.690492570400238,-2.3324391841888428,1.918530821800232,-2.948255926774222,-0.2791451636248825,-0.8767710553178494,1766201807.7760992
0.6906286478042603,-2.332575798034668,1.918501615524292,-2.948012283241731,-0.2790328709789863,-0.8746402669554947,1766201807.7860973
0.6908556818962097,-2.332697868347168,1.9184948205947876,-2.948185282869566,-0.27838256374611214,-0.8727605040983525,1766201807.7961776
0.6909973621368408,-2.332810163497925,1.9184476137161255,-2.949410628232643,-0.2788963634101655,-0.8709469209641238,1766201807.8061352
0.6910088062286377,-2.3330302238464355,1.9182356595993042,-2.957606718992436,-0.28450795938133067,-0.8684088196674424,1766201807.8061776
0.6912082433700562,-2.333176612854004,1.9182519912719727,-2.9587567938014865,-0.2854749405925396,-0.8671795182215587,1766201807.8160667
0.6913729906082153,-2.3332931995391846,1.9182472229003906,-2.9586421074587705,-0.2853951580335226,-0.8654677362935984,1766201807.8261063
0.6915187835693359,-2.333488941192627,1.9182606935501099,-2.9598312326930722,-0.2867839454716082,-0.8644356384102478,1766201807.8361354
0.6916911005973816,-2.3336315155029297,1.9182628393173218,-2.9590096548611595,-0.28610066079096497,-0.863453301097893,1766201807.8461597
0.6918427348136902,-2.3337247371673584,1.9181748628616333,-2.9612016394807514,-0.28749203269359547,-0.8618575730856122,1766201807.856144
0.6920447945594788,-2.333885908126831,1.918213963508606,-2.9593154648400306,-0.28622530808120716,-0.8611114411074506,1766201807.866131
0.6922610998153687,-2.333993673324585,1.9182184934616089,-2.958768191757501,-0.2859394252128167,-0.860533242199111,1766201807.8661556
0.6924223899841309,-2.3341288566589355,1.918225646018982,-2.9582230772750977,-0.28636664851535804,-0.859256274175875,1766201807.8760967
0.6926815509796143,-2.3342301845550537,1.918235182762146,-2.9590116099375217,-0.28607135989676535,-0.8582029760454102,1766201807.8860874
0.6928537487983704,-2.3343422412872314,1.91824209690094,-2.95891407184625,-0.28642894382797457,-0.8569055825401092,1766201807.896138
0.6930777430534363,-2.3344385623931885,1.9181612730026245,-2.9603336581317254,-0.2869504067370723,-0.8555556125364581,1766201807.9061449
0.6933733820915222,-2.3346195220947266,1.9181642532348633,-2.9595143414122833,-0.28598793606541295,-0.8538734724605703,1766201807.9164867
0.6935539841651917,-2.334693193435669,1.9181491136550903,-2.9608620786503534,-0.2863184565558373,-0.8530088617791486,1766201807.916548
0.6937389373779297,-2.334785223007202,1.9181581735610962,-2.9609688683160242,-0.28619390776460846,-0.8518233055726744,1766201807.9259956
0.6939528584480286,-2.3349246978759766,1.9181842803955078,-2.9617034215312428,-0.286891286822166,-0.8510881620574172,1766201807.9360676
0.6941110491752625,-2.33501935005188,1.9181833267211914,-2.9608904990374647,-0.2862467232706594,-0.8502161390798474,1766201807.946228
0.6942858099937439,-2.3350670337677,1.9181550741195679,-2.9614755711218934,-0.28686022660066723,-0.8491407425604037,1766201807.9561172
0.6944620013237,-2.3351471424102783,1.9181169271469116,-2.9610431982327547,-0.28688059954861916,-0.8481719357263765,1766201807.9661024
0.6946656107902527,-2.3352420330047607,1.9181642532348633,-2.9593144407070953,-0.28581809690159504,-0.8473835109639873,1766201807.9661868
0.6948302388191223,-2.335305690765381,1.9181013107299805,-2.9611516485886846,-0.28685355003225277,-0.8462458618644465,1766201807.9760847
0.6950719952583313,-2.3353869915008545,1.918103814125061,-2.960673368049415,-0.2866761867721625,-0.8459469937091406,1766201807.9860456
0.695256233215332,-2.3355014324188232,1.9180806875228882,-2.959366575679421,-0.286475971492169,-0.8451711567766333,1766201807.9960818
0.6954453587532043,-2.3355448246002197,1.9179917573928833,-2.960324250114235,-0.28772348372336326,-0.8449451348700818,1766201808.0061557
0.6956572532653809,-2.3356192111968994,1.9180021286010742,-2.959339164748223,-0.28733869216690194,-0.8445747118425763,1766201808.016127
0.6958380341529846,-2.3356692790985107,1.9179683923721313,-2.9585738467855003,-0.28756411934709836,-0.8442684059941499,1766201808.0162683
0.6961989998817444,-2.3356494903564453,1.91819167137146,-2.9497984066891267,-0.2814357682674698,-0.8443435724154581,1766201808.0261214
0.6962286829948425,-2.3357934951782227,1.9179493188858032,-2.958753583104342,-0.2866205401262536,-0.842518022349177,1766201808.036024
0.6964326500892639,-2.335919141769409,1.9178566932678223,-2.960174321489874,-0.28691848403234615,-0.8418150700777531,1766201808.046136
0.696627140045166,-2.335948944091797,1.9178358316421509,-2.9600578087373597,-0.2867196170473628,-0.8410326086993632,1766201808.0561092
0.6967716813087463,-2.3360087871551514,1.9178171157836914,-2.9605814765487413,-0.28786497753754375,-0.8405463377890436,1766201808.0561986
0.6969683766365051,-2.336057424545288,1.9178152084350586,-2.960055711814077,-0.28769368515106475,-0.8404416813740093,1766201808.0661047
0.6970822215080261,-2.336111545562744,1.9177799224853516,-2.9612200199009258,-0.2883987126873974,-0.8392835278958156,1766201808.0759885
0.6972303986549377,-2.33613657951355,1.9177476167678833,-2.9607783171687743,-0.2885909715560874,-0.8394772171622192,1766201808.0860431
0.6973881125450134,-2.336221933364868,1.9177507162094116,-2.959585892809971,-0.2883976533627857,-0.8382753007224334,1766201808.0959978
0.6975800395011902,-2.3362438678741455,1.9177287817001343,-2.9603408790190078,-0.2887207601125408,-0.837823997816753,1766201808.1060913
0.697748601436615,-2.336294412612915,1.9177659749984741,-2.9584665376915353,-0.2878609383341346,-0.8376321658021915,1766201808.1161468
0.6979641318321228,-2.3363325595855713,1.9177607297897339,-2.9591596194431204,-0.28867972196529496,-0.837329192543154,1766201808.1161919
0.6981360912322998,-2.3363964557647705,1.9177788496017456,-2.9585791007919013,-0.28806585393311,-0.8380606357108557,1766201808.1261418
0.6982641220092773,-2.336437463760376,1.9177767038345337,-2.95839338097751,-0.28805604040829447,-0.8383190800783329,1766201808.1360695
0.6984601616859436,-2.336469888687134,1.9177948236465454,-2.9585323152745087,-0.2884593731197197,-0.8379238047374421,1766201808.1461365
0.6988044381141663,-2.3364357948303223,1.9180504083633423,-2.9502613579628534,-0.28339919613483006,-0.8396295701785391,1766201808.1561427
0.6987857818603516,-2.336549758911133,1.9177731275558472,-2.960460787007291,-0.289800689990803,-0.8383944608225078,1766201808.1561701
0.6989414095878601,-2.3365676403045654,1.9177742004394531,-2.960849156070988,-0.2899089867081934,-0.8382105551898031,1766201808.166086
0.6992539763450623,-2.3365132808685303,1.9180433750152588,-2.9515416428986563,-0.2841575983415818,-0.840242186018033,1766201808.1761718
0.6992571949958801,-2.336576461791992,1.9177387952804565,-2.962079699767041,-0.2903902400376466,-0.8382081602152675,1766201808.1861029
0.6993415951728821,-2.3365843296051025,1.9177061319351196,-2.9625701468858465,-0.2907132761844037,-0.8380044627837225,1766201808.1961575
0.6995344161987305,-2.336583375930786,1.917719841003418,-2.961894683476713,-0.2904546967657513,-0.8389271862598192,1766201808.2061377
0.6998733878135681,-2.336526393890381,1.917872667312622,-2.9532733087067298,-0.28370847388265386,-0.8403543173665616,1766201808.2061646
0.700044572353363,-2.3365213871002197,1.9178550243377686,-2.9531289372052747,-0.28432523067704374,-0.8405524264748527,1766201808.21607
0.7001650929450989,-2.3364803791046143,1.917784571647644,-2.9546615776899974,-0.2847506930580272,-0.840873251466406,1766201808.226153
0.7002182602882385,-2.3364908695220947,1.9175437688827515,-2.9631340714729095,-0.29114087326421795,-0.840775378022032,1766201808.2361321
0.7005316019058228,-2.3363754749298096,1.9177758693695068,-2.9536417709933547,-0.28533651409309824,-0.843513078265301,1766201808.246188
0.7005396485328674,-2.3364970684051514,1.9175347089767456,-2.9625906901241783,-0.2910028885706587,-0.8432768957190565,1766201808.256133
0.7007837891578674,-2.336334466934204,1.9177393913269043,-2.953883665806984,-0.286274070167566,-0.8457338975748839,1766201808.2561598
0.7007948756217957,-2.3364036083221436,1.9174647331237793,-2.9642645585024603,-0.2927615166362407,-0.8454941104892247,1766201808.266115
0.7009151577949524,-2.3363840579986572,1.9174433946609497,-2.963551384362407,-0.2924010063099936,-0.8464689752995544,1766201808.2760506
0.701077401638031,-2.336347818374634,1.9174809455871582,-2.962989793055817,-0.29250460274164064,-0.8482032001559001,1766201808.286063
0.7012292742729187,-2.3363142013549805,1.9174504280090332,-2.963202094986466,-0.292344346753269,-0.8489831569211116,1766201808.296143
0.7014003396034241,-2.3362886905670166,1.9174572229385376,-2.96239830534736,-0.292214266838563,-0.8509391937511811,1766201808.3061197
0.7016139626502991,-2.3362510204315186,1.9174189567565918,-2.9617421862011333,-0.2919843098419167,-0.8526520113077867,1766201808.3061461
0.701790452003479,-2.3362462520599365,1.9173822402954102,-2.9617217712019506,-0.29124183791449587,-0.8546463761668599,1766201808.3261542
0.7019197344779968,-2.336209297180176,1.9173246622085571,-2.9626181959509306,-0.2918224137334725,-0.8552929497090731,1766201808.3261805
0.7020582556724548,-2.336169958114624,1.917290210723877,-2.9626614251745176,-0.29252471190018164,-0.8566716409502559,1766201808.33609
0.70220947265625,-2.336174964904785,1.9172624349594116,-2.9614811708674202,-0.29171053096104954,-0.8582189966895488,1766201808.3460546
0.7023811340332031,-2.336137533187866,1.9172801971435547,-2.9605288487373165,-0.29122196819231255,-0.8590853771307572,1766201808.3561351
0.7024943232536316,-2.336120367050171,1.9172612428665161,-2.9605643555351735,-0.29165610700493627,-0.8604446725148726,1766201808.3561614
0.7026932835578918,-2.3360788822174072,1.9172462224960327,-2.960525847968168,-0.2915514840637065,-0.8608300365403775,1766201808.3661337
0.7027953267097473,-2.336054563522339,1.917237401008606,-2.961409478419206,-0.2914820993094266,-0.861098444107021,1766201808.3761528
0.7029011249542236,-2.3359949588775635,1.9171696901321411,-2.9561340735951203,-0.29069234743128886,-0.8629661414427189,1766201808.3861504
0.703114926815033,-2.335987091064453,1.9172874689102173,-2.9604646585999546,-0.2907343560784287,-0.8631871751919504,1766201808.3961234
0.703209638595581,-2.3359432220458984,1.917243480682373,-2.9621047038624932,-0.2918487438748304,-0.8636271049111519,1766201808.4061403
0.7034266591072083,-2.335911512374878,1.9172602891921997,-2.9629159133790464,-0.29203234166618364,-0.8642899235297732,1766201808.4062264
0.7035658955574036,-2.335841655731201,1.9172606468200684,-2.963574891038418,-0.2924975662599393,-0.8651435014457629,1766201808.4261622
0.7037272453308105,-2.335791826248169,1.917222023010254,-2.964947231279264,-0.2926111156339957,-0.8655670634286451,1766201808.4261873
0.7039616107940674,-2.33575177192688,1.9173212051391602,-2.969648102273816,-0.2931168486982632,-0.8658473916039685,1766201808.4360654
0.7040837407112122,-2.3356564044952393,1.9171966314315796,-2.9652767894892995,-0.2922820717321636,-0.8662912083952989,1766201808.4460576
0.7042626738548279,-2.3355658054351807,1.9172625541687012,-2.971813814627292,-0.2934008416941281,-0.8670535046962975,1766201808.4561276
0.7043620944023132,-2.3354480266571045,1.9169931411743164,-2.963093563025635,-0.2913124924316458,-0.8687044387812757,1766201808.456154
0.7045028805732727,-2.335373878479004,1.916973352432251,-2.9637465624047334,-0.2909471528837774,-0.8692171121661671,1766201808.4661489
0.7046907544136047,-2.335275650024414,1.9169825315475464,-2.964148695434623,-0.2914760128439408,-0.8709527500940291,1766201808.4761374
0.704897940158844,-2.335193634033203,1.9170036315917969,-2.9639211087325807,-0.29105978181980774,-0.8723969528128458,1766201808.4861825
0.7050343155860901,-2.335108757019043,1.9170001745224,-2.9649016757626527,-0.2912805324221586,-0.8733835807450981,1766201808.4961476
0.7052881121635437,-2.335059404373169,1.9171720743179321,-2.9676541537627563,-0.2901253813568471,-0.8746510140938105,1766201808.5061517
0.7054694294929504,-2.3349363803863525,1.9171452522277832,-2.9689908561854286,-0.29094722518482197,-0.8768877457740542,1766201808.5061774
0.7056365609169006,-2.3348019123077393,1.9171642065048218,-2.9695665218582343,-0.2900911022978577,-0.8792028761804742,1766201808.5160558
0.7058108448982239,-2.334681272506714,1.917148232460022,-2.969938981202776,-0.2900040185298504,-0.8814135777922713,1766201808.5261614
0.7060005068778992,-2.3345627784729004,1.9171701669692993,-2.970120747294111,-0.29013318105835445,-0.8842768748264984,1766201808.5361364
0.7061417102813721,-2.3344666957855225,1.9171451330184937,-2.969054016428762,-0.2890788215205374,-0.8868595914581863,1766201808.5461495
0.7063516974449158,-2.3343698978424072,1.9171746969223022,-2.9677441603027597,-0.2878290741558832,-0.8903274309503523,1766201808.55614
0.7065374255180359,-2.3342716693878174,1.9171675443649292,-2.9667053784770454,-0.28692673155114684,-0.8936165444149443,1766201808.5561664
0.7067262530326843,-2.3341567516326904,1.9171171188354492,-2.967080994361398,-0.28694939355920185,-0.8961847877163108,1766201808.5661573
0.7068648338317871,-2.3340463638305664,1.9170926809310913,-2.9669154777532727,-0.2861290817346136,-0.8995032762695925,1766201808.5761468
0.7070322632789612,-2.333916425704956,1.9170705080032349,-2.96744000551221,-0.28687415756964385,-0.9030851578999219,1766201808.5861483
0.7072080969810486,-2.333773374557495,1.917050838470459,-2.9673043072657275,-0.2870797114484348,-0.9066594632755897,1766201808.5961416
0.7074549794197083,-2.3336713314056396,1.9169849157333374,-2.9663045610683,-0.284179088693006,-0.9103663747294373,1766201808.606156
0.7075616717338562,-2.333521842956543,1.9169152975082397,-2.967105760346172,-0.2846966281242699,-0.9132239167109317,1766201808.6160865
0.7076235413551331,-2.3333518505096436,1.9167262315750122,-2.964587006228821,-0.28502141476277776,-0.9172230511612346,1766201808.6161132
0.7077801823616028,-2.3332788944244385,1.9168742895126343,-2.9662359735416612,-0.2839271738127092,-0.9195042767244285,1766201808.6261535
0.7079243063926697,-2.3331689834594727,1.9168481826782227,-2.9670359813655347,-0.2849258575949048,-0.9223958314873536,1766201808.63605
0.7080538272857666,-2.33304762840271,1.9167671203613281,-2.967075933547368,-0.28486515423696834,-0.9257792953605432,1766201808.6461272
0.7081382870674133,-2.332947254180908,1.9167217016220093,-2.9666928809104336,-0.2848527144839867,-0.9289505487774364,1766201808.6561491
0.7081934809684753,-2.332803726196289,1.9166284799575806,-2.966376645565925,-0.28463109360849753,-0.9314014712628956,1766201808.666131
0.7082664370536804,-2.332692861557007,1.91660737991333,-2.9663629987592235,-0.2853187211838163,-0.9332588812482343,1766201808.666157
0.708227813243866,-2.332617998123169,1.9164886474609375,-2.9654915608020427,-0.28515505336462293,-0.9344559437575483,1766201808.6760252
0.7082807421684265,-2.3325748443603516,1.9164204597473145,-2.9655603038639837,-0.28583836762682757,-0.9353939088765547,1766201808.6861289
0.7083327174186707,-2.3325140476226807,1.9164190292358398,-2.96377945559444,-0.28555777498842805,-0.9365861484787807,1766201808.696133
0.7082540988922119,-2.332453727722168,1.916334629058838,-2.9635518499446856,-0.28564536339222757,-0.9374180711246818,1766201808.7061267
0.7082479000091553,-2.3324196338653564,1.916312575340271,-2.9638202735277477,-0.2858993476378843,-0.9378225266770833,1766201808.7061527
0.7082598805427551,-2.332402229309082,1.9162421226501465,-2.9631831136037174,-0.28575940930410326,-0.93843966066699,1766201808.716055
0.7082386016845703,-2.3324077129364014,1.9162551164627075,-2.962222467326751,-0.2861504202888644,-0.9379950109957529,1766201808.7360246
0.7082573771476746,-2.3324272632598877,1.9162203073501587,-2.9626140730159505,-0.28727408234317753,-0.9374336413914329,1766201808.7360337
0.7082851529121399,-2.332437753677368,1.9161912202835083,-2.962112243879896,-0.2877675284302185,-0.9367442861730662,1766201808.7461221
0.708245038986206,-2.3324620723724365,1.9161056280136108,-2.964155109926986,-0.28890145873071565,-0.9359925747117211,1766201808.7560232
0.7082508206367493,-2.3325462341308594,1.916132926940918,-2.9631998461907325,-0.2885419466043474,-0.9362677710937646,1766201808.7560315
0.7082551121711731,-2.3326056003570557,1.9160947799682617,-2.9640351379682066,-0.2887720443410981,-0.9350972836743734,1766201808.7660239
0.7082924246788025,-2.332679033279419,1.9160857200622559,-2.9648554641119134,-0.2897343182340291,-0.9343826476781762,1766201808.7761388
0.7083619236946106,-2.3327810764312744,1.9160207509994507,-2.967079921533184,-0.29051994795538727,-0.9340592396339668,1766201808.7861676
0.7083644270896912,-2.3329203128814697,1.916059970855713,-2.966002429036838,-0.2899868138709493,-0.9327940975208919,1766201808.7961571
0.7084754109382629,-2.333064556121826,1.9160910844802856,-2.966257025289549,-0.2895536546010264,-0.9324380987459083,1766201808.806137
0.7085224986076355,-2.3332176208496094,1.9161025285720825,-2.967425853309496,-0.2906458779505736,-0.9322312220052673,1766201808.806164
0.7085904479026794,-2.333374500274658,1.916097640991211,-2.9676760930320882,-0.2901946142488293,-0.9315110477344435,1766201808.8159883
0.7086345553398132,-2.333616256713867,1.9161299467086792,-2.9679338564042386,-0.28996523125091944,-0.9300838357766951,1766201808.8361218
0.7086730003356934,-2.3337526321411133,1.9160529375076294,-2.9657122203531032,-0.2905857239265291,-0.9305645925745467,1766201808.8361468
0.7087773680686951,-2.333967924118042,1.9162930250167847,-2.9678492473790428,-0.28971486165757915,-0.9295285728956926,1766201808.8461604
0.7087823748588562,-2.3341634273529053,1.9162906408309937,-2.9694049752608764,-0.2904759127621337,-0.9288110260150115,1766201808.8560274
0.7087673544883728,-2.3343632221221924,1.916275978088379,-2.9713208698495546,-0.2906576645381135,-0.9270134860627606,1766201808.8560352
0.7087821960449219,-2.3346340656280518,1.9163533449172974,-2.9718646599432703,-0.2912321414231058,-0.9268982915978475,1766201808.8660874
0.7086797952651978,-2.3348405361175537,1.9162452220916748,-2.969087049955617,-0.2910189480153958,-0.9260479317795437,1766201808.876039
0.7086930274963379,-2.335094928741455,1.916261911392212,-2.969016917907719,-0.2905528760549717,-0.9254281756195157,1766201808.8861108
0.7086699604988098,-2.335397720336914,1.9163789749145508,-2.973022907153833,-0.29153311618071437,-0.9247873990539982,1766201808.8961322
0.7085865139961243,-2.335716962814331,1.9164005517959595,-2.9736465881845198,-0.2918539002520733,-0.9237480623452035,1766201808.9061618
0.7084698677062988,-2.3360300064086914,1.9163808822631836,-2.9740659100199642,-0.2912471545387606,-0.923140618059697,1766201808.9161499
0.7083824276924133,-2.3362877368927,1.9163671731948853,-2.9744050985040844,-0.2911719695806243,-0.9224786630889261,1766201808.9161756
0.7082579731941223,-2.336634874343872,1.9163001775741577,-2.9744129107157686,-0.2888746858470314,-0.9214511144390746,1766201808.9260657
0.7080609798431396,-2.3370378017425537,1.9162770509719849,-2.974776325688399,-0.28904725579746715,-0.9203874816471052,1766201808.936061
0.7078744769096375,-2.3374271392822266,1.9163106679916382,-2.973276816217206,-0.2881435618013332,-0.9199313938045229,1766201808.946121
0.7076660990715027,-2.3379127979278564,1.916314959526062,-2.9734090883164193,-0.2886551600583288,-0.9182421677828043,1766201808.9560966
0.7074543833732605,-2.338303327560425,1.9163570404052734,-2.972373620791096,-0.28928126041475805,-0.9180926973346613,1766201808.956123
0.707183837890625,-2.3387181758880615,1.916350245475769,-2.9735229120278435,-0.29062415323597734,-0.9164821080399261,1766201808.966081
0.7069668173789978,-2.3392021656036377,1.9163814783096313,-2.9723399561939416,-0.290237999521407,-0.9163505616752182,1766201808.9761512
0.70672208070755,-2.339714288711548,1.9162856340408325,-2.972958729310607,-0.2910212885296584,-0.914693688187689,1766201808.9861445
0.7064612507820129,-2.3402154445648193,1.9163084030151367,-2.9740558427525206,-0.29139139156295907,-0.9141918355840234,1766201808.996151
0.7061924934387207,-2.340714454650879,1.9164546728134155,-2.9782721465360154,-0.2927271285612125,-0.9138161828536386,1766201809.0061653
0.7058988213539124,-2.3412468433380127,1.9162465333938599,-2.9735049163448584,-0.28995002688894794,-0.9132725451600132,1766201809.0061915
0.7055967450141907,-2.3418476581573486,1.9161972999572754,-2.9719475055589073,-0.28876879881868606,-0.9119174633074859,1766201809.0160398
0.7052998542785645,-2.3424391746520996,1.9162403345108032,-2.9725639785023,-0.28867533964462205,-0.9114459607723349,1766201809.0260756
0.7049708366394043,-2.343007802963257,1.9162635803222656,-2.9717257033920466,-0.2885988371667988,-0.9106708766432576,1766201809.0361478
0.7046467661857605,-2.3436195850372314,1.9163036346435547,-2.9693747048565236,-0.28732362265191647,-0.9100216320775929,1766201809.0461369
0.7043331265449524,-2.3443031311035156,1.916329026222229,-2.9687945872059496,-0.28720652397743535,-0.9090879630879547,1766201809.0561295
0.7040810585021973,-2.344996213912964,1.9163285493850708,-2.9682954874418854,-0.28464840763874943,-0.9082176563074339,1766201809.0660896
0.7037736177444458,-2.3455913066864014,1.9164395332336426,-2.96616424856067,-0.2839116033095102,-0.9085287723240171,1766201809.0661154
0.7035184502601624,-2.346198320388794,1.9165242910385132,-2.962198801182584,-0.28196953081964593,-0.9088830040172275,1766201809.075982
0.703142523765564,-2.3467862606048584,1.9165312051773071,-2.9641622817192426,-0.2826763541040355,-0.9084181752453311,1766201809.0860426
0.7028144001960754,-2.3474576473236084,1.9166547060012817,-2.9646223895529635,-0.2844228609635731,-0.9089520404201161,1766201809.096157
0.7024486660957336,-2.3480026721954346,1.9167218208312988,-2.9628140387473887,-0.28297367555395675,-0.9081143105964983,1766201809.1061356
0.7021083235740662,-2.348607063293457,1.9167920351028442,-2.9622791752637747,-0.2826372646131247,-0.9077137562362191,1766201809.116052
0.7019371390342712,-2.3491666316986084,1.9170117378234863,-2.95514517868002,-0.2750199222153071,-0.9080122592750322,1766201809.1160774
0.7015596032142639,-2.3497817516326904,1.917037844657898,-2.9534485144484703,-0.27364581567520474,-0.9072376537378327,1766201809.12615
0.7011151313781738,-2.3504345417022705,1.9168128967285156,-2.96229029408443,-0.2790678750672992,-0.9059572379035028,1766201809.146141
0.7008344531059265,-2.3509464263916016,1.91689932346344,-2.9620047738564934,-0.2793374657592763,-0.9057171036607884,1766201809.146166
0.700450599193573,-2.3515148162841797,1.9169620275497437,-2.962939191015034,-0.2809594866377805,-0.9064733155471957,1766201809.1560469
0.7001206278800964,-2.351996421813965,1.9170286655426025,-2.9632686001817143,-0.2821932050139205,-0.9064762073373838,1766201809.1660867
0.699828028678894,-2.3525350093841553,1.917110562324524,-2.963911360971222,-0.2827200680043352,-0.9064050499254066,1766201809.166094
0.6994238495826721,-2.3529984951019287,1.9171706438064575,-2.9651254875944253,-0.28350922393549594,-0.9070688097478948,1766201809.1760373
0.6991086006164551,-2.3535239696502686,1.9173072576522827,-2.9632820216624425,-0.28094717070607994,-0.9076976638338528,1766201809.1860561
0.6987001895904541,-2.3539247512817383,1.9174370765686035,-2.963668986629072,-0.28158232171602116,-0.9087478610852155,1766201809.1961107
0.6982904672622681,-2.3543386459350586,1.9175597429275513,-2.964973560901901,-0.28235486292110884,-0.910534873117087,1766201809.206133
0.6978546977043152,-2.354783058166504,1.9177113771438599,-2.965345242361049,-0.28125121601614733,-0.9101661977678968,1766201809.2061589
0.6974719166755676,-2.3552463054656982,1.9179149866104126,-2.964522691826931,-0.2810772435118272,-0.9120133697360469,1766201809.215956
0.6970475316047668,-2.355597972869873,1.9180649518966675,-2.965370904044426,-0.28150875967584693,-0.914486857704276,1766201809.2261646
0.6966016292572021,-2.355938673019409,1.9182018041610718,-2.9662181087112267,-0.2820976635298238,-0.9158254777998386,1766201809.2360914
0.6961230635643005,-2.3563058376312256,1.9183822870254517,-2.966644245450182,-0.2817695771297662,-0.9169885746875581,1766201809.2461276
0.6956593990325928,-2.3566417694091797,1.9185185432434082,-2.9652798752977425,-0.27968867835981176,-0.9184576691743589,1766201809.2560859
0.6951610445976257,-2.3569600582122803,1.9186598062515259,-2.9654975092342513,-0.27943777036618145,-0.9206346992027619,1766201809.2561123
0.694584846496582,-2.357351064682007,1.9188423156738281,-2.966541894083555,-0.27953381394827315,-0.9222768396929589,1766201809.26596
0.6941232681274414,-2.3576345443725586,1.9189605712890625,-2.965642125362572,-0.2766163904728362,-0.9247371058006418,1766201809.2760713
0.6935063600540161,-2.357924699783325,1.9191594123840332,-2.963303832456979,-0.2759840755581994,-0.927285274425881,1766201809.2860436
0.6933185458183289,-2.3579437732696533,1.919801115989685,-2.944652037143757,-0.26385369521503077,-0.9333883141097628,1766201809.2960904
0.6923864483833313,-2.3582191467285156,1.919774055480957,-2.9486238012926425,-0.26492181069625853,-0.9333596673589843,1766201809.3061414
0.6919132471084595,-2.358443260192871,1.9200927019119263,-2.9427409059603074,-0.26250205986051506,-0.9382804177314081,1766201809.3061671
0.6912667155265808,-2.35858416557312,1.920161247253418,-2.9415913376359053,-0.2622540239339777,-0.9412297101002063,1766201809.3160703
0.6903854012489319,-2.3587000370025635,1.9204145669937134,-2.9322283101129916,-0.25654092462171946,-0.9415314135023172,1766201809.3261182
0.6897875666618347,-2.3588318824768066,1.9204624891281128,-2.9306716567454822,-0.2555918772041234,-0.944300888678234,1766201809.336155
0.68905109167099,-2.359161853790283,1.9197438955307007,-2.9598996936601134,-0.2746715208635142,-0.9476835273873241,1766201809.3461206
0.6883971095085144,-2.359208345413208,1.919759750366211,-2.958919657542818,-0.2741423677959764,-0.9496297276282353,1766201809.3561313
0.6877672076225281,-2.3592097759246826,1.9196797609329224,-2.9575785527483855,-0.27316912749708916,-0.9522589731051977,1766201809.3561578
0.6870700120925903,-2.359121322631836,1.9195342063903809,-2.9575862919117353,-0.27302769490260176,-0.9543149803565943,1766201809.3660972
0.6863398551940918,-2.359023332595825,1.919445276260376,-2.956174270979677,-0.272173098152279,-0.9575533847723835,1766201809.37613
0.6856940388679504,-2.3584654331207275,1.9200448989868164,-2.9241998056856664,-0.2514422477936846,-0.961016768311615,1766201809.3861282
0.6849990487098694,-2.358215570449829,1.9199228286743164,-2.9231415765844515,-0.2506394677698045,-0.9635733707610027,1766201809.3961575
0.6841713190078735,-2.3577325344085693,1.9196116924285889,-2.9283552731346743,-0.2553107426087383,-0.9647991894549114,1766201809.4061477
0.6834643483161926,-2.357266664505005,1.9194867610931396,-2.9274239075741284,-0.2551914829290107,-0.9675766235161539,1766201809.4061742
0.6830163598060608,-2.3568317890167236,1.9196064472198486,-2.9198894497723757,-0.25150123274568825,-0.971926362720666,1766201809.4160414
0.6822618246078491,-2.356205940246582,1.9194741249084473,-2.9206747004126474,-0.25202265324067574,-0.9737780115553791,1766201809.4261138
0.6816582679748535,-2.355436325073242,1.9194072484970093,-2.9199361644567907,-0.25238824259903286,-0.9758917735924194,1766201809.4361277
0.6807339787483215,-2.3545081615448,1.9190502166748047,-2.9286370353894844,-0.25882787675732283,-0.9765769621257088,1766201809.44611
0.6803184151649475,-2.3538100719451904,1.9188967943191528,-2.9353211603949734,-0.2639086713073345,-0.9810235559436951,1766201809.4561296
0.6796817183494568,-2.3526194095611572,1.9193270206451416,-2.9188945112648224,-0.25471478865638664,-0.9831296684186812,1766201809.4561553
0.6790821552276611,-2.3515138626098633,1.9193187952041626,-2.9196791254020815,-0.2552420101490005,-0.9850474751556026,1766201809.465981
0.6784586310386658,-2.350274085998535,1.91930091381073,-2.9224402681304773,-0.25768891449580034,-0.988370983100964,1766201809.4761086
0.6778213381767273,-2.3493852615356445,1.918675184249878,-2.952866220358598,-0.2773824470535091,-0.9905963763993653,1766201809.486169
0.6774709820747375,-2.3476905822753906,1.9194602966308594,-2.9223007135168184,-0.25818659210317935,-0.9946798177760796,1766201809.4961338
0.6768304109573364,-2.34615421295166,1.9194711446762085,-2.9241295765991464,-0.25968979552342547,-0.9966333612671786,1766201809.5061548
0.6764028072357178,-2.3445851802825928,1.9197524785995483,-2.9268663302080693,-0.25940655359760556,-0.9992669189747556,1766201809.5161047
0.6759328842163086,-2.343073606491089,1.9197591543197632,-2.9262969185688004,-0.26036096176127327,-1.0037460926765616,1766201809.5161302
0.6753149628639221,-2.341564416885376,1.919316291809082,-2.9482127951659005,-0.27384867130470847,-1.0068910432817213,1766201809.526081
0.6748055219650269,-2.3394758701324463,1.9199368953704834,-2.929643582405615,-0.26191882742406986,-1.0104945098465843,1766201809.5361433
0.6744838356971741,-2.337812662124634,1.9199038743972778,-2.936134459483298,-0.2662008417427617,-1.01520093905458,1766201809.5461266
0.673656702041626,-2.3358020782470703,1.920157551765442,-2.9286274572135294,-0.26176788641074866,-1.0164722840699585,1766201809.5561328
0.6730237007141113,-2.333796739578247,1.9201656579971313,-2.9313846004224877,-0.26256395746306477,-1.019706954640343,1766201809.5561597
0.6725344657897949,-2.3316898345947266,1.9203448295593262,-2.930444732436281,-0.2625135934993604,-1.0229729785213022,1766201809.5661056
0.6719102263450623,-2.3296852111816406,1.9201380014419556,-2.9425102222769244,-0.2698221206695303,-1.026758780435042,1766201809.5761359
0.6712266802787781,-2.327267646789551,1.9204431772232056,-2.9349942876902535,-0.26439861303154916,-1.0292361413650828,1766201809.5861127
0.6703854203224182,-2.325040578842163,1.920268177986145,-2.93846529340906,-0.26708823055553776,-1.0301628603647002,1766201809.596174
0.6695239543914795,-2.3230178356170654,1.9198975563049316,-2.960072103007805,-0.2800780966437112,-1.031881383543349,1766201809.606095
0.6690042614936829,-2.320195436477661,1.920322299003601,-2.937084807518865,-0.2657417307272135,-1.0365957214078156,1766201809.616089
0.6682988405227661,-2.317629337310791,1.9202828407287598,-2.945498726090332,-0.2702239996137253,-1.0397763790075671,1766201809.6161149
0.6674248576164246,-2.3150906562805176,1.9200783967971802,-2.9439507483351854,-0.2695729363316728,-1.0418771888190255,1766201809.62614
0.6666958332061768,-2.312410831451416,1.920108675956726,-2.941596221174642,-0.2708323752572604,-1.0446935226160246,1766201809.6360888
0.665520191192627,-2.3100993633270264,1.9194945096969604,-2.964454505243639,-0.2837528097063745,-1.0442707024905842,1766201809.6461651
0.6650164127349854,-2.3069615364074707,1.9198824167251587,-2.9422596091966504,-0.2731268878783654,-1.048670189474385,1766201809.6561506
0.6637952327728271,-2.304565668106079,1.9194698333740234,-2.9699589751978097,-0.28725559432988473,-1.0468996334307792,1766201809.6661408
0.6631842255592346,-2.3013129234313965,1.9197492599487305,-2.9443967448495947,-0.2733260014802332,-1.051673681488239,1766201809.666165
0.661932647228241,-2.29884934425354,1.9190473556518555,-2.9731572252090452,-0.29307589485908236,-1.0507803548035686,1766201809.6759913
0.6609959602355957,-2.2959017753601074,1.9189276695251465,-2.974569488487367,-0.2927787552134095,-1.0519593121394164,1766201809.686085
0.6603846549987793,-2.2923059463500977,1.9194945096969604,-2.948341179947352,-0.2751937498397936,-1.0547239768306609,1766201809.6960864
0.6595508456230164,-2.2891359329223633,1.9193681478500366,-2.9452092604980904,-0.27439825222294306,-1.0586949569143838,1766201809.706098
0.6583818197250366,-2.286370038986206,1.918971061706543,-2.972286953975745,-0.28695541475758896,-1.0551802166574922,1766201809.7061245
0.6577007174491882,-2.2827608585357666,1.9191370010375977,-2.9466717481768945,-0.27323593158622206,-1.0580259207437412,1766201809.7159872
0.6565605401992798,-2.2797389030456543,1.9185853004455566,-2.9674425915713796,-0.2857172779192518,-1.056380534018681,1766201809.7260933
0.6558696627616882,-2.2759289741516113,1.9188114404678345,-2.9507377480869548,-0.27344732132947874,-1.0605329718846421,1766201809.7360559
0.655286431312561,-2.272587776184082,1.918740153312683,-2.962408738293597,-0.27790566879162504,-1.0613034884985546,1766201809.7461295
0.6542940735816956,-2.2688486576080322,1.918753743171692,-2.954817111330946,-0.27337624944655303,-1.0616634864689714,1766201809.7561128
0.6531543135643005,-2.2654998302459717,1.9179308414459229,-2.973675047123736,-0.28704209604079467,-1.0602525712199569,1766201809.766128
0.6526890993118286,-2.2613284587860107,1.9184800386428833,-2.957983632884302,-0.26986857531961106,-1.0622691980598655,1766201809.7661536
0.6515873074531555,-2.257889747619629,1.917401909828186,-2.9845371105282643,-0.28800139829525917,-1.0615269640323521,1766201809.7759824
0.6508257985115051,-2.2538416385650635,1.91726815700531,-2.9854868252062556,-0.2860561537813057,-1.0610325960367872,1766201809.7860546
0.6496902704238892,-2.2494564056396484,1.9176735877990723,-2.961079923017311,-0.26774609745173716,-1.054423827983086,1766201809.7960427
0.6494949460029602,-2.245471239089966,1.9169530868530273,-2.9902038769969286,-0.2860953076627559,-1.0606207869618738,1766201809.8061383
0.6488853096961975,-2.24101185798645,1.9167920351028442,-2.9976325650730447,-0.2860775941767093,-1.0618418196963155,1766201809.8061647
0.6480135321617126,-2.236513137817383,1.9164257049560547,-2.995572389388034,-0.28434346955450196,-1.0630715150185748,1766201809.8160324
0.6473806500434875,-2.231895685195923,1.9162168502807617,-2.9936179349983636,-0.28164154823809595,-1.062359284619182,1766201809.8260777
0.6461556553840637,-2.226699113845825,1.9162957668304443,-2.9711808867270193,-0.2637956484009407,-1.0570366706697085,1766201809.8360622
0.6460700035095215,-2.2224671840667725,1.9155913591384888,-2.9956710879754866,-0.27867010253619134,-1.064034182423055,1766201809.8461478
0.6453720927238464,-2.2174766063690186,1.9151997566223145,-2.9963829795367136,-0.277956153275749,-1.0610939165569497,1766201809.8560998
0.645043671131134,-2.2122678756713867,1.9148515462875366,-2.997677674513452,-0.27852241021811824,-1.0634641183636184,1766201809.8561265
0.6444907188415527,-2.207026958465576,1.9144939184188843,-2.9984305935561544,-0.27521245530234784,-1.064559513001999,1766201809.8760946
0.6432885527610779,-2.200946569442749,1.9144911766052246,-2.973993085564068,-0.25496669886796663,-1.0577661678712884,1766201809.8761194
0.6434834003448486,-2.196260690689087,1.9139057397842407,-3.0035169736332628,-0.2729737538687168,-1.0664162434630418,1766201809.8861096
0.6429148316383362,-2.190645694732666,1.9141063690185547,-2.9847433644136627,-0.2570571764693259,-1.0607101480350245,1766201809.8961034
0.6427248120307922,-2.1851806640625,1.9137110710144043,-2.990228416644211,-0.25473273999419904,-1.059239924976387,1766201809.9061403
0.6424524188041687,-2.1793711185455322,1.9132589101791382,-2.991058488798388,-0.2514017030949285,-1.0619505758994396,1766201809.906166
0.6420608758926392,-2.173527956008911,1.9128702878952026,-2.9933862863564893,-0.25152719525336337,-1.0626934339149783,1766201809.9260042
0.6413412690162659,-2.167454481124878,1.9123412370681763,-2.9969478552033446,-0.2507907990653273,-1.0614002916060508,1766201809.9260218
0.6412478089332581,-2.1612765789031982,1.9118866920471191,-2.9974544842356026,-0.24815574829334514,-1.0655297974056874,1766201809.9360704
0.6402997374534607,-2.1549997329711914,1.9110374450683594,-3.00855378048203,-0.2505838159926075,-1.0622446835590063,1766201809.9460618
0.6398007869720459,-2.148611307144165,1.9105302095413208,-3.0106361109044775,-0.2493170234835733,-1.063345235863933,1766201809.9561176
0.6404268145561218,-2.141869306564331,1.9103381633758545,-2.99538774173001,-0.2392592937774231,-1.0778928218833534,1766201809.9561448
0.6383897662162781,-2.1351072788238525,1.9089536666870117,-3.0145586230772197,-0.24628350154736975,-1.0703477764041294,1766201809.9660935
0.6385935544967651,-2.129045248031616,1.9087655544281006,-3.0195561587285327,-0.2477608453241767,-1.0699691667413975,1766201809.9760916
0.6382641792297363,-2.1223719120025635,1.9082152843475342,-3.0183707583094304,-0.24712239987225185,-1.073257563130297,1766201809.9860497
0.6378734707832336,-2.115537166595459,1.9075504541397095,-3.016700424344179,-0.2440302334882658,-1.0757508105117037,1766201809.9960656
0.6372597217559814,-2.108218193054199,1.9066805839538574,-3.0098860257172344,-0.24076743772605574,-1.0843564370617291,1766201810.0061195
0.6376072764396667,-2.1014745235443115,1.9063425064086914,-3.010957248621888,-0.24021728164653258,-1.0888067079081176,1766201810.006147
0.6387772560119629,-2.094270706176758,1.906133770942688,-3.0107206045035726,-0.2379906069235911,-1.1095857295631588,1766201810.026116
0.6371702551841736,-2.0871846675872803,1.9053332805633545,-3.015702558207456,-0.23558657525176613,-1.103809168618431,1766201810.0261226
0.6375506520271301,-2.0806074142456055,1.9052995443344116,-3.0225555385842218,-0.2362095502649939,-1.1083897107020726,1766201810.0360143
0.6376805305480957,-2.073481798171997,1.905062198638916,-3.0274036707649117,-0.23387195914682873,-1.1153230822144573,1766201810.0460882
0.6378030776977539,-2.0662992000579834,1.9048435688018799,-3.025126986571867,-0.22932175120266912,-1.125278676888469,1766201810.0561361
0.6391041874885559,-2.058749198913574,1.9048006534576416,-3.019814631837619,-0.22516389152716018,-1.150884502655256,1766201810.0661616
0.6378828287124634,-2.0518593788146973,1.9048097133636475,-3.0331470127113276,-0.22587836839967768,-1.143437084831208,1766201810.0661867
0.6392983198165894,-2.0449929237365723,1.905152678489685,-3.0364185461427433,-0.22256686510091797,-1.159269838769177,1766201810.076004
0.6399558782577515,-2.0373733043670654,1.9050439596176147,-3.029823721867278,-0.21861105512306084,-1.1820587559541578,1766201810.0860116
0.6379575729370117,-2.030458450317383,1.9048606157302856,-3.041543913631932,-0.21746958270035954,-1.1705858824310271,1766201810.0960886
0.6388624906539917,-2.0236144065856934,1.9051690101623535,-3.04271651854231,-0.21650925759659556,-1.1867228486335657,1766201810.1060705
0.6371190547943115,-2.016388416290283,1.9050638675689697,-3.0465731385124344,-0.21489831746969104,-1.1817890108328988,1766201810.106083
0.6367139220237732,-2.0093891620635986,1.9051194190979004,-3.0446369771983988,-0.21287811563504197,-1.1896032089893733,1766201810.115999
0.6363291144371033,-2.002443552017212,1.9052590131759644,-3.0472465947031484,-0.2098105079805767,-1.1955308447112953,1766201810.1261117
0.6357760429382324,-1.9956120252609253,1.9054601192474365,-3.049158050604713,-0.21165918828824457,-1.2030695865222292,1766201810.136092
0.6349103450775146,-1.9885687828063965,1.9055718183517456,-3.0478946020270157,-0.2119675984163083,-1.2050431402475799,1766201810.146072
0.6345366835594177,-1.9817010164260864,1.9059646129608154,-3.049804030915222,-0.2113724302345376,-1.212754319423698,1766201810.1560616
0.6331138014793396,-1.9746222496032715,1.9062070846557617,-3.05122174173597,-0.21039102065728096,-1.213882456948418,1766201810.1659963
0.631977915763855,-1.967518925666809,1.9064407348632812,-3.052123700919451,-0.20907568030330193,-1.2176695651365081,1766201810.1660037
0.6311573386192322,-1.9607058763504028,1.9066908359527588,-3.0560767180272834,-0.21042060804938387,-1.2223390528667462,1766201810.1760523
0.6306825280189514,-1.9539949893951416,1.9071029424667358,-3.052728699052242,-0.21030565125711267,-1.230083252427955,1766201810.1861548
0.6294788718223572,-1.9471098184585571,1.9074615240097046,-3.0537433267219245,-0.20988091873317608,-1.2332614884721618,1766201810.1961346
0.6288197040557861,-1.9404963254928589,1.9081181287765503,-3.055949260578229,-0.21306614791412748,-1.2450126913646942,1766201810.2061307
0.6257967948913574,-1.9333508014678955,1.9077601432800293,-3.0658907352818696,-0.21139653987538184,-1.232627889552388,1766201810.2061567
0.6255137920379639,-1.927056074142456,1.9083470106124878,-3.0572903006025522,-0.2111999672044255,-1.2446746444278267,1766201810.2160504
0.6237255334854126,-1.9202876091003418,1.9084968566894531,-3.054516288316069,-0.2102063146535814,-1.246748716788694,1766201810.2261598
0.6210947632789612,-1.9133591651916504,1.9081306457519531,-3.0565867857622395,-0.2119619603192946,-1.2437285054231781,1766201810.2361255
0.6196670532226562,-1.9068939685821533,1.9085049629211426,-3.048890486807264,-0.21273036952963648,-1.2467013860799774,1766201810.246082
0.6175244450569153,-1.9000581502914429,1.9085264205932617,-3.046274135316577,-0.213409524719128,-1.2479096766435507,1766201810.2561588
0.6145097017288208,-1.8930777311325073,1.9082574844360352,-3.0537566098360234,-0.21762644996614613,-1.2442340491913262,1766201810.266088
0.6129578948020935,-1.8865560293197632,1.9082295894622803,-3.0422121584934496,-0.21742087594421522,-1.2479872307195012,1766201810.266113
0.6092906594276428,-1.8793084621429443,1.9076404571533203,-3.0517745164612418,-0.22028355606752922,-1.240233642384185,1766201810.2760181
0.6077556610107422,-1.8728724718093872,1.9075359106063843,-3.0388723459648666,-0.2207532084853208,-1.244730341161866,1766201810.2860453
0.6052799224853516,-1.8661478757858276,1.9072177410125732,-3.0456053944188817,-0.22586172259886417,-1.2467042436079478,1766201810.296134
0.6017902493476868,-1.8589990139007568,1.9066494703292847,-3.0384104820548763,-0.22593305629977956,-1.2402609514670935,1766201810.3061376
0.6002298593521118,-1.8526633977890015,1.9064314365386963,-3.042009105058203,-0.2329660992385676,-1.2478167821369368,1766201810.3061638
0.5972493290901184,-1.8455543518066406,1.9058743715286255,-3.034189797505452,-0.22965907054796825,-1.242677939010439,1766201810.3160763
0.5945979356765747,-1.8388512134552002,1.9052397012710571,-3.0387827696394942,-0.23665566102571003,-1.243698307657874,1766201810.326147
0.5908403396606445,-1.8316420316696167,1.9045336246490479,-3.032913600029632,-0.23446660168479094,-1.235399474809826,1766201810.3361318
0.5891086459159851,-1.8252310752868652,1.9041658639907837,-3.0347172391006967,-0.2413266975362361,-1.243873014511279,1766201810.3461473
0.5851582288742065,-1.8179813623428345,1.9032816886901855,-3.0305604322091204,-0.2401164399917059,-1.2337268392216194,1766201810.3561523
0.5834635496139526,-1.8115944862365723,1.902815580368042,-3.029852621734969,-0.2448907555886387,-1.2409203030383888,1766201810.3561773
0.5808650851249695,-1.8050689697265625,1.9020940065383911,-3.0309011067418785,-0.24808176733066703,-1.2428306912360876,1766201810.376058
0.5769101977348328,-1.7978571653366089,1.9012023210525513,-3.0290277302873636,-0.24907165976557152,-1.2339482457422806,1766201810.3760655
0.5732913613319397,-1.7908744812011719,1.9001436233520508,-3.031695579799659,-0.25303475669010433,-1.2294170941907983,1766201810.3861153
0.5717213153839111,-1.7846506834030151,1.8996773958206177,-3.0335849863633757,-0.2569434964260247,-1.2379331573694305,1766201810.396112
0.5688910484313965,-1.7779591083526611,1.898910403251648,-3.0283082069330813,-0.25365899662972335,-1.240010369534922,1766201810.406138
0.5656269192695618,-1.7711782455444336,1.8978633880615234,-3.027936843482913,-0.25761403733864074,-1.2385583141604024,1766201810.4161289
0.5616835951805115,-1.7644730806350708,1.8963464498519897,-3.042452440598409,-0.26685307517086576,-1.2332698668620992,1766201810.4161549
0.5588834285736084,-1.757475733757019,1.895827293395996,-3.031457567666604,-0.25835683965839507,-1.232584937294321,1766201810.426076
0.5564664006233215,-1.7510303258895874,1.8947677612304688,-3.030143433550587,-0.2597379037838548,-1.2388632356777116,1766201810.4360518
0.5530436635017395,-1.7447303533554077,1.893513798713684,-3.0416737271280505,-0.26708095841213786,-1.2349745101596104,1766201810.44614
0.5495149493217468,-1.7373054027557373,1.8924462795257568,-3.02834751590597,-0.2556864600830001,-1.2358282693925018,1766201810.4560626
0.546881377696991,-1.7309376001358032,1.891419768333435,-3.0296792395191527,-0.25823641053196794,-1.241674131232838,1766201810.4660296
0.543616771697998,-1.7240759134292603,1.8902952671051025,-3.0259795360718735,-0.25475993115805684,-1.241945851737763,1766201810.4761293
0.5404106378555298,-1.7173823118209839,1.8890389204025269,-3.028887881635896,-0.2540157373252354,-1.2460943777468136,1766201810.4761539
0.5364710092544556,-1.7105120420455933,1.887634038925171,-3.028736048507481,-0.2572499067830164,-1.2453179945711663,1766201810.4861135
0.5322091579437256,-1.7033932209014893,1.8861639499664307,-3.0221072481227207,-0.25146454878742125,-1.2391013743530626,1766201810.4961545
0.5283447504043579,-1.696518063545227,1.8849892616271973,-3.03180334580449,-0.2515883900786242,-1.2376965520508751,1766201810.5061388
0.5255275368690491,-1.689951777458191,1.8837225437164307,-3.0311799043101733,-0.25507485529379714,-1.24672800960293,1766201810.5061648
0.5218119025230408,-1.682888150215149,1.8822581768035889,-3.0241027227672936,-0.24995434815681677,-1.2480582792521744,1766201810.5160391
0.5180298686027527,-1.675941824913025,1.8809882402420044,-3.024034904651972,-0.24791300048445275,-1.2519969808625688,1766201810.526116
0.5141670107841492,-1.6690115928649902,1.8794965744018555,-3.0268369501307593,-0.25012054381807414,-1.2543050130603155,1766201810.5361514
0.5101800560951233,-1.6619629859924316,1.8780790567398071,-3.0195875337331723,-0.2464829485873943,-1.2545759868071702,1766201810.5460973
0.5062539577484131,-1.654902458190918,1.8766566514968872,-3.0179756361038548,-0.24417575296479227,-1.260602997711142,1766201810.5561268
0.5026172399520874,-1.648016095161438,1.8754373788833618,-3.022412244442701,-0.2422540953688555,-1.2615022976795347,1766201810.5561526
0.4978480935096741,-1.6405798196792603,1.873751163482666,-3.024833037522525,-0.2428725012658248,-1.2602874647999702,1766201810.5861511
0.4899091124534607,-1.6265649795532227,1.8715169429779053,-3.020756258528432,-0.2374027273895043,-1.2710396525212369,1766201810.5862005
0.48549994826316833,-1.619297981262207,1.8699116706848145,-3.0267131604003588,-0.24171114850458889,-1.2753126345365406,1766201810.5961013
0.4810120165348053,-1.6121002435684204,1.8695214986801147,-3.009611879710366,-0.22593966541340635,-1.273610721886012,1766201810.6059935
0.47596144676208496,-1.6049460172653198,1.8683948516845703,-3.006204546217747,-0.22413615215232768,-1.2688525049265782,1766201810.6060016
0.47135236859321594,-1.5977506637573242,1.866876482963562,-3.015000962751516,-0.2297716550571746,-1.2732056830546938,1766201810.6160252
0.4673188030719757,-1.5902447700500488,1.866070032119751,-3.0129995926302664,-0.2263881346759088,-1.2831797188873486,1766201810.6261096
0.46218693256378174,-1.5829803943634033,1.8651087284088135,-3.012427591334454,-0.2255640330543273,-1.2798838037304738,1766201810.63606
0.45681220293045044,-1.5754830837249756,1.8642951250076294,-3.0135173217817792,-0.22322088136589974,-1.278047036199975,1766201810.646166
0.452138215303421,-1.5679298639297485,1.8635218143463135,-3.018239179254462,-0.22476625471523093,-1.2845060299256976,1766201810.656091
0.4481620490550995,-1.5602710247039795,1.863335371017456,-3.008834464895469,-0.21629638444427848,-1.2932685884924477,1766201810.6561182
0.4428691267967224,-1.5525076389312744,1.8630090951919556,-3.006399405254342,-0.21669188760759478,-1.2968937345014018,1766201810.6661208
0.437281996011734,-1.5444704294204712,1.862574577331543,-3.0128202035574594,-0.2197184155460038,-1.2980580545116154,1766201810.6759942
0.43259868025779724,-1.5368189811706543,1.8629720211029053,-3.006062540003643,-0.21448586436849013,-1.301112404190633,1766201810.6861079
0.4274838864803314,-1.5288671255111694,1.8631408214569092,-3.0030793943013885,-0.21363012458051608,-1.3041703320335045,1766201810.6960745
0.4224095940589905,-1.52065908908844,1.863520622253418,-2.996014999075539,-0.21009939857589785,-1.312560572677817,1766201810.7060547
0.4168251156806946,-1.5126615762710571,1.8641886711120605,-3.003455451622732,-0.21164573844341697,-1.3106090422523609,1766201810.706064
0.41175195574760437,-1.5042654275894165,1.8649156093597412,-2.997627194840442,-0.2119078972710137,-1.317624468445158,1766201810.7160587
0.40580621361732483,-1.49583899974823,1.8656917810440063,-3.0056600161176275,-0.21520908281764886,-1.3139651479445649,1766201810.7261488
0.4012657403945923,-1.4876387119293213,1.8670722246170044,-2.997908382672476,-0.21221447835674423,-1.3247618585830403,1766201810.736136
0.3963797092437744,-1.4793225526809692,1.868259310722351,-2.991609669935814,-0.21236626025589553,-1.3326179471639523,1766201810.7461479
0.390763521194458,-1.4708648920059204,1.8697402477264404,-2.9965343995251006,-0.21438664031011256,-1.3318239656074533,1766201810.7561386
0.38675031065940857,-1.4621788263320923,1.8710356950759888,-2.9818854876128595,-0.21217864855867816,-1.3494489820395388,1766201810.766161
0.3793090283870697,-1.4546291828155518,1.872336983680725,-2.999596611525118,-0.21721713666248516,-1.3197314560148266,1766201810.7661867
0.3762165904045105,-1.4461404085159302,1.8738491535186768,-2.996138571191381,-0.21511097389844802,-1.3460423971022386,1766201810.776065
0.3695819675922394,-1.4383010864257812,1.8751800060272217,-2.9930806872940843,-0.2106655824892101,-1.326958963243593,1766201810.7861414
0.36497417092323303,-1.4302109479904175,1.876348853111267,-3.0039130801297174,-0.21667851201126484,-1.328542839259998,1766201810.7961526
0.36070895195007324,-1.4220991134643555,1.877524495124817,-3.0033407319688905,-0.21848690337140494,-1.3368762730352777,1766201810.8061662
0.35631343722343445,-1.4141149520874023,1.8788681030273438,-2.99691700099673,-0.2161161970339655,-1.3390913322661298,1766201810.8161402
0.35153961181640625,-1.4060380458831787,1.8805516958236694,-2.9784515655416346,-0.20345012586633224,-1.3360284656848416,1766201810.8161657
0.3481385111808777,-1.3980611562728882,1.8822569847106934,-2.961726512354499,-0.19992920999141137,-1.354232346888552,1766201810.8261073
0.34571728110313416,-1.3889986276626587,1.8826383352279663,-2.974773815722127,-0.21436643368899425,-1.3833569486106376,1766201810.8361402
0.33960846066474915,-1.3820295333862305,1.8845152854919434,-2.96684880196194,-0.20305307428327857,-1.3528624586331643,1766201810.8461592
0.33886972069740295,-1.3729360103607178,1.8858321905136108,-2.9490825016023434,-0.1971466105091806,-1.388851585689167,1766201810.8561366
0.33576175570487976,-1.3650436401367188,1.887369990348816,-2.9580229073923334,-0.19603777514510853,-1.3893591891038757,1766201810.856162
0.330424427986145,-1.3572911024093628,1.8879095315933228,-2.9884053433846898,-0.21271299779151034,-1.3694135990942276,1766201810.8660717
0.32687437534332275,-1.348969578742981,1.889445424079895,-2.979586529412049,-0.2066125759640834,-1.3703030886125183,1766201810.886141
0.32473695278167725,-1.3407245874404907,1.8904309272766113,-2.9872471339673514,-0.20593178542039567,-1.3689286293162994,1766201810.886167
0.32186171412467957,-1.3324017524719238,1.8919752836227417,-2.9907544425050108,-0.21295551231458246,-1.3897855431060666,1766201810.8960516
0.3189598321914673,-1.324154257774353,1.8932726383209229,-2.9923014340149012,-0.21428976002843284,-1.3946906347629366,1766201810.9061337
0.3159722685813904,-1.3156847953796387,1.8949123620986938,-2.984372690897468,-0.2074287438903635,-1.3951608734237273,1766201810.9061599
0.31405219435691833,-1.3073294162750244,1.8962664604187012,-2.9904262376810014,-0.2125207888869337,-1.4084756072717044,1766201810.9160964
0.3116046190261841,-1.2987357378005981,1.8976621627807617,-2.996796092170382,-0.21364890859016006,-1.4145468751516657,1766201810.9261365
0.3073367774486542,-1.2819215059280396,1.9002528190612793,-2.996635121812583,-0.21573174775425308,-1.4297159537973971,1766201810.9461002
0.3050115704536438,-1.2734144926071167,1.9014326333999634,-3.0015834469127864,-0.21809752283739203,-1.4371043622921928,1766201810.95613
0.3030344843864441,-1.264880895614624,1.9035661220550537,-2.962632315336347,-0.19945492975815035,-1.4487011990686758,1766201810.9561555
0.30178728699684143,-1.2563865184783936,1.9034191370010376,-3.007607383073706,-0.21458796624304424,-1.445333824206648,1766201810.9661455
0.29987528920173645,-1.2478090524673462,1.904219627380371,-3.01369506148785,-0.21728538747421336,-1.4491182535307754,1766201810.9761267
0.29944759607315063,-1.239264965057373,1.9053730964660645,-3.011336340819254,-0.22028769378343982,-1.4831660135503812,1766201810.9861639
0.2970806658267975,-1.2308368682861328,1.9060230255126953,-3.0184374725578347,-0.21949843922820564,-1.485277807389758,1766201810.9961586
0.29612255096435547,-1.222190499305725,1.906246304512024,-3.0247038324256565,-0.21843680705290192,-1.4866789285757487,1766201811.0060768
0.2939659059047699,-1.2137516736984253,1.9066400527954102,-3.026295855174142,-0.21702338550846284,-1.4862550821851541,1766201811.0061042
0.29325786232948303,-1.2055797576904297,1.9073880910873413,-3.044323182768879,-0.21626853550506214,-1.4984872683605868,1766201811.0160067
0.2845984101295471,-1.171420931816101,1.9064574241638184,-3.0445370675373673,-0.21282913339159104,-1.5000700367646713,1766201811.0560925
0.28293731808662415,-1.1627317667007446,1.9058634042739868,-3.045532912300025,-0.21303424406536883,-1.5045264491670454,1766201811.056108
0.28052160143852234,-1.15444016456604,1.905582070350647,-3.0437842531575017,-0.2207619807023038,-1.5245157820874198,1766201811.0660827
0.28159502148628235,-1.1444997787475586,1.904688835144043,-3.006199071948381,-0.19257302625811104,-1.5299588688560117,1766201811.076157
0.2784019112586975,-1.1364871263504028,1.9032514095306396,-3.0532831814893533,-0.21610538923684408,-1.5221235011314755,1766201811.0861366
0.2783525884151459,-1.1269906759262085,1.9024333953857422,-3.0156683890502967,-0.20042435020900887,-1.543201011831693,1766201811.0960798
0.275289386510849,-1.1098501682281494,1.8995760679244995,-3.039047518717986,-0.21436900526379046,-1.557279395990309,1766201811.1061146
0.27319929003715515,-1.1009117364883423,1.8989304304122925,-3.0228243482749706,-0.21380019520112223,-1.5744878670723097,1766201811.1261306
0.2708415985107422,-1.0827256441116333,1.8950222730636597,-3.028114038912718,-0.20887425806854595,-1.5708160695141846,1766201811.1361675
0.26719000935554504,-1.074929118156433,1.8937697410583496,-3.0426204262733747,-0.22165234309945714,-1.5755667156851656,1766201811.14613
0.2674385607242584,-1.0656179189682007,1.8917603492736816,-3.0252914190265283,-0.21823506305417537,-1.5993478241687487,1766201811.156136
0.26685845851898193,-1.056946039199829,1.8891757726669312,-3.046472857125846,-0.21944494674594145,-1.5925878074609356,1766201811.1561618
0.2653549909591675,-1.0479060411453247,1.8873921632766724,-3.029383601356029,-0.21420483791205996,-1.604297318331495,1766201811.1660602
0.2637399137020111,-1.0400471687316895,1.885379433631897,-3.0419462780938225,-0.22513128080943934,-1.6179389612836181,1766201811.1760268
0.26253196597099304,-1.0311306715011597,1.8833807706832886,-3.036024683359459,-0.2163711743669965,-1.6221576282613008,1766201811.1860406
0.2613803744316101,-1.0232571363449097,1.8810805082321167,-3.0455046682440705,-0.2230533521516604,-1.63329662456398,1766201811.1960762
0.25867053866386414,-1.0144872665405273,1.8794177770614624,-3.0544321257938334,-0.21452224403600173,-1.6155415730229117,1766201811.206183
0.2592233419418335,-1.0051401853561401,1.876755714416504,-3.0445183998971808,-0.20308137478263388,-1.6162865667891437,1766201811.20621
0.25633469223976135,-0.9969815015792847,1.8750382661819458,-3.052998149195309,-0.20443746738932564,-1.611901114511691,1766201811.2160664
0.25646960735321045,-0.9883710741996765,1.872671127319336,-3.035692795106151,-0.20349701270740578,-1.6414552909759919,1766201811.2261002
0.2554134130477905,-0.9797117114067078,1.8704919815063477,-3.0369450755792977,-0.2018549269647529,-1.645841773342072,1766201811.2360606
0.2542840838432312,-0.9711318612098694,1.8684629201889038,-3.036628265524963,-0.20004261007087662,-1.6470008722615281,1766201811.2461472
0.25317075848579407,-0.9626956582069397,1.8666223287582397,-3.0354535394768765,-0.20024095222375732,-1.6506645291200166,1766201811.2561283
0.2520431578159332,-0.9540402889251709,1.8649400472640991,-3.035685621953838,-0.19957542494855776,-1.6546548526491338,1766201811.2661376
0.2506963312625885,-0.9369402527809143,1.8614801168441772,-3.057773516939628,-0.2067964792316041,-1.6654553633665283,1766201811.2761526
0.2494276612997055,-0.9277234673500061,1.8602104187011719,-3.041262273720252,-0.19536386930217764,-1.6641670133240363,1766201811.2961383
0.24858783185482025,-0.9189432263374329,1.8589602708816528,-3.0394190119529836,-0.1938514018852401,-1.666962425604899,1766201811.2961628
0.24768513441085815,-0.9101920127868652,1.8580245971679688,-3.0433807188484643,-0.19294129880296085,-1.66708397479677,1766201811.3061588
0.24589653313159943,-0.901594340801239,1.8576279878616333,-3.0546574286937287,-0.1941360591726681,-1.6570837446605975,1766201811.3061888
0.24585342407226562,-0.8926191926002502,1.856827735900879,-3.0365039748306,-0.19430962380553712,-1.6678909406646747,1766201811.3160727
0.2454432249069214,-0.8830930590629578,1.857033610343933,-3.0347035867671863,-0.19178574082993013,-1.6790073063465192,1766201811.3260915
0.24455894529819489,-0.8739778995513916,1.8575299978256226,-3.0363293367179125,-0.19294718367385968,-1.6819700803053164,1766201811.3360734
0.24434219300746918,-0.8651973605155945,1.8578925132751465,-3.05234420123613,-0.20359067354689347,-1.68998972889826,1766201811.346045
0.2435624599456787,-0.8561902046203613,1.8589388132095337,-3.0596994891836706,-0.20462816720531746,-1.6928305421856256,1766201811.356117
0.2426806390285492,-0.8469276428222656,1.8597363233566284,-3.064643528044375,-0.20846552084836315,-1.6959074897011002,1766201811.356133
0.2415236234664917,-0.8377106785774231,1.8610663414001465,-3.057892124557913,-0.1986058852675885,-1.6910457299397337,1766201811.3661475
0.24078890681266785,-0.8288533091545105,1.8622369766235352,-3.0574308230148177,-0.1975801880194916,-1.6954155964515933,1766201811.3760211
0.24044324457645416,-0.8204424381256104,1.8629562854766846,-3.0744680207724526,-0.2116739687216275,-1.705537942956375,1766201811.3861537
0.23947075009346008,-0.8117930293083191,1.8640685081481934,-3.075762358839745,-0.21470936696816637,-1.7073516331807377,1766201811.3961523
0.23827272653579712,-0.802545964717865,1.8656773567199707,-3.050589511796614,-0.20422833243353675,-1.7079358970612912,1766201811.406138
0.23726487159729004,-0.7945607304573059,1.8666528463363647,-3.0718818873372586,-0.22072789828067765,-1.713922601705424,1766201811.4061656
0.23587143421173096,-0.7858760952949524,1.8687677383422852,-3.0480847499127726,-0.20737822445791498,-1.712918234918507,1766201811.4161544
0.2346910536289215,-0.7781245112419128,1.8700369596481323,-3.0706447667463697,-0.2235118042652309,-1.7173897097994788,1766201811.4261434
0.233296737074852,-0.7695131301879883,1.8723455667495728,-3.0457228733516124,-0.20788461988060417,-1.716514994405806,1766201811.436136
0.23170557618141174,-0.7618797421455383,1.874266266822815,-3.0497994052257247,-0.20785099210565408,-1.7182584378352692,1766201811.4461577
0.23043851554393768,-0.7543771862983704,1.8755970001220703,-3.079891407247059,-0.22464247671220192,-1.7219063027025245,1766201811.4561522
0.22858214378356934,-0.7467136383056641,1.8778232336044312,-3.0767650146219476,-0.21964844531536104,-1.720015711479575,1766201811.4561791
0.22713467478752136,-0.739159345626831,1.8795822858810425,-3.0851432349743093,-0.22509343545517832,-1.7251779340711155,1766201811.4660718
0.22561830282211304,-0.7315154671669006,1.8814500570297241,-3.0808818224788874,-0.22414162358700393,-1.7300100247401227,1766201811.4761496
0.2236451804637909,-0.7236728072166443,1.8843040466308594,-3.0497696504782406,-0.19961057610105096,-1.7230767653195214,1766201811.4861646
0.22197231650352478,-0.7166118621826172,1.8857332468032837,-3.075607022303712,-0.21565846318186652,-1.7298193848983061,1766201811.4961514
0.21981409192085266,-0.7090216279029846,1.8881717920303345,-3.0504548425679907,-0.1990249840703807,-1.7275400230648437,1766201811.5061855
0.21815073490142822,-0.701867401599884,1.8895573616027832,-3.0692220533171755,-0.21015719560312948,-1.7311259680975153,1766201811.5062118
0.21641582250595093,-0.6944912075996399,1.8913370370864868,-3.0678720486261613,-0.2079443630436154,-1.7319574584640323,1766201811.5160525
0.21461984515190125,-0.6866946816444397,1.8934227228164673,-3.0418979979881846,-0.19304783095922964,-1.7355153166170274,1766201811.5261455
0.21259713172912598,-0.6796026825904846,1.8949894905090332,-3.042847422712945,-0.19314502766802474,-1.7367881957871805,1766201811.5361388
0.21049997210502625,-0.6726541519165039,1.8961035013198853,-3.0639965586642264,-0.20526615732024842,-1.7356065833849195,1766201811.5461602
0.20875930786132812,-0.6650760173797607,1.8978224992752075,-3.0410775863167854,-0.190423237847215,-1.7357527549322245,1766201811.55615
0.20662210881710052,-0.6578765511512756,1.8989429473876953,-3.04360506325798,-0.1923937425644931,-1.7365987836142134,1766201811.5661087
0.20452189445495605,-0.6507620811462402,1.9003626108169556,-3.041178468357611,-0.18885380372766053,-1.7348806232007061,1766201811.566188
0.20162062346935272,-0.644027054309845,1.9016321897506714,-3.0491227469100415,-0.18916627648583617,-1.7213468380670396,1766201811.5760927
0.20045135915279388,-0.6363670229911804,1.9023953676223755,-3.037322644130043,-0.1859602186404726,-1.7351157288749428,1766201811.5860522
0.198674738407135,-0.6292276978492737,1.9027906656265259,-3.050546638182509,-0.19662650744821325,-1.7394402022038407,1766201811.596059
0.1965380311012268,-0.6217629909515381,1.9037961959838867,-3.0336407705293285,-0.18452467329963954,-1.735601033629925,1766201811.6061463
0.19458693265914917,-0.6146811842918396,1.9040155410766602,-3.0506275421717173,-0.19602851031679752,-1.7394060305537864,1766201811.6061728
0.1924486756324768,-0.6072914600372314,1.905019760131836,-3.0316865189930944,-0.1839883651964087,-1.739973105796313,1766201811.6160657
0.1903020590543747,-0.6003811359405518,1.905171513557434,-3.0488324883624767,-0.1941357653652412,-1.7386769604977912,1766201811.6261337
0.1884450763463974,-0.5929979681968689,1.90554678440094,-3.038103026190684,-0.188475563683892,-1.7419106546824665,1766201811.6361508
0.18609783053398132,-0.5857639908790588,1.9056555032730103,-3.049984078828076,-0.19377617895124793,-1.737182386280059,1766201811.6461585
0.18405823409557343,-0.5782362818717957,1.9061923027038574,-3.0252304095711304,-0.18190967422323082,-1.740262550682417,1766201811.6561327
0.18178074061870575,-0.5710031390190125,1.9062457084655762,-3.0275924499406583,-0.18361105115038848,-1.7406581362981661,1766201811.6561594
0.17964422702789307,-0.5637421607971191,1.9063409566879272,-3.024754435952943,-0.18102505483688522,-1.7417255340773872,1766201811.6661272
0.17680947482585907,-0.5573247075080872,1.9061423540115356,-3.019772699778519,-0.18197379550968654,-1.7289182259800067,1766201811.6761487
0.17521029710769653,-0.5493795275688171,1.905918002128601,-3.029854845574262,-0.18565387864452615,-1.7460719200587114,1766201811.6861389
0.172621950507164,-0.5427594780921936,1.905699610710144,-3.015572051617046,-0.18241010949602426,-1.7381671986362017,1766201811.706148
0.16735388338565826,-0.528481125831604,1.9049975872039795,-3.029585121891074,-0.18773597336851322,-1.7361205726784694,1766201811.7061975
0.16573786735534668,-0.5207319855690002,1.9044116735458374,-3.0188077109755453,-0.1822458759584067,-1.752279811200281,1766201811.7160609
0.16335847973823547,-0.5137276649475098,1.903763771057129,-3.0250463274699335,-0.18596564544831684,-1.7542590063724919,1766201811.726137
0.16146068274974823,-0.5066124796867371,1.9029629230499268,-3.0224801412090914,-0.17761911238025235,-1.7435292348292348,1766201811.7361207
0.15827131271362305,-0.49985191226005554,1.9022949934005737,-3.0241615374105213,-0.18660641485284898,-1.7599101500617869,1766201811.7461472
0.15509344637393951,-0.4937412440776825,1.9017434120178223,-3.0051621436798355,-0.18011441698141029,-1.7451808917317198,1766201811.7561162
0.15264101326465607,-0.4870684742927551,1.9007946252822876,-3.0135486272865637,-0.18433809339158716,-1.7505372195986244,1766201811.7661397
0.14989620447158813,-0.4800345301628113,1.9001352787017822,-3.0345867082722733,-0.18494610507822679,-1.7445649919075354,1766201811.766164
0.14789575338363647,-0.4734537601470947,1.898759365081787,-3.017605885549574,-0.17932823708452117,-1.7417847012879462,1766201811.7760663
0.14417782425880432,-0.46673470735549927,1.8984763622283936,-3.0326684578954324,-0.18420545162642762,-1.7557850713998575,1766201811.7861464
0.14213834702968597,-0.460114985704422,1.8971742391586304,-3.015579797736973,-0.18280392760390668,-1.7645858346821268,1766201811.7961273
0.13862530887126923,-0.45351436734199524,1.8966346979141235,-3.033888898296524,-0.18351781747514823,-1.760644368480341,1766201811.806097
0.1358753740787506,-0.44704729318618774,1.8955336809158325,-3.025253589413054,-0.18150937939429118,-1.763796263068779,1766201811.8061237
0.1329411417245865,-0.4404703974723816,1.894689917564392,-3.035522282555449,-0.18320184235054446,-1.7669279322051759,1766201811.8160138
0.13001999258995056,-0.4341164529323578,1.8937857151031494,-3.0338497181757447,-0.18074885543076458,-1.768619417674159,1766201811.8260946
0.12704814970493317,-0.4277068078517914,1.8927907943725586,-3.035914772333193,-0.18317991465524716,-1.7724124486198345,1766201811.8360732
0.1248590499162674,-0.42121946811676025,1.8916358947753906,-3.037049397383939,-0.175844122041458,-1.7598121973183738,1766201811.8461058
0.12096583098173141,-0.41503554582595825,1.8910571336746216,-3.032936633887875,-0.18100662287545916,-1.7760504554710645,1766201811.8560624
0.11796649545431137,-0.4087837338447571,1.8904075622558594,-3.0302695177954053,-0.18179281126417274,-1.7789361751681967,1766201811.8560886
0.11496202647686005,-0.4025004804134369,1.8898307085037231,-3.0276137871241087,-0.18050191309852096,-1.7811134902011967,1766201811.866148
0.11187167465686798,-0.39625129103660583,1.8893896341323853,-3.0262832424220067,-0.1797943230926762,-1.7830410438696458,1766201811.8760517
0.10948271304368973,-0.3899175822734833,1.8889155387878418,-3.0290375703468784,-0.17540867476826438,-1.7709945266177454,1766201811.886064
0.10561992973089218,-0.38387832045555115,1.8892316818237305,-3.023291298782092,-0.1817560532478617,-1.7900716197062025,1766201811.8961532
0.10263017565011978,-0.377684086561203,1.8895338773727417,-3.021402248955649,-0.18214457544746493,-1.7923052823803955,1766201811.9060876
0.09967215359210968,-0.37147292494773865,1.890020728111267,-3.020873480531845,-0.1820567961857496,-1.7949997990716844,1766201811.9062176
0.09721243381500244,-0.36506134271621704,1.890355110168457,-3.028497448547293,-0.17876529142128186,-1.7783163905795143,1766201811.9159997
0.093910351395607,-0.3591579794883728,1.8915150165557861,-3.0252082358593264,-0.18449992333236592,-1.800785298237259,1766201811.9260027
0.09097541868686676,-0.3530741035938263,1.8924944400787354,-3.0256404632743767,-0.18715494157280754,-1.802897578944587,1766201811.936004
0.0881594717502594,-0.34705811738967896,1.8936060667037964,-3.0272788376964934,-0.18986442485311303,-1.8061588582603763,1766201811.9461672
0.08609164506196976,-0.3409063518047333,1.8945398330688477,-3.029741252648602,-0.18603389085452418,-1.7923174239800073,1766201811.9561145
0.08323578536510468,-0.33507880568504333,1.8957934379577637,-3.0287020610956144,-0.18834447638839916,-1.7956874133537915,1766201811.9660003
0.07992503046989441,-0.329743891954422,1.897345781326294,-3.023422840027741,-0.19494629214690637,-1.8165400178590574,1766201811.9660153
0.07735420018434525,-0.32433420419692993,1.8985151052474976,-3.0147741771223666,-0.19566240488917122,-1.8192678560833988,1766201811.976019
0.07460513710975647,-0.3190212547779083,1.899962306022644,-3.02249070187291,-0.19817008547741596,-1.8212360803314769,1766201811.9861753
0.07197091728448868,-0.3139287233352661,1.90121591091156,-3.0230053219052286,-0.1978188263941725,-1.8223151483811753,1766201811.9961374
0.07002207636833191,-0.30878788232803345,1.9022009372711182,-3.0242889341584593,-0.19038398772388698,-1.8061130933157241,1766201812.0060878
0.06743559241294861,-0.3046208918094635,1.9033149480819702,-2.998403271569389,-0.19135530188566927,-1.8271177902562612,1766201812.0160627
0.06501705944538116,-0.30000126361846924,1.9045006036758423,-2.9983146217418812,-0.18885313991545927,-1.8281397241763315,1766201812.0160716
0.06290528178215027,-0.294991135597229,1.9057815074920654,-3.0221409099453793,-0.18206686688898208,-1.8115549616705435,1766201812.0261507
0.06138931214809418,-0.29016098380088806,1.906857967376709,-3.019859163826247,-0.17834763778722693,-1.8231881291251624,1766201812.0359957
0.05837375298142433,-0.2865174412727356,1.9079259634017944,-2.9999350508180793,-0.179444666512196,-1.8288572374521193,1766201812.0461364
0.056686755269765854,-0.2818254232406616,1.9089030027389526,-3.0014040291278277,-0.1763804867912209,-1.835199735261772,1766201812.056093
0.05473330244421959,-0.2774481475353241,1.9099019765853882,-3.0036168772445695,-0.17479494882090288,-1.8372933995763279,1766201812.0561187
0.052774038165807724,-0.2726433277130127,1.9110559225082397,-3.0216768823253912,-0.17548299806566184,-1.8401003724530012,1766201812.0661538
0.05102967470884323,-0.2682003080844879,1.9118549823760986,-3.0228997410516034,-0.17500673096345887,-1.842558017085711,1766201812.0760548
0.04946216195821762,-0.2641681432723999,1.9123215675354004,-3.0025341835662904,-0.17280909352016244,-1.8448041476735724,1766201812.086125
0.04846217483282089,-0.2597332298755646,1.9129458665847778,-3.0082153870055826,-0.17036897831366588,-1.8320281643527465,1766201812.096147
0.04698828607797623,-0.2553694248199463,1.9135257005691528,-3.006689750236969,-0.16781697569248577,-1.8333359640387503,1766201812.1061034
0.04529976472258568,-0.2505929172039032,1.9145206212997437,-3.0238139095472123,-0.17249941683648656,-1.8392092987994588,1766201812.1161337
0.04331429675221443,-0.24680255353450775,1.9149671792984009,-3.0053175161052335,-0.17479934145197618,-1.85363370419112,1766201812.116221
0.042623121291399,-0.24228310585021973,1.9152482748031616,-3.006864797122978,-0.1718700981224649,-1.8445036521196339,1766201812.1260731
0.04063434526324272,-0.2382107526063919,1.9158800840377808,-3.0040656462096216,-0.1778192859425847,-1.8607409146842475,1766201812.1360853
0.03947438672184944,-0.23388434946537018,1.9162880182266235,-3.0062325822064735,-0.17984877686116868,-1.8593420313935147,1766201812.1460156
0.038208115845918655,-0.229670450091362,1.9166622161865234,-3.005387090945379,-0.1804945333933089,-1.8623768020344134,1766201812.156028
0.03696079179644585,-0.22555311024188995,1.9169374704360962,-3.0033502626205206,-0.1813184814046575,-1.8644103637909804,1766201812.1560404
0.03565606847405434,-0.2214871197938919,1.917325496673584,-2.9990222186987876,-0.1795572483379694,-1.865282499848059,1766201812.1661189
0.03450697287917137,-0.2174474447965622,1.9175471067428589,-3.0005942557657375,-0.18034386815289472,-1.8657100722919346,1766201812.176073
0.03327355906367302,-0.2135602980852127,1.9177848100662231,-3.0011060599923844,-0.18105417010507208,-1.8668207199974078,1766201812.186077
0.03214222192764282,-0.20975470542907715,1.917938232421875,-3.0054611625590333,-0.18476008033277994,-1.870772771539024,1766201812.1961386
0.030842026695609093,-0.20606710016727448,1.9181793928146362,-3.0034980485863554,-0.18595983622463327,-1.87347092272581,1766201812.2061212
0.029586272314190865,-0.20234344899654388,1.9182758331298828,-3.000716475001306,-0.18642806394933706,-1.8764115342571774,1766201812.2161076
0.028460273519158363,-0.19874203205108643,1.9184236526489258,-2.9999556441709374,-0.18614838945053697,-1.8776754396955078,1766201812.2161334
0.027213221415877342,-0.19508357346057892,1.91863214969635,-2.9957723556809754,-0.18224839313144245,-1.8774090367601144,1766201812.2260687
0.026128962635993958,-0.1915198564529419,1.9186029434204102,-2.9998007977063765,-0.1859034359938802,-1.8796874202823683,1766201812.236031
0.024858392775058746,-0.18798740208148956,1.918721079826355,-2.9930538384654466,-0.18307083791699197,-1.8785686453586428,1766201812.24611
0.023958364501595497,-0.18426738679409027,1.918637752532959,-3.0017560513127983,-0.18672559411773762,-1.8879068061148252,1766201812.256131
0.022671738639473915,-0.1811099499464035,1.9186111688613892,-2.999037131555718,-0.18888336328265828,-1.8842742479735095,1766201812.256158
0.021595150232315063,-0.17767779529094696,1.9185832738876343,-2.9961864241725937,-0.1884501644486952,-1.8832468330934613,1766201812.2660732
0.02076783962547779,-0.173823744058609,1.9187103509902954,-2.9923148558255956,-0.18563668967991906,-1.883302128942654,1766201812.2761188
0.020451944321393967,-0.17036812007427216,1.9182591438293457,-3.0032418319465517,-0.1849597120631792,-1.872816407145405,1766201812.2861063
0.018817994743585587,-0.1673562228679657,1.918205738067627,-2.9939733036977425,-0.19096694900683533,-1.8810755821252994,1766201812.296109
0.01794729381799698,-0.16398969292640686,1.9182461500167847,-3.001477954625897,-0.1929883084852174,-1.882059595578711,1766201812.3060849
0.016712768003344536,-0.16125769913196564,1.917980670928955,-2.9947175351768998,-0.1936110510734503,-1.8757075705758126,1766201812.3160973
0.015687568113207817,-0.1582193821668625,1.917893886566162,-2.9805520852786773,-0.1887359897910302,-1.873219675999871,1766201812.3161232
0.015375390648841858,-0.15491458773612976,1.917299747467041,-2.9911342004190864,-0.18967993306057868,-1.86777887469573,1766201812.3260448
0.013860265724360943,-0.15240155160427094,1.9172407388687134,-2.987178509988814,-0.19473343673793744,-1.8717736186739837,1766201812.336175
0.012828592211008072,-0.14952024817466736,1.917097568511963,-2.977162918954698,-0.1913244330522266,-1.8695404974719578,1766201812.3461652
0.011779304593801498,-0.14651645720005035,1.9172449111938477,-3.0065313393044186,-0.1979489131914847,-1.8688092079805916,1766201812.35615
0.011004305444657803,-0.1441475749015808,1.91677725315094,-2.973047559163222,-0.19180601605902844,-1.864227043332733,1766201812.3561764
0.009365318343043327,-0.1416478306055069,1.916926622390747,-2.984413328388242,-0.19408576189818993,-1.853969674596165,1766201812.3661504
0.01000103261321783,-0.13878987729549408,1.916243076324463,-2.977987958691376,-0.19096639982872127,-1.8490680608666095,1766201812.3761606
0.007878168486058712,-0.13643348217010498,1.9169939756393433,-2.9811309281770337,-0.19521143029069707,-1.8476152733768552,1766201812.3861663
0.008163072168827057,-0.13365769386291504,1.9165672063827515,-2.9760675967480013,-0.19647029808965139,-1.8537756895969957,1766201812.3961627
0.006789397448301315,-0.1313888430595398,1.9167925119400024,-2.9875448755203537,-0.19941248698942093,-1.8439149938431096,1766201812.4061515
0.006895219441503286,-0.12888269126415253,1.9165267944335938,-2.976465980577965,-0.20009317872313503,-1.851227993349822,1766201812.4061785
0.00605449452996254,-0.12661811709403992,1.91665780544281,-2.999181750931764,-0.19950557976085925,-1.8311397251299728,1766201812.4160662
0.004882970824837685,-0.1244058609008789,1.9170762300491333,-2.982145234793665,-0.1955025073900124,-1.8355583056154348,1766201812.4261694
0.0047060707584023476,-0.11774488538503647,1.9157932996749878,-2.970588118009403,-0.1982867161149794,-1.8315960781914178,1766201812.4561424
0.0036745481193065643,-0.11589714884757996,1.9158883094787598,-2.9824955985935206,-0.20167615155477964,-1.821205806815412,1766201812.456167
0.004080557730048895,-0.11338497698307037,1.9156508445739746,-2.9670734989315486,-0.19540937103874018,-1.8278094976889057,1766201812.466133
0.002561728237196803,-0.11175161600112915,1.9157016277313232,-2.988426978420343,-0.2039300366289093,-1.813502202643642,1766201812.476054
0.0027339295484125614,-0.11007091403007507,1.9154243469238281,-2.980990901531297,-0.20300401286752978,-1.8107652729432013,1766201812.4860585
0.003246935550123453,-0.1077737957239151,1.9150484800338745,-2.9713015597692873,-0.20215774601470948,-1.8220143377279239,1766201812.4961264
0.001963317161425948,-0.10641859471797943,1.9153680801391602,-2.978420024373912,-0.2016781292288064,-1.803355015945463,1766201812.5061817
0.002136744325980544,-0.10481563955545425,1.9151122570037842,-2.9682573558480576,-0.2007261963199441,-1.8053084829271797,1766201812.5062075
0.0023197222035378218,-0.10316146910190582,1.9150142669677734,-2.9643376526907255,-0.19722493419079318,-1.8008590801417113,1766201812.5160637
0.0024756956845521927,-0.10007655620574951,1.9141582250595093,-2.9934602992365686,-0.22099725097018308,-1.8038812602941137,1766201812.5361366
0.002042782958596945,-0.09851745516061783,1.9150460958480835,-2.9679069225017436,-0.20386101547547225,-1.80414559702196,1766201812.5461466
0.0034235494676977396,-0.09687896072864532,1.9143048524856567,-2.955037794582215,-0.20456789545064957,-1.8100536867485855,1766201812.5561414
0.002863292582333088,-0.09550618380308151,1.9146252870559692,-2.9797438790876294,-0.20955770161946674,-1.795484052613257,1766201812.5561678
0.0026780550833791494,-0.09440691024065018,1.9149028062820435,-2.9757290836608767,-0.21638876086675862,-1.8130781378205805,1766201812.566075
0.0036081562284380198,-0.09286697953939438,1.9146544933319092,-2.974278279201334,-0.2083598442289041,-1.7952945843633334,1766201812.5761716
0.004764041397720575,-0.09055807441473007,1.9141318798065186,-2.976281983913629,-0.2158996440950093,-1.8020419822236808,1766201812.59615
0.00535790529102087,-0.08931422233581543,1.9139931201934814,-2.9831997994058415,-0.22082041682772507,-1.8030800128891082,1766201812.6061487
0.005220172461122274,-0.0883864015340805,1.9144593477249146,-2.9667982867138996,-0.20959208751204758,-1.796699502126142,1766201812.6061735
0.006352535914629698,-0.08733013272285461,1.9141273498535156,-2.9637718111326206,-0.21260937822844905,-1.8068451352836379,1766201812.6261575
0.006872266530990601,-0.08636192977428436,1.914086103439331,-2.9641624294203908,-0.21052663749128359,-1.8048320462119352,1766201812.626184
0.006422389764338732,-0.08557594567537308,1.9145199060440063,-2.9711229453052,-0.20948001165001198,-1.797973971048216,1766201812.6360297
0.006799599621444941,-0.08469289541244507,1.9145222902297974,-2.9725899374286926,-0.2093127495029835,-1.7960350042755648,1766201812.6461344
0.0072187623009085655,-0.08403150737285614,1.9142791032791138,-2.9929728612032505,-0.22935410359385786,-1.8162287319736885,1766201812.6560566
0.008079600520431995,-0.08217646181583405,1.9145954847335815,-2.9748921162116075,-0.20817218993471964,-1.79639659292436,1766201812.6660647
0.009225642308592796,-0.081189826130867,1.9141415357589722,-2.968386691167774,-0.21025021294274188,-1.8078213776762782,1766201812.6760788
0.00966399535536766,-0.08034052699804306,1.914279818534851,-2.961857203840566,-0.2055274527987148,-1.8064779959911634,1766201812.6860862
0.00916121993213892,-0.07960287481546402,1.9146591424942017,-2.985450730601035,-0.20874282703933722,-1.7936392532317018,1766201812.6961539
0.00973358005285263,-0.07874500751495361,1.914509654045105,-2.9863550169057764,-0.20733702848807714,-1.7922228737386643,1766201812.7061608
0.010712221264839172,-0.07787969708442688,1.9138669967651367,-3.009762272259278,-0.22339293559939735,-1.7997508094430046,1766201812.7161326
0.01062973216176033,-0.07709395885467529,1.9142974615097046,-2.979367168307394,-0.21009805509494028,-1.7991487864335896,1766201812.7261536
0.011018984019756317,-0.07627879828214645,1.914232611656189,-2.97932440793918,-0.21038072445731754,-1.7999768350585414,1766201812.7261777
0.012958209961652756,-0.07455511391162872,1.9128704071044922,-3.0068564843686563,-0.23388322671260217,-1.8120649587657809,1766201812.746136
0.012155713513493538,-0.07378429919481277,1.9139562845230103,-2.992107540577892,-0.21493428675731455,-1.7963959738599518,1766201812.7561533
0.012632578611373901,-0.07312099635601044,1.9133210182189941,-3.0172525962948202,-0.23149242274174625,-1.799328030095292,1766201812.7661731
0.013695050962269306,-0.07220003008842468,1.9137322902679443,-2.9670353980919093,-0.21179556301111657,-1.8110867655656093,1766201812.7661984
0.012757640331983566,-0.07174643129110336,1.9143270254135132,-2.9823836564459185,-0.21831721375634477,-1.8167390492621178,1766201812.7760258
0.014617804437875748,-0.07029136270284653,1.9130125045776367,-2.980998914576218,-0.22282841547820206,-1.8114845030974613,1766201812.7860413
0.015593605116009712,-0.06954216957092285,1.9129387140274048,-2.9793725723168203,-0.2225662976187926,-1.8172805268049828,1766201812.796135
0.015358941629529,-0.06922844797372818,1.9132658243179321,-2.964351879274996,-0.21346396255569158,-1.8147098857949557,1766201812.806127
0.015709590166807175,-0.06857985258102417,1.913183331489563,-2.964984209941547,-0.21428681337476235,-1.8152109961552703,1766201812.806153
0.016148164868354797,-0.06801813095808029,1.912325382232666,-2.9981593352915508,-0.2359456749116531,-1.8184292216996296,1766201812.8160632
0.015526451170444489,-0.06735573709011078,1.9133143424987793,-2.9859538373662664,-0.21903319656060022,-1.8033894568665265,1766201812.8261008
0.016501054167747498,-0.06690661609172821,1.9128917455673218,-2.9722538565577556,-0.2178707053402391,-1.8028586082939726,1766201812.835994
0.016785558313131332,-0.06625333428382874,1.912949562072754,-2.9798802835557763,-0.2190051595724353,-1.8031087236238768,1766201812.8461437
0.017844444140791893,-0.0656716525554657,1.9118608236312866,-3.0001405714135583,-0.24070417761016308,-1.8195152297605017,1766201812.85614
0.018276311457157135,-0.06512677669525146,1.9125871658325195,-2.9657571973787915,-0.21914611393798208,-1.8185404037789763,1766201812.8661404
0.01964527741074562,-0.0635315477848053,1.9119188785552979,-2.9833556339725344,-0.23181097307286333,-1.8202526940796686,1766201812.8861604
0.020117787644267082,-0.0630817636847496,1.9118833541870117,-2.98375503950501,-0.23188382580252126,-1.8195165928946024,1766201812.8961358
0.02038061060011387,-0.06307271122932434,1.9122159481048584,-2.973544404178634,-0.22524987359442222,-1.8208227406870763,1766201812.9061458
0.02077021822333336,-0.06274410337209702,1.9122048616409302,-2.9739557804197387,-0.22521153853573384,-1.8208690226948099,1766201812.9161556
0.021115148440003395,-0.06243034824728966,1.912198543548584,-2.9745126948764606,-0.22583392584264156,-1.8211748021137983,1766201812.9161825
0.020436018705368042,-0.06219206377863884,1.9125638008117676,-2.9966349663719596,-0.22856247013635442,-1.8074653017476543,1766201812.9261315
0.020798340439796448,-0.06194519251585007,1.9125499725341797,-2.9975096643754235,-0.2289278373659745,-1.8071031454299453,1766201812.9359882
0.021101541817188263,-0.06160147115588188,1.9126574993133545,-2.9923482035789215,-0.22606875694307801,-1.8058050579023477,1766201812.9461343
0.023647360503673553,-0.059986602514982224,1.9118130207061768,-2.987753874233257,-0.23371424708363184,-1.8188536781008589,1766201812.9861434
0.023849166929721832,-0.06011153757572174,1.9122910499572754,-2.9707622653995043,-0.22294560050460668,-1.8195531802590015,1766201812.9960945
0.024108266457915306,-0.059875816106796265,1.9122611284255981,-2.9701862268930284,-0.22302786164148283,-1.819969242966087,1766201813.0061028
0.024280061945319176,-0.059658218175172806,1.9122909307479858,-2.9697489287307195,-0.22248702478764545,-1.8186772361739445,1766201813.0061302
0.024496423080563545,-0.059500884264707565,1.912299394607544,-2.970308114085923,-0.22234489482350353,-1.8186366274717605,1766201813.0160377
0.024704700335860252,-0.059272121638059616,1.9122753143310547,-2.9693703735300843,-0.2216410912448559,-1.818358871160037,1766201813.0361888
0.02489609085023403,-0.05908127501606941,1.9122867584228516,-2.9691491966058616,-0.22134082732580437,-1.8178770309951349,1766201813.0362294
0.02507728338241577,-0.05890427529811859,1.9122881889343262,-2.968984098672599,-0.22140422191411394,-1.818054195091421,1766201813.0460682
0.025262773036956787,-0.058746084570884705,1.9122841358184814,-2.969973401487584,-0.22153251950262168,-1.8180440724059126,1766201813.056019
0.0245375856757164,-0.05860985070466995,1.912526249885559,-2.9958366728719064,-0.22797295184429373,-1.8060945548247704,1766201813.0560272
0.024661127477884293,-0.05839875712990761,1.9126983880996704,-2.989080742811076,-0.2238090576363805,-1.8042356771093377,1766201813.0660365
0.02590586058795452,-0.057602040469646454,1.9121633768081665,-2.9932115954759806,-0.23273678690599023,-1.8094270676349862,1766201813.0960867
0.026417843997478485,-0.05770963057875633,1.9116287231445312,-3.002368000578914,-0.24459611030722087,-1.8174510011915435,1766201813.1060748
0.02723792754113674,-0.05704234167933464,1.912014126777649,-2.9813202535563263,-0.23240106851116535,-1.8175346735720268,1766201813.1060967
0.027664879336953163,-0.05667971447110176,1.912084698677063,-2.979237396070886,-0.2322712905987438,-1.815924343438083,1766201813.136062
0.027538543567061424,-0.056918926537036896,1.911615014076233,-3.0044785970743013,-0.2491699456671081,-1.8157675695328606,1766201813.1360714
0.02774178981781006,-0.05616512894630432,1.9121558666229248,-2.981662444827422,-0.23478818858151326,-1.8063942196181793,1766201813.1561384
0.028592323884367943,-0.05604094639420509,1.9123331308364868,-2.978251710190833,-0.2328559021915972,-1.8102776151449784,1766201813.1561646
0.02843554876744747,-0.05609405040740967,1.9129937887191772,-2.9650274956872655,-0.2236652388550097,-1.802186231871907,1766201813.175988
0.027982693165540695,-0.05609826371073723,1.9133533239364624,-2.9767902440324017,-0.22534081888486415,-1.7897087569539052,1766201813.1860538
0.028116324916481972,-0.055845826864242554,1.913480281829834,-2.975996133599927,-0.22591941884269556,-1.789369427137413,1766201813.196132
0.02869183011353016,-0.05582433193922043,1.9129221439361572,-3.007167599797207,-0.24557273721832062,-1.7858163795357882,1766201813.2060943
0.028812747448682785,-0.05547989159822464,1.913826823234558,-2.975832649209243,-0.22522463772900905,-1.7794780315251053,1766201813.2161338
0.02907998487353325,-0.05525262653827667,1.9139864444732666,-2.9753288331928047,-0.22516280341757725,-1.775359877856197,1766201813.2161593
0.030053770169615746,-0.0549558624625206,1.9139318466186523,-2.962618058535872,-0.22312284218509254,-1.7818702892749725,1766201813.2260444
0.030234357342123985,-0.05473163351416588,1.9140706062316895,-2.961201581429827,-0.222403224567152,-1.7775317121338552,1766201813.2361503
0.030909769237041473,-0.05458729714155197,1.9131990671157837,-3.0003928304730256,-0.24896166057679234,-1.7798595085401259,1766201813.2461166
0.031175483018159866,-0.0543796643614769,1.9133172035217285,-2.999736822958502,-0.2491386963603009,-1.7756931494194415,1766201813.2561648
0.03050442971289158,-0.05429702252149582,1.9142498970031738,-2.972969843434217,-0.2392003109790147,-1.7782239182690427,1766201813.2561915
0.03125783056020737,-0.05396649241447449,1.9144941568374634,-2.9555596350300757,-0.22164273406981327,-1.7601755004568822,1766201813.2661364
0.03153225779533386,-0.05373077094554901,1.9145636558532715,-2.956032644684779,-0.22206267681098898,-1.7539618647131097,1766201813.2760258
0.031762804836034775,-0.05355802923440933,1.914637565612793,-2.955030476825625,-0.2220236297179443,-1.7482636932381186,1766201813.2860594
0.03232535719871521,-0.05285889655351639,1.9142374992370605,-2.9715258495648995,-0.235538284608308,-1.7392187438741513,1766201813.306125
0.03318510949611664,-0.05256221443414688,1.914292335510254,-2.969552259846791,-0.2352856299539385,-1.722278459846548,1766201813.3161404
0.03331128880381584,-0.05282043293118477,1.9140446186065674,-2.9977091114201326,-0.2495687450628933,-1.7153471053531828,1766201813.3261547
0.033695414662361145,-0.05271225422620773,1.9139772653579712,-2.99674217541327,-0.2502897719059107,-1.708160219557225,1766201813.3361094
0.034642141312360764,-0.05244011431932449,1.9137409925460815,-2.9864586955240777,-0.2494684162485045,-1.7061680880691028,1766201813.3461316
0.03517058491706848,-0.05232607573270798,1.9135942459106445,-2.9830970230745932,-0.24988731020938804,-1.6968311986712334,1766201813.3561068
0.03562582656741142,-0.05222558602690697,1.913469672203064,-2.9818332637033693,-0.25085455133177587,-1.688787528555051,1766201813.3661041
0.036089133471250534,-0.05210820958018303,1.9132270812988281,-2.9817190307875983,-0.2527821407919243,-1.6797158442649958,1766201813.3661306
0.03612379729747772,-0.051986660808324814,1.9135617017745972,-2.9604234632996036,-0.2440123949922785,-1.6669335560348642,1766201813.3760643
0.03675820305943489,-0.05182766914367676,1.9131745100021362,-2.961798088868939,-0.24402862907838668,-1.6523452951252584,1766201813.3861349
0.037282489240169525,-0.05183432251214981,1.9128631353378296,-2.96191193793494,-0.24612917374134669,-1.6422084018246146,1766201813.3961084
0.03726097196340561,-0.052322544157505035,1.9129282236099243,-2.9621762662409523,-0.2441745863267621,-1.6272390078696617,1766201813.406106
0.03857748955488205,-0.05234404653310776,1.9123605489730835,-2.9480014869887246,-0.24347849957459117,-1.6227342961660365,1766201813.406131
0.03915773332118988,-0.05256520211696625,1.9119879007339478,-2.9467782934408255,-0.24521833831524134,-1.6101120355269876,1766201813.4160345
0.03904671221971512,-0.05283433198928833,1.9119925498962402,-2.923992393801208,-0.23403670467320717,-1.5920362215629429,1766201813.4261153
0.0381169468164444,-0.053831443190574646,1.9120756387710571,-2.934013444634864,-0.24247852381818027,-1.5808317955692448,1766201813.4461339
0.03945451229810715,-0.053894612938165665,1.9110604524612427,-2.9488920699403165,-0.2560092054956996,-1.5740332972931352,1766201813.446161
0.04072976112365723,-0.054092153906822205,1.9104083776474,-2.93533479288273,-0.256236817813708,-1.5673231951521958,1766201813.4560618
0.040369682013988495,-0.054901283234357834,1.9100440740585327,-2.9452432209060597,-0.260327783555772,-1.5445409810345714,1766201813.45608
0.04173890873789787,-0.055055782198905945,1.909331202507019,-2.9230705891403215,-0.25642261628383306,-1.5364205958414503,1766201813.4660945
0.041613247245550156,-0.05836614593863487,1.9080990552902222,-2.9272749248218743,-0.25589899104327285,-1.4666627637181981,1766201813.4961412
0.043127939105033875,-0.06172000616788864,1.9061203002929688,-2.923087415475789,-0.2585398623319239,-1.4022159869913866,1766201813.526149
0.04362526163458824,-0.06315889209508896,1.9055548906326294,-2.9188460821260795,-0.2599769721384456,-1.3837141358688276,1766201813.5261753
0.04403223842382431,-0.06462027877569199,1.9050034284591675,-2.9173652233833383,-0.26223182206680584,-1.3640120110462985,1766201813.5360541
0.043958790600299835,-0.06623340398073196,1.9045230150222778,-2.921211427865538,-0.2657911291736844,-1.3478071817402262,1766201813.5461988
0.045204371213912964,-0.06774406880140305,1.9037470817565918,-2.920139822392731,-0.26188981557003554,-1.3095983482249052,1766201813.5561085
0.04651626572012901,-0.06909841299057007,1.9029319286346436,-2.8902681755575585,-0.25839379881596686,-1.2928839155542986,1766201813.556135
0.045515745878219604,-0.07110175490379333,1.9029455184936523,-2.9189074003951623,-0.2626314471791026,-1.2575068077354985,1766201813.5660677
0.04585500434041023,-0.0729391947388649,1.9027900695800781,-2.9119942688563025,-0.259495370198232,-1.2285713814608903,1766201813.5761318
0.04619165137410164,-0.07482331246137619,1.9023810625076294,-2.9127751711545393,-0.2624498726672169,-1.2032520973066294,1766201813.5860746
0.04708009585738182,-0.07632550597190857,1.900970697402954,-2.957010706707853,-0.29220599712614054,-1.186791434449229,1766201813.5961328
0.04680778086185455,-0.07902228087186813,1.9018869400024414,-2.9140117048773115,-0.26529529504838184,-1.147508463263516,1766201813.6061666
0.04727819561958313,-0.0812825933098793,1.9015752077102661,-2.9149487482400587,-0.26712476066243374,-1.1183815382763969,1766201813.6061938
0.04770771786570549,-0.08358501642942429,1.9012352228164673,-2.9177651446314035,-0.2699180136549663,-1.0924969080195435,1766201813.6160367
0.04802338406443596,-0.08603731542825699,1.900660753250122,-2.917626757645913,-0.2702084885989676,-1.0667703434322613,1766201813.6261477
0.04865743964910507,-0.08867879211902618,1.9003397226333618,-2.9200971052136455,-0.2738071120369324,-1.0351071010794144,1766201813.6361299
0.04923323541879654,-0.09146193414926529,1.8997926712036133,-2.921489932669893,-0.2755207043262466,-1.0042780528671014,1766201813.646142
0.049584366381168365,-0.09434787929058075,1.8991608619689941,-2.9206022354440315,-0.27347918813596167,-0.9738231698156107,1766201813.656134
0.05018419399857521,-0.0973404049873352,1.8985470533370972,-2.9170042665244935,-0.2738738101654669,-0.9425389388250744,1766201813.6660805
0.05047629773616791,-0.10034947842359543,1.898112416267395,-2.919208870292375,-0.28067551042753514,-0.9137100253775645,1766201813.6661062
0.05157139152288437,-0.10363790392875671,1.897292971611023,-2.921154659412633,-0.27964787277178665,-0.8806249523360042,1766201813.676062
0.05227600410580635,-0.10693755000829697,1.8967679738998413,-2.9242219265893103,-0.28189996142249263,-0.849010302711011,1766201813.6860914
0.05387004092335701,-0.11021329462528229,1.8954962491989136,-2.971228487440898,-0.3111575740737121,-0.8307561140161928,1766201813.6961415
0.054489728063344955,-0.11361876875162125,1.895015835762024,-2.9734803239700587,-0.3164109359786568,-0.7970259517946168,1766201813.7061093
0.05466713756322861,-0.11733637750148773,1.8953617811203003,-2.9471003227859716,-0.2953018124284207,-0.7564114316948555,1766201813.7061357
0.05594737455248833,-0.12126455456018448,1.8949849605560303,-2.95762819149214,-0.3021244857900838,-0.7290478068730328,1766201813.7160535
0.0572710856795311,-0.12522166967391968,1.8946565389633179,-2.969032750997188,-0.3090616941034145,-0.7018690900847353,1766201813.7261162
0.05842581391334534,-0.12937740981578827,1.8943262100219727,-2.972868336938536,-0.3131968132877955,-0.6676228505421137,1766201813.7360725
0.0594489760696888,-0.13360612094402313,1.894382119178772,-2.9880793572903936,-0.31591813747630937,-0.6390938427859455,1766201813.7461705
0.0608593113720417,-0.13836711645126343,1.8938897848129272,-3.003123558405671,-0.32432752494622946,-0.60975526324891,1766201813.7561362
0.06200885772705078,-0.14314225316047668,1.8938519954681396,-3.006366047103179,-0.32518965471097094,-0.5760839039419047,1766201813.7561626
0.06284471601247787,-0.147456556558609,1.8945221900939941,-3.0357984310268473,-0.32475124340906947,-0.555138385737378,1766201813.7660427
0.06424083560705185,-0.15283150970935822,1.894700527191162,-3.0354225081196975,-0.32208436435356075,-0.5219048554310297,1766201813.7760515
0.0656508356332779,-0.15829312801361084,1.8948438167572021,-3.0363168069119277,-0.3195424260344593,-0.48978118480651855,1766201813.7860622
0.06722363084554672,-0.16419510543346405,1.8952258825302124,-3.0366023577705246,-0.315894219652484,-0.45351257655813154,1766201813.796074
0.06856999546289444,-0.1697799265384674,1.8954006433486938,-3.0361308289600895,-0.31249349684921435,-0.4235475562984001,1766201813.8061042
0.07017528265714645,-0.17660357058048248,1.895142674446106,-3.068087179198419,-0.32729874603640585,-0.38016371036330227,1766201813.8160584
0.07163357734680176,-0.18225520849227905,1.8963247537612915,-3.03157883054,-0.30121241705607277,-0.34966696056582974,1766201813.8160834
0.07418062537908554,-0.18837617337703705,1.8963017463684082,-3.060068212948708,-0.3153429739972962,-0.32275128543995346,1766201813.826093
0.0757376030087471,-0.19484002888202667,1.8966668844223022,-3.0623361318810303,-0.31263136233003946,-0.2886467800720204,1766201813.8359861
0.07758411020040512,-0.20145991444587708,1.8971412181854248,-3.0618902634421077,-0.30937594636428245,-0.2559758984494319,1766201813.8461592
0.07883971929550171,-0.20895950496196747,1.897318720817566,-3.0754262789609768,-0.31086552121199834,-0.21404428137322706,1766201813.8561082
0.08206510543823242,-0.2152811586856842,1.898161768913269,-3.0644584366122087,-0.30952375516644526,-0.19165954926477247,1766201813.856198
0.08371665328741074,-0.22222588956356049,1.8985207080841064,-3.064208527063697,-0.3010291298709786,-0.15469075869614954,1766201813.8760514
0.0845712348818779,-0.22995485365390778,1.8993916511535645,-3.0207748268227257,-0.2722342869021856,-0.10936006972958266,1766201813.8760595
0.0867622047662735,-0.2373175323009491,1.8997067213058472,-3.0191447729773278,-0.2693214154651668,-0.07422423352891615,1766201813.8861303
0.08899638056755066,-0.2448006272315979,1.8999814987182617,-3.019133814493662,-0.2689345270851692,-0.04092814534040737,1766201813.8961117
0.09111260622739792,-0.2523651123046875,1.9001754522323608,-3.0146312941904765,-0.2628209673154018,-0.0076642575039213914,1766201813.9061637
0.09312915056943893,-0.26001620292663574,1.900779366493225,-3.0125089404514087,-0.2720671967257762,0.02600120777783331,1766201813.9062092
0.09635021537542343,-0.26747676730155945,1.900478482246399,-3.030522255935516,-0.27785175032891235,0.05818155398416053,1766201813.915985
0.09849158674478531,-0.27527567744255066,1.9010010957717896,-3.0172917672771637,-0.2739575108470562,0.09228629210754961,1766201813.926003
0.10111099481582642,-0.2831040322780609,1.9011049270629883,-3.0137320298364134,-0.2692812079724704,0.1278903490062916,1766201813.9360812
0.10353443771600723,-0.29093119502067566,1.901352882385254,-3.008584747654117,-0.26810537533938605,0.1631415581941703,1766201813.9460945
0.10641082376241684,-0.29876434803009033,1.9012877941131592,-3.0029942054597223,-0.2578927271797644,0.1983074116777543,1766201813.9560416
0.1091141402721405,-0.3068232238292694,1.901507019996643,-3.0004719712251293,-0.2626471518823425,0.23172333665543351,1766201813.9560504
0.1124221459031105,-0.3144829571247101,1.9010359048843384,-3.0014618327597007,-0.2541258443879494,0.2638435069187511,1766201813.9660964
0.1151011511683464,-0.322419673204422,1.9013842344284058,-3.004103723473221,-0.2663840474985724,0.29500547683843986,1766201813.9759896
0.11809965968132019,-0.3302347660064697,1.901201605796814,-3.0013855176732838,-0.26812062810822646,0.32643670777997963,1766201813.9860785
0.12111759185791016,-0.3380586802959442,1.901089072227478,-2.9988296953274576,-0.26596168033649414,0.3570667393895604,1766201813.9960637
0.12406717240810394,-0.3458886444568634,1.9010370969772339,-3.0121037380811253,-0.25822141449437336,0.3821210966364423,1766201814.0061855
0.12702752649784088,-0.353717178106308,1.9008971452713013,-3.0074460489131685,-0.25556012464728395,0.4112225838409777,1766201814.0062127
0.13016754388809204,-0.3615332841873169,1.900664210319519,-3.005518821726534,-0.25256746952695697,0.4388665806960654,1766201814.0159914
0.13336847722530365,-0.36941590905189514,1.900510549545288,-3.0065629210776947,-0.25737240975199366,0.46754932491632895,1766201814.0261776
0.137237086892128,-0.37707141041755676,1.8999303579330444,-2.988742773313949,-0.2527049599323375,0.4945667029451256,1766201814.0361316
0.1398022621870041,-0.3848891258239746,1.9000061750411987,-3.0037218527990057,-0.25839797092547767,0.5153068451802127,1766201814.046088
0.14390964806079865,-0.39228835701942444,1.8994011878967285,-2.9910885023684974,-0.2551792261799672,0.5401523504950735,1766201814.0561066
0.14629094302654266,-0.40051406621932983,1.8994362354278564,-3.0006459930415033,-0.25515069029147097,0.5606864397275669,1766201814.0661488
0.1504722684621811,-0.4079605042934418,1.8988122940063477,-2.9891118925935922,-0.2564813988508003,0.5840963796274101,1766201814.066173
0.15277260541915894,-0.41616132855415344,1.89886474609375,-2.998595959144285,-0.25794916539833196,0.6033823284575839,1766201814.0760634
0.15666404366493225,-0.4233749508857727,1.8982954025268555,-3.004809058889887,-0.25761090048228436,0.6245409875923724,1766201814.0861404
0.16017816960811615,-0.4311791658401489,1.8980133533477783,-3.003960658003635,-0.25819830305568797,0.6423761257768557,1766201814.0959983
0.16369129717350006,-0.439018577337265,1.897514820098877,-3.0032426740359495,-0.2592320508507406,0.6619893571314299,1766201814.1060271
0.16778194904327393,-0.44694027304649353,1.8966774940490723,-2.9801546838901865,-0.2608590759472512,0.6790714462887911,1766201814.1060805
0.1715804934501648,-0.4549078941345215,1.8962122201919556,-2.9762121257887526,-0.25608558546205795,0.691794781193743,1766201814.11605
0.17466841638088226,-0.46336665749549866,1.8961067199707031,-3.0001205354200913,-0.25761309197401355,0.7041567179167769,1766201814.1261275
0.17873142659664154,-0.4709640443325043,1.8952665328979492,-2.9771559737411453,-0.2574334188966019,0.7250340522391119,1766201814.1361368
0.18248014152050018,-0.4790288507938385,1.8947025537490845,-2.97495212023331,-0.25580243530940044,0.7395103365059592,1766201814.1461687
0.18617784976959229,-0.4874078035354614,1.8943935632705688,-2.9852235185227185,-0.2553408986977252,0.7527919395739594,1766201814.1561291
0.1900353878736496,-0.495537132024765,1.8938018083572388,-2.983500390491508,-0.2544074445597745,0.7658382083899122,1766201814.156156
0.19386200606822968,-0.5037956237792969,1.893193006515503,-2.986315175283067,-0.254786099073647,0.7783124849241101,1766201814.1659617
0.1977633237838745,-0.5118619799613953,1.8923946619033813,-2.9726051392107444,-0.2513832979674472,0.7933342973250119,1766201814.176034
0.20159944891929626,-0.5204520225524902,1.8917615413665771,-2.977353603018333,-0.25098553156349274,0.8065346449023761,1766201814.186145
0.20531737804412842,-0.5289572477340698,1.8909598588943481,-2.9757237729865853,-0.25081289555140374,0.8214822389696583,1766201814.1961312
0.2091844230890274,-0.5374755859375,1.8901487588882446,-2.9762634241213277,-0.25019745014093697,0.8335662691429047,1766201814.2061453
0.21310430765151978,-0.5459916591644287,1.889196515083313,-2.9705887312420125,-0.24916436176224754,0.8465978191247732,1766201814.216057
0.21712030470371246,-0.5543888807296753,1.888261318206787,-2.9725953951085677,-0.2508096597304493,0.8552346671276531,1766201814.2160819
0.22058728337287903,-0.5628843903541565,1.8872419595718384,-2.9679034665282416,-0.24600211341913975,0.8777150753853575,1766201814.2260861
0.22472438216209412,-0.5719656944274902,1.8862898349761963,-2.9646392288099066,-0.24662114578143343,0.882738822367322,1766201814.236054
0.22852812707424164,-0.5807772278785706,1.885204792022705,-2.961391749891352,-0.24497817645790598,0.8948466866473823,1766201814.246154
0.23225221037864685,-0.5894609689712524,1.883917212486267,-2.961092882958603,-0.24931975535741452,0.908102415473181,1766201814.256141
0.23600484430789948,-0.5978694558143616,1.8830912113189697,-2.958951668391395,-0.2460917713484382,0.9246016881219284,1766201814.2660692
0.23913680016994476,-0.6073282957077026,1.8819677829742432,-2.9599650351065137,-0.2563601353264202,0.9438297487805716,1766201814.2660942
0.2432836890220642,-0.6158578991889954,1.8809666633605957,-2.953797566597118,-0.24631809981544478,0.9514406353348648,1766201814.2759867
0.24722307920455933,-0.6252800226211548,1.8802438974380493,-2.9562682586315896,-0.2501292409687279,0.9572048211569412,1766201814.286055
0.25101372599601746,-0.6342946887016296,1.8793057203292847,-2.9572227062541314,-0.2503393801804774,0.964168196684667,1766201814.2960703
0.2543278932571411,-0.6430389285087585,1.8785834312438965,-2.958116477313109,-0.2493175407528042,0.9820972729733735,1766201814.3061466
0.2581508457660675,-0.6525553464889526,1.8777951002120972,-2.957676495834195,-0.25183272662487644,0.98484762240865,1766201814.3061738
0.26123902201652527,-0.6613667011260986,1.8771378993988037,-2.961650214558538,-0.25315539929812025,1.0046947988447759,1766201814.316002
0.26466232538223267,-0.6704544425010681,1.8765020370483398,-2.962975225906001,-0.25449538829066487,1.0139086594525173,1766201814.3260021
0.26785537600517273,-0.6796713471412659,1.8760098218917847,-2.9651107304950277,-0.25609104585326287,1.022995714957302,1766201814.3359902
0.27103668451309204,-0.6892684102058411,1.8756622076034546,-2.96461224791513,-0.2623260889849706,1.0385969553762882,1766201814.3461313
0.2748248279094696,-0.6978918313980103,1.8752299547195435,-2.9644974405777003,-0.2595894312500643,1.0410423573964007,1766201814.3560479
0.27793750166893005,-0.7070222496986389,1.875049114227295,-2.9639548670134643,-0.25992008038978154,1.048024436553146,1766201814.3660684
0.2814476191997528,-0.7162254452705383,1.875087857246399,-2.965583678995468,-0.26605039198945996,1.0538411133513432,1766201814.3660939
0.28442829847335815,-0.7249619960784912,1.8751397132873535,-2.967431214577726,-0.2658928571721506,1.0659248502350371,1766201814.376082
0.2874264121055603,-0.7338482737541199,1.8754340410232544,-2.968890275873611,-0.2676427121811958,1.073758918286176,1766201814.3859985
0.29035717248916626,-0.7426268458366394,1.8758094310760498,-2.9691960025312634,-0.26904006314996376,1.081298624113887,1766201814.3961077
0.29320722818374634,-0.7514072060585022,1.8763705492019653,-2.972272243672488,-0.27081258339581893,1.0876623518891246,1766201814.4061534
0.2958691418170929,-0.7599660754203796,1.8768582344055176,-2.9763684341781693,-0.27233844248729555,1.0951199352760221,1766201814.4061809
0.2985827326774597,-0.7684665322303772,1.8775709867477417,-2.979042879729285,-0.27246585041927246,1.100281458010223,1766201814.4159572
0.3008865714073181,-0.7768297791481018,1.8782435655593872,-2.9859044432546784,-0.27436517756255374,1.1068956404294028,1766201814.4260852
0.30339568853378296,-0.7852133512496948,1.8790345191955566,-2.9904613100977895,-0.2764506906451967,1.110941013655265,1766201814.4361186
0.3057176172733307,-0.793428361415863,1.8798245191574097,-2.9898271632713254,-0.27495836287002334,1.1162785217483404,1766201814.4461048
0.30798038840293884,-0.8014955520629883,1.8808324337005615,-2.989272639374718,-0.2749961480658975,1.1182780315193828,1766201814.4561055
0.30995216965675354,-0.8098236322402954,1.881908893585205,-2.9914484015636167,-0.27457354012347523,1.1249261670458064,1766201814.4661179
0.31205040216445923,-0.8180224299430847,1.8830927610397339,-2.991414730115884,-0.276329440865012,1.1267147477448616,1766201814.4661424
0.3138938248157501,-0.8259397745132446,1.8841567039489746,-2.9936351846650555,-0.277334062852472,1.1293645593673476,1766201814.4759831
0.31555885076522827,-0.8339493274688721,1.8852746486663818,-2.9980078898158404,-0.2798995572555005,1.1307517035906827,1766201814.4861004
0.31720930337905884,-0.8418639898300171,1.8864377737045288,-2.998645643611091,-0.27992319990117775,1.1337269646599846,1766201814.4961503
0.31869325041770935,-0.8497294783592224,1.8876380920410156,-2.998898191140421,-0.28069528316531767,1.1339368378163195,1766201814.506144
0.31997597217559814,-0.857551634311676,1.8887676000595093,-2.9960794815041902,-0.27950793983638955,1.1339386921499803,1766201814.5061705
0.3212999701499939,-0.8652303814888,1.8899683952331543,-2.998288986311015,-0.2808674094116117,1.1313080557580408,1766201814.5159795
0.3223916292190552,-0.8728598356246948,1.8909329175949097,-3.000985275220571,-0.28201809266954886,1.1310507909522178,1766201814.5261278
0.32321789860725403,-0.8805972337722778,1.8918825387954712,-3.003752861452249,-0.28352542260509633,1.1326176694138541,1766201814.5361147
0.32406294345855713,-0.8879104852676392,1.8928472995758057,-3.0038033811531224,-0.2829341396406754,1.1300477823776356,1766201814.546123
0.324570894241333,-0.8954638242721558,1.8936327695846558,-3.0076563222615933,-0.2846005474823871,1.13059071395277,1766201814.55615
0.3250674903392792,-0.9027730226516724,1.8943310976028442,-3.008424855014777,-0.28473341602443447,1.126852673509545,1766201814.5561764
0.3253495991230011,-0.9099648594856262,1.8950573205947876,-3.007488003426326,-0.28374426421128324,1.125286214177237,1766201814.566122
0.3255239725112915,-0.9171397089958191,1.8955543041229248,-3.0104834118615864,-0.2827181954798805,1.1209652056240973,1766201814.576051
0.32540568709373474,-0.924079954624176,1.8960435390472412,-3.0128653486202506,-0.2820419460806418,1.1168023133118252,1766201814.586057
0.32504692673683167,-0.9311478734016418,1.8964756727218628,-3.0150668077757614,-0.28056991985448404,1.1093514341698019,1766201814.5961592
0.32483232021331787,-0.9379231929779053,1.8968291282653809,-3.018191030436009,-0.2786017808919945,1.1009614103616667,1766201814.6061506
0.3244001269340515,-0.9447925686836243,1.8969331979751587,-3.020196629080423,-0.27707786356664504,1.0936764363884652,1766201814.6061776
0.3238706886768341,-0.9512933492660522,1.8970329761505127,-3.0234029955912822,-0.274287998780306,1.0799905530826133,1766201814.616041
0.32299622893333435,-0.957913339138031,1.8969343900680542,-3.0285424917383423,-0.2724890456829011,1.073678722366587,1766201814.6260664
0.3222367465496063,-0.9643673300743103,1.8967318534851074,-3.0328761176053143,-0.27083765562813905,1.0582835037328406,1766201814.6360412
0.32107606530189514,-0.970959484577179,1.896527886390686,-3.030303643333007,-0.2646439585399269,1.048760506542557,1766201814.6461637
0.31996119022369385,-0.9773260354995728,1.8960411548614502,-3.0358927157480493,-0.26247671633937225,1.0363703208810595,1766201814.6561353
0.3189206123352051,-0.9837048053741455,1.8954843282699585,-3.040725079015022,-0.2618504972408955,1.0239134465967674,1766201814.6660712
0.31775063276290894,-0.9899290800094604,1.894771695137024,-3.042424090913241,-0.25763093851670466,1.0104145672131613,1766201814.6760924
0.31649619340896606,-0.9961833357810974,1.8939381837844849,-3.040775695508957,-0.25342502026255287,0.9959768119710559,1766201814.67612
0.3151112198829651,-1.002563714981079,1.8930470943450928,-3.045217780449223,-0.2508092534974016,0.9836577415966874,1766201814.6861198
0.3136812150478363,-1.008763313293457,1.892052173614502,-3.049304973653377,-0.2481606403266649,0.9705786767008516,1766201814.6961148
0.3121066093444824,-1.015113353729248,1.8909491300582886,-3.0509778395499576,-0.24505753137171665,0.9587055237384071,1766201814.706177
0.3104102313518524,-1.021268606185913,1.889788031578064,-3.054644819479636,-0.24207839131697195,0.9473950317348901,1766201814.706219
0.30892279744148254,-1.0276644229888916,1.8886643648147583,-3.05682625840999,-0.24038957276185202,0.9303124403650417,1766201814.7160645
0.307056188583374,-1.0340690612792969,1.8873677253723145,-3.0603957677523765,-0.23705100629453646,0.9221031100148644,1766201814.7260952
0.30541500449180603,-1.0405417680740356,1.886036992073059,-3.058107218613103,-0.2342986609926928,0.9082141728929831,1766201814.736146
0.30340078473091125,-1.047049880027771,1.8845765590667725,-3.0634562231255487,-0.23366623136816986,0.8983743420296261,1766201814.7461586
0.30170688033103943,-1.0535773038864136,1.883217215538025,-3.064475948726327,-0.2311624860856368,0.8860660708332292,1766201814.7561302
0.2995583117008209,-1.0602896213531494,1.881780982017517,-3.0641771071740833,-0.2296581430960919,0.8779646563473325,1766201814.7562852
0.297730952501297,-1.0671577453613281,1.880339503288269,-3.0637919176046617,-0.22920422478274638,0.864851366314666,1766201814.7760532
0.2956143021583557,-1.0736171007156372,1.8789020776748657,-3.0655750157268984,-0.22676154891038644,0.8565947587326076,1766201814.776061
0.2936627268791199,-1.080538034439087,1.8773138523101807,-3.061814825053397,-0.2257843264226162,0.8423069622182782,1766201814.786091
0.29112544655799866,-1.087047815322876,1.8759701251983643,-3.0670003550309293,-0.22330153824546134,0.8456141780998087,1766201814.7961583
0.288875550031662,-1.0940746068954468,1.8745920658111572,-3.067023977529287,-0.2244781753002577,0.8335316850556137,1766201814.8061469
0.2867552638053894,-1.100716233253479,1.8731204271316528,-3.061725054247252,-0.22179191284873548,0.8292381745667169,1766201814.81615
0.284149169921875,-1.1072208881378174,1.871827244758606,-3.065802722241316,-0.2194149333601889,0.824817138223108,1766201814.8161745
0.2817045748233795,-1.114148736000061,1.8706140518188477,-3.056800541478635,-0.2170721735578023,0.8202894059909611,1766201814.8261144
0.27907347679138184,-1.1206881999969482,1.8693804740905762,-3.0672966200604392,-0.21399092623270302,0.8147304988330343,1766201814.8359866
0.2763236463069916,-1.1275763511657715,1.8683090209960938,-3.058442511807479,-0.20756698949959398,0.8082333074186729,1766201814.8461356
0.27358582615852356,-1.1343564987182617,1.8673447370529175,-3.070103791187292,-0.20856013494706374,0.8000002682251437,1766201814.8561542
0.2708003520965576,-1.1411627531051636,1.866364598274231,-3.060496896453977,-0.20293507641338449,0.7985049887130798,1766201814.8661623
0.26808610558509827,-1.147813081741333,1.8656327724456787,-3.06667477611903,-0.19995694560326235,0.7882412155205685,1766201814.8761566
0.2651365399360657,-1.1548420190811157,1.8649922609329224,-3.0659094761149803,-0.19539057965213164,0.7872622266648703,1766201814.876183
0.26203829050064087,-1.1616744995117188,1.8642470836639404,-3.0623786075440007,-0.1894537405472027,0.7827541596071937,1766201814.8860989
0.2589525580406189,-1.1688368320465088,1.8637644052505493,-3.0668161919336794,-0.1896853673198256,0.771334458287575,1766201814.8961093
0.25564247369766235,-1.1755847930908203,1.8634482622146606,-3.0655423044898322,-0.18275923787281712,0.7714395751967751,1766201814.906147
0.25254878401756287,-1.1824994087219238,1.8629623651504517,-3.0610529487959437,-0.17742559656575366,0.7651102047691661,1766201814.9061742
0.24957458674907684,-1.1896218061447144,1.8627591133117676,-3.0649205381863354,-0.17532176907198002,0.7522510039974935,1766201814.916038
0.24583648145198822,-1.1967592239379883,1.8628016710281372,-3.066344516361986,-0.17229039017907308,0.7533534264024635,1766201814.9261305
0.2423819750547409,-1.203845500946045,1.8627357482910156,-3.056603310739661,-0.1648891519528823,0.7459060751264176,1766201814.9360886
0.23885825276374817,-1.2110093832015991,1.8630841970443726,-3.056176521398411,-0.16274858518473576,0.7391008010006145,1766201814.94608
0.23456819355487823,-1.2179884910583496,1.863827109336853,-3.0582736356254574,-0.16084614816641207,0.7439804845331688,1766201814.9561417
0.2306685447692871,-1.2255607843399048,1.8648605346679688,-3.054401064629637,-0.15986220802578885,0.7349083440350853,1766201814.9561677
0.227040097117424,-1.2331045866012573,1.8659017086029053,-3.0523162956949643,-0.1556817781266347,0.7238112706533834,1766201814.9661558
0.22260253131389618,-1.2400665283203125,1.8672200441360474,-3.0573618248553296,-0.15629508255061056,0.7297128063281958,1766201814.9760644
0.21826709806919098,-1.2478984594345093,1.8689371347427368,-3.065016644880906,-0.15692117356030194,0.7234538496067799,1766201814.9860651
0.21385431289672852,-1.2551934719085693,1.8704770803451538,-3.0686801882399894,-0.16278998024209987,0.7243977578728983,1766201814.996152
0.20986053347587585,-1.2629221677780151,1.8723021745681763,-3.0580197193899314,-0.1537336654802869,0.7151508557459738,1766201815.0061047
0.20580224692821503,-1.2705926895141602,1.8738352060317993,-3.0630023353094638,-0.15305411502015148,0.7057755840866858,1766201815.0161068
0.20105184614658356,-1.277767539024353,1.8756210803985596,-3.0605522976026065,-0.15441980736919136,0.7122999499813342,1766201815.0161316
0.19675198197364807,-1.2853349447250366,1.877375602722168,-3.070972385145948,-0.15488323198473117,0.7096984569811606,1766201815.0260766
0.19236953556537628,-1.292715072631836,1.8788323402404785,-3.074726093035812,-0.15775974871677362,0.7058396045126196,1766201815.0360034
0.18788670003414154,-1.2999769449234009,1.8803894519805908,-3.071439770907371,-0.15872665424621143,0.7078225728449963,1766201815.0460658
0.18367938697338104,-1.3075190782546997,1.8818918466567993,-3.066927637064258,-0.15361579011831838,0.7034092915130621,1766201815.0560942
0.17934370040893555,-1.3148036003112793,1.8833123445510864,-3.0657666649314774,-0.15371368094683033,0.7010777024577164,1766201815.0561206
0.17494773864746094,-1.3220959901809692,1.8846029043197632,-3.0677277382821027,-0.15301235282731235,0.6983242118587307,1766201815.0660894
0.1706119179725647,-1.3294012546539307,1.8859045505523682,-3.070862180216606,-0.15304026574386448,0.6950142021782915,1766201815.086147
0.16612282395362854,-1.3365986347198486,1.8871870040893555,-3.0707997862956065,-0.154120061961573,0.696928135025477,1766201815.0861735
0.16178375482559204,-1.3439664840698242,1.8882287740707397,-3.0763531213203863,-0.15432587308256557,0.6935831700623062,1766201815.0960674
0.15748964250087738,-1.351483702659607,1.8892656564712524,-3.074622702117956,-0.15237209406070246,0.6882905388335006,1766201815.106056
0.15313933789730072,-1.359113097190857,1.8904231786727905,-3.0844595949189673,-0.1547892156098496,0.6857264020423485,1766201815.1161156
0.14882215857505798,-1.3666572570800781,1.8914015293121338,-3.0837995830707565,-0.15514239599608998,0.6853610555861919,1766201815.116141
0.14438937604427338,-1.374307632446289,1.892372727394104,-3.0842630091490086,-0.15861815307466415,0.6819983419454272,1766201815.126086
0.13995927572250366,-1.381887674331665,1.8932255506515503,-3.086065199195442,-0.16321705094644368,0.6834049382972537,1766201815.136156
0.13608118891716003,-1.3898388147354126,1.8939517736434937,-3.0838681383460997,-0.16234463418671707,0.6737555116555908,1766201815.1461763
0.13146854937076569,-1.3975516557693481,1.8947253227233887,-3.0831803175566987,-0.16862637298781774,0.6777586810062656,1766201815.1560953
0.12739303708076477,-1.40544855594635,1.895537257194519,-3.0756218374731907,-0.16577857234723367,0.6768555657064514,1766201815.1561215
0.12313126772642136,-1.4133110046386719,1.8961646556854248,-3.0723958782951657,-0.16976163432874591,0.6764902557210342,1766201815.1660795
0.11887556314468384,-1.421136498451233,1.8966706991195679,-3.0696342995169754,-0.17175089637662458,0.6745487023303077,1766201815.1861525
0.1145951971411705,-1.4288983345031738,1.8971840143203735,-3.066041272585178,-0.1753511141514494,0.676215548555168,1766201815.1861787
0.11059911549091339,-1.4368494749069214,1.8975287675857544,-3.0611480870205123,-0.1765380668382631,0.672389005514538,1766201815.1960378
0.10655134171247482,-1.4447166919708252,1.8979449272155762,-3.0575080726980812,-0.17779426053314246,0.6671286924174467,1766201815.2061045
0.10223667323589325,-1.4524848461151123,1.898128628730774,-3.0619228050514433,-0.18242098385127545,0.6679589304034468,1766201815.206131
0.09835080057382584,-1.46029531955719,1.8984094858169556,-3.05598285757209,-0.18346018222215965,0.6642282431074906,1766201815.2160652
0.0937550812959671,-1.4679899215698242,1.898659586906433,-3.054203729283915,-0.18643681418182842,0.6678248783483808,1766201815.2261264
0.08963467925786972,-1.4759036302566528,1.8986239433288574,-3.0489564211460936,-0.18494551491380812,0.6637609080070135,1766201815.2360384
0.0854145884513855,-1.4836394786834717,1.8986297845840454,-3.0455121650999404,-0.1883674634305841,0.6618322557264107,1766201815.2461765
0.0811833068728447,-1.491418719291687,1.8987442255020142,-3.0399490750072795,-0.18776855762993291,0.6567583692327126,1766201815.256116
0.07676643878221512,-1.498930811882019,1.8984781503677368,-3.0332184786781435,-0.18978034383976164,0.6586537738026048,1766201815.256142
0.07226666063070297,-1.5066543817520142,1.898417353630066,-3.0352931312710343,-0.19127293335380519,0.6574882275823428,1766201815.2661016
0.06778020411729813,-1.5143132209777832,1.8982276916503906,-3.0333066227947536,-0.1928300922452854,0.6534397055541159,1766201815.2760313
0.06338607519865036,-1.521912693977356,1.8979049921035767,-3.029317201947858,-0.19481318009330323,0.6484557022570574,1766201815.2860076
0.05849910527467728,-1.529395341873169,1.8976119756698608,-3.024978270111513,-0.19706763132690747,0.6522656833743321,1766201815.2961497
0.05386590585112572,-1.536880373954773,1.897229790687561,-3.022161154676131,-0.19909965100850344,0.6510285878781017,1766201815.3061426
0.04914434626698494,-1.5443718433380127,1.8967409133911133,-3.021673669508149,-0.19976172998749792,0.6480250571270689,1766201815.3061697
0.04439273476600647,-1.5518938302993774,1.8962430953979492,-3.0207133619575717,-0.20283218301217626,0.6467332703154002,1766201815.315983
0.03961920738220215,-1.5593490600585938,1.8956503868103027,-3.013733658277538,-0.20216029784237421,0.6458364715343377,1766201815.3259542
0.03484611585736275,-1.5667240619659424,1.8950036764144897,-3.0120194890767094,-0.20392636865391064,0.6443503985025245,1766201815.3360553
0.029763074591755867,-1.5740987062454224,1.8945380449295044,-3.011161275660747,-0.21276917814572355,0.645325893242081,1766201815.346123
0.025041857734322548,-1.5814393758773804,1.893584966659546,-3.0103948552262203,-0.2074686678360033,0.6398614215597902,1766201815.3561466
0.020178399980068207,-1.588707447052002,1.892752766609192,-3.009814269024672,-0.20922673455856752,0.6371616346931351,1766201815.3561726
0.015311531722545624,-1.5959781408309937,1.891882061958313,-3.0077726841743746,-0.2084214587237126,0.6362810116615658,1766201815.366153
0.01056381780654192,-1.6033226251602173,1.8907616138458252,-3.0060719822909094,-0.20661854006513883,0.6319104146706063,1766201815.3761082
0.005938200280070305,-1.6104848384857178,1.8897068500518799,-3.005946607668297,-0.20706779026420047,0.627712780890725,1766201815.386152
0.0011442913673818111,-1.6175912618637085,1.8885658979415894,-3.0041959082767655,-0.20556722239817474,0.6262069956174077,1766201815.396161
-0.004205773118883371,-1.6246082782745361,1.88759446144104,-3.007797912430953,-0.2034085047692482,0.629896225427406,1766201815.4061406
-0.008858731016516685,-1.6316757202148438,1.8862391710281372,-3.005910300166642,-0.20224938417620664,0.6315265254620688,1766201815.4062715
-0.013921416364610195,-1.6389257907867432,1.8852378129959106,-3.0102835764596776,-0.19894575956605245,0.6279963672319056,1766201815.4261332
-0.01892446167767048,-1.6462892293930054,1.8841184377670288,-3.0140306067186216,-0.19399385692387144,0.6209814312726644,1766201815.4261584
-0.023672251030802727,-1.6532981395721436,1.8827539682388306,-3.0044234020886145,-0.19325196597624858,0.6263123016934382,1766201815.4360952
-0.028855793178081512,-1.6606049537658691,1.8816852569580078,-3.009247712399979,-0.19300840756988594,0.6247173658861204,1766201815.4460788
-0.03376670181751251,-1.66791832447052,1.8802671432495117,-3.0077035019335607,-0.18780944192764978,0.6224227936485593,1766201815.456154
-0.03891489654779434,-1.6754359006881714,1.8790578842163086,-3.010246018802572,-0.18425833579837733,0.6167427921832416,1766201815.466168
-0.04459105432033539,-1.682936191558838,1.8784458637237549,-3.026283586734173,-0.19277292409478264,0.6189183304172312,1766201815.4661922
-0.04960191994905472,-1.6904618740081787,1.8766210079193115,-3.0138860544666395,-0.1849638577053757,0.6123399670755484,1766201815.476055
-0.05460275337100029,-1.6981613636016846,1.8753139972686768,-3.0095817930983317,-0.18344839973109733,0.6056505264445073,1766201815.4861403
-0.05994145944714546,-1.7060054540634155,1.8740087747573853,-3.0047247788075895,-0.18260111780553348,0.602382452733863,1766201815.4961421
-0.06583186984062195,-1.7136030197143555,1.8728915452957153,-3.012636317635557,-0.18683396855839748,0.6057489134343034,1766201815.5060947
-0.07140404731035233,-1.7213934659957886,1.8717314004898071,-3.0096300196927452,-0.18903786374487688,0.6025086512835324,1766201815.5061216
-0.07662037014961243,-1.7294094562530518,1.8705753087997437,-3.004211580441125,-0.18799815633402026,0.5933261819861247,1766201815.5160587
-0.08284963667392731,-1.7371028661727905,1.8699891567230225,-3.0096638126571285,-0.200219069573458,0.5992110825602878,1766201815.5261562
-0.08802913129329681,-1.7452386617660522,1.8688886165618896,-3.0048714742257796,-0.19626990097663927,0.5881939152121148,1766201815.5361261
-0.09402618557214737,-1.7530378103256226,1.8684344291687012,-2.9995921366990745,-0.2003603678666428,0.590340408008514,1766201815.546172
-0.09985888004302979,-1.7609047889709473,1.8682622909545898,-3.0033690172403795,-0.20828903497919773,0.5871916011091393,1766201815.5561266
-0.10560602694749832,-1.7688261270523071,1.8679728507995605,-3.001317684472493,-0.20780935553724908,0.5831616065484485,1766201815.556152
-0.11137782782316208,-1.7765618562698364,1.8678488731384277,-3.008296457300579,-0.21217494776610168,0.5793955389061561,1766201815.5661106
-0.11676963418722153,-1.7844128608703613,1.867747187614441,-3.0080802382637737,-0.21339547884517077,0.5710125631415711,1766201815.586059
-0.1225065216422081,-1.792093276977539,1.8679481744766235,-3.012190146558809,-0.2165802217151622,0.5686010721171542,1766201815.5961382
-0.12837615609169006,-1.7995681762695312,1.8681612014770508,-3.014510473503079,-0.22307803987222433,0.5716373350062386,1766201815.596163
-0.1335563063621521,-1.8073068857192993,1.8685636520385742,-3.0139698844862037,-0.22240642758028942,0.5630314856129204,1766201815.6061234
-0.13946941494941711,-1.8147637844085693,1.8690955638885498,-3.016830295624562,-0.2272567137905112,0.5659094813747345,1766201815.6061304
-0.14483901858329773,-1.822245478630066,1.869518518447876,-3.0174786244964524,-0.23154916242113402,0.5634128199822692,1766201815.6160612
-0.15028579533100128,-1.8297234773635864,1.870144009590149,-3.016245457136458,-0.2323240211756357,0.5614504844261917,1766201815.6260624
-0.15560564398765564,-1.8371336460113525,1.8707271814346313,-3.018124147737287,-0.23353628388343672,0.558124660655841,1766201815.6361518
-0.16083818674087524,-1.844560146331787,1.87134850025177,-3.015657796131953,-0.2342035935167682,0.5564062099758139,1766201815.6461558
-0.1658971905708313,-1.8519755601882935,1.8719093799591064,-3.012883635783645,-0.23447327754567407,0.5518581298427108,1766201815.6561527
-0.17113570868968964,-1.8591827154159546,1.8727363348007202,-3.0071543813766675,-0.23458273289750325,0.5518820960246118,1766201815.6561937
-0.1762925684452057,-1.8664119243621826,1.8735839128494263,-3.0019930716406895,-0.23474413062525132,0.5508300446506725,1766201815.6660557
-0.1814800351858139,-1.8736801147460938,1.8743888139724731,-3.001006167489668,-0.23621998973439917,0.5500586882073758,1766201815.6760504
-0.18630342185497284,-1.8809117078781128,1.8751797676086426,-2.990500636640417,-0.23176187369834295,0.5423952171610307,1766201815.70604
-0.20263776183128357,-1.9016495943069458,1.8779802322387695,-2.9729885063322063,-0.23051318344103705,0.5383377476943775,1766201815.7060668
-0.20830658078193665,-1.9083528518676758,1.8788495063781738,-2.9686511914234437,-0.23197490809600693,0.5357622995470664,1766201815.7160678
-0.21435001492500305,-1.914733648300171,1.8798445463180542,-2.9635148243817184,-0.23560103415940045,0.5368670285065339,1766201815.7260864
-0.22057107090950012,-1.9212088584899902,1.880744457244873,-2.9616194202663073,-0.2392947200064945,0.5362928099435723,1766201815.736147
-0.2266392707824707,-1.927520513534546,1.881590485572815,-2.9553474524157393,-0.2424098861768039,0.5349647127046058,1766201815.7461631
-0.23310519754886627,-1.9337316751480103,1.882469892501831,-2.952426288760344,-0.24717881374519252,0.5303565225019102,1766201815.7561364
-0.23955266177654266,-1.939862608909607,1.883354902267456,-2.948935612800475,-0.25174539672561436,0.5285699811065468,1766201815.7561626
-0.2461293488740921,-1.945900559425354,1.8843190670013428,-2.9456145489339445,-0.25636279553487884,0.524791537518747,1766201815.7661047
-0.25237831473350525,-1.9518992900848389,1.8851797580718994,-2.9426428043324844,-0.2598870605150947,0.5163028979029654,1766201815.7760668
-0.25939151644706726,-1.9575872421264648,1.8861945867538452,-2.944508091995197,-0.2690887311536994,0.5200830419861285,1766201815.786124
-0.2662865221500397,-1.9631986618041992,1.8870363235473633,-2.942126850014731,-0.27445677656649076,0.5172726690500243,1766201815.7961671
-0.273065447807312,-1.9687834978103638,1.8878740072250366,-2.9406571700264394,-0.2805661038945137,0.514018088668155,1766201815.806115
-0.27980056405067444,-1.9741981029510498,1.8886075019836426,-2.938764488367559,-0.2846551363928799,0.5107971409953497,1766201815.816128
-0.28648367524147034,-1.9796565771102905,1.8893187046051025,-2.9377095360897965,-0.288163522222171,0.5051912001073575,1766201815.8161533
-0.29351192712783813,-1.984715223312378,1.8900352716445923,-2.9383100273721943,-0.2943059364984241,0.5068460713919412,1766201815.8261197
-0.30066007375717163,-1.989772081375122,1.8906035423278809,-2.9399932269998605,-0.301704181352412,0.5070998656677828,1766201815.8360522
-0.307563841342926,-1.994815468788147,1.8911430835723877,-2.941075229652875,-0.3047336154305316,0.5060621395741439,1766201815.8461106
-0.3139860928058624,-1.9999234676361084,1.8915239572525024,-2.9398705102535976,-0.30568726558937825,0.5005141847734642,1766201815.8561478
-0.32090094685554504,-2.0048093795776367,1.8918797969818115,-2.939983143011273,-0.30921512062495377,0.4988409966403876,1766201815.8561738
-0.3277868926525116,-2.0095887184143066,1.892167329788208,-2.9431074107064537,-0.31385982464098644,0.498770122279267,1766201815.8661096
-0.3349398374557495,-2.0142459869384766,1.8924353122711182,-2.9445229275554086,-0.31953608673511075,0.5034199457159764,1766201815.8761399
-0.34184473752975464,-2.0190083980560303,1.8925111293792725,-2.9451098282248362,-0.32239758924815737,0.5030319460365948,1766201815.8861575
-0.34834322333335876,-2.023739814758301,1.8924040794372559,-2.940303955255727,-0.32126653314916276,0.49917929981218845,1766201815.8961525
-0.35515373945236206,-2.0286333560943604,1.8922479152679443,-2.9436329303336493,-0.32183324057567086,0.4977069109618296,1766201815.9061317
-0.36199891567230225,-2.0333054065704346,1.8920637369155884,-2.9451260770340673,-0.3255156322883701,0.49799286779816676,1766201815.916156
-0.36936789751052856,-2.0377490520477295,1.8919119834899902,-2.9472985411681623,-0.33376353321468494,0.505792420653279,1766201815.916181
-0.3763371407985687,-2.0423617362976074,1.8914886713027954,-2.9457044155338576,-0.33606617228439933,0.5066165031051174,1766201815.926292
-0.382875919342041,-2.0472147464752197,1.8908711671829224,-2.9447451558366007,-0.33304176750998304,0.49995948180966543,1766201815.9359918
-0.3902692198753357,-2.0514869689941406,1.8904428482055664,-2.942255054250732,-0.338345213616759,0.5049163641230807,1766201815.946068
-0.39734798669815063,-2.055994749069214,1.8897794485092163,-2.943084567957454,-0.34198019097175625,0.5050357908774366,1766201815.9561553
-0.40437641739845276,-2.0606603622436523,1.8889973163604736,-2.941436777312804,-0.343248626481559,0.5023410643399996,1766201815.9661415
-0.4119003415107727,-2.0650415420532227,1.888272762298584,-2.943436979454112,-0.34677884807787873,0.5063245427965906,1766201815.966232
-0.41921767592430115,-2.069530725479126,1.8874156475067139,-2.942062308869918,-0.34916926284225414,0.5066389108611918,1766201815.9760115
-0.4266900420188904,-2.0739662647247314,1.8864279985427856,-2.944383615195213,-0.35413834061379884,0.5088604256510151,1766201815.9860408
-0.43375518918037415,-2.0784759521484375,1.8852112293243408,-2.9409850933704744,-0.35213082247055955,0.5026185407326267,1766201815.9961588
-0.44149696826934814,-2.0826823711395264,1.8842387199401855,-2.9437689430037413,-0.35902675375248577,0.5062137853972757,1766201816.0061092
-0.4488718509674072,-2.0869181156158447,1.8829773664474487,-2.9424173746183886,-0.3614872461711606,0.5053010944409239,1766201816.0061424
-0.45599403977394104,-2.0913262367248535,1.8815104961395264,-2.9393236662822706,-0.3590330265253614,0.5025500621886302,1766201816.0159972
-0.46351802349090576,-2.0954742431640625,1.8800508975982666,-2.9378710954668303,-0.3609361530574801,0.5021463093875755,1766201816.0261998
-0.4712327718734741,-2.0994832515716553,1.8786035776138306,-2.9409448991841702,-0.36818984583189335,0.5074115146505002,1766201816.036058
-0.47843343019485474,-2.103788137435913,1.8769333362579346,-2.940255387810201,-0.36538678034217614,0.5035387523353224,1766201816.045958
-0.4862799346446991,-2.10768723487854,1.8753798007965088,-2.9399002831944356,-0.37176778405661887,0.508037097153891,1766201816.0561333
-0.49402737617492676,-2.1118314266204834,1.8737788200378418,-2.9353400147619526,-0.3748652892981169,0.5121599212192037,1766201816.0561597
-0.5014345049858093,-2.1159234046936035,1.8721166849136353,-2.9315652347359826,-0.37573493803859404,0.5111972998742621,1766201816.0660436
-0.5091714262962341,-2.1201038360595703,1.8705185651779175,-2.927210490876651,-0.37757067599905897,0.5118370483847288,1766201816.0760562
-0.5169115662574768,-2.1242096424102783,1.8689388036727905,-2.9298928310619474,-0.38102532122689137,0.514408396056713,1766201816.086133
-0.5246381759643555,-2.128263235092163,1.8673019409179688,-2.927036571759223,-0.3832319564211303,0.5163609777446097,1766201816.096148
-0.5325154662132263,-2.13230562210083,1.8657220602035522,-2.9260133114013254,-0.3859407847856045,0.5188154810582442,1766201816.1061149
-0.5402694344520569,-2.1363296508789062,1.8641430139541626,-2.922688418913343,-0.38738761204701977,0.5223286863118681,1766201816.1062205
-0.5478988289833069,-2.1404428482055664,1.8624224662780762,-2.919069659363274,-0.38487009273614464,0.5200260686655637,1766201816.1161246
-0.5560314655303955,-2.144303321838379,1.8609451055526733,-2.917993585379959,-0.3913062060308998,0.5294649703115119,1766201816.126087
-0.5640571713447571,-2.1481189727783203,1.8592774868011475,-2.9188642090478782,-0.3946595889301039,0.5305245700140773,1766201816.136053
-0.5720011591911316,-2.1519248485565186,1.8576902151107788,-2.914041872737529,-0.3976696266833043,0.532900229681775,1766201816.1460793
-0.5797560811042786,-2.155898332595825,1.856169581413269,-2.9108405878983534,-0.3970371360693366,0.5319216011939739,1766201816.1560676
-0.5882141590118408,-2.159517765045166,1.8550021648406982,-2.906998507299381,-0.4032467868232611,0.5377108905547047,1766201816.1560798
-0.5963144302368164,-2.163421154022217,1.8539081811904907,-2.904894700856448,-0.40495047725087613,0.5418097466901088,1766201816.1661043
-0.604544460773468,-2.1671090126037598,1.852701187133789,-2.908635322964746,-0.4082539645586506,0.5417148235398341,1766201816.1760054
-0.6122878789901733,-2.171022653579712,1.8514245748519897,-2.9086495730147512,-0.40807886196229703,0.5417271986214028,1766201816.1861734
-0.6207569241523743,-2.1745264530181885,1.8504323959350586,-2.9109702557068404,-0.41454428690785694,0.5488174879015274,1766201816.1961524
-0.628777265548706,-2.1781809329986572,1.8494188785552979,-2.909034429724539,-0.4162717092592492,0.552273229337535,1766201816.2061532
-0.6368287205696106,-2.1819088459014893,1.8484768867492676,-2.9059160878253034,-0.4180638741078318,0.5545838675359788,1766201816.2061808
-0.6449136734008789,-2.185603380203247,1.847648024559021,-2.906560226338468,-0.4203817385290055,0.5572751461442382,1766201816.2160587
-0.6531134247779846,-2.189305305480957,1.846939206123352,-2.903644961956776,-0.4238928241629949,0.5643207167431961,1766201816.226082
-0.6610044240951538,-2.193004846572876,1.846147894859314,-2.9030589700895746,-0.4252894118639494,0.5639451361164095,1766201816.2361507
-0.6687180995941162,-2.1968607902526855,1.8452867269515991,-2.903088506420439,-0.4293258846554523,0.5633146500403255,1766201816.2461672
-0.6768672466278076,-2.200465679168701,1.8446159362792969,-2.9015239622079565,-0.4353163801888633,0.5694708317753918,1766201816.2560875
-0.6847884058952332,-2.204176187515259,1.8439960479736328,-2.9014516627279416,-0.43944921911173984,0.5730744804658,1766201816.2561142
-0.6923750042915344,-2.2078909873962402,1.8432058095932007,-2.9003420149733325,-0.445333365812001,0.5718829907347672,1766201816.2660534
-0.7000126838684082,-2.21162486076355,1.8425261974334717,-2.901007361264939,-0.4481697279449976,0.5730207131049985,1766201816.276075
-0.7080087065696716,-2.2149837017059326,1.8420851230621338,-2.9020737834297594,-0.45809892034758926,0.5800689820378685,1766201816.286055
-0.7154901623725891,-2.218629837036133,1.8416337966918945,-2.90217509852997,-0.46356386448365394,0.5821099893264376,1766201816.2961369
-0.7225328087806702,-2.2223284244537354,1.8410375118255615,-2.9005344674851035,-0.4657826285331754,0.5778900216915329,1766201816.3061476
-0.7297859787940979,-2.2258870601654053,1.8407062292099,-2.9035833542169356,-0.4718206805148702,0.5798440499432146,1766201816.3061752
-0.7370641231536865,-2.229292869567871,1.8404748439788818,-2.904531491910477,-0.48086526029991095,0.5875761850055338,1766201816.3160946
-0.7441297769546509,-2.232910633087158,1.8402416706085205,-2.9052519942760124,-0.4855792875204326,0.5890295843728989,1766201816.326138
-0.7506914734840393,-2.236339807510376,1.8397574424743652,-2.9123753521631532,-0.4967977480664559,0.5917457400644448,1766201816.336119
-0.7574441432952881,-2.2399916648864746,1.8398305177688599,-2.901601718025638,-0.49420020031994827,0.5950273470695266,1766201816.346136
-0.7637274861335754,-2.2434515953063965,1.839502215385437,-2.9089795281630737,-0.505401009208209,0.5956737481091862,1766201816.356088
-0.7700337171554565,-2.246894598007202,1.8392127752304077,-2.9073817489674596,-0.5117724232955857,0.6006281070114122,1766201816.3561797
-0.7763568758964539,-2.250267267227173,1.8391199111938477,-2.908078066033733,-0.5179651638486625,0.6015613680160601,1766201816.3661628
-0.782063901424408,-2.253784656524658,1.8388760089874268,-2.901689597984783,-0.5177277536419745,0.5984025066864347,1766201816.3761337
-0.788267195224762,-2.256930351257324,1.8389239311218262,-2.9021001777973803,-0.5266274802765863,0.6062447661868885,1766201816.3861566
-0.7941679954528809,-2.2601311206817627,1.8388375043869019,-2.9020545155118116,-0.5309310302481486,0.6089879481271745,1766201816.396163
-0.799931526184082,-2.263226270675659,1.838878870010376,-2.9010178373141975,-0.5350435717281375,0.609558627326986,1766201816.4061527
-0.8055813312530518,-2.2661666870117188,1.8388996124267578,-2.9017578304924334,-0.5384272105935657,0.612363296410892,1766201816.4161496
-0.8108989000320435,-2.2692110538482666,1.8387417793273926,-2.9003545225449217,-0.5390378826499329,0.6110665617500239,1766201816.4161744
-0.8167626261711121,-2.2717976570129395,1.839003086090088,-2.8988645198601857,-0.5433799876795545,0.6179819700528092,1766201816.4261913
-0.822134256362915,-2.2745532989501953,1.8389828205108643,-2.905494288528016,-0.5480347177562116,0.6206381509789429,1766201816.4361668
-0.8274714350700378,-2.2771308422088623,1.8391026258468628,-2.9020475541015816,-0.5463893589126092,0.6226230634634237,1766201816.446152
-0.8326635360717773,-2.279651403427124,1.8389217853546143,-2.90746321975221,-0.5511117291910257,0.6242805784828432,1766201816.4561713
-0.837972104549408,-2.2820801734924316,1.8389698266983032,-2.905788620447224,-0.5507201886250833,0.6270696328184624,1766201816.4561973
-0.843027651309967,-2.284468412399292,1.8386834859848022,-2.910767893924561,-0.5553774382251283,0.6303498239508508,1766201816.466158
-0.8481795787811279,-2.2867510318756104,1.8385987281799316,-2.908660040487574,-0.553845202502388,0.6324298183953262,1766201816.4760804
-0.8531550168991089,-2.2890450954437256,1.8381586074829102,-2.9170004512061443,-0.5584871193277027,0.6357075204980946,1766201816.4861453
-0.8582212328910828,-2.291215181350708,1.8379336595535278,-2.9138806465509983,-0.5569343368448533,0.6370403096515602,1766201816.4961178
-0.8629508018493652,-2.29343843460083,1.8373997211456299,-2.919607212863871,-0.5610447422134169,0.6397517161984819,1766201816.5061626
-0.8676581978797913,-2.2956936359405518,1.83693265914917,-2.918840961970838,-0.556155547119239,0.6369343612703798,1766201816.516138
-0.8726131319999695,-2.2976789474487305,1.8364723920822144,-2.924142469609234,-0.5618351348659528,0.6443098896636522,1766201816.5161636
-0.8773905634880066,-2.299758195877075,1.835984468460083,-2.9243916414783113,-0.5609669475617665,0.645729393665874,1766201816.526076
-0.8819401264190674,-2.301806926727295,1.8352688550949097,-2.930769388563845,-0.5635697349196203,0.6487908647187317,1766201816.5360513
-0.8865557312965393,-2.303785562515259,1.8345547914505005,-2.927705074661332,-0.5617538278791383,0.6508283846666609,1766201816.5460713
-0.8909681439399719,-2.3057594299316406,1.8337454795837402,-2.934184908982729,-0.565253644501201,0.6529922665395413,1766201816.5560594
-0.895439624786377,-2.30767822265625,1.8330333232879639,-2.934815240139413,-0.564921702903093,0.6531183389257574,1766201816.5560758
-0.8997177481651306,-2.3096487522125244,1.832106590270996,-2.9407323671586685,-0.5678053288812236,0.6553972752185392,1766201816.5661476
-0.9032080173492432,-2.311518669128418,1.8307976722717285,-2.9499023175335704,-0.5725682572199723,0.6482164232063591,1766201816.5760698
-0.907863199710846,-2.3134706020355225,1.8300498723983765,-2.9440049627918494,-0.5706558659634913,0.6567242217088998,1766201816.5860705
-0.9114594459533691,-2.3153843879699707,1.828869104385376,-2.9531755128392896,-0.5751266602389323,0.6492298806589493,1766201816.5961342
-0.915937602519989,-2.3173134326934814,1.8283010721206665,-2.947234982854292,-0.5733627210179753,0.6566783478555959,1766201816.606154
-0.9201455116271973,-2.3195159435272217,1.8273996114730835,-2.9715175519014663,-0.5784624366805854,0.6518101721133196,1766201816.6161356
-0.9234078526496887,-2.3211874961853027,1.8261680603027344,-2.957970500707521,-0.578778635091892,0.6553344255027296,1766201816.6161609
-0.9267017245292664,-2.323101758956909,1.824804425239563,-2.9661675611741005,-0.5829643014033548,0.6480849154030149,1766201816.6261504
-0.9302258491516113,-2.3249497413635254,1.8234425783157349,-2.9707790146224813,-0.5855472677021096,0.6472914606843928,1766201816.6360598
-0.9339096546173096,-2.326606035232544,1.8226374387741089,-2.9754024224012636,-0.5904239460500653,0.6515918661687923,1766201816.646087
-0.9370920062065125,-2.328488349914551,1.8213430643081665,-2.9752633189323117,-0.5917907639868305,0.6505483081565182,1766201816.6560533
-0.9408365488052368,-2.33068585395813,1.8204197883605957,-2.9675458702386526,-0.5843397406970446,0.6500281135254924,1766201816.6560664
-0.9435089230537415,-2.3324413299560547,1.8188637495040894,-2.983678366919195,-0.5983739694244645,0.6493930529425473,1766201816.6661525
-0.9468218684196472,-2.3345298767089844,1.8179885149002075,-2.9659182124048393,-0.5886739175708128,0.6500147947759118,1766201816.6760561
-0.9489677548408508,-2.336181402206421,1.8163743019104004,-2.9782740087678485,-0.604809386375146,0.6505589352613732,1766201816.686059
-0.951621949672699,-2.33811354637146,1.81516695022583,-2.9782942228795224,-0.6085407763682784,0.6509715818417414,1766201816.6961486
-0.9542428851127625,-2.3398942947387695,1.8141731023788452,-2.977220426424137,-0.6108613865320548,0.6510133396665941,1766201816.7061539
-0.9566986560821533,-2.3417582511901855,1.8130306005477905,-2.9741419958055633,-0.6128595768196639,0.6500228052576923,1766201816.7061813
-0.9596568942070007,-2.3438737392425537,1.8123774528503418,-2.9644748170881425,-0.6051287244240585,0.6508907296819593,1766201816.7160215
-0.9614669680595398,-2.345595598220825,1.8112914562225342,-2.9877454769746716,-0.6205790804342642,0.6475683630545478,1766201816.7261555
-0.9641730785369873,-2.347426414489746,1.8106582164764404,-2.966017096912991,-0.6114254186161114,0.6487130297035458,1766201816.736113
-0.9652347564697266,-2.3487024307250977,1.809383749961853,-2.9654370435302533,-0.6214604835398742,0.6452731805795161,1766201816.746108
-0.9671638607978821,-2.3501930236816406,1.808667540550232,-2.965639219303884,-0.6262206283254693,0.6466639902603235,1766201816.7561378
-0.9694632887840271,-2.3517398834228516,1.8085469007492065,-2.9910634650166106,-0.6302403871769541,0.6411798562018635,1766201816.756165
-0.9714195728302002,-2.3529775142669678,1.8080066442489624,-2.9908159217814556,-0.6369934011959719,0.6468312960587663,1766201816.766132
-0.9730856418609619,-2.3540775775909424,1.8078142404556274,-2.9919608029858886,-0.6382213772249775,0.6482122594767334,1766201816.7761443
-0.9746347069740295,-2.3551766872406006,1.807263731956482,-2.9898004984638846,-0.6410080184772824,0.6460907931689319,1766201816.7861474
-0.976321280002594,-2.3560855388641357,1.807135820388794,-2.9485020220544893,-0.6258880339331289,0.6518307618421463,1766201816.7961547
-0.9780527353286743,-2.3571341037750244,1.8073982000350952,-2.9697804690297613,-0.6271962667963371,0.6470434691412148,1766201816.806179
-0.9787883758544922,-2.357671022415161,1.8070484399795532,-2.9937090322595608,-0.6429490426375096,0.6451902041540265,1766201816.8160524
-0.9801020622253418,-2.3583600521087646,1.8068543672561646,-2.9880383191362285,-0.6420996315744054,0.6421548531235582,1766201816.8261619
-0.9811605215072632,-2.3590965270996094,1.8069247007369995,-2.9920637030025015,-0.6429680031131508,0.6444062379993466,1766201816.8261697
-0.9823582768440247,-2.3595101833343506,1.8070508241653442,-2.9921725166752338,-0.6424238066772808,0.6411689203393675,1766201816.8360987
-0.983163058757782,-2.360128402709961,1.807132363319397,-2.9899415688911235,-0.6380850659226271,0.6340274165399882,1766201816.8460557
-0.9847989082336426,-2.360694646835327,1.8076688051223755,-2.9731829854695113,-0.6280373334913328,0.6408928339082789,1766201816.8561857
-0.9848871231079102,-2.3606925010681152,1.8073036670684814,-2.9688058882396864,-0.6385944853779927,0.641136660679369,1766201816.8562124
-0.9861943125724792,-2.361269474029541,1.8078699111938477,-2.9925315946956985,-0.6402352767181444,0.636504284747908,1766201816.8660793
-0.987053394317627,-2.3616085052490234,1.8081408739089966,-2.9950290244632995,-0.6406514985184388,0.6344487372649207,1766201816.8760676
-0.9877321124076843,-2.361992120742798,1.8083710670471191,-2.99409551167218,-0.6408684296303054,0.634192167476718,1766201816.886124
-0.9881727695465088,-2.3621432781219482,1.8083142042160034,-2.973207785061639,-0.638566774203582,0.6363135939429378,1766201816.8961399
-0.9893666505813599,-2.3627002239227295,1.8089158535003662,-2.95124235757212,-0.6234061774600173,0.6371155339456941,1766201816.9061244
-0.9903948903083801,-2.3632519245147705,1.8095232248306274,-2.970621570677758,-0.6240859347999044,0.6323053687895009,1766201816.9161077
-0.990940272808075,-2.363553524017334,1.8098764419555664,-2.9706332377315365,-0.6238728623317832,0.6312365508112702,1766201816.926164
-0.9908170700073242,-2.36346435546875,1.8097623586654663,-2.984080880598343,-0.6378460849401091,0.6296046083982677,1766201816.9261887
-0.9911547303199768,-2.3637077808380127,1.8100043535232544,-2.9756597436850996,-0.6356473268439609,0.6304647733612304,1766201816.936065
-0.991611897945404,-2.3640358448028564,1.8103173971176147,-2.973412465016025,-0.6343610178257796,0.6296617585648528,1766201816.946054
-0.9924681782722473,-2.364527463912964,1.8108654022216797,-2.990692896281668,-0.634749920480918,0.6229513390234238,1766201816.956004
-0.9928820729255676,-2.364867687225342,1.811208724975586,-2.989867205098352,-0.6342230541231028,0.6215338954467113,1766201816.9560127
-0.9930809140205383,-2.3651115894317627,1.8114128112792969,-2.977440709976652,-0.6315922330278139,0.6222847603131155,1766201816.9661002
-0.9934484362602234,-2.3654673099517822,1.8117622137069702,-2.977418036288373,-0.6306357860124996,0.6211499670412526,1766201816.9761567
-0.9940402507781982,-2.366227149963379,1.812182068824768,-2.955397850088251,-0.613032021477638,0.6178059586151728,1766201816.9861312
-0.994063675403595,-2.366429090499878,1.8124194145202637,-2.989457130568935,-0.6274489318618562,0.6131277446505923,1766201816.996137
-0.9939455389976501,-2.3665924072265625,1.8123351335525513,-2.967372160245858,-0.625840059027486,0.6158794537035773,1766201817.0061135
-0.9944473505020142,-2.3668458461761475,1.8127260208129883,-2.970175921868746,-0.6287422330355745,0.6199493551333869,1766201817.006141
-0.994498074054718,-2.3673646450042725,1.812899112701416,-2.9671263218685087,-0.6236311915294697,0.6139161387758931,1766201817.0160472
-0.9949609637260437,-2.367619276046753,1.8132673501968384,-2.9702658963896855,-0.6267860311602866,0.6183406781959981,1766201817.0261457
-0.9951785206794739,-2.3679864406585693,1.81350576877594,-2.970802370714116,-0.6258999913178256,0.6176332944129956,1766201817.0361497
-0.9955360293388367,-2.368441581726074,1.8137022256851196,-2.9746786337277933,-0.6247414076892492,0.61360444890631,1766201817.0461295
-0.995415985584259,-2.3689544200897217,1.8136979341506958,-2.970717695056833,-0.6193081379366656,0.6073325933154086,1766201817.0561259
-0.9957574009895325,-2.3691940307617188,1.813955307006836,-2.9710250762930857,-0.6217051653110648,0.6116361202177439,1766201817.0561535
-0.9958458542823792,-2.369537830352783,1.8140357732772827,-2.970045784123975,-0.6202126134088063,0.6115835030209824,1766201817.0660796
-0.9958880543708801,-2.369917631149292,1.8141177892684937,-2.9684736603601647,-0.6182850522559037,0.612011666557694,1766201817.0760632
-0.995894730091095,-2.370605230331421,1.8142131567001343,-2.9397810395032082,-0.5999717768198276,0.6130988132087027,1766201817.0860624
-0.9961943626403809,-2.370828628540039,1.8143854141235352,-2.9419959547730574,-0.6027056633592395,0.6169031195753826,1766201817.0960546
-0.9958953261375427,-2.3709840774536133,1.8139715194702148,-2.963394824595524,-0.6169404002685371,0.614638281222861,1766201817.106056
-0.9959981441497803,-2.3713388442993164,1.8139805793762207,-2.962021851017935,-0.6156389936247416,0.6146589254334734,1766201817.1060724
-0.996497631072998,-2.3722519874572754,1.8141989707946777,-2.9388605964877406,-0.5991182951321091,0.6215776497774872,1766201817.1160455
-0.9969999194145203,-2.3727972507476807,1.8144687414169312,-2.956567667058525,-0.5994971948218618,0.6168896166302512,1766201817.1260936
-0.9964838027954102,-2.3725948333740234,1.8141791820526123,-2.9787481515085195,-0.6156557738768667,0.6107780077177153,1766201817.1361508
-0.9965296387672424,-2.372882604598999,1.814125895500183,-2.978609474657541,-0.6156211201987818,0.6105875375994351,1766201817.1461399
-0.9962335824966431,-2.3729307651519775,1.8137423992156982,-2.958370581204129,-0.6139444140799282,0.6140510233868273,1766201817.1561403
-0.996293842792511,-2.373141288757324,1.8137022256851196,-2.9575184626925353,-0.6142161848542353,0.6141060752792695,1766201817.166156
-0.9963244795799255,-2.3733229637145996,1.8136531114578247,-2.9568889738465343,-0.614063489094049,0.6143503024464233,1766201817.166181
-0.9968015551567078,-2.3737363815307617,1.813842535018921,-2.9360077089081624,-0.6007488097064348,0.618190237684425,1766201817.176041
-0.9968119263648987,-2.3738300800323486,1.8137986660003662,-2.934762018944251,-0.6001422992211115,0.6183964784125034,1766201817.186071
-0.9963757991790771,-2.373582601547241,1.8135318756103516,-2.9511744403984856,-0.6125125804883989,0.6154247180077953,1766201817.1961222
-0.9968098998069763,-2.373833656311035,1.8137544393539429,-2.934023940275667,-0.6006200968510335,0.6185237557041456,1766201817.2061205
-0.9968200325965881,-2.373756170272827,1.8137460947036743,-2.9332345779843294,-0.6004094230646787,0.6189772318182208,1766201817.2061481
-0.996862530708313,-2.373607635498047,1.8138197660446167,-2.933584158675747,-0.599795051919928,0.6193753613865836,1766201817.216051
-0.9964626431465149,-2.373135566711426,1.8136759996414185,-2.9508986640685246,-0.6115050157730207,0.6162073843026927,1766201817.2260249
-0.9964840412139893,-2.3728737831115723,1.8138048648834229,-2.9514117183833206,-0.6114943124424892,0.616729687561629,1766201817.2361505
-0.9967084527015686,-2.3729159832000732,1.8141885995864868,-2.9725163732520765,-0.6084210816814453,0.608665715245145,1766201817.2460024
-0.9967358708381653,-2.3725194931030273,1.8143686056137085,-2.973987422105436,-0.6083805077313552,0.6097066070826077,1766201817.2560568
-0.9970200657844543,-2.3719465732574463,1.8146986961364746,-2.9780717430301267,-0.6123046614901582,0.6159639279397991,1766201817.2660558
-0.9975154995918274,-2.3716535568237305,1.8152916431427002,-2.955046523326804,-0.5957038819426491,0.6182554506182231,1766201817.266065
-0.9973686933517456,-2.3710429668426514,1.815321922302246,-2.944541580362363,-0.5942873701683898,0.6194371163292697,1766201817.276
-0.9973313212394714,-2.370483875274658,1.8155603408813477,-2.9453858648373106,-0.5940102987640125,0.6205323524389589,1766201817.2860358
-0.9969675540924072,-2.3697354793548584,1.8157118558883667,-2.976988362044413,-0.6075173795767674,0.6164702747793148,1766201817.2960138
-0.9969325065612793,-2.369037389755249,1.8160020112991333,-2.9790620061184794,-0.6068161515807653,0.6161934539071638,1766201817.3060155
-0.9964622855186462,-2.3681066036224365,1.8160282373428345,-2.9569289618324497,-0.6033296915631967,0.6205521254654477,1766201817.3160026
-0.9963648319244385,-2.3673994541168213,1.8163326978683472,-2.9586368780509242,-0.6033063884505159,0.6213114751121604,1766201817.3160393
-0.9962142109870911,-2.366647958755493,1.8166536092758179,-2.9609096450331136,-0.6027279359634179,0.6223538801799938,1766201817.3361833
