X_Human,Y_Human,Theta_Human,X_Robot,Y_Robot,Theta_Robot,time
-0.4803411364555359,-1.6599200963974,-2.303120717465878,0.24366562068462372,2.5394790172576904,-1.7686512918175368,1766201827.5160508
-0.4803411364555359,-1.6599200963974,-2.303120717465878,0.243647038936615,2.5394468307495117,-1.7684255542708303,1766201827.526054
-0.47429588437080383,-1.643884301185608,-2.273791885502765,0.243647038936615,2.5394468307495117,-1.7684255542708303,1766201827.526106
-0.47429588437080383,-1.643884301185608,-2.273791885502765,0.24371401965618134,2.539454221725464,-1.7687487131255493,1766201827.53604
-0.47429588437080383,-1.643884301185608,-2.273791885502765,0.24369269609451294,2.5393595695495605,-1.7685909035885636,1766201827.5459924
-0.47030070424079895,-1.615481972694397,-2.1796201561976054,0.24369269609451294,2.5393595695495605,-1.7685909035885636,1766201827.5560775
-0.47030070424079895,-1.615481972694397,-2.1796201561976054,0.24374279379844666,2.5394482612609863,-1.7688656677018741,1766201827.555995
-0.47030070424079895,-1.615481972694397,-2.1796201561976054,0.2437436580657959,2.53941011428833,-1.7687784122629842,1766201827.5560148
-0.47030070424079895,-1.615481972694397,-2.1796201561976054,0.2437695562839508,2.539395809173584,-1.7690163528182035,1766201827.5759916
-0.47030070424079895,-1.615481972694397,-2.1796201561976054,0.244047611951828,2.5391790866851807,-1.7692408005630178,1766201827.5760179
-0.47030070424079895,-1.615481972694397,-2.1796201561976054,0.24395249783992767,2.539569139480591,-1.7703028261950966,1766201827.5859892
-0.4672379493713379,-1.5941075086593628,-2.1226594057059365,0.24395249783992767,2.539569139480591,-1.7703028261950966,1766201827.586008
-0.4672379493713379,-1.5941075086593628,-2.1226594057059365,0.2437073439359665,2.5394179821014404,-1.768792928105738,1766201827.5960832
-0.4664168357849121,-1.586944341659546,-2.103740367941141,0.2437073439359665,2.5394179821014404,-1.768792928105738,1766201827.596123
-0.4664168357849121,-1.586944341659546,-2.103740367941141,0.2436666190624237,2.5394179821014404,-1.7686593313237209,1766201827.6061263
-0.4655190110206604,-1.579938292503357,-2.0843800180567675,0.2436666190624237,2.5394179821014404,-1.7686593313237209,1766201827.6061652
-0.4655190110206604,-1.579938292503357,-2.0843800180567675,0.24370531737804413,2.539409637451172,-1.76899996187873,1766201827.6061804
-0.46469420194625854,-1.5729626417160034,-2.0647092884666005,0.24370531737804413,2.539409637451172,-1.76899996187873,1766201827.6061895
-0.46469420194625854,-1.5729626417160034,-2.0647092884666005,0.2436685711145401,2.539522647857666,-1.768873123212405,1766201827.6160538
-0.4639934301376343,-1.5658330917358398,-2.0454095504919882,0.2436685711145401,2.539522647857666,-1.768873123212405,1766201827.616065
-0.4639934301376343,-1.5658330917358398,-2.0454095504919882,0.24363914132118225,2.5394909381866455,-1.7684237602345017,1766201827.6261039
-0.4630683362483978,-1.558740496635437,-2.0260794276208847,0.24363914132118225,2.5394909381866455,-1.7684237602345017,1766201827.6261375
-0.4630683362483978,-1.558740496635437,-2.0260794276208847,0.24363522231578827,2.5395100116729736,-1.7685696658505263,1766201827.6361115
-0.46222659945487976,-1.551692008972168,-2.006239319511417,0.24363522231578827,2.5395100116729736,-1.7685696658505263,1766201827.6361477
-0.46130508184432983,-1.5446826219558716,-1.989415879241615,0.24363522231578827,2.5395100116729736,-1.7685696658505263,1766201827.6461496
-0.46130508184432983,-1.5446826219558716,-1.989415879241615,0.24363194406032562,2.5394530296325684,-1.7687308449395016,1766201827.6461165
-0.46130508184432983,-1.5446826219558716,-1.989415879241615,0.24366538226604462,2.539417266845703,-1.7689271965497153,1766201827.6561139
-0.460409551858902,-1.5376893281936646,-1.9693562107506577,0.24366538226604462,2.539417266845703,-1.7689271965497153,1766201827.656149
-0.460409551858902,-1.5376893281936646,-1.9693562107506577,0.24368590116500854,2.539367198944092,-1.7687142719359588,1766201827.666105
-0.459562748670578,-1.5304325819015503,-1.9487739930989456,0.24368590116500854,2.539367198944092,-1.7687142719359588,1766201827.6661422
-0.45675963163375854,-1.523830771446228,-1.9582694466474497,0.24368590116500854,2.539367198944092,-1.7687142719359588,1766201827.676128
-0.45675963163375854,-1.523830771446228,-1.9582694466474497,0.24368469417095184,2.5394043922424316,-1.7685430508068067,1766201827.6760888
-0.45713555812835693,-1.5170096158981323,-1.9204637848672625,0.24368469417095184,2.5394043922424316,-1.7685430508068067,1766201827.6761553
-0.45713555812835693,-1.5170096158981323,-1.9204637848672625,0.24371768534183502,2.5393998622894287,-1.7686548109603024,1766201827.6761458
-0.45713555812835693,-1.5170096158981323,-1.9204637848672625,0.2437317967414856,2.539422035217285,-1.7687864743312132,1766201827.686111
-0.4549141228199005,-1.5100990533828735,-1.9298801554393261,0.2437317967414856,2.539422035217285,-1.7687864743312132,1766201827.6861436
-0.4549141228199005,-1.5100990533828735,-1.9298801554393261,0.24374186992645264,2.5393717288970947,-1.7689236582645642,1766201827.6960433
-0.4548565745353699,-1.503106713294983,-1.88541245582881,0.24374186992645264,2.5393717288970947,-1.7689236582645642,1766201827.696053
-0.4518927037715912,-1.4963728189468384,-1.892916734747947,0.24374186992645264,2.5393717288970947,-1.7689236582645642,1766201827.706153
-0.4518927037715912,-1.4963728189468384,-1.892916734747947,0.2436968982219696,2.539369821548462,-1.7685730526766,1766201827.7061183
-0.45164164900779724,-1.4901739358901978,-1.8745995802519904,0.2436968982219696,2.539369821548462,-1.7685730526766,1766201827.7061782
-0.45164164900779724,-1.4901739358901978,-1.8745995802519904,0.2437146008014679,2.5393898487091064,-1.7686257207505098,1766201827.7061684
-0.4499579966068268,-1.4833602905273438,-1.8557195936799722,0.2437146008014679,2.5393898487091064,-1.7686257207505098,1766201827.716147
-0.4499579966068268,-1.4833602905273438,-1.8557195936799722,0.2436610460281372,2.5395095348358154,-1.7688018768992357,1766201827.7161133
-0.4499579966068268,-1.4833602905273438,-1.8557195936799722,0.24365843832492828,2.5394935607910156,-1.7685844667610717,1766201827.7261496
-0.4469578266143799,-1.4768906831741333,-1.8653346841116196,0.24365843832492828,2.5394935607910156,-1.7685844667610717,1766201827.7261589
-0.4469578266143799,-1.4768906831741333,-1.8653346841116196,0.24363701045513153,2.5394446849823,-1.7686156431969022,1766201827.7360542
-0.4451337456703186,-1.4706186056137085,-1.859680593162715,0.24363701045513153,2.5394446849823,-1.7686156431969022,1766201827.7360678
-0.4451337456703186,-1.4706186056137085,-1.859680593162715,0.24365642666816711,2.5394694805145264,-1.7688964136946685,1766201827.746118
-0.4445488154888153,-1.4643999338150024,-1.8289176389982238,0.24365642666816711,2.5394694805145264,-1.7688964136946685,1766201827.7461524
-0.4445488154888153,-1.4643999338150024,-1.8289176389982238,0.24366796016693115,2.539501667022705,-1.768758706977183,1766201827.7560859
-0.44208824634552,-1.458438515663147,-1.8287876918680699,0.24366796016693115,2.539501667022705,-1.768758706977183,1766201827.756131
-0.44208824634552,-1.458438515663147,-1.8287876918680699,0.24368780851364136,2.539520025253296,-1.7686285194627576,1766201827.756157
-0.43893158435821533,-1.4522502422332764,-1.8349569534987722,0.24368780851364136,2.539520025253296,-1.7686285194627576,1766201827.7561727
-0.43627336621284485,-1.445968747138977,-1.829645489022484,0.24368780851364136,2.539520025253296,-1.7686285194627576,1766201827.7661293
-0.43627336621284485,-1.445968747138977,-1.829645489022484,0.2436411827802658,2.5394182205200195,-1.7684689600370005,1766201827.766101
-0.43523141741752625,-1.440574288368225,-1.812452919979939,0.2436411827802658,2.5394182205200195,-1.7684689600370005,1766201827.776158
-0.43523141741752625,-1.440574288368225,-1.812452919979939,0.2437484711408615,2.539470672607422,-1.7687960682507975,1766201827.776124
-0.43523141741752625,-1.440574288368225,-1.812452919979939,0.24397093057632446,2.53955340385437,-1.7700789466065927,1766201827.786106
-0.43291643261909485,-1.4347409009933472,-1.8041299060667717,0.24397093057632446,2.53955340385437,-1.7700789466065927,1766201827.7861397
-0.43004387617111206,-1.4287917613983154,-1.8024426771071624,0.24397093057632446,2.53955340385437,-1.7700789466065927,1766201827.7961369
-0.43004387617111206,-1.4287917613983154,-1.8024426771071624,0.24377645552158356,2.5394206047058105,-1.7687949597414283,1766201827.7961028
-0.43004387617111206,-1.4287917613983154,-1.8024426771071624,0.24400487542152405,2.5396223068237305,-1.7703760843240124,1766201827.8060925
-0.42603376507759094,-1.422476887702942,-1.8085987865734519,0.24400487542152405,2.5396223068237305,-1.7703760843240124,1766201827.8061252
-0.42603376507759094,-1.422476887702942,-1.8085987865734519,0.24372808635234833,2.539462089538574,-1.7688019662530765,1766201827.8061411
-0.42340409755706787,-1.4169772863388062,-1.8105962569404124,0.24372808635234833,2.539462089538574,-1.7688019662530765,1766201827.8061502
-0.42051026225090027,-1.4111167192459106,-1.8067367286098912,0.24372808635234833,2.539462089538574,-1.7688019662530765,1766201827.815994
-0.42051026225090027,-1.4111167192459106,-1.8067367286098912,0.2437126487493515,2.5393736362457275,-1.7686817280397766,1766201827.815984
-0.42051026225090027,-1.4111167192459106,-1.8067367286098912,0.2437094748020172,2.5394413471221924,-1.7688983858944627,1766201827.826119
-0.4176987111568451,-1.4053027629852295,-1.806154700349661,0.2437094748020172,2.5394413471221924,-1.7688983858944627,1766201827.8261528
-0.41580474376678467,-1.3997409343719482,-1.7898778308261971,0.2437094748020172,2.5394413471221924,-1.7688983858944627,1766201827.8361533
-0.41580474376678467,-1.3997409343719482,-1.7898778308261971,0.24372312426567078,2.5396676063537598,-1.770025378517896,1766201827.8361192
-0.4116656482219696,-1.3936430215835571,-1.7988539107579864,0.24372312426567078,2.5396676063537598,-1.770025378517896,1766201827.846143
-0.4116656482219696,-1.3936430215835571,-1.7988539107579864,0.2436458170413971,2.539360284805298,-1.7687378999499166,1766201827.8461013
-0.40853700041770935,-1.3876956701278687,-1.7966474090495164,0.2436458170413971,2.539360284805298,-1.7687378999499166,1766201827.856153
-0.40853700041770935,-1.3876956701278687,-1.7966474090495164,0.24364326894283295,2.5395379066467285,-1.7687786653622994,1766201827.8561192
-0.4053288996219635,-1.3817294836044312,-1.793638335025673,0.24364326894283295,2.5395379066467285,-1.7687786653622994,1766201827.8661325
-0.4053288996219635,-1.3817294836044312,-1.793638335025673,0.24362194538116455,2.5394608974456787,-1.7684554020944239,1766201827.8660984
-0.40334755182266235,-1.3760355710983276,-1.7760941955010303,0.24362194538116455,2.5394608974456787,-1.7684554020944239,1766201827.8661575
-0.40334755182266235,-1.3760355710983276,-1.7760941955010303,0.2436506152153015,2.539459466934204,-1.7687069830222637,1766201827.8661487
-0.39998021721839905,-1.369950532913208,-1.7708845276839236,0.2436506152153015,2.539459466934204,-1.7687069830222637,1766201827.886097
-0.39998021721839905,-1.369950532913208,-1.7708845276839236,0.24371181428432465,2.5394771099090576,-1.768914482518928,1766201827.8860624
-0.39672204852104187,-1.3637974262237549,-1.7659937554165277,0.24371181428432465,2.5394771099090576,-1.768914482518928,1766201827.8861217
-0.39672204852104187,-1.3637974262237549,-1.7659937554165277,0.24370035529136658,2.5394294261932373,-1.7686119904968736,1766201827.8861127
-0.3934262692928314,-1.3575124740600586,-1.7568836053349883,0.24370035529136658,2.5394294261932373,-1.7686119904968736,1766201827.8960605
-0.3934262692928314,-1.3575124740600586,-1.7568836053349883,0.2436830699443817,2.539442539215088,-1.768626240744557,1766201827.896052
-0.3934262692928314,-1.3575124740600586,-1.7568836053349883,0.24369367957115173,2.53936505317688,-1.768613197857374,1766201827.906042
-0.3900216519832611,-1.3513259887695312,-1.755221980137468,0.24369367957115173,2.53936505317688,-1.768613197857374,1766201827.9060526
-0.38657695055007935,-1.3450634479522705,-1.7474836535836045,0.24369367957115173,2.53936505317688,-1.768613197857374,1766201827.9160624
-0.38657695055007935,-1.3450634479522705,-1.7474836535836045,0.24373456835746765,2.5393989086151123,-1.7686712627022292,1766201827.9160485
-0.3830258548259735,-1.3385655879974365,-1.7420797069668448,0.24373456835746765,2.5393989086151123,-1.7686712627022292,1766201827.9160724
-0.3830258548259735,-1.3385655879974365,-1.7420797069668448,0.2437022477388382,2.539374351501465,-1.7685619820952652,1766201827.9160686
-0.37953367829322815,-1.3321843147277832,-1.734627555194538,0.2437022477388382,2.539374351501465,-1.7685619820952652,1766201827.9261608
-0.37953367829322815,-1.3321843147277832,-1.734627555194538,0.24403588473796844,2.539682626724243,-1.7704555461299922,1766201827.9261272
-0.37953367829322815,-1.3321843147277832,-1.734627555194538,0.24391214549541473,2.53956937789917,-1.7700799747732834,1766201827.9361188
-0.3759083151817322,-1.3257099390029907,-1.7279295116938553,0.24391214549541473,2.53956937789917,-1.7700799747732834,1766201827.9361527
-0.3759083151817322,-1.3257099390029907,-1.7279295116938553,0.2437371015548706,2.5394043922424316,-1.7686776816208898,1766201827.946121
-0.3722527027130127,-1.319191336631775,-1.7195470527235275,0.2437371015548706,2.5394043922424316,-1.7686776816208898,1766201827.9461546
-0.36854317784309387,-1.3125293254852295,-1.7145681583872516,0.2437371015548706,2.5394043922424316,-1.7686776816208898,1766201827.9561605
-0.36854317784309387,-1.3125293254852295,-1.7145681583872516,0.24367302656173706,2.5394046306610107,-1.7685865496370863,1766201827.9561267
-0.3648943603038788,-1.3060107231140137,-1.7071778375041826,0.24367302656173706,2.5394046306610107,-1.7685865496370863,1766201827.9661384
-0.3648943603038788,-1.3060107231140137,-1.7071778375041826,0.24365371465682983,2.5395071506500244,-1.7682567597008043,1766201827.9661052
-0.36091509461402893,-1.2993987798690796,-1.700505689393725,0.24365371465682983,2.5395071506500244,-1.7682567597008043,1766201827.9661632
-0.36091509461402893,-1.2993987798690796,-1.700505689393725,0.24368107318878174,2.539445161819458,-1.7689328814408956,1766201827.966154
-0.35715147852897644,-1.2929694652557373,-1.693306727315705,0.24368107318878174,2.539445161819458,-1.7689328814408956,1766201827.9861495
-0.35715147852897644,-1.2929694652557373,-1.693306727315705,0.24363255500793457,2.5394487380981445,-1.7685854156847534,1766201827.9861124
-0.35330766439437866,-1.2865253686904907,-1.6914136907021495,0.24363255500793457,2.5394487380981445,-1.7685854156847534,1766201827.986175
-0.35330766439437866,-1.2865253686904907,-1.6914136907021495,0.24366705119609833,2.539489507675171,-1.7683820624952615,1766201827.986166
-0.349174827337265,-1.2800015211105347,-1.6915367401484271,0.24366705119609833,2.539489507675171,-1.7683820624952615,1766201827.9961526
-0.349174827337265,-1.2800015211105347,-1.6915367401484271,0.24369823932647705,2.5396130084991455,-1.768701387927048,1766201827.9961188
-0.349174827337265,-1.2800015211105347,-1.6915367401484271,0.24375763535499573,2.539576292037964,-1.7689065185972208,1766201828.0061023
-0.3452082574367523,-1.2735286951065063,-1.6897763361825817,0.24375763535499573,2.539576292037964,-1.7689065185972208,1766201828.006112
-0.3452082574367523,-1.2735286951065063,-1.6897763361825817,0.2437204271554947,2.539600133895874,-1.7682648800858973,1766201828.0061164
-0.3416685163974762,-1.267331600189209,-1.683325759951421,0.2437204271554947,2.539600133895874,-1.7682648800858973,1766201828.006119
-0.3373379409313202,-1.2609928846359253,-1.6840822172441425,0.2437204271554947,2.539600133895874,-1.7682648800858973,1766201828.0161552
-0.3373379409313202,-1.2609928846359253,-1.6840822172441425,0.243708536028862,2.539503812789917,-1.768338279099478,1766201828.0161216
-0.3332691192626953,-1.2546721696853638,-1.6821818548264076,0.243708536028862,2.539503812789917,-1.768338279099478,1766201828.0260794
-0.3332691192626953,-1.2546721696853638,-1.6821818548264076,0.24372120201587677,2.539400100708008,-1.7687516150172486,1766201828.0260692
-0.3332691192626953,-1.2546721696853638,-1.6821818548264076,0.2437833547592163,2.539388656616211,-1.7688833488153093,1766201828.0360918
-0.3291308283805847,-1.24837064743042,-1.684370791689278,0.2437833547592163,2.539388656616211,-1.7688833488153093,1766201828.0361257
-0.3291308283805847,-1.24837064743042,-1.684370791689278,0.24378702044487,2.539484977722168,-1.7690075905916436,1766201828.0461094
-0.32528623938560486,-1.242501139640808,-1.6793394231114371,0.24378702044487,2.539484977722168,-1.7690075905916436,1766201828.0461423
-0.32528623938560486,-1.242501139640808,-1.6793394231114371,0.24369370937347412,2.5394251346588135,-1.7683775870213285,1766201828.0561013
-0.32116425037384033,-1.2362571954727173,-1.6878519656574094,0.24369370937347412,2.5394251346588135,-1.7683775870213285,1766201828.0561352
-0.32116425037384033,-1.2362571954727173,-1.6878519656574094,0.24371923506259918,2.539442539215088,-1.7688483089080531,1766201828.0561514
-0.31755441427230835,-1.230587124824524,-1.6803573994476282,0.24371923506259918,2.539442539215088,-1.7688483089080531,1766201828.0561604
-0.3127787411212921,-1.2240780591964722,-1.6894491153177225,0.24371923506259918,2.539442539215088,-1.7688483089080531,1766201828.0661316
-0.3127787411212921,-1.2240780591964722,-1.6894491153177225,0.243704691529274,2.539524555206299,-1.768926537363845,1766201828.0660865
-0.3127787411212921,-1.2240780591964722,-1.6894491153177225,0.2436865270137787,2.5394818782806396,-1.7688703557604433,1766201828.0761306
-0.3090727627277374,-1.2178608179092407,-1.6881702642801724,0.2436865270137787,2.5394818782806396,-1.7688703557604433,1766201828.0761695
-0.3090727627277374,-1.2178608179092407,-1.6881702642801724,0.24366040527820587,2.539508819580078,-1.7686968032537476,1766201828.0861328
-0.3052595555782318,-1.2118431329727173,-1.6886860561122934,0.24366040527820587,2.539508819580078,-1.7686968032537476,1766201828.0861669
-0.3052595555782318,-1.2118431329727173,-1.6886860561122934,0.24363258481025696,2.539462089538574,-1.768792076994567,1766201828.0960913
-0.3011479377746582,-1.2054909467697144,-1.687756165088435,0.24363258481025696,2.539462089538574,-1.768792076994567,1766201828.0961258
-0.2971476912498474,-1.199141502380371,-1.6906262213466154,0.24363258481025696,2.539462089538574,-1.768792076994567,1766201828.106166
-0.2971476912498474,-1.199141502380371,-1.6906262213466154,0.2436961978673935,2.539478302001953,-1.7689450921656518,1766201828.1061325
-0.2971476912498474,-1.199141502380371,-1.6906262213466154,0.24362672865390778,2.53944993019104,-1.7684285302637373,1766201828.11611
-0.2929403781890869,-1.1926145553588867,-1.6931102089382246,0.24362672865390778,2.53944993019104,-1.7684285302637373,1766201828.116144
-0.2929403781890869,-1.1926145553588867,-1.6931102089382246,0.24368906021118164,2.5394840240478516,-1.768518537411256,1766201828.1161594
-0.2887307405471802,-1.1860260963439941,-1.695829678129121,0.24368906021118164,2.5394840240478516,-1.768518537411256,1766201828.1161687
-0.2887307405471802,-1.1860260963439941,-1.695829678129121,0.24367988109588623,2.539442300796509,-1.7685695324984225,1766201828.1259887
-0.2845064401626587,-1.1793938875198364,-1.6980912491862865,0.24367988109588623,2.539442300796509,-1.7685695324984225,1766201828.1260166
-0.2845064401626587,-1.1793938875198364,-1.6980912491862865,0.24369774758815765,2.5393853187561035,-1.768681685683682,1766201828.1361206
-0.280170738697052,-1.1724512577056885,-1.6979820868383726,0.24369774758815765,2.5393853187561035,-1.768681685683682,1766201828.1361547
-0.280170738697052,-1.1724512577056885,-1.6979820868383726,0.2437133491039276,2.53934383392334,-1.7686639302796905,1766201828.1460996
-0.2758653163909912,-1.1657671928405762,-1.7060798383719944,0.2437133491039276,2.53934383392334,-1.7686639302796905,1766201828.1461341
-0.2758653163909912,-1.1657671928405762,-1.7060798383719944,0.24371863901615143,2.5393476486206055,-1.7687960810450327,1766201828.1560822
-0.27178797125816345,-1.1590155363082886,-1.7058176795163043,0.24371863901615143,2.5393476486206055,-1.7687960810450327,1766201828.1561253
-0.27178797125816345,-1.1590155363082886,-1.7058176795163043,0.24372413754463196,2.5393857955932617,-1.7685028002262961,1766201828.1561518
-0.26760607957839966,-1.1522457599639893,-1.7057516727448865,0.24372413754463196,2.5393857955932617,-1.7685028002262961,1766201828.156167
-0.26363426446914673,-1.1455782651901245,-1.7083733924462199,0.24372413754463196,2.5393857955932617,-1.7685028002262961,1766201828.1661813
-0.26363426446914673,-1.1455782651901245,-1.7083733924462199,0.2437809556722641,2.539379119873047,-1.7691911213874376,1766201828.1661537
-0.25946030020713806,-1.1387680768966675,-1.7135626234737513,0.2437809556722641,2.539379119873047,-1.7691911213874376,1766201828.1760523
-0.25946030020713806,-1.1387680768966675,-1.7135626234737513,0.2436605840921402,2.5394182205200195,-1.7686079647339237,1766201828.176043
-0.25946030020713806,-1.1387680768966675,-1.7135626234737513,0.2436877191066742,2.539428234100342,-1.7687079337834912,1766201828.1861205
-0.2555171847343445,-1.1320840120315552,-1.7149458309166188,0.2436877191066742,2.539428234100342,-1.7687079337834912,1766201828.1861548
-0.2555171847343445,-1.1320840120315552,-1.7149458309166188,0.24367693066596985,2.53948974609375,-1.768671865930233,1766201828.1961184
-0.2515588700771332,-1.1253373622894287,-1.7166592832905376,0.24367693066596985,2.53948974609375,-1.768671865930233,1766201828.196153
-0.2515588700771332,-1.1253373622894287,-1.7166592832905376,0.24366837739944458,2.5394861698150635,-1.768594016746659,1766201828.206126
-0.2476630061864853,-1.1185717582702637,-1.7173998386930023,0.24366837739944458,2.5394861698150635,-1.768594016746659,1766201828.2061596
-0.24379459023475647,-1.1117885112762451,-1.7194635955754438,0.24366837739944458,2.5394861698150635,-1.768594016746659,1766201828.2161484
-0.24379459023475647,-1.1117885112762451,-1.7194635955754438,0.24364235997200012,2.5395846366882324,-1.7685773480926998,1766201828.2161152
-0.23995183408260345,-1.1048463582992554,-1.7218387003606184,0.24364235997200012,2.5395846366882324,-1.7685773480926998,1766201828.2161727
-0.23995183408260345,-1.1048463582992554,-1.7218387003606184,0.24367889761924744,2.5395023822784424,-1.768411689631543,1766201828.2161634
-0.23995183408260345,-1.1048463582992554,-1.7218387003606184,0.24369794130325317,2.539365530014038,-1.7687167545406222,1766201828.2261708
-0.23613986372947693,-1.0977941751480103,-1.7217905401237192,0.24369794130325317,2.539365530014038,-1.7687167545406222,1766201828.2262044
-0.23613986372947693,-1.0977941751480103,-1.7217905401237192,0.2436172068119049,2.539419174194336,-1.768355832980129,1766201828.236052
-0.2324732095003128,-1.0905841588974,-1.7259829068356656,0.2436172068119049,2.539419174194336,-1.768355832980129,1766201828.2360616
-0.2324732095003128,-1.0905841588974,-1.7259829068356656,0.24363629519939423,2.539335012435913,-1.768407370079321,1766201828.2460985
-0.22878292202949524,-1.0833804607391357,-1.7247805026513268,0.24363629519939423,2.539335012435913,-1.768407370079321,1766201828.246132
-0.22494888305664062,-1.0759730339050293,-1.734078401273505,0.24363629519939423,2.539335012435913,-1.768407370079321,1766201828.2561407
-0.22494888305664062,-1.0759730339050293,-1.734078401273505,0.24385686218738556,2.53961443901062,-1.7706418568866884,1766201828.2561069
-0.22173702716827393,-1.0686284303665161,-1.7312133451079623,0.24385686218738556,2.53961443901062,-1.7706418568866884,1766201828.256167
-0.22173702716827393,-1.0686284303665161,-1.7312133451079623,0.24370869994163513,2.5393805503845215,-1.76904862276282,1766201828.2561574
-0.2183784395456314,-1.061081886291504,-1.7329716824711832,0.24370869994163513,2.5393805503845215,-1.76904862276282,1766201828.2661748
-0.2183784395456314,-1.061081886291504,-1.7329716824711832,0.2437473088502884,2.5394248962402344,-1.7688292680078395,1766201828.2661412
-0.2183784395456314,-1.061081886291504,-1.7329716824711832,0.2436818778514862,2.539405107498169,-1.7681004474752118,1766201828.276106
-0.21477386355400085,-1.0533182621002197,-1.7393292612970368,0.2436818778514862,2.539405107498169,-1.7681004474752118,1766201828.2761397
-0.21160681545734406,-1.0456637144088745,-1.7387119659292611,0.2436818778514862,2.539405107498169,-1.7681004474752118,1766201828.2861438
-0.21160681545734406,-1.0456637144088745,-1.7387119659292611,0.24369369447231293,2.539400100708008,-1.768690844728986,1766201828.2861106
-0.20863759517669678,-1.037750244140625,-1.7375144381495777,0.24369369447231293,2.539400100708008,-1.768690844728986,1766201828.2961452
-0.20863759517669678,-1.037750244140625,-1.7375144381495777,0.24369701743125916,2.53944730758667,-1.7683183864268028,1766201828.296112
-0.20554661750793457,-1.0298688411712646,-1.7405689079934088,0.24369701743125916,2.53944730758667,-1.7683183864268028,1766201828.3061318
-0.20554661750793457,-1.0298688411712646,-1.7405689079934088,0.24367426335811615,2.5393476486206055,-1.7687151726460035,1766201828.3060997
-0.20258846879005432,-1.021942377090454,-1.7425659836001919,0.24367426335811615,2.5393476486206055,-1.7687151726460035,1766201828.3061566
-0.20258846879005432,-1.021942377090454,-1.7425659836001919,0.24366377294063568,2.539421319961548,-1.7686598789451997,1766201828.3061476
-0.20258846879005432,-1.021942377090454,-1.7425659836001919,0.24369697272777557,2.5394325256347656,-1.7689753927210572,1766201828.3159783
-0.19950120151042938,-1.0138061046600342,-1.7435144680643224,0.24369697272777557,2.5394325256347656,-1.7689753927210572,1766201828.3159869
-0.19688132405281067,-1.0058481693267822,-1.7454545935513797,0.24369697272777557,2.5394325256347656,-1.7689753927210572,1766201828.3260834
-0.19688132405281067,-1.0058481693267822,-1.7454545935513797,0.2436276078224182,2.539508819580078,-1.768337866617794,1766201828.326074
-0.19688132405281067,-1.0058481693267822,-1.7454545935513797,0.24367788434028625,2.5394041538238525,-1.7690018480783196,1766201828.3360698
-0.19428622722625732,-0.9978898167610168,-1.742376984395986,0.24367788434028625,2.5394041538238525,-1.7690018480783196,1766201828.336104
-0.19428622722625732,-0.9978898167610168,-1.742376984395986,0.2436736524105072,2.539400100708008,-1.7688507196612244,1766201828.3460486
-0.1916881948709488,-0.990021824836731,-1.7476773839504665,0.2436736524105072,2.539400100708008,-1.7688507196612244,1766201828.3460853
-0.1916881948709488,-0.990021824836731,-1.7476773839504665,0.2436937540769577,2.5394206047058105,-1.768679826470492,1766201828.3560698
-0.18937988579273224,-0.9820587635040283,-1.7469215393244157,0.2436937540769577,2.5394206047058105,-1.768679826470492,1766201828.3561037
-0.18937988579273224,-0.9820587635040283,-1.7469215393244157,0.2437102496623993,2.539435625076294,-1.7684211569605808,1766201828.3661015
-0.18702545762062073,-0.974113404750824,-1.7437923821172692,0.2437102496623993,2.539435625076294,-1.7684211569605808,1766201828.3661346
-0.18702545762062073,-0.974113404750824,-1.7437923821172692,0.24374860525131226,2.5394084453582764,-1.7685951066946144,1766201828.3661509
-0.18434980511665344,-0.9662190079689026,-1.7535216969912832,0.24374860525131226,2.5394084453582764,-1.7685951066946144,1766201828.3661602
-0.18221718072891235,-0.958247721195221,-1.7520427750608665,0.24374860525131226,2.5394084453582764,-1.7685951066946144,1766201828.3760889
-0.18221718072891235,-0.958247721195221,-1.7520427750608665,0.24379320442676544,2.539433479309082,-1.7688713123251223,1766201828.3760626
-0.18221718072891235,-0.958247721195221,-1.7520427750608665,0.24373432993888855,2.539440870285034,-1.768738457081287,1766201828.3961153
-0.17982108891010284,-0.9501407742500305,-1.753940293818597,0.24373432993888855,2.539440870285034,-1.768738457081287,1766201828.3961492
-0.17982108891010284,-0.9501407742500305,-1.753940293818597,0.243806391954422,2.5394372940063477,-1.7688774444102406,1766201828.3961656
-0.17777828872203827,-0.9421614408493042,-1.7579144128756494,0.243806391954422,2.5394372940063477,-1.7688774444102406,1766201828.3961744
-0.1758584827184677,-0.9342091679573059,-1.7572261128418591,0.243806391954422,2.5394372940063477,-1.7688774444102406,1766201828.4060123
-0.1758584827184677,-0.9342091679573059,-1.7572261128418591,0.24372027814388275,2.5393872261047363,-1.7686119085261502,1766201828.4060028
-0.1758584827184677,-0.9342091679573059,-1.7572261128418591,0.2436543107032776,2.5393989086151123,-1.7684409051543821,1766201828.4160924
-0.17361176013946533,-0.9259330630302429,-1.7600752992712887,0.2436543107032776,2.5393989086151123,-1.7684409051543821,1766201828.4161265
-0.17361176013946533,-0.9259330630302429,-1.7600752992712887,0.2436394840478897,2.539456367492676,-1.7685662419883754,1766201828.4161425
-0.17170292139053345,-0.9177615642547607,-1.7648069167766638,0.2436394840478897,2.539456367492676,-1.7685662419883754,1766201828.4161522
-0.17170292139053345,-0.9177615642547607,-1.7648069167766638,0.24368464946746826,2.539417028427124,-1.7686882189090798,1766201828.4260929
-0.16965989768505096,-0.9095998406410217,-1.7656938387137473,0.24368464946746826,2.539417028427124,-1.7686882189090798,1766201828.4261265
-0.16769742965698242,-0.9011591076850891,-1.7671825405319903,0.24368464946746826,2.539417028427124,-1.7686882189090798,1766201828.436031
-0.16769742965698242,-0.9011591076850891,-1.7671825405319903,0.24366849660873413,2.539473533630371,-1.7685056261171064,1766201828.4360218
-0.16769742965698242,-0.9011591076850891,-1.7671825405319903,0.24362052977085114,2.5394320487976074,-1.768207010914582,1766201828.4461095
-0.16583560407161713,-0.8927622437477112,-1.7719889265077864,0.24362052977085114,2.5394320487976074,-1.768207010914582,1766201828.446143
-0.16583560407161713,-0.8927622437477112,-1.7719889265077864,0.24366308748722076,2.5395214557647705,-1.7685860142264493,1766201828.4560454
-0.16422581672668457,-0.8842432498931885,-1.770158753004995,0.24366308748722076,2.5395214557647705,-1.7685860142264493,1766201828.4560795
-0.16422581672668457,-0.8842432498931885,-1.770158753004995,0.24371854960918427,2.5394420623779297,-1.768814180501548,1766201828.4560962
-0.16246916353702545,-0.875619113445282,-1.7707939887570139,0.24371854960918427,2.5394420623779297,-1.768814180501548,1766201828.4561052
-0.16066835820674896,-0.86700439453125,-1.7733268697451678,0.24371854960918427,2.5394420623779297,-1.768814180501548,1766201828.466041
-0.16066835820674896,-0.86700439453125,-1.7733268697451678,0.2437436282634735,2.539407730102539,-1.7687443937019058,1766201828.4660034
-0.15905322134494781,-0.8581263422966003,-1.7709199167387129,0.2437436282634735,2.539407730102539,-1.7687443937019058,1766201828.4760506
-0.15905322134494781,-0.8581263422966003,-1.7709199167387129,0.2440057247877121,2.5395851135253906,-1.770654851035439,1766201828.4760416
-0.15676724910736084,-0.8497270941734314,-1.7733156765359777,0.2440057247877121,2.5395851135253906,-1.770654851035439,1766201828.486152
-0.15676724910736084,-0.8497270941734314,-1.7733156765359777,0.24368536472320557,2.539388418197632,-1.7686140364954708,1766201828.486119
-0.15579728782176971,-0.8405041098594666,-1.7771330285950326,0.24368536472320557,2.539388418197632,-1.7686140364954708,1766201828.4959676
-0.15579728782176971,-0.8405041098594666,-1.7771330285950326,0.24363979697227478,2.539335012435913,-1.768360145669965,1766201828.4959538
-0.15302008390426636,-0.8314976692199707,-1.792231067592319,0.24363979697227478,2.539335012435913,-1.768360145669965,1766201828.506113
-0.15302008390426636,-0.8314976692199707,-1.792231067592319,0.2436102032661438,2.5392770767211914,-1.7686371735975435,1766201828.5060837
-0.15168657898902893,-0.8228722214698792,-1.7878379054194589,0.2436102032661438,2.5392770767211914,-1.7686371735975435,1766201828.50614
-0.15168657898902893,-0.8228722214698792,-1.7878379054194589,0.24364671111106873,2.5393643379211426,-1.7686359361536719,1766201828.5061374
-0.15083134174346924,-0.8139009475708008,-1.7790314153424558,0.24364671111106873,2.5393643379211426,-1.7686359361536719,1766201828.5160494
-0.15083134174346924,-0.8139009475708008,-1.7790314153424558,0.24368862807750702,2.539602756500244,-1.7689520092434268,1766201828.5160398
-0.149704709649086,-0.8046875,-1.787937076606071,0.24368862807750702,2.539602756500244,-1.7689520092434268,1766201828.5260687
-0.149704709649086,-0.8046875,-1.787937076606071,0.24367424845695496,2.539508819580078,-1.768848283691969,1766201828.5260577
-0.149704709649086,-0.8046875,-1.787937076606071,0.24370476603507996,2.53952693939209,-1.768697819103589,1766201828.5361161
-0.148036390542984,-0.7957045435905457,-1.7934508668965232,0.24370476603507996,2.53952693939209,-1.768697819103589,1766201828.5361507
-0.14680156111717224,-0.7871963381767273,-1.789681511543673,0.24370476603507996,2.53952693939209,-1.768697819103589,1766201828.5461254
-0.14680156111717224,-0.7871963381767273,-1.789681511543673,0.24371442198753357,2.5395398139953613,-1.7691622147113484,1766201828.546091
-0.14559607207775116,-0.7780821919441223,-1.794039984351795,0.24371442198753357,2.5395398139953613,-1.7691622147113484,1766201828.5561087
-0.14559607207775116,-0.7780821919441223,-1.794039984351795,0.2436942756175995,2.539555311203003,-1.7687333687689055,1766201828.556075
-0.14559607207775116,-0.7780821919441223,-1.794039984351795,0.2436935305595398,2.5395960807800293,-1.7685508014789466,1766201828.566052
-0.1447858214378357,-0.7688465118408203,-1.7909159840777065,0.2436935305595398,2.5395960807800293,-1.7685508014789466,1766201828.5660641
-0.1447858214378357,-0.7688465118408203,-1.7909159840777065,0.24370834231376648,2.539536714553833,-1.7684602314887945,1766201828.5660691
-0.14413657784461975,-0.7602461576461792,-1.7936440120080337,0.24370834231376648,2.539536714553833,-1.7684602314887945,1766201828.566072
-0.14413657784461975,-0.7602461576461792,-1.7936440120080337,0.24362300336360931,2.539417266845703,-1.7682842998425086,1766201828.575979
-0.14413657784461975,-0.7602461576461792,-1.7936440120080337,0.24367064237594604,2.539456605911255,-1.7685039435218155,1766201828.5860584
-0.14134234189987183,-0.7422062158584595,-1.8092976464368054,0.24367064237594604,2.539456605911255,-1.7685039435218155,1766201828.5860686
-0.14134234189987183,-0.7422062158584595,-1.8092976464368054,0.24303728342056274,2.540086507797241,-1.7643486566423023,1766201828.5960517
-0.14095713198184967,-0.7337109446525574,-1.802946738279387,0.24303728342056274,2.540086507797241,-1.7643486566423023,1766201828.5960655
-0.1403777301311493,-0.7250935435295105,-1.8014229410188336,0.24303728342056274,2.540086507797241,-1.7643486566423023,1766201828.6061268
-0.1403777301311493,-0.7250935435295105,-1.8014229410188336,0.2437194138765335,2.539389133453369,-1.7688211354040844,1766201828.6060925
-0.1403777301311493,-0.7250935435295105,-1.8014229410188336,0.24372129142284393,2.539471387863159,-1.7686821379584952,1766201828.6160989
-0.13946235179901123,-0.7157512903213501,-1.811249828357744,0.24372129142284393,2.539471387863159,-1.7686821379584952,1766201828.6161344
-0.13946235179901123,-0.7157512903213501,-1.811249828357744,0.24374811351299286,2.539440155029297,-1.768905729324183,1766201828.616151
-0.13880562782287598,-0.7071874737739563,-1.8097372397750042,0.24374811351299286,2.539440155029297,-1.768905729324183,1766201828.6161606
-0.13866177201271057,-0.6982104182243347,-1.8051831485496002,0.24374811351299286,2.539440155029297,-1.768905729324183,1766201828.6260388
-0.13866177201271057,-0.6982104182243347,-1.8051831485496002,0.24374617636203766,2.539485454559326,-1.768635328405063,1766201828.6259825
-0.13866177201271057,-0.6982104182243347,-1.8051831485496002,0.24376541376113892,2.5394985675811768,-1.7689150104196962,1766201828.6360574
-0.13744765520095825,-0.6810834407806396,-1.8142396912351242,0.24376541376113892,2.5394985675811768,-1.7689150104196962,1766201828.6460605
-0.13744765520095825,-0.6810834407806396,-1.8142396912351242,0.24374455213546753,2.539489984512329,-1.7689627442864435,1766201828.6460476
-0.13744765520095825,-0.6810834407806396,-1.8142396912351242,0.24371224641799927,2.539569616317749,-1.7686612658886778,1766201828.656117
-0.13744765520095825,-0.6810834407806396,-1.8142396912351242,0.24366319179534912,2.5394599437713623,-1.7683289745222965,1766201828.66604
-0.13643115758895874,-0.6634803414344788,-1.8240382398107602,0.24366319179534912,2.5394599437713623,-1.7683289745222965,1766201828.6660745
-0.13643115758895874,-0.6634803414344788,-1.8240382398107602,0.24365726113319397,2.5395281314849854,-1.7686920279392087,1766201828.66609
-0.13636425137519836,-0.6550540328025818,-1.8215596927554518,0.24365726113319397,2.5395281314849854,-1.7686920279392087,1766201828.6661003
-0.13571462035179138,-0.6463295221328735,-1.8289117217857944,0.24365726113319397,2.5395281314849854,-1.7686920279392087,1766201828.6761596
-0.13571462035179138,-0.6463295221328735,-1.8289117217857944,0.243612140417099,2.5394787788391113,-1.7683183807825797,1766201828.6761258
-0.13580816984176636,-0.637873649597168,-1.8274200206939075,0.243612140417099,2.5394787788391113,-1.7683183807825797,1766201828.6860821
-0.13580816984176636,-0.637873649597168,-1.8274200206939075,0.24362877011299133,2.539428234100342,-1.768655152391009,1766201828.686054
-0.13580816984176636,-0.637873649597168,-1.8274200206939075,0.24368157982826233,2.5394301414489746,-1.7683104387796593,1766201828.6961217
-0.135369673371315,-0.629841685295105,-1.828906501140926,0.24368157982826233,2.5394301414489746,-1.7683104387796593,1766201828.6961553
-0.135369673371315,-0.629841685295105,-1.828906501140926,0.24367235600948334,2.539419651031494,-1.768582427556031,1766201828.706142
-0.13559572398662567,-0.6213642954826355,-1.828748815163188,0.24367235600948334,2.539419651031494,-1.768582427556031,1766201828.7061777
-0.13559572398662567,-0.6213642954826355,-1.828748815163188,0.2436904013156891,2.5393505096435547,-1.769054100022038,1766201828.716099
-0.13459162414073944,-0.6135777235031128,-1.831857364813371,0.2436904013156891,2.5393505096435547,-1.769054100022038,1766201828.7161353
-0.13459162414073944,-0.6135777235031128,-1.831857364813371,0.24391216039657593,2.53957200050354,-1.77033118896719,1766201828.7162042
-0.13438256084918976,-0.6056625247001648,-1.8401359335689076,0.24391216039657593,2.53957200050354,-1.77033118896719,1766201828.7162218
-0.13438256084918976,-0.6056625247001648,-1.8401359335689076,0.24368071556091309,2.539304494857788,-1.768688359922196,1766201828.726099
-0.13431288301944733,-0.5979500412940979,-1.837994855672609,0.24368071556091309,2.539304494857788,-1.768688359922196,1766201828.7261326
-0.13431288301944733,-0.5979500412940979,-1.837994855672609,0.2437184900045395,2.5393848419189453,-1.7687326869869182,1766201828.7361522
-0.13407200574874878,-0.5899932980537415,-1.8431719163369822,0.2437184900045395,2.5393848419189453,-1.7687326869869182,1766201828.736188
-0.13407200574874878,-0.5899932980537415,-1.8431719163369822,0.2436852753162384,2.539421796798706,-1.7681930970890634,1766201828.7460728
-0.1346254199743271,-0.5821583271026611,-1.8368313209909308,0.2436852753162384,2.539421796798706,-1.7681930970890634,1766201828.7461116
-0.13377150893211365,-0.5747237801551819,-1.8466567387387838,0.2436852753162384,2.539421796798706,-1.7681930970890634,1766201828.756139
-0.13377150893211365,-0.5747237801551819,-1.8466567387387838,0.24368466436862946,2.539428234100342,-1.7685522575290562,1766201828.7561042
-0.133546382188797,-0.5672838687896729,-1.8472018592600277,0.24368466436862946,2.539428234100342,-1.7685522575290562,1766201828.7661133
-0.133546382188797,-0.5672838687896729,-1.8472018592600277,0.24371300637722015,2.539424180984497,-1.7687156752649824,1766201828.766078
-0.13360737264156342,-0.5601010918617249,-1.845090278872241,0.24371300637722015,2.539424180984497,-1.7687156752649824,1766201828.7661405
-0.13360737264156342,-0.5601010918617249,-1.845090278872241,0.24368929862976074,2.5393834114074707,-1.7687123807370249,1766201828.7661302
-0.13360737264156342,-0.5601010918617249,-1.845090278872241,0.24364547431468964,2.539384126663208,-1.7685038298441524,1766201828.7760582
-0.13311971724033356,-0.5527133345603943,-1.848327334474765,0.24364547431468964,2.539384126663208,-1.7685038298441524,1766201828.7760673
-0.13307930529117584,-0.5457886457443237,-1.8474556733573468,0.24364547431468964,2.539384126663208,-1.7685038298441524,1766201828.7861502
-0.13307930529117584,-0.5457886457443237,-1.8474556733573468,0.243625670671463,2.539372682571411,-1.7685475155807422,1766201828.7861154
-0.13307930529117584,-0.5457886457443237,-1.8474556733573468,0.24361726641654968,2.539397716522217,-1.7684964922021387,1766201828.796103
-0.13318128883838654,-0.5384802222251892,-1.8433318134282155,0.24361726641654968,2.539397716522217,-1.7684964922021387,1766201828.7961364
-0.13229718804359436,-0.5318483114242554,-1.8479869984971249,0.24361726641654968,2.539397716522217,-1.7684964922021387,1766201828.8061216
-0.13229718804359436,-0.5318483114242554,-1.8479869984971249,0.24365241825580597,2.539428949356079,-1.7685057548016574,1766201828.8060756
-0.1316765397787094,-0.5250729918479919,-1.8474627889003734,0.24365241825580597,2.539428949356079,-1.7685057548016574,1766201828.8161361
-0.1316765397787094,-0.5250729918479919,-1.8474627889003734,0.24368537962436676,2.53945255279541,-1.7686691038343958,1766201828.816101
-0.13103170692920685,-0.5183759331703186,-1.8488280817516864,0.24368537962436676,2.53945255279541,-1.7686691038343958,1766201828.8161614
-0.13103170692920685,-0.5183759331703186,-1.8488280817516864,0.2437177300453186,2.539475917816162,-1.7686830775573765,1766201828.8161523
-0.13103170692920685,-0.5183759331703186,-1.8488280817516864,0.2437087446451187,2.539405107498169,-1.7686734915792475,1766201828.82614
-0.1301499605178833,-0.5117678046226501,-1.8495336233051365,0.2437087446451187,2.539405107498169,-1.7686734915792475,1766201828.8261676
-0.1301499605178833,-0.5117678046226501,-1.8495336233051365,0.24369339644908905,2.5394318103790283,-1.768396456423642,1766201828.8361137
-0.12927134335041046,-0.5052952170372009,-1.848737909494387,0.24369339644908905,2.5394318103790283,-1.768396456423642,1766201828.836149
-0.12820465862751007,-0.4988757371902466,-1.851365204303585,0.24369339644908905,2.5394318103790283,-1.768396456423642,1766201828.8461573
-0.12820465862751007,-0.4988757371902466,-1.851365204303585,0.2437146157026291,2.5393974781036377,-1.7686771916505917,1766201828.8461232
-0.12820465862751007,-0.4988757371902466,-1.851365204303585,0.24367623031139374,2.539339303970337,-1.768449039124228,1766201828.8561099
-0.1276644766330719,-0.4921943247318268,-1.8468223152895389,0.24367623031139374,2.539339303970337,-1.768449039124228,1766201828.8561435
-0.1276644766330719,-0.4921943247318268,-1.8468223152895389,0.24376019835472107,2.539398670196533,-1.7686993040514774,1766201828.8561594
-0.12604211270809174,-0.48630011081695557,-1.8504421710683725,0.24376019835472107,2.539398670196533,-1.7686993040514774,1766201828.85617
-0.12471923232078552,-0.47999754548072815,-1.8519507401048731,0.24376019835472107,2.539398670196533,-1.7686993040514774,1766201828.8660748
-0.12471923232078552,-0.47999754548072815,-1.8519507401048731,0.24374082684516907,2.539341688156128,-1.7687349581978005,1766201828.866065
-0.12375333905220032,-0.47359806299209595,-1.8498056792005209,0.24374082684516907,2.539341688156128,-1.7687349581978005,1766201828.8761497
-0.12375333905220032,-0.47359806299209595,-1.8498056792005209,0.24370038509368896,2.5393130779266357,-1.7688156373305581,1766201828.8761158
-0.12166178971529007,-0.46763452887535095,-1.8574308119484384,0.24370038509368896,2.5393130779266357,-1.7688156373305581,1766201828.8861456
-0.12166178971529007,-0.46763452887535095,-1.8574308119484384,0.24368727207183838,2.539395332336426,-1.768654029258764,1766201828.8861113
-0.1204097718000412,-0.46166935563087463,-1.8513127803596514,0.24368727207183838,2.539395332336426,-1.768654029258764,1766201828.8961072
-0.1204097718000412,-0.46166935563087463,-1.8513127803596514,0.24370349943637848,2.5394067764282227,-1.7689192763258026,1766201828.8960736
-0.1204097718000412,-0.46166935563087463,-1.8513127803596514,0.2436627596616745,2.5394442081451416,-1.7685688861669402,1766201828.906096
-0.11878661066293716,-0.4556056559085846,-1.8511865346045668,0.2436627596616745,2.5394442081451416,-1.7685688861669402,1766201828.9061341
-0.11878661066293716,-0.4556056559085846,-1.8511865346045668,0.24367940425872803,2.5394725799560547,-1.7684550037124829,1766201828.90615
-0.11754792183637619,-0.44938597083091736,-1.8509147897258253,0.24367940425872803,2.5394725799560547,-1.7684550037124829,1766201828.9061599
-0.11754792183637619,-0.44938597083091736,-1.8509147897258253,0.2436656951904297,2.5394275188446045,-1.768643625382828,1766201828.9160857
-0.1152757778763771,-0.443754106760025,-1.8536927126240865,0.2436656951904297,2.5394275188446045,-1.768643625382828,1766201828.9160943
-0.1152757778763771,-0.443754106760025,-1.8536927126240865,0.24367430806159973,2.5393857955932617,-1.7685460382373484,1766201828.926129
-0.1136852353811264,-0.4379330277442932,-1.8536320668138906,0.24367430806159973,2.5393857955932617,-1.7685460382373484,1766201828.9261386
-0.11211691796779633,-0.43203291296958923,-1.8535721475984666,0.24367430806159973,2.5393857955932617,-1.7685460382373484,1766201828.9360564
-0.11211691796779633,-0.43203291296958923,-1.8535721475984666,0.24370789527893066,2.539260149002075,-1.769092526218582,1766201828.936044
-0.11211691796779633,-0.43203291296958923,-1.8535721475984666,0.24370281398296356,2.5393497943878174,-1.7687494024673094,1766201828.9461265
-0.10979482531547546,-0.426510214805603,-1.8540593438732735,0.24370281398296356,2.5393497943878174,-1.7687494024673094,1766201828.9461606
-0.10979482531547546,-0.426510214805603,-1.8540593438732735,0.24374604225158691,2.539313316345215,-1.7692946510721752,1766201828.9561188
-0.10793710500001907,-0.4208219647407532,-1.8543001384739433,0.24374604225158691,2.539313316345215,-1.7692946510721752,1766201828.9561522
-0.10793710500001907,-0.4208219647407532,-1.8543001384739433,0.2436983734369278,2.539281129837036,-1.768343090584604,1766201828.9561677
-0.10564018785953522,-0.41514721512794495,-1.8627212029804328,0.2436983734369278,2.539281129837036,-1.768343090584604,1766201828.9561784
-0.10564018785953522,-0.41514721512794495,-1.8627212029804328,0.24377670884132385,2.5393552780151367,-1.768881684926002,1766201828.9661176
-0.10414888709783554,-0.40968582034111023,-1.8546886922975598,0.24377670884132385,2.5393552780151367,-1.768881684926002,1766201828.9661455
-0.1019187867641449,-0.4041553735733032,-1.8570862138145787,0.24377670884132385,2.5393552780151367,-1.768881684926002,1766201828.9760587
-0.1019187867641449,-0.4041553735733032,-1.8570862138145787,0.2437126338481903,2.5393099784851074,-1.7683735421876865,1766201828.9760494
-0.1019187867641449,-0.4041553735733032,-1.8570862138145787,0.24373312294483185,2.539386034011841,-1.7687905959394394,1766201828.9861138
-0.1000540554523468,-0.3987709581851959,-1.855926526488373,0.24373312294483185,2.539386034011841,-1.7687905959394394,1766201828.9861488
-0.1000540554523468,-0.3987709581851959,-1.855926526488373,0.24371092021465302,2.539332151412964,-1.7686528143310403,1766201828.996095
-0.09776566177606583,-0.3931519687175751,-1.8611785694510545,0.24371092021465302,2.539332151412964,-1.7686528143310403,1766201828.9961283
-0.09601764380931854,-0.3878647983074188,-1.854372229957258,0.24371092021465302,2.539332151412964,-1.7686528143310403,1766201829.0061402
-0.09601764380931854,-0.3878647983074188,-1.854372229957258,0.24369846284389496,2.539430618286133,-1.7686176391371498,1766201829.0061066
-0.0940941646695137,-0.3825627267360687,-1.8545855264005684,0.24369846284389496,2.539430618286133,-1.7686176391371498,1766201829.006166
-0.0940941646695137,-0.3825627267360687,-1.8545855264005684,0.2436147928237915,2.539384365081787,-1.7683729935871038,1766201829.0061557
-0.0940941646695137,-0.3825627267360687,-1.8545855264005684,0.24373005330562592,2.539409875869751,-1.7690439279279473,1766201829.0160506
-0.09229409694671631,-0.3771706819534302,-1.8510543180552663,0.24373005330562592,2.539409875869751,-1.7690439279279473,1766201829.0160596
-0.09229409694671631,-0.3771706819534302,-1.8510543180552663,0.2436380535364151,2.5393993854522705,-1.768353231512858,1766201829.026088
-0.08999846130609512,-0.37185239791870117,-1.8505442117654087,0.2436380535364151,2.5393993854522705,-1.768353231512858,1766201829.0261216
-0.08796428143978119,-0.3665611743927002,-1.8509578384093353,0.2436380535364151,2.5393993854522705,-1.768353231512858,1766201829.0361552
-0.08796428143978119,-0.3665611743927002,-1.8509578384093353,0.24365505576133728,2.5394043922424316,-1.7685327724556046,1766201829.0361187
-0.08595899492502213,-0.3613273799419403,-1.8489475456118332,0.24365505576133728,2.5394043922424316,-1.7685327724556046,1766201829.0461426
-0.08595899492502213,-0.3613273799419403,-1.8489475456118332,0.24367517232894897,2.539486885070801,-1.768703510095845,1766201829.0461085
-0.08361470699310303,-0.35602450370788574,-1.8465581143998102,0.24367517232894897,2.539486885070801,-1.768703510095845,1766201829.0561342
-0.08361470699310303,-0.35602450370788574,-1.8465581143998102,0.24370424449443817,2.5393729209899902,-1.7685383352848358,1766201829.0561006
-0.08136600255966187,-0.35082417726516724,-1.844046512053089,0.24370424449443817,2.5393729209899902,-1.7685383352848358,1766201829.05616
-0.08136600255966187,-0.35082417726516724,-1.844046512053089,0.24366210401058197,2.5394318103790283,-1.7682602691433023,1766201829.0561497
-0.08136600255966187,-0.35082417726516724,-1.844046512053089,0.24373039603233337,2.5394647121429443,-1.7687479295728012,1766201829.0660396
-0.07891220599412918,-0.3454883396625519,-1.8490344008861186,0.24373039603233337,2.5394647121429443,-1.7687479295728012,1766201829.0660682
-0.07891220599412918,-0.3454883396625519,-1.8490344008861186,0.24370545148849487,2.5393576622009277,-1.7687367556620157,1766201829.076098
-0.07691678404808044,-0.34060531854629517,-1.840531323121566,0.24370545148849487,2.5393576622009277,-1.7687367556620157,1766201829.0761313
-0.0745607540011406,-0.33555731177330017,-1.8374650365717815,0.24370545148849487,2.5393576622009277,-1.7687367556620157,1766201829.086138
-0.0745607540011406,-0.33555731177330017,-1.8374650365717815,0.24372485280036926,2.539299964904785,-1.7688397014923374,1766201829.0861027
-0.071653351187706,-0.3297175168991089,-1.8492844163687603,0.24372485280036926,2.539299964904785,-1.7688397014923374,1766201829.0961587
-0.071653351187706,-0.3297175168991089,-1.8492844163687603,0.243730366230011,2.539396286010742,-1.7687799795452723,1766201829.0961254
-0.071653351187706,-0.3297175168991089,-1.8492844163687603,0.2437082678079605,2.539304494857788,-1.7686285391986591,1766201829.1061208
-0.06999967992305756,-0.3257191777229309,-1.833387587167294,0.2437082678079605,2.539304494857788,-1.7686285391986591,1766201829.1061552
-0.06999967992305756,-0.3257191777229309,-1.833387587167294,0.2436971515417099,2.5393426418304443,-1.7688026100799643,1766201829.1161041
-0.06738671660423279,-0.3210165202617645,-1.8342808858886102,0.2436971515417099,2.5393426418304443,-1.7688026100799643,1766201829.1161387
-0.06738671660423279,-0.3210165202617645,-1.8342808858886102,0.2437468320131302,2.5394599437713623,-1.7690410214921635,1766201829.1161544
-0.06481043994426727,-0.3159048557281494,-1.831722880254986,0.2437468320131302,2.5394599437713623,-1.7690410214921635,1766201829.116164
-0.06481043994426727,-0.3159048557281494,-1.831722880254986,0.24367442727088928,2.5394914150238037,-1.7685869389144848,1766201829.1261256
-0.06289209425449371,-0.31152305006980896,-1.8265827333650895,0.24367442727088928,2.5394914150238037,-1.7685869389144848,1766201829.126154
-0.06289209425449371,-0.31152305006980896,-1.8265827333650895,0.24370086193084717,2.5394580364227295,-1.7685621020473035,1766201829.1361067
-0.060285747051239014,-0.3070465326309204,-1.8279653483973959,0.24370086193084717,2.5394580364227295,-1.7685621020473035,1766201829.1361423
-0.060285747051239014,-0.3070465326309204,-1.8279653483973959,0.243707537651062,2.5394816398620605,-1.7688952714906667,1766201829.1461112
-0.05802161991596222,-0.30231979489326477,-1.8258141386942155,0.243707537651062,2.5394816398620605,-1.7688952714906667,1766201829.146144
-0.05802161991596222,-0.30231979489326477,-1.8258141386942155,0.24369396269321442,2.5394339561462402,-1.768847946806519,1766201829.1560998
-0.05593056604266167,-0.29771989583969116,-1.818750703145653,0.24369396269321442,2.5394339561462402,-1.768847946806519,1766201829.1561334
-0.05593056604266167,-0.29771989583969116,-1.818750703145653,0.24364586174488068,2.5394818782806396,-1.768425226714735,1766201829.1561487
-0.05310291424393654,-0.29361796379089355,-1.8182001370521363,0.24364586174488068,2.5394818782806396,-1.768425226714735,1766201829.1561592
-0.05014272406697273,-0.2890137732028961,-1.8213203631015946,0.24364586174488068,2.5394818782806396,-1.768425226714735,1766201829.166056
-0.05014272406697273,-0.2890137732028961,-1.8213203631015946,0.2436639666557312,2.539443254470825,-1.768810515911473,1766201829.1660273
-0.05014272406697273,-0.2890137732028961,-1.8213203631015946,0.2436918020248413,2.539458990097046,-1.7687424042016031,1766201829.176115
-0.04749571904540062,-0.28467121720314026,-1.81603289682652,0.2436918020248413,2.539458990097046,-1.7687424042016031,1766201829.1761496
-0.04749571904540062,-0.28467121720314026,-1.81603289682652,0.2437097728252411,2.539377212524414,-1.7687944674086493,1766201829.1860476
-0.04550644010305405,-0.2809448838233948,-1.8108858758078805,0.2437097728252411,2.539377212524414,-1.7687944674086493,1766201829.1860578
-0.04550644010305405,-0.2809448838233948,-1.8108858758078805,0.24374781548976898,2.5393428802490234,-1.768655140645876,1766201829.1960988
-0.0425710491836071,-0.27658024430274963,-1.8135943367594658,0.24374781548976898,2.5393428802490234,-1.768655140645876,1766201829.1961315
-0.0425710491836071,-0.27658024430274963,-1.8135943367594658,0.2436937391757965,2.53934645652771,-1.7685800786174062,1766201829.2061048
-0.039981525391340256,-0.27290409803390503,-1.8035272411756595,0.2436937391757965,2.53934645652771,-1.7685800786174062,1766201829.2061384
-0.039981525391340256,-0.27290409803390503,-1.8035272411756595,0.24374276399612427,2.5394272804260254,-1.7687121851633723,1766201829.2161148
-0.037714794278144836,-0.26896241307258606,-1.8079644802241222,0.24374276399612427,2.5394272804260254,-1.7687121851633723,1766201829.2161517
-0.037714794278144836,-0.26896241307258606,-1.8079644802241222,0.2437126189470291,2.539386510848999,-1.7687242920221917,1766201829.2161684
-0.03514419496059418,-0.2653585970401764,-1.7907193598152225,0.2437126189470291,2.539386510848999,-1.7687242920221917,1766201829.2161777
-0.03514419496059418,-0.2653585970401764,-1.7907193598152225,0.24370190501213074,2.539440393447876,-1.7685348934831044,1766201829.2260988
-0.032921433448791504,-0.2619732618331909,-1.7992442909675588,0.24370190501213074,2.539440393447876,-1.7685348934831044,1766201829.2261312
-0.032921433448791504,-0.2619732618331909,-1.7992442909675588,0.24369394779205322,2.5394387245178223,-1.7684615127031327,1766201829.2361012
-0.02976222150027752,-0.25885269045829773,-1.7917767101484523,0.24369394779205322,2.5394387245178223,-1.7684615127031327,1766201829.2361372
-0.02976222150027752,-0.25885269045829773,-1.7917767101484523,0.24379204213619232,2.5397017002105713,-1.7699685272846803,1766201829.246104
-0.02692512609064579,-0.25546517968177795,-1.8054363313917974,0.24379204213619232,2.5397017002105713,-1.7699685272846803,1766201829.2461393
-0.02692512609064579,-0.25546517968177795,-1.8054363313917974,0.24367603659629822,2.53948974609375,-1.768805425651637,1766201829.2560992
-0.024333706125617027,-0.2524397373199463,-1.7977451596233998,0.24367603659629822,2.53948974609375,-1.768805425651637,1766201829.2561338
-0.024333706125617027,-0.2524397373199463,-1.7977451596233998,0.24367256462574005,2.5394935607910156,-1.7689573004071,1766201829.25615
-0.024333706125617027,-0.2524397373199463,-1.7977451596233998,0.24369780719280243,2.5395755767822266,-1.769235426801114,1766201829.2659538
-0.019647402688860893,-0.24608252942562103,-1.7907743934976676,0.24369780719280243,2.5395755767822266,-1.769235426801114,1766201829.265964
-0.016293028369545937,-0.24334172904491425,-1.7859213199067174,0.24369780719280243,2.5395755767822266,-1.769235426801114,1766201829.2759662
-0.016293028369545937,-0.24334172904491425,-1.7859213199067174,0.2436549961566925,2.539435863494873,-1.7686697302996106,1766201829.2759545
-0.014118717983365059,-0.24026940762996674,-1.785492357614442,0.2436549961566925,2.539435863494873,-1.7686697302996106,1766201829.2861512
-0.014118717983365059,-0.24026940762996674,-1.785492357614442,0.24369469285011292,2.5395188331604004,-1.7687401807828143,1766201829.2861156
-0.010184498503804207,-0.23736393451690674,-1.7828364344367649,0.24369469285011292,2.5395188331604004,-1.7687401807828143,1766201829.2961147
-0.010184498503804207,-0.23736393451690674,-1.7828364344367649,0.24382257461547852,2.5396907329559326,-1.770129808763168,1766201829.2960815
-0.010184498503804207,-0.23736393451690674,-1.7828364344367649,0.2437518835067749,2.5394585132598877,-1.7689630730002774,1766201829.306139
-0.010184498503804207,-0.23736393451690674,-1.7828364344367649,0.24370241165161133,2.5394110679626465,-1.768640889044194,1766201829.3161004
-0.0049529774114489555,-0.23209638893604279,-1.782507208642555,0.24370241165161133,2.5394110679626465,-1.768640889044194,1766201829.3161364
-0.0049529774114489555,-0.23209638893604279,-1.782507208642555,0.24374379217624664,2.5393528938293457,-1.768947276324814,1766201829.3161535
-0.003132520243525505,-0.22968274354934692,-1.7781940154760993,0.24374379217624664,2.5393528938293457,-1.768947276324814,1766201829.3161633
-0.003132520243525505,-0.22968274354934692,-1.7781940154760993,0.2437196671962738,2.5393881797790527,-1.7684246911564134,1766201829.3260634
0.00018812669441103935,-0.22714486718177795,-1.7754001082498652,0.2437196671962738,2.5393881797790527,-1.7684246911564134,1766201829.3260741
0.00256210844963789,-0.22469952702522278,-1.7706899876622773,0.2437196671962738,2.5393881797790527,-1.7684246911564134,1766201829.3360267
0.00256210844963789,-0.22469952702522278,-1.7706899876622773,0.24370989203453064,2.5394718647003174,-1.768580164671661,1766201829.3360152
0.0052077327854931355,-0.22223344445228577,-1.7737062996791153,0.24370989203453064,2.5394718647003174,-1.768580164671661,1766201829.3461647
0.0052077327854931355,-0.22223344445228577,-1.7737062996791153,0.24370381236076355,2.539398193359375,-1.7686422772412436,1766201829.3461268
0.0052077327854931355,-0.22223344445228577,-1.7737062996791153,0.24369677901268005,2.5394415855407715,-1.7689678736907744,1766201829.3561058
0.007858685217797756,-0.21976029872894287,-1.7637691493655816,0.24369677901268005,2.5394415855407715,-1.7689678736907744,1766201829.3561404
0.010687398724257946,-0.21721956133842468,-1.7518711571267496,0.24369677901268005,2.5394415855407715,-1.7689678736907744,1766201829.3661518
0.010687398724257946,-0.21721956133842468,-1.7518711571267496,0.2437082976102829,2.5394787788391113,-1.7689588897611235,1766201829.3661175
0.014254936948418617,-0.21485038101673126,-1.7714029606284252,0.2437082976102829,2.5394787788391113,-1.7689588897611235,1766201829.3661785
0.014254936948418617,-0.21485038101673126,-1.7714029606284252,0.2436496913433075,2.539365530014038,-1.7686508407677606,1766201829.3661678
0.014254936948418617,-0.21485038101673126,-1.7714029606284252,0.24370381236076355,2.539498805999756,-1.7689910552219612,1766201829.3761218
0.01640729233622551,-0.21251904964447021,-1.7688529131415471,0.24370381236076355,2.539498805999756,-1.7689910552219612,1766201829.3761573
0.01640729233622551,-0.21251904964447021,-1.7688529131415471,0.2436584234237671,2.539525032043457,-1.7685532947895395,1766201829.3861306
0.01640729233622551,-0.21251904964447021,-1.7688529131415471,0.2436959445476532,2.539468288421631,-1.7686854887007222,1766201829.3961053
0.02160373330116272,-0.2078968733549118,-1.7617577222874987,0.2436959445476532,2.539468288421631,-1.7686854887007222,1766201829.3961399
0.024080531671643257,-0.20548014342784882,-1.758105851999053,0.2436959445476532,2.539468288421631,-1.7686854887007222,1766201829.4061656
0.024080531671643257,-0.20548014342784882,-1.758105851999053,0.24371397495269775,2.5394811630249023,-1.768815369068183,1766201829.4061306
0.024080531671643257,-0.20548014342784882,-1.758105851999053,0.24371644854545593,2.5394251346588135,-1.7686518188519902,1766201829.416109
0.026483243331313133,-0.20299720764160156,-1.7654817770341173,0.24371644854545593,2.5394251346588135,-1.7686518188519902,1766201829.4161446
0.026483243331313133,-0.20299720764160156,-1.7654817770341173,0.24367156624794006,2.5393972396850586,-1.7686510960581765,1766201829.416162
0.027678798884153366,-0.2007521390914917,-1.755987465234501,0.24367156624794006,2.5393972396850586,-1.7686510960581765,1766201829.4161708
0.027678798884153366,-0.2007521390914917,-1.755987465234501,0.24369120597839355,2.5393922328948975,-1.76878424672948,1766201829.426134
0.031063798815011978,-0.1981264352798462,-1.7614351185808332,0.24369120597839355,2.5393922328948975,-1.76878424672948,1766201829.4261692
0.031063798815011978,-0.1981264352798462,-1.7614351185808332,0.24371516704559326,2.539375066757202,-1.768882234866859,1766201829.436096
0.03300831839442253,-0.19568265974521637,-1.7630401559450275,0.24371516704559326,2.539375066757202,-1.768882234866859,1766201829.43613
0.03300831839442253,-0.19568265974521637,-1.7630401559450275,0.24371984601020813,2.5394287109375,-1.768674768395331,1766201829.4461167
0.034808527678251266,-0.19290794432163239,-1.7564532593512123,0.24371984601020813,2.5394287109375,-1.768674768395331,1766201829.4461513
0.034808527678251266,-0.19290794432163239,-1.7564532593512123,0.24372616410255432,2.5393807888031006,-1.768999093849189,1766201829.456103
0.037257805466651917,-0.19016200304031372,-1.7652179647195492,0.24372616410255432,2.5393807888031006,-1.768999093849189,1766201829.4561372
0.037257805466651917,-0.19016200304031372,-1.7652179647195492,0.24369323253631592,2.539403200149536,-1.7687334849392657,1766201829.4561534
0.03746988624334335,-0.18830706179141998,-1.7575572029877529,0.24369323253631592,2.539403200149536,-1.7687334849392657,1766201829.4561627
0.03746988624334335,-0.18830706179141998,-1.7575572029877529,0.24371065199375153,2.539496660232544,-1.7688547799087506,1766201829.4661105
0.040421005338430405,-0.18524222075939178,-1.7647777997657024,0.24371065199375153,2.539496660232544,-1.7688547799087506,1766201829.4661436
0.040421005338430405,-0.18524222075939178,-1.7647777997657024,0.24373064935207367,2.5394773483276367,-1.76894753923864,1766201829.4760199
0.04186325520277023,-0.18276238441467285,-1.770322128597509,0.24373064935207367,2.5394773483276367,-1.76894753923864,1766201829.4760294
0.04186325520277023,-0.18276238441467285,-1.770322128597509,0.2436976581811905,2.539606809616089,-1.7687575326627025,1766201829.4861176
0.0427120216190815,-0.18092921376228333,-1.761061150066168,0.2436976581811905,2.539606809616089,-1.7687575326627025,1766201829.4861517
0.0427120216190815,-0.18092921376228333,-1.761061150066168,0.2437179535627365,2.539484739303589,-1.768815696215988,1766201829.4961119
0.04435308650135994,-0.17818735539913177,-1.7816989976544677,0.2437179535627365,2.539484739303589,-1.768815696215988,1766201829.4961474
0.04435308650135994,-0.17818735539913177,-1.7816989976544677,0.2436983585357666,2.539450168609619,-1.7686027369539576,1766201829.5061095
0.045254793018102646,-0.17635679244995117,-1.7650396895231175,0.2436983585357666,2.539450168609619,-1.7686027369539576,1766201829.5061443
0.045254793018102646,-0.17635679244995117,-1.7650396895231175,0.24371859431266785,2.5394887924194336,-1.7688287126576432,1766201829.50616
0.04685061797499657,-0.17417071759700775,-1.7603485037330175,0.24371859431266785,2.5394887924194336,-1.7688287126576432,1766201829.506169
0.04792291298508644,-0.1721353679895401,-1.7729044942908123,0.24371859431266785,2.5394887924194336,-1.7688287126576432,1766201829.5160701
0.04792291298508644,-0.1721353679895401,-1.7729044942908123,0.24371671676635742,2.539407730102539,-1.768841778267972,1766201829.5160615
0.04792291298508644,-0.1721353679895401,-1.7729044942908123,0.24368906021118164,2.5393781661987305,-1.7688168794860493,1766201829.5261025
0.04792291298508644,-0.1721353679895401,-1.7729044942908123,0.24370305240154266,2.539417028427124,-1.7687383000102934,1766201829.5360312
0.04792291298508644,-0.1721353679895401,-1.7729044942908123,0.24372905492782593,2.539410352706909,-1.7691648779462892,1766201829.5459878
0.048969488590955734,-0.17007963359355927,-1.768979177751967,0.24372905492782593,2.539410352706909,-1.7691648779462892,1766201829.526137
0.04958293214440346,-0.16821792721748352,-1.7663245915455028,0.24372905492782593,2.539410352706909,-1.7691648779462892,1766201829.536047
0.050911273807287216,-0.1657792627811432,-1.78028974900765,0.24372905492782593,2.539410352706909,-1.7691648779462892,1766201829.5460062
0.050911273807287216,-0.1657792627811432,-1.78028974900765,0.24371586740016937,2.5393192768096924,-1.768513993101886,1766201829.5560575
0.05158077925443649,-0.16445110738277435,-1.7704249411655346,0.24371586740016937,2.5393192768096924,-1.768513993101886,1766201829.556107
0.05158077925443649,-0.16445110738277435,-1.7704249411655346,0.24374665319919586,2.539416790008545,-1.7688876921984993,1766201829.5561116
0.05158077925443649,-0.16445110738277435,-1.7704249411655346,0.24374108016490936,2.539393186569214,-1.768809009829417,1766201829.5660653
0.05374278500676155,-0.16110174357891083,-1.768629029969814,0.24374108016490936,2.539393186569214,-1.768809009829417,1766201829.5660768
0.05374278500676155,-0.16110174357891083,-1.768629029969814,0.24374046921730042,2.539456605911255,-1.7689153761288465,1766201829.5759878
0.05443955212831497,-0.15906895697116852,-1.7722319058850815,0.24374046921730042,2.539456605911255,-1.7689153761288465,1766201829.576013
0.05443955212831497,-0.15906895697116852,-1.7722319058850815,0.2436986267566681,2.539449691772461,-1.7688001146632832,1766201829.5859842
0.05574001371860504,-0.15702170133590698,-1.7804991903604832,0.2436986267566681,2.539449691772461,-1.7688001146632832,1766201829.586004
0.05574001371860504,-0.15702170133590698,-1.7804991903604832,0.24367554485797882,2.5394670963287354,-1.768635711740052,1766201829.596138
0.05735543370246887,-0.1530962437391281,-1.774666616434937,0.24367554485797882,2.5394670963287354,-1.768635711740052,1766201829.6061764
0.05735543370246887,-0.1530962437391281,-1.774666616434937,0.2436870038509369,2.539398670196533,-1.7688582263906312,1766201829.6061213
0.05735543370246887,-0.1530962437391281,-1.774666616434937,0.24369536340236664,2.5394749641418457,-1.7691866896440374,1766201829.6061633
0.05710543692111969,-0.15167321264743805,-1.778338265326204,0.24369536340236664,2.5394749641418457,-1.7691866896440374,1766201829.6261518
0.05710543692111969,-0.15167321264743805,-1.778338265326204,0.24368490278720856,2.5394344329833984,-1.7686440405209338,1766201829.6261144
0.056767821311950684,-0.15099303424358368,-1.7592415677262592,0.24368490278720856,2.5394344329833984,-1.7686440405209338,1766201829.626178
0.056767821311950684,-0.15099303424358368,-1.7592415677262592,0.2437189370393753,2.539433717727661,-1.768815950292968,1766201829.6261683
0.056767821311950684,-0.15099303424358368,-1.7592415677262592,0.24372780323028564,2.5394446849823,-1.7688954133499712,1766201829.6361248
0.05853322520852089,-0.1493847668170929,-1.768243338017943,0.24372780323028564,2.5394446849823,-1.7688954133499712,1766201829.636161
0.05853322520852089,-0.1493847668170929,-1.768243338017943,0.2436707764863968,2.5393950939178467,-1.7684642647985747,1766201829.6460547
0.05809081345796585,-0.1480044573545456,-1.7651476930297783,0.2436707764863968,2.5393950939178467,-1.7684642647985747,1766201829.6460881
0.05809081345796585,-0.1480044573545456,-1.7651476930297783,0.24374376237392426,2.5394060611724854,-1.7690148501495677,1766201829.6561065
0.059611547738313675,-0.14594177901744843,-1.7767659714139308,0.24374376237392426,2.5394060611724854,-1.7690148501495677,1766201829.6561503
0.05953237786889076,-0.14495913684368134,-1.7662608970249707,0.24374376237392426,2.5394060611724854,-1.7690148501495677,1766201829.666106
0.05953237786889076,-0.14495913684368134,-1.7662608970249707,0.24372443556785583,2.5393483638763428,-1.7687582750165352,1766201829.6660683
0.05973489210009575,-0.14345207810401917,-1.7652567574479725,0.24372443556785583,2.5393483638763428,-1.7687582750165352,1766201829.6661317
0.05973489210009575,-0.14345207810401917,-1.7652567574479725,0.24376435577869415,2.5393364429473877,-1.768991280062674,1766201829.6661227
0.05973489210009575,-0.14345207810401917,-1.7652567574479725,0.24372370541095734,2.539389133453369,-1.7687645885255148,1766201829.6760905
0.06012323871254921,-0.14140181243419647,-1.771309345194384,0.24372370541095734,2.539389133453369,-1.7687645885255148,1766201829.6761384
0.06012323871254921,-0.14140181243419647,-1.771309345194384,0.2437594085931778,2.539403200149536,-1.7690705366657937,1766201829.6861234
0.06022881716489792,-0.13985688984394073,-1.7729302593651475,0.2437594085931778,2.539403200149536,-1.7690705366657937,1766201829.686163
0.059378813952207565,-0.13890576362609863,-1.758311510885508,0.2437594085931778,2.539403200149536,-1.7690705366657937,1766201829.6961272
0.059378813952207565,-0.13890576362609863,-1.758311510885508,0.24374985694885254,2.539440631866455,-1.7688482817251125,1766201829.6960921
0.059378813952207565,-0.13890576362609863,-1.758311510885508,0.243718683719635,2.5394129753112793,-1.7687743157160511,1766201829.7061203
0.060228802263736725,-0.13719868659973145,-1.7695143735211958,0.243718683719635,2.5394129753112793,-1.7687743157160511,1766201829.7061546
0.060228802263736725,-0.13719868659973145,-1.7695143735211958,0.2436986118555069,2.5394318103790283,-1.7688927368102314,1766201829.716074
0.06038500368595123,-0.13392038643360138,-1.777616752934558,0.2436986118555069,2.5394318103790283,-1.7688927368102314,1766201829.7261388
0.06038500368595123,-0.13392038643360138,-1.777616752934558,0.2436816245317459,2.539381504058838,-1.7687816006136903,1766201829.7261055
0.05990753695368767,-0.13320311903953552,-1.7758918114099773,0.2436816245317459,2.539381504058838,-1.7687816006136903,1766201829.7261631
0.05990753695368767,-0.13320311903953552,-1.7758918114099773,0.2436896562576294,2.5394105911254883,-1.7689014386738924,1766201829.7261539
0.05990753695368767,-0.13320311903953552,-1.7758918114099773,0.2436933070421219,2.539419174194336,-1.768880239419527,1766201829.736081
0.05988042801618576,-0.1316072642803192,-1.78132439600777,0.2436933070421219,2.539419174194336,-1.768880239419527,1766201829.7361155
0.05988042801618576,-0.1316072642803192,-1.78132439600777,0.24368952214717865,2.5394961833953857,-1.7686085879142894,1766201829.746057
0.05952972546219826,-0.130640909075737,-1.7811512512156504,0.24368952214717865,2.5394961833953857,-1.7686085879142894,1766201829.7460938
0.05952972546219826,-0.130640909075737,-1.7811512512156504,0.2439230978488922,2.5396907329559326,-1.770394282983565,1766201829.7560546
0.05819680169224739,-0.13003875315189362,-1.7673498197979254,0.2439230978488922,2.5396907329559326,-1.770394282983565,1766201829.7560887
0.05819680169224739,-0.13003875315189362,-1.7673498197979254,0.2437673807144165,2.539463520050049,-1.7689502420716763,1766201829.756104
0.05880846083164215,-0.12857352197170258,-1.784090036516069,0.2437673807144165,2.539463520050049,-1.7689502420716763,1766201829.7561138
0.05880846083164215,-0.12857352197170258,-1.784090036516069,0.2437513917684555,2.539379835128784,-1.7686152316532062,1766201829.766105
0.05776504427194595,-0.1284807175397873,-1.7928755907454557,0.2437513917684555,2.539379835128784,-1.7686152316532062,1766201829.7661386
0.057444099336862564,-0.12778447568416595,-1.7932434465656162,0.2437513917684555,2.539379835128784,-1.7686152316532062,1766201829.77612
0.057444099336862564,-0.12778447568416595,-1.7932434465656162,0.24374283850193024,2.5393118858337402,-1.7687424152270785,1766201829.7760851
0.057444099336862564,-0.12778447568416595,-1.7932434465656162,0.24376940727233887,2.5394415855407715,-1.76901839058858,1766201829.7861102
0.05767827853560448,-0.1269388645887375,-1.7820709074008798,0.24376940727233887,2.5394415855407715,-1.76901839058858,1766201829.7861445
0.05767827853560448,-0.1269388645887375,-1.7820709074008798,0.24370723962783813,2.5394301414489746,-1.7683387798424506,1766201829.7960966
0.05742514133453369,-0.12601763010025024,-1.7842683519189984,0.24370723962783813,2.5394301414489746,-1.7683387798424506,1766201829.7961302
0.05664559826254845,-0.1252327263355255,-1.8001012772844693,0.24370723962783813,2.5394301414489746,-1.7683387798424506,1766201829.8060825
0.05664559826254845,-0.1252327263355255,-1.8001012772844693,0.2437397688627243,2.5395145416259766,-1.768640703695522,1766201829.8060482
0.05666821077466011,-0.12483392655849457,-1.7810935695457317,0.2437397688627243,2.5395145416259766,-1.768640703695522,1766201829.8061066
0.05666821077466011,-0.12483392655849457,-1.7810935695457317,0.24368609488010406,2.5395073890686035,-1.7685885431831807,1766201829.8060975
0.056466761976480484,-0.12415328621864319,-1.781871286187438,0.24368609488010406,2.5395073890686035,-1.7685885431831807,1766201829.8160806
0.056466761976480484,-0.12415328621864319,-1.781871286187438,0.2437301129102707,2.5394749641418457,-1.7687967053133813,1766201829.816035
0.056278128176927567,-0.1234903335571289,-1.781238906237661,0.2437301129102707,2.5394749641418457,-1.7687967053133813,1766201829.8261385
0.056278128176927567,-0.1234903335571289,-1.781238906237661,0.24370121955871582,2.5394949913024902,-1.7685748079551318,1766201829.826105
0.056278128176927567,-0.1234903335571289,-1.781238906237661,0.24365383386611938,2.539595603942871,-1.768805186216361,1766201829.8360584
0.0561140812933445,-0.12276020646095276,-1.780947809151827,0.24365383386611938,2.539595603942871,-1.768805186216361,1766201829.8360922
0.0561140812933445,-0.12276020646095276,-1.780947809151827,0.24368993937969208,2.539470672607422,-1.7689490376354506,1766201829.8460488
0.05588157847523689,-0.12210190296173096,-1.7812188112439342,0.24368993937969208,2.539470672607422,-1.7689490376354506,1766201829.8460822
0.05570441484451294,-0.1211768239736557,-1.7790940026182478,0.24368993937969208,2.539470672607422,-1.7689490376354506,1766201829.8561366
0.05570441484451294,-0.1211768239736557,-1.7790940026182478,0.2437228560447693,2.539478063583374,-1.7690187384896596,1766201829.8561018
0.0547448992729187,-0.12048281729221344,-1.770357260401376,0.2437228560447693,2.539478063583374,-1.7690187384896596,1766201829.8561609
0.0547448992729187,-0.12048281729221344,-1.770357260401376,0.24369916319847107,2.539386034011841,-1.768674817899446,1766201829.856152
0.0547448992729187,-0.12048281729221344,-1.770357260401376,0.24370738863945007,2.5393850803375244,-1.7685369912601288,1766201829.866061
0.055352840572595596,-0.11952158063650131,-1.7803633391426192,0.24370738863945007,2.5393850803375244,-1.7685369912601288,1766201829.8660946
0.05526697263121605,-0.11884497106075287,-1.7811085574650287,0.24370738863945007,2.5393850803375244,-1.7685369912601288,1766201829.876128
0.05526697263121605,-0.11884497106075287,-1.7811085574650287,0.24370864033699036,2.5394301414489746,-1.7687396998334453,1766201829.8760943
0.05526697263121605,-0.11884497106075287,-1.7811085574650287,0.2436979115009308,2.539370059967041,-1.7685662992319673,1766201829.8861086
0.05517026036977768,-0.1181192696094513,-1.7813733004980143,0.2436979115009308,2.539370059967041,-1.7685662992319673,1766201829.8861415
0.05448593944311142,-0.11789098381996155,-1.7702606181785006,0.2436979115009308,2.539370059967041,-1.7685662992319673,1766201829.896103
0.05448593944311142,-0.11789098381996155,-1.7702606181785006,0.24371232092380524,2.53940486907959,-1.7689337773683151,1766201829.8960693
0.05448593944311142,-0.11789098381996155,-1.7702606181785006,0.24372275173664093,2.5394604206085205,-1.7688247278094105,1766201829.906108
0.05498940497636795,-0.11666132509708405,-1.7820437383901686,0.24372275173664093,2.5394604206085205,-1.7688247278094105,1766201829.906141
0.05498940497636795,-0.11666132509708405,-1.7820437383901686,0.24371862411499023,2.5394740104675293,-1.7688602882204507,1766201829.9160657
0.05456049367785454,-0.11602820456027985,-1.7978626893837206,0.24371862411499023,2.5394740104675293,-1.7688602882204507,1766201829.9160998
0.05456049367785454,-0.11602820456027985,-1.7978626893837206,0.24374067783355713,2.539429187774658,-1.769060905351731,1766201829.916117
0.05431855469942093,-0.11539052426815033,-1.7990319987564025,0.24374067783355713,2.539429187774658,-1.769060905351731,1766201829.9161263
0.05431855469942093,-0.11539052426815033,-1.7990319987564025,0.24370449781417847,2.5394749641418457,-1.7689119458171618,1766201829.9261036
0.05308494716882706,-0.11499721556901932,-1.7853722766747258,0.24370449781417847,2.5394749641418457,-1.7689119458171618,1766201829.9261377
0.05308494716882706,-0.11499721556901932,-1.7853722766747258,0.24370166659355164,2.539426565170288,-1.768693793880407,1766201829.9360948
0.05285119637846947,-0.11438912153244019,-1.786514135414119,0.24370166659355164,2.539426565170288,-1.768693793880407,1766201829.936128
0.052210286259651184,-0.11373433470726013,-1.7801116782052333,0.24370166659355164,2.539426565170288,-1.768693793880407,1766201829.946131
0.052210286259651184,-0.11373433470726013,-1.7801116782052333,0.24365198612213135,2.5394418239593506,-1.768797016885327,1766201829.9460979
0.053218718618154526,-0.11312873661518097,-1.7737948793655618,0.24365198612213135,2.5394418239593506,-1.768797016885327,1766201829.956116
0.053218718618154526,-0.11312873661518097,-1.7737948793655618,0.24367833137512207,2.5394339561462402,-1.7689693210762272,1766201829.9560819
0.053218718618154526,-0.11312873661518097,-1.7737948793655618,0.2436913549900055,2.539407253265381,-1.7688241051687943,1766201829.966038
0.054526615887880325,-0.11210770159959793,-1.787456569801172,0.2436913549900055,2.539407253265381,-1.7688241051687943,1766201829.9660726
0.054526615887880325,-0.11210770159959793,-1.787456569801172,0.2436959147453308,2.5394678115844727,-1.7689677615761104,1766201829.9660897
0.053875479847192764,-0.11191172897815704,-1.7870360826719516,0.2436959147453308,2.5394678115844727,-1.7689677615761104,1766201829.9660985
0.05334997549653053,-0.11140097677707672,-1.7848344126939804,0.2436959147453308,2.5394678115844727,-1.7689677615761104,1766201829.9761143
0.05334997549653053,-0.11140097677707672,-1.7848344126939804,0.24368935823440552,2.539476156234741,-1.7685293231216923,1766201829.976081
0.05334997549653053,-0.11140097677707672,-1.7848344126939804,0.24367377161979675,2.5394437313079834,-1.7688021309965194,1766201829.9860601
0.05307977646589279,-0.11085158586502075,-1.784654761374539,0.24367377161979675,2.5394437313079834,-1.7688021309965194,1766201829.986094
0.05307977646589279,-0.11085158586502075,-1.784654761374539,0.24370752274990082,2.53942608833313,-1.7688081304074152,1766201829.9961054
0.052007198333740234,-0.11045394837856293,-1.7748008094314143,0.24370752274990082,2.53942608833313,-1.7688081304074152,1766201829.996139
0.052007198333740234,-0.11045394837856293,-1.7748008094314143,0.2437187284231186,2.5393950939178467,-1.7688092449037098,1766201830.0061045
0.05247168987989426,-0.10969285666942596,-1.7823427863564103,0.2437187284231186,2.5393950939178467,-1.7688092449037098,1766201830.0061374
0.05247168987989426,-0.10969285666942596,-1.7823427863564103,0.24379833042621613,2.5393853187561035,-1.769314115905655,1766201830.006161
0.051415182650089264,-0.10925915837287903,-1.7720683027959407,0.24379833042621613,2.5393853187561035,-1.769314115905655,1766201830.00617
0.051415182650089264,-0.10925915837287903,-1.7720683027959407,0.24373826384544373,2.5394723415374756,-1.768709900727791,1766201830.0160813
0.051112834364175797,-0.1087362989783287,-1.7718874846783423,0.24373826384544373,2.5394723415374756,-1.768709900727791,1766201830.0161154
0.051664289087057114,-0.10806023329496384,-1.7824518916726602,0.24373826384544373,2.5394723415374756,-1.768709900727791,1766201830.0260909
0.051664289087057114,-0.10806023329496384,-1.7824518916726602,0.243756964802742,2.5393710136413574,-1.7688682602427124,1766201830.026057
0.051664289087057114,-0.10806023329496384,-1.7824518916726602,0.2437320500612259,2.539415121078491,-1.7687049122539815,1766201830.0360796
0.051688965409994125,-0.10741233825683594,-1.7838226379852742,0.2437320500612259,2.539415121078491,-1.7687049122539815,1766201830.0361137
0.051392339169979095,-0.10689055174589157,-1.7832332163252242,0.2437320500612259,2.539415121078491,-1.7687049122539815,1766201830.0460825
0.051392339169979095,-0.10689055174589157,-1.7832332163252242,0.24373237788677216,2.539409637451172,-1.7688819630832575,1766201830.0460494
0.051392339169979095,-0.10689055174589157,-1.7832332163252242,0.24365854263305664,2.5394084453582764,-1.7686780424229065,1766201830.0560555
0.05124812573194504,-0.10643642395734787,-1.779667449312755,0.24365854263305664,2.5394084453582764,-1.7686780424229065,1766201830.0560892
0.0509759746491909,-0.10598676651716232,-1.7794973909429754,0.24365854263305664,2.5394084453582764,-1.7686780424229065,1766201830.0660858
0.0509759746491909,-0.10598676651716232,-1.7794973909429754,0.24364009499549866,2.5394392013549805,-1.768722411781407,1766201830.066052
0.05029427632689476,-0.10557940602302551,-1.7782802953633403,0.24364009499549866,2.5394392013549805,-1.768722411781407,1766201830.0661123
0.05029427632689476,-0.10557940602302551,-1.7782802953633403,0.24370545148849487,2.539428234100342,-1.7689979978609482,1766201830.066103
0.05029427632689476,-0.10557940602302551,-1.7782802953633403,0.24367167055606842,2.539480209350586,-1.7688028068171353,1766201830.0760972
0.049364715814590454,-0.10531748831272125,-1.7682552276522348,0.24367167055606842,2.539480209350586,-1.7688028068171353,1766201830.0761304
0.049364715814590454,-0.10531748831272125,-1.7682552276522348,0.24367891252040863,2.539447069168091,-1.768894875964163,1766201830.0860603
0.04987860843539238,-0.10481386631727219,-1.7767955857192272,0.24367891252040863,2.539447069168091,-1.768894875964163,1766201830.0860932
0.04887307807803154,-0.10465066134929657,-1.766212816605498,0.24367891252040863,2.539447069168091,-1.768894875964163,1766201830.0961313
0.04887307807803154,-0.10465066134929657,-1.766212816605498,0.24372389912605286,2.5394675731658936,-1.7690013380021061,1766201830.096098
0.049759525805711746,-0.10387221723794937,-1.7814805130226974,0.24372389912605286,2.5394675731658936,-1.7690013380021061,1766201830.1060889
0.049759525805711746,-0.10387221723794937,-1.7814805130226974,0.2437109500169754,2.539486885070801,-1.7687330049079024,1766201830.106056
0.04951806738972664,-0.10362280905246735,-1.7771155018178855,0.2437109500169754,2.539486885070801,-1.7687330049079024,1766201830.106114
0.04951806738972664,-0.10362280905246735,-1.7771155018178855,0.2437305450439453,2.539381742477417,-1.7688061255483718,1766201830.1061049
0.04951806738972664,-0.10362280905246735,-1.7771155018178855,0.24371369183063507,2.539424419403076,-1.7690965503628509,1766201830.1160562
0.04922595992684364,-0.10395368188619614,-1.7725952880931806,0.24371369183063507,2.539424419403076,-1.7690965503628509,1766201830.1160903
0.049136534333229065,-0.10385589301586151,-1.7721506703833898,0.24371369183063507,2.539424419403076,-1.7690965503628509,1766201830.1361356
0.049136534333229065,-0.10385589301586151,-1.7721506703833898,0.24372951686382294,2.539363384246826,-1.7687828498975489,1766201830.136102
0.04907980188727379,-0.10376687347888947,-1.7727120202899653,0.24372951686382294,2.539363384246826,-1.7687828498975489,1766201830.1361606
0.04907980188727379,-0.10376687347888947,-1.7727120202899653,0.2437424212694168,2.539351463317871,-1.7688987451733456,1766201830.1361516
0.04902615770697594,-0.10371756553649902,-1.772145715672979,0.2437424212694168,2.539351463317871,-1.7688987451733456,1766201830.14609
0.04902615770697594,-0.10371756553649902,-1.772145715672979,0.24368484318256378,2.539334774017334,-1.7686877500908913,1766201830.1460588
0.04902615770697594,-0.10371756553649902,-1.772145715672979,0.24368414282798767,2.5394229888916016,-1.7684861156718144,1766201830.1560779
0.0489790253341198,-0.10367757081985474,-1.7718446584857708,0.24368414282798767,2.5394229888916016,-1.7684861156718144,1766201830.1561122
0.04894467070698738,-0.10364165902137756,-1.7702730227352743,0.24368414282798767,2.5394229888916016,-1.7684861156718144,1766201830.1661444
0.04894467070698738,-0.10364165902137756,-1.7702730227352743,0.24370984733104706,2.5394949913024902,-1.7689671834540353,1766201830.16611
0.04887870326638222,-0.10362961888313293,-1.769749505088832,0.24370984733104706,2.5394949913024902,-1.7689671834540353,1766201830.166171
0.04887870326638222,-0.10362961888313293,-1.769749505088832,0.24369454383850098,2.539445161819458,-1.7688952116970273,1766201830.1661618
0.04888773337006569,-0.10359872877597809,-1.769593048244352,0.24369454383850098,2.539445161819458,-1.7688952116970273,1766201830.1761293
0.04888773337006569,-0.10359872877597809,-1.769593048244352,0.2436869740486145,2.539487600326538,-1.7686380673873126,1766201830.1760962
0.04888773337006569,-0.10359872877597809,-1.769593048244352,0.24370022118091583,2.539433479309082,-1.7686583829612736,1766201830.1861048
0.048929642885923386,-0.10357927531003952,-1.770472431986633,0.24370022118091583,2.539433479309082,-1.7686583829612736,1766201830.1861389
0.048929642885923386,-0.10357927531003952,-1.770472431986633,0.2437131404876709,2.5394952297210693,-1.7687291249525416,1766201830.1960967
0.04890289530158043,-0.10353447496891022,-1.7701476128705549,0.2437131404876709,2.5394952297210693,-1.7687291249525416,1766201830.1961298
0.04894145205616951,-0.10347422957420349,-1.7701175615800908,0.2437131404876709,2.5394952297210693,-1.7687291249525416,1766201830.2061496
0.04894145205616951,-0.10347422957420349,-1.7701175615800908,0.24373221397399902,2.5394630432128906,-1.7690985635508056,1766201830.2061164
0.04866239055991173,-0.1034383475780487,-1.7763557814792759,0.24373221397399902,2.5394630432128906,-1.7690985635508056,1766201830.206175
0.04866239055991173,-0.1034383475780487,-1.7763557814792759,0.24371226131916046,2.539452075958252,-1.7689253154213105,1766201830.2061658
0.04866239055991173,-0.1034383475780487,-1.7763557814792759,0.24372833967208862,2.5394113063812256,-1.769176317556099,1766201830.2160525
0.04898429661989212,-0.1033100113272667,-1.7696998027190358,0.24372833967208862,2.5394113063812256,-1.769176317556099,1766201830.216086
0.04898429661989212,-0.1033100113272667,-1.7696998027190358,0.24370144307613373,2.5393714904785156,-1.7683655476809452,1766201830.2361014
0.04899577423930168,-0.10315453261137009,-1.7694920859136252,0.24370144307613373,2.5393714904785156,-1.7683655476809452,1766201830.2361352
0.04899577423930168,-0.10315453261137009,-1.7694920859136252,0.2437054067850113,2.5394089221954346,-1.7685560683966588,1766201830.2361524
0.04903870448470116,-0.10303675383329391,-1.7696273528579816,0.2437054067850113,2.5394089221954346,-1.7685560683966588,1766201830.2361615
0.04903870448470116,-0.10303675383329391,-1.7696273528579816,0.2437257170677185,2.539405107498169,-1.7686437535830604,1766201830.2460504
0.049074675887823105,-0.10287989675998688,-1.7700467238430637,0.2437257170677185,2.539405107498169,-1.7686437535830604,1766201830.2460837
0.049074675887823105,-0.10287989675998688,-1.7700467238430637,0.2437511533498764,2.539451837539673,-1.7687646207946053,1766201830.2561014
0.04910923168063164,-0.10272129625082016,-1.770066135355568,0.2437511533498764,2.539451837539673,-1.7687646207946053,1766201830.2561355
0.04910923168063164,-0.10272129625082016,-1.770066135355568,0.2436879575252533,2.5394656658172607,-1.7685185671561479,1766201830.2561517
0.04970840364694595,-0.10214745253324509,-1.7718722171140413,0.2436879575252533,2.5394656658172607,-1.7685185671561479,1766201830.2561612
0.04970840364694595,-0.10214745253324509,-1.7718722171140413,0.2436971664428711,2.5395302772521973,-1.768569217809828,1766201830.2660632
0.04911504685878754,-0.10196513682603836,-1.7664005509159089,0.2436971664428711,2.5395302772521973,-1.768569217809828,1766201830.2660968
0.04911504685878754,-0.10196513682603836,-1.7664005509159089,0.24370741844177246,2.5394458770751953,-1.7688189015536857,1766201830.2761002
0.04827645421028137,-0.10224027186632156,-1.7587137453760406,0.24370741844177246,2.5394458770751953,-1.7688189015536857,1766201830.276134
0.04827645421028137,-0.10224027186632156,-1.7587137453760406,0.2436896115541458,2.5394129753112793,-1.7688081513418292,1766201830.2861154
0.04910394921898842,-0.10190880298614502,-1.7679230541780708,0.2436896115541458,2.5394129753112793,-1.7688081513418292,1766201830.2861478
0.04910394921898842,-0.10190880298614502,-1.7679230541780708,0.24369564652442932,2.5394601821899414,-1.7686225131607856,1766201830.296103
0.04917638748884201,-0.10136231034994125,-1.7672294038183474,0.24369564652442932,2.5394601821899414,-1.7686225131607856,1766201830.2961364
0.04917638748884201,-0.10136231034994125,-1.7672294038183474,0.2436792403459549,2.5395047664642334,-1.7687842679982642,1766201830.3060591
0.049186475574970245,-0.10143053531646729,-1.7675869443934396,0.2436792403459549,2.5395047664642334,-1.7687842679982642,1766201830.3060918
0.049186475574970245,-0.10143053531646729,-1.7675869443934396,0.2436535507440567,2.539461135864258,-1.7685426330612137,1766201830.306107
0.04914398118853569,-0.10123828053474426,-1.7668627941410389,0.2436535507440567,2.539461135864258,-1.7685426330612137,1766201830.306116
0.049139298498630524,-0.10106296837329865,-1.7683389428982923,0.2436535507440567,2.539461135864258,-1.7685426330612137,1766201830.31599
0.049139298498630524,-0.10106296837329865,-1.7683389428982923,0.2436138242483139,2.53944730758667,-1.7685234587342857,1766201830.3159804
0.04912407323718071,-0.1008404940366745,-1.7679195367648364,0.2436138242483139,2.53944730758667,-1.7685234587342857,1766201830.3261442
0.04912407323718071,-0.1008404940366745,-1.7679195367648364,0.2436881959438324,2.5394694805145264,-1.768627222913133,1766201830.3261106
0.04912407323718071,-0.1008404940366745,-1.7679195367648364,0.24374492466449738,2.5393881797790527,-1.768970200341383,1766201830.3360486
0.049096692353487015,-0.1006479263305664,-1.7664497810297795,0.24374492466449738,2.5393881797790527,-1.768970200341383,1766201830.3360581
0.04913827031850815,-0.10046714544296265,-1.766366056046003,0.24374492466449738,2.5393881797790527,-1.768970200341383,1766201830.3461056
0.04913827031850815,-0.10046714544296265,-1.766366056046003,0.2436937391757965,2.539454221725464,-1.768682642032817,1766201830.346072
0.04911379888653755,-0.10031922161579132,-1.7676264343078378,0.2436937391757965,2.539454221725464,-1.768682642032817,1766201830.3561249
0.04911379888653755,-0.10031922161579132,-1.7676264343078378,0.24374611675739288,2.5394537448883057,-1.768813491212406,1766201830.3560905
0.049349479377269745,-0.10006564110517502,-1.769368258590375,0.24374611675739288,2.5394537448883057,-1.768813491212406,1766201830.366097
0.049349479377269745,-0.10006564110517502,-1.769368258590375,0.2437390834093094,2.5394270420074463,-1.7686238313881306,1766201830.3660638
0.04933028295636177,-0.09992723166942596,-1.769426581965849,0.2437390834093094,2.5394270420074463,-1.7686238313881306,1766201830.3661234
0.04933028295636177,-0.09992723166942596,-1.769426581965849,0.24370315670967102,2.539440155029297,-1.768803057265132,1766201830.3661141
0.04933028295636177,-0.09992723166942596,-1.769426581965849,0.24371571838855743,2.539349317550659,-1.7686263477991444,1766201830.3761184
0.04927792772650719,-0.09976214170455933,-1.7684406913398603,0.24371571838855743,2.539349317550659,-1.7686263477991444,1766201830.376152
0.04927792772650719,-0.09976214170455933,-1.7684406913398603,0.24367493391036987,2.5394084453582764,-1.768737221274011,1766201830.3861165
0.04926932975649834,-0.09959693998098373,-1.7690099387858347,0.24367493391036987,2.5394084453582764,-1.768737221274011,1766201830.3861504
0.04926932975649834,-0.09959693998098373,-1.7690099387858347,0.24366088211536407,2.539397954940796,-1.7684836177638141,1766201830.3960931
0.04879303276538849,-0.09955195337533951,-1.7645246282759566,0.24366088211536407,2.539397954940796,-1.7684836177638141,1766201830.3961265
0.04879303276538849,-0.09955195337533951,-1.7645246282759566,0.2436576783657074,2.539393424987793,-1.7686050494290233,1766201830.4061131
0.04875214397907257,-0.09938753396272659,-1.7640810408420784,0.2436576783657074,2.539393424987793,-1.7686050494290233,1766201830.4061463
0.04875214397907257,-0.09938753396272659,-1.7640810408420784,0.24368640780448914,2.539478302001953,-1.7687628008564196,1766201830.4061623
0.04914967343211174,-0.09912267327308655,-1.768031165903631,0.24368640780448914,2.539478302001953,-1.7687628008564196,1766201830.4061713
0.04914967343211174,-0.09912267327308655,-1.768031165903631,0.24364501237869263,2.5394933223724365,-1.7685457325719034,1766201830.416027
0.04817362129688263,-0.09896011650562286,-1.7568440718835285,0.24364501237869263,2.5394933223724365,-1.7685457325719034,1766201830.4260273
0.04817362129688263,-0.09896011650562286,-1.7568440718835285,0.2436673790216446,2.539442777633667,-1.768767445068737,1766201830.4260175
0.04817362129688263,-0.09896011650562286,-1.7568440718835285,0.24371998012065887,2.5395286083221436,-1.7689046489266402,1766201830.4361067
0.048027168959379196,-0.09878851473331451,-1.755725339314251,0.24371998012065887,2.5395286083221436,-1.7689046489266402,1766201830.4361408
0.048027168959379196,-0.09878851473331451,-1.755725339314251,0.24368326365947723,2.539433479309082,-1.768689159799658,1766201830.4460669
0.048027168959379196,-0.09878851473331451,-1.755725339314251,0.2437177300453186,2.539405345916748,-1.7685066162188576,1766201830.4561033
0.04795119911432266,-0.09846057742834091,-1.7549024772585504,0.2437177300453186,2.539405345916748,-1.7685066162188576,1766201830.4561374
0.04795119911432266,-0.09846057742834091,-1.7549024772585504,0.24374251067638397,2.5393354892730713,-1.7689271540792117,1766201830.4561532
0.0489741787314415,-0.09811827540397644,-1.7661506384944434,0.24374251067638397,2.5393354892730713,-1.7689271540792117,1766201830.4561625
0.04899167641997337,-0.09797213971614838,-1.7663025423419791,0.24374251067638397,2.5393354892730713,-1.7689271540792117,1766201830.4660375
0.04899167641997337,-0.09797213971614838,-1.7663025423419791,0.24370937049388885,2.539335250854492,-1.7687955057135367,1766201830.46599
0.048619601875543594,-0.09772345423698425,-1.7776749784626338,0.24370937049388885,2.539335250854492,-1.7687955057135367,1766201830.4761193
0.048619601875543594,-0.09772345423698425,-1.7776749784626338,0.243736132979393,2.539280652999878,-1.7688728774609617,1766201830.4760842
0.048619601875543594,-0.09772345423698425,-1.7776749784626338,0.24373102188110352,2.539340019226074,-1.7689585633525515,1766201830.486043
0.04755248501896858,-0.09792017191648483,-1.767857741958291,0.24373102188110352,2.539340019226074,-1.7689585633525515,1766201830.4860766
0.04755248501896858,-0.09792017191648483,-1.767857741958291,0.2437189221382141,2.5394394397735596,-1.768687515141365,1766201830.4961026
0.04755248501896858,-0.09792017191648483,-1.767857741958291,0.24371585249900818,2.5394365787506104,-1.768629955503674,1766201830.5061028
0.048211127519607544,-0.09736929833889008,-1.7756590351288117,0.24371585249900818,2.5394365787506104,-1.768629955503674,1766201830.5061374
0.048211127519607544,-0.09736929833889008,-1.7756590351288117,0.243721604347229,2.539487600326538,-1.768819745643784,1766201830.5061533
0.048227857798337936,-0.09719289094209671,-1.7751590051416892,0.243721604347229,2.539487600326538,-1.768819745643784,1766201830.5061636
0.048227857798337936,-0.09719289094209671,-1.7751590051416892,0.2437361776828766,2.539489507675171,-1.7690301040119094,1766201830.5160215
0.048227857798337936,-0.09719289094209671,-1.7751590051416892,0.24370251595973969,2.5395026206970215,-1.7690029200807527,1766201830.5260477
0.048227857798337936,-0.09719289094209671,-1.7751590051416892,0.24369196593761444,2.539472818374634,-1.7689409128090356,1766201830.5360408
0.048227857798337936,-0.09719289094209671,-1.7751590051416892,0.24368014931678772,2.539458751678467,-1.768755259494073,1766201830.5460577
0.048227857798337936,-0.09719289094209671,-1.7751590051416892,0.24373649060726166,2.539518356323242,-1.769088958715953,1766201830.5560772
0.04851547256112099,-0.09603456407785416,-1.766105054861237,0.24373649060726166,2.539518356323242,-1.769088958715953,1766201830.5661352
0.04851547256112099,-0.09603456407785416,-1.766105054861237,0.2437046766281128,2.5394604206085205,-1.7687734726709345,1766201830.5660899
0.04851547256112099,-0.09603456407785416,-1.766105054861237,0.24371114373207092,2.5394680500030518,-1.7688346894788174,1766201830.5661254
0.04851547256112099,-0.09603456407785416,-1.766105054861237,0.24368411302566528,2.5393481254577637,-1.7685551730032212,1766201830.5760803
0.049017276614904404,-0.09544258564710617,-1.7695529568741737,0.24368411302566528,2.5393481254577637,-1.7685551730032212,1766201830.5861382
0.049017276614904404,-0.09544258564710617,-1.7695529568741737,0.24374838173389435,2.539431095123291,-1.7688580579689999,1766201830.5861046
0.049017276614904404,-0.09544258564710617,-1.7695529568741737,0.2437608242034912,2.53938889503479,-1.7686848836045264,1766201830.5961092
0.04911264404654503,-0.09558083862066269,-1.7806822791915884,0.2437608242034912,2.53938889503479,-1.7686848836045264,1766201830.596143
0.04911264404654503,-0.09558083862066269,-1.7806822791915884,0.24375265836715698,2.5393669605255127,-1.768983391671722,1766201830.6061141
0.04920194670557976,-0.09544879198074341,-1.7810125025622725,0.24375265836715698,2.5393669605255127,-1.768983391671722,1766201830.6061475
0.04920194670557976,-0.09544879198074341,-1.7810125025622725,0.243730828166008,2.539280652999878,-1.7689818468652756,1766201830.6061647
0.048566196113824844,-0.0953676626086235,-1.7666881508053485,0.243730828166008,2.539280652999878,-1.7689818468652756,1766201830.606174
0.048685222864151,-0.09525200724601746,-1.7668878336736455,0.243730828166008,2.539280652999878,-1.7689818468652756,1766201830.6160529
0.048685222864151,-0.09525200724601746,-1.7668878336736455,0.2436854988336563,2.5393733978271484,-1.768675627025984,1766201830.6160436
0.048685222864151,-0.09525200724601746,-1.7668878336736455,0.2437324821949005,2.5393741130828857,-1.7691066549692869,1766201830.626135
0.04898802936077118,-0.09513086825609207,-1.755712971900339,0.2437324821949005,2.5393741130828857,-1.7691066549692869,1766201830.6261685
0.04898802936077118,-0.09513086825609207,-1.755712971900339,0.24371744692325592,2.5393900871276855,-1.7692236378206994,1766201830.636123
0.049224480986595154,-0.09496938437223434,-1.7580378375625914,0.24371744692325592,2.5393900871276855,-1.7692236378206994,1766201830.6361558
0.049224480986595154,-0.09496938437223434,-1.7580378375625914,0.24372023344039917,2.5394697189331055,-1.7688639794651437,1766201830.6461036
0.049134254455566406,-0.09483713656663895,-1.75617521389736,0.24372023344039917,2.5394697189331055,-1.7688639794651437,1766201830.6461375
0.049371637403964996,-0.09467370808124542,-1.7576616577699398,0.24372023344039917,2.5394697189331055,-1.7688639794651437,1766201830.656157
0.049371637403964996,-0.09467370808124542,-1.7576616577699398,0.2437252700328827,2.5394623279571533,-1.768961437891841,1766201830.656123
0.04945586621761322,-0.09452914446592331,-1.7580012681439174,0.2437252700328827,2.5394623279571533,-1.768961437891841,1766201830.6561828
0.04945586621761322,-0.09452914446592331,-1.7580012681439174,0.243722602725029,2.539492607116699,-1.768974741326857,1766201830.6561737
0.04945586621761322,-0.09452914446592331,-1.7580012681439174,0.2438541054725647,2.5397322177886963,-1.770318284801801,1766201830.6661358
0.04955349117517471,-0.09438186883926392,-1.7579056021458315,0.2438541054725647,2.5397322177886963,-1.770318284801801,1766201830.6661468
0.04955349117517471,-0.09438186883926392,-1.7579056021458315,0.24368137121200562,2.5394680500030518,-1.7684404169228292,1766201830.6760933
0.04967009276151657,-0.09424833953380585,-1.7578215793884904,0.24368137121200562,2.5394680500030518,-1.7684404169228292,1766201830.6761277
0.05041225627064705,-0.09397321194410324,-1.766219894281993,0.24368137121200562,2.5394680500030518,-1.7684404169228292,1766201830.686152
0.05041225627064705,-0.09397321194410324,-1.766219894281993,0.24370896816253662,2.5393717288970947,-1.7688961644983567,1766201830.6861174
0.04988381266593933,-0.09390346705913544,-1.7574688689084992,0.24370896816253662,2.5393717288970947,-1.7688961644983567,1766201830.6961663
0.04988381266593933,-0.09390346705913544,-1.7574688689084992,0.24373120069503784,2.5393760204315186,-1.7687559169341176,1766201830.6961288
0.04988381266593933,-0.09390346705913544,-1.7574688689084992,0.24376249313354492,2.5394463539123535,-1.7689329251998973,1766201830.7060978
0.05061802640557289,-0.0936177521944046,-1.7660170687114738,0.24376249313354492,2.5394463539123535,-1.7689329251998973,1766201830.7061322
0.04989295452833176,-0.09358549863100052,-1.756755809819263,0.24376249313354492,2.5394463539123535,-1.7689329251998973,1766201830.7161322
0.04989295452833176,-0.09358549863100052,-1.756755809819263,0.24371616542339325,2.539337396621704,-1.7685502086363059,1766201830.7160974
0.05005768686532974,-0.09344898909330368,-1.7568513980356664,0.24371616542339325,2.539337396621704,-1.7685502086363059,1766201830.716158
0.05005768686532974,-0.09344898909330368,-1.7568513980356664,0.24369747936725616,2.539379119873047,-1.7687513493243618,1766201830.7161484
0.05005768686532974,-0.09344898909330368,-1.7568513980356664,0.2437169998884201,2.539370536804199,-1.7687026672823696,1766201830.7260864
0.050073787569999695,-0.09333307296037674,-1.7564814536925424,0.2437169998884201,2.539370536804199,-1.7687026672823696,1766201830.726096
0.050073787569999695,-0.09333307296037674,-1.7564814536925424,0.2437402755022049,2.5394465923309326,-1.7687165665602287,1766201830.7360144
0.050329599529504776,-0.09306827187538147,-1.763057355523325,0.2437402755022049,2.5394465923309326,-1.7687165665602287,1766201830.7360249
0.051142122596502304,-0.09282522648572922,-1.7725642942338105,0.2437402755022049,2.5394465923309326,-1.7687165665602287,1766201830.7461572
0.051142122596502304,-0.09282522648572922,-1.7725642942338105,0.24366480112075806,2.539494276046753,-1.768410573730028,1766201830.7461224
0.05041521042585373,-0.09285245090723038,-1.76271298543092,0.24366480112075806,2.539494276046753,-1.768410573730028,1766201830.7561617
0.05041521042585373,-0.09285245090723038,-1.76271298543092,0.2436598241329193,2.539461851119995,-1.7685523268461014,1766201830.7561266
0.05043146386742592,-0.09275193512439728,-1.7623105419431386,0.2436598241329193,2.539461851119995,-1.7685523268461014,1766201830.756209
0.05043146386742592,-0.09275193512439728,-1.7623105419431386,0.2436772882938385,2.539478063583374,-1.7687153892061127,1766201830.756196
0.05129586532711983,-0.09251420944929123,-1.7725628290004982,0.2436772882938385,2.539478063583374,-1.7687153892061127,1766201830.7660906
0.05129586532711983,-0.09251420944929123,-1.7725628290004982,0.24366576969623566,2.539518117904663,-1.7687665007361368,1766201830.7660596
0.05129586532711983,-0.09251420944929123,-1.7725628290004982,0.24370336532592773,2.5394418239593506,-1.7691501925907864,1766201830.7761285
0.05133569613099098,-0.09238719195127487,-1.7722149824232027,0.24370336532592773,2.5394418239593506,-1.7691501925907864,1766201830.7761636
0.05133569613099098,-0.09238719195127487,-1.7722149824232027,0.24368691444396973,2.5394389629364014,-1.7688020805120448,1766201830.786105
0.051384005695581436,-0.09226846694946289,-1.7723485044676688,0.24368691444396973,2.5394389629364014,-1.7688020805120448,1766201830.786139
0.051384005695581436,-0.09226846694946289,-1.7723485044676688,0.2437378317117691,2.539412498474121,-1.7690515995072835,1766201830.796134
0.05117788165807724,-0.09186848253011703,-1.7670220655287994,0.2437378317117691,2.539412498474121,-1.7690515995072835,1766201830.796175
0.05149358883500099,-0.0919879674911499,-1.7715840027698493,0.2437378317117691,2.539412498474121,-1.7690515995072835,1766201830.80613
0.05149358883500099,-0.0919879674911499,-1.7715840027698493,0.24369564652442932,2.539376735687256,-1.76876693104592,1766201830.8060954
0.05154024437069893,-0.09187450259923935,-1.7715952546796205,0.24369564652442932,2.539376735687256,-1.76876693104592,1766201830.8161316
0.05154024437069893,-0.09187450259923935,-1.7715952546796205,0.2436959147453308,2.5394253730773926,-1.7688316378027986,1766201830.816096
0.05176432803273201,-0.09166713804006577,-1.767975613158656,0.2436959147453308,2.5394253730773926,-1.7688316378027986,1766201830.8161566
0.05176432803273201,-0.09166713804006577,-1.767975613158656,0.2437402755022049,2.539473295211792,-1.7687271808844265,1766201830.8161476
0.05202360823750496,-0.09106507152318954,-1.7735308975054318,0.2437402755022049,2.539473295211792,-1.7687271808844265,1766201830.8260946
0.05202360823750496,-0.09106507152318954,-1.7735308975054318,0.24373382329940796,2.539398431777954,-1.7687102476910046,1766201830.8260856
0.05182484909892082,-0.09134344756603241,-1.7672703796821214,0.24373382329940796,2.539398431777954,-1.7687102476910046,1766201830.8361592
0.05182484909892082,-0.09134344756603241,-1.7672703796821214,0.24374932050704956,2.5393881797790527,-1.7690477579720087,1766201830.8361242
0.05182484909892082,-0.09134344756603241,-1.7672703796821214,0.2437434196472168,2.5394465923309326,-1.7686339022363864,1766201830.8461156
0.05190550163388252,-0.09119470417499542,-1.7668430205026842,0.2437434196472168,2.5394465923309326,-1.7686339022363864,1766201830.8461514
0.05190550163388252,-0.09119470417499542,-1.7668430205026842,0.24373848736286163,2.5394554138183594,-1.7688134461532463,1766201830.8561244
0.051933106034994125,-0.0910554975271225,-1.7667353423388745,0.24373848736286163,2.5394554138183594,-1.7688134461532463,1766201830.856159
0.051940225064754486,-0.0909026563167572,-1.7663009796425209,0.24373848736286163,2.5394554138183594,-1.7688134461532463,1766201830.8661041
0.051940225064754486,-0.0909026563167572,-1.7663009796425209,0.2437012791633606,2.539475202560425,-1.7687252645917069,1766201830.8660688
0.051327332854270935,-0.09082143008708954,-1.764639428168508,0.2437012791633606,2.539475202560425,-1.7687252645917069,1766201830.8661299
0.051327332854270935,-0.09082143008708954,-1.764639428168508,0.2437128722667694,2.5395421981811523,-1.7688239724795256,1766201830.8661206
0.051327332854270935,-0.09082143008708954,-1.764639428168508,0.2437000870704651,2.5394794940948486,-1.7689767163162,1766201830.876044
0.051818810403347015,-0.09069827198982239,-1.7651782374717113,0.2437000870704651,2.5394794940948486,-1.7689767163162,1766201830.8760533
0.051818810403347015,-0.09069827198982239,-1.7651782374717113,0.24363262951374054,2.539426565170288,-1.7685681655930303,1766201830.8860383
0.051818810403347015,-0.09069827198982239,-1.7651782374717113,0.24366573989391327,2.5394821166992188,-1.7686188732464991,1766201830.8960547
0.051109857857227325,-0.09052307158708572,-1.7518002759765525,0.24366573989391327,2.5394821166992188,-1.7686188732464991,1766201830.89607
0.051109857857227325,-0.09052307158708572,-1.7518002759765525,0.24367296695709229,2.539381265640259,-1.7686649176452232,1766201830.9061024
0.05206132307648659,-0.09027756750583649,-1.7630553307533836,0.24367296695709229,2.539381265640259,-1.7686649176452232,1766201830.9061399
0.05206132307648659,-0.09027756750583649,-1.7630553307533836,0.2436768263578415,2.539494752883911,-1.7687219983912936,1766201830.9061568
0.052340395748615265,-0.09010788798332214,-1.7632203205899848,0.2436768263578415,2.539494752883911,-1.7687219983912936,1766201830.9062216
0.052160635590553284,-0.08961976319551468,-1.757544829983394,0.2436768263578415,2.539494752883911,-1.7687219983912936,1766201830.9161565
0.052160635590553284,-0.08961976319551468,-1.757544829983394,0.24373675882816315,2.5394139289855957,-1.7687901552653198,1766201830.9161217
0.05250922963023186,-0.08984171599149704,-1.7626757604073482,0.24373675882816315,2.5394139289855957,-1.7687901552653198,1766201830.9260871
0.05250922963023186,-0.08984171599149704,-1.7626757604073482,0.243717223405838,2.5394110679626465,-1.7688185015056255,1766201830.9260767
0.05250922963023186,-0.08984171599149704,-1.7626757604073482,0.2437085658311844,2.5393800735473633,-1.7685014431231265,1766201830.93612
0.05234133452177048,-0.08939006179571152,-1.7570303566574663,0.2437085658311844,2.5393800735473633,-1.7685014431231265,1766201830.9361618
0.05234133452177048,-0.08939006179571152,-1.7570303566574663,0.2437320500612259,2.5393614768981934,-1.7687433936957822,1766201830.9461055
0.05241088569164276,-0.08929847925901413,-1.7566256111943028,0.2437320500612259,2.5393614768981934,-1.7687433936957822,1766201830.946141
0.05241088569164276,-0.08929847925901413,-1.7566256111943028,0.24372829496860504,2.539384126663208,-1.7688395319215222,1766201830.9561
0.05249963700771332,-0.08916644752025604,-1.756510053647877,0.24372829496860504,2.539384126663208,-1.7688395319215222,1766201830.956134
0.05249963700771332,-0.08916644752025604,-1.756510053647877,0.24375875294208527,2.5393950939178467,-1.7690189715426174,1766201830.956154
0.05260884761810303,-0.08903749287128448,-1.756856555844939,0.24375875294208527,2.5393950939178467,-1.7690189715426174,1766201830.9561718
0.052662502974271774,-0.08896038681268692,-1.7566674408489946,0.24375875294208527,2.5393950939178467,-1.7690189715426174,1766201830.9661705
0.052662502974271774,-0.08896038681268692,-1.7566674408489946,0.24375374615192413,2.5394067764282227,-1.7689047531971351,1766201830.9661362
0.052662502974271774,-0.08896038681268692,-1.7566674408489946,0.2437465786933899,2.539447069168091,-1.7692092690158243,1766201830.976116
0.052662502974271774,-0.08896038681268692,-1.7566674408489946,0.24363166093826294,2.539412021636963,-1.7685007298920379,1766201830.9860754
0.052662502974271774,-0.08896038681268692,-1.7566674408489946,0.24368761479854584,2.539398193359375,-1.7687662741498213,1766201830.9961207
0.052662502974271774,-0.08896038681268692,-1.7566674408489946,0.2436618208885193,2.539430856704712,-1.768753158711631,1766201831.006091
0.052662502974271774,-0.08896038681268692,-1.7566674408489946,0.24371793866157532,2.539426803588867,-1.7686260126923992,1766201831.00613
0.052662502974271774,-0.08896038681268692,-1.7566674408489946,0.2437407672405243,2.5394551753997803,-1.769158624699608,1766201831.0161028
0.052662502974271774,-0.08896038681268692,-1.7566674408489946,0.2437330186367035,2.5394840240478516,-1.7689499825526485,1766201831.026095
0.052662502974271774,-0.08896038681268692,-1.7566674408489946,0.2437318116426468,2.539417028427124,-1.7687758197533014,1766201831.0360942
0.052662502974271774,-0.08896038681268692,-1.7566674408489946,0.24371148645877838,2.5393409729003906,-1.768837510995267,1766201831.0460927
0.052662502974271774,-0.08896038681268692,-1.7566674408489946,0.24377211928367615,2.5394339561462402,-1.7689585465549598,1766201831.056104
0.052662502974271774,-0.08896038681268692,-1.7566674408489946,0.24372833967208862,2.5394630432128906,-1.7686097321864243,1766201831.0561426
0.0532856285572052,-0.08809979259967804,-1.756523061605236,0.24372833967208862,2.5394630432128906,-1.7686097321864243,1766201831.06614
0.0532856285572052,-0.08809979259967804,-1.756523061605236,0.24374206364154816,2.539440393447876,-1.769105103302676,1766201831.066105
0.0532856285572052,-0.08809979259967804,-1.756523061605236,0.24371446669101715,2.539409875869751,-1.7686526832408687,1766201831.0761154
0.05392846092581749,-0.08781467378139496,-1.763658262144429,0.24371446669101715,2.539409875869751,-1.7686526832408687,1766201831.0761502
0.05392846092581749,-0.08781467378139496,-1.763658262144429,0.24372248351573944,2.5394287109375,-1.7687306996852767,1766201831.0861077
0.05340456962585449,-0.08782747387886047,-1.7565814458219677,0.24372248351573944,2.5394287109375,-1.7687306996852767,1766201831.0861418
0.05340456962585449,-0.08782747387886047,-1.7565814458219677,0.24367208778858185,2.539405584335327,-1.7689656630440946,1766201831.0961187
0.053571492433547974,-0.0875580757856369,-1.7621519815080902,0.24367208778858185,2.539405584335327,-1.7689656630440946,1766201831.096153
0.053571492433547974,-0.0875580757856369,-1.7621519815080902,0.243671715259552,2.5393974781036377,-1.7691929651017224,1766201831.1060843
0.05428365617990494,-0.08703520894050598,-1.7658590112854882,0.243671715259552,2.5393974781036377,-1.7691929651017224,1766201831.1061184
0.05428365617990494,-0.08703520894050598,-1.7658590112854882,0.24365279078483582,2.539414882659912,-1.7690625289474446,1766201831.1061358
0.054443199187517166,-0.08696909248828888,-1.7625468171894976,0.24365279078483582,2.539414882659912,-1.7690625289474446,1766201831.1061447
0.054443199187517166,-0.08696909248828888,-1.7625468171894976,0.24365539848804474,2.5393502712249756,-1.7687529014575358,1766201831.1160676
0.052862025797367096,-0.08731485903263092,-1.74624131778614,0.24365539848804474,2.5393502712249756,-1.7687529014575358,1766201831.116077
0.052862025797367096,-0.08731485903263092,-1.74624131778614,0.24368177354335785,2.53926157951355,-1.7691422970002564,1766201831.1260827
0.05302850157022476,-0.08727127313613892,-1.7502657680360565,0.24368177354335785,2.53926157951355,-1.7691422970002564,1766201831.1261182
0.05302850157022476,-0.08727127313613892,-1.7502657680360565,0.24359609186649323,2.539106607437134,-1.7688205921091442,1766201831.1361208
0.05382608622312546,-0.08711015433073044,-1.7597465466355398,0.24359609186649323,2.539106607437134,-1.7688205921091442,1766201831.1361558
0.05382608622312546,-0.08711015433073044,-1.7597465466355398,0.24368850886821747,2.5390560626983643,-1.769333125969356,1766201831.1461039
0.05387413129210472,-0.0869569480419159,-1.7583633350622303,0.24368850886821747,2.5390560626983643,-1.769333125969356,1766201831.1461463
0.05387413129210472,-0.0869569480419159,-1.7583633350622303,0.24371987581253052,2.5390117168426514,-1.7704979394925833,1766201831.156119
0.053056202828884125,-0.08700785040855408,-1.7495783425776101,0.24371987581253052,2.5390117168426514,-1.7704979394925833,1766201831.1561563
0.053056202828884125,-0.08700785040855408,-1.7495783425776101,0.24361394345760345,2.538698673248291,-1.7692676474200935,1766201831.1561744
0.0539434477686882,-0.08632493764162064,-1.7619338255108177,0.24361394345760345,2.538698673248291,-1.7692676474200935,1766201831.1561837
0.05396685004234314,-0.08622683584690094,-1.7621989267486025,0.24361394345760345,2.538698673248291,-1.7692676474200935,1766201831.1660862
0.05396685004234314,-0.08622683584690094,-1.7621989267486025,0.2435939610004425,2.538440465927124,-1.7692200275325403,1766201831.1660771
0.053997281938791275,-0.08614964783191681,-1.761846160836367,0.2435939610004425,2.538440465927124,-1.7692200275325403,1766201831.1761363
0.053997281938791275,-0.08614964783191681,-1.761846160836367,0.24363012611865997,2.5381646156311035,-1.7693303410256211,1766201831.1761014
0.054056476801633835,-0.08603031188249588,-1.7609070728525864,0.24363012611865997,2.5381646156311035,-1.7693303410256211,1766201831.1861377
0.054056476801633835,-0.08603031188249588,-1.7609070728525864,0.24354198575019836,2.5379831790924072,-1.7693867309684141,1766201831.1861024
0.05400341376662254,-0.08598297089338303,-1.7621415346794502,0.24354198575019836,2.5379831790924072,-1.7693867309684141,1766201831.1961575
0.05400341376662254,-0.08598297089338303,-1.7621415346794502,0.24347689747810364,2.5375430583953857,-1.7700149533428364,1766201831.1961231
0.05400341376662254,-0.08598297089338303,-1.7621415346794502,0.24344266951084137,2.5372252464294434,-1.7701399133032403,1766201831.2060823
0.05403812229633331,-0.08590899407863617,-1.7604128502553358,0.24344266951084137,2.5372252464294434,-1.7701399133032403,1766201831.2061193
0.05403812229633331,-0.08590899407863617,-1.7604128502553358,0.2433246523141861,2.536797046661377,-1.7701975357824296,1766201831.2061846
0.05402304232120514,-0.08587295562028885,-1.760222657233091,0.2433246523141861,2.536797046661377,-1.7701975357824296,1766201831.2061996
0.053155988454818726,-0.08632190525531769,-1.7462372167081754,0.2433246523141861,2.536797046661377,-1.7701975357824296,1766201831.2160623
0.053155988454818726,-0.08632190525531769,-1.7462372167081754,0.24338260293006897,2.5369155406951904,-1.7727657947373914,1766201831.2160525
0.053901854902505875,-0.08612057566642761,-1.7565251885131958,0.24338260293006897,2.5369155406951904,-1.7727657947373914,1766201831.2261298
0.053901854902505875,-0.08612057566642761,-1.7565251885131958,0.24336883425712585,2.5360491275787354,-1.7716785735521416,1766201831.2260947
0.053901854902505875,-0.08612057566642761,-1.7565251885131958,0.24134927988052368,2.535122871398926,-1.7609557748085254,1766201831.2361033
0.05388591066002846,-0.08604498952627182,-1.7569752838695292,0.24134927988052368,2.535122871398926,-1.7609557748085254,1766201831.236138
0.05388879403471947,-0.0859520435333252,-1.7569563524958098,0.24134927988052368,2.535122871398926,-1.7609557748085254,1766201831.2461605
0.05388879403471947,-0.0859520435333252,-1.7569563524958098,0.23514536023139954,2.53080153465271,-1.8068696429612594,1766201831.2461257
0.053863245993852615,-0.08586322516202927,-1.757003561253308,0.23514536023139954,2.53080153465271,-1.8068696429612594,1766201831.2561517
0.053863245993852615,-0.08586322516202927,-1.757003561253308,0.24313612282276154,2.5323519706726074,-1.774639810158887,1766201831.256117
0.05384387448430061,-0.08578285574913025,-1.757182058994798,0.24313612282276154,2.5323519706726074,-1.774639810158887,1766201831.2561784
0.05384387448430061,-0.08578285574913025,-1.757182058994798,0.242995023727417,2.531675100326538,-1.7748170928009506,1766201831.2561693
0.05384387448430061,-0.08578285574913025,-1.757182058994798,0.24256452918052673,2.5320422649383545,-1.7688462820145638,1766201831.2660933
0.053817737847566605,-0.08569364249706268,-1.7573662043846687,0.24256452918052673,2.5320422649383545,-1.7688462820145638,1766201831.2661278
0.053817737847566605,-0.08569364249706268,-1.7573662043846687,0.24101245403289795,2.531508445739746,-1.7614513709089359,1766201831.2761238
0.053793665021657944,-0.08563429117202759,-1.757189583627019,0.24101245403289795,2.531508445739746,-1.7614513709089359,1766201831.276158
0.053793665021657944,-0.08563429117202759,-1.757189583627019,0.24108171463012695,2.530536651611328,-1.7619886755623029,1766201831.2861068
0.053764812648296356,-0.0855630487203598,-1.7573211076611481,0.24108171463012695,2.530536651611328,-1.7619886755623029,1766201831.286141
0.053764812648296356,-0.0855630487203598,-1.7573211076611481,0.24187615513801575,2.529085874557495,-1.7668647704470755,1766201831.2961175
0.05374545976519585,-0.08548753708600998,-1.7576863277704429,0.24187615513801575,2.529085874557495,-1.7668647704470755,1766201831.2961524
0.05374545976519585,-0.08548753708600998,-1.7576863277704429,0.2417026162147522,2.5281553268432617,-1.76620350353308,1766201831.3060958
0.05370863527059555,-0.08540141582489014,-1.7575389265693735,0.2417026162147522,2.5281553268432617,-1.76620350353308,1766201831.3061304
0.05370863527059555,-0.08540141582489014,-1.7575389265693735,0.24162694811820984,2.5275487899780273,-1.7663524705494165,1766201831.306147
0.0536830797791481,-0.08532512187957764,-1.7580609874713695,0.24162694811820984,2.5275487899780273,-1.7663524705494165,1766201831.3061562
0.05386655777692795,-0.08511846512556076,-1.759533894272176,0.24162694811820984,2.5275487899780273,-1.7663524705494165,1766201831.3161602
0.05386655777692795,-0.08511846512556076,-1.759533894272176,0.2415613979101181,2.526700019836426,-1.7670068308483589,1766201831.3161254
0.053799714893102646,-0.08502691239118576,-1.7593718321491996,0.2415613979101181,2.526700019836426,-1.7670068308483589,1766201831.3261197
0.053799714893102646,-0.08502691239118576,-1.7593718321491996,0.2413109689950943,2.5256314277648926,-1.7675197128012021,1766201831.326084
0.053799714893102646,-0.08502691239118576,-1.7593718321491996,0.24109554290771484,2.524412155151367,-1.766659477991734,1766201831.336128
0.05348985269665718,-0.08502557873725891,-1.757361392707123,0.24109554290771484,2.524412155151367,-1.766659477991734,1766201831.3361626
0.05348985269665718,-0.08502557873725891,-1.757361392707123,0.24062246084213257,2.5229010581970215,-1.76431404455936,1766201831.346101
0.05340581014752388,-0.08495129644870758,-1.7571499288246422,0.24062246084213257,2.5229010581970215,-1.76431404455936,1766201831.346136
0.05340581014752388,-0.08495129644870758,-1.7571499288246422,0.24041001498699188,2.521684169769287,-1.7635791723338596,1766201831.356121
0.05323211848735809,-0.08485821634531021,-1.7574208222090641,0.24041001498699188,2.521684169769287,-1.7635791723338596,1766201831.3561556
0.05323211848735809,-0.08485821634531021,-1.7574208222090641,0.24046142399311066,2.5198609828948975,-1.762492260609164,1766201831.3661027
0.05354287475347519,-0.08469970524311066,-1.7595226740433272,0.24046142399311066,2.5198609828948975,-1.762492260609164,1766201831.3661392
0.05354287475347519,-0.08469970524311066,-1.7595226740433272,0.23885498940944672,2.5178446769714355,-1.7556029455837587,1766201831.3661559
0.053143519908189774,-0.08468909561634064,-1.7571598883566297,0.23885498940944672,2.5178446769714355,-1.7556029455837587,1766201831.3662617
0.05308857560157776,-0.08464780449867249,-1.757665238646175,0.23885498940944672,2.5178446769714355,-1.7556029455837587,1766201831.3761635
0.05308857560157776,-0.08464780449867249,-1.757665238646175,0.23785793781280518,2.5172953605651855,-1.7518465402636005,1766201831.3761287
0.05336279049515724,-0.08447276055812836,-1.7593171959697866,0.23785793781280518,2.5172953605651855,-1.7518465402636005,1766201831.3861382
0.05336279049515724,-0.08447276055812836,-1.7593171959697866,0.23753850162029266,2.5156376361846924,-1.7503003451915133,1766201831.3861039
0.053282950073480606,-0.08439477533102036,-1.7591456870572244,0.23753850162029266,2.5156376361846924,-1.7503003451915133,1766201831.3961356
0.053282950073480606,-0.08439477533102036,-1.7591456870572244,0.23864521086215973,2.5138702392578125,-1.7568615398975107,1766201831.3961003
0.053282950073480606,-0.08439477533102036,-1.7591456870572244,0.23830904066562653,2.512101650238037,-1.755820849634942,1766201831.406106
0.05321531370282173,-0.08428620547056198,-1.7591048671599043,0.23830904066562653,2.512101650238037,-1.755820849634942,1766201831.4061413
0.05321531370282173,-0.08428620547056198,-1.7591048671599043,0.23801520466804504,2.5102035999298096,-1.7542899846593083,1766201831.41612
0.053110960870981216,-0.08423633873462677,-1.759392880321024,0.23801520466804504,2.5102035999298096,-1.7542899846593083,1766201831.4161544
0.053110960870981216,-0.08423633873462677,-1.759392880321024,0.23770225048065186,2.508192777633667,-1.7532646230374613,1766201831.4161704
0.05308656021952629,-0.08417104929685593,-1.7600446484649548,0.23770225048065186,2.508192777633667,-1.7532646230374613,1766201831.4161797
0.05308656021952629,-0.08417104929685593,-1.7600446484649548,0.2383507788181305,2.5090930461883545,-1.7623518807283396,1766201831.4261184
0.05299275368452072,-0.08409833908081055,-1.7601500009539164,0.2383507788181305,2.5090930461883545,-1.7623518807283396,1766201831.4261541
0.052901241928339005,-0.08404175937175751,-1.760624228425649,0.2383507788181305,2.5090930461883545,-1.7623518807283396,1766201831.4361563
0.052901241928339005,-0.08404175937175751,-1.760624228425649,0.236399307847023,2.504702568054199,-1.7485319417981071,1766201831.4361212
0.052422937005758286,-0.08403260260820389,-1.7581641486244186,0.236399307847023,2.504702568054199,-1.7485319417981071,1766201831.446132
0.052422937005758286,-0.08403260260820389,-1.7581641486244186,0.23580391705036163,2.502667188644409,-1.7460725414621525,1766201831.4460967
0.05214396119117737,-0.08405157923698425,-1.7548238793175497,0.23580391705036163,2.502667188644409,-1.7460725414621525,1766201831.4561484
0.05214396119117737,-0.08405157923698425,-1.7548238793175497,0.23517043888568878,2.5005855560302734,-1.7432453785292927,1766201831.4561138
0.05214396119117737,-0.08405157923698425,-1.7548238793175497,0.23381516337394714,2.497545003890991,-1.7363060042349228,1766201831.466101
0.052683282643556595,-0.0838664323091507,-1.761825587140833,0.23381516337394714,2.497545003890991,-1.7363060042349228,1766201831.466136
0.052683282643556595,-0.0838664323091507,-1.761825587140833,0.23405559360980988,2.4960267543792725,-1.739869453224433,1766201831.4661527
0.052683282643556595,-0.0838664323091507,-1.761825587140833,0.23335227370262146,2.4934980869293213,-1.737222933387176,1766201831.476043
0.05214367061853409,-0.0837697833776474,-1.760170013122209,0.23335227370262146,2.4934980869293213,-1.737222933387176,1766201831.4760535
0.05177653580904007,-0.08378294110298157,-1.7555477579338246,0.23335227370262146,2.4934980869293213,-1.737222933387176,1766201831.4860158
0.05177653580904007,-0.08378294110298157,-1.7555477579338246,0.2331354171037674,2.491255521774292,-1.7363962306495742,1766201831.4860032
0.05234171077609062,-0.08357026427984238,-1.7629690720651319,0.2331354171037674,2.491255521774292,-1.7363962306495742,1766201831.4961562
0.05234171077609062,-0.08357026427984238,-1.7629690720651319,0.23303677141666412,2.489149570465088,-1.737024984837535,1766201831.4961205
0.05234171077609062,-0.08357026427984238,-1.7629690720651319,0.23213429749011993,2.485527992248535,-1.7320880516259347,1766201831.5060956
0.052276257425546646,-0.08353116363286972,-1.7635502238785716,0.23213429749011993,2.485527992248535,-1.7320880516259347,1766201831.5061295
0.052276257425546646,-0.08353116363286972,-1.7635502238785716,0.2316286563873291,2.483314037322998,-1.7300816030833042,1766201831.506145
0.05194447934627533,-0.08312466740608215,-1.7577346834057324,0.2316286563873291,2.483314037322998,-1.7300816030833042,1766201831.506156
0.05179781839251518,-0.08308816701173782,-1.759393473179116,0.2316286563873291,2.483314037322998,-1.7300816030833042,1766201831.5160527
0.05179781839251518,-0.08308816701173782,-1.759393473179116,0.2312421351671219,2.4806582927703857,-1.728255987877126,1766201831.5160422
0.05179781839251518,-0.08308816701173782,-1.759393473179116,0.23320023715496063,2.478727102279663,-1.7366187572096694,1766201831.526028
0.0516836903989315,-0.08302818238735199,-1.7596576853692614,0.23320023715496063,2.478727102279663,-1.7366187572096694,1766201831.5260394
0.0516836903989315,-0.08302818238735199,-1.7596576853692614,0.23086197674274445,2.472836494445801,-1.7233339521267028,1766201831.5361152
0.051183465868234634,-0.08347164839506149,-1.7779767752400946,0.23086197674274445,2.472836494445801,-1.7233339521267028,1766201831.536152
0.051183465868234634,-0.08347164839506149,-1.7779767752400946,0.22915348410606384,2.473456382751465,-1.7107792779259134,1766201831.5482213
0.051183465868234634,-0.08347164839506149,-1.7779767752400946,0.22931259870529175,2.4698703289031982,-1.7213527183025548,1766201831.548245
0.0513700470328331,-0.08282767236232758,-1.7599171140569108,0.22931259870529175,2.4698703289031982,-1.7213527183025548,1766201831.5482519
0.05123108997941017,-0.08277685195207596,-1.7599881702838782,0.22931259870529175,2.4698703289031982,-1.7213527183025548,1766201831.5660949
0.05123108997941017,-0.08277685195207596,-1.7599881702838782,0.23117202520370483,2.467132329940796,-1.729142710748034,1766201831.5660775
0.051111772656440735,-0.08264652639627457,-1.7602167694213007,0.23117202520370483,2.467132329940796,-1.729142710748034,1766201831.5661066
0.051111772656440735,-0.08264652639627457,-1.7602167694213007,0.22835442423820496,2.461890935897827,-1.7221185517180315,1766201831.566103
0.051111772656440735,-0.08264652639627457,-1.7602167694213007,0.2275315821170807,2.4600613117218018,-1.7159896946993098,1766201831.575984
0.05097522586584091,-0.08256177604198456,-1.7598466173263332,0.2275315821170807,2.4600613117218018,-1.7159896946993098,1766201831.5760062
0.05097522586584091,-0.08256177604198456,-1.7598466173263332,0.22650878131389618,2.4540719985961914,-1.7159321057961399,1766201831.585994
0.050878942012786865,-0.08249547332525253,-1.7599098287051973,0.22650878131389618,2.4540719985961914,-1.7159321057961399,1766201831.5860178
0.050878942012786865,-0.08249547332525253,-1.7599098287051973,0.22669492661952972,2.4527995586395264,-1.7178661664023684,1766201831.5960555
0.05077233910560608,-0.08241033554077148,-1.7600157989323895,0.22669492661952972,2.4527995586395264,-1.7178661664023684,1766201831.5960715
0.05077233910560608,-0.08241033554077148,-1.7600157989323895,0.22618749737739563,2.4480578899383545,-1.7060614511242622,1766201831.6059673
0.05060213431715965,-0.08230774104595184,-1.7594690399138582,0.22618749737739563,2.4480578899383545,-1.7060614511242622,1766201831.6059952
0.05060213431715965,-0.08230774104595184,-1.7594690399138582,0.22537070512771606,2.4470481872558594,-1.7097764793511643,1766201831.6060054
0.05050550773739815,-0.08221793174743652,-1.7595522708464078,0.22537070512771606,2.4470481872558594,-1.7097764793511643,1766201831.6060095
0.050400033593177795,-0.0820796862244606,-1.7594798516580983,0.22537070512771606,2.4470481872558594,-1.7097764793511643,1766201831.6160672
0.050400033593177795,-0.0820796862244606,-1.7594798516580983,0.22447946667671204,2.4432504177093506,-1.7045627218314572,1766201831.6160574
0.050400033593177795,-0.0820796862244606,-1.7594798516580983,0.22457340359687805,2.438185214996338,-1.7002773738948618,1766201831.6261237
0.05030660703778267,-0.08193902671337128,-1.7593275112589903,0.22457340359687805,2.438185214996338,-1.7002773738948618,1766201831.6261601
0.05030660703778267,-0.08193902671337128,-1.7593275112589903,0.2238687425851822,2.4361624717712402,-1.7039900934152483,1766201831.6360693
0.050201356410980225,-0.08180022239685059,-1.7597116557004169,0.2238687425851822,2.4361624717712402,-1.7039900934152483,1766201831.636104
0.050201356410980225,-0.08180022239685059,-1.7597116557004169,0.22372721135616302,2.433135986328125,-1.7052155261805564,1766201831.6460948
0.050201356410980225,-0.08180022239685059,-1.7597116557004169,0.2228786200284958,2.4287970066070557,-1.7024215741983337,1766201831.6561105
0.05009051784873009,-0.08181063085794449,-1.7660069087175996,0.2228786200284958,2.4287970066070557,-1.7024215741983337,1766201831.656165
0.05009051784873009,-0.08181063085794449,-1.7660069087175996,0.22189410030841827,2.4247379302978516,-1.6991837814103359,1766201831.6561537
0.05009051784873009,-0.08181063085794449,-1.7660069087175996,0.22169023752212524,2.4211008548736572,-1.6982251058458702,1766201831.6660357
0.04969555139541626,-0.08131197094917297,-1.7604918265617266,0.22169023752212524,2.4211008548736572,-1.6982251058458702,1766201831.6660461
0.04969555139541626,-0.08131197094917297,-1.7604918265617266,0.2195068597793579,2.4173576831817627,-1.6889982176578668,1766201831.676104
0.04957304149866104,-0.08120226860046387,-1.7608768856793802,0.2195068597793579,2.4173576831817627,-1.6889982176578668,1766201831.676139
0.04957304149866104,-0.08120226860046387,-1.7608768856793802,0.21917781233787537,2.4132213592529297,-1.6880915522037787,1766201831.6861393
0.04934266209602356,-0.08104956895112991,-1.7606767158231416,0.21917781233787537,2.4132213592529297,-1.6880915522037787,1766201831.6861773
0.04934266209602356,-0.08104956895112991,-1.7606767158231416,0.21935471892356873,2.4082090854644775,-1.6896509006543954,1766201831.6961017
0.0493241548538208,-0.08086077868938446,-1.760717778841184,0.21935471892356873,2.4082090854644775,-1.6896509006543954,1766201831.696136
0.0493241548538208,-0.08086077868938446,-1.760717778841184,0.21955646574497223,2.404860496520996,-1.6930478848542967,1766201831.7060633
0.04970083013176918,-0.08076437562704086,-1.7661531668051276,0.21955646574497223,2.404860496520996,-1.6930478848542967,1766201831.7061033
0.04970083013176918,-0.08076437562704086,-1.7661531668051276,0.21887224912643433,2.400585174560547,-1.691728135272522,1766201831.7161052
0.04899124428629875,-0.08104174584150314,-1.763884826141166,0.21887224912643433,2.400585174560547,-1.691728135272522,1766201831.7161403
0.04899124428629875,-0.08104174584150314,-1.763884826141166,0.21866075694561005,2.3972830772399902,-1.6936031221219914,1766201831.7161562
0.04892059415578842,-0.0805053859949112,-1.7604060736858045,0.21866075694561005,2.3972830772399902,-1.6936031221219914,1766201831.7161653
0.04892059415578842,-0.0805053859949112,-1.7604060736858045,0.2180919051170349,2.392256021499634,-1.689300471729316,1766201831.72612
0.04881774261593819,-0.08033023029565811,-1.7606919569361297,0.2180919051170349,2.392256021499634,-1.689300471729316,1766201831.7261565
0.047422099858522415,-0.0807298794388771,-1.7661326174789007,0.2180919051170349,2.392256021499634,-1.689300471729316,1766201831.7360725
0.047422099858522415,-0.0807298794388771,-1.7661326174789007,0.23319877684116364,2.4374430179595947,-1.899469930738728,1766201831.7360597
0.047422099858522415,-0.0807298794388771,-1.7661326174789007,0.21735253930091858,2.383349657058716,-1.6865238319310525,1766201831.7460575
0.04724622517824173,-0.08044039458036423,-1.766754553718774,0.21735253930091858,2.383349657058716,-1.6865238319310525,1766201831.7560887
0.04724622517824173,-0.08044039458036423,-1.766754553718774,0.21674589812755585,2.3788247108459473,-1.6865448312409428,1766201831.7560685
0.047151558101177216,-0.08028186857700348,-1.7667329620139431,0.21674589812755585,2.3788247108459473,-1.6865448312409428,1766201831.7661443
0.047151558101177216,-0.08028186857700348,-1.7667329620139431,0.21547526121139526,2.3693864345550537,-1.6633555002461804,1766201831.766108
0.047151558101177216,-0.08028186857700348,-1.7667329620139431,0.21589204668998718,2.3700344562530518,-1.6856086893915194,1766201831.7761102
0.04837154597043991,-0.07946330308914185,-1.7624207154633464,0.21589204668998718,2.3700344562530518,-1.6856086893915194,1766201831.7761452
0.04837154597043991,-0.07946330308914185,-1.7624207154633464,0.2140631526708603,2.3681817054748535,-1.679490321938013,1766201831.7761617
0.04824104532599449,-0.07931756973266602,-1.7627104963346225,0.2140631526708603,2.3681817054748535,-1.679490321938013,1766201831.7761734
0.04824104532599449,-0.07931756973266602,-1.7627104963346225,0.2135670781135559,2.3609869480133057,-1.6750994598781481,1766201831.7861097
0.04814203083515167,-0.07920870184898376,-1.7634441627774144,0.2135670781135559,2.3609869480133057,-1.6750994598781481,1766201831.7861183
0.047771602869033813,-0.07917515933513641,-1.7699025052689665,0.2135670781135559,2.3609869480133057,-1.6750994598781481,1766201831.7961593
0.047771602869033813,-0.07917515933513641,-1.7699025052689665,0.2282409369945526,2.3738486766815186,-1.8253885557024216,1766201831.796125
0.047771602869033813,-0.07917515933513641,-1.7699025052689665,0.2136760652065277,2.3509435653686523,-1.681366129152621,1766201831.8061056
0.04794031381607056,-0.07889794558286667,-1.7636279283292517,0.2136760652065277,2.3509435653686523,-1.681366129152621,1766201831.8061414
0.04758021607995033,-0.07885440438985825,-1.770533931380886,0.2136760652065277,2.3509435653686523,-1.681366129152621,1766201831.8061566
0.04748983681201935,-0.07868402451276779,-1.770252042602723,0.2136760652065277,2.3509435653686523,-1.681366129152621,1766201831.8161361
0.04748983681201935,-0.07868402451276779,-1.770252042602723,0.21290725469589233,2.340510368347168,-1.6784528348372196,1766201831.816101
0.04748983681201935,-0.07868402451276779,-1.770252042602723,0.21253551542758942,2.336407423019409,-1.6783954776556174,1766201831.8261092
0.047648459672927856,-0.07838794589042664,-1.764470146561183,0.21253551542758942,2.336407423019409,-1.6783954776556174,1766201831.8261435
0.04728621989488602,-0.07834844291210175,-1.7707791216451796,0.21253551542758942,2.336407423019409,-1.6783954776556174,1766201831.8361144
0.04728621989488602,-0.07834844291210175,-1.7707791216451796,0.21213839948177338,2.329646348953247,-1.6748528008890546,1766201831.83608
0.04771559685468674,-0.07839149236679077,-1.7699573309653653,0.21213839948177338,2.329646348953247,-1.6748528008890546,1766201831.8461573
0.04771559685468674,-0.07839149236679077,-1.7699573309653653,0.21157671511173248,2.326014995574951,-1.6783487983925671,1766201831.8461218
0.047619689255952835,-0.07826212048530579,-1.7698248422419047,0.21157671511173248,2.326014995574951,-1.6783487983925671,1766201831.8561628
0.047619689255952835,-0.07826212048530579,-1.7698248422419047,0.21168769896030426,2.3187315464019775,-1.673045919277857,1766201831.856128
0.047619689255952835,-0.07826212048530579,-1.7698248422419047,0.2105768769979477,2.315669059753418,-1.676883974744406,1766201831.8661122
0.04730333387851715,-0.07775811851024628,-1.7643426628425813,0.2105768769979477,2.315669059753418,-1.676883974744406,1766201831.8661487
0.04730333387851715,-0.07775811851024628,-1.7643426628425813,0.21039888262748718,2.3107924461364746,-1.6778921317941433,1766201831.876111
0.04722120612859726,-0.07762162387371063,-1.7642068134978894,0.21039888262748718,2.3107924461364746,-1.6778921317941433,1766201831.876146
0.04722120612859726,-0.07762162387371063,-1.7642068134978894,0.20988908410072327,2.305042028427124,-1.6767621134586026,1766201831.876162
0.04740030691027641,-0.07784606516361237,-1.7702997850251274,0.20988908410072327,2.305042028427124,-1.6767621134586026,1766201831.8761709
0.04740030691027641,-0.07784606516361237,-1.7702997850251274,0.23002508282661438,2.3616530895233154,-1.938599345380942,1766201831.8861158
0.04705198109149933,-0.07736916840076447,-1.765031791241773,0.23002508282661438,2.3616530895233154,-1.938599345380942,1766201831.8861518
0.046971458941698074,-0.0772504210472107,-1.7653909766810163,0.23002508282661438,2.3616530895233154,-1.938599345380942,1766201831.8961213
0.046971458941698074,-0.0772504210472107,-1.7653909766810163,0.208957701921463,2.2946512699127197,-1.6759272872126663,1766201831.8960865
0.046971458941698074,-0.0772504210472107,-1.7653909766810163,0.20770469307899475,2.289094924926758,-1.673354244800609,1766201831.9060528
0.046886004507541656,-0.07715493440628052,-1.7655458497559755,0.20770469307899475,2.289094924926758,-1.673354244800609,1766201831.9060872
0.04683335870504379,-0.07702618837356567,-1.7658508497592709,0.20770469307899475,2.289094924926758,-1.673354244800609,1766201831.9061134
0.04683335870504379,-0.07702618837356567,-1.7658508497592709,0.2074211835861206,2.283416986465454,-1.6712063924335832,1766201831.906104
0.04683335870504379,-0.07702618837356567,-1.7658508497592709,0.2072192132472992,2.2775278091430664,-1.6720467809585353,1766201831.9160225
0.04673262685537338,-0.07691320776939392,-1.7659085334485431,0.2072192132472992,2.2775278091430664,-1.6720467809585353,1766201831.9160314
0.04673262685537338,-0.07691320776939392,-1.7659085334485431,0.20737014710903168,2.2727556228637695,-1.6759995992799954,1766201831.9260085
0.0469541922211647,-0.07709893584251404,-1.7714207809673885,0.20737014710903168,2.2727556228637695,-1.6759995992799954,1766201831.926019
0.04696549475193024,-0.07697056978940964,-1.7745521385510483,0.20737014710903168,2.2727556228637695,-1.6759995992799954,1766201831.9361572
0.04696549475193024,-0.07697056978940964,-1.7745521385510483,0.20673510432243347,2.2689692974090576,-1.6826831942934852,1766201831.9361227
0.046817634254693985,-0.07689604163169861,-1.7716195044106522,0.20673510432243347,2.2689692974090576,-1.6826831942934852,1766201831.9461575
0.046817634254693985,-0.07689604163169861,-1.7716195044106522,0.2068476676940918,2.263988733291626,-1.685003225855815,1766201831.9461238
0.046399857848882675,-0.07645135372877121,-1.7655171224752955,0.2068476676940918,2.263988733291626,-1.685003225855815,1766201831.95613
0.046399857848882675,-0.07645135372877121,-1.7655171224752955,0.2060565948486328,2.2561450004577637,-1.6767819448636352,1766201831.9560905
0.046718012541532516,-0.07668428868055344,-1.7723050265045905,0.2060565948486328,2.2561450004577637,-1.6767819448636352,1766201831.9562182
0.046718012541532516,-0.07668428868055344,-1.7723050265045905,0.20573467016220093,2.2497313022613525,-1.676264951748963,1766201831.9562001
0.046718012541532516,-0.07668428868055344,-1.7723050265045905,0.22622433304786682,2.306638479232788,-1.942303335415248,1766201831.9661
0.046324945986270905,-0.07627272605895996,-1.766676802372038,0.22622433304786682,2.306638479232788,-1.942303335415248,1766201831.966137
0.04627328738570213,-0.07615481317043304,-1.7661924351540448,0.22622433304786682,2.306638479232788,-1.942303335415248,1766201831.9760158
0.04627328738570213,-0.07615481317043304,-1.7661924351540448,0.20509026944637299,2.2367029190063477,-1.6734257048113839,1766201831.976006
0.04627328738570213,-0.07615481317043304,-1.7661924351540448,0.20432017743587494,2.232867956161499,-1.6783351621122038,1766201831.9860244
0.04652699455618858,-0.07640044391155243,-1.7724041010356162,0.20432017743587494,2.232867956161499,-1.6783351621122038,1766201831.9860387
0.04642830044031143,-0.07631751894950867,-1.772471846754852,0.20432017743587494,2.232867956161499,-1.6783351621122038,1766201831.996065
0.04642830044031143,-0.07631751894950867,-1.772471846754852,0.20402270555496216,2.2279646396636963,-1.6817251086805884,1766201831.9960349
0.04642830044031143,-0.07631751894950867,-1.772471846754852,0.20358648896217346,2.219984292984009,-1.676254515931045,1766201832.0061238
0.04618137702345848,-0.07581058144569397,-1.7675777963480899,0.20358648896217346,2.219984292984009,-1.676254515931045,1766201832.006159
0.04618137702345848,-0.07581058144569397,-1.7675777963480899,0.20309051871299744,2.2174339294433594,-1.6891189406468017,1766201832.006177
0.046115942299366,-0.07573789358139038,-1.7676326441686783,0.20309051871299744,2.2174339294433594,-1.6891189406468017,1766201832.006186
0.04631410166621208,-0.07606363296508789,-1.7735415444862155,0.20309051871299744,2.2174339294433594,-1.6891189406468017,1766201832.0160675
0.04631410166621208,-0.07606363296508789,-1.7735415444862155,0.20262040197849274,2.208723783493042,-1.6799345782694934,1766201832.0160582
0.046040214598178864,-0.07562776654958725,-1.7679390794181122,0.20262040197849274,2.208723783493042,-1.6799345782694934,1766201832.0261564
0.046040214598178864,-0.07562776654958725,-1.7679390794181122,0.2018882930278778,2.204862356185913,-1.6874695535972533,1766201832.026121
0.04595126956701279,-0.07556676119565964,-1.767555881501615,0.2018882930278778,2.204862356185913,-1.6874695535972533,1766201832.036153
0.04595126956701279,-0.07556676119565964,-1.767555881501615,0.20255237817764282,2.2001562118530273,-1.6925208229209405,1766201832.0361178
0.04595126956701279,-0.07556676119565964,-1.767555881501615,0.22019818425178528,2.2486162185668945,-1.9285750660919323,1766201832.0460505
0.0458984300494194,-0.07552941143512726,-1.7679669248571532,0.22019818425178528,2.2486162185668945,-1.9285750660919323,1766201832.0460618
0.0458984300494194,-0.07552941143512726,-1.7679669248571532,0.20086437463760376,2.1846776008605957,-1.6830835187183324,1766201832.05613
0.04592141509056091,-0.07551152259111404,-1.7680242595308144,0.20086437463760376,2.1846776008605957,-1.6830835187183324,1766201832.056165
0.04592141509056091,-0.07551152259111404,-1.7680242595308144,0.21850621700286865,2.2344810962677,-1.9204883827537655,1766201832.0561824
0.0461379811167717,-0.07584036886692047,-1.7739722464561916,0.21850621700286865,2.2344810962677,-1.9204883827537655,1766201832.056192
0.04616142064332962,-0.07586239278316498,-1.773941786184358,0.21850621700286865,2.2344810962677,-1.9204883827537655,1766201832.0661619
0.04616142064332962,-0.07586239278316498,-1.773941786184358,0.20012998580932617,2.172776222229004,-1.6851058034120774,1766201832.0661266
0.046172190457582474,-0.07581432163715363,-1.7737712451176897,0.20012998580932617,2.172776222229004,-1.6851058034120774,1766201832.0761354
0.046172190457582474,-0.07581432163715363,-1.7737712451176897,0.19979457557201385,2.1650238037109375,-1.682422485744038,1766201832.0761008
0.04612772911787033,-0.0758027732372284,-1.7731536581347052,0.19979457557201385,2.1650238037109375,-1.682422485744038,1766201832.0861506
0.04612772911787033,-0.0758027732372284,-1.7731536581347052,0.19932930171489716,2.1606743335723877,-1.6876518658061535,1766201832.086116
0.04617192596197128,-0.07580451667308807,-1.7738595369848307,0.19932930171489716,2.1606743335723877,-1.6876518658061535,1766201832.096155
0.04617192596197128,-0.07580451667308807,-1.7738595369848307,0.19982601702213287,2.157137870788574,-1.698460773612729,1766201832.096121
0.046178724616765976,-0.07579897344112396,-1.7736615205063262,0.19982601702213287,2.157137870788574,-1.698460773612729,1766201832.10616
0.046178724616765976,-0.07579897344112396,-1.7736615205063262,0.19879093766212463,2.1480631828308105,-1.6925034109807595,1766201832.1061242
0.046178724616765976,-0.07579897344112396,-1.7736615205063262,0.19867636263370514,2.13942551612854,-1.6878916169103704,1766201832.116056
0.046186935156583786,-0.07580205798149109,-1.774196667588764,0.19867636263370514,2.13942551612854,-1.6878916169103704,1766201832.1160905
0.046186935156583786,-0.07580205798149109,-1.774196667588764,0.19701120257377625,2.1363635063171387,-1.6818474578788516,1766201832.116107
0.045924246311187744,-0.0754481703042984,-1.767643423902811,0.19701120257377625,2.1363635063171387,-1.6818474578788516,1766201832.116116
0.045924246311187744,-0.0754481703042984,-1.767643423902811,0.1975913941860199,2.128821849822998,-1.696509484080037,1766201832.126082
0.04649938642978668,-0.07553897798061371,-1.7740487779682788,0.1975913941860199,2.128821849822998,-1.696509484080037,1766201832.1261091
0.04649938642978668,-0.07553897798061371,-1.7740487779682788,0.19754289090633392,2.120405673980713,-1.6939064125577679,1766201832.1360412
0.046248216181993484,-0.07588072121143341,-1.7740595236567922,0.19754289090633392,2.120405673980713,-1.6939064125577679,1766201832.146066
0.046248216181993484,-0.07588072121143341,-1.7740595236567922,0.19669340550899506,2.1162476539611816,-1.6994377908187772,1766201832.1460526
0.046248216181993484,-0.07588072121143341,-1.7740595236567922,0.19627395272254944,2.1115753650665283,-1.7079018518370357,1766201832.1561224
0.04599897563457489,-0.0755421444773674,-1.7683467507726909,0.19627395272254944,2.1115753650665283,-1.7079018518370357,1766201832.1561582
0.04599897563457489,-0.0755421444773674,-1.7683467507726909,0.19634494185447693,2.1057088375091553,-1.7128037421922424,1766201832.1661158
0.04600532725453377,-0.07556001842021942,-1.7682396673724874,0.19634494185447693,2.1057088375091553,-1.7128037421922424,1766201832.1661522
0.04600532725453377,-0.07556001842021942,-1.7682396673724874,0.19537006318569183,2.098250150680542,-1.7115578995689806,1766201832.166169
0.04599831998348236,-0.0755968987941742,-1.767953344286745,0.19537006318569183,2.098250150680542,-1.7115578995689806,1766201832.166178
0.04599831998348236,-0.0755968987941742,-1.767953344286745,0.19520175457000732,2.090791702270508,-1.7089618116310465,1766201832.186113
0.045990221202373505,-0.07562346756458282,-1.7676435690279588,0.19520175457000732,2.090791702270508,-1.7089618116310465,1766201832.1861494
0.045990221202373505,-0.07562346756458282,-1.7676435690279588,0.1948985457420349,2.084141254425049,-1.7120445911076934,1766201832.1861656
0.046102214604616165,-0.07565975934267044,-1.7680339693967844,0.1948985457420349,2.084141254425049,-1.7120445911076934,1766201832.1861768
0.04641226679086685,-0.07603128254413605,-1.77369126674423,0.1948985457420349,2.084141254425049,-1.7120445911076934,1766201832.1960661
0.04641226679086685,-0.07603128254413605,-1.77369126674423,0.19441594183444977,2.0772552490234375,-1.714092016864035,1766201832.196057
0.046240877360105515,-0.0756782591342926,-1.7680997660050648,0.19441594183444977,2.0772552490234375,-1.714092016864035,1766201832.206172
0.046240877360105515,-0.0756782591342926,-1.7680997660050648,0.19401587545871735,2.07099986076355,-1.7176687137989024,1766201832.2061367
0.04654555395245552,-0.07606980204582214,-1.7740870013827548,0.19401587545871735,2.07099986076355,-1.7176687137989024,1766201832.2061977
0.04654555395245552,-0.07606980204582214,-1.7740870013827548,0.19364410638809204,2.0643537044525146,-1.720425659892486,1766201832.2061877
0.04654555395245552,-0.07606980204582214,-1.7740870013827548,0.19333626329898834,2.0574474334716797,-1.7237513812431244,1766201832.2161214
0.046039171516895294,-0.0762583464384079,-1.7865362614953777,0.19333626329898834,2.0574474334716797,-1.7237513812431244,1766201832.2161572
0.046039171516895294,-0.0762583464384079,-1.7865362614953777,0.19312357902526855,2.0511577129364014,-1.7286443688969346,1766201832.2261224
0.046039171516895294,-0.0762583464384079,-1.7865362614953777,0.19243589043617249,2.043959856033325,-1.7301226190316834,1766201832.236116
0.046039171516895294,-0.0762583464384079,-1.7865362614953777,0.19197803735733032,2.0382628440856934,-1.7387040402972158,1766201832.2461164
0.046039171516895294,-0.0762583464384079,-1.7865362614953777,0.19155797362327576,2.0303328037261963,-1.738451251661867,1766201832.2561262
0.046041734516620636,-0.07637424021959305,-1.7827393522841515,0.19155797362327576,2.0303328037261963,-1.738451251661867,1766201832.256161
0.046041734516620636,-0.07637424021959305,-1.7827393522841515,0.19090844690799713,2.0243735313415527,-1.7439390283018041,1766201832.2561767
0.046089380979537964,-0.0764579325914383,-1.7826650896759828,0.19090844690799713,2.0243735313415527,-1.7439390283018041,1766201832.2561858
0.046739377081394196,-0.0761338621377945,-1.7681706947653737,0.19090844690799713,2.0243735313415527,-1.7439390283018041,1766201832.2761533
0.046739377081394196,-0.0761338621377945,-1.7681706947653737,0.19037726521492004,2.016522169113159,-1.7451648615761677,1766201832.2761178
0.046739377081394196,-0.0761338621377945,-1.7681706947653737,0.19002602994441986,2.009890556335449,-1.751665998222941,1766201832.286122
0.046782784163951874,-0.07620380818843842,-1.7681392672330396,0.19002602994441986,2.009890556335449,-1.751665998222941,1766201832.2861574
0.046782784163951874,-0.07620380818843842,-1.7681392672330396,0.1893715113401413,2.0025415420532227,-1.7543454940970737,1766201832.286174
0.046782784163951874,-0.07620380818843842,-1.7681392672330396,0.18893182277679443,1.9961135387420654,-1.7598370552565268,1766201832.2960484
0.04688185080885887,-0.07634485512971878,-1.7675068231298379,0.18893182277679443,1.9961135387420654,-1.7598370552565268,1766201832.2960582
0.04697518050670624,-0.07642490416765213,-1.7674164515634465,0.18893182277679443,1.9961135387420654,-1.7598370552565268,1766201832.3060606
0.04697518050670624,-0.07642490416765213,-1.7674164515634465,0.18840430676937103,1.988923192024231,-1.764252111874671,1766201832.3060474
0.04697518050670624,-0.07642490416765213,-1.7674164515634465,0.1881464272737503,1.9819207191467285,-1.769367088620684,1766201832.3060663
0.047159500420093536,-0.07654564827680588,-1.7663778438425506,0.1881464272737503,1.9819207191467285,-1.769367088620684,1766201832.316154
0.047159500420093536,-0.07654564827680588,-1.7663778438425506,0.18727174401283264,1.974433183670044,-1.77217412828786,1766201832.3161197
0.04747467488050461,-0.07698187232017517,-1.771948587726103,0.18727174401283264,1.974433183670044,-1.77217412828786,1766201832.326137
0.04747467488050461,-0.07698187232017517,-1.771948587726103,0.18678611516952515,1.9682073593139648,-1.781100674484409,1766201832.3260982
0.04747467488050461,-0.07698187232017517,-1.771948587726103,0.18629950284957886,1.9609675407409668,-1.7850158355580816,1766201832.3361237
0.04747467488050461,-0.07698187232017517,-1.771948587726103,0.18547958135604858,1.9526338577270508,-1.787408612464312,1766201832.3461254
0.04747467488050461,-0.07698187232017517,-1.771948587726103,0.18491540849208832,1.9464178085327148,-1.7953375515328576,1766201832.3560622
0.04747467488050461,-0.07698187232017517,-1.771948587726103,0.18411432206630707,1.9381635189056396,-1.7980799963341758,1766201832.3561018
0.04747467488050461,-0.07698187232017517,-1.771948587726103,0.1835867315530777,1.9314284324645996,-1.8054814038330358,1766201832.366102
0.04747467488050461,-0.07698187232017517,-1.771948587726103,0.182723268866539,1.923535943031311,-1.8101762456788846,1766201832.3761027
0.04747467488050461,-0.07698187232017517,-1.771948587726103,0.18193961679935455,1.916696310043335,-1.8180272586783564,1766201832.3861043
0.04747467488050461,-0.07698187232017517,-1.771948587726103,0.18121379613876343,1.9088398218154907,-1.8232733113649895,1766201832.3961136
0.04747467488050461,-0.07698187232017517,-1.771948587726103,0.18027421832084656,1.9021943807601929,-1.8322429317423778,1766201832.4060977
0.04747467488050461,-0.07698187232017517,-1.771948587726103,0.17934691905975342,1.8942334651947021,-1.8372426378798186,1766201832.4061356
0.04747467488050461,-0.07698187232017517,-1.771948587726103,0.17844805121421814,1.8861751556396484,-1.8393704260540231,1766201832.416106
0.04747467488050461,-0.07698187232017517,-1.771948587726103,0.17731545865535736,1.8807177543640137,-1.8548807975472905,1766201832.4260898
0.04747467488050461,-0.07698187232017517,-1.771948587726103,0.17682455480098724,1.8735982179641724,-1.8647715402394185,1766201832.4361167
0.04747467488050461,-0.07698187232017517,-1.771948587726103,0.17537613213062286,1.865424394607544,-1.867579124273715,1766201832.4461088
0.04747467488050461,-0.07698187232017517,-1.771948587726103,0.17405195534229279,1.8578869104385376,-1.8746472430383816,1766201832.4561174
0.04747467488050461,-0.07698187232017517,-1.771948587726103,0.173321932554245,1.8512099981307983,-1.88432737442708,1766201832.4561675
0.04747467488050461,-0.07698187232017517,-1.771948587726103,0.17197254300117493,1.8397692441940308,-1.8818269599682127,1766201832.4661171
0.047573111951351166,-0.0788048580288887,-1.778535757161803,0.17197254300117493,1.8397692441940308,-1.8818269599682127,1766201832.4661505
0.047573111951351166,-0.0788048580288887,-1.778535757161803,0.17168527841567993,1.8316822052001953,-1.8875364018660528,1766201832.476123
0.048439789563417435,-0.07880973815917969,-1.768808754915666,0.17168527841567993,1.8316822052001953,-1.8875364018660528,1766201832.476158
0.048439789563417435,-0.07880973815917969,-1.768808754915666,0.1703413724899292,1.8242849111557007,-1.8948194724911989,1766201832.4861038
0.04820868372917175,-0.07855238020420074,-1.7629266725276325,0.1703413724899292,1.8242849111557007,-1.8948194724911989,1766201832.4861383
0.04820868372917175,-0.07855238020420074,-1.7629266725276325,0.1693515181541443,1.8168617486953735,-1.901773370980369,1766201832.4961138
0.048234857618808746,-0.07867185771465302,-1.7629064099653704,0.1693515181541443,1.8168617486953735,-1.901773370980369,1766201832.4961483
0.048234857618808746,-0.07867185771465302,-1.7629064099653704,0.16615350544452667,1.8131589889526367,-1.9156129731785778,1766201832.5061142
0.04827599227428436,-0.07872311025857925,-1.7623336367608693,0.16615350544452667,1.8131589889526367,-1.9156129731785778,1766201832.5061471
0.04827599227428436,-0.07872311025857925,-1.7623336367608693,0.16405214369297028,1.802865743637085,-1.9471966922014108,1766201832.506164
0.04833986982703209,-0.07883256673812866,-1.7628113013555293,0.16405214369297028,1.802865743637085,-1.9471966922014108,1766201832.5061731
0.048445720225572586,-0.07923150062561035,-1.7662076533656283,0.16405214369297028,1.802865743637085,-1.9471966922014108,1766201832.5160906
0.048445720225572586,-0.07923150062561035,-1.7662076533656283,0.16444271802902222,1.7947514057159424,-1.9302250794313243,1766201832.516064
0.048445720225572586,-0.07923150062561035,-1.7662076533656283,0.1641867607831955,1.7872185707092285,-1.9326437130454766,1766201832.5260313
0.04806377738714218,-0.07949668914079666,-1.7810031813501312,0.1641867607831955,1.7872185707092285,-1.9326437130454766,1766201832.5260408
0.04806377738714218,-0.07949668914079666,-1.7810031813501312,0.16195999085903168,1.7802660465240479,-1.9450543973644745,1766201832.5361202
0.0480637289583683,-0.0795852541923523,-1.780949423697551,0.16195999085903168,1.7802660465240479,-1.9450543973644745,1766201832.536155
0.0480637289583683,-0.0795852541923523,-1.780949423697551,0.16083163022994995,1.772429347038269,-1.9516085452578025,1766201832.5461037
0.048246558755636215,-0.07954555004835129,-1.7771338383183628,0.16083163022994995,1.772429347038269,-1.9516085452578025,1766201832.5461404
0.04805859178304672,-0.07977689802646637,-1.7808394065227078,0.16083163022994995,1.772429347038269,-1.9516085452578025,1766201832.5561512
0.04805859178304672,-0.07977689802646637,-1.7808394065227078,0.15718574821949005,1.7655832767486572,-1.9610062253223495,1766201832.5561166
0.04811819642782211,-0.07989225536584854,-1.7817476024541035,0.15718574821949005,1.7655832767486572,-1.9610062253223495,1766201832.5561771
0.04811819642782211,-0.07989225536584854,-1.7817476024541035,0.1581549048423767,1.7582402229309082,-1.9678613237423528,1766201832.556168
0.04811819642782211,-0.07989225536584854,-1.7817476024541035,0.15596206486225128,1.751589059829712,-1.9787584784344887,1766201832.5661268
0.04805830493569374,-0.08000187575817108,-1.7816993450401786,0.15596206486225128,1.751589059829712,-1.9787584784344887,1766201832.5661619
0.048537012189626694,-0.07996329665184021,-1.7694538530810007,0.15596206486225128,1.751589059829712,-1.9787584784344887,1766201832.5761278
0.048537012189626694,-0.07996329665184021,-1.7694538530810007,0.15507617592811584,1.74385666847229,-1.983042781200269,1766201832.5760937
0.048537012189626694,-0.07996329665184021,-1.7694538530810007,0.15320274233818054,1.7369052171707153,-1.9932439631981484,1766201832.5861082
0.04847513884305954,-0.08005274087190628,-1.769716274931885,0.15320274233818054,1.7369052171707153,-1.9932439631981484,1766201832.5861428
0.04840768501162529,-0.08015169203281403,-1.7693092127074352,0.15320274233818054,1.7369052171707153,-1.9932439631981484,1766201832.596154
0.04840768501162529,-0.08015169203281403,-1.7693092127074352,0.15097485482692719,1.730620265007019,-2.0041376944117224,1766201832.5961194
0.048304859548807144,-0.08026045560836792,-1.769121545246348,0.15097485482692719,1.730620265007019,-2.0041376944117224,1766201832.6061492
0.048304859548807144,-0.08026045560836792,-1.769121545246348,0.14949530363082886,1.7232025861740112,-2.011440104564966,1766201832.6061065
0.047851692885160446,-0.08034229278564453,-1.7653773343365944,0.14949530363082886,1.7232025861740112,-2.011440104564966,1766201832.6061769
0.047851692885160446,-0.08034229278564453,-1.7653773343365944,0.14751403033733368,1.7168707847595215,-2.0211953556089353,1766201832.6061673
0.04812737926840782,-0.08041980117559433,-1.7690198476844299,0.14751403033733368,1.7168707847595215,-2.0211953556089353,1766201832.6261566
0.04812737926840782,-0.08041980117559433,-1.7690198476844299,0.14624470472335815,1.7093244791030884,-2.0264491945773346,1766201832.626123
0.04802047088742256,-0.08051871508359909,-1.7689195814513607,0.14624470472335815,1.7093244791030884,-2.0264491945773346,1766201832.6261835
0.04802047088742256,-0.08051871508359909,-1.7689195814513607,0.14550668001174927,1.705388069152832,-2.0490115838920695,1766201832.6261742
0.04802047088742256,-0.08051871508359909,-1.7689195814513607,0.1429762840270996,1.698239803314209,-2.057275013940907,1766201832.6360123
0.04755983501672745,-0.0806141197681427,-1.7647739338144217,0.1429762840270996,1.698239803314209,-2.057275013940907,1766201832.6360216
0.04777685925364494,-0.08069409430027008,-1.7679814075932019,0.1429762840270996,1.698239803314209,-2.057275013940907,1766201832.646062
0.04777685925364494,-0.08069409430027008,-1.7679814075932019,0.14025725424289703,1.688679575920105,-2.0541633379718003,1766201832.64605
0.04738154634833336,-0.08080460131168365,-1.77351882139464,0.14025725424289703,1.688679575920105,-2.0541633379718003,1766201832.6561685
0.04738154634833336,-0.08080460131168365,-1.77351882139464,0.1375175416469574,1.68270742893219,-2.065473352624879,1766201832.6561332
0.047163624316453934,-0.08089115470647812,-1.7754944401516208,0.1375175416469574,1.68270742893219,-2.065473352624879,1766201832.6561937
0.047163624316453934,-0.08089115470647812,-1.7754944401516208,0.13521763682365417,1.6761157512664795,-2.0741142068113394,1766201832.6561847
0.047163624316453934,-0.08089115470647812,-1.7754944401516208,0.13372640311717987,1.6686456203460693,-2.081906644456867,1766201832.666094
0.04651070386171341,-0.08095110207796097,-1.773902801067002,0.13372640311717987,1.6686456203460693,-2.081906644456867,1766201832.6661236
0.04690622165799141,-0.08067412674427032,-1.7598129812837289,0.13372640311717987,1.6686456203460693,-2.081906644456867,1766201832.6761525
0.04690622165799141,-0.08067412674427032,-1.7598129812837289,0.13128113746643066,1.662295937538147,-2.0922931305057157,1766201832.6761172
0.046962808817625046,-0.08109687268733978,-1.764694625229989,0.13128113746643066,1.662295937538147,-2.0922931305057157,1766201832.6861353
0.046962808817625046,-0.08109687268733978,-1.764694625229989,0.12741971015930176,1.6566662788391113,-2.1013334081474877,1766201832.6861002
0.046962808817625046,-0.08109687268733978,-1.764694625229989,0.12680500745773315,1.6492551565170288,-2.110813163845862,1766201832.6961184
0.04655199870467186,-0.08085574954748154,-1.7589984544620263,0.12680500745773315,1.6492551565170288,-2.110813163845862,1766201832.6961532
0.04655199870467186,-0.08085574954748154,-1.7589984544620263,0.12745922803878784,1.6456536054611206,-2.1255728791543222,1766201832.706102
0.046325236558914185,-0.08097939938306808,-1.7588222519759562,0.12745922803878784,1.6456536054611206,-2.1255728791543222,1766201832.7061381
0.046108800917863846,-0.08109654486179352,-1.7581412814953516,0.12745922803878784,1.6456536054611206,-2.1255728791543222,1766201832.7161598
0.046108800917863846,-0.08109654486179352,-1.7581412814953516,0.12575799226760864,1.6415696144104004,-2.1498481489964383,1766201832.7161236
0.046108800917863846,-0.08109654486179352,-1.7581412814953516,0.1185084730386734,1.6296932697296143,-2.1495072618423516,1766201832.7161758
0.046108800917863846,-0.08109654486179352,-1.7581412814953516,0.1153867244720459,1.625244379043579,-2.1520781052796907,1766201832.7261143
0.046108800917863846,-0.08109654486179352,-1.7581412814953516,0.11498896777629852,1.6191906929016113,-2.162127766415498,1766201832.7361271
0.046108800917863846,-0.08109654486179352,-1.7581412814953516,0.11246311664581299,1.612906575202942,-2.1722072796577185,1766201832.7461088
0.044521719217300415,-0.08220232278108597,-1.7723913322132012,0.11246311664581299,1.612906575202942,-2.1722072796577185,1766201832.756167
0.044521719217300415,-0.08220232278108597,-1.7723913322132012,0.10977063328027725,1.6067041158676147,-2.1835567690930184,1766201832.7561302
0.044521719217300415,-0.08220232278108597,-1.7723913322132012,0.10761575400829315,1.6007474660873413,-2.1947236421189484,1766201832.7561836
0.044521719217300415,-0.08220232278108597,-1.7723913322132012,0.10366886109113693,1.5926055908203125,-2.2092014489136376,1766201832.7661066
0.04478105902671814,-0.0819985419511795,-1.756329058151383,0.10366886109113693,1.5926055908203125,-2.2092014489136376,1766201832.7661445
0.04478105902671814,-0.0819985419511795,-1.756329058151383,0.10246962308883667,1.5885179042816162,-2.21575314443489,1766201832.7761095
0.044618476182222366,-0.08215383440256119,-1.7565076000796027,0.10246962308883667,1.5885179042816162,-2.21575314443489,1766201832.776145
0.04443830996751785,-0.08228685706853867,-1.7557992038230597,0.10246962308883667,1.5885179042816162,-2.21575314443489,1766201832.786162
0.04443830996751785,-0.08228685706853867,-1.7557992038230597,0.09990785270929337,1.5825613737106323,-2.2259903612416436,1766201832.786127
0.04393230751156807,-0.08294790238142014,-1.7751067940518053,0.09990785270929337,1.5825613737106323,-2.2259903612416436,1766201832.7961607
0.04393230751156807,-0.08294790238142014,-1.7751067940518053,0.09694963693618774,1.5767768621444702,-2.238718836919398,1766201832.7961237
0.04393230751156807,-0.08294790238142014,-1.7751067940518053,0.09335189312696457,1.5691657066345215,-2.2539308298909733,1766201832.8061075
0.044397614896297455,-0.08288788795471191,-1.7606536741566063,0.09335189312696457,1.5691657066345215,-2.2539308298909733,1766201832.806143
0.04363879933953285,-0.08322151750326157,-1.7736176311595806,0.09335189312696457,1.5691657066345215,-2.2539308298909733,1766201832.8161585
0.04363879933953285,-0.08322151750326157,-1.7736176311595806,0.09136191755533218,1.5649052858352661,-2.2621016134587046,1766201832.8161232
0.04411588981747627,-0.08318941295146942,-1.7596046752293086,0.09136191755533218,1.5649052858352661,-2.2621016134587046,1766201832.8161852
0.04411588981747627,-0.08318941295146942,-1.7596046752293086,0.08863384276628494,1.5583043098449707,-2.2729084583796557,1766201832.816175
0.04411588981747627,-0.08318941295146942,-1.7596046752293086,0.08790136873722076,1.5553016662597656,-2.292869333894812,1766201832.8261287
0.043984536081552505,-0.0833403468132019,-1.759399842890672,0.08790136873722076,1.5553016662597656,-2.292869333894812,1766201832.8261669
0.043984536081552505,-0.0833403468132019,-1.759399842890672,0.08472573757171631,1.549377679824829,-2.304484332953026,1766201832.8361056
0.04386404901742935,-0.08349290490150452,-1.7590551032723876,0.08472573757171631,1.549377679824829,-2.304484332953026,1766201832.836145
0.04340042918920517,-0.08368708193302155,-1.7562461680501495,0.08472573757171631,1.549377679824829,-2.304484332953026,1766201832.8461602
0.04340042918920517,-0.08368708193302155,-1.7562461680501495,0.08142615854740143,1.5437756776809692,-2.315638608008238,1766201832.846124
0.04340042918920517,-0.08368708193302155,-1.7562461680501495,0.07857102155685425,1.5382816791534424,-2.327463088169843,1766201832.8561065
0.0436006598174572,-0.0837753638625145,-1.7582799347090292,0.07857102155685425,1.5382816791534424,-2.327463088169843,1766201832.8561435
0.0436006598174572,-0.0837753638625145,-1.7582799347090292,0.07552395015954971,1.533865213394165,-2.347174352519609,1766201832.8661776
0.04348025098443031,-0.08397519588470459,-1.7574845130527819,0.07552395015954971,1.533865213394165,-2.347174352519609,1766201832.8662112
0.04348025098443031,-0.08397519588470459,-1.7574845130527819,0.0713455080986023,1.527241826057434,-2.3537813632635753,1766201832.8662262
0.04223534092307091,-0.08436790108680725,-1.7443745442422616,0.0713455080986023,1.527241826057434,-2.3537813632635753,1766201832.866236
0.04353025555610657,-0.0841238796710968,-1.7572903956707926,0.0713455080986023,1.527241826057434,-2.3537813632635753,1766201832.876063
0.04353025555610657,-0.0841238796710968,-1.7572903956707926,0.06792792677879333,1.5212515592575073,-2.3629863332979872,1766201832.8760543
0.04170103371143341,-0.08471481502056122,-1.7373382889748326,0.06792792677879333,1.5212515592575073,-2.3629863332979872,1766201832.886086
0.04170103371143341,-0.08471481502056122,-1.7373382889748326,0.0631023570895195,1.5132853984832764,-2.3652212704340534,1766201832.8860574
0.04170103371143341,-0.08471481502056122,-1.7373382889748326,0.05937071144580841,1.5075252056121826,-2.374638240406125,1766201832.89611
0.04170103371143341,-0.08471481502056122,-1.7373382889748326,0.05774592608213425,1.505373239517212,-2.399752926928483,1766201832.9061239
0.04170103371143341,-0.08471481502056122,-1.7373382889748326,0.05407485365867615,1.4984257221221924,-2.404926125128754,1766201832.916102
0.04170103371143341,-0.08471481502056122,-1.7373382889748326,0.05010133981704712,1.4911404848098755,-2.4118353765844693,1766201832.9161396
0.04170103371143341,-0.08471481502056122,-1.7373382889748326,0.04563774913549423,1.4852465391159058,-2.4205117135386844,1766201832.926111
0.04170103371143341,-0.08471481502056122,-1.7373382889748326,0.042795345187187195,1.4849028587341309,-2.4471092335270312,1766201832.9361002
0.04226984828710556,-0.08545540273189545,-1.7476184440348117,0.042795345187187195,1.4849028587341309,-2.4471092335270312,1766201832.9361453
0.04219536483287811,-0.08566870540380478,-1.7480582704368783,0.042795345187187195,1.4849028587341309,-2.4471092335270312,1766201832.9461591
0.04219536483287811,-0.08566870540380478,-1.7480582704368783,0.037549592554569244,1.4757086038589478,-2.4433405291334895,1766201832.9461246
0.04219536483287811,-0.08566870540380478,-1.7480582704368783,0.03461064398288727,1.4736093282699585,-2.467141828612946,1766201832.9560466
0.04206998646259308,-0.08585980534553528,-1.7478125854565854,0.03461064398288727,1.4736093282699585,-2.467141828612946,1766201832.95608
0.04206998646259308,-0.08585980534553528,-1.7478125854565854,0.03154302388429642,1.4685513973236084,-2.4781732637591656,1766201832.9560955
0.041875701397657394,-0.08611124753952026,-1.7486456132598927,0.03154302388429642,1.4685513973236084,-2.4781732637591656,1766201832.9561052
0.041875701397657394,-0.08611124753952026,-1.7486456132598927,0.02610515058040619,1.4598629474639893,-2.473412592350386,1766201832.9661224
0.041875701397657394,-0.08611124753952026,-1.7486456132598927,0.022770721465349197,1.4586254358291626,-2.4965378296458707,1766201832.9761147
0.041875701397657394,-0.08611124753952026,-1.7486456132598927,0.01920386776328087,1.453216552734375,-2.506964337999846,1766201832.9860964
0.041875701397657394,-0.08611124753952026,-1.7486456132598927,0.014894545078277588,1.448933482170105,-2.517133715430588,1766201832.9961162
0.0412658229470253,-0.08687611669301987,-1.745579686343439,0.014894545078277588,1.448933482170105,-2.517133715430588,1766201832.99615
0.04114316403865814,-0.08704725652933121,-1.7451613622477031,0.014894545078277588,1.448933482170105,-2.517133715430588,1766201833.0061162
0.04114316403865814,-0.08704725652933121,-1.7451613622477031,0.010245844721794128,1.4446855783462524,-2.5250262297688093,1766201833.0060809
0.04114316403865814,-0.08704725652933121,-1.7451613622477031,0.005447473376989365,1.4406304359436035,-2.5337971472018332,1766201833.0160837
0.04102981090545654,-0.08721332997083664,-1.7444105492034339,0.005447473376989365,1.4406304359436035,-2.5337971472018332,1766201833.0161183
0.04102981090545654,-0.08721332997083664,-1.7444105492034339,0.0024491548538208008,1.4344977140426636,-2.5396716111858573,1766201833.0161338
0.040684401988983154,-0.08754361420869827,-1.7421476363371775,0.0024491548538208008,1.4344977140426636,-2.5396716111858573,1766201833.026146
0.040684401988983154,-0.08754361420869827,-1.7421476363371775,-0.0015055984258651733,1.4296789169311523,-2.5473934084275247,1766201833.0261366
0.040684401988983154,-0.08754361420869827,-1.7421476363371775,-0.005409605801105499,1.426702618598938,-2.5619995360191044,1766201833.0361178
0.040358349680900574,-0.08807998895645142,-1.7598492245582944,-0.005409605801105499,1.426702618598938,-2.5619995360191044,1766201833.0361514
0.040358349680900574,-0.08807998895645142,-1.7598492245582944,-0.010244295001029968,1.4225678443908691,-2.5682361929404425,1766201833.0461223
0.04017970710992813,-0.08824571967124939,-1.7601965068343475,-0.010244295001029968,1.4225678443908691,-2.5682361929404425,1766201833.0461552
0.04017970710992813,-0.08824571967124939,-1.7601965068343475,-0.014682687819004059,1.4177600145339966,-2.57211990707857,1766201833.0561225
0.040035635232925415,-0.08838271349668503,-1.759258982623689,-0.014682687819004059,1.4177600145339966,-2.57211990707857,1766201833.0561564
0.040035635232925415,-0.08838271349668503,-1.759258982623689,-0.020337097346782684,1.411002516746521,-2.572274358196353,1766201833.0661335
0.03958195447921753,-0.08881668746471405,-1.758277426235392,-0.020337097346782684,1.411002516746521,-2.572274358196353,1766201833.0661845
0.03958195447921753,-0.08881668746471405,-1.758277426235392,-0.0233137309551239,1.4113426208496094,-2.592611634853645,1766201833.0661726
0.03958195447921753,-0.08881668746471405,-1.758277426235392,-0.02783771976828575,1.4077726602554321,-2.6004106754181207,1766201833.0760424
0.03958195447921753,-0.08881668746471405,-1.758277426235392,-0.03196346014738083,1.403893232345581,-2.6061269248246823,1766201833.0860996
0.03926330804824829,-0.08912257850170135,-1.7561621512494028,-0.03196346014738083,1.403893232345581,-2.6061269248246823,1766201833.0861099
0.03926330804824829,-0.08912257850170135,-1.7561621512494028,-0.037515901029109955,1.3965339660644531,-2.600547815059595,1766201833.0961156
0.03874504938721657,-0.08926136046648026,-1.7508709637994375,-0.037515901029109955,1.3965339660644531,-2.600547815059595,1766201833.0961502
0.03874504938721657,-0.08926136046648026,-1.7508709637994375,-0.04072367399930954,1.3967739343643188,-2.6207030354132854,1766201833.1061056
0.039405614137649536,-0.08921314775943756,-1.7424018085240804,-0.04072367399930954,1.3967739343643188,-2.6207030354132854,1766201833.1061382
0.039405614137649536,-0.08921314775943756,-1.7424018085240804,-0.04450678825378418,1.3928232192993164,-2.6250525120263646,1766201833.1061552
0.039322368800640106,-0.08931702375411987,-1.7425945272862482,-0.04450678825378418,1.3928232192993164,-2.6250525120263646,1766201833.106164
0.039322368800640106,-0.08931702375411987,-1.7425945272862482,-0.04827955365180969,1.3895596265792847,-2.6322594028434665,1766201833.1161218
0.039322368800640106,-0.08931702375411987,-1.7425945272862482,-0.05240534618496895,1.3863474130630493,-2.6390358197903927,1766201833.1261158
0.038612764328718185,-0.08943401277065277,-1.731075892774932,-0.05240534618496895,1.3863474130630493,-2.6390358197903927,1766201833.1261504
0.0384557880461216,-0.08953436464071274,-1.730060059461333,-0.05240534618496895,1.3863474130630493,-2.6390358197903927,1766201833.1361659
0.0384557880461216,-0.08953436464071274,-1.730060059461333,-0.05671260133385658,1.3830082416534424,-2.64358358942893,1766201833.136131
0.0384557880461216,-0.08953436464071274,-1.730060059461333,-0.06060926243662834,1.3793095350265503,-2.6471860233313076,1766201833.1461306
0.0383094884455204,-0.08963829278945923,-1.7292566652011165,-0.06060926243662834,1.3793095350265503,-2.6471860233313076,1766201833.1461654
0.0383094884455204,-0.08963829278945923,-1.7292566652011165,-0.06477028131484985,1.3768534660339355,-2.656523657306031,1766201833.1561103
0.037517108023166656,-0.09007202833890915,-1.7388385140040354,-0.06477028131484985,1.3768534660339355,-2.656523657306031,1766201833.15616
0.037517108023166656,-0.09007202833890915,-1.7388385140040354,-0.06929701566696167,1.37416672706604,-2.6626310821168087,1766201833.1561499
0.037517108023166656,-0.09007202833890915,-1.7388385140040354,-0.0732431709766388,1.3705110549926758,-2.66714156713169,1766201833.1661046
0.037517108023166656,-0.09007202833890915,-1.7388385140040354,-0.0772094577550888,1.3678526878356934,-2.6713959728109784,1766201833.176114
0.037517108023166656,-0.09007202833890915,-1.7388385140040354,-0.08144278079271317,1.3651272058486938,-2.6773003763138137,1766201833.1861053
0.037517108023166656,-0.09007202833890915,-1.7388385140040354,-0.08529059588909149,1.3627036809921265,-2.683600089751606,1766201833.1960976
0.037517108023166656,-0.09007202833890915,-1.7388385140040354,-0.08870537579059601,1.3596141338348389,-2.6868456613896354,1766201833.206132
0.037517108023166656,-0.09007202833890915,-1.7388385140040354,-0.0931205004453659,1.3569658994674683,-2.6918151831354207,1766201833.216113
0.03613106161355972,-0.09099746495485306,-1.7182944153514141,-0.0931205004453659,1.3569658994674683,-2.6918151831354207,1766201833.216165
0.03613106161355972,-0.09099746495485306,-1.7182944153514141,-0.09798137098550797,1.3536572456359863,-2.6904270761663014,1766201833.2161543
0.03613106161355972,-0.09099746495485306,-1.7182944153514141,-0.10281799733638763,1.350331425666809,-2.689970790089649,1766201833.2261147
0.036626655608415604,-0.09092516452074051,-1.7293718087162553,-0.10281799733638763,1.350331425666809,-2.689970790089649,1766201833.2261477
0.035803813487291336,-0.09116349369287491,-1.723004152665934,-0.10281799733638763,1.350331425666809,-2.689970790089649,1766201833.2361324
0.035803813487291336,-0.09116349369287491,-1.723004152665934,-0.10626582056283951,1.3465887308120728,-2.6909609251676003,1766201833.236097
0.03558091074228287,-0.09113582968711853,-1.7164470802923895,-0.10626582056283951,1.3465887308120728,-2.6909609251676003,1766201833.2461495
0.03558091074228287,-0.09113582968711853,-1.7164470802923895,-0.10944926738739014,1.346206784248352,-2.701596981486849,1766201833.2461183
0.03558091074228287,-0.09113582968711853,-1.7164470802923895,-0.11210215091705322,1.3439207077026367,-2.706693209038001,1766201833.2561185
0.03558091074228287,-0.09113582968711853,-1.7164470802923895,-0.11679623275995255,1.340001106262207,-2.7034294535861996,1766201833.2661035
0.03558091074228287,-0.09113582968711853,-1.7164470802923895,-0.12017014622688293,1.3397432565689087,-2.7141785307940123,1766201833.2661412
0.03558091074228287,-0.09113582968711853,-1.7164470802923895,-0.12385604530572891,1.3378100395202637,-2.7164011985330996,1766201833.276109
0.03507349267601967,-0.09105969220399857,-1.7152496833485689,-0.12385604530572891,1.3378100395202637,-2.7164011985330996,1766201833.2761424
0.03507349267601967,-0.09105969220399857,-1.7152496833485689,-0.12698066234588623,1.3358874320983887,-2.7213618997411797,1766201833.286122
0.03507349267601967,-0.09105969220399857,-1.7152496833485689,-0.13077743351459503,1.3337377309799194,-2.7215739188587267,1766201833.2960968
0.03426554426550865,-0.09137536585330963,-1.7155434212308753,-0.13077743351459503,1.3337377309799194,-2.7215739188587267,1766201833.3061657
0.03426554426550865,-0.09137536585330963,-1.7155434212308753,-0.13444039225578308,1.3326683044433594,-2.7276113943712827,1766201833.306132
0.03426554426550865,-0.09137536585330963,-1.7155434212308753,-0.1379968225955963,1.3301751613616943,-2.727067519739046,1766201833.3161066
0.03426554426550865,-0.09137536585330963,-1.7155434212308753,-0.14221344888210297,1.3284893035888672,-2.7292130987485366,1766201833.316145
0.03426554426550865,-0.09137536585330963,-1.7155434212308753,-0.14548388123512268,1.3261388540267944,-2.7292175687815097,1766201833.326105
0.033423054963350296,-0.09143289923667908,-1.706802160170253,-0.14548388123512268,1.3261388540267944,-2.7292175687815097,1766201833.3261406
0.03316308557987213,-0.09147874265909195,-1.7051324215219867,-0.14548388123512268,1.3261388540267944,-2.7292175687815097,1766201833.3361382
0.03316308557987213,-0.09147874265909195,-1.7051324215219867,-0.14949318766593933,1.3247337341308594,-2.7317837537298195,1766201833.336103
0.03316308557987213,-0.09147874265909195,-1.7051324215219867,-0.1541033238172531,1.3200052976608276,-2.7211370875398697,1766201833.3461313
0.03316308557987213,-0.09147874265909195,-1.7051324215219867,-0.1561764031648636,1.320679783821106,-2.7315917943798684,1766201833.3561194
0.03316308557987213,-0.09147874265909195,-1.7051324215219867,-0.1607990860939026,1.3178313970565796,-2.7260680184857917,1766201833.366103
0.032584309577941895,-0.09197855740785599,-1.7057026352979396,-0.1607990860939026,1.3178313970565796,-2.7260680184857917,1766201833.366156
0.032584309577941895,-0.09197855740785599,-1.7057026352979396,-0.16296008229255676,1.3175570964813232,-2.733714862274214,1766201833.3661454
0.032584309577941895,-0.09197855740785599,-1.7057026352979396,-0.16712871193885803,1.3152064085006714,-2.728183149556373,1766201833.3761344
0.03237861394882202,-0.09186461567878723,-1.7042865512981034,-0.16712871193885803,1.3152064085006714,-2.728183149556373,1766201833.3761685
0.03237861394882202,-0.09186461567878723,-1.7042865512981034,-0.16966986656188965,1.3141942024230957,-2.7315267949444544,1766201833.3861158
0.032085712999105453,-0.09174371510744095,-1.7006776571689481,-0.16966986656188965,1.3141942024230957,-2.7315267949444544,1766201833.3861504
0.032085712999105453,-0.09174371510744095,-1.7006776571689481,-0.17386309802532196,1.3122923374176025,-2.726665116973932,1766201833.3961105
0.032085712999105453,-0.09174371510744095,-1.7006776571689481,-0.17684446275234222,1.3118581771850586,-2.7328011547431355,1766201833.4060993
0.032085712999105453,-0.09174371510744095,-1.7006776571689481,-0.18194392323493958,1.3078434467315674,-2.719943995217621,1766201833.406138
0.030365832149982452,-0.09219174832105637,-1.7030434299536605,-0.18194392323493958,1.3078434467315674,-2.719943995217621,1766201833.416141
0.030365832149982452,-0.09219174832105637,-1.7030434299536605,-0.18479828536510468,1.305769443511963,-2.7169493019965447,1766201833.4161067
0.030365832149982452,-0.09219174832105637,-1.7030434299536605,-0.18837203085422516,1.3041741847991943,-2.714994887605305,1766201833.4261231
0.029624752700328827,-0.09242737293243408,-1.6831310707784533,-0.18837203085422516,1.3041741847991943,-2.714994887605305,1766201833.4261596
0.029328100383281708,-0.09250038862228394,-1.6817042498762207,-0.18837203085422516,1.3041741847991943,-2.714994887605305,1766201833.4361289
0.029328100383281708,-0.09250038862228394,-1.6817042498762207,-0.1904551088809967,1.3061994314193726,-2.72539663823561,1766201833.4360921
0.029328100383281708,-0.09250038862228394,-1.6817042498762207,-0.19308114051818848,1.3044018745422363,-2.7228319317031673,1766201833.446091
0.02893373928964138,-0.09254854172468185,-1.679134662305316,-0.19308114051818848,1.3044018745422363,-2.7228319317031673,1766201833.446125
0.02893373928964138,-0.09254854172468185,-1.679134662305316,-0.19661356508731842,1.3030434846878052,-2.7205818984533567,1766201833.4561033
0.02893373928964138,-0.09254854172468185,-1.679134662305316,-0.20061078667640686,1.299738883972168,-2.7097498934029955,1766201833.4561443
0.02893373928964138,-0.09254854172468185,-1.679134662305316,-0.20335674285888672,1.3007174730300903,-2.716438511630498,1766201833.466139
0.02797340229153633,-0.09259404987096786,-1.6723087398425023,-0.20335674285888672,1.3007174730300903,-2.716438511630498,1766201833.4661741
0.02797340229153633,-0.09259404987096786,-1.6723087398425023,-0.2057892382144928,1.2989410161972046,-2.713284136152616,1766201833.476057
0.02787954919040203,-0.09251747280359268,-1.6743463020899414,-0.2057892382144928,1.2989410161972046,-2.713284136152616,1766201833.4760914
0.02787954919040203,-0.09251747280359268,-1.6743463020899414,-0.20900858938694,1.2976913452148438,-2.7108460157304366,1766201833.486021
0.027557339519262314,-0.09251346439123154,-1.6718233808381568,-0.20900858938694,1.2976913452148438,-2.7108460157304366,1766201833.486033
0.027557339519262314,-0.09251346439123154,-1.6718233808381568,-0.21187257766723633,1.2964324951171875,-2.707758845196566,1766201833.4960134
0.027724076062440872,-0.09265332669019699,-1.6758119478196607,-0.21187257766723633,1.2964324951171875,-2.707758845196566,1766201833.4960237
0.027724076062440872,-0.09265332669019699,-1.6758119478196607,-0.214074969291687,1.2954977750778198,-2.7045992280968085,1766201833.5061042
0.027225051075220108,-0.09256215393543243,-1.6713992672117903,-0.214074969291687,1.2954977750778198,-2.7045992280968085,1766201833.5061395
0.027225051075220108,-0.09256215393543243,-1.6713992672117903,-0.21852988004684448,1.2936453819274902,-2.6982336509453826,1766201833.5161252
0.02682139351963997,-0.09257470816373825,-1.6673894977394685,-0.21852988004684448,1.2936453819274902,-2.6982336509453826,1766201833.5161602
0.02682139351963997,-0.09257470816373825,-1.6673894977394685,-0.2222192883491516,1.2902438640594482,-2.683808899325573,1766201833.5161762
0.02639929950237274,-0.09259746968746185,-1.6638636293240807,-0.2222192883491516,1.2902438640594482,-2.683808899325573,1766201833.516185
0.02639929950237274,-0.09259746968746185,-1.6638636293240807,-0.2242361158132553,1.2916218042373657,-2.692536833497393,1766201833.52612
0.025920704007148743,-0.09262171387672424,-1.6607243686573503,-0.2242361158132553,1.2916218042373657,-2.692536833497393,1766201833.5261543
0.02551320195198059,-0.09261254966259003,-1.6574758368825686,-0.2242361158132553,1.2916218042373657,-2.692536833497393,1766201833.536162
0.02551320195198059,-0.09261254966259003,-1.6574758368825686,-0.2271803915500641,1.2895476818084717,-2.682125205445033,1766201833.5361261
0.02551320195198059,-0.09261254966259003,-1.6574758368825686,-0.22981981933116913,1.288331151008606,-2.6796361892151395,1766201833.5461354
0.0250873900949955,-0.09261368215084076,-1.6532431075029594,-0.22981981933116913,1.288331151008606,-2.6796361892151395,1766201833.546146
0.0250873900949955,-0.09261368215084076,-1.6532431075029594,-0.23297041654586792,1.288112998008728,-2.6795124682313975,1766201833.55602
0.024680715054273605,-0.09261586517095566,-1.6496119758036116,-0.23297041654586792,1.288112998008728,-2.6795124682313975,1766201833.556057
0.024680715054273605,-0.09261586517095566,-1.6496119758036116,-0.23569589853286743,1.2872146368026733,-2.6754838779001853,1766201833.556062
0.024246444925665855,-0.09265398234128952,-1.6455546419621094,-0.23569589853286743,1.2872146368026733,-2.6754838779001853,1766201833.5560656
0.024246444925665855,-0.09265398234128952,-1.6455546419621094,-0.23914575576782227,1.2857674360275269,-2.66881315413996,1766201833.5659778
0.02380378171801567,-0.09266473352909088,-1.6410896238505401,-0.23914575576782227,1.2857674360275269,-2.66881315413996,1766201833.565997
0.02380378171801567,-0.09266473352909088,-1.6410896238505401,-0.2418837994337082,1.2847561836242676,-2.66120175111532,1766201833.5759869
0.022760305553674698,-0.09280715882778168,-1.6350983840698075,-0.2418837994337082,1.2847561836242676,-2.66120175111532,1766201833.5760012
0.022760305553674698,-0.09280715882778168,-1.6350983840698075,-0.24406106770038605,1.2836723327636719,-2.657407106906474,1766201833.586108
0.022707266733050346,-0.09273087233304977,-1.6327789063131437,-0.24406106770038605,1.2836723327636719,-2.657407106906474,1766201833.5861437
0.02233312278985977,-0.09264294803142548,-1.6231938013073657,-0.24406106770038605,1.2836723327636719,-2.657407106906474,1766201833.5961409
0.02233312278985977,-0.09264294803142548,-1.6231938013073657,-0.24736694991588593,1.282608151435852,-2.6508075912574602,1766201833.5961032
0.02233312278985977,-0.09264294803142548,-1.6231938013073657,-0.2501209080219269,1.2818585634231567,-2.6466921892083546,1766201833.6060944
0.02164710871875286,-0.09269130229949951,-1.6144901798767735,-0.2501209080219269,1.2818585634231567,-2.6466921892083546,1766201833.6061473
0.02164710871875286,-0.09269130229949951,-1.6144901798767735,-0.2529968321323395,1.2811801433563232,-2.640858520016606,1766201833.6161237
0.021057456731796265,-0.09271859377622604,-1.606490051313097,-0.2529968321323395,1.2811801433563232,-2.640858520016606,1766201833.6161613
0.021057456731796265,-0.09271859377622604,-1.606490051313097,-0.2545705735683441,1.2799336910247803,-2.635533507159192,1766201833.6161785
0.02045147866010666,-0.09276063740253448,-1.5979372666343195,-0.2545705735683441,1.2799336910247803,-2.635533507159192,1766201833.6161878
0.01994011178612709,-0.09262986481189728,-1.589075088659205,-0.2545705735683441,1.2799336910247803,-2.635533507159192,1766201833.6261399
0.01994011178612709,-0.09262986481189728,-1.589075088659205,-0.25782161951065063,1.2790706157684326,-2.627671374834906,1766201833.626104
0.01994011178612709,-0.09262986481189728,-1.589075088659205,-0.26004359126091003,1.2782533168792725,-2.6228227973898566,1766201833.636074
0.019356243312358856,-0.09260138869285583,-1.5796204014284936,-0.26004359126091003,1.2782533168792725,-2.6228227973898566,1766201833.6361127
0.019356243312358856,-0.09260138869285583,-1.5796204014284936,-0.262960284948349,1.2770189046859741,-2.6130832016859773,1766201833.6461024
0.01872134953737259,-0.09257927536964417,-1.570885964491253,-0.262960284948349,1.2770189046859741,-2.6130832016859773,1766201833.6461365
0.01872134953737259,-0.09257927536964417,-1.570885964491253,-0.26451465487480164,1.277703046798706,-2.612412757343359,1766201833.6561007
0.01872134953737259,-0.09257927536964417,-1.570885964491253,-0.267304003238678,1.27664053440094,-2.6050677096255286,1766201833.6661205
0.01872134953737259,-0.09257927536964417,-1.570885964491253,-0.2690112590789795,1.2763018608093262,-2.5992337551635796,1766201833.6661603
0.01872134953737259,-0.09257927536964417,-1.570885964491253,-0.27146342396736145,1.2744231224060059,-2.5899476857947366,1766201833.6761644
0.01872134953737259,-0.09257927536964417,-1.570885964491253,-0.27356481552124023,1.2738370895385742,-2.5836240991963044,1766201833.6861045
0.01872134953737259,-0.09257927536964417,-1.570885964491253,-0.2754642367362976,1.273290753364563,-2.5761204298090306,1766201833.6960871
0.01872134953737259,-0.09257927536964417,-1.570885964491253,-0.277225524187088,1.273740530014038,-2.5755784568035094,1766201833.706119
0.01872134953737259,-0.09257927536964417,-1.570885964491253,-0.28056639432907104,1.2712234258651733,-2.559502613875849,1766201833.7161028
0.01872134953737259,-0.09257927536964417,-1.570885964491253,-0.28553861379623413,1.2657790184020996,-2.543461452001133,1766201833.716141
0.01872134953737259,-0.09257927536964417,-1.570885964491253,-0.28628766536712646,1.265532374382019,-2.530414749765303,1766201833.726102
0.01872134953737259,-0.09257927536964417,-1.570885964491253,-0.28823649883270264,1.2695058584213257,-2.5349783878431698,1766201833.7361102
0.01872134953737259,-0.09257927536964417,-1.570885964491253,-0.29018253087997437,1.269226312637329,-2.52868128841075,1766201833.7461011
0.01872134953737259,-0.09257927536964417,-1.570885964491253,-0.292618066072464,1.2686896324157715,-2.5196591981022847,1766201833.7561126
0.01872134953737259,-0.09257927536964417,-1.570885964491253,-0.2936776280403137,1.267197608947754,-2.5078792209162994,1766201833.7561529
0.01872134953737259,-0.09257927536964417,-1.570885964491253,-0.2962023615837097,1.266783356666565,-2.4998479517552115,1766201833.7661083
0.01872134953737259,-0.09257927536964417,-1.570885964491253,-0.29927879571914673,1.2663230895996094,-2.4904054523884898,1766201833.7761228
0.004672910552471876,-0.09539826214313507,-1.412927729955019,-0.29927879571914673,1.2663230895996094,-2.4904054523884898,1766201833.776154
0.003929060883820057,-0.09554237127304077,-1.4040173232118291,-0.29927879571914673,1.2663230895996094,-2.4904054523884898,1766201833.786165
0.003929060883820057,-0.09554237127304077,-1.4040173232118291,-0.30039429664611816,1.2654962539672852,-2.4819406120658876,1766201833.7861307
0.0031073717400431633,-0.09572865068912506,-1.3936789618913763,-0.30039429664611816,1.2654962539672852,-2.4819406120658876,1766201833.796122
0.0031073717400431633,-0.09572865068912506,-1.3936789618913763,-0.30136099457740784,1.2589190006256104,-2.447116925615079,1766201833.796087
0.0023100560065358877,-0.09592587500810623,-1.3835617410278647,-0.30136099457740784,1.2589190006256104,-2.447116925615079,1766201833.806094
0.0023100560065358877,-0.09592587500810623,-1.3835617410278647,-0.3065165877342224,1.2593305110931396,-2.453906249692625,1766201833.8060524
0.0015170036349445581,-0.09612051397562027,-1.3739329031766632,-0.3065165877342224,1.2593305110931396,-2.453906249692625,1766201833.8062332
0.0015170036349445581,-0.09612051397562027,-1.3739329031766632,-0.3064382076263428,1.2640496492385864,-2.4543216451010297,1766201833.8061218
0.0015170036349445581,-0.09612051397562027,-1.3739329031766632,-0.3087944984436035,1.2580578327178955,-2.4259464055263336,1766201833.8160195
0.0008331768913194537,-0.09628502279520035,-1.3653385077398907,-0.3087944984436035,1.2580578327178955,-2.4259464055263336,1766201833.8160288
-4.904305387753993e-05,-0.09648893028497696,-1.3555903684550137,-0.3087944984436035,1.2580578327178955,-2.4259464055263336,1766201833.8260531
-4.904305387753993e-05,-0.09648893028497696,-1.3555903684550137,-0.31003785133361816,1.2626162767410278,-2.4328511530830665,1766201833.8260436
-4.904305387753993e-05,-0.09648893028497696,-1.3555903684550137,-0.3129522502422333,1.2624603509902954,-2.4245003599627744,1766201833.8360565
-0.0009280472877435386,-0.09675052762031555,-1.3438791493000342,-0.3129522502422333,1.2624603509902954,-2.4245003599627744,1766201833.8360908
-0.0016702741850167513,-0.09700391441583633,-1.3344361981677586,-0.3129522502422333,1.2624603509902954,-2.4245003599627744,1766201833.846122
-0.0016702741850167513,-0.09700391441583633,-1.3344361981677586,-0.31322377920150757,1.259937047958374,-2.4069604835969187,1766201833.8460894
-0.0016702741850167513,-0.09700391441583633,-1.3344361981677586,-0.31506311893463135,1.2594572305679321,-2.3970662232886246,1766201833.8560505
-0.002401836682111025,-0.09723121672868729,-1.3241840411356218,-0.31506311893463135,1.2594572305679321,-2.3970662232886246,1766201833.8560839
-0.002401836682111025,-0.09723121672868729,-1.3241840411356218,-0.31835153698921204,1.2609832286834717,-2.391590750986369,1766201833.8560998
-0.003097888547927141,-0.09750133007764816,-1.3141262178587614,-0.31835153698921204,1.2609832286834717,-2.391590750986369,1766201833.8561094
-0.003097888547927141,-0.09750133007764816,-1.3141262178587614,-0.3200552761554718,1.2606449127197266,-2.3828309261683223,1766201833.8660016
-0.0038655803073197603,-0.09787275642156601,-1.3024072016915829,-0.3200552761554718,1.2606449127197266,-2.3828309261683223,1766201833.8660111
-0.004742518067359924,-0.09810424596071243,-1.2904163691050687,-0.3200552761554718,1.2606449127197266,-2.3828309261683223,1766201833.87611
-0.004742518067359924,-0.09810424596071243,-1.2904163691050687,-0.3205997347831726,1.2577943801879883,-2.3653818165939606,1766201833.8760765
-0.004742518067359924,-0.09810424596071243,-1.2904163691050687,-0.3230336606502533,1.2538535594940186,-2.3411932389995593,1766201833.8860688
-0.005759058520197868,-0.09834930300712585,-1.2809853457333606,-0.3230336606502533,1.2538535594940186,-2.3411932389995593,1766201833.8861017
-0.006472781300544739,-0.09871882200241089,-1.2705898639940727,-0.3230336606502533,1.2538535594940186,-2.3411932389995593,1766201833.8961332
-0.006472781300544739,-0.09871882200241089,-1.2705898639940727,-0.3244398832321167,1.2536407709121704,-2.3280422955920352,1766201833.8960993
-0.006472781300544739,-0.09871882200241089,-1.2705898639940727,-0.32724809646606445,1.257860779762268,-2.3393879445018637,1766201833.9061067
-0.0072234319522976875,-0.09906938672065735,-1.2594906009663933,-0.32724809646606445,1.257860779762268,-2.3393879445018637,1766201833.9061399
-0.0072234319522976875,-0.09906938672065735,-1.2594906009663933,-0.32753777503967285,1.2521113157272339,-2.3051501024194923,1766201833.906155
-0.00777202844619751,-0.09889986366033554,-1.2522311668072186,-0.32753777503967285,1.2521113157272339,-2.3051501024194923,1766201833.9061646
-0.00777202844619751,-0.09889986366033554,-1.2522311668072186,-0.3302815556526184,1.2569456100463867,-2.3137026021000247,1766201833.926049
-0.008876834064722061,-0.09931625425815582,-1.2396310613948873,-0.3302815556526184,1.2569456100463867,-2.3137026021000247,1766201833.9260604
-0.008876834064722061,-0.09931625425815582,-1.2396310613948873,-0.3306598961353302,1.2550851106643677,-2.298839204348692,1766201833.9260662
-0.009514217264950275,-0.09973356127738953,-1.2294143519487517,-0.3306598961353302,1.2550851106643677,-2.298839204348692,1766201833.9260693
-0.009514217264950275,-0.09973356127738953,-1.2294143519487517,-0.3355466425418854,1.2522366046905518,-2.27258961108332,1766201833.9360392
-0.009976405650377274,-0.10011737793684006,-1.2196930953538923,-0.3355466425418854,1.2522366046905518,-2.27258961108332,1766201833.9360485
-0.009976405650377274,-0.10011737793684006,-1.2196930953538923,-0.3339287340641022,1.2551864385604858,-2.2790533475143464,1766201833.946086
-0.010443553328514099,-0.10068773478269577,-1.2113474888089324,-0.3339287340641022,1.2551864385604858,-2.2790533475143464,1766201833.946123
-0.010443553328514099,-0.10068773478269577,-1.2113474888089324,-0.3353138566017151,1.2551758289337158,-2.2717266032527825,1766201833.9560976
-0.011140741407871246,-0.10109973698854446,-1.2009629925898127,-0.3353138566017151,1.2551758289337158,-2.2717266032527825,1766201833.9561312
-0.011140741407871246,-0.10109973698854446,-1.2009629925898127,-0.33666932582855225,1.2543632984161377,-2.2585325195791834,1766201833.9660335
-0.01292387954890728,-0.10164692252874374,-1.1782278363438992,-0.33666932582855225,1.2543632984161377,-2.2585325195791834,1766201833.9660678
-0.01292387954890728,-0.10164692252874374,-1.1782278363438992,-0.3377843499183655,1.2541897296905518,-2.2476418830149147,1766201833.966085
-0.013317227363586426,-0.10213654488325119,-1.1672631139353702,-0.3377843499183655,1.2541897296905518,-2.2476418830149147,1766201833.9660945
-0.013829931616783142,-0.10248471796512604,-1.159681815070315,-0.3377843499183655,1.2541897296905518,-2.2476418830149147,1766201833.976118
-0.013829931616783142,-0.10248471796512604,-1.159681815070315,-0.33892232179641724,1.2538939714431763,-2.2365972482095917,1766201833.9760857
-0.014444742351770401,-0.10285861790180206,-1.1504211840746004,-0.33892232179641724,1.2538939714431763,-2.2365972482095917,1766201833.9860446
-0.014444742351770401,-0.10285861790180206,-1.1504211840746004,-0.3395301103591919,1.254582166671753,-2.229473015250006,1766201833.9860353
-0.014444742351770401,-0.10285861790180206,-1.1504211840746004,-0.3426814675331116,1.2509708404541016,-2.210021434317846,1766201833.996101
-0.014988187700510025,-0.10319557040929794,-1.142260671187109,-0.3426814675331116,1.2509708404541016,-2.210021434317846,1766201833.996134
-0.014988187700510025,-0.10319557040929794,-1.142260671187109,-0.34574469923973083,1.2513684034347534,-2.1908698750967446,1766201834.0060809
-0.015597347170114517,-0.1035994365811348,-1.1326062235352325,-0.34574469923973083,1.2513684034347534,-2.1908698750967446,1766201834.006119
-0.015597347170114517,-0.1035994365811348,-1.1326062235352325,-0.3456748127937317,1.251992106437683,-2.1845150905762476,1766201834.0061357
-0.016143828630447388,-0.10398192703723907,-1.1240378543658964,-0.3456748127937317,1.251992106437683,-2.1845150905762476,1766201834.0061452
-0.016143828630447388,-0.10398192703723907,-1.1240378543658964,-0.3434029221534729,1.2553905248641968,-2.1936232056275227,1766201834.0260503
-0.016569536179304123,-0.10434374213218689,-1.116330313182719,-0.3434029221534729,1.2553905248641968,-2.1936232056275227,1766201834.0260613
-0.016569536179304123,-0.10434374213218689,-1.116330313182719,-0.344093918800354,1.25599205493927,-2.186859365084763,1766201834.0260668
-0.016984255984425545,-0.10467593371868134,-1.1101769788314164,-0.344093918800354,1.25599205493927,-2.186859365084763,1766201834.0260699
-0.016984255984425545,-0.10467593371868134,-1.1101769788314164,-0.34453174471855164,1.2564696073532104,-2.180233603995249,1766201834.0360968
-0.017430288717150688,-0.10506779700517654,-1.1028805186340251,-0.34453174471855164,1.2564696073532104,-2.180233603995249,1766201834.0361307
-0.017430288717150688,-0.10506779700517654,-1.1028805186340251,-0.34515127539634705,1.2563735246658325,-2.1732006100781787,1766201834.0461287
-0.017809584736824036,-0.10543126612901688,-1.0965202228360662,-0.34515127539634705,1.2563735246658325,-2.1732006100781787,1766201834.0461621
-0.017809584736824036,-0.10543126612901688,-1.0965202228360662,-0.3494725525379181,1.2527941465377808,-2.144291477530224,1766201834.0561023
-0.018167812377214432,-0.10579059273004532,-1.0907014207756958,-0.3494725525379181,1.2527941465377808,-2.144291477530224,1766201834.0561364
-0.018582390621304512,-0.10614341497421265,-1.0839396650150288,-0.3494725525379181,1.2527941465377808,-2.144291477530224,1766201834.0660825
-0.018582390621304512,-0.10614341497421265,-1.0839396650150288,-0.35046860575675964,1.250880479812622,-2.1398469257945756,1766201834.0660493
-0.01901017501950264,-0.10649415850639343,-1.0778336889596296,-0.35046860575675964,1.250880479812622,-2.1398469257945756,1766201834.0661073
-0.01901017501950264,-0.10649415850639343,-1.0778336889596296,-0.3498581647872925,1.2532955408096313,-2.125566385670755,1766201834.0660985
-0.01938200183212757,-0.10682027041912079,-1.071654063471878,-0.3498581647872925,1.2532955408096313,-2.125566385670755,1766201834.0761445
-0.01938200183212757,-0.10682027041912079,-1.071654063471878,-0.3514409065246582,1.252985954284668,-2.1177154827269513,1766201834.076111
-0.01938200183212757,-0.10682027041912079,-1.071654063471878,-0.35303995013237,1.2509546279907227,-2.114062184956941,1766201834.0860996
-0.01978800818324089,-0.10712781548500061,-1.0654386849912847,-0.35303995013237,1.2509546279907227,-2.114062184956941,1766201834.0861301
-0.01978800818324089,-0.10712781548500061,-1.0654386849912847,-0.3522511124610901,1.2516884803771973,-2.099835324556766,1766201834.0961199
-0.02013988234102726,-0.10744088143110275,-1.0601385263780458,-0.3522511124610901,1.2516884803771973,-2.099835324556766,1766201834.0961535
-0.02013988234102726,-0.10744088143110275,-1.0601385263780458,-0.3514527678489685,1.255791187286377,-2.1080342636362888,1766201834.1061234
-0.020548705011606216,-0.10779602825641632,-1.0535531983894613,-0.3514527678489685,1.255791187286377,-2.1080342636362888,1766201834.1061568
-0.020548705011606216,-0.10779602825641632,-1.0535531983894613,-0.35365259647369385,1.251785159111023,-2.083934312233009,1766201834.1161048
-0.020889420062303543,-0.10808583348989487,-1.048503714803273,-0.35365259647369385,1.251785159111023,-2.083934312233009,1766201834.1161382
-0.020889420062303543,-0.10808583348989487,-1.048503714803273,-0.3544324040412903,1.2518277168273926,-2.0749368150506164,1766201834.1161535
-0.021239828318357468,-0.10843406617641449,-1.0429259363440457,-0.3544324040412903,1.2518277168273926,-2.0749368150506164,1766201834.1161633
-0.021239828318357468,-0.10843406617641449,-1.0429259363440457,-0.35602977871894836,1.2536625862121582,-2.0705714314412096,1766201834.1261177
-0.021554354578256607,-0.10872027277946472,-1.0381389899947457,-0.35602977871894836,1.2536625862121582,-2.0705714314412096,1766201834.1261518
-0.02199365943670273,-0.10894715785980225,-1.032747640256589,-0.35602977871894836,1.2536625862121582,-2.0705714314412096,1766201834.136134
-0.02199365943670273,-0.10894715785980225,-1.032747640256589,-0.35800954699516296,1.2512091398239136,-2.055043243966202,1766201834.1360996
-0.02199365943670273,-0.10894715785980225,-1.032747640256589,-0.36063674092292786,1.2520778179168701,-2.0440260346938914,1766201834.1461227
-0.022317541763186455,-0.10925081372261047,-1.0274153264878374,-0.36063674092292786,1.2520778179168701,-2.0440260346938914,1766201834.1461575
-0.022524753585457802,-0.10962814092636108,-1.0226325763498791,-0.36063674092292786,1.2520778179168701,-2.0440260346938914,1766201834.1561418
-0.022524753585457802,-0.10962814092636108,-1.0226325763498791,-0.35771986842155457,1.2515615224838257,-2.045306191217566,1766201834.1561084
-0.022906918078660965,-0.10981420427560806,-1.0170237844581873,-0.35771986842155457,1.2515615224838257,-2.045306191217566,1766201834.156167
-0.022906918078660965,-0.10981420427560806,-1.0170237844581873,-0.35933154821395874,1.2509078979492188,-2.039727240146396,1766201834.1561577
-0.02327136881649494,-0.11011908203363419,-1.0105829339603591,-0.35933154821395874,1.2509078979492188,-2.039727240146396,1766201834.1761441
-0.02327136881649494,-0.11011908203363419,-1.0105829339603591,-0.35920751094818115,1.254097819328308,-2.04324928200953,1766201834.1761086
-0.023598751053214073,-0.11039841920137405,-1.0042246504921701,-0.35920751094818115,1.254097819328308,-2.04324928200953,1766201834.1761708
-0.023598751053214073,-0.11039841920137405,-1.0042246504921701,-0.36115700006484985,1.2501622438430786,-2.021912594571464,1766201834.1761615
-0.023598751053214073,-0.11039841920137405,-1.0042246504921701,-0.36212068796157837,1.2501122951507568,-2.0156695880647013,1766201834.1861138
-0.02392187900841236,-0.11068868637084961,-0.9977420637680958,-0.36212068796157837,1.2501122951507568,-2.0156695880647013,1766201834.186147
-0.02392187900841236,-0.11068868637084961,-0.9977420637680958,-0.36291325092315674,1.2494945526123047,-2.0062894914432534,1766201834.1961176
-0.024258924648165703,-0.11094104498624802,-0.9914847701586881,-0.36291325092315674,1.2494945526123047,-2.0062894914432534,1766201834.1961513
-0.024258924648165703,-0.11094104498624802,-0.9914847701586881,-0.3640229403972626,1.2483868598937988,-1.995568016977713,1766201834.2060943
-0.02483208477497101,-0.11154845356941223,-0.9783409625109397,-0.3640229403972626,1.2483868598937988,-1.995568016977713,1766201834.2061422
-0.02483208477497101,-0.11154845356941223,-0.9783409625109397,-0.365597128868103,1.2484053373336792,-1.9923404363845045,1766201834.2061312
-0.02483208477497101,-0.11154845356941223,-0.9783409625109397,-0.3665647804737091,1.247122049331665,-1.9808092228277272,1766201834.2160428
-0.02483208477497101,-0.11154845356941223,-0.9783409625109397,-0.36686205863952637,1.2467023134231567,-1.9725963212359017,1766201834.226047
-0.025427699089050293,-0.11208707094192505,-0.9660386663769979,-0.36686205863952637,1.2467023134231567,-1.9725963212359017,1766201834.2260582
-0.02566865086555481,-0.1123390942811966,-0.9604807008925721,-0.36686205863952637,1.2467023134231567,-1.9725963212359017,1766201834.2361403
-0.02566865086555481,-0.1123390942811966,-0.9604807008925721,-0.3679519593715668,1.245501160621643,-1.9625957290142366,1766201834.2361054
-0.02566865086555481,-0.1123390942811966,-0.9604807008925721,-0.3695988655090332,1.2453309297561646,-1.956872230341294,1766201834.246132
-0.02603914774954319,-0.11250908672809601,-0.9551255544799004,-0.3695988655090332,1.2453309297561646,-1.956872230341294,1766201834.2461648
-0.02603914774954319,-0.11250908672809601,-0.9551255544799004,-0.36981135606765747,1.2475361824035645,-1.9613572900649627,1766201834.2560942
-0.026217233389616013,-0.11276271194219589,-0.9478580676337737,-0.36981135606765747,1.2475361824035645,-1.9613572900649627,1766201834.2561283
-0.026217233389616013,-0.11276271194219589,-0.9478580676337737,-0.3710119128227234,1.246468186378479,-1.953097697958315,1766201834.2661676
-0.02650332823395729,-0.11301526427268982,-0.9424117465484625,-0.3710119128227234,1.246468186378479,-1.953097697958315,1766201834.2662008
-0.02650332823395729,-0.11301526427268982,-0.9424117465484625,-0.3723752498626709,1.2454475164413452,-1.9460676261366816,1766201834.2662158
-0.026794765144586563,-0.11325736343860626,-0.9362842272229802,-0.3723752498626709,1.2454475164413452,-1.9460676261366816,1766201834.266225
-0.02721554785966873,-0.11338657885789871,-0.9293823789741292,-0.3723752498626709,1.2454475164413452,-1.9460676261366816,1766201834.2760525
-0.02721554785966873,-0.11338657885789871,-0.9293823789741292,-0.37513241171836853,1.244540810585022,-1.9304414780004315,1766201834.2760434
-0.02721554785966873,-0.11338657885789871,-0.9293823789741292,-0.37667638063430786,1.2436115741729736,-1.9217252193641687,1766201834.286098
-0.02721554785966873,-0.11338657885789871,-0.9293823789741292,-0.3750648498535156,1.2424782514572144,-1.9204283527489945,1766201834.2961032
-0.02721554785966873,-0.11338657885789871,-0.9293823789741292,-0.3775955140590668,1.2377707958221436,-1.8982834694832642,1766201834.3061147
-0.02893120050430298,-0.11412720382213593,-0.901920770281477,-0.3775955140590668,1.2377707958221436,-1.8982834694832642,1766201834.3061478
-0.02893120050430298,-0.11412720382213593,-0.901920770281477,-0.37888097763061523,1.2371516227722168,-1.8916427538861227,1766201834.3061638
-0.027558159083127975,-0.11421219259500504,-0.9146560706108626,-0.37888097763061523,1.2371516227722168,-1.8916427538861227,1766201834.306173
-0.0278126560151577,-0.11445352435112,-0.9082012770459842,-0.37888097763061523,1.2371516227722168,-1.8916427538861227,1766201834.3160334
-0.0278126560151577,-0.11445352435112,-0.9082012770459842,-0.37886661291122437,1.2389090061187744,-1.8959812534199632,1766201834.3160238
-0.0278126560151577,-0.11445352435112,-0.9082012770459842,-0.381528377532959,1.2341890335083008,-1.8749758002746817,1766201834.3361177
-0.028074977919459343,-0.11466699838638306,-0.9019258615081392,-0.381528377532959,1.2341890335083008,-1.8749758002746817,1766201834.3361516
-0.028074977919459343,-0.11466699838638306,-0.9019258615081392,-0.3829273283481598,1.2344481945037842,-1.8704930123063839,1766201834.3361666
-0.02833840809762478,-0.11495234072208405,-0.8966163957827886,-0.3829273283481598,1.2344481945037842,-1.8704930123063839,1766201834.336176
-0.028567738831043243,-0.11516086757183075,-0.8910186355748001,-0.3829273283481598,1.2344481945037842,-1.8704930123063839,1766201834.3459618
-0.028567738831043243,-0.11516086757183075,-0.8910186355748001,-0.3816857933998108,1.2357664108276367,-1.8734968081607193,1766201834.3459523
-0.028803903609514236,-0.1153731569647789,-0.8859789448074075,-0.3816857933998108,1.2357664108276367,-1.8734968081607193,1766201834.3561618
-0.028803903609514236,-0.1153731569647789,-0.8859789448074075,-0.38596415519714355,1.2336859703063965,-1.8560681620225399,1766201834.3561277
-0.028965037316083908,-0.11558634787797928,-0.8816382359881884,-0.38596415519714355,1.2336859703063965,-1.8560681620225399,1766201834.3562233
-0.028965037316083908,-0.11558634787797928,-0.8816382359881884,-0.38491812348365784,1.2326619625091553,-1.857249399245911,1766201834.3562112
-0.028965037316083908,-0.11558634787797928,-0.8816382359881884,-0.3856181502342224,1.2309032678604126,-1.8499119525485406,1766201834.366047
-0.029161056503653526,-0.115809865295887,-0.876599110476159,-0.3856181502342224,1.2309032678604126,-1.8499119525485406,1766201834.3660555
-0.029161056503653526,-0.115809865295887,-0.876599110476159,-0.3879995346069336,1.226886510848999,-1.830361347024302,1766201834.3761072
-0.029327163472771645,-0.11600400507450104,-0.8721118025909386,-0.3879995346069336,1.226886510848999,-1.830361347024302,1766201834.3761444
-0.029460186138749123,-0.11621683090925217,-0.8678786262922927,-0.3879995346069336,1.226886510848999,-1.830361347024302,1766201834.3861408
-0.029460186138749123,-0.11621683090925217,-0.8678786262922927,-0.38844138383865356,1.2276042699813843,-1.8326199510964867,1766201834.3861072
-0.029592137783765793,-0.11639919131994247,-0.8637341710663029,-0.38844138383865356,1.2276042699813843,-1.8326199510964867,1766201834.3961558
-0.029592137783765793,-0.11639919131994247,-0.8637341710663029,-0.3889186680316925,1.2266374826431274,-1.8272579996635279,1766201834.3961213
-0.029592137783765793,-0.11639919131994247,-0.8637341710663029,-0.389741450548172,1.2255325317382812,-1.8205788079970064,1766201834.4061234
-0.029696740210056305,-0.11656926572322845,-0.8597587827635981,-0.389741450548172,1.2255325317382812,-1.8205788079970064,1766201834.4061577
-0.029696740210056305,-0.11656926572322845,-0.8597587827635981,-0.39052391052246094,1.2239614725112915,-1.814422491011663,1766201834.4160962
-0.029786337167024612,-0.11675087362527847,-0.8568329928271837,-0.39052391052246094,1.2239614725112915,-1.814422491011663,1766201834.416132
-0.029786337167024612,-0.11675087362527847,-0.8568329928271837,-0.39163172245025635,1.222617745399475,-1.8070268554143372,1766201834.4162052
-0.029882235452532768,-0.11690919101238251,-0.8531625037506967,-0.39163172245025635,1.222617745399475,-1.8070268554143372,1766201834.4162247
-0.029979143291711807,-0.11705119907855988,-0.8497392861217606,-0.39163172245025635,1.222617745399475,-1.8070268554143372,1766201834.4361465
-0.029979143291711807,-0.11705119907855988,-0.8497392861217606,-0.3924829363822937,1.2208764553070068,-1.8003554792994534,1766201834.4361122
-0.030015094205737114,-0.11720161139965057,-0.8470058797871954,-0.3924829363822937,1.2208764553070068,-1.8003554792994534,1766201834.4361715
-0.030015094205737114,-0.11720161139965057,-0.8470058797871954,-0.3932405412197113,1.21933913230896,-1.7941457468702176,1766201834.4361622
-0.030015094205737114,-0.11720161139965057,-0.8470058797871954,-0.3965388238430023,1.2184159755706787,-1.7781261570329268,1766201834.44613
-0.03004913404583931,-0.1173260360956192,-0.8447784552957399,-0.3965388238430023,1.2184159755706787,-1.7781261570329268,1766201834.4461641
-0.03004913404583931,-0.1173260360956192,-0.8447784552957399,-0.3986605703830719,1.2167248725891113,-1.7687590545002816,1766201834.4561045
-0.03009192645549774,-0.11744343489408493,-0.8417396127218809,-0.3986605703830719,1.2167248725891113,-1.7687590545002816,1766201834.4561384
-0.03009192645549774,-0.11744343489408493,-0.8417396127218809,-0.3994637727737427,1.2151585817337036,-1.7639718974361618,1766201834.4561539
-0.03009192645549774,-0.11744343489408493,-0.8417396127218809,-0.4000251591205597,1.212920904159546,-1.7574288749037652,1766201834.4661095
-0.030046755447983742,-0.1176282986998558,-0.8380028301605255,-0.4000251591205597,1.212920904159546,-1.7574288749037652,1766201834.4661448
-0.030046755447983742,-0.1176282986998558,-0.8380028301605255,-0.39804917573928833,1.210819959640503,-1.7611449520751963,1766201834.4761195
-0.02992066740989685,-0.11784370243549347,-0.8346733909220813,-0.39804917573928833,1.210819959640503,-1.7611449520751963,1766201834.486138
-0.02992066740989685,-0.11784370243549347,-0.8346733909220813,-0.39892077445983887,1.2092275619506836,-1.754249937675026,1766201834.4861033
-0.02992066740989685,-0.11784370243549347,-0.8346733909220813,-0.39980146288871765,1.2074214220046997,-1.7477568637107506,1766201834.4961226
-0.02978488616645336,-0.1179157942533493,-0.8324785004386133,-0.39980146288871765,1.2074214220046997,-1.7477568637107506,1766201834.5061483
-0.02978488616645336,-0.1179157942533493,-0.8324785004386133,-0.4034324884414673,1.2060086727142334,-1.7329299234657167,1766201834.5061123
-0.02978488616645336,-0.1179157942533493,-0.8324785004386133,-0.4041585922241211,1.204103708267212,-1.7255245345173544,1766201834.5062027
-0.02978488616645336,-0.1179157942533493,-0.8324785004386133,-0.4043370485305786,1.2008129358291626,-1.7202460712273357,1766201834.516114
-0.029636478051543236,-0.11797630786895752,-0.8308258874267688,-0.4043370485305786,1.2008129358291626,-1.7202460712273357,1766201834.5161488
-0.029636478051543236,-0.11797630786895752,-0.8308258874267688,-0.40518859028816223,1.1993638277053833,-1.7142316605456334,1766201834.5261478
-0.029445022344589233,-0.11797010153532028,-0.8300871419560567,-0.40518859028816223,1.1993638277053833,-1.7142316605456334,1766201834.53613
-0.029445022344589233,-0.11797010153532028,-0.8300871419560567,-0.40604346990585327,1.1961133480072021,-1.7059433827669448,1766201834.536093
-0.029445022344589233,-0.11797010153532028,-0.8300871419560567,-0.4069863259792328,1.1939979791641235,-1.6994628555410811,1766201834.5461147
-0.029445022344589233,-0.11797010153532028,-0.8300871419560567,-0.4075893461704254,1.1922171115875244,-1.6934520597529434,1766201834.5561202
-0.029247000813484192,-0.11792394518852234,-0.8299375393307397,-0.4075893461704254,1.1922171115875244,-1.6934520597529434,1766201834.556155
-0.029247000813484192,-0.11792394518852234,-0.8299375393307397,-0.40877026319503784,1.1889199018478394,-1.6846570732536965,1766201834.5561705
-0.029247000813484192,-0.11792394518852234,-0.8299375393307397,-0.408231258392334,1.187628149986267,-1.6866993994808923,1766201834.5660987
-0.029011188074946404,-0.11784190684556961,-0.8297528580930632,-0.408231258392334,1.187628149986267,-1.6866993994808923,1766201834.5661333
-0.029011188074946404,-0.11784190684556961,-0.8297528580930632,-0.41027745604515076,1.1852099895477295,-1.675128570923663,1766201834.5760972
-0.02874986082315445,-0.11777647584676743,-0.8312545723260464,-0.41027745604515076,1.1852099895477295,-1.675128570923663,1766201834.5861502
-0.02874986082315445,-0.11777647584676743,-0.8312545723260464,-0.4106878638267517,1.1821643114089966,-1.6712062053122974,1766201834.5861156
-0.02874986082315445,-0.11777647584676743,-0.8312545723260464,-0.4107823669910431,1.1798579692840576,-1.6665290019814198,1766201834.5961127
-0.02874986082315445,-0.11777647584676743,-0.8312545723260464,-0.41263294219970703,1.1760221719741821,-1.6538286992089306,1766201834.6061177
-0.02833820879459381,-0.11779173463582993,-0.8343869597763395,-0.41263294219970703,1.1760221719741821,-1.6538286992089306,1766201834.6061525
-0.02833820879459381,-0.11779173463582993,-0.8343869597763395,-0.4133387804031372,1.173448920249939,-1.6471339155627922,1766201834.6061678
-0.02839040569961071,-0.11766310781240463,-0.8339820236940451,-0.4133387804031372,1.173448920249939,-1.6471339155627922,1766201834.6061773
-0.0282939113676548,-0.11762133985757828,-0.8346786553460118,-0.4133387804031372,1.173448920249939,-1.6471339155627922,1766201834.6160984
-0.0282939113676548,-0.11762133985757828,-0.8346786553460118,-0.41262567043304443,1.1709810495376587,-1.6467981348028586,1766201834.616088
-0.028180807828903198,-0.11757143586874008,-0.8349564434319326,-0.41262567043304443,1.1709810495376587,-1.6467981348028586,1766201834.6260538
-0.028180807828903198,-0.11757143586874008,-0.8349564434319326,-0.4126545786857605,1.168643832206726,-1.6417671245408674,1766201834.626009
-0.028180807828903198,-0.11757143586874008,-0.8349564434319326,-0.4133681058883667,1.165353536605835,-1.6343808150417236,1766201834.6361
-0.028042109683156013,-0.11750362813472748,-0.8355207552378212,-0.4133681058883667,1.165353536605835,-1.6343808150417236,1766201834.636135
-0.028042109683156013,-0.11750362813472748,-0.8355207552378212,-0.4143993854522705,1.161980390548706,-1.6287310529305987,1766201834.6461186
-0.027813605964183807,-0.11757192015647888,-0.8381342649783595,-0.4143993854522705,1.161980390548706,-1.6287310529305987,1766201834.6461535
-0.027813605964183807,-0.11757192015647888,-0.8381342649783595,-0.4146447777748108,1.159475564956665,-1.6228933746486334,1766201834.6561024
-0.027879800647497177,-0.1174643412232399,-0.8383818372063487,-0.4146447777748108,1.159475564956665,-1.6228933746486334,1766201834.656139
-0.027879800647497177,-0.1174643412232399,-0.8383818372063487,-0.41583824157714844,1.1559230089187622,-1.614945331641826,1766201834.6561558
-0.027789171785116196,-0.11741416156291962,-0.8390216729870644,-0.41583824157714844,1.1559230089187622,-1.614945331641826,1766201834.656165
-0.02746082842350006,-0.11744192987680435,-0.8415781833284051,-0.41583824157714844,1.1559230089187622,-1.614945331641826,1766201834.6661177
-0.02746082842350006,-0.11744192987680435,-0.8415781833284051,-0.4176488220691681,1.1522417068481445,-1.607060363204163,1766201834.6661084
-0.02746082842350006,-0.11744192987680435,-0.8415781833284051,-0.4184355139732361,1.1493256092071533,-1.5990300396018198,1766201834.6760418
-0.02752123959362507,-0.11729945987462997,-0.8413375578473449,-0.4184355139732361,1.1493256092071533,-1.5990300396018198,1766201834.6760538
-0.02752123959362507,-0.11729945987462997,-0.8413375578473449,-0.4192989468574524,1.1449075937271118,-1.5900752274002108,1766201834.6861136
-0.027185112237930298,-0.11735861003398895,-0.8437366595272267,-0.4192989468574524,1.1449075937271118,-1.5900752274002108,1766201834.68615
-0.027185112237930298,-0.11735861003398895,-0.8437366595272267,-0.41945385932922363,1.1389210224151611,-1.5760823142295508,1766201834.696112
-0.027104711160063744,-0.1173705905675888,-0.8459369337020857,-0.41945385932922363,1.1389210224151611,-1.5760823142295508,1766201834.696146
-0.02694561518728733,-0.11733777821063995,-0.8468927562082817,-0.41945385932922363,1.1389210224151611,-1.5760823142295508,1766201834.7061753
-0.02694561518728733,-0.11733777821063995,-0.8468927562082817,-0.42037519812583923,1.137963891029358,-1.578164015509922,1766201834.7061396
-0.026949044317007065,-0.11724254488945007,-0.8474127693744932,-0.42037519812583923,1.137963891029358,-1.578164015509922,1766201834.7062001
-0.026949044317007065,-0.11724254488945007,-0.8474127693744932,-0.4216292202472687,1.1346323490142822,-1.567234714338322,1766201834.706191
-0.026949044317007065,-0.11724254488945007,-0.8474127693744932,-0.42193418741226196,1.1309953927993774,-1.562477222539729,1766201834.7161167
-0.02666090428829193,-0.11735668033361435,-0.8510219925975626,-0.42193418741226196,1.1309953927993774,-1.562477222539729,1766201834.716153
-0.02646772563457489,-0.11734899133443832,-0.852839735010261,-0.42193418741226196,1.1309953927993774,-1.562477222539729,1766201834.7261534
-0.02646772563457489,-0.11734899133443832,-0.852839735010261,-0.4224320650100708,1.1271109580993652,-1.556428779736354,1766201834.726118
-0.02646772563457489,-0.11734899133443832,-0.852839735010261,-0.4228639304637909,1.1231826543807983,-1.5513559030894108,1766201834.7461026
-0.02627807855606079,-0.1173587217926979,-0.8544026602786203,-0.4228639304637909,1.1231826543807983,-1.5513559030894108,1766201834.7461376
-0.02627807855606079,-0.1173587217926979,-0.8544026602786203,-0.4248523712158203,1.1139010190963745,-1.550187255536439,1766201834.7461536
-0.02604479342699051,-0.11738486588001251,-0.8557004841461892,-0.4248523712158203,1.1139010190963745,-1.550187255536439,1766201834.7461627
-0.02604479342699051,-0.11738486588001251,-0.8557004841461892,-0.42494261264801025,1.1084119081497192,-1.5516047842441634,1766201834.7561023
-0.02579416148364544,-0.11735730618238449,-0.8567617058705587,-0.42494261264801025,1.1084119081497192,-1.5516047842441634,1766201834.7561388
-0.02579416148364544,-0.11735730618238449,-0.8567617058705587,-0.42510709166526794,1.1064521074295044,-1.5403913178322113,1766201834.756156
-0.02551109343767166,-0.11732601374387741,-0.8584010032199669,-0.42510709166526794,1.1064521074295044,-1.5403913178322113,1766201834.756165
-0.025428086519241333,-0.11722279340028763,-0.857876305392186,-0.42510709166526794,1.1064521074295044,-1.5403913178322113,1766201834.7661073
-0.025428086519241333,-0.11722279340028763,-0.857876305392186,-0.42375028133392334,1.1069166660308838,-1.5312981611168772,1766201834.7660737
-0.025121795013546944,-0.11715278029441833,-0.8592494458769699,-0.42375028133392334,1.1069166660308838,-1.5312981611168772,1766201834.7761075
-0.025121795013546944,-0.11715278029441833,-0.8592494458769699,-0.42127498984336853,1.1026835441589355,-1.5365835559105405,1766201834.7760718
-0.025121795013546944,-0.11715278029441833,-0.8592494458769699,-0.4240638017654419,1.098219871520996,-1.522369078909642,1766201834.7861097
-0.0247902050614357,-0.11718405783176422,-0.8601104186317059,-0.4240638017654419,1.098219871520996,-1.522369078909642,1766201834.7861447
-0.0247902050614357,-0.11718405783176422,-0.8601104186317059,-0.4283917248249054,1.091936469078064,-1.495688762659717,1766201834.7961314
-0.024483269080519676,-0.11704996973276138,-0.8616282805875521,-0.4283917248249054,1.091936469078064,-1.495688762659717,1766201834.796165
-0.023981548845767975,-0.11710045486688614,-0.8641721441759366,-0.4283917248249054,1.091936469078064,-1.495688762659717,1766201834.8060935
-0.023981548845767975,-0.11710045486688614,-0.8641721441759366,-0.42372769117355347,1.0885671377182007,-1.513991092347096,1766201834.8060582
-0.02364809438586235,-0.11701216548681259,-0.8658533892563348,-0.42372769117355347,1.0885671377182007,-1.513991092347096,1766201834.8160927
-0.02364809438586235,-0.11701216548681259,-0.8658533892563348,-0.4255581200122833,1.0790761709213257,-1.5203544192341745,1766201834.8160543
-0.023317310959100723,-0.11697086691856384,-0.8673050343220905,-0.4255581200122833,1.0790761709213257,-1.5203544192341745,1766201834.8161197
-0.023317310959100723,-0.11697086691856384,-0.8673050343220905,-0.4263154864311218,1.0726903676986694,-1.5187422249062943,1766201834.8161097
-0.023317310959100723,-0.11697086691856384,-0.8673050343220905,-0.42402735352516174,1.0748964548110962,-1.5009618013030435,1766201834.826069
-0.022940531373023987,-0.11689504981040955,-0.8685403195182574,-0.42402735352516174,1.0748964548110962,-1.5009618013030435,1766201834.8261015
-0.022940531373023987,-0.11689504981040955,-0.8685403195182574,-0.42368149757385254,1.0691522359848022,-1.498915744943712,1766201834.836109
-0.022538578137755394,-0.11690068989992142,-0.8694264996399379,-0.42368149757385254,1.0691522359848022,-1.498915744943712,1766201834.8361433
-0.022177893668413162,-0.11681211739778519,-0.8707960903436502,-0.42368149757385254,1.0691522359848022,-1.498915744943712,1766201834.8461335
-0.022177893668413162,-0.11681211739778519,-0.8707960903436502,-0.42772698402404785,1.0641509294509888,-1.4743149312465942,1766201834.8460991
-0.022177893668413162,-0.11681211739778519,-0.8707960903436502,-0.4239155054092407,1.0601204633712769,-1.4889958718348446,1766201834.856101
-0.02184697799384594,-0.11673906445503235,-0.8714077822605171,-0.4239155054092407,1.0601204633712769,-1.4889958718348446,1766201834.8561378
-0.02184697799384594,-0.11673906445503235,-0.8714077822605171,-0.4239739775657654,1.0555546283721924,-1.487269310332267,1766201834.8561544
-0.021512243896722794,-0.11663877218961716,-0.8723399676174377,-0.4239739775657654,1.0555546283721924,-1.487269310332267,1766201834.8561635
-0.021119173616170883,-0.11650511622428894,-0.8729737290413203,-0.4239739775657654,1.0555546283721924,-1.487269310332267,1766201834.8661447
-0.021119173616170883,-0.11650511622428894,-0.8729737290413203,-0.42213743925094604,1.0503108501434326,-1.4909020715681602,1766201834.8661108
-0.021119173616170883,-0.11650511622428894,-0.8729737290413203,-0.42251601815223694,1.0445753335952759,-1.4837442502491474,1766201834.876062
-0.02076074853539467,-0.11636155098676682,-0.874731138927865,-0.42251601815223694,1.0445753335952759,-1.4837442502491474,1766201834.8760974
-0.02076074853539467,-0.11636155098676682,-0.874731138927865,-0.42314642667770386,1.039656162261963,-1.4763079344741832,1766201834.886034
-0.02042163535952568,-0.1162126213312149,-0.8771803904373756,-0.42314642667770386,1.039656162261963,-1.4763079344741832,1766201834.8860452
-0.02042163535952568,-0.1162126213312149,-0.8771803904373756,-0.4216398596763611,1.034401297569275,-1.4779529852122641,1766201834.8961053
-0.020044703036546707,-0.1160912737250328,-0.8789841551465797,-0.4216398596763611,1.034401297569275,-1.4779529852122641,1766201834.8961403
-0.020044703036546707,-0.1160912737250328,-0.8789841551465797,-0.4199420213699341,1.0296403169631958,-1.4791972092859629,1766201834.9061122
-0.01971561647951603,-0.11597172915935516,-0.8812669166665168,-0.4199420213699341,1.0296403169631958,-1.4791972092859629,1766201834.9061482
-0.01971561647951603,-0.11597172915935516,-0.8812669166665168,-0.42027318477630615,1.023877501487732,-1.4726955285689345,1766201834.916126
-0.01933196559548378,-0.1157902404665947,-0.883911791037642,-0.42027318477630615,1.023877501487732,-1.4726955285689345,1766201834.9161603
-0.01933196559548378,-0.1157902404665947,-0.883911791037642,-0.4194343090057373,1.0186959505081177,-1.4737416642475354,1766201834.9161766
-0.018949735909700394,-0.1156199499964714,-0.8874230978610512,-0.4194343090057373,1.0186959505081177,-1.4737416642475354,1766201834.9161873
-0.018949735909700394,-0.1156199499964714,-0.8874230978610512,-0.42013680934906006,1.0127232074737549,-1.4662540981525736,1766201834.9261274
-0.018570009618997574,-0.11540833115577698,-0.8894150326877569,-0.42013680934906006,1.0127232074737549,-1.4662540981525736,1766201834.9261372
-0.018570009618997574,-0.11540833115577698,-0.8894150326877569,-0.42119714617729187,1.007232427597046,-1.458286349530278,1766201834.9360468
-0.0182199627161026,-0.11522960662841797,-0.8919824232198699,-0.42119714617729187,1.007232427597046,-1.458286349530278,1766201834.936057
-0.0182199627161026,-0.11522960662841797,-0.8919824232198699,-0.41917046904563904,1.0012391805648804,-1.4607799928183052,1766201834.9461038
-0.017899464815855026,-0.11501894146203995,-0.894090307316963,-0.41917046904563904,1.0012391805648804,-1.4607799928183052,1766201834.946138
-0.01756574586033821,-0.11484195291996002,-0.8967227433970134,-0.41917046904563904,1.0012391805648804,-1.4607799928183052,1766201834.9561558
-0.01756574586033821,-0.11484195291996002,-0.8967227433970134,-0.4195706248283386,0.9963756203651428,-1.4553457836780632,1766201834.9561193
-0.0172064621001482,-0.11461924761533737,-0.8997827400136864,-0.4195706248283386,0.9963756203651428,-1.4553457836780632,1766201834.9561818
-0.0172064621001482,-0.11461924761533737,-0.8997827400136864,-0.4181869924068451,0.9901881217956543,-1.4563835771228906,1766201834.9561722
-0.01686955615878105,-0.11441902816295624,-0.9022602284852749,-0.4181869924068451,0.9901881217956543,-1.4563835771228906,1766201834.9661088
-0.01686955615878105,-0.11441902816295624,-0.9022602284852749,-0.41793930530548096,0.9848349690437317,-1.4530011595644448,1766201834.9660742
-0.01686955615878105,-0.11441902816295624,-0.9022602284852749,-0.41655296087265015,0.9783493280410767,-1.451486489703907,1766201834.9761074
-0.016519660130143166,-0.11419578641653061,-0.905101772612175,-0.41655296087265015,0.9783493280410767,-1.451486489703907,1766201834.976143
-0.016519660130143166,-0.11419578641653061,-0.905101772612175,-0.42140698432922363,0.9712919592857361,-1.4230942863918645,1766201834.9861262
-0.016192641109228134,-0.1139623373746872,-0.9076562399286005,-0.42140698432922363,0.9712919592857361,-1.4230942863918645,1766201834.9861608
-0.015847098082304,-0.11376169323921204,-0.9101516612641725,-0.42140698432922363,0.9712919592857361,-1.4230942863918645,1766201834.9961534
-0.015847098082304,-0.11376169323921204,-0.9101516612641725,-0.41620922088623047,0.9666370153427124,-1.4461116275772732,1766201834.9961188
-0.015847098082304,-0.11376169323921204,-0.9101516612641725,-0.41447293758392334,0.9602648019790649,-1.4453937442734077,1766201835.006061
-0.015492971055209637,-0.11351808905601501,-0.9123427085542415,-0.41447293758392334,0.9602648019790649,-1.4453937442734077,1766201835.0060961
-0.015492971055209637,-0.11351808905601501,-0.9123427085542415,-0.414556622505188,0.9548386335372925,-1.4417653979439085,1766201835.0061126
-0.015212563797831535,-0.11330269277095795,-0.9147078402253859,-0.414556622505188,0.9548386335372925,-1.4417653979439085,1766201835.0061212
-0.014885716140270233,-0.11302711814641953,-0.9163570895587676,-0.414556622505188,0.9548386335372925,-1.4417653979439085,1766201835.0161526
-0.014885716140270233,-0.11302711814641953,-0.9163570895587676,-0.41851216554641724,0.9470350742340088,-1.4156557430600951,1766201835.0161178
-0.0146235516294837,-0.11281528323888779,-0.918574100357679,-0.41851216554641724,0.9470350742340088,-1.4156557430600951,1766201835.0260441
-0.0146235516294837,-0.11281528323888779,-0.918574100357679,-0.4118497967720032,0.9420345425605774,-1.4401309488150897,1766201835.0260344
-0.0146235516294837,-0.11281528323888779,-0.918574100357679,-0.411286860704422,0.9350839257240295,-1.4373206961045086,1766201835.0360892
-0.014357270672917366,-0.1125289797782898,-0.9196200916428616,-0.411286860704422,0.9350839257240295,-1.4373206961045086,1766201835.0361245
-0.014357270672917366,-0.1125289797782898,-0.9196200916428616,-0.408996045589447,0.9302269220352173,-1.4419029510115569,1766201835.0461423
-0.014115885831415653,-0.11225132644176483,-0.9202315844857474,-0.408996045589447,0.9302269220352173,-1.4419029510115569,1766201835.0461762
-0.014115885831415653,-0.11225132644176483,-0.9202315844857474,-0.4092126488685608,0.9229796528816223,-1.4360399890609412,1766201835.0561004
-0.01387868169695139,-0.11198973655700684,-0.9209080636147515,-0.4092126488685608,0.9229796528816223,-1.4360399890609412,1766201835.0561368
-0.01387868169695139,-0.11198973655700684,-0.9209080636147515,-0.4069095253944397,0.9177770614624023,-1.4407982073537013,1766201835.066061
-0.013635964132845402,-0.11175820231437683,-0.9219517175903761,-0.4069095253944397,0.9177770614624023,-1.4407982073537013,1766201835.0660956
-0.013635964132845402,-0.11175820231437683,-0.9219517175903761,-0.40550124645233154,0.9118237495422363,-1.4394008822224975,1766201835.0661113
-0.013417967595160007,-0.11152644455432892,-0.9226525013332042,-0.40550124645233154,0.9118237495422363,-1.4394008822224975,1766201835.0661204
-0.013158697634935379,-0.11130695044994354,-0.9225286111962764,-0.40550124645233154,0.9118237495422363,-1.4394008822224975,1766201835.0761156
-0.013158697634935379,-0.11130695044994354,-0.9225286111962764,-0.4055691957473755,0.9041424989700317,-1.4362051320555258,1766201835.076079
-0.012846903875470161,-0.11105675995349884,-0.9241177665576713,-0.4055691957473755,0.9041424989700317,-1.4362051320555258,1766201835.0861647
-0.012846903875470161,-0.11105675995349884,-0.9241177665576713,-0.40405189990997314,0.897811770439148,-1.4358392872163515,1766201835.0861297
-0.01255284808576107,-0.11075828969478607,-0.9247819257791565,-0.40405189990997314,0.897811770439148,-1.4358392872163515,1766201835.096096
-0.01255284808576107,-0.11075828969478607,-0.9247819257791565,-0.4065188467502594,0.8886450529098511,-1.4156308260677712,1766201835.0960617
-0.01255284808576107,-0.11075828969478607,-0.9247819257791565,-0.4042537808418274,0.8827680349349976,-1.423461315066121,1766201835.1061358
-0.012268799357116222,-0.11042242497205734,-0.9246426862500038,-0.4042537808418274,0.8827680349349976,-1.423461315066121,1766201835.106171
-0.012268799357116222,-0.11042242497205734,-0.9246426862500038,-0.40080440044403076,0.8781285285949707,-1.4321617251951602,1766201835.1061869
-0.011996546760201454,-0.11010969430208206,-0.9258516247916049,-0.40080440044403076,0.8781285285949707,-1.4321617251951602,1766201835.1061964
-0.011996546760201454,-0.11010969430208206,-0.9258516247916049,-0.40360042452812195,0.8684130907058716,-1.411789163607354,1766201835.1160533
-0.011751333251595497,-0.1097864881157875,-0.925730183088341,-0.40360042452812195,0.8684130907058716,-1.411789163607354,1766201835.1160882
-0.011751333251595497,-0.1097864881157875,-0.925730183088341,-0.39807742834091187,0.8645155429840088,-1.4329918943173012,1766201835.126105
-0.011498332023620605,-0.10942592471837997,-0.9264128582640974,-0.39807742834091187,0.8645155429840088,-1.4329918943173012,1766201835.1261408
-0.011498332023620605,-0.10942592471837997,-0.9264128582640974,-0.39794331789016724,0.8562647104263306,-1.428813507359552,1766201835.1361282
-0.011007536202669144,-0.10870005190372467,-0.9295278549385924,-0.39794331789016724,0.8562647104263306,-1.428813507359552,1766201835.1461546
-0.011007536202669144,-0.10870005190372467,-0.9295278549385924,-0.4008120000362396,0.8479218482971191,-1.40777285608134,1766201835.146121
-0.011007536202669144,-0.10870005190372467,-0.9295278549385924,-0.39625999331474304,0.8423731327056885,-1.4233808409914435,1766201835.1560988
-0.011470290832221508,-0.10809546709060669,-0.919962156880006,-0.39625999331474304,0.8423731327056885,-1.4233808409914435,1766201835.156154
-0.011470290832221508,-0.10809546709060669,-0.919962156880006,-0.3964913785457611,0.834865391254425,-1.4177680481917272,1766201835.1561415
-0.011470290832221508,-0.10809546709060669,-0.919962156880006,-0.3965800404548645,0.8266235589981079,-1.4088726280294153,1766201835.1661074
-0.011289643123745918,-0.10772040486335754,-0.9234560850352557,-0.3965800404548645,0.8266235589981079,-1.4088726280294153,1766201835.1661413
-0.011289643123745918,-0.10772040486335754,-0.9234560850352557,-0.3958909809589386,0.8179095983505249,-1.415585639916257,1766201835.1760867
-0.010954068973660469,-0.10719389468431473,-0.9258353902358383,-0.3958909809589386,0.8179095983505249,-1.415585639916257,1766201835.176121
-0.010954068973660469,-0.10719389468431473,-0.9258353902358383,-0.392086923122406,0.8146877884864807,-1.4197461885719451,1766201835.1860542
-0.010760795325040817,-0.10676875710487366,-0.9273975202823102,-0.392086923122406,0.8146877884864807,-1.4197461885719451,1766201835.1860917
-0.010507737286388874,-0.10628530383110046,-0.9305623160738897,-0.392086923122406,0.8146877884864807,-1.4197461885719451,1766201835.1961102
-0.010507737286388874,-0.10628530383110046,-0.9305623160738897,-0.39166349172592163,0.8060669898986816,-1.4153445601416519,1766201835.1960752
-0.010507737286388874,-0.10628530383110046,-0.9305623160738897,-0.38878414034843445,0.7997792363166809,-1.4183089236602988,1766201835.2061236
-0.010237240232527256,-0.10588161647319794,-0.9323092255599008,-0.38878414034843445,0.7997792363166809,-1.4183089236602988,1766201835.2061574
-0.010237240232527256,-0.10588161647319794,-0.9323092255599008,-0.38890498876571655,0.7919523119926453,-1.414575765135719,1766201835.206174
-0.010016879066824913,-0.10541345179080963,-0.9344355474947726,-0.38890498876571655,0.7919523119926453,-1.414575765135719,1766201835.2061844
-0.010016879066824913,-0.10541345179080963,-0.9344355474947726,-0.3869638741016388,0.7850692868232727,-1.4164555177188947,1766201835.2159774
-0.009749630466103554,-0.10498270392417908,-0.9362231476186337,-0.3869638741016388,0.7850692868232727,-1.4164555177188947,1766201835.2159874
-0.009419407695531845,-0.10452602058649063,-0.9388363899470623,-0.3869638741016388,0.7850692868232727,-1.4164555177188947,1766201835.226149
-0.009419407695531845,-0.10452602058649063,-0.9388363899470623,-0.3855677843093872,0.7774105072021484,-1.416151279119048,1766201835.226113
-0.009419407695531845,-0.10452602058649063,-0.9388363899470623,-0.38587912917137146,0.7693977952003479,-1.4114068707939043,1766201835.2361028
-0.00906717125326395,-0.10406096279621124,-0.9409940855885174,-0.38587912917137146,0.7693977952003479,-1.4114068707939043,1766201835.2361383
-0.00906717125326395,-0.10406096279621124,-0.9409940855885174,-0.38591068983078003,0.7579200863838196,-1.4190448550724626,1766201835.246062
-0.008707761764526367,-0.10364601016044617,-0.942957577738033,-0.38591068983078003,0.7579200863838196,-1.4190448550724626,1766201835.2460976
-0.008707761764526367,-0.10364601016044617,-0.942957577738033,-0.38398393988609314,0.7495853304862976,-1.4250325248115507,1766201835.2561047
-0.008707761764526367,-0.10364601016044617,-0.942957577738033,-0.38247665762901306,0.7427005767822266,-1.4243022550618336,1766201835.2561433
-0.008707761764526367,-0.10364601016044617,-0.942957577738033,-0.3779132664203644,0.7405377626419067,-1.4207840013186428,1766201835.2661188
-0.008707761764526367,-0.10364601016044617,-0.942957577738033,-0.37348857522010803,0.7300201654434204,-1.39343071535111,1766201835.2761064
-0.006840228568762541,-0.10206498205661774,-0.9484416657938101,-0.37348857522010803,0.7300201654434204,-1.39343071535111,1766201835.2761405
-0.006840228568762541,-0.10206498205661774,-0.9484416657938101,-0.37819042801856995,0.7208372950553894,-1.4242008942836881,1766201835.2861211
-0.006840228568762541,-0.10206498205661774,-0.9484416657938101,-0.37880739569664,0.713062047958374,-1.4132110077916404,1766201835.2961025
-0.004825502168387175,-0.10114545375108719,-0.9669668076188136,-0.37880739569664,0.713062047958374,-1.4132110077916404,1766201835.2961366
-0.004825502168387175,-0.10114545375108719,-0.9669668076188136,-0.3760948181152344,0.7070257067680359,-1.416775750965525,1766201835.3061068
-0.004825502168387175,-0.10114545375108719,-0.9669668076188136,-0.3754792809486389,0.6974668502807617,-1.4172173371070813,1766201835.306146
-0.004825502168387175,-0.10114545375108719,-0.9669668076188136,-0.3749782145023346,0.6896650195121765,-1.413802501283369,1766201835.3161016
-0.004825502168387175,-0.10114545375108719,-0.9669668076188136,-0.3733474016189575,0.6829997301101685,-1.414156243102467,1766201835.3261347
-0.002921640407294035,-0.0996350347995758,-0.9744537775437602,-0.3733474016189575,0.6829997301101685,-1.414156243102467,1766201835.326169
-0.002921640407294035,-0.0996350347995758,-0.9744537775437602,-0.3717864751815796,0.6812288761138916,-1.396062253638582,1766201835.336106
-0.0023675572592765093,-0.0992569699883461,-0.9762475616369107,-0.3717864751815796,0.6812288761138916,-1.396062253638582,1766201835.3361404
-0.0023675572592765093,-0.0992569699883461,-0.9762475616369107,-0.36765944957733154,0.6755075454711914,-1.4082759708397075,1766201835.3460965
-0.0023675572592765093,-0.0992569699883461,-0.9762475616369107,-0.36520329117774963,0.6713727712631226,-1.4147230155570127,1766201835.356116
-0.0023675572592765093,-0.0992569699883461,-0.9762475616369107,-0.36301302909851074,0.6645499467849731,-1.4160796456938032,1766201835.356155
-0.0023675572592765093,-0.0992569699883461,-0.9762475616369107,-0.3615976572036743,0.6565788984298706,-1.4201591104762497,1766201835.3661058
0.00022019073367118835,-0.09794028103351593,-0.9876307049889509,-0.3615976572036743,0.6565788984298706,-1.4201591104762497,1766201835.366141
0.00022019073367118835,-0.09794028103351593,-0.9876307049889509,-0.36334437131881714,0.6472721099853516,-1.4229394144732437,1766201835.3760505
0.001427283976227045,-0.09729078412055969,-0.9927023779177111,-0.36334437131881714,0.6472721099853516,-1.4229394144732437,1766201835.3861437
0.001427283976227045,-0.09729078412055969,-0.9927023779177111,-0.36174148321151733,0.640523374080658,-1.4294797791871925,1766201835.3861094
0.001427283976227045,-0.09729078412055969,-0.9927023779177111,-0.3603070378303528,0.6340364217758179,-1.4314429642542157,1766201835.396099
0.0018825754523277283,-0.09684010595083237,-0.9946060289215186,-0.3603070378303528,0.6340364217758179,-1.4314429642542157,1766201835.3961334
0.0018825754523277283,-0.09684010595083237,-0.9946060289215186,-0.35958558320999146,0.6281090974807739,-1.4306624044391412,1766201835.406066
0.002639364916831255,-0.09653014689683914,-0.9987646547758584,-0.35958558320999146,0.6281090974807739,-1.4306624044391412,1766201835.4061005
0.002639364916831255,-0.09653014689683914,-0.9987646547758584,-0.35810819268226624,0.6223259568214417,-1.4326239310789846,1766201835.4160852
0.002639364916831255,-0.09653014689683914,-0.9987646547758584,-0.3596300780773163,0.6204871535301208,-1.4039584703329828,1766201835.4161358
0.0032009948045015335,-0.09617745131254196,-1.0028943946123265,-0.3596300780773163,0.6204871535301208,-1.4039584703329828,1766201835.4161196
0.0038300491869449615,-0.09581957757472992,-1.0065455191098283,-0.3596300780773163,0.6204871535301208,-1.4039584703329828,1766201835.4161446
0.0038300491869449615,-0.09581957757472992,-1.0065455191098283,-0.35606294870376587,0.6112367510795593,-1.4321910172161467,1766201835.4261265
0.004280349239706993,-0.09542229771614075,-1.0089590172533442,-0.35606294870376587,0.6112367510795593,-1.4321910172161467,1766201835.42616
0.004280349239706993,-0.09542229771614075,-1.0089590172533442,-0.35722512006759644,0.6017052531242371,-1.4302063902732527,1766201835.4361012
0.005016770213842392,-0.09510833024978638,-1.0126981719850825,-0.35722512006759644,0.6017052531242371,-1.4302063902732527,1766201835.4361365
0.005016770213842392,-0.09510833024978638,-1.0126981719850825,-0.3555785119533539,0.6028659343719482,-1.4138611283484754,1766201835.4461021
0.00562541326507926,-0.0946793332695961,-1.0160733434228235,-0.3555785119533539,0.6028659343719482,-1.4138611283484754,1766201835.446136
0.00562541326507926,-0.0946793332695961,-1.0160733434228235,-0.35280683636665344,0.5935460329055786,-1.4429782719148758,1766201835.4561124
0.00628254609182477,-0.09426683932542801,-1.0179615687269,-0.35280683636665344,0.5935460329055786,-1.4429782719148758,1766201835.4561462
0.00628254609182477,-0.09426683932542801,-1.0179615687269,-0.35200145840644836,0.5867263674736023,-1.44413928480049,1766201835.4561634
0.006967493798583746,-0.09382067620754242,-1.0206029339789184,-0.35200145840644836,0.5867263674736023,-1.44413928480049,1766201835.456173
0.007640881463885307,-0.09330657124519348,-1.0220152487234118,-0.35200145840644836,0.5867263674736023,-1.44413928480049,1766201835.466048
0.007640881463885307,-0.09330657124519348,-1.0220152487234118,-0.35307052731513977,0.5860443115234375,-1.4170509368504298,1766201835.4660382
0.007640881463885307,-0.09330657124519348,-1.0220152487234118,-0.3452340364456177,0.5821114182472229,-1.4494768381502865,1766201835.4760616
0.008260934613645077,-0.09274663031101227,-1.024995031673368,-0.3452340364456177,0.5821114182472229,-1.4494768381502865,1766201835.476072
0.008919940330088139,-0.09223782271146774,-1.0272338309506444,-0.3452340364456177,0.5821114182472229,-1.4494768381502865,1766201835.4861608
0.008919940330088139,-0.09223782271146774,-1.0272338309506444,-0.34740352630615234,0.5736755728721619,-1.4392707149975437,1766201835.4861271
0.008919940330088139,-0.09223782271146774,-1.0272338309506444,-0.3483503758907318,0.5659705400466919,-1.4593816433920745,1766201835.4961257
0.00954170897603035,-0.09170953184366226,-1.0286943052419426,-0.3483503758907318,0.5659705400466919,-1.4593816433920745,1766201835.4961562
0.010163340717554092,-0.0911778062582016,-1.0304349112990405,-0.3483503758907318,0.5659705400466919,-1.4593816433920745,1766201835.5061085
0.010163340717554092,-0.0911778062582016,-1.0304349112990405,-0.3462451696395874,0.5606316328048706,-1.4627210614125816,1766201835.5060735
0.010869661346077919,-0.09056293219327927,-1.0332336023788251,-0.3462451696395874,0.5606316328048706,-1.4627210614125816,1766201835.5062692
0.010869661346077919,-0.09056293219327927,-1.0332336023788251,-0.33897143602371216,0.5623292922973633,-1.460271321836155,1766201835.5062273
0.010869661346077919,-0.09056293219327927,-1.0332336023788251,-0.34284842014312744,0.5530965328216553,-1.4737208345159531,1766201835.516032
0.010796915739774704,-0.09010457247495651,-1.0224463021508448,-0.34284842014312744,0.5530965328216553,-1.4737208345159531,1766201835.5160406
0.011434562504291534,-0.08937109261751175,-1.0236115883111845,-0.34284842014312744,0.5530965328216553,-1.4737208345159531,1766201835.5260544
0.011434562504291534,-0.08937109261751175,-1.0236115883111845,-0.34211474657058716,0.5460546016693115,-1.4810146993567654,1766201835.5260448
0.011434562504291534,-0.08937109261751175,-1.0236115883111845,-0.3376685082912445,0.5455895066261292,-1.466621581613502,1766201835.536122
0.012199078686535358,-0.08881203830242157,-1.0236658993665957,-0.3376685082912445,0.5455895066261292,-1.466621581613502,1766201835.5361562
0.012199078686535358,-0.08881203830242157,-1.0236658993665957,-0.3388058841228485,0.540438175201416,-1.4758885214480562,1766201835.5461183
0.012828625738620758,-0.08812782913446426,-1.0238590094429356,-0.3388058841228485,0.540438175201416,-1.4758885214480562,1766201835.5461524
0.012828625738620758,-0.08812782913446426,-1.0238590094429356,-0.3390583097934723,0.5315685868263245,-1.4947245257469304,1766201835.5560951
0.013447841629385948,-0.0873788595199585,-1.0235066472880694,-0.3390583097934723,0.5315685868263245,-1.4947245257469304,1766201835.5561295
0.013447841629385948,-0.0873788595199585,-1.0235066472880694,-0.3336852490901947,0.5316983461380005,-1.485622840805303,1766201835.5659828
0.014043022878468037,-0.08652325719594955,-1.0264424890137178,-0.3336852490901947,0.5316983461380005,-1.485622840805303,1766201835.5660007
0.014043022878468037,-0.08652325719594955,-1.0264424890137178,-0.3364019989967346,0.5223969221115112,-1.510602534241005,1766201835.5660095
0.014583633281290531,-0.08566403388977051,-1.0275936539713093,-0.3364019989967346,0.5223969221115112,-1.510602534241005,1766201835.5660155
0.014583633281290531,-0.08566403388977051,-1.0275936539713093,-0.3354509770870209,0.5174209475517273,-1.5172483757283206,1766201835.5760171
0.015399781055748463,-0.08501683920621872,-1.0278989068977031,-0.3354509770870209,0.5174209475517273,-1.5172483757283206,1766201835.5760303
0.015399781055748463,-0.08501683920621872,-1.0278989068977031,-0.33077749609947205,0.5215063095092773,-1.5235914652056681,1766201835.5861166
0.016213933005928993,-0.08431072533130646,-1.027543511563998,-0.33077749609947205,0.5215063095092773,-1.5235914652056681,1766201835.5861547
0.016883498057723045,-0.08350791037082672,-1.0274584699277238,-0.33077749609947205,0.5215063095092773,-1.5235914652056681,1766201835.5961206
0.016883498057723045,-0.08350791037082672,-1.0274584699277238,-0.32843929529190063,0.5153764486312866,-1.529483993164309,1766201835.5960805
0.016883498057723045,-0.08350791037082672,-1.0274584699277238,-0.33180493116378784,0.5048570036888123,-1.539284095070012,1766201835.6060565
0.0174710750579834,-0.08258093893527985,-1.0274910875191983,-0.33180493116378784,0.5048570036888123,-1.539284095070012,1766201835.6060991
0.0174710750579834,-0.08258093893527985,-1.0274910875191983,-0.32599544525146484,0.5070861577987671,-1.5455290058622533,1766201835.6061187
0.018127918243408203,-0.08184599876403809,-1.0272498545938629,-0.32599544525146484,0.5070861577987671,-1.5455290058622533,1766201835.6061282
0.018127918243408203,-0.08184599876403809,-1.0272498545938629,-0.3300743103027344,0.4961840808391571,-1.5526591502461655,1766201835.6160054
0.018521277233958244,-0.08081915974617004,-1.0287871365123262,-0.3300743103027344,0.4961840808391571,-1.5526591502461655,1766201835.6160426
0.01917591132223606,-0.08001651614904404,-1.0282083946665639,-0.3300743103027344,0.4961840808391571,-1.5526591502461655,1766201835.6260781
0.01917591132223606,-0.08001651614904404,-1.0282083946665639,-0.3240698277950287,0.49202391505241394,-1.589813307283172,1766201835.6260598
0.01917591132223606,-0.08001651614904404,-1.0282083946665639,-0.3279200792312622,0.4879714846611023,-1.571659109943757,1766201835.636096
0.019983703270554543,-0.07947736978530884,-1.0256612838399342,-0.3279200792312622,0.4879714846611023,-1.571659109943757,1766201835.6361294
0.020572196692228317,-0.0787191241979599,-1.0238208012489802,-0.3279200792312622,0.4879714846611023,-1.571659109943757,1766201835.6461453
0.020572196692228317,-0.0787191241979599,-1.0238208012489802,-0.3256809711456299,0.48634856939315796,-1.5832369753483682,1766201835.6461089
0.020572196692228317,-0.0787191241979599,-1.0238208012489802,-0.32571470737457275,0.47950321435928345,-1.5934038683061116,1766201835.6561096
0.021175120025873184,-0.07798363268375397,-1.0238554775744821,-0.32571470737457275,0.47950321435928345,-1.5934038683061116,1766201835.6561456
0.021175120025873184,-0.07798363268375397,-1.0238554775744821,-0.325080543756485,0.47615259885787964,-1.5978688601158364,1766201835.6661062
0.021818263456225395,-0.07721348106861115,-1.0225905074637698,-0.325080543756485,0.47615259885787964,-1.5978688601158364,1766201835.6661398
0.021818263456225395,-0.07721348106861115,-1.0225905074637698,-0.31906837224960327,0.4787404537200928,-1.607714506945709,1766201835.6661556
0.022515272721648216,-0.07640714198350906,-1.022240796423712,-0.31906837224960327,0.4787404537200928,-1.607714506945709,1766201835.6661649
0.023115107789635658,-0.07566996663808823,-1.0223442895473271,-0.31906837224960327,0.4787404537200928,-1.607714506945709,1766201835.676069
0.023115107789635658,-0.07566996663808823,-1.0223442895473271,-0.3174554109573364,0.47497332096099854,-1.6204455972830776,1766201835.6760592
0.023775165900588036,-0.07497969269752502,-1.0217346591387328,-0.3174554109573364,0.47497332096099854,-1.6204455972830776,1766201835.686127
0.023775165900588036,-0.07497969269752502,-1.0217346591387328,-0.3190903663635254,0.47052156925201416,-1.620554126060055,1766201835.686117
0.023775165900588036,-0.07497969269752502,-1.0217346591387328,-0.31823721528053284,0.46672365069389343,-1.6301484461272917,1766201835.6961188
0.024522311985492706,-0.07425812631845474,-1.0191445801155348,-0.31823721528053284,0.46672365069389343,-1.6301484461272917,1766201835.6961555
0.024522311985492706,-0.07425812631845474,-1.0191445801155348,-0.31904393434524536,0.4628027379512787,-1.6466826650387494,1766201835.7061083
0.02504381723701954,-0.07328429818153381,-1.020073547976643,-0.31904393434524536,0.4628027379512787,-1.6466826650387494,1766201835.7061427
0.02504381723701954,-0.07328429818153381,-1.020073547976643,-0.3153608441352844,0.45915594696998596,-1.647060706899215,1766201835.706161
0.025686360895633698,-0.07260768860578537,-1.0189470324023728,-0.3153608441352844,0.45915594696998596,-1.647060706899215,1766201835.706232
0.026379071176052094,-0.0719723328948021,-1.0192052015100646,-0.3153608441352844,0.45915594696998596,-1.647060706899215,1766201835.7160647
0.026379071176052094,-0.0719723328948021,-1.0192052015100646,-0.31479763984680176,0.45357900857925415,-1.6552279052446466,1766201835.7160559
0.027170279994606972,-0.07124966382980347,-1.0182891819263382,-0.31479763984680176,0.45357900857925415,-1.6552279052446466,1766201835.726057
0.027170279994606972,-0.07124966382980347,-1.0182891819263382,-0.3186711072921753,0.45100337266921997,-1.6596802565828963,1766201835.726046
0.028003601357340813,-0.07054279744625092,-1.0169144948654016,-0.3186711072921753,0.45100337266921997,-1.6596802565828963,1766201835.7361438
0.028003601357340813,-0.07054279744625092,-1.0169144948654016,-0.31252971291542053,0.44786882400512695,-1.6804007086729553,1766201835.7361102
0.028003601357340813,-0.07054279744625092,-1.0169144948654016,-0.31247133016586304,0.4455297589302063,-1.702244845919096,1766201835.7460952
0.030292749404907227,-0.07000311464071274,-1.0308684890884579,-0.31247133016586304,0.4455297589302063,-1.702244845919096,1766201835.7461367
0.031223468482494354,-0.06938034296035767,-1.0311503421508723,-0.31247133016586304,0.4455297589302063,-1.702244845919096,1766201835.7561545
0.031223468482494354,-0.06938034296035767,-1.0311503421508723,-0.31197404861450195,0.4412609040737152,-1.711504705872637,1766201835.756121
0.03207344561815262,-0.06888383626937866,-1.030482889783012,-0.31197404861450195,0.4412609040737152,-1.711504705872637,1766201835.7661443
0.03207344561815262,-0.06888383626937866,-1.030482889783012,-0.31161195039749146,0.43831270933151245,-1.7225459911390473,1766201835.7661119
0.03255503624677658,-0.06822563707828522,-1.0273578721361472,-0.31161195039749146,0.43831270933151245,-1.7225459911390473,1766201835.7661688
0.03255503624677658,-0.06822563707828522,-1.0273578721361472,-0.3093121647834778,0.4324527978897095,-1.726041112334708,1766201835.76616
0.03255503624677658,-0.06822563707828522,-1.0273578721361472,-0.3082015812397003,0.43113812804222107,-1.7399241439586266,1766201835.7760534
0.03344988822937012,-0.06778505444526672,-1.027373360310099,-0.3082015812397003,0.43113812804222107,-1.7399241439586266,1766201835.7760627
0.03484104946255684,-0.06744466722011566,-1.0278120828987145,-0.3082015812397003,0.43113812804222107,-1.7399241439586266,1766201835.7861447
0.03484104946255684,-0.06744466722011566,-1.0278120828987145,-0.3056086003780365,0.4323391914367676,-1.7672630111384473,1766201835.7861114
0.03582312539219856,-0.06707487255334854,-1.0285313405407628,-0.3056086003780365,0.4323391914367676,-1.7672630111384473,1766201835.7961516
0.03582312539219856,-0.06707487255334854,-1.0285313405407628,-0.3085422217845917,0.42414426803588867,-1.7651879698327329,1766201835.7961185
0.03582312539219856,-0.06707487255334854,-1.0285313405407628,-0.3074605166912079,0.42205867171287537,-1.7769634109945878,1766201835.8061256
0.036468129605054855,-0.0665305033326149,-1.0261200794982952,-0.3074605166912079,0.42205867171287537,-1.7769634109945878,1766201835.806159
0.036468129605054855,-0.0665305033326149,-1.0261200794982952,-0.30737489461898804,0.417068213224411,-1.7861844737591726,1766201835.8061762
0.037509337067604065,-0.0663522407412529,-1.0268418168675006,-0.30737489461898804,0.417068213224411,-1.7861844737591726,1766201835.8061852
0.037509337067604065,-0.0663522407412529,-1.0268418168675006,-0.3071730434894562,0.4145793318748474,-1.8112301576789314,1766201835.8160353
0.03833172470331192,-0.06590928882360458,-1.0261827829282018,-0.3071730434894562,0.4145793318748474,-1.8112301576789314,1766201835.816044
0.03833172470331192,-0.06590928882360458,-1.0261827829282018,-0.3081006407737732,0.41200974583625793,-1.8225661599426826,1766201835.8261204
0.03968725726008415,-0.06577466428279877,-1.0291374363302108,-0.3081006407737732,0.41200974583625793,-1.8225661599426826,1766201835.8261545
0.040793560445308685,-0.06550745666027069,-1.029235609589072,-0.3081006407737732,0.41200974583625793,-1.8225661599426826,1766201835.836134
0.040793560445308685,-0.06550745666027069,-1.029235609589072,-0.3055049777030945,0.4100029170513153,-1.831897157833284,1766201835.8360996
0.040793560445308685,-0.06550745666027069,-1.029235609589072,-0.30256158113479614,0.41104450821876526,-1.8603003158675355,1766201835.8460932
0.04183650016784668,-0.0653059333562851,-1.030086275840014,-0.30256158113479614,0.41104450821876526,-1.8603003158675355,1766201835.8461263
0.04276232793927193,-0.0651407465338707,-1.0310448632428908,-0.30256158113479614,0.41104450821876526,-1.8603003158675355,1766201835.8561366
0.04276232793927193,-0.0651407465338707,-1.0310448632428908,-0.30805686116218567,0.4018360674381256,-1.8606773252105306,1766201835.8561027
0.04276232793927193,-0.0651407465338707,-1.0310448632428908,-0.30666452646255493,0.39979785680770874,-1.8726296982798634,1766201835.8660989
0.043744999915361404,-0.06494928151369095,-1.0316818487520412,-0.30666452646255493,0.39979785680770874,-1.8726296982798634,1766201835.866132
0.043744999915361404,-0.06494928151369095,-1.0316818487520412,-0.30701690912246704,0.3974255919456482,-1.8844606164516375,1766201835.8661485
0.04437641799449921,-0.06462755054235458,-1.0306383592401844,-0.30701690912246704,0.3974255919456482,-1.8844606164516375,1766201835.8661578
0.04557289928197861,-0.06461603194475174,-1.0316906893879096,-0.30701690912246704,0.3974255919456482,-1.8844606164516375,1766201835.876125
0.04557289928197861,-0.06461603194475174,-1.0316906893879096,-0.3052544891834259,0.39415591955184937,-1.8987422661563857,1766201835.876091
0.04557289928197861,-0.06461603194475174,-1.0316906893879096,-0.30181533098220825,0.39303892850875854,-1.9120710032116508,1766201835.8861217
0.04665960371494293,-0.06460007280111313,-1.033168532324218,-0.30181533098220825,0.39303892850875854,-1.9120710032116508,1766201835.8861551
0.04665960371494293,-0.06460007280111313,-1.033168532324218,-0.3009152114391327,0.39118051528930664,-1.928598701630918,1766201835.8961298
0.04758692532777786,-0.06459062546491623,-1.0334212590987577,-0.3009152114391327,0.39118051528930664,-1.928598701630918,1766201835.8961644
0.04841449484229088,-0.06461776047945023,-1.033894507108708,-0.3009152114391327,0.39118051528930664,-1.928598701630918,1766201835.9061127
0.04841449484229088,-0.06461776047945023,-1.033894507108708,-0.3000456392765045,0.3885192275047302,-1.9449534282768703,1766201835.90608
0.04916829243302345,-0.06467478722333908,-1.0343509713626375,-0.3000456392765045,0.3885192275047302,-1.9449534282768703,1766201835.906139
0.04916829243302345,-0.06467478722333908,-1.0343509713626375,-0.30037498474121094,0.3856525719165802,-1.9552380782399705,1766201835.9061298
0.04916829243302345,-0.06467478722333908,-1.0343509713626375,-0.29717397689819336,0.38660237193107605,-1.9863638554274985,1766201835.9160593
0.04957707226276398,-0.0646483302116394,-1.033539740647328,-0.29717397689819336,0.38660237193107605,-1.9863638554274985,1766201835.916069
0.05037432536482811,-0.06478264182806015,-1.033432242414401,-0.29717397689819336,0.38660237193107605,-1.9863638554274985,1766201835.9261222
0.05037432536482811,-0.06478264182806015,-1.033432242414401,-0.30001792311668396,0.3823031783103943,-1.9921627069676369,1766201835.9260902
0.05104910582304001,-0.06503310054540634,-1.0350599271507774,-0.30001792311668396,0.3823031783103943,-1.9921627069676369,1766201835.9360893
0.05104910582304001,-0.06503310054540634,-1.0350599271507774,-0.2975684106349945,0.38057780265808105,-2.0144733611777106,1766201835.936057
0.051692984998226166,-0.06523717939853668,-1.0343108693461665,-0.2975684106349945,0.38057780265808105,-2.0144733611777106,1766201835.9461255
0.051692984998226166,-0.06523717939853668,-1.0343108693461665,-0.2959998846054077,0.3749709725379944,-2.0144059214123433,1766201835.9460926
0.052631594240665436,-0.06563429534435272,-1.0360308246182568,-0.2959998846054077,0.3749709725379944,-2.0144059214123433,1766201835.9561043
0.052631594240665436,-0.06563429534435272,-1.0360308246182568,-0.2958275079727173,0.3728409707546234,-2.029951610828259,1766201835.9560716
0.053197331726551056,-0.06592599302530289,-1.0357186898041466,-0.2958275079727173,0.3728409707546234,-2.029951610828259,1766201835.956131
0.053197331726551056,-0.06592599302530289,-1.0357186898041466,-0.29973381757736206,0.3717414140701294,-2.0530933818719603,1766201835.9561217
0.053197331726551056,-0.06592599302530289,-1.0357186898041466,-0.3007488548755646,0.3675512671470642,-2.0677231963025267,1766201835.9660206
0.052568815648555756,-0.0664234608411789,-1.020893132147591,-0.3007488548755646,0.3675512671470642,-2.0677231963025267,1766201835.9660332
0.052568815648555756,-0.0664234608411789,-1.020893132147591,-0.29690858721733093,0.3693462312221527,-2.089305471040176,1766201835.9760325
0.05307238921523094,-0.066730797290802,-1.0193335980638982,-0.29690858721733093,0.3693462312221527,-2.089305471040176,1766201835.9760435
0.05307238921523094,-0.066730797290802,-1.0193335980638982,-0.2986985445022583,0.3663960099220276,-2.092072971498356,1766201835.9861405
0.05348493531346321,-0.06704851984977722,-1.0193562197596426,-0.2986985445022583,0.3663960099220276,-2.092072971498356,1766201835.986174
0.05348493531346321,-0.06704851984977722,-1.0193562197596426,-0.29982930421829224,0.36550086736679077,-2.0898643636396472,1766201835.9961014
0.05391743779182434,-0.06737101078033447,-1.01894588000528,-0.29982930421829224,0.36550086736679077,-2.0898643636396472,1766201835.9961362
0.05439695715904236,-0.06771539151668549,-1.0179476013803797,-0.29982930421829224,0.36550086736679077,-2.0898643636396472,1766201836.0061204
0.05439695715904236,-0.06771539151668549,-1.0179476013803797,-0.29822033643722534,0.36119383573532104,-2.1215869555088522,1766201836.0060887
0.05439695715904236,-0.06771539151668549,-1.0179476013803797,-0.29744940996170044,0.35916489362716675,-2.137532312920574,1766201836.016106
0.054944973438978195,-0.0680069550871849,-1.0199178079488864,-0.29744940996170044,0.35916489362716675,-2.137532312920574,1766201836.0161405
0.054944973438978195,-0.0680069550871849,-1.0199178079488864,-0.29757940769195557,0.3589368462562561,-2.142072311796963,1766201836.0161562
0.055353157222270966,-0.0683232769370079,-1.0204368808867255,-0.29757940769195557,0.3589368462562561,-2.142072311796963,1766201836.0161653
0.05556544288992882,-0.0685637816786766,-1.02203579417272,-0.29757940769195557,0.3589368462562561,-2.142072311796963,1766201836.0260508
0.05556544288992882,-0.0685637816786766,-1.02203579417272,-0.29446402192115784,0.3592950105667114,-2.1759191074408224,1766201836.0260377
0.056059543043375015,-0.06903428584337234,-1.0215842643204915,-0.29446402192115784,0.3592950105667114,-2.1759191074408224,1766201836.0361178
0.056059543043375015,-0.06903428584337234,-1.0215842643204915,-0.29283154010772705,0.3570583760738373,-2.1780524770916783,1766201836.0360842
0.056059543043375015,-0.06903428584337234,-1.0215842643204915,-0.29681843519210815,0.3527996242046356,-2.18192819215605,1766201836.0461202
0.05638613551855087,-0.06942854076623917,-1.0210133983815464,-0.29681843519210815,0.3527996242046356,-2.18192819215605,1766201836.0461543
0.056695371866226196,-0.06976629793643951,-1.0203643456995457,-0.29681843519210815,0.3527996242046356,-2.18192819215605,1766201836.0561314
0.056695371866226196,-0.06976629793643951,-1.0203643456995457,-0.29664766788482666,0.3515162467956543,-2.1928541634950105,1766201836.0560968
0.056695371866226196,-0.06976629793643951,-1.0203643456995457,-0.2965983748435974,0.35142508149147034,-2.19532045107475,1766201836.0660944
0.057025231420993805,-0.07018182426691055,-1.0193830076967763,-0.2965983748435974,0.35142508149147034,-2.19532045107475,1766201836.0661275
0.057025231420993805,-0.07018182426691055,-1.0193830076967763,-0.29594945907592773,0.34946876764297485,-2.208153692545485,1766201836.076116
0.0573013536632061,-0.0704498216509819,-1.021315174677518,-0.29594945907592773,0.34946876764297485,-2.208153692545485,1766201836.0761502
0.0573013536632061,-0.0704498216509819,-1.021315174677518,-0.2956198751926422,0.34741732478141785,-2.218067880014112,1766201836.0761664
0.05776787921786308,-0.07089903205633163,-1.0222997687736317,-0.2956198751926422,0.34741732478141785,-2.218067880014112,1766201836.0761757
0.05776787921786308,-0.07089903205633163,-1.0222997687736317,-0.2951165735721588,0.3464556932449341,-2.2301287290178,1766201836.086071
0.05806870758533478,-0.0711754634976387,-1.0232876409023681,-0.2951165735721588,0.3464556932449341,-2.2301287290178,1766201836.0861042
0.05806870758533478,-0.0711754634976387,-1.0232876409023681,-0.2946968376636505,0.3451519012451172,-2.2468473388856065,1766201836.096087
0.058467816561460495,-0.07153062522411346,-1.0252417875215012,-0.2946968376636505,0.3451519012451172,-2.2468473388856065,1766201836.0961199
0.058467816561460495,-0.07153062522411346,-1.0252417875215012,-0.2906884551048279,0.34668055176734924,-2.2577105305837843,1766201836.106107
0.058740247040987015,-0.0718945562839508,-1.0257784516013653,-0.2906884551048279,0.34668055176734924,-2.2577105305837843,1766201836.1061413
0.058740247040987015,-0.0718945562839508,-1.0257784516013653,-0.29080134630203247,0.34525176882743835,-2.2655978929030955,1766201836.1161027
0.059050317853689194,-0.0723036602139473,-1.0259919022286965,-0.29080134630203247,0.34525176882743835,-2.2655978929030955,1766201836.1161373
0.059050317853689194,-0.0723036602139473,-1.0259919022286965,-0.2939877212047577,0.34407734870910645,-2.290841835523322,1766201836.1161528
0.059050317853689194,-0.0723036602139473,-1.0259919022286965,-0.29364755749702454,0.34220096468925476,-2.2912121139762816,1766201836.1261022
0.0596701055765152,-0.07315100729465485,-1.02560958651106,-0.29364755749702454,0.34220096468925476,-2.2912121139762816,1766201836.1261365
0.0596701055765152,-0.07315100729465485,-1.02560958651106,-0.2938758134841919,0.3401375412940979,-2.305490234185368,1766201836.136124
0.0599590539932251,-0.07362537831068039,-1.0288886423430186,-0.2938758134841919,0.3401375412940979,-2.305490234185368,1766201836.1461327
0.0599590539932251,-0.07362537831068039,-1.0288886423430186,-0.29125744104385376,0.3413454592227936,-2.30287100577232,1766201836.146099
0.060133032500743866,-0.07397020608186722,-1.0292148522957139,-0.29125744104385376,0.3413454592227936,-2.30287100577232,1766201836.1561377
0.060133032500743866,-0.07397020608186722,-1.0292148522957139,-0.2937830984592438,0.33921343088150024,-2.3119543928937536,1766201836.1561027
0.060410626232624054,-0.07428476959466934,-1.0307980257294895,-0.2937830984592438,0.33921343088150024,-2.3119543928937536,1766201836.1661503
0.060410626232624054,-0.07428476959466934,-1.0307980257294895,-0.29373836517333984,0.33818256855010986,-2.3180499941317745,1766201836.1661155
0.060410626232624054,-0.07428476959466934,-1.0307980257294895,-0.29295849800109863,0.33854973316192627,-2.3303521853535605,1766201836.1761274
0.06081831827759743,-0.07493912428617477,-1.0297995099999988,-0.29295849800109863,0.33854973316192627,-2.3303521853535605,1766201836.176163
0.06081831827759743,-0.07493912428617477,-1.0297995099999988,-0.2920689284801483,0.3362911641597748,-2.327026088014984,1766201836.176231
0.06076006218791008,-0.07498679310083389,-1.0328428642471374,-0.2920689284801483,0.3362911641597748,-2.327026088014984,1766201836.1762483
0.06095161661505699,-0.07529117166996002,-1.0343423627006534,-0.2920689284801483,0.3362911641597748,-2.327026088014984,1766201836.1861548
0.06095161661505699,-0.07529117166996002,-1.0343423627006534,-0.2918297350406647,0.3357448875904083,-2.3344309353048436,1766201836.1861203
0.06095161661505699,-0.07529117166996002,-1.0343423627006534,-0.2920666038990021,0.3347140848636627,-2.3402902731494857,1766201836.1960413
0.06127235293388367,-0.0759238451719284,-1.0347397947374,-0.2920666038990021,0.3347140848636627,-2.3402902731494857,1766201836.1960514
0.06139136850833893,-0.07627036422491074,-1.0356042491277504,-0.2920666038990021,0.3347140848636627,-2.3402902731494857,1766201836.2061567
0.06139136850833893,-0.07627036422491074,-1.0356042491277504,-0.2938026189804077,0.33338403701782227,-2.349019724366499,1766201836.206123
0.0626518502831459,-0.07635622471570969,-1.0528774916525188,-0.2938026189804077,0.33338403701782227,-2.349019724366499,1766201836.2061813
0.0626518502831459,-0.07635622471570969,-1.0528774916525188,-0.29389500617980957,0.3327854871749878,-2.3562557303628817,1766201836.206172
0.0626518502831459,-0.07635622471570969,-1.0528774916525188,-0.29625457525253296,0.3297024071216583,-2.358610990267638,1766201836.2161157
0.06267085671424866,-0.07665419578552246,-1.0536388695902115,-0.29625457525253296,0.3297024071216583,-2.358610990267638,1766201836.2161503
0.06268861889839172,-0.07694388926029205,-1.054670756573333,-0.29625457525253296,0.3297024071216583,-2.358610990267638,1766201836.2261572
0.06268861889839172,-0.07694388926029205,-1.054670756573333,-0.29632827639579773,0.328655868768692,-2.3526665875024895,1766201836.226122
0.06268952041864395,-0.07724752277135849,-1.0554429291062657,-0.29632827639579773,0.328655868768692,-2.3526665875024895,1766201836.2361467
0.06268952041864395,-0.07724752277135849,-1.0554429291062657,-0.2967577576637268,0.32760268449783325,-2.3586095716796867,1766201836.2361126
0.06270350515842438,-0.07754077017307281,-1.057214077775003,-0.2967577576637268,0.32760268449783325,-2.3586095716796867,1766201836.2461393
0.06270350515842438,-0.07754077017307281,-1.057214077775003,-0.29686030745506287,0.3268148899078369,-2.362932061670736,1766201836.2461052
0.06270350515842438,-0.07754077017307281,-1.057214077775003,-0.2968863546848297,0.3261987566947937,-2.370740256032178,1766201836.2561326
0.06266060471534729,-0.07781830430030823,-1.0576673362524913,-0.2968863546848297,0.3261987566947937,-2.370740256032178,1766201836.2561674
0.06266060471534729,-0.07781830430030823,-1.0576673362524913,-0.2945065498352051,0.32802069187164307,-2.3866550802167907,1766201836.2562358
0.06260454654693604,-0.07808171212673187,-1.0575599687850568,-0.2945065498352051,0.32802069187164307,-2.3866550802167907,1766201836.2562535
0.06256335228681564,-0.07833441346883774,-1.057743569763472,-0.2945065498352051,0.32802069187164307,-2.3866550802167907,1766201836.2661471
0.06256335228681564,-0.07833441346883774,-1.057743569763472,-0.2948760986328125,0.3279705345630646,-2.402012887052771,1766201836.2661126
0.06251274794340134,-0.07856297492980957,-1.0584933542229373,-0.2948760986328125,0.3279705345630646,-2.402012887052771,1766201836.2761283
0.06251274794340134,-0.07856297492980957,-1.0584933542229373,-0.29440274834632874,0.32553213834762573,-2.392789205560056,1766201836.2760932
0.06240304931998253,-0.07879987359046936,-1.0584271272963341,-0.29440274834632874,0.32553213834762573,-2.392789205560056,1766201836.2861454
0.06240304931998253,-0.07879987359046936,-1.0584271272963341,-0.2939869165420532,0.32541152834892273,-2.401924360826534,1766201836.2861123
0.06240304931998253,-0.07879987359046936,-1.0584271272963341,-0.29456180334091187,0.32427000999450684,-2.4060106491995166,1766201836.2961218
0.06233364716172218,-0.07901207357645035,-1.0591308334534582,-0.29456180334091187,0.32427000999450684,-2.4060106491995166,1766201836.2961557
0.06223444268107414,-0.07923377305269241,-1.0599326720028528,-0.29456180334091187,0.32427000999450684,-2.4060106491995166,1766201836.3061304
0.06223444268107414,-0.07923377305269241,-1.0599326720028528,-0.2944491505622864,0.3234805166721344,-2.4094445195234213,1766201836.3060966
0.06215561553835869,-0.0794304832816124,-1.060624348790269,-0.2944491505622864,0.3234805166721344,-2.4094445195234213,1766201836.3161514
0.06215561553835869,-0.0794304832816124,-1.060624348790269,-0.2952888607978821,0.322085440158844,-2.4156160469064463,1766201836.3161166
0.06199614331126213,-0.07964403927326202,-1.0613435602930774,-0.2952888607978821,0.322085440158844,-2.4156160469064463,1766201836.316239
0.06199614331126213,-0.07964403927326202,-1.0613435602930774,-0.2963709831237793,0.32228681445121765,-2.427954304529924,1766201836.3162208
0.06199614331126213,-0.07964403927326202,-1.0613435602930774,-0.29587072134017944,0.31979963183403015,-2.424186591000538,1766201836.3261561
0.06176895275712013,-0.07976710796356201,-1.0616841854239147,-0.29587072134017944,0.31979963183403015,-2.424186591000538,1766201836.3261657
0.06176895275712013,-0.07976710796356201,-1.0616841854239147,-0.29712748527526855,0.3189451992511749,-2.435544152168154,1766201836.3360946
0.06177404522895813,-0.08006905019283295,-1.0630672659060207,-0.29712748527526855,0.3189451992511749,-2.435544152168154,1766201836.33613
0.06177404522895813,-0.08006905019283295,-1.0630672659060207,-0.2972259819507599,0.3174975514411926,-2.435625769649604,1766201836.3461215
0.06159599497914314,-0.0802852138876915,-1.065245505912329,-0.2972259819507599,0.3174975514411926,-2.435625769649604,1766201836.3461561
0.06141669303178787,-0.08048287779092789,-1.0663539849090682,-0.2972259819507599,0.3174975514411926,-2.435625769649604,1766201836.3561125
0.06141669303178787,-0.08048287779092789,-1.0663539849090682,-0.2993910312652588,0.31601566076278687,-2.44714861630194,1766201836.3560762
0.06141669303178787,-0.08048287779092789,-1.0663539849090682,-0.3016495108604431,0.3128257989883423,-2.432371129214138,1766201836.3661091
0.059991881251335144,-0.08091814070940018,-1.050548273619045,-0.3016495108604431,0.3128257989883423,-2.432371129214138,1766201836.366143
0.059991881251335144,-0.08091814070940018,-1.050548273619045,-0.3035983145236969,0.31006109714508057,-2.444473322906348,1766201836.3661606
0.059991881251335144,-0.08091814070940018,-1.050548273619045,-0.30483511090278625,0.308451384305954,-2.458597296367345,1766201836.3761215
0.0596560463309288,-0.08132040500640869,-1.052814326353178,-0.30483511090278625,0.308451384305954,-2.458597296367345,1766201836.3761559
0.0596560463309288,-0.08132040500640869,-1.052814326353178,-0.3065454959869385,0.30593082308769226,-2.468741785098823,1766201836.386137
0.05946708470582962,-0.08156798779964447,-1.0532361883996055,-0.3065454959869385,0.30593082308769226,-2.468741785098823,1766201836.3861716
0.05946708470582962,-0.08156798779964447,-1.0532361883996055,-0.3016444146633148,0.30899378657341003,-2.46839612269153,1766201836.3961008
0.05927332490682602,-0.08179675787687302,-1.0532723031071372,-0.3016444146633148,0.30899378657341003,-2.46839612269153,1766201836.3961372
0.05927332490682602,-0.08179675787687302,-1.0532723031071372,-0.3032192587852478,0.3066110610961914,-2.474000131971799,1766201836.4061124
0.05907594785094261,-0.0819951668381691,-1.0544884138012498,-0.3032192587852478,0.3066110610961914,-2.474000131971799,1766201836.4061465
0.05907594785094261,-0.0819951668381691,-1.0544884138012498,-0.3042945861816406,0.30531978607177734,-2.4809140215018077,1766201836.4161148
0.05886618420481682,-0.08222165703773499,-1.0542296616973894,-0.3042945861816406,0.30531978607177734,-2.4809140215018077,1766201836.4161496
0.05886618420481682,-0.08222165703773499,-1.0542296616973894,-0.30575281381607056,0.3043212890625,-2.4871350206259053,1766201836.4161646
0.05864698812365532,-0.08240441977977753,-1.0552645687213078,-0.30575281381607056,0.3043212890625,-2.4871350206259053,1766201836.4161758
0.05864698812365532,-0.08240441977977753,-1.0552645687213078,-0.30632659792900085,0.30244046449661255,-2.4920014628543963,1766201836.4261086
0.05832521989941597,-0.08244924992322922,-1.0568313780123455,-0.30632659792900085,0.30244046449661255,-2.4920014628543963,1766201836.4261417
0.05832521989941597,-0.08244924992322922,-1.0568313780123455,-0.30765193700790405,0.30063003301620483,-2.4982963049277114,1766201836.4361227
0.05799467861652374,-0.08268578350543976,-1.0586064713918186,-0.30765193700790405,0.30063003301620483,-2.4982963049277114,1766201836.436157
0.05775561183691025,-0.08301709592342377,-1.0582519058952904,-0.30765193700790405,0.30063003301620483,-2.4982963049277114,1766201836.4461668
0.05775561183691025,-0.08301709592342377,-1.0582519058952904,-0.3078296184539795,0.2992858290672302,-2.4987705590166,1766201836.4461305
0.057448603212833405,-0.08317650854587555,-1.0581421773767912,-0.3078296184539795,0.2992858290672302,-2.4987705590166,1766201836.4560916
0.057448603212833405,-0.08317650854587555,-1.0581421773767912,-0.31253793835639954,0.296527624130249,-2.509554859392127,1766201836.456059
0.05712815001606941,-0.08331777900457382,-1.0581641005692746,-0.31253793835639954,0.296527624130249,-2.509554859392127,1766201836.4561167
0.05712815001606941,-0.08331777900457382,-1.0581641005692746,-0.31287965178489685,0.2921905219554901,-2.518041040188348,1766201836.4561079
0.05684094876050949,-0.08344960957765579,-1.0582220158551183,-0.31287965178489685,0.2921905219554901,-2.518041040188348,1766201836.4661345
0.05684094876050949,-0.08344960957765579,-1.0582220158551183,-0.31633174419403076,0.29106542468070984,-2.524489782100523,1766201836.466106
0.05684094876050949,-0.08344960957765579,-1.0582220158551183,-0.3175492286682129,0.2896459698677063,-2.5288751927565376,1766201836.4861155
0.056475646793842316,-0.08359270542860031,-1.0577833951006057,-0.3175492286682129,0.2896459698677063,-2.5288751927565376,1766201836.4861498
0.056475646793842316,-0.08359270542860031,-1.0577833951006057,-0.31712377071380615,0.2897217571735382,-2.5295065443250855,1766201836.4961286
0.05604882910847664,-0.08373427391052246,-1.0583643938157783,-0.31712377071380615,0.2897217571735382,-2.5295065443250855,1766201836.4961648
0.05604882910847664,-0.08373427391052246,-1.0583643938157783,-0.31887632608413696,0.2882883548736572,-2.5372816051347895,1766201836.496285
0.05559101700782776,-0.08386092633008957,-1.0580909935050544,-0.31887632608413696,0.2882883548736572,-2.5372816051347895,1766201836.4963467
0.055091485381126404,-0.08391981571912766,-1.0578832510286176,-0.31887632608413696,0.2882883548736572,-2.5372816051347895,1766201836.50607
0.055091485381126404,-0.08391981571912766,-1.0578832510286176,-0.3203409016132355,0.286825567483902,-2.5391758800888202,1766201836.5060077
0.05456908419728279,-0.08387067914009094,-1.058799210642877,-0.3203409016132355,0.286825567483902,-2.5391758800888202,1766201836.5061386
0.05456908419728279,-0.08387067914009094,-1.058799210642877,-0.32262593507766724,0.28511399030685425,-2.538163605679394,1766201836.5061338
0.053907498717308044,-0.08383584022521973,-1.060947790987044,-0.32262593507766724,0.28511399030685425,-2.538163605679394,1766201836.5161586
0.053907498717308044,-0.08383584022521973,-1.060947790987044,-0.3241879343986511,0.2814139127731323,-2.5562963097712967,1766201836.516122
0.05330687016248703,-0.08389298617839813,-1.0621123722903956,-0.3241879343986511,0.2814139127731323,-2.5562963097712967,1766201836.5261447
0.05330687016248703,-0.08389298617839813,-1.0621123722903956,-0.3258664906024933,0.2818044424057007,-2.5460943464748342,1766201836.5261102
0.053101252764463425,-0.0843537449836731,-1.0589146929929012,-0.3258664906024933,0.2818044424057007,-2.5460943464748342,1766201836.5361564
0.053101252764463425,-0.0843537449836731,-1.0589146929929012,-0.32737186551094055,0.2795153260231018,-2.551570159486138,1766201836.5361207
0.0525052547454834,-0.08446044474840164,-1.057447801549521,-0.32737186551094055,0.2795153260231018,-2.551570159486138,1766201836.5461564
0.0525052547454834,-0.08446044474840164,-1.057447801549521,-0.32931309938430786,0.2781928777694702,-2.554462961911674,1766201836.5461197
0.0525052547454834,-0.08446044474840164,-1.057447801549521,-0.332734614610672,0.27408698201179504,-2.544852145941848,1766201836.556058
0.05193350464105606,-0.08460362255573273,-1.0549052684381819,-0.332734614610672,0.27408698201179504,-2.544852145941848,1766201836.5560937
0.05193350464105606,-0.08460362255573273,-1.0549052684381819,-0.3375566303730011,0.2703392207622528,-2.5672561574403674,1766201836.5561094
0.051390618085861206,-0.084673210978508,-1.05452983543844,-0.3375566303730011,0.2703392207622528,-2.5672561574403674,1766201836.5561182
0.05083362013101578,-0.08476971834897995,-1.0533433977768107,-0.3375566303730011,0.2703392207622528,-2.5672561574403674,1766201836.5661662
0.05083362013101578,-0.08476971834897995,-1.0533433977768107,-0.3370426893234253,0.27222323417663574,-2.555550726456394,1766201836.5661302
0.050223447382450104,-0.0848609209060669,-1.0537522108933242,-0.3370426893234253,0.27222323417663574,-2.555550726456394,1766201836.576151
0.050223447382450104,-0.0848609209060669,-1.0537522108933242,-0.33821409940719604,0.27082914113998413,-2.566123142720168,1766201836.5761142
0.049587905406951904,-0.08492150157690048,-1.0536130709847211,-0.33821409940719604,0.27082914113998413,-2.566123142720168,1766201836.5861301
0.049587905406951904,-0.08492150157690048,-1.0536130709847211,-0.339764803647995,0.2693574130535126,-2.567346604758508,1766201836.586094
0.04864080250263214,-0.08467720448970795,-1.0579009903003584,-0.339764803647995,0.2693574130535126,-2.567346604758508,1766201836.5961514
0.04864080250263214,-0.08467720448970795,-1.0579009903003584,-0.34509754180908203,0.26569873094558716,-2.575513323715787,1766201836.596114
0.047975294291973114,-0.08484674990177155,-1.0581329191877218,-0.34509754180908203,0.26569873094558716,-2.575513323715787,1766201836.606099
0.047975294291973114,-0.08484674990177155,-1.0581329191877218,-0.34721842408180237,0.2634355127811432,-2.5757227593075753,1766201836.6060643
0.047346167266368866,-0.08492562919855118,-1.0569119701027254,-0.34721842408180237,0.2634355127811432,-2.5757227593075753,1766201836.6061244
0.047346167266368866,-0.08492562919855118,-1.0569119701027254,-0.35274049639701843,0.25810882449150085,-2.5800536385778345,1766201836.6061149
0.047346167266368866,-0.08492562919855118,-1.0569119701027254,-0.3559131920337677,0.2547874450683594,-2.58601969443803,1766201836.6160114
0.04689574986696243,-0.08534801006317139,-1.0533451346157112,-0.3559131920337677,0.2547874450683594,-2.58601969443803,1766201836.6160226
0.04689574986696243,-0.08534801006317139,-1.0533451346157112,-0.3538872301578522,0.2579357922077179,-2.5851807111386456,1766201836.6260982
0.0475061796605587,-0.08524841070175171,-1.0699783256947215,-0.3538872301578522,0.2579357922077179,-2.5851807111386456,1766201836.626128
0.046910360455513,-0.08538305759429932,-1.0698683748462239,-0.3538872301578522,0.2579357922077179,-2.5851807111386456,1766201836.6361446
0.046910360455513,-0.08538305759429932,-1.0698683748462239,-0.35819587111473083,0.2548559904098511,-2.583253167775472,1766201836.636109
0.046910360455513,-0.08538305759429932,-1.0698683748462239,-0.357073038816452,0.25338369607925415,-2.5747555409314717,1766201836.646108
0.0461510606110096,-0.0855415016412735,-1.0690561704152939,-0.357073038816452,0.25338369607925415,-2.5747555409314717,1766201836.6461444
0.0461510606110096,-0.0855415016412735,-1.0690561704152939,-0.36360275745391846,0.2491488754749298,-2.5884374204705316,1766201836.656128
0.045503199100494385,-0.08570647239685059,-1.0689503798836735,-0.36360275745391846,0.2491488754749298,-2.5884374204705316,1766201836.656165
0.045503199100494385,-0.08570647239685059,-1.0689503798836735,-0.36548155546188354,0.24993446469306946,-2.5882661491825423,1766201836.6561816
0.04475000500679016,-0.08588659018278122,-1.0680778085752425,-0.36548155546188354,0.24993446469306946,-2.5882661491825423,1766201836.6561909
0.04475000500679016,-0.08588659018278122,-1.0680778085752425,-0.3666831851005554,0.24791745841503143,-2.5833111411638847,1766201836.66608
0.04400279000401497,-0.08599542081356049,-1.0675673892459663,-0.3666831851005554,0.24791745841503143,-2.5833111411638847,1766201836.6660895
0.043264903128147125,-0.08617842197418213,-1.067051438256071,-0.3666831851005554,0.24791745841503143,-2.5833111411638847,1766201836.6760595
0.043264903128147125,-0.08617842197418213,-1.067051438256071,-0.3709460496902466,0.24518783390522003,-2.5987386709724816,1766201836.6760476
0.04252418130636215,-0.08638005703687668,-1.065362083755985,-0.3709460496902466,0.24518783390522003,-2.5987386709724816,1766201836.6861606
0.04252418130636215,-0.08638005703687668,-1.065362083755985,-0.37208467721939087,0.2439487874507904,-2.5841869415237997,1766201836.6861255
0.04252418130636215,-0.08638005703687668,-1.065362083755985,-0.37768346071243286,0.24068358540534973,-2.5957333246289043,1766201836.6961284
0.04150645434856415,-0.0864109918475151,-1.0621681769764928,-0.37768346071243286,0.24068358540534973,-2.5957333246289043,1766201836.6961644
0.04150645434856415,-0.0864109918475151,-1.0621681769764928,-0.38035449385643005,0.2387363463640213,-2.5939982273850344,1766201836.7061255
0.041218847036361694,-0.08675126731395721,-1.0655066163407327,-0.38035449385643005,0.2387363463640213,-2.5939982273850344,1766201836.7061596
0.041218847036361694,-0.08675126731395721,-1.0655066163407327,-0.38279885053634644,0.23897595703601837,-2.588362967488942,1766201836.7061746
0.04045983776450157,-0.08692383021116257,-1.064264246902086,-0.38279885053634644,0.23897595703601837,-2.588362967488942,1766201836.7061834
0.03979255631566048,-0.08709259331226349,-1.0632671067017916,-0.38279885053634644,0.23897595703601837,-2.588362967488942,1766201836.716155
0.03979255631566048,-0.08709259331226349,-1.0632671067017916,-0.38732048869132996,0.23458638787269592,-2.601930903138727,1766201836.7161179
0.03904656320810318,-0.08730866760015488,-1.0613049358631035,-0.38732048869132996,0.23458638787269592,-2.601930903138727,1766201836.72615
0.03904656320810318,-0.08730866760015488,-1.0613049358631035,-0.39594772458076477,0.22498509287834167,-2.6043090514141314,1766201836.7261164
0.0381106473505497,-0.08743451535701752,-1.0589152424298018,-0.39594772458076477,0.22498509287834167,-2.6043090514141314,1766201836.736153
0.0381106473505497,-0.08743451535701752,-1.0589152424298018,-0.39453139901161194,0.22670531272888184,-2.6167994181175076,1766201836.7361176
0.0374617874622345,-0.08771549165248871,-1.0597074818203966,-0.39453139901161194,0.22670531272888184,-2.6167994181175076,1766201836.746158
0.0374617874622345,-0.08771549165248871,-1.0597074818203966,-0.40052974224090576,0.22264397144317627,-2.6080994107483932,1766201836.7461216
0.0374617874622345,-0.08771549165248871,-1.0597074818203966,-0.4055355489253998,0.22085562348365784,-2.596051072959917,1766201836.7560673
0.03678122162818909,-0.08788882195949554,-1.0604141543472692,-0.4055355489253998,0.22085562348365784,-2.596051072959917,1766201836.7561033
0.03678122162818909,-0.08788882195949554,-1.0604141543472692,-0.41028356552124023,0.21508660912513733,-2.6094261281634004,1766201836.7561188
0.036218561232089996,-0.0880594253540039,-1.0609911712825784,-0.41028356552124023,0.21508660912513733,-2.6094261281634004,1766201836.756128
0.036218561232089996,-0.0880594253540039,-1.0609911712825784,-0.41050708293914795,0.21657676994800568,-2.6135197066569846,1766201836.7661238
0.035517528653144836,-0.0882878229022026,-1.0601002608927363,-0.41050708293914795,0.21657676994800568,-2.6135197066569846,1766201836.76616
0.035517528653144836,-0.0882878229022026,-1.0601002608927363,-0.4137151837348938,0.2152196615934372,-2.595855438394924,1766201836.7761252
0.03483095392584801,-0.08852723985910416,-1.0581569926798844,-0.4137151837348938,0.2152196615934372,-2.595855438394924,1766201836.7761593
0.03404156118631363,-0.08874213695526123,-1.05735892359597,-0.4137151837348938,0.2152196615934372,-2.595855438394924,1766201836.7861567
0.03404156118631363,-0.08874213695526123,-1.05735892359597,-0.42117202281951904,0.2112129032611847,-2.593761079800631,1766201836.7861216
0.033326711505651474,-0.08894773572683334,-1.0557734173707394,-0.42117202281951904,0.2112129032611847,-2.593761079800631,1766201836.7961462
0.033326711505651474,-0.08894773572683334,-1.0557734173707394,-0.42033636569976807,0.20980435609817505,-2.6049698259462657,1766201836.79611
0.033326711505651474,-0.08894773572683334,-1.0557734173707394,-0.4255107343196869,0.2078847587108612,-2.6137281168107203,1766201836.8061013
0.0326322503387928,-0.08918868005275726,-1.0564730978179555,-0.4255107343196869,0.2078847587108612,-2.6137281168107203,1766201836.8061357
0.0326322503387928,-0.08918868005275726,-1.0564730978179555,-0.4345261752605438,0.19817319512367249,-2.619677999114409,1766201836.816115
0.03193221613764763,-0.08936653286218643,-1.0571849767122996,-0.4345261752605438,0.19817319512367249,-2.619677999114409,1766201836.8161492
0.03193221613764763,-0.08936653286218643,-1.0571849767122996,-0.43787992000579834,0.19860486686229706,-2.6064539233326935,1766201836.8161647
0.0312911719083786,-0.08955568820238113,-1.0578426527873737,-0.43787992000579834,0.19860486686229706,-2.6064539233326935,1766201836.8161764
0.0312911719083786,-0.08955568820238113,-1.0578426527873737,-0.4425429403781891,0.19581015408039093,-2.6052048741199294,1766201836.826081
0.030708665028214455,-0.08976451307535172,-1.0579806764952646,-0.4425429403781891,0.19581015408039093,-2.6052048741199294,1766201836.8261278
0.029979556798934937,-0.08993872255086899,-1.0566177583029839,-0.4425429403781891,0.19581015408039093,-2.6052048741199294,1766201836.8361247
0.029979556798934937,-0.08993872255086899,-1.0566177583029839,-0.44234269857406616,0.19697807729244232,-2.614657999211554,1766201836.8360782
0.029979556798934937,-0.08993872255086899,-1.0566177583029839,-0.4462823271751404,0.1944057196378708,-2.616283184026191,1766201836.8461
0.029354192316532135,-0.09012316912412643,-1.0552732546568562,-0.4462823271751404,0.1944057196378708,-2.616283184026191,1766201836.846137
0.028659239411354065,-0.0902702659368515,-1.0539669311296362,-0.4462823271751404,0.1944057196378708,-2.616283184026191,1766201836.8561497
0.028659239411354065,-0.0902702659368515,-1.0539669311296362,-0.44829463958740234,0.19045451283454895,-2.603078735421514,1766201836.8561137
0.027988700196146965,-0.09047932922840118,-1.0537479285941709,-0.44829463958740234,0.19045451283454895,-2.603078735421514,1766201836.8661385
0.027988700196146965,-0.09047932922840118,-1.0537479285941709,-0.4533957242965698,0.1873122900724411,-2.604398082243864,1766201836.866105
0.02733074501156807,-0.0906495675444603,-1.0531173529294335,-0.4533957242965698,0.1873122900724411,-2.604398082243864,1766201836.8661652
0.02733074501156807,-0.0906495675444603,-1.0531173529294335,-0.4599989652633667,0.18531383574008942,-2.615657281096822,1766201836.8661542
0.02733074501156807,-0.0906495675444603,-1.0531173529294335,-0.4600229859352112,0.18315079808235168,-2.6445743982515295,1766201836.8760867
0.02638836018741131,-0.09065093100070953,-1.0527818484588185,-0.4600229859352112,0.18315079808235168,-2.6445743982515295,1766201836.8761213
0.02638836018741131,-0.09065093100070953,-1.0527818484588185,-0.4711282253265381,0.17453989386558533,-2.6133341756158135,1766201836.8961017
0.026065072044730186,-0.0909663587808609,-1.054450235611476,-0.4711282253265381,0.17453989386558533,-2.6133341756158135,1766201836.8961368
0.026065072044730186,-0.0909663587808609,-1.054450235611476,-0.47816744446754456,0.17210355401039124,-2.6063749113336234,1766201836.8961523
0.02544904127717018,-0.09111503511667252,-1.0541523007768987,-0.47816744446754456,0.17210355401039124,-2.6063749113336234,1766201836.8961623
0.023599406704306602,-0.0914667621254921,-1.0365837701453438,-0.47816744446754456,0.17210355401039124,-2.6063749113336234,1766201836.9060895
0.023599406704306602,-0.0914667621254921,-1.0365837701453438,-0.4829578995704651,0.16672490537166595,-2.617288015732829,1766201836.9060602
0.023599406704306602,-0.0914667621254921,-1.0365837701453438,-0.48819679021835327,0.1630936861038208,-2.6172787907646162,1766201836.916081
0.02242783084511757,-0.09170523285865784,-1.0366780840736052,-0.48819679021835327,0.1630936861038208,-2.6172787907646162,1766201836.9161334
0.02242783084511757,-0.09170523285865784,-1.0366780840736052,-0.4919520318508148,0.1622997373342514,-2.603607943167058,1766201836.9161224
0.02188068814575672,-0.09179117530584335,-1.0369305116526764,-0.4919520318508148,0.1622997373342514,-2.603607943167058,1766201836.9260538
0.02188068814575672,-0.09179117530584335,-1.0369305116526764,-0.4917299151420593,0.16353242099285126,-2.6031424457865384,1766201836.9260426
0.021340396255254745,-0.09193707257509232,-1.0379123711984097,-0.4917299151420593,0.16353242099285126,-2.6031424457865384,1766201836.9361663
0.021340396255254745,-0.09193707257509232,-1.0379123711984097,-0.5025700330734253,0.15448173880577087,-2.6103350785813015,1766201836.9361308
0.02078625001013279,-0.09206714481115341,-1.0383647958775772,-0.5025700330734253,0.15448173880577087,-2.6103350785813015,1766201836.9461594
0.02078625001013279,-0.09206714481115341,-1.0383647958775772,-0.5078399181365967,0.1509188860654831,-2.608254883439953,1766201836.9461248
0.01996590942144394,-0.09197261929512024,-1.0395355373108621,-0.5078399181365967,0.1509188860654831,-2.608254883439953,1766201836.9561222
0.01996590942144394,-0.09197261929512024,-1.0395355373108621,-0.5125918984413147,0.15072952210903168,-2.598744458584238,1766201836.9560876
0.019302021712064743,-0.09212532639503479,-1.038569159584292,-0.5125918984413147,0.15072952210903168,-2.598744458584238,1766201836.956197
0.019302021712064743,-0.09212532639503479,-1.038569159584292,-0.5128567218780518,0.15189599990844727,-2.602822089457954,1766201836.956181
0.018752584233880043,-0.09223838150501251,-1.0387184039661879,-0.5128567218780518,0.15189599990844727,-2.602822089457954,1766201836.9660769
0.018752584233880043,-0.09223838150501251,-1.0387184039661879,-0.5180471539497375,0.14763808250427246,-2.5978725056607135,1766201836.9660668
0.018444249406456947,-0.09262671321630478,-1.0373295643888714,-0.5180471539497375,0.14763808250427246,-2.5978725056607135,1766201836.9761295
0.018444249406456947,-0.09262671321630478,-1.0373295643888714,-0.5248513221740723,0.1443057656288147,-2.5966275825338347,1766201836.9760957
0.017812930047512054,-0.09263402968645096,-1.0392067721281262,-0.5248513221740723,0.1443057656288147,-2.5966275825338347,1766201836.9861097
0.017812930047512054,-0.09263402968645096,-1.0392067721281262,-0.5292573571205139,0.1417660415172577,-2.5950762598006567,1766201836.9860759
0.017334813252091408,-0.09288467466831207,-1.0378071365758346,-0.5292573571205139,0.1417660415172577,-2.5950762598006567,1766201836.996022
0.017334813252091408,-0.09288467466831207,-1.0378071365758346,-0.5341339707374573,0.13923898339271545,-2.593029511921504,1766201836.9960105
0.016815226525068283,-0.09303057193756104,-1.037478322162711,-0.5341339707374573,0.13923898339271545,-2.593029511921504,1766201837.006097
0.016815226525068283,-0.09303057193756104,-1.037478322162711,-0.5399383306503296,0.13477328419685364,-2.585678491655345,1766201837.006048
0.016295740380883217,-0.09319271147251129,-1.0377062564392892,-0.5399383306503296,0.13477328419685364,-2.585678491655345,1766201837.0061045
0.016295740380883217,-0.09319271147251129,-1.0377062564392892,-0.545122504234314,0.13238762319087982,-2.585482652945352,1766201837.0061018
0.016295740380883217,-0.09319271147251129,-1.0377062564392892,-0.5505224466323853,0.12922723591327667,-2.5826948958468163,1766201837.015992
0.015520245768129826,-0.09305240958929062,-1.0384530550395916,-0.5505224466323853,0.12922723591327667,-2.5826948958468163,1766201837.0160017
0.015520245768129826,-0.09305240958929062,-1.0384530550395916,-0.5559579133987427,0.12572133541107178,-2.5753986549371857,1766201837.0261095
0.015139538794755936,-0.09351694583892822,-1.0355953609546682,-0.5559579133987427,0.12572133541107178,-2.5753986549371857,1766201837.026145
0.015139538794755936,-0.09351694583892822,-1.0355953609546682,-0.5615556240081787,0.12261740863323212,-2.574417503348511,1766201837.0360873
0.014508292078971863,-0.09356426447629929,-1.0358650582221618,-0.5615556240081787,0.12261740863323212,-2.574417503348511,1766201837.0361214
0.013816392980515957,-0.09360974282026291,-1.0367555496713565,-0.5615556240081787,0.12261740863323212,-2.574417503348511,1766201837.0460637
0.013816392980515957,-0.09360974282026291,-1.0367555496713565,-0.567245602607727,0.11841493844985962,-2.5682477696509927,1766201837.0460298
0.013244358822703362,-0.09379897266626358,-1.037427291945279,-0.567245602607727,0.11841493844985962,-2.5682477696509927,1766201837.0561514
0.013244358822703362,-0.09379897266626358,-1.037427291945279,-0.5731843709945679,0.11461563408374786,-2.564019570167554,1766201837.0561159
0.012645009905099869,-0.09398889541625977,-1.0368090638650218,-0.5731843709945679,0.11461563408374786,-2.564019570167554,1766201837.0661962
0.012645009905099869,-0.09398889541625977,-1.0368090638650218,-0.5781140923500061,0.11182299256324768,-2.5612736233608726,1766201837.066163
0.012101054191589355,-0.09416679292917252,-1.0355876643409148,-0.5781140923500061,0.11182299256324768,-2.5612736233608726,1766201837.0662217
0.012101054191589355,-0.09416679292917252,-1.0355876643409148,-0.5841623544692993,0.10799983888864517,-2.5556365608648823,1766201837.0662124
0.011724447831511497,-0.09460543841123581,-1.0335640654931593,-0.5841623544692993,0.10799983888864517,-2.5556365608648823,1766201837.0761235
0.011724447831511497,-0.09460543841123581,-1.0335640654931593,-0.5896456241607666,0.10419895499944687,-2.549541165611578,1766201837.0760894
0.011133899912238121,-0.09480053931474686,-1.0320897801440978,-0.5896456241607666,0.10419895499944687,-2.549541165611578,1766201837.086131
0.011133899912238121,-0.09480053931474686,-1.0320897801440978,-0.5994381904602051,0.09630534797906876,-2.5232604182571445,1766201837.0860984
0.010555719956755638,-0.09501975029706955,-1.0307493303067594,-0.5994381904602051,0.09630534797906876,-2.5232604182571445,1766201837.0960627
0.010555719956755638,-0.09501975029706955,-1.0307493303067594,-0.6034828424453735,0.09335780888795853,-2.5296859758098265,1766201837.096053
0.010007746517658234,-0.09520434588193893,-1.0291905061046291,-0.6034828424453735,0.09335780888795853,-2.5296859758098265,1766201837.1060617
0.010007746517658234,-0.09520434588193893,-1.0291905061046291,-0.6057494878768921,0.09228584170341492,-2.5295566583538793,1766201837.1060505
0.009403040632605553,-0.09534559398889542,-1.0284810657450019,-0.6057494878768921,0.09228584170341492,-2.5295566583538793,1766201837.1060703
0.009403040632605553,-0.09534559398889542,-1.0284810657450019,-0.6116327047348022,0.09021410346031189,-2.525392001506635,1766201837.1060672
0.009403040632605553,-0.09534559398889542,-1.0284810657450019,-0.6210731267929077,0.08101572841405869,-2.5022934500567695,1766201837.1159902
0.008743921294808388,-0.0955616906285286,-1.027148221128105,-0.6210731267929077,0.08101572841405869,-2.5022934500567695,1766201837.1159997
0.008743921294808388,-0.0955616906285286,-1.027148221128105,-0.6230090260505676,0.0813942700624466,-2.511766084172088,1766201837.1261206
0.008071227930486202,-0.09566526859998703,-1.0269953447335596,-0.6230090260505676,0.0813942700624466,-2.511766084172088,1766201837.1261547
0.008071227930486202,-0.09566526859998703,-1.0269953447335596,-0.6292871832847595,0.07865392416715622,-2.5108165234868127,1766201837.1360922
0.007568293251097202,-0.09599187225103378,-1.0252611801992804,-0.6292871832847595,0.07865392416715622,-2.5108165234868127,1766201837.136125
0.006996645592153072,-0.09621943533420563,-1.0231925653317584,-0.6292871832847595,0.07865392416715622,-2.5108165234868127,1766201837.1461112
0.006996645592153072,-0.09621943533420563,-1.0231925653317584,-0.6354118585586548,0.07394030690193176,-2.5007578146660046,1766201837.1460776
0.006291835568845272,-0.09633699804544449,-1.0209170325673147,-0.6354118585586548,0.07394030690193176,-2.5007578146660046,1766201837.156073
0.006291835568845272,-0.09633699804544449,-1.0209170325673147,-0.6409472227096558,0.06863544881343842,-2.4920942022530843,1766201837.1560376
0.005658537615090609,-0.09659310430288315,-1.0173499567343927,-0.6409472227096558,0.06863544881343842,-2.4920942022530843,1766201837.1560998
0.005658537615090609,-0.09659310430288315,-1.0173499567343927,-0.6500526666641235,0.06301117688417435,-2.489798263897773,1766201837.1560905
0.005658537615090609,-0.09659310430288315,-1.0173499567343927,-0.6529684066772461,0.061776548624038696,-2.4790004912953596,1766201837.1661007
0.005086966790258884,-0.09682111442089081,-1.0129871206639398,-0.6529684066772461,0.061776548624038696,-2.4790004912953596,1766201837.1661355
0.005086966790258884,-0.09682111442089081,-1.0129871206639398,-0.6591780185699463,0.0579151026904583,-2.4735533244688948,1766201837.176053
0.004031947813928127,-0.09746824204921722,-1.0025099863464777,-0.6591780185699463,0.0579151026904583,-2.4735533244688948,1766201837.1860557
0.004031947813928127,-0.09746824204921722,-1.0025099863464777,-0.6651178598403931,0.054519638419151306,-2.466978906243083,1766201837.186044
0.004031947813928127,-0.09746824204921722,-1.0025099863464777,-0.6717158555984497,0.049700118601322174,-2.45699863763196,1766201837.196083
0.004031947813928127,-0.09746824204921722,-1.0025099863464777,-0.6779438853263855,0.04529114067554474,-2.447689983607921,1766201837.2060988
0.002917421283200383,-0.09800208359956741,-0.9918413627138264,-0.6779438853263855,0.04529114067554474,-2.447689983607921,1766201837.206133
0.002917421283200383,-0.09800208359956741,-0.9918413627138264,-0.6843880414962769,0.040290940552949905,-2.4378757544001264,1766201837.21601
0.002353522926568985,-0.09829138964414597,-0.9860756870332624,-0.6843880414962769,0.040290940552949905,-2.4378757544001264,1766201837.2160442
0.002353522926568985,-0.09829138964414597,-0.9860756870332624,-0.6899749040603638,0.036583349108695984,-2.431651106426735,1766201837.21606
0.002353522926568985,-0.09829138964414597,-0.9860756870332624,-0.6999509334564209,0.026692412793636322,-2.4021043760289316,1766201837.2260954
0.002222810871899128,-0.09853484481573105,-0.9867228016130022,-0.6999509334564209,0.026692412793636322,-2.4021043760289316,1766201837.226129
0.002222810871899128,-0.09853484481573105,-0.9867228016130022,-0.7039108872413635,0.0259331613779068,-2.4048663465807096,1766201837.2360568
0.001077636145055294,-0.09907060861587524,-0.9756183571206773,-0.7039108872413635,0.0259331613779068,-2.4048663465807096,1766201837.2461374
0.001077636145055294,-0.09907060861587524,-0.9756183571206773,-0.7087785005569458,0.021814975887537003,-2.4010513843418027,1766201837.2461035
0.001077636145055294,-0.09907060861587524,-0.9756183571206773,-0.7152464985847473,0.01626630872488022,-2.3882961958938003,1766201837.2560813
-9.178277105093002e-05,-0.09959807991981506,-0.9627712732514486,-0.7152464985847473,0.01626630872488022,-2.3882961958938003,1766201837.256134
-9.178277105093002e-05,-0.09959807991981506,-0.9627712732514486,-0.7239590883255005,0.009631335735321045,-2.3705484935745145,1766201837.2561226
-9.178277105093002e-05,-0.09959807991981506,-0.9627712732514486,-0.731161892414093,0.005862042307853699,-2.358322824311871,1766201837.2660756
-0.0011619599536061287,-0.10015672445297241,-0.9498097426596686,-0.731161892414093,0.005862042307853699,-2.358322824311871,1766201837.27615
-0.0011619599536061287,-0.10015672445297241,-0.9498097426596686,-0.7331491112709045,0.002672862261533737,-2.358096188913228,1766201837.2761152
-0.0011619599536061287,-0.10015672445297241,-0.9498097426596686,-0.7421339750289917,-0.006250564008951187,-2.340488488580601,1766201837.2861276
-0.0031630583107471466,-0.1011819839477539,-0.925512359674634,-0.7421339750289917,-0.006250564008951187,-2.340488488580601,1766201837.306185
-0.0031630583107471466,-0.1011819839477539,-0.925512359674634,-0.7479953765869141,-0.011472159996628761,-2.327397295943924,1766201837.3061197
-0.0031630583107471466,-0.1011819839477539,-0.925512359674634,-0.7614673972129822,-0.020750224590301514,-2.2908004606612566,1766201837.3061736
-0.0031630583107471466,-0.1011819839477539,-0.925512359674634,-0.7666446566581726,-0.02667236328125,-2.2772757874271274,1766201837.3160682
-0.003594093257561326,-0.10146082192659378,-0.9186895176615187,-0.7666446566581726,-0.02667236328125,-2.2772757874271274,1766201837.316105
-0.004190937150269747,-0.1016186773777008,-0.9124805646554515,-0.7666446566581726,-0.02667236328125,-2.2772757874271274,1766201837.326144
-0.004190937150269747,-0.1016186773777008,-0.9124805646554515,-0.7729495167732239,-0.031058430671691895,-2.2639836115154317,1766201837.3261087
-0.004404973238706589,-0.10196218639612198,-0.9081532394615685,-0.7729495167732239,-0.031058430671691895,-2.2639836115154317,1766201837.336143
-0.004404973238706589,-0.10196218639612198,-0.9081532394615685,-0.7788423299789429,-0.03555130213499069,-2.250589241209342,1766201837.3361073
-0.004794991575181484,-0.10222834348678589,-0.9026498370299187,-0.7788423299789429,-0.03555130213499069,-2.250589241209342,1766201837.3461378
-0.004794991575181484,-0.10222834348678589,-0.9026498370299187,-0.7847355008125305,-0.04145699739456177,-2.2353938069046717,1766201837.3461058
-0.005178892519325018,-0.10247750580310822,-0.8964605527593132,-0.7847355008125305,-0.04145699739456177,-2.2353938069046717,1766201837.3561544
-0.005178892519325018,-0.10247750580310822,-0.8964605527593132,-0.7895951271057129,-0.04543609917163849,-2.2242867717537487,1766201837.35612
-0.005616642534732819,-0.10273683816194534,-0.8903283844361417,-0.7895951271057129,-0.04543609917163849,-2.2242867717537487,1766201837.3661597
-0.005616642534732819,-0.10273683816194534,-0.8903283844361417,-0.7954633831977844,-0.05131129175424576,-2.209003451001598,1766201837.366123
-0.005616642534732819,-0.10273683816194534,-0.8903283844361417,-0.8005883097648621,-0.05710624158382416,-2.1941371610663567,1766201837.3661757
-0.005994951818138361,-0.1029982715845108,-0.8845811073118429,-0.8005883097648621,-0.05710624158382416,-2.1941371610663567,1766201837.3661847
-0.005994951818138361,-0.1029982715845108,-0.8845811073118429,-0.806623101234436,-0.0614253506064415,-2.1816589639326565,1766201837.3760834
-0.0063994769006967545,-0.10325383394956589,-0.878819883312144,-0.806623101234436,-0.0614253506064415,-2.1816589639326565,1766201837.376118
-0.0069107357412576675,-0.10341382026672363,-0.8716793946738755,-0.806623101234436,-0.0614253506064415,-2.1816589639326565,1766201837.3861334
-0.0069107357412576675,-0.10341382026672363,-0.8716793946738755,-0.812199592590332,-0.06634251028299332,-2.1661984671034564,1766201837.3860974
-0.0069107357412576675,-0.10341382026672363,-0.8716793946738755,-0.8178154230117798,-0.07135345041751862,-2.1515374897368864,1766201837.3961287
-0.0069107357412576675,-0.10341382026672363,-0.8716793946738755,-0.8227055072784424,-0.07664084434509277,-2.135062569688926,1766201837.4060886
-0.0069107357412576675,-0.10341382026672363,-0.8716793946738755,-0.8278841972351074,-0.08129729330539703,-2.11933688962686,1766201837.4061346
-0.007894027978181839,-0.1044769287109375,-0.8532529083261664,-0.8278841972351074,-0.08129729330539703,-2.11933688962686,1766201837.4161613
-0.007894027978181839,-0.1044769287109375,-0.8532529083261664,-0.8317488431930542,-0.08707424998283386,-2.1083420661700916,1766201837.416127
-0.007894027978181839,-0.1044769287109375,-0.8532529083261664,-0.8371999859809875,-0.09215278923511505,-2.0902129992983434,1766201837.426096
-0.008383280597627163,-0.10494022071361542,-0.8441711620283826,-0.8371999859809875,-0.09215278923511505,-2.0902129992983434,1766201837.436143
-0.008383280597627163,-0.10494022071361542,-0.8441711620283826,-0.8414044380187988,-0.09690757095813751,-2.0787921546078345,1766201837.4361086
-0.008383280597627163,-0.10494022071361542,-0.8441711620283826,-0.845481276512146,-0.1023385226726532,-2.0754248140635667,1766201837.4460974
-0.008383280597627163,-0.10494022071361542,-0.8441711620283826,-0.8508418202400208,-0.10769638419151306,-2.0468484578282897,1766201837.4560854
-0.008875695988535881,-0.10546325892210007,-0.8354577862045092,-0.8508418202400208,-0.10769638419151306,-2.0468484578282897,1766201837.4561224
-0.00930817425251007,-0.10587276518344879,-0.8271408620230829,-0.8508418202400208,-0.10769638419151306,-2.0468484578282897,1766201837.4661963
-0.00930817425251007,-0.10587276518344879,-0.8271408620230829,-0.8544905185699463,-0.11332163214683533,-2.035405900303955,1766201837.466132
-0.00930817425251007,-0.10587276518344879,-0.8271408620230829,-0.8599036931991577,-0.11822715401649475,-2.0147984116076647,1766201837.4661853
-0.00930817425251007,-0.10587276518344879,-0.8271408620230829,-0.863720715045929,-0.12339717894792557,-2.001966556688396,1766201837.4760852
-0.009720342233777046,-0.10629367083311081,-0.8199134645428209,-0.863720715045929,-0.12339717894792557,-2.001966556688396,1766201837.486127
-0.009720342233777046,-0.10629367083311081,-0.8199134645428209,-0.8677155375480652,-0.12837959825992584,-1.9868987704592131,1766201837.4860919
-0.009720342233777046,-0.10629367083311081,-0.8199134645428209,-0.8714724779129028,-0.13288651406764984,-1.9734984269923974,1766201837.4961293
-0.010020455345511436,-0.10669251531362534,-0.8142201702247761,-0.8714724779129028,-0.13288651406764984,-1.9734984269923974,1766201837.5061262
-0.010020455345511436,-0.10669251531362534,-0.8142201702247761,-0.8752812147140503,-0.13801713287830353,-1.9624700541611124,1766201837.5060916
-0.010102218016982079,-0.10687662661075592,-0.8116239689861402,-0.8752812147140503,-0.13801713287830353,-1.9624700541611124,1766201837.506151
-0.010102218016982079,-0.10687662661075592,-0.8116239689861402,-0.8795124292373657,-0.14357252418994904,-1.9464719238381263,1766201837.506142
-0.010102218016982079,-0.10687662661075592,-0.8116239689861402,-0.8831566572189331,-0.1497555375099182,-1.9267413398460422,1766201837.5160654
-0.010267918929457664,-0.10709065198898315,-0.8088547018795613,-0.8831566572189331,-0.1497555375099182,-1.9267413398460422,1766201837.5161004
-0.010398348793387413,-0.1072586327791214,-0.8069526281750904,-0.8831566572189331,-0.1497555375099182,-1.9267413398460422,1766201837.5261402
-0.010398348793387413,-0.1072586327791214,-0.8069526281750904,-0.8849409818649292,-0.1573110818862915,-1.9052099266064653,1766201837.5261047
-0.010494719259440899,-0.10744580626487732,-0.8049063600986426,-0.8849409818649292,-0.1573110818862915,-1.9052099266064653,1766201837.5361497
-0.010494719259440899,-0.10744580626487732,-0.8049063600986426,-0.890325665473938,-0.1604200303554535,-1.894971593186375,1766201837.536116
-0.010580481961369514,-0.10762336850166321,-0.8025231838390264,-0.890325665473938,-0.1604200303554535,-1.894971593186375,1766201837.546137
-0.010580481961369514,-0.10762336850166321,-0.8025231838390264,-0.8931194543838501,-0.1661786139011383,-1.8799274993409172,1766201837.5460913
-0.010580481961369514,-0.10762336850166321,-0.8025231838390264,-0.8969389796257019,-0.17166373133659363,-1.8667175889407472,1766201837.5561156
-0.010580481961369514,-0.10762336850166321,-0.8025231838390264,-0.9005970358848572,-0.17607101798057556,-1.8492581981645158,1766201837.5561736
-0.010724158957600594,-0.10783261805772781,-0.800361271360789,-0.9005970358848572,-0.17607101798057556,-1.8492581981645158,1766201837.556156
-0.010776927694678307,-0.10799561440944672,-0.7988528001737856,-0.9005970358848572,-0.17607101798057556,-1.8492581981645158,1766201837.556184
-0.010905933566391468,-0.10817813873291016,-0.7971749172536992,-0.9005970358848572,-0.17607101798057556,-1.8492581981645158,1766201837.56601
-0.010905933566391468,-0.10817813873291016,-0.7971749172536992,-0.9048885107040405,-0.18121039867401123,-1.8301710246278198,1766201837.5659878
-0.010905933566391468,-0.10817813873291016,-0.7971749172536992,-0.9082024097442627,-0.18762023746967316,-1.8122077967293935,1766201837.5760183
-0.011020941659808159,-0.10831546783447266,-0.7954933289564401,-0.9082024097442627,-0.18762023746967316,-1.8122077967293935,1766201837.5760558
-0.011020941659808159,-0.10831546783447266,-0.7954933289564401,-0.9114647507667542,-0.19249215722084045,-1.7939379471938786,1766201837.5859902
-0.011142720468342304,-0.10845725238323212,-0.7940677330699207,-0.9114647507667542,-0.19249215722084045,-1.7939379471938786,1766201837.586011
-0.011258697137236595,-0.10855839401483536,-0.7926751949076654,-0.9114647507667542,-0.19249215722084045,-1.7939379471938786,1766201837.596021
-0.011258697137236595,-0.10855839401483536,-0.7926751949076654,-0.9152403473854065,-0.19778910279273987,-1.7755387420476911,1766201837.5960026
-0.011258697137236595,-0.10855839401483536,-0.7926751949076654,-0.9181569814682007,-0.20403644442558289,-1.7546037258435851,1766201837.6061127
-0.011355821043252945,-0.10867061465978622,-0.7917494120360193,-0.9181569814682007,-0.20403644442558289,-1.7546037258435851,1766201837.6061459
-0.011355821043252945,-0.10867061465978622,-0.7917494120360193,-0.9210090637207031,-0.20979134738445282,-1.7367648368920252,1766201837.6061616
-0.011461611837148666,-0.10877729207277298,-0.7903483491819793,-0.9210090637207031,-0.20979134738445282,-1.7367648368920252,1766201837.6061704
-0.011582025326788425,-0.10887797921895981,-0.7895514807854412,-0.9210090637207031,-0.20979134738445282,-1.7367648368920252,1766201837.6161277
-0.011582025326788425,-0.10887797921895981,-0.7895514807854412,-0.9249435067176819,-0.21497827768325806,-1.7176106579019574,1766201837.616076
-0.011582025326788425,-0.10887797921895981,-0.7895514807854412,-0.9270821809768677,-0.22113728523254395,-1.7002056627933666,1766201837.626039
-0.011667984537780285,-0.1089625135064125,-0.7885695260700708,-0.9270821809768677,-0.22113728523254395,-1.7002056627933666,1766201837.6260767
-0.011667984537780285,-0.1089625135064125,-0.7885695260700708,-0.9300000071525574,-0.22645923495292664,-1.6799750522078143,1766201837.6660194
-0.01178443431854248,-0.10906337946653366,-0.7879142660511322,-0.9300000071525574,-0.22645923495292664,-1.6799750522078143,1766201837.6660342
-0.01178443431854248,-0.10906337946653366,-0.7879142660511322,-0.9331362247467041,-0.23158447444438934,-1.6606873975760439,1766201837.6660695
-0.01189916767179966,-0.10914075374603271,-0.7866068146265917,-0.9331362247467041,-0.23158447444438934,-1.6606873975760439,1766201837.666092
-0.01189916767179966,-0.10914075374603271,-0.7866068146265917,-0.9354339838027954,-0.2379433512687683,-1.6401471713860654,1766201837.676017
-0.012014110572636127,-0.10919900983572006,-0.7855685527421473,-0.9354339838027954,-0.2379433512687683,-1.6401471713860654,1766201837.6760268
-0.012014110572636127,-0.10919900983572006,-0.7855685527421473,-0.9429008960723877,-0.25526493787765503,-1.5830077574886288,1766201837.6760447
-0.01227671466767788,-0.10939933359622955,-0.7828594615868417,-0.9429008960723877,-0.25526493787765503,-1.5830077574886288,1766201837.676047
-0.01227671466767788,-0.10939933359622955,-0.7828594615868417,-0.94505375623703,-0.2604901194572449,-1.5622004989722704,1766201837.686067
-0.012387621216475964,-0.10944288969039917,-0.7816675599264724,-0.94505375623703,-0.2604901194572449,-1.5622004989722704,1766201837.6860957
-0.012440772727131844,-0.1094946414232254,-0.780943505699987,-0.94505375623703,-0.2604901194572449,-1.5622004989722704,1766201837.6960552
-0.012440772727131844,-0.1094946414232254,-0.780943505699987,-0.9471756219863892,-0.26573336124420166,-1.5461612589378328,1766201837.696044
-0.012440772727131844,-0.1094946414232254,-0.780943505699987,-0.9484061598777771,-0.271425724029541,-1.531839337726257,1766201837.7060938
-0.01257574837654829,-0.10955467820167542,-0.7794772165120513,-0.9484061598777771,-0.271425724029541,-1.531839337726257,1766201837.7061276
-0.01264997199177742,-0.10963402688503265,-0.778654467882623,-0.9484061598777771,-0.271425724029541,-1.531839337726257,1766201837.7561586
-0.01264997199177742,-0.10963402688503265,-0.778654467882623,-0.9516384601593018,-0.2767130434513092,-1.5047959496234897,1766201837.75612
-0.012804582715034485,-0.10974183678627014,-0.7765962338828475,-0.9516384601593018,-0.2767130434513092,-1.5047959496234897,1766201837.7562075
-0.012804582715034485,-0.10974183678627014,-0.7765962338828475,-0.9547832608222961,-0.2880769670009613,-1.4711728577732708,1766201837.7561975
-0.01291345339268446,-0.10983433574438095,-0.7758468329285899,-0.9547832608222961,-0.2880769670009613,-1.4711728577732708,1766201837.7563536
-0.01291345339268446,-0.10983433574438095,-0.7758468329285899,-0.9565970301628113,-0.2929266095161438,-1.4518586722174078,1766201837.756324
-0.013006783090531826,-0.10989297926425934,-0.7742677557694766,-0.9565970301628113,-0.2929266095161438,-1.4518586722174078,1766201837.756434
-0.013006783090531826,-0.10989297926425934,-0.7742677557694766,-0.9581149816513062,-0.29851552844047546,-1.4361875919367069,1766201837.756408
-0.013295085169374943,-0.10988960415124893,-0.7720378844977216,-0.9581149816513062,-0.29851552844047546,-1.4361875919367069,1766201837.7564738
-0.013295085169374943,-0.10988960415124893,-0.7720378844977216,-0.9594283699989319,-0.303521990776062,-1.4184662667410983,1766201837.7564578
-0.013171767815947533,-0.11003140360116959,-0.7723194864774189,-0.9594283699989319,-0.303521990776062,-1.4184662667410983,1766201837.756513
-0.013171767815947533,-0.11003140360116959,-0.7723194864774189,-0.9607009887695312,-0.30871596932411194,-1.4019478368464016,1766201837.756496
-0.013171767815947533,-0.11003140360116959,-0.7723194864774189,-0.9619350433349609,-0.31371229887008667,-1.3851043302611608,1766201837.7661107
-0.013408523052930832,-0.11000636965036392,-0.7696141291691064,-0.9619350433349609,-0.31371229887008667,-1.3851043302611608,1766201837.766139
-0.013408523052930832,-0.11000636965036392,-0.7696141291691064,-0.962985098361969,-0.3184788227081299,-1.367555561782071,1766201837.7760644
-0.01329138595610857,-0.11013241112232208,-0.7703350467590849,-0.962985098361969,-0.3184788227081299,-1.367555561782071,1766201837.776091
-0.01329138595610857,-0.11013241112232208,-0.7703350467590849,-0.9640907049179077,-0.32365408539772034,-1.3531059307916973,1766201837.7860398
-0.013554771430790424,-0.11013100296258926,-0.7679821863097611,-0.9640907049179077,-0.32365408539772034,-1.3531059307916973,1766201837.7860508
-0.013554771430790424,-0.11013100296258926,-0.7679821863097611,-0.9648825526237488,-0.32846373319625854,-1.3348808893202848,1766201837.7960947
-0.013584624975919724,-0.1101958379149437,-0.767249660944602,-0.9648825526237488,-0.32846373319625854,-1.3348808893202848,1766201837.7961302
-0.013584624975919724,-0.1101958379149437,-0.767249660944602,-0.9658737182617188,-0.3330853581428528,-1.3202406747295221,1766201837.806084
-0.013649558648467064,-0.11025126278400421,-0.7661554726027132,-0.9658737182617188,-0.3330853581428528,-1.3202406747295221,1766201837.8061259
-0.013702109456062317,-0.11029481142759323,-0.7647932297946916,-0.9658737182617188,-0.3330853581428528,-1.3202406747295221,1766201837.8161414
-0.013702109456062317,-0.11029481142759323,-0.7647932297946916,-0.9665942192077637,-0.3384063243865967,-1.3039943546365875,1766201837.8161085
-0.013762261718511581,-0.11035558581352234,-0.7639450388108641,-0.9665942192077637,-0.3384063243865967,-1.3039943546365875,1766201837.8161664
-0.013762261718511581,-0.11035558581352234,-0.7639450388108641,-0.9664083123207092,-0.3428957760334015,-1.2926841111793992,1766201837.8161566
-0.013762261718511581,-0.11035558581352234,-0.7639450388108641,-0.966879665851593,-0.34743598103523254,-1.2786457190790732,1766201837.8259513
-0.013618589378893375,-0.11049546301364899,-0.7645814143741839,-0.966879665851593,-0.34743598103523254,-1.2786457190790732,1766201837.8259614
-0.013849476352334023,-0.11047856509685516,-0.7630644135298382,-0.966879665851593,-0.34743598103523254,-1.2786457190790732,1766201837.8361588
-0.013849476352334023,-0.11047856509685516,-0.7630644135298382,-0.9683586955070496,-0.3520897626876831,-1.2597329990299906,1766201837.8361256
-0.013655027374625206,-0.11057539284229279,-0.7639565478520631,-0.9683586955070496,-0.3520897626876831,-1.2597329990299906,1766201837.846144
-0.013655027374625206,-0.11057539284229279,-0.7639565478520631,-0.9684441685676575,-0.3570140600204468,-1.2463433934458716,1766201837.84611
-0.013655027374625206,-0.11057539284229279,-0.7639565478520631,-0.9687997102737427,-0.36158138513565063,-1.2318191330811694,1766201837.8560667
-0.013695962727069855,-0.11062763631343842,-0.7633905575449744,-0.9687997102737427,-0.36158138513565063,-1.2318191330811694,1766201837.8561022
-0.013695962727069855,-0.11062763631343842,-0.7633905575449744,-0.9688199758529663,-0.36544451117515564,-1.217066359462113,1766201837.8561182
-0.013883160427212715,-0.11057990789413452,-0.7612537499159767,-0.9688199758529663,-0.36544451117515564,-1.217066359462113,1766201837.8561285
-0.013883160427212715,-0.11057990789413452,-0.7612537499159767,-0.9690207242965698,-0.36971843242645264,-1.2046082191656131,1766201837.8661137
-0.01385472808033228,-0.11058763414621353,-0.7611159194281943,-0.9690207242965698,-0.36971843242645264,-1.2046082191656131,1766201837.8661487
-0.01385472808033228,-0.11058763414621353,-0.7611159194281943,-0.9690895080566406,-0.3739655017852783,-1.189745167378254,1766201837.876053
-0.013888584449887276,-0.11062067002058029,-0.7610674374598356,-0.9690895080566406,-0.3739655017852783,-1.189745167378254,1766201837.8760626
-0.013888584449887276,-0.11062067002058029,-0.7610674374598356,-0.9691340923309326,-0.3779105246067047,-1.1770689196049893,1766201837.8861017
-0.013866116292774677,-0.11063927412033081,-0.7608416343882165,-0.9691340923309326,-0.3779105246067047,-1.1770689196049893,1766201837.886113
-0.01384870894253254,-0.1106424406170845,-0.7608547880075244,-0.9691340923309326,-0.3779105246067047,-1.1770689196049893,1766201837.8961563
-0.01384870894253254,-0.1106424406170845,-0.7608547880075244,-0.9688957333564758,-0.38217803835868835,-1.1637514383935754,1766201837.8961198
-0.013774814084172249,-0.11064489930868149,-0.7607837225219315,-0.9688957333564758,-0.38217803835868835,-1.1637514383935754,1766201837.9061549
-0.013774814084172249,-0.11064489930868149,-0.7607837225219315,-0.9685289859771729,-0.3861300051212311,-1.1501817103837504,1766201837.9061196
-0.01357272733002901,-0.11073460429906845,-0.7623124312126013,-0.9685289859771729,-0.3861300051212311,-1.1501817103837504,1766201837.9161115
-0.01357272733002901,-0.11073460429906845,-0.7623124312126013,-0.9680190682411194,-0.38937637209892273,-1.1411753130964988,1766201837.9160798
-0.013498129323124886,-0.11074325442314148,-0.7626125947674643,-0.9680190682411194,-0.38937637209892273,-1.1411753130964988,1766201837.9161377
-0.013498129323124886,-0.11074325442314148,-0.7626125947674643,-0.967633068561554,-0.39304712414741516,-1.1280960731591956,1766201837.9161274
-0.013498129323124886,-0.11074325442314148,-0.7626125947674643,-0.9672372937202454,-0.3968489170074463,-1.1177967226854593,1766201837.9261444
-0.0134282186627388,-0.11075373739004135,-0.7623705924787736,-0.9672372937202454,-0.3968489170074463,-1.1177967226854593,1766201837.9261796
-0.0134282186627388,-0.11075373739004135,-0.7623705924787736,-0.9667914509773254,-0.40025585889816284,-1.1043107396295622,1766201837.9360888
-0.013401240110397339,-0.1107957661151886,-0.7625690240622238,-0.9667914509773254,-0.40025585889816284,-1.1043107396295622,1766201837.9361217
-0.013334784656763077,-0.11081232130527496,-0.7623346036965453,-0.9667914509773254,-0.40025585889816284,-1.1043107396295622,1766201837.946158
-0.013334784656763077,-0.11081232130527496,-0.7623346036965453,-0.9667825102806091,-0.40416011214256287,-1.0913146940027039,1766201837.946122
-0.013334784656763077,-0.11081232130527496,-0.7623346036965453,-0.9665169715881348,-0.40756553411483765,-1.0783412794156606,1766201837.9561028
-0.01325594075024128,-0.11083870381116867,-0.7625967797804256,-0.9665169715881348,-0.40756553411483765,-1.0783412794156606,1766201837.9561367
-0.01325594075024128,-0.11083870381116867,-0.7625967797804256,-0.9658745527267456,-0.4108603000640869,-1.0664506311026978,1766201837.9661238
-0.013162233866751194,-0.11085765063762665,-0.7624802895474359,-0.9658745527267456,-0.4108603000640869,-1.0664506311026978,1766201837.966159
-0.013162233866751194,-0.11085765063762665,-0.7624802895474359,-0.9645718336105347,-0.413896381855011,-1.0606605124933712,1766201837.966175
-0.013142421841621399,-0.11091621220111847,-0.7622317443699491,-0.9645718336105347,-0.413896381855011,-1.0606605124933712,1766201837.9661853
-0.013142421841621399,-0.11091621220111847,-0.7622317443699491,-0.9647724032402039,-0.4172944724559784,-1.0449054975876007,1766201837.9760354
-0.013227196410298347,-0.11089129745960236,-0.7609879081871658,-0.9647724032402039,-0.4172944724559784,-1.0449054975876007,1766201837.9760437
-0.013227196410298347,-0.11089129745960236,-0.7609879081871658,-0.9638531804084778,-0.42057403922080994,-1.034054320591624,1766201837.9860144
-0.01296291220933199,-0.11100326478481293,-0.7621123262444336,-0.9638531804084778,-0.42057403922080994,-1.034054320591624,1766201837.9860263
-0.01296291220933199,-0.11100326478481293,-0.7621123262444336,-0.9630105495452881,-0.42308861017227173,-1.0252845384882887,1766201837.996101
-0.01284091453999281,-0.11103849858045578,-0.761868558412436,-0.9630105495452881,-0.42308861017227173,-1.0252845384882887,1766201837.9961374
-0.01284091453999281,-0.11103849858045578,-0.761868558412436,-0.9623546600341797,-0.4260881841182709,-1.0141902316468168,1766201838.006097
-0.012794822454452515,-0.11107870191335678,-0.7612761345789132,-0.9623546600341797,-0.4260881841182709,-1.0141902316468168,1766201838.00613
-0.012794822454452515,-0.11107870191335678,-0.7612761345789132,-0.9611152410507202,-0.4291399419307709,-1.0057644466719882,1766201838.0161002
-0.012690838426351547,-0.11112099140882492,-0.7610419069038232,-0.9611152410507202,-0.4291399419307709,-1.0057644466719882,1766201838.0161345
-0.012690838426351547,-0.11112099140882492,-0.7610419069038232,-0.9598522782325745,-0.43138939142227173,-1.0003356280403313,1766201838.0161502
-0.012618888169527054,-0.11115827411413193,-0.7607962199179678,-0.9598522782325745,-0.43138939142227173,-1.0003356280403313,1766201838.0161607
-0.012485383078455925,-0.1112067922949791,-0.7611036017152443,-0.9598522782325745,-0.43138939142227173,-1.0003356280403313,1766201838.0261426
-0.012485383078455925,-0.1112067922949791,-0.7611036017152443,-0.9589549899101257,-0.4343368113040924,-0.9899280430926245,1766201838.0261328
-0.012415153905749321,-0.11126517504453659,-0.7609717576972475,-0.9589549899101257,-0.4343368113040924,-0.9899280430926245,1766201838.0360515
-0.012415153905749321,-0.11126517504453659,-0.7609717576972475,-0.9591882824897766,-0.436612069606781,-0.9754304952505307,1766201838.036041
-0.012509127147495747,-0.11123689264059067,-0.7594855204845583,-0.9591882824897766,-0.436612069606781,-0.9754304952505307,1766201838.0461838
-0.012509127147495747,-0.11123689264059067,-0.7594855204845583,-0.9584903717041016,-0.43916499614715576,-0.9666877347926618,1766201838.0461476
-0.012509127147495747,-0.11123689264059067,-0.7594855204845583,-0.9572144150733948,-0.44151636958122253,-0.9587730746176314,1766201838.0560536
-0.012243728153407574,-0.11138676106929779,-0.7616053107200983,-0.9572144150733948,-0.44151636958122253,-0.9587730746176314,1766201838.0560868
-0.012243728153407574,-0.11138676106929779,-0.7616053107200983,-0.9565939903259277,-0.443930447101593,-0.9491824567417859,1766201838.0561028
-0.01233937032520771,-0.11138731241226196,-0.7605896831479207,-0.9565939903259277,-0.443930447101593,-0.9491824567417859,1766201838.0561135
-0.012055320665240288,-0.11151330173015594,-0.7619281922616772,-0.9565939903259277,-0.443930447101593,-0.9491824567417859,1766201838.0661693
-0.012055320665240288,-0.11151330173015594,-0.7619281922616772,-0.955794095993042,-0.4461018741130829,-0.941311830854042,1766201838.0661335
-0.012055320665240288,-0.11151330173015594,-0.7619281922616772,-0.9550186991691589,-0.44840848445892334,-0.9313965620255088,1766201838.0760386
-0.012198557145893574,-0.1115122064948082,-0.7608016422211613,-0.9550186991691589,-0.44840848445892334,-0.9313965620255088,1766201838.0760481
-0.01190931349992752,-0.11166349798440933,-0.76338139608206,-0.9550186991691589,-0.44840848445892334,-0.9313965620255088,1766201838.0861566
-0.01190931349992752,-0.11166349798440933,-0.76338139608206,-0.9548735022544861,-0.450488805770874,-0.9230557666900674,1766201838.0861223
-0.011708678677678108,-0.11190978437662125,-0.7608633851168107,-0.9548735022544861,-0.450488805770874,-0.9230557666900674,1766201838.096137
-0.011708678677678108,-0.11190978437662125,-0.7608633851168107,-0.9532478451728821,-0.4530293941497803,-0.9169658713313398,1766201838.0961006
-0.01163478009402752,-0.11198560893535614,-0.7615141223244077,-0.9532478451728821,-0.4530293941497803,-0.9169658713313398,1766201838.1060827
-0.01163478009402752,-0.11198560893535614,-0.7615141223244077,-0.9525018334388733,-0.45468541979789734,-0.9096409536887978,1766201838.1060483
-0.011556603014469147,-0.11204648017883301,-0.7620092880455605,-0.9525018334388733,-0.45468541979789734,-0.9096409536887978,1766201838.106108
-0.011556603014469147,-0.11204648017883301,-0.7620092880455605,-0.9520460367202759,-0.4568805694580078,-0.8990544996743339,1766201838.1060987
-0.011556603014469147,-0.11204648017883301,-0.7620092880455605,-0.9506697654724121,-0.45886701345443726,-0.8934796538021851,1766201838.126115
-0.011468719691038132,-0.11209829896688461,-0.7622519474808979,-0.9506697654724121,-0.45886701345443726,-0.8934796538021851,1766201838.1261523
-0.011468719691038132,-0.11209829896688461,-0.7622519474808979,-0.9495939612388611,-0.4612414538860321,-0.8843751666430886,1766201838.126169
-0.011420990340411663,-0.11215680837631226,-0.7629676772936427,-0.9495939612388611,-0.4612414538860321,-0.8843751666430886,1766201838.1261792
-0.011420990340411663,-0.11215680837631226,-0.7629676772936427,-0.9488043189048767,-0.4636443853378296,-0.8778726437629538,1766201838.1360176
-0.011338933371007442,-0.11220528185367584,-0.7630132721187005,-0.9488043189048767,-0.4636443853378296,-0.8778726437629538,1766201838.1360269
-0.011338933371007442,-0.11220528185367584,-0.7630132721187005,-0.9475213885307312,-0.4657152593135834,-0.8707073228938511,1766201838.1461291
-0.011269626207649708,-0.11223502457141876,-0.7630003816989575,-0.9475213885307312,-0.4657152593135834,-0.8707073228938511,1766201838.146165
-0.011269626207649708,-0.11223502457141876,-0.7630003816989575,-0.946627140045166,-0.46773678064346313,-0.8624984415590682,1766201838.1561
-0.011174356564879417,-0.11227533221244812,-0.7628586481233558,-0.946627140045166,-0.46773678064346313,-0.8624984415590682,1766201838.1561341
-0.011174356564879417,-0.11227533221244812,-0.7628586481233558,-0.9456961154937744,-0.46996527910232544,-0.8545600417756777,1766201838.1561499
-0.011052466928958893,-0.11233869940042496,-0.7628904551536417,-0.9456961154937744,-0.46996527910232544,-0.8545600417756777,1766201838.15616
-0.010972125455737114,-0.11239394545555115,-0.7630777508894341,-0.9456961154937744,-0.46996527910232544,-0.8545600417756777,1766201838.1661606
-0.010972125455737114,-0.11239394545555115,-0.7630777508894341,-0.9442164301872253,-0.47257497906684875,-0.848212761368442,1766201838.1661253
-0.010972125455737114,-0.11239394545555115,-0.7630777508894341,-0.9419803619384766,-0.4751630127429962,-0.8498522528131356,1766201838.176119
-0.010836764238774776,-0.11246597766876221,-0.7623695216366926,-0.9419803619384766,-0.4751630127429962,-0.8498522528131356,1766201838.1761541
-0.010836764238774776,-0.11246597766876221,-0.7623695216366926,-0.9408312439918518,-0.4776483476161957,-0.8417601298934747,1766201838.1861267
-0.010762561112642288,-0.11253304034471512,-0.7622433068475599,-0.9408312439918518,-0.4776483476161957,-0.8417601298934747,1766201838.1861625
-0.010762561112642288,-0.11253304034471512,-0.7622433068475599,-0.9405344724655151,-0.47990238666534424,-0.8258001493418967,1766201838.1961012
-0.010655839927494526,-0.11258772015571594,-0.7622314946769735,-0.9405344724655151,-0.47990238666534424,-0.8258001493418967,1766201838.196138
-0.010655839927494526,-0.11258772015571594,-0.7622314946769735,-0.9390198588371277,-0.4824313223361969,-0.8197732453791913,1766201838.2061036
-0.010616030544042587,-0.11267383396625519,-0.7614833390898433,-0.9390198588371277,-0.4824313223361969,-0.8197732453791913,1766201838.2061381
-0.010616030544042587,-0.11267383396625519,-0.7614833390898433,-0.937593936920166,-0.48495233058929443,-0.8114765587585546,1766201838.206154
-0.01055126078426838,-0.11276303231716156,-0.7622246944540251,-0.937593936920166,-0.48495233058929443,-0.8114765587585546,1766201838.2061634
-0.01055126078426838,-0.11276303231716156,-0.7622246944540251,-0.9359330534934998,-0.4875830411911011,-0.8047017219286583,1766201838.2261145
-0.010478407144546509,-0.11281342804431915,-0.7619327570003172,-0.9359330534934998,-0.4875830411911011,-0.8047017219286583,1766201838.2261498
-0.010478407144546509,-0.11281342804431915,-0.7619327570003172,-0.9342987537384033,-0.4902196228504181,-0.797517105076976,1766201838.2261662
-0.010415616445243359,-0.11286021769046783,-0.761839076404295,-0.9342987537384033,-0.4902196228504181,-0.797517105076976,1766201838.2261763
-0.010415616445243359,-0.11286021769046783,-0.761839076404295,-0.9325594902038574,-0.4930435121059418,-0.7910423028085392,1766201838.236042
-0.010431838221848011,-0.11290615797042847,-0.7616316613898906,-0.9325594902038574,-0.4930435121059418,-0.7910423028085392,1766201838.2360518
-0.010431838221848011,-0.11290615797042847,-0.7616316613898906,-0.9307073354721069,-0.49552640318870544,-0.7832001893346093,1766201838.246036
-0.010359461419284344,-0.11299187690019608,-0.7620537157332657,-0.9307073354721069,-0.49552640318870544,-0.7832001893346093,1766201838.246046
-0.010359461419284344,-0.11299187690019608,-0.7620537157332657,-0.9284639358520508,-0.4989520013332367,-0.7798403873485175,1766201838.2561269
-0.010345653630793095,-0.1130213513970375,-0.7619098028997733,-0.9284639358520508,-0.4989520013332367,-0.7798403873485175,1766201838.256163
-0.010345653630793095,-0.1130213513970375,-0.7619098028997733,-0.9268144369125366,-0.5011417865753174,-0.7704438460555031,1766201838.2562273
-0.010325600393116474,-0.11308789253234863,-0.7622915290959225,-0.9268144369125366,-0.5011417865753174,-0.7704438460555031,1766201838.2562466
-0.010306449607014656,-0.11312118917703629,-0.7621858515831279,-0.9268144369125366,-0.5011417865753174,-0.7704438460555031,1766201838.266148
-0.010306449607014656,-0.11312118917703629,-0.7621858515831279,-0.924619197845459,-0.5039010047912598,-0.7630348836481766,1766201838.2661135
-0.010343889705836773,-0.11319131404161453,-0.7623086594118391,-0.924619197845459,-0.5039010047912598,-0.7630348836481766,1766201838.2860262
-0.010343889705836773,-0.11319131404161453,-0.7623086594118391,-0.9228769540786743,-0.5067692399024963,-0.7558216438847902,1766201838.2860143
-0.010370973497629166,-0.11324010789394379,-0.762147976599113,-0.9228769540786743,-0.5067692399024963,-0.7558216438847902,1766201838.286035
-0.010370973497629166,-0.11324010789394379,-0.762147976599113,-0.9204367995262146,-0.5095313787460327,-0.7497623548416811,1766201838.2860317
-0.010370973497629166,-0.11324010789394379,-0.762147976599113,-0.9186980724334717,-0.5122924447059631,-0.7425602830009321,1766201838.2961328
-0.010524144396185875,-0.11322040855884552,-0.7611205633684148,-0.9186980724334717,-0.5122924447059631,-0.7425602830009321,1766201838.2961698
-0.010441250167787075,-0.11334607005119324,-0.7623199976629996,-0.9186980724334717,-0.5122924447059631,-0.7425602830009321,1766201838.30613
-0.010441250167787075,-0.11334607005119324,-0.7623199976629996,-0.9165055155754089,-0.5152377486228943,-0.7366645439244438,1766201838.306095
-0.010441250167787075,-0.11334607005119324,-0.7623199976629996,-0.9140015840530396,-0.5180577635765076,-0.7304204275591647,1766201838.3161135
-0.010496622882783413,-0.11340104043483734,-0.7623489671567951,-0.9140015840530396,-0.5180577635765076,-0.7304204275591647,1766201838.3161507
-0.010496622882783413,-0.11340104043483734,-0.7623489671567951,-0.9116279482841492,-0.5207503437995911,-0.7238280917236547,1766201838.3261049
-0.010554197244346142,-0.11344984918832779,-0.7626303950258532,-0.9116279482841492,-0.5207503437995911,-0.7238280917236547,1766201838.3261402
-0.010554197244346142,-0.11344984918832779,-0.7626303950258532,-0.9094783067703247,-0.5236502885818481,-0.7176515017087611,1766201838.3261561
-0.010628510266542435,-0.11348211765289307,-0.7626426989532756,-0.9094783067703247,-0.5236502885818481,-0.7176515017087611,1766201838.326166
-0.010628510266542435,-0.11348211765289307,-0.7626426989532756,-0.9068214893341064,-0.5263606309890747,-0.7112880328485447,1766201838.3361113
-0.010671427473425865,-0.11351227760314941,-0.7630185009703979,-0.9068214893341064,-0.5263606309890747,-0.7112880328485447,1766201838.336146
-0.010671427473425865,-0.11351227760314941,-0.7630185009703979,-0.9038461446762085,-0.5294923782348633,-0.7086501401089573,1766201838.3461273
-0.01072086300700903,-0.1135159507393837,-0.7630121915883425,-0.9038461446762085,-0.5294923782348633,-0.7086501401089573,1766201838.346164
-0.01072086300700903,-0.1135159507393837,-0.7630121915883425,-0.9018676280975342,-0.5320637822151184,-0.7001788535949911,1766201838.3561056
-0.010821748524904251,-0.11352571845054626,-0.763141097704413,-0.9018676280975342,-0.5320637822151184,-0.7001788535949911,1766201838.3561406
-0.010821748524904251,-0.11352571845054626,-0.763141097704413,-0.8991726040840149,-0.5348100066184998,-0.6951139747984897,1766201838.3561563
-0.010888645425438881,-0.11352263391017914,-0.7630432014869414,-0.8991726040840149,-0.5348100066184998,-0.6951139747984897,1766201838.3561664
-0.010888645425438881,-0.11352263391017914,-0.7630432014869414,-0.8961318135261536,-0.5378919243812561,-0.6923415925407598,1766201838.3661218
-0.010982521809637547,-0.11353731155395508,-0.7627105184559225,-0.8961318135261536,-0.5378919243812561,-0.6923415925407598,1766201838.3661585
-0.010982521809637547,-0.11353731155395508,-0.7627105184559225,-0.8935009241104126,-0.5405786037445068,-0.6866950452965906,1766201838.3761199
-0.011077981442213058,-0.11355585604906082,-0.7628771436695019,-0.8935009241104126,-0.5405786037445068,-0.6866950452965906,1766201838.376155
-0.011077981442213058,-0.11355585604906082,-0.7628771436695019,-0.890758752822876,-0.5433433055877686,-0.6820044175985635,1766201838.3861
-0.01118244044482708,-0.11356180161237717,-0.762797414226163,-0.890758752822876,-0.5433433055877686,-0.6820044175985635,1766201838.3861346
-0.011270815506577492,-0.11356702446937561,-0.7625828914092733,-0.890758752822876,-0.5433433055877686,-0.6820044175985635,1766201838.39616
-0.011270815506577492,-0.11356702446937561,-0.7625828914092733,-0.8869240283966064,-0.5466980338096619,-0.681401053010977,1766201838.3961234
-0.011270815506577492,-0.11356702446937561,-0.7625828914092733,-0.885190486907959,-0.5488359332084656,-0.6736604467739145,1766201838.4060671
-0.011424253694713116,-0.11358025670051575,-0.7621387048006801,-0.885190486907959,-0.5488359332084656,-0.6736604467739145,1766201838.4061007
-0.011424253694713116,-0.11358025670051575,-0.7621387048006801,-0.882363498210907,-0.5514335632324219,-0.6696362845108138,1766201838.406116
-0.011549418792128563,-0.11360082775354385,-0.7619977452948703,-0.882363498210907,-0.5514335632324219,-0.6696362845108138,1766201838.4061255
-0.01187978871166706,-0.11354149878025055,-0.7599992525082129,-0.882363498210907,-0.5514335632324219,-0.6696362845108138,1766201838.4161606
-0.01187978871166706,-0.11354149878025055,-0.7599992525082129,-0.8796184062957764,-0.5540781617164612,-0.6651744844301293,1766201838.4161224
-0.01187978871166706,-0.11354149878025055,-0.7599992525082129,-0.8764044642448425,-0.5566391944885254,-0.6635774950235754,1766201838.4261007
-0.01195504330098629,-0.11354115605354309,-0.7594371023486779,-0.8764044642448425,-0.5566391944885254,-0.6635774950235754,1766201838.42611
-0.01195504330098629,-0.11354115605354309,-0.7594371023486779,-0.8734391927719116,-0.5595651268959045,-0.6607623300726608,1766201838.436014
-0.012179352343082428,-0.11356744915246964,-0.7593089089309439,-0.8734391927719116,-0.5595651268959045,-0.6607623300726608,1766201838.4360259
-0.012336966581642628,-0.11359808593988419,-0.7583939050513699,-0.8734391927719116,-0.5595651268959045,-0.6607623300726608,1766201838.4461415
-0.012336966581642628,-0.11359808593988419,-0.7583939050513699,-0.8703070878982544,-0.5623135566711426,-0.6592061853589621,1766201838.4461038
-0.012491741217672825,-0.11363917589187622,-0.757974240087157,-0.8703070878982544,-0.5623135566711426,-0.6592061853589621,1766201838.456141
-0.012491741217672825,-0.11363917589187622,-0.757974240087157,-0.8672884106636047,-0.5648033618927002,-0.6552029831573756,1766201838.456106
-0.01264896895736456,-0.11364617198705673,-0.7577161704088337,-0.8672884106636047,-0.5648033618927002,-0.6552029831573756,1766201838.4561677
-0.01264896895736456,-0.11364617198705673,-0.7577161704088337,-0.8640897870063782,-0.567391574382782,-0.6528870740476794,1766201838.4561574
-0.01264896895736456,-0.11364617198705673,-0.7577161704088337,-0.8606089949607849,-0.5704376101493835,-0.6533697492726523,1766201838.4661288
-0.012869294732809067,-0.11368325352668762,-0.7571292769686441,-0.8606089949607849,-0.5704376101493835,-0.6533697492726523,1766201838.4661648
-0.013066349551081657,-0.11373160779476166,-0.7565443715582114,-0.8606089949607849,-0.5704376101493835,-0.6533697492726523,1766201838.4760275
-0.013066349551081657,-0.11373160779476166,-0.7565443715582114,-0.8576618432998657,-0.5727078914642334,-0.6480850426443113,1766201838.4760175
-0.013278556987643242,-0.11375613510608673,-0.7556323343408002,-0.8576618432998657,-0.5727078914642334,-0.6480850426443113,1766201838.4861329
-0.013278556987643242,-0.11375613510608673,-0.7556323343408002,-0.8546289205551147,-0.5753688812255859,-0.6455339575396775,1766201838.4860978
-0.013278556987643242,-0.11375613510608673,-0.7556323343408002,-0.8511034846305847,-0.5780948996543884,-0.6447475280046477,1766201838.4961276
-0.013356135226786137,-0.11387312412261963,-0.7555673716620068,-0.8511034846305847,-0.5780948996543884,-0.6447475280046477,1766201838.4961646
-0.013356135226786137,-0.11387312412261963,-0.7555673716620068,-0.8473091721534729,-0.5810256004333496,-0.6448234118999584,1766201838.5061226
-0.01357346586883068,-0.1139335185289383,-0.755687163998449,-0.8473091721534729,-0.5810256004333496,-0.6448234118999584,1766201838.5061579
-0.01357346586883068,-0.1139335185289383,-0.755687163998449,-0.8444053530693054,-0.5832768678665161,-0.6390481620225764,1766201838.5061746
-0.013820364139974117,-0.11398735642433167,-0.7547029777620647,-0.8444053530693054,-0.5832768678665161,-0.6390481620225764,1766201838.506184
-0.013820364139974117,-0.11398735642433167,-0.7547029777620647,-0.8413659334182739,-0.5862086415290833,-0.637677403991185,1766201838.5160491
-0.014218205586075783,-0.113976389169693,-0.7525841187039168,-0.8413659334182739,-0.5862086415290833,-0.637677403991185,1766201838.5160584
-0.014218205586075783,-0.113976389169693,-0.7525841187039168,-0.8372175693511963,-0.5890768766403198,-0.6364977548744463,1766201838.52613
-0.014507487416267395,-0.1140507385134697,-0.7516920157632904,-0.8372175693511963,-0.5890768766403198,-0.6364977548744463,1766201838.5261655
-0.014507487416267395,-0.1140507385134697,-0.7516920157632904,-0.8335419297218323,-0.5917906165122986,-0.6349412212781024,1766201838.5361748
-0.014841223135590553,-0.11415683478116989,-0.7511558042333603,-0.8335419297218323,-0.5917906165122986,-0.6349412212781024,1766201838.5362096
-0.014841223135590553,-0.11415683478116989,-0.7511558042333603,-0.830247163772583,-0.5946685671806335,-0.6325384751846124,1766201838.546103
-0.0151592455804348,-0.11427061259746552,-0.7497917147299864,-0.830247163772583,-0.5946685671806335,-0.6325384751846124,1766201838.54614
-0.0151592455804348,-0.11427061259746552,-0.7497917147299864,-0.8265403509140015,-0.5974233746528625,-0.6295232033741308,1766201838.556106
-0.015475483611226082,-0.11440204828977585,-0.7488533058159442,-0.8265403509140015,-0.5974233746528625,-0.6295232033741308,1766201838.5561419
-0.015620650723576546,-0.1145705133676529,-0.7488850941611849,-0.8265403509140015,-0.5974233746528625,-0.6295232033741308,1766201838.5661812
-0.015620650723576546,-0.1145705133676529,-0.7488850941611849,-0.8223416805267334,-0.6004152297973633,-0.6292175074855776,1766201838.5661438
-0.01608858071267605,-0.11462912708520889,-0.7461500803809893,-0.8223416805267334,-0.6004152297973633,-0.6292175074855776,1766201838.5662067
-0.01608858071267605,-0.11462912708520889,-0.7461500803809893,-0.819112241268158,-0.6029037237167358,-0.6253785980740119,1766201838.5661964
-0.01608858071267605,-0.11462912708520889,-0.7461500803809893,-0.8152945041656494,-0.6061149835586548,-0.623407771194932,1766201838.576132
-0.016253013163805008,-0.1148412749171257,-0.7458059853019042,-0.8152945041656494,-0.6061149835586548,-0.623407771194932,1766201838.5761678
-0.01668158546090126,-0.11501426249742508,-0.7437684599205909,-0.8152945041656494,-0.6061149835586548,-0.623407771194932,1766201838.5861375
-0.01668158546090126,-0.11501426249742508,-0.7437684599205909,-0.8114821314811707,-0.6088170409202576,-0.6198143897570546,1766201838.5861022
-0.01668158546090126,-0.11501426249742508,-0.7437684599205909,-0.8072929978370667,-0.6121790409088135,-0.6197359147284976,1766201838.596117
-0.017078666016459465,-0.1152137890458107,-0.7412772143411783,-0.8072929978370667,-0.6121790409088135,-0.6197359147284976,1766201838.5961537
-0.017078666016459465,-0.1152137890458107,-0.7412772143411783,-0.8014905452728271,-0.6153746843338013,-0.6216005780760459,1766201838.6060574
-0.017630672082304955,-0.11528213322162628,-0.7400087810143923,-0.8014905452728271,-0.6153746843338013,-0.6216005780760459,1766201838.6060922
-0.017630672082304955,-0.11528213322162628,-0.7400087810143923,-0.7985341548919678,-0.6186018586158752,-0.6188620441382388,1766201838.6061084
-0.01805151253938675,-0.11552473157644272,-0.7371067332277296,-0.7985341548919678,-0.6186018586158752,-0.6188620441382388,1766201838.606118
-0.01805151253938675,-0.11552473157644272,-0.7371067332277296,-0.7946068048477173,-0.6214360594749451,-0.6155033567343273,1766201838.6160262
-0.018488075584173203,-0.11578170955181122,-0.7326596421498592,-0.7946068048477173,-0.6214360594749451,-0.6155033567343273,1766201838.616036
-0.018488075584173203,-0.11578170955181122,-0.7326596421498592,-0.7902328372001648,-0.6248618364334106,-0.6147110135874914,1766201838.6360524
-0.018967334181070328,-0.11606763303279877,-0.7291968277620535,-0.7902328372001648,-0.6248618364334106,-0.6147110135874914,1766201838.6360667
-0.018967334181070328,-0.11606763303279877,-0.7291968277620535,-0.7855873107910156,-0.6281193494796753,-0.6135843739709931,1766201838.636073
-0.019456617534160614,-0.11637625843286514,-0.7251935500255596,-0.7855873107910156,-0.6281193494796753,-0.6135843739709931,1766201838.636077
-0.019456617534160614,-0.11637625843286514,-0.7251935500255596,-0.7812399864196777,-0.6314334869384766,-0.611817847251147,1766201838.646108
-0.019901160150766373,-0.11675460636615753,-0.7210372199602358,-0.7812399864196777,-0.6314334869384766,-0.611817847251147,1766201838.6461434
-0.019901160150766373,-0.11675460636615753,-0.7210372199602358,-0.7764099836349487,-0.6346848607063293,-0.6121059549667567,1766201838.6560733
-0.020372943952679634,-0.11739002168178558,-0.71473013012621,-0.7764099836349487,-0.6346848607063293,-0.6121059549667567,1766201838.6561081
-0.020372943952679634,-0.11739002168178558,-0.71473013012621,-0.7723026275634766,-0.6378415822982788,-0.6083828534927016,1766201838.6660705
-0.021245881915092468,-0.11777939647436142,-0.7065456236575169,-0.7723026275634766,-0.6378415822982788,-0.6083828534927016,1766201838.666108
-0.021245881915092468,-0.11777939647436142,-0.7065456236575169,-0.7655242085456848,-0.6407421827316284,-0.6080348750666826,1766201838.666125
-0.02191520482301712,-0.118361696600914,-0.6997469810049978,-0.7655242085456848,-0.6407421827316284,-0.6080348750666826,1766201838.6661353
-0.02253517508506775,-0.11899858713150024,-0.6922146587135237,-0.7655242085456848,-0.6407421827316284,-0.6080348750666826,1766201838.6760669
-0.02253517508506775,-0.11899858713150024,-0.6922146587135237,-0.7624592781066895,-0.6452824473381042,-0.6096943456369743,1766201838.6760564
-0.023144446313381195,-0.11972014605998993,-0.6836883750045661,-0.7624592781066895,-0.6452824473381042,-0.6096943456369743,1766201838.6861289
-0.023144446313381195,-0.11972014605998993,-0.6836883750045661,-0.7563623189926147,-0.6472002863883972,-0.6022871789772671,1766201838.6860697
-0.023144446313381195,-0.11972014605998993,-0.6836883750045661,-0.7532862424850464,-0.6512294411659241,-0.6027126755658194,1766201838.6959767
-0.023855404928326607,-0.12047538161277771,-0.6742208839611182,-0.7532862424850464,-0.6512294411659241,-0.6027126755658194,1766201838.6959877
-0.023855404928326607,-0.12047538161277771,-0.6742208839611182,-0.7490689754486084,-0.6539294719696045,-0.595066806469036,1766201838.7060237
-0.024624593555927277,-0.12104632705450058,-0.6670237182141815,-0.7490689754486084,-0.6539294719696045,-0.595066806469036,1766201838.706039
-0.025309015065431595,-0.12186169624328613,-0.6545731564130607,-0.7490689754486084,-0.6539294719696045,-0.595066806469036,1766201838.7161531
-0.025309015065431595,-0.12186169624328613,-0.6545731564130607,-0.7432742118835449,-0.6578364968299866,-0.5991992859280193,1766201838.7161183
-0.02576262131333351,-0.12278522551059723,-0.6440334451639664,-0.7432742118835449,-0.6578364968299866,-0.5991992859280193,1766201838.7161803
-0.02576262131333351,-0.12278522551059723,-0.6440334451639664,-0.7383732795715332,-0.6612541079521179,-0.5977919624310396,1766201838.7161696
-0.02576262131333351,-0.12278522551059723,-0.6440334451639664,-0.7313963174819946,-0.6644325852394104,-0.5978509977061592,1766201838.7260864
-0.02641868032515049,-0.12357644736766815,-0.6331223663955436,-0.7313963174819946,-0.6644325852394104,-0.5978509977061592,1766201838.7261155
-0.027277298271656036,-0.12436510622501373,-0.6184719881764713,-0.7313963174819946,-0.6644325852394104,-0.5978509977061592,1766201838.7360718
-0.027277298271656036,-0.12436510622501373,-0.6184719881764713,-0.7272996306419373,-0.6682636737823486,-0.5990444369245124,1766201838.7360623
-0.027833763509988785,-0.12521640956401825,-0.6059033112713037,-0.7272996306419373,-0.6682636737823486,-0.5990444369245124,1766201838.7461662
-0.027833763509988785,-0.12521640956401825,-0.6059033112713037,-0.7228038907051086,-0.6714455485343933,-0.5948606510003078,1766201838.7461255
-0.027833763509988785,-0.12521640956401825,-0.6059033112713037,-0.7177027463912964,-0.6749241352081299,-0.594815401517659,1766201838.7561061
-0.028497979044914246,-0.12603355944156647,-0.5950066538745212,-0.7177027463912964,-0.6749241352081299,-0.594815401517659,1766201838.7561405
-0.029163604602217674,-0.12684983015060425,-0.5824956588524113,-0.7177027463912964,-0.6749241352081299,-0.594815401517659,1766201838.766159
-0.029163604602217674,-0.12684983015060425,-0.5824956588524113,-0.7115913033485413,-0.6786171793937683,-0.5946555017987029,1766201838.766123
-0.0297852773219347,-0.1276933252811432,-0.5705945661231259,-0.7115913033485413,-0.6786171793937683,-0.5946555017987029,1766201838.766185
-0.0297852773219347,-0.1276933252811432,-0.5705945661231259,-0.7067080736160278,-0.681917667388916,-0.5938884596535622,1766201838.7661753
-0.0297852773219347,-0.1276933252811432,-0.5705945661231259,-0.7012835741043091,-0.6853837370872498,-0.5934733860628675,1766201838.776051
-0.030474800616502762,-0.1285068541765213,-0.5590342174447818,-0.7012835741043091,-0.6853837370872498,-0.5934733860628675,1766201838.7760599
-0.030474800616502762,-0.1285068541765213,-0.5590342174447818,-0.6959304809570312,-0.6888269186019897,-0.5937527827263873,1766201838.78612
-0.031030770391225815,-0.12929509580135345,-0.5471098141162049,-0.6959304809570312,-0.6888269186019897,-0.5937527827263873,1766201838.7861617
-0.031030770391225815,-0.12929509580135345,-0.5471098141162049,-0.6903722882270813,-0.6923274397850037,-0.5941204780056081,1766201838.7961018
-0.03151947632431984,-0.13009627163410187,-0.5365183332169741,-0.6903722882270813,-0.6923274397850037,-0.5941204780056081,1766201838.7961376
-0.03151947632431984,-0.13009627163410187,-0.5365183332169741,-0.6845783591270447,-0.6955406069755554,-0.5919950161480957,1766201838.8060656
-0.03214818611741066,-0.13090315461158752,-0.524852814723839,-0.6845783591270447,-0.6955406069755554,-0.5919950161480957,1766201838.806101
-0.03214818611741066,-0.13090315461158752,-0.524852814723839,-0.6790912747383118,-0.6994073987007141,-0.5945145691711338,1766201838.8061182
-0.032915711402893066,-0.13183550536632538,-0.5122440621132143,-0.6790912747383118,-0.6994073987007141,-0.5945145691711338,1766201838.8061278
-0.032915711402893066,-0.13183550536632538,-0.5122440621132143,-0.6734954714775085,-0.7030121684074402,-0.5954585119377042,1766201838.816076
-0.03326999768614769,-0.13245771825313568,-0.5051960547770437,-0.6734954714775085,-0.7030121684074402,-0.5954585119377042,1766201838.8161125
-0.03386334702372551,-0.13316740095615387,-0.49534685085015745,-0.6734954714775085,-0.7030121684074402,-0.5954585119377042,1766201838.8261485
-0.03386334702372551,-0.13316740095615387,-0.49534685085015745,-0.6679266691207886,-0.7062849998474121,-0.5954944283657438,1766201838.8261137
-0.03386334702372551,-0.13316740095615387,-0.49534685085015745,-0.6617897748947144,-0.7099322080612183,-0.5983297116340465,1766201838.8361185
-0.0343429297208786,-0.13383707404136658,-0.4859702087520368,-0.6617897748947144,-0.7099322080612183,-0.5983297116340465,1766201838.8361528
-0.0343429297208786,-0.13383707404136658,-0.4859702087520368,-0.6562495231628418,-0.7135593295097351,-0.5996113510808173,1766201838.8461175
-0.035032618790864944,-0.13472585380077362,-0.4742283010882267,-0.6562495231628418,-0.7135593295097351,-0.5996113510808173,1766201838.8461542
-0.035769443958997726,-0.1344326287508011,-0.47812925944336937,-0.6562495231628418,-0.7135593295097351,-0.5996113510808173,1766201838.8560812
-0.035769443958997726,-0.1344326287508011,-0.47812925944336937,-0.6494669914245605,-0.7176234722137451,-0.6019496403514558,1766201838.8560464
-0.035769443958997726,-0.1344326287508011,-0.47812925944336937,-0.6444528698921204,-0.7203900814056396,-0.602405450670312,1766201838.866046
-0.03581486642360687,-0.13593171536922455,-0.45958788903184367,-0.6444528698921204,-0.7203900814056396,-0.602405450670312,1766201838.866081
-0.03581486642360687,-0.13593171536922455,-0.45958788903184367,-0.6374759674072266,-0.7245966792106628,-0.6101815984790626,1766201838.8660972
-0.036300450563430786,-0.13671529293060303,-0.4501231280553653,-0.6374759674072266,-0.7245966792106628,-0.6101815984790626,1766201838.8661075
-0.036719731986522675,-0.1373329758644104,-0.4424571702143131,-0.6374759674072266,-0.7245966792106628,-0.6101815984790626,1766201838.8761115
-0.036719731986522675,-0.1373329758644104,-0.4424571702143131,-0.6324508190155029,-0.7277016639709473,-0.6082355458516304,1766201838.8760765
-0.03728692978620529,-0.13806599378585815,-0.4317490443383338,-0.6324508190155029,-0.7277016639709473,-0.6082355458516304,1766201838.8861556
-0.03728692978620529,-0.13806599378585815,-0.4317490443383338,-0.6268271803855896,-0.7311596870422363,-0.6107000720328111,1766201838.8861158
-0.03728692978620529,-0.13806599378585815,-0.4317490443383338,-0.6208553314208984,-0.7345810532569885,-0.6128643829758678,1766201838.896045
-0.037704065442085266,-0.1386307030916214,-0.42572462757843027,-0.6208553314208984,-0.7345810532569885,-0.6128643829758678,1766201838.896055
-0.037704065442085266,-0.1386307030916214,-0.42572462757843027,-0.6144342422485352,-0.7386434674263,-0.6178349806833446,1766201838.9060233
-0.03810858726501465,-0.1393393874168396,-0.4179820739891984,-0.6144342422485352,-0.7386434674263,-0.6178349806833446,1766201838.906036
-0.03852289915084839,-0.13980455696582794,-0.4138015352884477,-0.6144342422485352,-0.7386434674263,-0.6178349806833446,1766201838.916156
-0.03852289915084839,-0.13980455696582794,-0.4138015352884477,-0.6075767874717712,-0.7424242496490479,-0.6249881332469458,1766201838.916121
-0.03902166709303856,-0.14049828052520752,-0.4057865871620237,-0.6075767874717712,-0.7424242496490479,-0.6249881332469458,1766201838.9161832
-0.03902166709303856,-0.14049828052520752,-0.4057865871620237,-0.6020563840866089,-0.7458356618881226,-0.62735927487881,1766201838.9161727
-0.03902166709303856,-0.14049828052520752,-0.4057865871620237,-0.5958014726638794,-0.7496019005775452,-0.6318816411823934,1766201838.9261239
-0.03943716734647751,-0.1410704404115677,-0.3997859495711015,-0.5958014726638794,-0.7496019005775452,-0.6318816411823934,1766201838.9261332
-0.039829328656196594,-0.14162132143974304,-0.3943031830147645,-0.5958014726638794,-0.7496019005775452,-0.6318816411823934,1766201838.9360526
-0.039829328656196594,-0.14162132143974304,-0.3943031830147645,-0.5896532535552979,-0.7528918385505676,-0.6351612651508431,1766201838.9360433
-0.039829328656196594,-0.14162132143974304,-0.3943031830147645,-0.5836973786354065,-0.7564252614974976,-0.6391943536972,1766201838.946125
-0.04018605127930641,-0.14216509461402893,-0.3885780815971673,-0.5836973786354065,-0.7564252614974976,-0.6391943536972,1766201838.9461632
-0.04018605127930641,-0.14216509461402893,-0.3885780815971673,-0.5775697827339172,-0.7600817680358887,-0.6427743811957388,1766201838.9561167
-0.04063853994011879,-0.14254027605056763,-0.38650514824633836,-0.5775697827339172,-0.7600817680358887,-0.6427743811957388,1766201838.9561508
-0.04063853994011879,-0.14254027605056763,-0.38650514824633836,-0.5703527331352234,-0.7641734480857849,-0.6533790676790078,1766201838.956167
-0.040944356471300125,-0.14302384853363037,-0.3820991863448631,-0.5703527331352234,-0.7641734480857849,-0.6533790676790078,1766201838.956177
-0.040944356471300125,-0.14302384853363037,-0.3820991863448631,-0.5643715262413025,-0.767883837223053,-0.6579244194919178,1766201838.9661179
-0.04133987054228783,-0.14348238706588745,-0.37731403906892924,-0.5643715262413025,-0.767883837223053,-0.6579244194919178,1766201838.9661465
-0.04133987054228783,-0.14348238706588745,-0.37731403906892924,-0.5586423277854919,-0.7709217667579651,-0.659136780942428,1766201838.9760385
-0.04140765592455864,-0.14380225539207458,-0.3755077057328795,-0.5586423277854919,-0.7709217667579651,-0.659136780942428,1766201838.9760492
-0.04140765592455864,-0.14380225539207458,-0.3755077057328795,-0.5526829361915588,-0.7748409509658813,-0.6654595406973317,1766201838.9861243
-0.04250321909785271,-0.14462800323963165,-0.36485430548665726,-0.5526829361915588,-0.7748409509658813,-0.6654595406973317,1766201838.986159
-0.04250321909785271,-0.14462800323963165,-0.36485430548665726,-0.5464509129524231,-0.7786086797714233,-0.6712067778897148,1766201838.9961245
-0.042779937386512756,-0.14511485397815704,-0.36106670959890563,-0.5464509129524231,-0.7786086797714233,-0.6712067778897148,1766201838.9961607
-0.042779937386512756,-0.14511485397815704,-0.36106670959890563,-0.5394377708435059,-0.7830424308776855,-0.6831501948270354,1766201839.006101
-0.042969170957803726,-0.14590035378932953,-0.355293120920802,-0.5394377708435059,-0.7830424308776855,-0.6831501948270354,1766201839.0061352
-0.042969170957803726,-0.14590035378932953,-0.355293120920802,-0.5340099930763245,-0.7862793803215027,-0.6842234007859387,1766201839.0061522
-0.04305194318294525,-0.14612644910812378,-0.3562948346549589,-0.5340099930763245,-0.7862793803215027,-0.6842234007859387,1766201839.006161
-0.04305194318294525,-0.14612644910812378,-0.3562948346549589,-0.5276896357536316,-0.7901428937911987,-0.6907607301144735,1766201839.0161297
-0.043185390532016754,-0.14680129289627075,-0.35020369389100897,-0.5276896357536316,-0.7901428937911987,-0.6907607301144735,1766201839.0161655
-0.043185390532016754,-0.14680129289627075,-0.35020369389100897,-0.5215767025947571,-0.7938725352287292,-0.6972345299905199,1766201839.0261266
-0.043422210961580276,-0.1472277045249939,-0.3491902366183808,-0.5215767025947571,-0.7938725352287292,-0.6972345299905199,1766201839.026163
-0.043422210961580276,-0.1472277045249939,-0.3491902366183808,-0.5154320597648621,-0.7979965209960938,-0.7043032509722841,1766201839.0461044
-0.04386603459715843,-0.14692673087120056,-0.35202619277488256,-0.5154320597648621,-0.7979965209960938,-0.7043032509722841,1766201839.0461397
-0.04386603459715843,-0.14692673087120056,-0.35202619277488256,-0.5096153616905212,-0.8018937706947327,-0.7100530805788723,1766201839.046156
-0.04407949000597,-0.14725461602210999,-0.3509459020423933,-0.5096153616905212,-0.8018937706947327,-0.7100530805788723,1766201839.0461667
-0.04435582458972931,-0.14761963486671448,-0.3494351999400776,-0.5096153616905212,-0.8018937706947327,-0.7100530805788723,1766201839.056172
-0.04435582458972931,-0.14761963486671448,-0.3494351999400776,-0.501979410648346,-0.8064923882484436,-0.7219304462213433,1766201839.0561373
-0.04454784840345383,-0.14795070886611938,-0.3478377182646467,-0.501979410648346,-0.8064923882484436,-0.7219304462213433,1766201839.0561981
-0.04454784840345383,-0.14795070886611938,-0.3478377182646467,-0.4953594505786896,-0.8108019232749939,-0.7311179534226125,1766201839.0561883
-0.04454784840345383,-0.14795070886611938,-0.3478377182646467,-0.4907328188419342,-0.8139026761054993,-0.7301482713815867,1766201839.0660381
-0.044796332716941833,-0.1483282595872879,-0.3459208330787004,-0.4907328188419342,-0.8139026761054993,-0.7301482713815867,1766201839.066049
-0.044959455728530884,-0.14868320524692535,-0.3443497241298638,-0.4907328188419342,-0.8139026761054993,-0.7301482713815867,1766201839.0761595
-0.044959455728530884,-0.14868320524692535,-0.3443497241298638,-0.48404473066329956,-0.8183150887489319,-0.7387121427784695,1766201839.0761251
-0.04510698840022087,-0.14901171624660492,-0.342530899543211,-0.48404473066329956,-0.8183150887489319,-0.7387121427784695,1766201839.0861495
-0.04510698840022087,-0.14901171624660492,-0.342530899543211,-0.4779263734817505,-0.8225744366645813,-0.7451857701061545,1766201839.086114
-0.04519826918840408,-0.14922063052654266,-0.34169895848890247,-0.4779263734817505,-0.8225744366645813,-0.7451857701061545,1766201839.096147
-0.04519826918840408,-0.14922063052654266,-0.34169895848890247,-0.4711743891239166,-0.8271155953407288,-0.7540580350914119,1766201839.0961103
-0.04519826918840408,-0.14922063052654266,-0.34169895848890247,-0.4652521014213562,-0.8313496708869934,-0.7589269089366624,1766201839.1060903
-0.04474577307701111,-0.14924317598342896,-0.34070358985256805,-0.4652521014213562,-0.8313496708869934,-0.7589269089366624,1766201839.106126
-0.04539189115166664,-0.14982905983924866,-0.3380200585381632,-0.4652521014213562,-0.8313496708869934,-0.7589269089366624,1766201839.1161604
-0.04539189115166664,-0.14982905983924866,-0.3380200585381632,-0.4591548442840576,-0.8356702923774719,-0.7654389751882803,1766201839.1161253
-0.04555974155664444,-0.15126746892929077,-0.32508823780960855,-0.4591548442840576,-0.8356702923774719,-0.7654389751882803,1766201839.1161864
-0.04555974155664444,-0.15126746892929077,-0.32508823780960855,-0.4531437158584595,-0.8398749828338623,-0.7721578699485262,1766201839.1161761
-0.04555974155664444,-0.15126746892929077,-0.32508823780960855,-0.44608238339424133,-0.8448612689971924,-0.7801871629797476,1766201839.1261125
-0.04564930498600006,-0.15148696303367615,-0.32381013710926665,-0.44608238339424133,-0.8448612689971924,-0.7801871629797476,1766201839.126151
-0.04564930498600006,-0.15148696303367615,-0.32381013710926665,-0.4404408037662506,-0.8491621017456055,-0.7854898934177456,1766201839.1360455
-0.04578821361064911,-0.151372492313385,-0.3260694602147545,-0.4404408037662506,-0.8491621017456055,-0.7854898934177456,1766201839.136055
-0.04578821361064911,-0.151372492313385,-0.3260694602147545,-0.433939665555954,-0.8543392419815063,-0.7923288131234153,1766201839.1460495
-0.045806579291820526,-0.15158452093601227,-0.3247104325944648,-0.433939665555954,-0.8543392419815063,-0.7923288131234153,1766201839.1460624
-0.045806579291820526,-0.15158452093601227,-0.3247104325944648,-0.4271237850189209,-0.8594905138015747,-0.8051330431796496,1766201839.1560695
-0.04587465152144432,-0.1520683914422989,-0.31995261288461035,-0.4271237850189209,-0.8594905138015747,-0.8051330431796496,1766201839.1561048
-0.04587465152144432,-0.1520683914422989,-0.31995261288461035,-0.42198243737220764,-0.8635760545730591,-0.8013611762638793,1766201839.1661117
-0.04568469524383545,-0.1510539948940277,-0.3316294427438729,-0.42198243737220764,-0.8635760545730591,-0.8013611762638793,1766201839.166148
-0.04568469524383545,-0.1510539948940277,-0.3316294427438729,-0.41547882556915283,-0.8687739372253418,-0.807534860917237,1766201839.1661642
-0.04592042416334152,-0.15242166817188263,-0.3168914778145287,-0.41547882556915283,-0.8687739372253418,-0.807534860917237,1766201839.1661744
-0.045968763530254364,-0.15265759825706482,-0.3160090550446523,-0.41547882556915283,-0.8687739372253418,-0.807534860917237,1766201839.1760306
-0.045968763530254364,-0.15265759825706482,-0.3160090550446523,-0.40998080372810364,-0.8734334111213684,-0.8101557328235277,1766201839.1760216
-0.045968763530254364,-0.15265759825706482,-0.3160090550446523,-0.4026462435722351,-0.8794116973876953,-0.8184209332603136,1766201839.1860402
-0.04600188881158829,-0.1528306007385254,-0.3145626326829926,-0.4026462435722351,-0.8794116973876953,-0.8184209332603136,1766201839.1860511
-0.04602201655507088,-0.1530374437570572,-0.31276901304944077,-0.4026462435722351,-0.8794116973876953,-0.8184209332603136,1766201839.1961646
-0.04602201655507088,-0.1530374437570572,-0.31276901304944077,-0.3973178267478943,-0.8839870691299438,-0.8221780294764935,1766201839.1961274
-0.04602201655507088,-0.1530374437570572,-0.31276901304944077,-0.39167603850364685,-0.8891870379447937,-0.8236492910638494,1766201839.2061143
-0.046068381518125534,-0.15319883823394775,-0.3112387282546168,-0.39167603850364685,-0.8891870379447937,-0.8236492910638494,1766201839.2061496
-0.046068381518125534,-0.15319883823394775,-0.3112387282546168,-0.3853840231895447,-0.8944316506385803,-0.8286009165215754,1766201839.2161212
-0.04604943469166756,-0.1533215343952179,-0.30989742212811733,-0.3853840231895447,-0.8944316506385803,-0.8286009165215754,1766201839.216155
-0.04604943469166756,-0.1533215343952179,-0.30989742212811733,-0.37954050302505493,-0.8999539613723755,-0.83075712082864,1766201839.2161715
-0.046048182994127274,-0.15339834988117218,-0.30930735476187565,-0.37954050302505493,-0.8999539613723755,-0.83075712082864,1766201839.2161822
-0.046126432716846466,-0.15359991788864136,-0.30659022041407546,-0.37954050302505493,-0.8999539613723755,-0.83075712082864,1766201839.2261038
-0.046126432716846466,-0.15359991788864136,-0.30659022041407546,-0.37368282675743103,-0.905215859413147,-0.8344732360188349,1766201839.2260516
-0.046126432716846466,-0.15359991788864136,-0.30659022041407546,-0.36763641238212585,-0.9104839563369751,-0.8389614002922717,1766201839.2360742
-0.046157512813806534,-0.15369482338428497,-0.3056823466011764,-0.36763641238212585,-0.9104839563369751,-0.8389614002922717,1766201839.2361088
-0.04619055613875389,-0.15380750596523285,-0.30429676713741777,-0.36763641238212585,-0.9104839563369751,-0.8389614002922717,1766201839.2461336
-0.04619055613875389,-0.15380750596523285,-0.30429676713741777,-0.36193445324897766,-0.9164888262748718,-0.8407090318821084,1766201839.246098
-0.04619055613875389,-0.15380750596523285,-0.30429676713741777,-0.3555759787559509,-0.9220949411392212,-0.8451334638075735,1766201839.2560582
-0.04620136693120003,-0.15393850207328796,-0.30246753737409093,-0.3555759787559509,-0.9220949411392212,-0.8451334638075735,1766201839.2560925
-0.04620136693120003,-0.15393850207328796,-0.30246753737409093,-0.34975892305374146,-0.9275007843971252,-0.8473866039742104,1766201839.256109
-0.04626696929335594,-0.1540355384349823,-0.3010164136454865,-0.34975892305374146,-0.9275007843971252,-0.8473866039742104,1766201839.2561195
-0.04626696929335594,-0.1540355384349823,-0.3010164136454865,-0.34428808093070984,-0.9335297346115112,-0.8496467063741784,1766201839.2660797
-0.0458526648581028,-0.15304382145404816,-0.3134943697776329,-0.34428808093070984,-0.9335297346115112,-0.8496467063741784,1766201839.2661154
-0.0458526648581028,-0.15304382145404816,-0.3134943697776329,-0.337901771068573,-0.9396136403083801,-0.8541174394277692,1766201839.2761135
-0.04580800235271454,-0.15334762632846832,-0.30975094723019736,-0.337901771068573,-0.9396136403083801,-0.8541174394277692,1766201839.276148
-0.045918144285678864,-0.1544640064239502,-0.29681832849820433,-0.337901771068573,-0.9396136403083801,-0.8541174394277692,1766201839.286104
-0.045918144285678864,-0.1544640064239502,-0.29681832849820433,-0.3319173753261566,-0.9454466700553894,-0.8549649802525805,1766201839.2860665
-0.045918144285678864,-0.1544640064239502,-0.29681832849820433,-0.3260648846626282,-0.9512640833854675,-0.8575582718893249,1766201839.296047
-0.045834846794605255,-0.1544855237007141,-0.29606464322067283,-0.3260648846626282,-0.9512640833854675,-0.8575582718893249,1766201839.296057
-0.045834846794605255,-0.1544855237007141,-0.29606464322067283,-0.32007062435150146,-0.9572394490242004,-0.8597963255322411,1766201839.3060198
-0.045834846794605255,-0.1544855237007141,-0.29606464322067283,-0.31401681900024414,-0.9635162353515625,-0.8626924660674732,1766201839.306064
-0.04591730237007141,-0.15458925068378448,-0.29447148894975034,-0.31401681900024414,-0.9635162353515625,-0.8626924660674732,1766201839.30603
-0.045989423990249634,-0.15471459925174713,-0.2929510237928786,-0.31401681900024414,-0.9635162353515625,-0.8626924660674732,1766201839.306067
-0.045989423990249634,-0.15471459925174713,-0.2929510237928786,-0.30833083391189575,-0.9691920280456543,-0.8622985429626079,1766201839.3161013
-0.045749127864837646,-0.15471872687339783,-0.2947521221573771,-0.30833083391189575,-0.9691920280456543,-0.8622985429626079,1766201839.3161376
-0.045749127864837646,-0.15471872687339783,-0.2947521221573771,-0.3020683526992798,-0.9756138324737549,-0.8649803682776357,1766201839.3261254
-0.04587695747613907,-0.1548614799976349,-0.2927013329922911,-0.3020683526992798,-0.9756138324737549,-0.8649803682776357,1766201839.3261607
-0.04587695747613907,-0.1548614799976349,-0.2927013329922911,-0.2962709069252014,-0.9814672470092773,-0.865439598369269,1766201839.336119
-0.04592225328087807,-0.15496262907981873,-0.2915438298262383,-0.2962709069252014,-0.9814672470092773,-0.865439598369269,1766201839.336154
-0.045890118926763535,-0.15499569475650787,-0.29109861909836343,-0.2962709069252014,-0.9814672470092773,-0.865439598369269,1766201839.3461316
-0.045890118926763535,-0.15499569475650787,-0.29109861909836343,-0.2901153862476349,-0.9881863594055176,-0.8691834574801042,1766201839.3460948
-0.045890118926763535,-0.15499569475650787,-0.29109861909836343,-0.2843681573867798,-0.9943425059318542,-0.8679444378012584,1766201839.3561323
-0.046146925538778305,-0.15511339902877808,-0.28681823148608065,-0.2843681573867798,-0.9943425059318542,-0.8679444378012584,1766201839.3561678
-0.046146925538778305,-0.15511339902877808,-0.28681823148608065,-0.2783435583114624,-1.0007591247558594,-0.8687666097119487,1766201839.356184
-0.04612826183438301,-0.15517504513263702,-0.28561254725646285,-0.2783435583114624,-1.0007591247558594,-0.8687666097119487,1766201839.356194
-0.04612826183438301,-0.15517504513263702,-0.28561254725646285,-0.2732919454574585,-1.006987452507019,-0.8674671244758083,1766201839.366121
-0.04604950547218323,-0.15520237386226654,-0.28518799032293796,-0.2732919454574585,-1.006987452507019,-0.8674671244758083,1766201839.366157
-0.04604950547218323,-0.15520237386226654,-0.28518799032293796,-0.26617446541786194,-1.0136058330535889,-0.8713298369410644,1766201839.376105
-0.046311452984809875,-0.1540268212556839,-0.2980149845134688,-0.26617446541786194,-1.0136058330535889,-0.8713298369410644,1766201839.3761399
-0.046311452984809875,-0.1540268212556839,-0.2980149845134688,-0.2607981860637665,-1.0198637247085571,-0.8710164956167864,1766201839.3861024
-0.04611123353242874,-0.15538018941879272,-0.28238204102506476,-0.2607981860637665,-1.0198637247085571,-0.8710164956167864,1766201839.3861382
-0.04611123353242874,-0.15538018941879272,-0.28238204102506476,-0.25404730439186096,-1.0269728899002075,-0.875046031826843,1766201839.396135
-0.04641660675406456,-0.15426084399223328,-0.2943237398396586,-0.25404730439186096,-1.0269728899002075,-0.875046031826843,1766201839.3961718
-0.04641660675406456,-0.15426084399223328,-0.2943237398396586,-0.24793308973312378,-1.0334625244140625,-0.8750723316977372,1766201839.40612
-0.04646055027842522,-0.15430231392383575,-0.2938714813606574,-0.24793308973312378,-1.0334625244140625,-0.8750723316977372,1766201839.4061553
-0.04646055027842522,-0.15430231392383575,-0.2938714813606574,-0.24188923835754395,-1.0403376817703247,-0.8752975273262139,1766201839.4061725
-0.04652002826333046,-0.15448994934558868,-0.2908944096194924,-0.24188923835754395,-1.0403376817703247,-0.8752975273262139,1766201839.4061818
-0.04652002826333046,-0.15448994934558868,-0.2908944096194924,-0.23689550161361694,-1.046525001525879,-0.8718312045020611,1766201839.4160433
-0.04660561680793762,-0.15473420917987823,-0.2873970433184182,-0.23689550161361694,-1.046525001525879,-0.8718312045020611,1766201839.416053
-0.04660561680793762,-0.15473420917987823,-0.2873970433184182,-0.23016881942749023,-1.0533441305160522,-0.8744968511193625,1766201839.4260635
-0.04660581052303314,-0.15486329793930054,-0.28540383510306816,-0.23016881942749023,-1.0533441305160522,-0.8744968511193625,1766201839.4260998
-0.04660581052303314,-0.15486329793930054,-0.28540383510306816,-0.22447693347930908,-1.0601221323013306,-0.8752157896109846,1766201839.4360933
-0.04667425900697708,-0.1549379974603653,-0.2841700019258433,-0.22447693347930908,-1.0601221323013306,-0.8752157896109846,1766201839.436128
-0.04667425900697708,-0.1549379974603653,-0.2841700019258433,-0.21849696338176727,-1.0666639804840088,-0.8740752704726995,1766201839.44613
-0.046709198504686356,-0.15498079359531403,-0.2826200615335588,-0.21849696338176727,-1.0666639804840088,-0.8740752704726995,1766201839.4461668
-0.046709198504686356,-0.15498079359531403,-0.2826200615335588,-0.2128800004720688,-1.0732219219207764,-0.874070369420434,1766201839.456107
-0.04676886647939682,-0.15507067739963531,-0.28143967009474746,-0.2128800004720688,-1.0732219219207764,-0.874070369420434,1766201839.4561417
-0.04676886647939682,-0.15507067739963531,-0.28143967009474746,-0.20712052285671234,-1.079659342765808,-0.8750755747642511,1766201839.4661252
-0.04682053253054619,-0.1551186442375183,-0.2809614518074566,-0.20712052285671234,-1.079659342765808,-0.8750755747642511,1766201839.46616
-0.04682053253054619,-0.1551186442375183,-0.2809614518074566,-0.20153693854808807,-1.0860055685043335,-0.8731887202179508,1766201839.4761186
-0.0468161478638649,-0.15530435740947723,-0.28125200307208964,-0.20153693854808807,-1.0860055685043335,-0.8731887202179508,1766201839.4761546
-0.0468161478638649,-0.15530435740947723,-0.28125200307208964,-0.19568002223968506,-1.0925710201263428,-0.8748405205711447,1766201839.476171
-0.04688020423054695,-0.15498916804790497,-0.281050861488239,-0.19568002223968506,-1.0925710201263428,-0.8748405205711447,1766201839.4761803
-0.04688020423054695,-0.15498916804790497,-0.281050861488239,-0.19089104235172272,-1.0987944602966309,-0.8717134044949238,1766201839.486087
-0.046907734125852585,-0.15540020167827606,-0.2761740959642118,-0.19089104235172272,-1.0987944602966309,-0.8717134044949238,1766201839.4860969
-0.046907734125852585,-0.15540020167827606,-0.2761740959642118,-0.18440259993076324,-1.1050828695297241,-0.8750100589747509,1766201839.4961193
-0.046941496431827545,-0.15502114593982697,-0.279509482873047,-0.18440259993076324,-1.1050828695297241,-0.8750100589747509,1766201839.4961562
-0.046941496431827545,-0.15502114593982697,-0.279509482873047,-0.17867596447467804,-1.1113723516464233,-0.8762790001732748,1766201839.5060742
-0.0470053106546402,-0.15514129400253296,-0.2785040685757371,-0.17867596447467804,-1.1113723516464233,-0.8762790001732748,1766201839.506109
-0.0470053106546402,-0.15514129400253296,-0.2785040685757371,-0.172838032245636,-1.1176393032073975,-0.8775826537119858,1766201839.5061247
-0.04708794504404068,-0.15734945237636566,-0.2539594524413727,-0.172838032245636,-1.1176393032073975,-0.8775826537119858,1766201839.506134
-0.04662060737609863,-0.1572985202074051,-0.2529730691477982,-0.172838032245636,-1.1176393032073975,-0.8775826537119858,1766201839.5160208
-0.04662060737609863,-0.1572985202074051,-0.2529730691477982,-0.16714295744895935,-1.1237715482711792,-0.878245467227369,1766201839.5160115
-0.04662060737609863,-0.1572985202074051,-0.2529730691477982,-0.16092775762081146,-1.1298222541809082,-0.8809786801366678,1766201839.5261042
-0.04712153971195221,-0.1575413942337036,-0.2510994750481479,-0.16092775762081146,-1.1298222541809082,-0.8809786801366678,1766201839.5261393
-0.04712153971195221,-0.1575413942337036,-0.2510994750481479,-0.1562063992023468,-1.1358380317687988,-0.8814695858734557,1766201839.5360599
-0.04629659652709961,-0.15737134218215942,-0.2510781281725557,-0.1562063992023468,-1.1358380317687988,-0.8814695858734557,1766201839.5360947
-0.04629659652709961,-0.15737134218215942,-0.2510781281725557,-0.14978744089603424,-1.1420296430587769,-0.8852163764193568,1766201839.5461235
-0.04753493145108223,-0.15744395554065704,-0.2466072065414755,-0.14978744089603424,-1.1420296430587769,-0.8852163764193568,1766201839.5461626
-0.04753493145108223,-0.15744395554065704,-0.2466072065414755,-0.14426983892917633,-1.1481634378433228,-0.8880315078560984,1766201839.5561056
-0.04753493145108223,-0.15744395554065704,-0.2466072065414755,-0.13872608542442322,-1.1538565158843994,-0.8888015226056221,1766201839.5561564
-0.046343568712472916,-0.1574440598487854,-0.2532176455111773,-0.13872608542442322,-1.1538565158843994,-0.8888015226056221,1766201839.5561402
-0.04715605825185776,-0.1579410582780838,-0.2453817657262304,-0.13872608542442322,-1.1538565158843994,-0.8888015226056221,1766201839.556167
-0.04715605825185776,-0.1579410582780838,-0.2453817657262304,-0.1325511932373047,-1.160099744796753,-0.8951611433567236,1766201839.575976
-0.04579917713999748,-0.15728282928466797,-0.25300993370004715,-0.1325511932373047,-1.160099744796753,-0.8951611433567236,1766201839.5759995
-0.04579917713999748,-0.15728282928466797,-0.25300993370004715,-0.12728796899318695,-1.165814995765686,-0.8971655172788838,1766201839.5760376
-0.04626469314098358,-0.15771324932575226,-0.24947839713360748,-0.12728796899318695,-1.165814995765686,-0.8971655172788838,1766201839.5760448
-0.04626469314098358,-0.15771324932575226,-0.24947839713360748,-0.12232358753681183,-1.1712939739227295,-0.89792836094819,1766201839.5860593
-0.04624227061867714,-0.15780672430992126,-0.24879866465984354,-0.12232358753681183,-1.1712939739227295,-0.89792836094819,1766201839.5860987
-0.04617186635732651,-0.1578453630208969,-0.24848935648918996,-0.12232358753681183,-1.1712939739227295,-0.89792836094819,1766201839.5960214
-0.04617186635732651,-0.1578453630208969,-0.24848935648918996,-0.11670689284801483,-1.1771787405014038,-0.9016042174283486,1766201839.596003
-0.04617186635732651,-0.1578453630208969,-0.24848935648918996,-0.11063045263290405,-1.18357253074646,-0.9096318779050203,1766201839.605985
-0.04670068994164467,-0.15841001272201538,-0.24051383286926997,-0.11063045263290405,-1.18357253074646,-0.9096318779050203,1766201839.6060061
-0.04670068994164467,-0.15841001272201538,-0.24051383286926997,-0.104596346616745,-1.1895633935928345,-0.9146826899180125,1766201839.6060164
-0.04701735079288483,-0.15858276188373566,-0.2376592987733772,-0.104596346616745,-1.1895633935928345,-0.9146826899180125,1766201839.606022
-0.04701735079288483,-0.15858276188373566,-0.2376592987733772,-0.09925907850265503,-1.1953792572021484,-0.9171529857205328,1766201839.616118
-0.046957455575466156,-0.15866072475910187,-0.2370486841329271,-0.09925907850265503,-1.1953792572021484,-0.9171529857205328,1766201839.6161604
-0.04683700203895569,-0.15867318212985992,-0.23572429267611805,-0.09925907850265503,-1.1953792572021484,-0.9171529857205328,1766201839.6261673
-0.04683700203895569,-0.15867318212985992,-0.23572429267611805,-0.09410237520933151,-1.201319932937622,-0.9227875895829291,1766201839.6261544
-0.04683700203895569,-0.15867318212985992,-0.23572429267611805,-0.0898037925362587,-1.2067137956619263,-0.9213437935235658,1766201839.636044
-0.046898871660232544,-0.15883564949035645,-0.23463584528770703,-0.0898037925362587,-1.2067137956619263,-0.9213437935235658,1766201839.636054
-0.046818360686302185,-0.15891717374324799,-0.23405576020962865,-0.0898037925362587,-1.2067137956619263,-0.9213437935235658,1766201839.646053
-0.046818360686302185,-0.15891717374324799,-0.23405576020962865,-0.08289427310228348,-1.213217854499817,-0.9328203411661101,1766201839.6460392
-0.046818360686302185,-0.15891717374324799,-0.23405576020962865,-0.07761548459529877,-1.21912682056427,-0.9341596092980163,1766201839.6560988
-0.04671759903430939,-0.1589522510766983,-0.233196363877149,-0.07761548459529877,-1.21912682056427,-0.9341596092980163,1766201839.6561341
-0.04671759903430939,-0.1589522510766983,-0.233196363877149,-0.07227031886577606,-1.225286841392517,-0.9397819046788581,1766201839.6561491
-0.04664864391088486,-0.15902064740657806,-0.23233194108281535,-0.07227031886577606,-1.225286841392517,-0.9397819046788581,1766201839.6561596
-0.04667947441339493,-0.15911483764648438,-0.23139606331616058,-0.07227031886577606,-1.225286841392517,-0.9397819046788581,1766201839.6660876
-0.04667947441339493,-0.15911483764648438,-0.23139606331616058,-0.06666527688503265,-1.2311028242111206,-0.9462666981836442,1766201839.6660502
-0.04639187082648277,-0.15909849107265472,-0.23127009058594247,-0.06666527688503265,-1.2311028242111206,-0.9462666981836442,1766201839.676063
-0.04639187082648277,-0.15909849107265472,-0.23127009058594247,-0.0612485446035862,-1.2371872663497925,-0.9498224440282287,1766201839.67605
-0.04639187082648277,-0.15909849107265472,-0.23127009058594247,-0.056338708847761154,-1.243142008781433,-0.955117816311,1766201839.6860309
-0.04502727836370468,-0.15830165147781372,-0.24107790781115243,-0.056338708847761154,-1.243142008781433,-0.955117816311,1766201839.6860657
-0.04502727836370468,-0.15830165147781372,-0.24107790781115243,-0.05270356684923172,-1.2483141422271729,-0.9524882537198758,1766201839.6961029
-0.046106137335300446,-0.1591845601797104,-0.23264158334981502,-0.05270356684923172,-1.2483141422271729,-0.9524882537198758,1766201839.6961417
-0.046106137335300446,-0.1591845601797104,-0.23264158334981502,-0.047314487397670746,-1.2546725273132324,-0.9582049814073671,1766201839.7060578
-0.046015530824661255,-0.15919120609760284,-0.2326159048587299,-0.047314487397670746,-1.2546725273132324,-0.9582049814073671,1766201839.7060916
-0.046015530824661255,-0.15919120609760284,-0.2326159048587299,-0.042654573917388916,-1.260468602180481,-0.9604830101525771,1766201839.7061079
-0.04604339227080345,-0.15922072529792786,-0.2296199640772862,-0.042654573917388916,-1.260468602180481,-0.9604830101525771,1766201839.7061164
-0.04604339227080345,-0.15922072529792786,-0.2296199640772862,-0.03572642058134079,-1.2673695087432861,-0.9704560558498273,1766201839.715978
-0.04604584723711014,-0.15931622684001923,-0.22857777218766007,-0.03572642058134079,-1.2673695087432861,-0.9704560558498273,1766201839.7159874
-0.04606170952320099,-0.15941153466701508,-0.22710129558047581,-0.03572642058134079,-1.2673695087432861,-0.9704560558498273,1766201839.7261612
-0.04606170952320099,-0.15941153466701508,-0.22710129558047581,-0.031508028507232666,-1.273004174232483,-0.97089753269132,1766201839.72615
-0.046134527772665024,-0.15959970653057098,-0.22576610714690212,-0.031508028507232666,-1.273004174232483,-0.97089753269132,1766201839.7360435
-0.046134527772665024,-0.15959970653057098,-0.22576610714690212,-0.02744128182530403,-1.2790002822875977,-0.9735386196097777,1766201839.7360322
-0.046134527772665024,-0.15959970653057098,-0.22576610714690212,-0.02076081931591034,-1.286230206489563,-0.9844361010781499,1766201839.7461088
-0.046089671552181244,-0.15967462956905365,-0.22531205818229655,-0.02076081931591034,-1.286230206489563,-0.9844361010781499,1766201839.746144
-0.046089671552181244,-0.15967462956905365,-0.22531205818229655,-0.014616698026657104,-1.2924681901931763,-0.9884883304757494,1766201839.7561226
-0.04609309136867523,-0.15981744229793549,-0.2245150349053068,-0.014616698026657104,-1.2924681901931763,-0.9884883304757494,1766201839.7561567
-0.04609309136867523,-0.15981744229793549,-0.2245150349053068,-0.010426634922623634,-1.2984110116958618,-0.9923512250894602,1766201839.7661252
-0.044111479073762894,-0.15876080095767975,-0.23776278832459008,-0.010426634922623634,-1.2984110116958618,-0.9923512250894602,1766201839.766161
-0.044111479073762894,-0.15876080095767975,-0.23776278832459008,-0.004547590389847755,-1.3047535419464111,-0.9993475369596575,1766201839.7661767
-0.0459800586104393,-0.15997111797332764,-0.22320060174019943,-0.004547590389847755,-1.3047535419464111,-0.9993475369596575,1766201839.766187
-0.0459800586104393,-0.15997111797332764,-0.22320060174019943,-0.0019965842366218567,-1.3100188970565796,-0.9969591168198181,1766201839.7760894
-0.04403620958328247,-0.1590191125869751,-0.2361951021668906,-0.0019965842366218567,-1.3100188970565796,-0.9969591168198181,1766201839.7761219
-0.04586120694875717,-0.16010870039463043,-0.22250800075990193,-0.0019965842366218567,-1.3100188970565796,-0.9969591168198181,1766201839.7861185
-0.04586120694875717,-0.16010870039463043,-0.22250800075990193,0.005188664421439171,-1.3172351121902466,-1.008546547810046,1766201839.7860863
-0.04586120694875717,-0.16010870039463043,-0.22250800075990193,0.009807534515857697,-1.3234952688217163,-1.01314296694141,1766201839.7960813
-0.04389139637351036,-0.15913352370262146,-0.23611035612059714,0.009807534515857697,-1.3234952688217163,-1.01314296694141,1766201839.7961154
-0.04389139637351036,-0.15913352370262146,-0.23611035612059714,0.014342663809657097,-1.3292464017868042,-1.0165853821928632,1766201839.8061159
-0.045728668570518494,-0.1602579653263092,-0.2223629940802588,0.014342663809657097,-1.3292464017868042,-1.0165853821928632,1766201839.806151
-0.045728668570518494,-0.1602579653263092,-0.2223629940802588,0.019335519522428513,-1.3359183073043823,-1.0219614978150924,1766201839.8160932
-0.045215778052806854,-0.16000603139400482,-0.2253893490049433,0.019335519522428513,-1.3359183073043823,-1.0219614978150924,1766201839.816128
-0.045215778052806854,-0.16000603139400482,-0.2253893490049433,0.0234982930123806,-1.3420522212982178,-1.025825720122191,1766201839.816144
-0.045619431883096695,-0.16040106117725372,-0.22198919643731482,0.0234982930123806,-1.3420522212982178,-1.025825720122191,1766201839.816154
-0.04504775255918503,-0.1600971817970276,-0.2254217057086934,0.0234982930123806,-1.3420522212982178,-1.025825720122191,1766201839.8261087
-0.04504775255918503,-0.1600971817970276,-0.2254217057086934,0.028041701763868332,-1.3479331731796265,-1.029287275476567,1766201839.826074
-0.04504775255918503,-0.1600971817970276,-0.2254217057086934,0.032173603773117065,-1.3543307781219482,-1.034868619098673,1766201839.8360674
-0.04495815187692642,-0.16015037894248962,-0.22553389964123674,0.032173603773117065,-1.3543307781219482,-1.034868619098673,1766201839.8360963
-0.044906944036483765,-0.16023166477680206,-0.2253635221981107,0.032173603773117065,-1.3543307781219482,-1.034868619098673,1766201839.8460977
-0.044906944036483765,-0.16023166477680206,-0.2253635221981107,0.037113215774297714,-1.3606888055801392,-1.0395518594254538,1766201839.8460867
-0.044906944036483765,-0.16023166477680206,-0.2253635221981107,0.04159188270568848,-1.3659170866012573,-1.0420262867162022,1766201839.8560858
-0.0448080375790596,-0.16027255356311798,-0.22555828231337113,0.04159188270568848,-1.3659170866012573,-1.0420262867162022,1766201839.856118
-0.04473333805799484,-0.16033519804477692,-0.22540875989046186,0.04159188270568848,-1.3659170866012573,-1.0420262867162022,1766201839.866165
-0.04473333805799484,-0.16033519804477692,-0.22540875989046186,0.0448828786611557,-1.3727835416793823,-1.0466500719224392,1766201839.8661299
-0.044665753841400146,-0.16037875413894653,-0.22518325589423344,0.0448828786611557,-1.3727835416793823,-1.0466500719224392,1766201839.8661914
-0.044665753841400146,-0.16037875413894653,-0.22518325589423344,0.05020381137728691,-1.3792520761489868,-1.0514128927193345,1766201839.866181
-0.044665753841400146,-0.16037875413894653,-0.22518325589423344,0.054740481078624725,-1.3850573301315308,-1.0542515395034209,1766201839.8760555
-0.04451349005103111,-0.16038644313812256,-0.2254792681491393,0.054740481078624725,-1.3850573301315308,-1.0542515395034209,1766201839.8760643
-0.04451349005103111,-0.16038644313812256,-0.2254792681491393,0.058096397668123245,-1.391193151473999,-1.05580799121425,1766201839.886098
-0.044448260217905045,-0.1604430079460144,-0.22505026129399522,0.058096397668123245,-1.391193151473999,-1.05580799121425,1766201839.8861303
-0.044448260217905045,-0.1604430079460144,-0.22505026129399522,0.06241846829652786,-1.3971649408340454,-1.0603171101178814,1766201839.8961189
-0.043152838945388794,-0.15988831222057343,-0.23250530167528874,0.06241846829652786,-1.3971649408340454,-1.0603171101178814,1766201839.8961554
-0.043152838945388794,-0.15988831222057343,-0.23250530167528874,0.06668993830680847,-1.403730869293213,-1.0627566854530888,1766201839.9061074
-0.04309733584523201,-0.1599460393190384,-0.23237018490708009,0.06668993830680847,-1.403730869293213,-1.0627566854530888,1766201839.9061408
-0.04309733584523201,-0.1599460393190384,-0.23237018490708009,0.06982381641864777,-1.409055233001709,-1.0622230021975034,1766201839.916097
-0.04294094443321228,-0.1599223017692566,-0.2326321742273999,0.06982381641864777,-1.409055233001709,-1.0622230021975034,1766201839.9161303
-0.04294094443321228,-0.1599223017692566,-0.2326321742273999,0.07306787371635437,-1.414503812789917,-1.0624881094946066,1766201839.916146
-0.0428251177072525,-0.15993809700012207,-0.23272718525123054,0.07306787371635437,-1.414503812789917,-1.0624881094946066,1766201839.9161568
-0.0428251177072525,-0.15993809700012207,-0.23272718525123054,0.0779118686914444,-1.4206883907318115,-1.0705385114528514,1766201839.9260373
-0.043074652552604675,-0.16003446280956268,-0.23100432040742436,0.0779118686914444,-1.4206883907318115,-1.0705385114528514,1766201839.9260726
-0.043074652552604675,-0.16003446280956268,-0.23100432040742436,0.08227671682834625,-1.4274712800979614,-1.074103730448736,1766201839.9360418
-0.042650673538446426,-0.1599695384502411,-0.23277347156237316,0.08227671682834625,-1.4274712800979614,-1.074103730448736,1766201839.9360523
-0.04291239008307457,-0.16006775200366974,-0.23126507015883307,0.08227671682834625,-1.4274712800979614,-1.074103730448736,1766201839.9461048
-0.04291239008307457,-0.16006775200366974,-0.23126507015883307,0.08558820188045502,-1.4327973127365112,-1.0746056326195215,1766201839.9460697
-0.04291239008307457,-0.16006775200366974,-0.23126507015883307,0.0889647901058197,-1.4385862350463867,-1.0769266588565678,1766201839.956101
-0.04357011988759041,-0.16053026914596558,-0.22632016036137598,0.0889647901058197,-1.4385862350463867,-1.0769266588565678,1766201839.9561353
-0.04357011988759041,-0.16053026914596558,-0.22632016036137598,0.09306748956441879,-1.444001317024231,-1.0786583561804375,1766201839.966088
-0.04351424425840378,-0.16054297983646393,-0.2260813854126752,0.09306748956441879,-1.444001317024231,-1.0786583561804375,1766201839.9661224
-0.04351424425840378,-0.16054297983646393,-0.2260813854126752,0.09628552943468094,-1.450001835823059,-1.079654686529125,1766201839.966138
-0.04332638904452324,-0.1604202836751938,-0.22810102281034358,0.09628552943468094,-1.450001835823059,-1.079654686529125,1766201839.966148
-0.04332638904452324,-0.1604202836751938,-0.22810102281034358,0.10035496950149536,-1.4557244777679443,-1.080952879753965,1766201839.97608
-0.04325006529688835,-0.16039414703845978,-0.22850254039263673,0.10035496950149536,-1.4557244777679443,-1.080952879753965,1766201839.976113
-0.04313308000564575,-0.1603419929742813,-0.22897316227273407,0.10035496950149536,-1.4557244777679443,-1.080952879753965,1766201839.9861543
-0.04313308000564575,-0.1603419929742813,-0.22897316227273407,0.10315075516700745,-1.4613322019577026,-1.0829384593286926,1766201839.9861202
-0.04313308000564575,-0.1603419929742813,-0.22897316227273407,0.10654623806476593,-1.4669759273529053,-1.081394096153207,1766201839.996109
-0.04307767003774643,-0.16033828258514404,-0.22897993597815092,0.10654623806476593,-1.4669759273529053,-1.081394096153207,1766201839.9961448
-0.04307767003774643,-0.16033828258514404,-0.22897993597815092,0.11003304272890091,-1.4726577997207642,-1.0826382131313943,1766201840.0061147
-0.043013669550418854,-0.16031959652900696,-0.22933380509848836,0.11003304272890091,-1.4726577997207642,-1.0826382131313943,1766201840.0061479
-0.043013669550418854,-0.16031959652900696,-0.22933380509848836,0.11390440911054611,-1.4783309698104858,-1.0829549162791405,1766201840.0061634
-0.04295196384191513,-0.16028591990470886,-0.22945623963364245,0.11390440911054611,-1.4783309698104858,-1.0829549162791405,1766201840.006173
-0.04295196384191513,-0.16028591990470886,-0.22945623963364245,0.11713729798793793,-1.484256625175476,-1.08654113933245,1766201840.0160344
-0.04296988248825073,-0.16029208898544312,-0.22894888205671485,0.11713729798793793,-1.484256625175476,-1.08654113933245,1766201840.0160432
-0.04296988248825073,-0.16029208898544312,-0.22894888205671485,0.11999683082103729,-1.4897831678390503,-1.0839335104139234,1766201840.0260084
-0.04290469363331795,-0.1602562516927719,-0.22920911491387252,0.11999683082103729,-1.4897831678390503,-1.0839335104139234,1766201840.0260189
-0.04290469363331795,-0.1602562516927719,-0.22920911491387252,0.12317834794521332,-1.4951449632644653,-1.0833076199672156,1766201840.0360715
-0.04290741682052612,-0.1602392941713333,-0.22960481229057414,0.12317834794521332,-1.4951449632644653,-1.0833076199672156,1766201840.0361023
-0.04290741682052612,-0.1602392941713333,-0.22960481229057414,0.12492745369672775,-1.4995684623718262,-1.0768951823451676,1766201840.0461013
-0.042887914925813675,-0.16020001471042633,-0.22934185773744217,0.12492745369672775,-1.4995684623718262,-1.0768951823451676,1766201840.0461364
-0.042887914925813675,-0.16020001471042633,-0.22934185773744217,0.12937678396701813,-1.5063883066177368,-1.0840428387042413,1766201840.056119
-0.04281773045659065,-0.1601472795009613,-0.22992315783804948,0.12937678396701813,-1.5063883066177368,-1.0840428387042413,1766201840.0561533
-0.04281773045659065,-0.1601472795009613,-0.22992315783804948,0.13110923767089844,-1.511327862739563,-1.0790735356515908,1766201840.0661175
-0.04287091642618179,-0.16018429398536682,-0.22933017853888704,0.13110923767089844,-1.511327862739563,-1.0790735356515908,1766201840.0661526
-0.04287091642618179,-0.16018429398536682,-0.22933017853888704,0.1354113221168518,-1.5172746181488037,-1.0821461263239809,1766201840.066169
-0.04285681992769241,-0.1601729393005371,-0.23034125614842516,0.1354113221168518,-1.5172746181488037,-1.0821461263239809,1766201840.0661788
-0.04280954599380493,-0.16010715067386627,-0.23114511535259954,0.1354113221168518,-1.5172746181488037,-1.0821461263239809,1766201840.0760405
-0.04280954599380493,-0.16010715067386627,-0.23114511535259954,0.13830842077732086,-1.5227227210998535,-1.0813365596736677,1766201840.076032
-0.042807795107364655,-0.1601617932319641,-0.23067220545765585,0.13830842077732086,-1.5227227210998535,-1.0813365596736677,1766201840.0861204
-0.042807795107364655,-0.1601617932319641,-0.23067220545765585,0.14104755222797394,-1.5275863409042358,-1.0801773940239614,1766201840.0860898
-0.04280593991279602,-0.16011685132980347,-0.23074824723259954,0.14104755222797394,-1.5275863409042358,-1.0801773940239614,1766201840.0960662
-0.04280593991279602,-0.16011685132980347,-0.23074824723259954,0.1444801241159439,-1.5331777334213257,-1.079396300925722,1766201840.0960522
-0.04276419058442116,-0.1600680649280548,-0.23142148165348278,0.1444801241159439,-1.5331777334213257,-1.079396300925722,1766201840.1061246
-0.04276419058442116,-0.1600680649280548,-0.23142148165348278,0.14722639322280884,-1.5384111404418945,-1.0765812975102569,1766201840.1060934
-0.042718395590782166,-0.1600160151720047,-0.23148262744553086,0.14722639322280884,-1.5384111404418945,-1.0765812975102569,1766201840.1061485
-0.042718395590782166,-0.1600160151720047,-0.23148262744553086,0.15034982562065125,-1.5435526371002197,-1.0768114095831802,1766201840.1061397
-0.04267037287354469,-0.1599729210138321,-0.231533693829151,0.15034982562065125,-1.5435526371002197,-1.0768114095831802,1766201840.1161108
-0.04267037287354469,-0.1599729210138321,-0.231533693829151,0.15315604209899902,-1.548630952835083,-1.074420632231179,1766201840.1160784
-0.04267037287354469,-0.1599729210138321,-0.231533693829151,0.1556152105331421,-1.5539262294769287,-1.074055326124219,1766201840.1260328
-0.042601391673088074,-0.1599271297454834,-0.23151418684762765,0.1556152105331421,-1.5539262294769287,-1.074055326124219,1766201840.1260648
-0.042601391673088074,-0.1599271297454834,-0.23151418684762765,0.15867356956005096,-1.558789849281311,-1.0724198684289385,1766201840.1360414
-0.042578794062137604,-0.15989910066127777,-0.23166837284182717,0.15867356956005096,-1.558789849281311,-1.0724198684289385,1766201840.136052
-0.042463742196559906,-0.15981142222881317,-0.23252708363851765,0.15867356956005096,-1.558789849281311,-1.0724198684289385,1766201840.1460574
-0.042463742196559906,-0.15981142222881317,-0.23252708363851765,0.16162849962711334,-1.563735008239746,-1.0713622114813475,1766201840.1460435
-0.04246646910905838,-0.1598268300294876,-0.231045523464532,0.16162849962711334,-1.563735008239746,-1.0713622114813475,1766201840.1561203
-0.04246646910905838,-0.1598268300294876,-0.231045523464532,0.16365690529346466,-1.5681250095367432,-1.067059752811646,1766201840.1560886
-0.04246646910905838,-0.1598268300294876,-0.231045523464532,0.16727368533611298,-1.5734703540802002,-1.0703217359612145,1766201840.1661139
-0.04217590019106865,-0.15967075526714325,-0.23467692745838306,0.16727368533611298,-1.5734703540802002,-1.0703217359612145,1766201840.1661496
-0.04217590019106865,-0.15967075526714325,-0.23467692745838306,0.16948392987251282,-1.5781491994857788,-1.0695976214606258,1766201840.1661649
-0.04231471195816994,-0.15971413254737854,-0.23251209074222023,0.16948392987251282,-1.5781491994857788,-1.0695976214606258,1766201840.1661754
-0.04231471195816994,-0.15971413254737854,-0.23251209074222023,0.17232775688171387,-1.5828155279159546,-1.0670103653499805,1766201840.1761274
-0.042245764285326004,-0.15969131886959076,-0.2319468789927651,0.17232775688171387,-1.5828155279159546,-1.0670103653499805,1766201840.1761615
-0.042245764285326004,-0.15969131886959076,-0.2319468789927651,0.1754075586795807,-1.5876628160476685,-1.0686428749076953,1766201840.1861272
-0.04220786318182945,-0.1596870720386505,-0.23142954547359681,0.1754075586795807,-1.5876628160476685,-1.0686428749076953,1766201840.186161
-0.04220786318182945,-0.1596870720386505,-0.23142954547359681,0.1772487461566925,-1.5917162895202637,-1.0636404859443278,1766201840.1961012
-0.042139116674661636,-0.15961237251758575,-0.23178042269726665,0.1772487461566925,-1.5917162895202637,-1.0636404859443278,1766201840.196137
-0.04204390197992325,-0.159579336643219,-0.23197975425179787,0.1772487461566925,-1.5917162895202637,-1.0636404859443278,1766201840.2061298
-0.04204390197992325,-0.159579336643219,-0.23197975425179787,0.1812322437763214,-1.5970509052276611,-1.067326375093708,1766201840.2060983
-0.04204390197992325,-0.159579336643219,-0.23197975425179787,0.18363282084465027,-1.6014899015426636,-1.0661932035299535,1766201840.2161021
-0.042006753385066986,-0.15954510867595673,-0.23236430244324482,0.18363282084465027,-1.6014899015426636,-1.0661932035299535,1766201840.216136
-0.042006753385066986,-0.15954510867595673,-0.23236430244324482,0.1860896497964859,-1.6061958074569702,-1.0670526817365311,1766201840.216152
-0.041935402899980545,-0.15952342748641968,-0.2320385143866086,0.1860896497964859,-1.6061958074569702,-1.0670526817365311,1766201840.2161624
-0.041935402899980545,-0.15952342748641968,-0.2320385143866086,0.18884088099002838,-1.610573172569275,-1.06610399581392,1766201840.2261033
-0.041878096759319305,-0.15947173535823822,-0.23236759905257567,0.18884088099002838,-1.610573172569275,-1.06610399581392,1766201840.2261362
-0.04158835858106613,-0.15938560664653778,-0.23492700069692785,0.18884088099002838,-1.610573172569275,-1.06610399581392,1766201840.2361207
-0.04158835858106613,-0.15938560664653778,-0.23492700069692785,0.1913829892873764,-1.6148489713668823,-1.0670398951699807,1766201840.2360885
-0.04158835858106613,-0.15938560664653778,-0.23492700069692785,0.19391506910324097,-1.619330883026123,-1.0655229921355287,1766201840.2460568
-0.04118044674396515,-0.15911656618118286,-0.2361468488904351,0.19391506910324097,-1.619330883026123,-1.0655229921355287,1766201840.2460902
-0.04118044674396515,-0.15911656618118286,-0.2361468488904351,0.1965220421552658,-1.6236951351165771,-1.0655217603808569,1766201840.2561326
-0.041432011872529984,-0.15931670367717743,-0.23574821436720206,0.1965220421552658,-1.6236951351165771,-1.0655217603808569,1766201840.2561677
-0.041432011872529984,-0.15931670367717743,-0.23574821436720206,0.19819848239421844,-1.6278849840164185,-1.0640244869689965,1766201840.2561972
-0.04139386862516403,-0.15932607650756836,-0.23569167087828224,0.19819848239421844,-1.6278849840164185,-1.0640244869689965,1766201840.2562084
-0.04131658375263214,-0.15930496156215668,-0.23629491871717254,0.19819848239421844,-1.6278849840164185,-1.0640244869689965,1766201840.2661116
-0.04131658375263214,-0.15930496156215668,-0.23629491871717254,0.20104099810123444,-1.6318800449371338,-1.0650454395251374,1766201840.2660778
-0.04131658375263214,-0.15930496156215668,-0.23629491871717254,0.2037009447813034,-1.6366854906082153,-1.0665784621959407,1766201840.276096
-0.04149225354194641,-0.15935762226581573,-0.23326761968119641,0.2037009447813034,-1.6366854906082153,-1.0665784621959407,1766201840.2761302
-0.04149225354194641,-0.15935762226581573,-0.23326761968119641,0.20624525845050812,-1.6404755115509033,-1.0670361258238272,1766201840.2860339
-0.041322559118270874,-0.1593666672706604,-0.23741222219635516,0.20624525845050812,-1.6404755115509033,-1.0670361258238272,1766201840.2860448
-0.04094180464744568,-0.15915939211845398,-0.23975459410404187,0.20624525845050812,-1.6404755115509033,-1.0670361258238272,1766201840.2960567
-0.04094180464744568,-0.15915939211845398,-0.23975459410404187,0.20828483998775482,-1.6441510915756226,-1.0663671569487516,1766201840.2960443
-0.041190508753061295,-0.15928710997104645,-0.23660762031290583,0.20828483998775482,-1.6441510915756226,-1.0663671569487516,1766201840.306104
-0.041190508753061295,-0.15928710997104645,-0.23660762031290583,0.21064519882202148,-1.648293375968933,-1.0646180787696067,1766201840.3060708
-0.041076842695474625,-0.15925364196300507,-0.23788997214600563,0.21064519882202148,-1.648293375968933,-1.0646180787696067,1766201840.306129
-0.041076842695474625,-0.15925364196300507,-0.23788997214600563,0.21328972280025482,-1.6522231101989746,-1.0658190858728633,1766201840.30612
-0.04055082052946091,-0.15902766585350037,-0.23799335444703512,0.21328972280025482,-1.6522231101989746,-1.0658190858728633,1766201840.316111
-0.04055082052946091,-0.15902766585350037,-0.23799335444703512,0.215278759598732,-1.656141757965088,-1.0656586976157796,1766201840.316076
-0.04055082052946091,-0.15902766585350037,-0.23799335444703512,0.2164973020553589,-1.659297227859497,-1.0612903606405992,1766201840.3261142
-0.04055037349462509,-0.15899695456027985,-0.23783021836158053,0.2164973020553589,-1.659297227859497,-1.0612903606405992,1766201840.326149
-0.040451329201459885,-0.15892773866653442,-0.23857170582005452,0.2164973020553589,-1.659297227859497,-1.0612903606405992,1766201840.3361025
-0.040451329201459885,-0.15892773866653442,-0.23857170582005452,0.21962562203407288,-1.6634900569915771,-1.0655959757835838,1766201840.336068
-0.040451329201459885,-0.15892773866653442,-0.23857170582005452,0.22238007187843323,-1.667170763015747,-1.067019054319828,1766201840.3461168
-0.04036806523799896,-0.1588599681854248,-0.2392214230152733,0.22238007187843323,-1.667170763015747,-1.067019054319828,1766201840.346153
-0.040289320051670074,-0.15878455340862274,-0.23988681651117522,0.22238007187843323,-1.667170763015747,-1.067019054319828,1766201840.3561323
-0.040289320051670074,-0.15878455340862274,-0.23988681651117522,0.224548801779747,-1.6711457967758179,-1.0670568710526083,1766201840.3560984
-0.040485598146915436,-0.1589137762784958,-0.24104405215464672,0.224548801779747,-1.6711457967758179,-1.0670568710526083,1766201840.3561585
-0.040485598146915436,-0.1589137762784958,-0.24104405215464672,0.22690685093402863,-1.674633264541626,-1.0666262713034456,1766201840.3561478
-0.040485598146915436,-0.1589137762784958,-0.24104405215464672,0.228973388671875,-1.6783716678619385,-1.0667592590037753,1766201840.3760674
-0.04039418697357178,-0.15879590809345245,-0.24201053657368776,0.228973388671875,-1.6783716678619385,-1.0667592590037753,1766201840.3760996
-0.04039418697357178,-0.15879590809345245,-0.24201053657368776,0.2307184338569641,-1.6822292804718018,-1.0660937609396126,1766201840.3761168
-0.0404287725687027,-0.1587921679019928,-0.24180208310471554,0.2307184338569641,-1.6822292804718018,-1.0660937609396126,1766201840.376126
-0.0404287725687027,-0.1587921679019928,-0.24180208310471554,0.23192903399467468,-1.6848779916763306,-1.0618952820236074,1766201840.3860223
-0.0403965562582016,-0.1587330549955368,-0.24216414616888446,0.23192903399467468,-1.6848779916763306,-1.0618952820236074,1766201840.3860571
-0.0403965562582016,-0.1587330549955368,-0.24216414616888446,0.23461826145648956,-1.6889111995697021,-1.0669925408172216,1766201840.3960772
-0.04001579433679581,-0.1584169715642929,-0.24292542195528466,0.23461826145648956,-1.6889111995697021,-1.0669925408172216,1766201840.3961105
-0.04001579433679581,-0.1584169715642929,-0.24292542195528466,0.23700138926506042,-1.6923177242279053,-1.068639755376814,1766201840.4060311
-0.04031111299991608,-0.1585208624601364,-0.24464285066049624,0.23700138926506042,-1.6923177242279053,-1.068639755376814,1766201840.4060624
-0.04031111299991608,-0.1585208624601364,-0.24464285066049624,0.23870602250099182,-1.6955235004425049,-1.0659854525280874,1766201840.4160695
-0.040746334940195084,-0.15868768095970154,-0.2419895867956961,0.23870602250099182,-1.6955235004425049,-1.0659854525280874,1766201840.4161034
-0.040746334940195084,-0.15868768095970154,-0.2419895867956961,0.24102932214736938,-1.6992172002792358,-1.0703058906780758,1766201840.4161186
-0.040515027940273285,-0.15850597620010376,-0.24289365460822324,0.24102932214736938,-1.6992172002792358,-1.0703058906780758,1766201840.416129
-0.04043012857437134,-0.15838158130645752,-0.24404620899316704,0.24102932214736938,-1.6992172002792358,-1.0703058906780758,1766201840.4260924
-0.04043012857437134,-0.15838158130645752,-0.24404620899316704,0.24241575598716736,-1.701647400856018,-1.065594603757618,1766201840.4260585
-0.04043012857437134,-0.15838158130645752,-0.24404620899316704,0.24481163918972015,-1.7056471109390259,-1.069446680495623,1766201840.436068
-0.040426529943943024,-0.15833525359630585,-0.24416822999343007,0.24481163918972015,-1.7056471109390259,-1.069446680495623,1766201840.4361026
-0.04011744260787964,-0.1583203822374344,-0.2407692138267605,0.24481163918972015,-1.7056471109390259,-1.069446680495623,1766201840.446081
-0.04011744260787964,-0.1583203822374344,-0.2407692138267605,0.24559810757637024,-1.7078460454940796,-1.064285410840908,1766201840.4460466
-0.04011744260787964,-0.1583203822374344,-0.2407692138267605,0.2487240433692932,-1.7115156650543213,-1.0702663662750214,1766201840.4560785
-0.04029509052634239,-0.15835903584957123,-0.24066913989915298,0.2487240433692932,-1.7115156650543213,-1.0702663662750214,1766201840.4561117
-0.04035419970750809,-0.1583530157804489,-0.24113600784542885,0.2487240433692932,-1.7115156650543213,-1.0702663662750214,1766201840.4660952
-0.04035419970750809,-0.1583530157804489,-0.24113600784542885,0.2503592073917389,-1.7146172523498535,-1.0699119587164598,1766201840.466061
-0.04146020486950874,-0.1582638919353485,-0.23962952450549835,0.2503592073917389,-1.7146172523498535,-1.0699119587164598,1766201840.4760954
-0.04146020486950874,-0.1582638919353485,-0.23962952450549835,0.25203293561935425,-1.7175376415252686,-1.0693654900784635,1766201840.476062
-0.03874117508530617,-0.15770475566387177,-0.25043099938635616,0.25203293561935425,-1.7175376415252686,-1.0693654900784635,1766201840.4761217
-0.03874117508530617,-0.15770475566387177,-0.25043099938635616,0.25366130471229553,-1.720311164855957,-1.0688065984471473,1766201840.4761121
-0.03874117508530617,-0.15770475566387177,-0.25043099938635616,0.25612133741378784,-1.723779320716858,-1.0714546446699929,1766201840.4860265
-0.04036248102784157,-0.15837711095809937,-0.24414419523555556,0.25612133741378784,-1.723779320716858,-1.0714546446699929,1766201840.4860618
-0.04036248102784157,-0.15837711095809937,-0.24414419523555556,0.2572992146015167,-1.7263120412826538,-1.0711112363387365,1766201840.4960463
-0.04024021327495575,-0.15831246972084045,-0.2447415892756035,0.2572992146015167,-1.7263120412826538,-1.0711112363387365,1766201840.4960568
-0.0381232351064682,-0.15736602246761322,-0.2528017574671298,0.2572992146015167,-1.7263120412826538,-1.0711112363387365,1766201840.5059586
-0.0381232351064682,-0.15736602246761322,-0.2528017574671298,0.2586391568183899,-1.7290655374526978,-1.0702745983545945,1766201840.505949
-0.0381232351064682,-0.15736602246761322,-0.2528017574671298,0.2596868574619293,-1.7311620712280273,-1.0660971458053667,1766201840.5161
-0.04080769792199135,-0.1579703688621521,-0.24277126737857935,0.2596868574619293,-1.7311620712280273,-1.0660971458053667,1766201840.5161347
-0.04080769792199135,-0.1579703688621521,-0.24277126737857935,0.26213008165359497,-1.7345980405807495,-1.0717872527252228,1766201840.5161507
-0.04058028385043144,-0.15795348584651947,-0.24265581844063813,0.26213008165359497,-1.7345980405807495,-1.0717872527252228,1766201840.5161614
-0.04058028385043144,-0.15795348584651947,-0.24265581844063813,0.26302003860473633,-1.7363345623016357,-1.0678469985658816,1766201840.5259528
-0.040575169026851654,-0.15794424712657928,-0.24358194447187806,0.26302003860473633,-1.7363345623016357,-1.0678469985658816,1766201840.5259645
-0.040575169026851654,-0.15794424712657928,-0.24358194447187806,0.26428213715553284,-1.7390215396881104,-1.067833124855969,1766201840.5360541
-0.03911317139863968,-0.1556108146905899,-0.26806115647581163,0.26428213715553284,-1.7390215396881104,-1.067833124855969,1766201840.536089
-0.03911317139863968,-0.1556108146905899,-0.26806115647581163,0.26657843589782715,-1.7419215440750122,-1.0706006745100527,1766201840.546052
-0.039530329406261444,-0.15558116137981415,-0.2706343645644226,0.26657843589782715,-1.7419215440750122,-1.0706006745100527,1766201840.5460875
-0.039530329406261444,-0.15558116137981415,-0.2706343645644226,0.2671215832233429,-1.7439082860946655,-1.0671974079292461,1766201840.5560741
-0.039374031126499176,-0.15579238533973694,-0.2689058869252232,0.2671215832233429,-1.7439082860946655,-1.0671974079292461,1766201840.5561094
-0.039374031126499176,-0.15579238533973694,-0.2689058869252232,0.2687864601612091,-1.7463550567626953,-1.06737079194517,1766201840.5561256
-0.03917410969734192,-0.15794605016708374,-0.24615184237810578,0.2687864601612091,-1.7463550567626953,-1.06737079194517,1766201840.5561357
-0.03917410969734192,-0.15794605016708374,-0.24615184237810578,0.2702886462211609,-1.7488486766815186,-1.0673929227776136,1766201840.5661497
-0.03900870308279991,-0.15789613127708435,-0.24625125414360452,0.2702886462211609,-1.7488486766815186,-1.0673929227776136,1766201840.5661838
-0.03900870308279991,-0.15789613127708435,-0.24625125414360452,0.2722897529602051,-1.7515076398849487,-1.0716535278897306,1766201840.5760396
-0.03880724683403969,-0.15785638988018036,-0.2464282618264138,0.2722897529602051,-1.7515076398849487,-1.0716535278897306,1766201840.5760489
-0.03843371570110321,-0.1579631268978119,-0.24892260157207446,0.2722897529602051,-1.7515076398849487,-1.0716535278897306,1766201840.5860047
-0.03843371570110321,-0.1579631268978119,-0.24892260157207446,0.27281349897384644,-1.752968668937683,-1.0667885695507062,1766201840.5859928
-0.03843371570110321,-0.1579631268978119,-0.24892260157207446,0.27545249462127686,-1.7558884620666504,-1.0724246364366494,1766201840.5960166
-0.03815385326743126,-0.15769094228744507,-0.24734945936499703,0.27545249462127686,-1.7558884620666504,-1.0724246364366494,1766201840.5960312
-0.03815385326743126,-0.15769094228744507,-0.24734945936499703,0.27637994289398193,-1.7582157850265503,-1.0723968268005017,1766201840.6061053
-0.03813386708498001,-0.15781188011169434,-0.24738073666771415,0.27637994289398193,-1.7582157850265503,-1.0723968268005017,1766201840.6061375
-0.037655673921108246,-0.1576465666294098,-0.2482682951422001,0.27637994289398193,-1.7582157850265503,-1.0723968268005017,1766201840.6161115
-0.037655673921108246,-0.1576465666294098,-0.2482682951422001,0.27767321467399597,-1.7600892782211304,-1.0726124366253007,1766201840.61608
-0.03747209906578064,-0.15762600302696228,-0.24839583419475844,0.27767321467399597,-1.7600892782211304,-1.0726124366253007,1766201840.616138
-0.03747209906578064,-0.15762600302696228,-0.24839583419475844,0.2792785167694092,-1.7620890140533447,-1.073734126279401,1766201840.6161273
-0.03747209906578064,-0.15762600302696228,-0.24839583419475844,0.28017905354499817,-1.7646379470825195,-1.0736479845121514,1766201840.6260552
-0.037545446306467056,-0.1578114777803421,-0.2467077682131608,0.28017905354499817,-1.7646379470825195,-1.0736479845121514,1766201840.6260667
-0.037545446306467056,-0.1578114777803421,-0.2467077682131608,0.2815398871898651,-1.7662971019744873,-1.072227154895415,1766201840.6361008
-0.03709851950407028,-0.15769235789775848,-0.24794710799159275,0.2815398871898651,-1.7662971019744873,-1.072227154895415,1766201840.6361349
-0.036846231669187546,-0.15773846209049225,-0.24937251022035517,0.2815398871898651,-1.7662971019744873,-1.072227154895415,1766201840.646165
-0.036846231669187546,-0.15773846209049225,-0.24937251022035517,0.2824679911136627,-1.7683846950531006,-1.0736873789108612,1766201840.6461298
-0.03658676892518997,-0.1577223241329193,-0.2502551966287808,0.2824679911136627,-1.7683846950531006,-1.0736873789108612,1766201840.6561573
-0.03658676892518997,-0.1577223241329193,-0.2502551966287808,0.2823781669139862,-1.7696298360824585,-1.0678113726390086,1766201840.6561236
-0.03587326779961586,-0.15748906135559082,-0.2553764048657709,0.2823781669139862,-1.7696298360824585,-1.0678113726390086,1766201840.6561837
-0.03587326779961586,-0.15748906135559082,-0.2553764048657709,0.2841121554374695,-1.7716540098190308,-1.0687226585882823,1766201840.6561732
-0.0360095277428627,-0.1576305627822876,-0.2520917866553772,0.2841121554374695,-1.7716540098190308,-1.0687226585882823,1766201840.6661487
-0.0360095277428627,-0.1576305627822876,-0.2520917866553772,0.28580328822135925,-1.773788571357727,-1.0734309785212044,1766201840.6661398
-0.0360095277428627,-0.1576305627822876,-0.2520917866553772,0.2855471670627594,-1.774925708770752,-1.0675648605561514,1766201840.6760695
-0.03622553497552872,-0.15615183115005493,-0.26922249705366236,0.2855471670627594,-1.774925708770752,-1.0675648605561514,1766201840.6761024
-0.03606273978948593,-0.15604130923748016,-0.2703960733362231,0.2855471670627594,-1.774925708770752,-1.0675648605561514,1766201840.6861625
-0.03606273978948593,-0.15604130923748016,-0.2703960733362231,0.2869187593460083,-1.7768635749816895,-1.068387573970462,1766201840.6861286
-0.035304371267557144,-0.15745338797569275,-0.25535072479376536,0.2869187593460083,-1.7768635749816895,-1.068387573970462,1766201840.6960278
-0.035304371267557144,-0.15745338797569275,-0.25535072479376536,0.2888815999031067,-1.7789580821990967,-1.070412868495672,1766201840.6960175
-0.03516998887062073,-0.15748748183250427,-0.2548756209171467,0.2888815999031067,-1.7789580821990967,-1.070412868495672,1766201840.7061205
-0.03516998887062073,-0.15748748183250427,-0.2548756209171467,0.2898441255092621,-1.7805917263031006,-1.0708545897769468,1766201840.706088
-0.03500983119010925,-0.15751390159130096,-0.2545047352438208,0.2898441255092621,-1.7805917263031006,-1.0708545897769468,1766201840.7061462
-0.03500983119010925,-0.15751390159130096,-0.2545047352438208,0.29143476486206055,-1.7826204299926758,-1.0737070266302893,1766201840.7061367
-0.03500983119010925,-0.15751390159130096,-0.2545047352438208,0.29235121607780457,-1.7841660976409912,-1.0737558174892299,1766201840.7160325
-0.034799207001924515,-0.15754646062850952,-0.2556284239323225,0.29235121607780457,-1.7841660976409912,-1.0737558174892299,1766201840.7160416
-0.034799207001924515,-0.15754646062850952,-0.2556284239323225,0.29277703166007996,-1.785369634628296,-1.0727261266315986,1766201840.7260573
-0.03426600992679596,-0.157497838139534,-0.2593242121663542,0.29277703166007996,-1.785369634628296,-1.0727261266315986,1766201840.7260685
-0.03426600992679596,-0.157497838139534,-0.2593242121663542,0.29376500844955444,-1.7872498035430908,-1.0723075716726693,1766201840.73612
-0.034068766981363297,-0.15749214589595795,-0.26016493864562235,0.29376500844955444,-1.7872498035430908,-1.0723075716726693,1766201840.7361543
-0.034068766981363297,-0.15749214589595795,-0.26016493864562235,0.29479461908340454,-1.7894059419631958,-1.075384964115699,1766201840.746073
-0.03297160193324089,-0.1570190191268921,-0.26460570680209994,0.29479461908340454,-1.7894059419631958,-1.075384964115699,1766201840.7461066
-0.032795824110507965,-0.15707652270793915,-0.26501681600721216,0.29479461908340454,-1.7894059419631958,-1.075384964115699,1766201840.7561235
-0.032795824110507965,-0.15707652270793915,-0.26501681600721216,0.295945405960083,-1.7900408506393433,-1.0741936467718003,1766201840.7560928
-0.03268764540553093,-0.15713009238243103,-0.2656211260861908,0.295945405960083,-1.7900408506393433,-1.0741936467718003,1766201840.7561505
-0.03268764540553093,-0.15713009238243103,-0.2656211260861908,0.29671716690063477,-1.7924509048461914,-1.0756474423092597,1766201840.7561402
-0.03245929628610611,-0.15715907514095306,-0.26623650860322634,0.29671716690063477,-1.7924509048461914,-1.0756474423092597,1766201840.766173
-0.03245929628610611,-0.15715907514095306,-0.26623650860322634,0.296342134475708,-1.7929480075836182,-1.068871360474392,1766201840.7661376
-0.03245929628610611,-0.15715907514095306,-0.26623650860322634,0.29817691445350647,-1.794844150543213,-1.0746912798045656,1766201840.7861083
-0.03240365535020828,-0.15727552771568298,-0.26659347224195723,0.29817691445350647,-1.794844150543213,-1.0746912798045656,1766201840.7861426
-0.03240365535020828,-0.15727552771568298,-0.26659347224195723,0.2986520826816559,-1.795774221420288,-1.0718973000953538,1766201840.7861588
-0.032217688858509064,-0.15731340646743774,-0.2668420360181196,0.2986520826816559,-1.795774221420288,-1.0718973000953538,1766201840.7861679
-0.031850673258304596,-0.1573161482810974,-0.26811632856530443,0.2986520826816559,-1.795774221420288,-1.0718973000953538,1766201840.7960176
-0.031850673258304596,-0.1573161482810974,-0.26811632856530443,0.29982393980026245,-1.7970730066299438,-1.0731966956722498,1766201840.7960064
-0.031850673258304596,-0.1573161482810974,-0.26811632856530443,0.3002344071865082,-1.7985152006149292,-1.0733963990090607,1766201840.8060813
-0.033370211720466614,-0.15812258422374725,-0.25710038386699946,0.3002344071865082,-1.7985152006149292,-1.0733963990090607,1766201840.8060935
-0.0331939272582531,-0.15820744633674622,-0.2578348696676886,0.3002344071865082,-1.7985152006149292,-1.0733963990090607,1766201840.8161533
-0.0331939272582531,-0.15820744633674622,-0.2578348696676886,0.3007745146751404,-1.7996997833251953,-1.0725307556844628,1766201840.8161194
-0.03245995566248894,-0.15793167054653168,-0.2632444255010181,0.3007745146751404,-1.7996997833251953,-1.0725307556844628,1766201840.8161802
-0.03245995566248894,-0.15793167054653168,-0.2632444255010181,0.30135682225227356,-1.8009110689163208,-1.0720743627550644,1766201840.8161697
-0.03245995566248894,-0.15793167054653168,-0.2632444255010181,0.3007661700248718,-1.8014158010482788,-1.06696458768367,1766201840.8261101
-0.03224228322505951,-0.15798264741897583,-0.26376686353800843,0.3007661700248718,-1.8014158010482788,-1.06696458768367,1766201840.8261437
-0.03203272819519043,-0.15807569026947021,-0.26507269978719833,0.3007661700248718,-1.8014158010482788,-1.06696458768367,1766201840.836062
-0.03203272819519043,-0.15807569026947021,-0.26507269978719833,0.3021131753921509,-1.8025875091552734,-1.068964397922922,1766201840.8360503
-0.031951457262039185,-0.15831957757472992,-0.263338961342266,0.3021131753921509,-1.8025875091552734,-1.068964397922922,1766201840.846075
-0.031951457262039185,-0.15831957757472992,-0.263338961342266,0.3033939599990845,-1.8042523860931396,-1.0728713158298784,1766201840.8460593
-0.031951457262039185,-0.15831957757472992,-0.263338961342266,0.3034977912902832,-1.8047775030136108,-1.0704340472020781,1766201840.8561296
-0.031815990805625916,-0.15843911468982697,-0.26413048670348355,0.3034977912902832,-1.8047775030136108,-1.0704340472020781,1766201840.8561637
-0.031815990805625916,-0.15843911468982697,-0.26413048670348355,0.30429384112358093,-1.8060150146484375,-1.0732744099709188,1766201840.8561804
-0.03169618919491768,-0.15857848525047302,-0.2649076618996667,0.30429384112358093,-1.8060150146484375,-1.0732744099709188,1766201840.856191
-0.03154069185256958,-0.15869437158107758,-0.2655191108392996,0.30429384112358093,-1.8060150146484375,-1.0732744099709188,1766201840.8660645
-0.03154069185256958,-0.15869437158107758,-0.2655191108392996,0.3048965334892273,-1.8073278665542603,-1.075566382127658,1766201840.8660545
-0.03154069185256958,-0.15869437158107758,-0.2655191108392996,0.30458855628967285,-1.806870937347412,-1.0689211442470083,1766201840.8760824
-0.03139108046889305,-0.15883399546146393,-0.26612252819139354,0.30458855628967285,-1.806870937347412,-1.0689211442470083,1766201840.8761253
-0.0312776118516922,-0.15895646810531616,-0.26697443713052504,0.30458855628967285,-1.806870937347412,-1.0689211442470083,1766201840.8861034
-0.0312776118516922,-0.15895646810531616,-0.26697443713052504,0.3054863214492798,-1.8075484037399292,-1.071030372456219,1766201840.886072
-0.0312776118516922,-0.15895646810531616,-0.26697443713052504,0.3053244352340698,-1.8080346584320068,-1.0685473304793913,1766201840.8960524
-0.031616926193237305,-0.15712590515613556,-0.28651262799531046,0.3053244352340698,-1.8080346584320068,-1.0685473304793913,1766201840.8960931
-0.031616926193237305,-0.15712590515613556,-0.28651262799531046,0.3058261275291443,-1.8085907697677612,-1.0690758771015936,1766201840.9061012
-0.031573012471199036,-0.15738846361637115,-0.28659779992111417,0.3058261275291443,-1.8085907697677612,-1.0690758771015936,1766201840.9061325
-0.031573012471199036,-0.15738846361637115,-0.28659779992111417,0.3070842921733856,-1.8100404739379883,-1.07401403207733,1766201840.9161012
-0.031061984598636627,-0.15941579639911652,-0.2664009355792681,0.3070842921733856,-1.8100404739379883,-1.07401403207733,1766201840.9161355
-0.031061984598636627,-0.15941579639911652,-0.2664009355792681,0.30745676159858704,-1.8105107545852661,-1.0737570206311933,1766201840.9161513
-0.031032763421535492,-0.15968123078346252,-0.26578283280471593,0.30745676159858704,-1.8105107545852661,-1.0737570206311933,1766201840.9161618
-0.03203791007399559,-0.15995705127716064,-0.2602711077219746,0.30745676159858704,-1.8105107545852661,-1.0737570206311933,1766201840.9261258
-0.03203791007399559,-0.15995705127716064,-0.2602711077219746,0.3076538145542145,-1.8107761144638062,-1.0732468869698275,1766201840.9260914
-0.03203791007399559,-0.15995705127716064,-0.2602711077219746,0.30789828300476074,-1.8110853433609009,-1.073593067121916,1766201840.9360425
-0.03130621835589409,-0.1603809893131256,-0.26365310520489904,0.30789828300476074,-1.8110853433609009,-1.073593067121916,1766201840.9360526
-0.031240683048963547,-0.1605476289987564,-0.26449360742179745,0.30789828300476074,-1.8110853433609009,-1.073593067121916,1766201840.946144
-0.031240683048963547,-0.1605476289987564,-0.26449360742179745,0.3078143894672394,-1.8112175464630127,-1.0720308827616074,1766201840.946109
-0.031240683048963547,-0.1605476289987564,-0.26449360742179745,0.3082496225833893,-1.8117605447769165,-1.0738046108543922,1766201840.9561205
-0.031123097985982895,-0.16070590913295746,-0.2648454188793702,0.3082496225833893,-1.8117605447769165,-1.0738046108543922,1766201840.9561553
-0.031028946861624718,-0.16085076332092285,-0.2654953565861477,0.3082496225833893,-1.8117605447769165,-1.0738046108543922,1766201840.9661548
-0.031028946861624718,-0.16085076332092285,-0.2654953565861477,0.3084276020526886,-1.8121105432510376,-1.0738173504043171,1766201840.9661205
-0.03092179074883461,-0.16097094118595123,-0.2661969512041957,0.3084276020526886,-1.8121105432510376,-1.0738173504043171,1766201840.9661798
-0.03092179074883461,-0.16097094118595123,-0.2661969512041957,0.30836379528045654,-1.8123719692230225,-1.074799922870408,1766201840.9661696
-0.03092179074883461,-0.16097094118595123,-0.2661969512041957,0.3088677227497101,-1.812849521636963,-1.0738591853072503,1766201840.976012
-0.03140643984079361,-0.16089752316474915,-0.26439747217157,0.3088677227497101,-1.812849521636963,-1.0738591853072503,1766201840.9760203
-0.03140643984079361,-0.16089752316474915,-0.26439747217157,0.3080408275127411,-1.812406063079834,-1.0701206368461609,1766201840.9861405
-0.03127294033765793,-0.16102489829063416,-0.26518351525861583,0.3080408275127411,-1.812406063079834,-1.0701206368461609,1766201840.986174
-0.03127294033765793,-0.16102489829063416,-0.26518351525861583,0.30891314148902893,-1.8129618167877197,-1.0744891356405082,1766201840.996117
-0.031173786148428917,-0.16114792227745056,-0.26566967878518644,0.30891314148902893,-1.8129618167877197,-1.0744891356405082,1766201840.996153
-0.031031178310513496,-0.16121864318847656,-0.26632789227767917,0.30891314148902893,-1.8129618167877197,-1.0744891356405082,1766201841.0061517
-0.031031178310513496,-0.16121864318847656,-0.26632789227767917,0.3079984188079834,-1.8125077486038208,-1.0699348492148795,1766201841.0061185
-0.030905283987522125,-0.161289244890213,-0.2673124847243503,0.3079984188079834,-1.8125077486038208,-1.0699348492148795,1766201841.0061765
-0.030905283987522125,-0.161289244890213,-0.2673124847243503,0.307916522026062,-1.8124970197677612,-1.0697692070069051,1766201841.0061674
-0.030746040865778923,-0.16136083006858826,-0.2685451502278897,0.307916522026062,-1.8124970197677612,-1.0697692070069051,1766201841.0160608
-0.030746040865778923,-0.16136083006858826,-0.2685451502278897,0.30879199504852295,-1.8128174543380737,-1.0739421148757966,1766201841.0160513
-0.030746040865778923,-0.16136083006858826,-0.2685451502278897,0.3074849545955658,-1.8121439218521118,-1.0690621774821358,1766201841.0260162
-0.03060869872570038,-0.16142848134040833,-0.2693015711728703,0.3074849545955658,-1.8121439218521118,-1.0690621774821358,1766201841.0260265
-0.03046819381415844,-0.16146689653396606,-0.27045115720094054,0.3074849545955658,-1.8121439218521118,-1.0690621774821358,1766201841.0360658
-0.03046819381415844,-0.16146689653396606,-0.27045115720094054,0.3084552586078644,-1.8124709129333496,-1.0734622358963573,1766201841.0360525
-0.03046819381415844,-0.16146689653396606,-0.27045115720094054,0.30833229422569275,-1.812161922454834,-1.0736305199200689,1766201841.046106
-0.03025694191455841,-0.16148322820663452,-0.2724217806733013,0.30833229422569275,-1.812161922454834,-1.0736305199200689,1766201841.0461416
-0.03025694191455841,-0.16148322820663452,-0.2724217806733013,0.30815955996513367,-1.8118858337402344,-1.0732711987757666,1766201841.0561285
-0.030114946886897087,-0.16152620315551758,-0.2735055910457421,0.30815955996513367,-1.8118858337402344,-1.0732711987757666,1766201841.0561626
-0.030114946886897087,-0.16152620315551758,-0.2735055910457421,0.3078380227088928,-1.8115469217300415,-1.0721783596917862,1766201841.066103
-0.029133576899766922,-0.15969005227088928,-0.29886036883890865,0.3078380227088928,-1.8115469217300415,-1.0721783596917862,1766201841.0661376
-0.029133576899766922,-0.15969005227088928,-0.29886036883890865,0.30765044689178467,-1.8111319541931152,-1.0712458769334017,1766201841.0661535
-0.028297215700149536,-0.16115997731685638,-0.2871436949998601,0.30765044689178467,-1.8111319541931152,-1.0712458769334017,1766201841.0661635
-0.028297215700149536,-0.16115997731685638,-0.2871436949998601,0.30783596634864807,-1.8111388683319092,-1.0729489364457019,1766201841.076019
-0.02804858423769474,-0.16109129786491394,-0.28956824196293923,0.30783596634864807,-1.8111388683319092,-1.0729489364457019,1766201841.0760283
-0.02804858423769474,-0.16109129786491394,-0.28956824196293923,0.3076324760913849,-1.810868740081787,-1.072848452847033,1766201841.086008
-0.02818177081644535,-0.16117343306541443,-0.2884433900620321,0.3076324760913849,-1.810868740081787,-1.072848452847033,1766201841.0860183
-0.02818177081644535,-0.16117343306541443,-0.2884433900620321,0.30743837356567383,-1.8105366230010986,-1.0728321704456734,1766201841.0961277
-0.028004858642816544,-0.1611279994249344,-0.2909027850836547,0.30743837356567383,-1.8105366230010986,-1.0728321704456734,1766201841.0961637
-0.028004858642816544,-0.1611279994249344,-0.2909027850836547,0.30619335174560547,-1.8096033334732056,-1.067864898806551,1766201841.1061175
-0.027814041823148727,-0.16104133427143097,-0.29358679696749296,0.30619335174560547,-1.8096033334732056,-1.067864898806551,1766201841.1061506
-0.027814041823148727,-0.16104133427143097,-0.29358679696749296,0.30709338188171387,-1.8097003698349,-1.0739798417807969,1766201841.116089
-0.027600623667240143,-0.16093945503234863,-0.29680567901024646,0.30709338188171387,-1.8097003698349,-1.0739798417807969,1766201841.1161253
-0.027600623667240143,-0.16093945503234863,-0.29680567901024646,0.3059079945087433,-1.808656930923462,-1.0691936635368264,1766201841.1161413
-0.02747495472431183,-0.1608632355928421,-0.29948556893780576,0.3059079945087433,-1.808656930923462,-1.0691936635368264,1766201841.1161516
-0.027283698320388794,-0.16076268255710602,-0.3035122311983957,0.3059079945087433,-1.808656930923462,-1.0691936635368264,1766201841.126095
-0.027283698320388794,-0.16076268255710602,-0.3035122311983957,0.3055303692817688,-1.8082095384597778,-1.0689555414645233,1766201841.1260602
-0.027283698320388794,-0.16076268255710602,-0.3035122311983957,0.3053950071334839,-1.8078665733337402,-1.0692848385851197,1766201841.1360838
-0.027052143588662148,-0.1606123149394989,-0.30908983720952976,0.3053950071334839,-1.8078665733337402,-1.0692848385851197,1766201841.136118
-0.027052143588662148,-0.1606123149394989,-0.30908983720952976,0.3051801919937134,-1.807644009590149,-1.0695933170616216,1766201841.1460707
-0.026877563446760178,-0.16046391427516937,-0.31441946648753055,0.3051801919937134,-1.807644009590149,-1.0695933170616216,1766201841.1461062
-0.026877563446760178,-0.16046391427516937,-0.31441946648753055,0.3049396276473999,-1.807275414466858,-1.0693729551980022,1766201841.1561158
-0.026837237179279327,-0.1604035198688507,-0.3207171903582855,0.3049396276473999,-1.807275414466858,-1.0693729551980022,1766201841.1561506
-0.026837237179279327,-0.1604035198688507,-0.3207171903582855,0.30481502413749695,-1.8069489002227783,-1.0694265124533766,1766201841.1561658
-0.026273168623447418,-0.15870200097560883,-0.3439918834416473,0.30481502413749695,-1.8069489002227783,-1.0694265124533766,1766201841.1561756
-0.026273168623447418,-0.15870200097560883,-0.3439918834416473,0.30412226915359497,-1.8064990043640137,-1.068418213649977,1766201841.1660998
-0.025901155546307564,-0.15858590602874756,-0.35088999473064514,0.30412226915359497,-1.8064990043640137,-1.068418213649977,1766201841.1661098
-0.0254336167126894,-0.15815508365631104,-0.36243167932003456,0.30412226915359497,-1.8064990043640137,-1.068418213649977,1766201841.1761372
-0.0254336167126894,-0.15815508365631104,-0.36243167932003456,0.3041362762451172,-1.806162714958191,-1.0687407301659402,1766201841.1761024
-0.0254336167126894,-0.15815508365631104,-0.36243167932003456,0.30531206727027893,-1.8065125942230225,-1.0742190024576408,1766201841.1861224
-0.02493128553032875,-0.15779301524162292,-0.3744537174229429,0.30531206727027893,-1.8065125942230225,-1.0742190024576408,1766201841.1861563
-0.024615464732050896,-0.15778174996376038,-0.38319707829577104,0.30531206727027893,-1.8065125942230225,-1.0742190024576408,1766201841.196144
-0.024615464732050896,-0.15778174996376038,-0.38319707829577104,0.305341511964798,-1.8061432838439941,-1.0751187408452612,1766201841.1961083
-0.024615464732050896,-0.15778174996376038,-0.38319707829577104,0.3051351308822632,-1.8061455488204956,-1.0754299362077047,1766201841.2060595
-0.024331940338015556,-0.15693536400794983,-0.4046001036422532,0.3051351308822632,-1.8061455488204956,-1.0754299362077047,1766201841.206094
-0.024331940338015556,-0.15693536400794983,-0.4046001036422532,0.3048800826072693,-1.805757999420166,-1.0740306271266717,1766201841.2061102
-0.02376711741089821,-0.1569046825170517,-0.4137843585773906,0.3048800826072693,-1.805757999420166,-1.0740306271266717,1766201841.2061195
-0.02376711741089821,-0.1569046825170517,-0.4137843585773906,0.3047128915786743,-1.8055306673049927,-1.074111646103726,1766201841.2160792
-0.022961903363466263,-0.15648379921913147,-0.4332709780717472,0.3047128915786743,-1.8055306673049927,-1.074111646103726,1766201841.216115
-0.022090626880526543,-0.15594200789928436,-0.45172949607486823,0.3047128915786743,-1.8055306673049927,-1.074111646103726,1766201841.2261229
-0.022090626880526543,-0.15594200789928436,-0.45172949607486823,0.3048052191734314,-1.805203914642334,-1.0742371394050982,1766201841.2260864
-0.022090626880526543,-0.15594200789928436,-0.45172949607486823,0.30480238795280457,-1.8050854206085205,-1.0743337449805173,1766201841.2361026
-0.021329911425709724,-0.1555020660161972,-0.4709786188462552,0.30480238795280457,-1.8050854206085205,-1.0743337449805173,1766201841.236137
-0.021329911425709724,-0.1555020660161972,-0.4709786188462552,0.3047138750553131,-1.804915428161621,-1.0747890351690381,1766201841.2461205
-0.02082923799753189,-0.15446017682552338,-0.498572554817635,0.3047138750553131,-1.804915428161621,-1.0747890351690381,1766201841.2461555
-0.02082923799753189,-0.15446017682552338,-0.498572554817635,0.304595410823822,-1.8048278093338013,-1.074997223584951,1766201841.2560987
-0.019977174699306488,-0.1540987491607666,-0.5174823177200114,0.304595410823822,-1.8048278093338013,-1.074997223584951,1766201841.256133
-0.019977174699306488,-0.1540987491607666,-0.5174823177200114,0.30451396107673645,-1.8049226999282837,-1.0752744179731513,1766201841.256148
-0.01905784010887146,-0.15370282530784607,-0.5373655328456486,0.30451396107673645,-1.8049226999282837,-1.0752744179731513,1766201841.256158
-0.01905784010887146,-0.15370282530784607,-0.5373655328456486,0.30464786291122437,-1.8047242164611816,-1.0760898970099493,1766201841.266102
-0.017797626554965973,-0.1532025784254074,-0.5645143077994434,0.30464786291122437,-1.8047242164611816,-1.0760898970099493,1766201841.2661371
-0.017797626554965973,-0.1532025784254074,-0.5645143077994434,0.3043925166130066,-1.804495096206665,-1.0747240069337207,1766201841.2761087
-0.01801815815269947,-0.1526317149400711,-0.5781731075335991,0.3043925166130066,-1.804495096206665,-1.0747240069337207,1766201841.2761428
-0.016512537375092506,-0.15212424099445343,-0.6086395965772237,0.3043925166130066,-1.804495096206665,-1.0747240069337207,1766201841.286145
-0.016512537375092506,-0.15212424099445343,-0.6086395965772237,0.30473533272743225,-1.804741621017456,-1.077807195336998,1766201841.2861114
-0.016512537375092506,-0.15212424099445343,-0.6086395965772237,0.30471593141555786,-1.804994821548462,-1.0782291042824823,1766201841.2961042
-0.015089437365531921,-0.15125241875648499,-0.644084235164609,0.30471593141555786,-1.804994821548462,-1.0782291042824823,1766201841.2961404
-0.015089437365531921,-0.15125241875648499,-0.644084235164609,0.3050169050693512,-1.805091142654419,-1.079924047543415,1766201841.3060634
-0.014074433594942093,-0.15052151679992676,-0.6701007667330485,0.3050169050693512,-1.805091142654419,-1.079924047543415,1766201841.3060968
-0.014074433594942093,-0.15052151679992676,-0.6701007667330485,0.3044475317001343,-1.8046082258224487,-1.0763419841598831,1766201841.3061125
-0.01301056519150734,-0.14917252957820892,-0.703919343704109,0.3044475317001343,-1.8046082258224487,-1.0763419841598831,1766201841.3061216
-0.01301056519150734,-0.14917252957820892,-0.703919343704109,0.30502408742904663,-1.8048408031463623,-1.0805084480936331,1766201841.3160565
-0.01202727947384119,-0.14843657612800598,-0.7296311146438326,0.30502408742904663,-1.8048408031463623,-1.0805084480936331,1766201841.3160655
-0.01202727947384119,-0.14843657612800598,-0.7296311146438326,0.3049525320529938,-1.8051811456680298,-1.0834609433659155,1766201841.326102
-0.01202727947384119,-0.14843657612800598,-0.7296311146438326,0.30503958463668823,-1.8050113916397095,-1.0835155029337675,1766201841.3360932
-0.01202727947384119,-0.14843657612800598,-0.7296311146438326,0.30564871430397034,-1.8054842948913574,-1.0880859748792666,1766201841.3460927
-0.01202727947384119,-0.14843657612800598,-0.7296311146438326,0.30504316091537476,-1.8048545122146606,-1.0855452132811143,1766201841.3561132
-0.004944781772792339,-0.1457970291376114,-0.881948805209185,0.30504316091537476,-1.8048545122146606,-1.0855452132811143,1766201841.3561673
-0.004944781772792339,-0.1457970291376114,-0.881948805209185,0.3048720061779022,-1.80500328540802,-1.0870583876921833,1766201841.3561552
-0.004944781772792339,-0.1457970291376114,-0.881948805209185,0.3050568699836731,-1.8049664497375488,-1.0889390942728967,1766201841.3761048
-0.0016925111413002014,-0.1440843939781189,-0.9498158858372852,0.3050568699836731,-1.8049664497375488,-1.0889390942728967,1766201841.376157
-0.0016925111413002014,-0.1440843939781189,-0.9498158858372852,0.3055925667285919,-1.8050711154937744,-1.0918679313550246,1766201841.376146
-0.0016925111413002014,-0.1440843939781189,-0.9498158858372852,0.3066588044166565,-1.8055559396743774,-1.0984827457497859,1766201841.3861358
-0.0003829505294561386,-0.1437835842370987,-0.9790312177416125,0.3066588044166565,-1.8055559396743774,-1.0984827457497859,1766201841.38617
-0.0003829505294561386,-0.1437835842370987,-0.9790312177416125,0.30716562271118164,-1.8060437440872192,-1.1039937671045212,1766201841.3960657
-0.0003829505294561386,-0.1437835842370987,-0.9790312177416125,0.3073725402355194,-1.8055583238601685,-1.1049175356097551,1766201841.4061124
0.0044889794662594795,-0.141635462641716,-1.0773565900319757,0.3073725402355194,-1.8055583238601685,-1.1049175356097551,1766201841.4161413
0.0044889794662594795,-0.141635462641716,-1.0773565900319757,0.3079395294189453,-1.806174635887146,-1.1113986148205006,1766201841.4161074
0.0063412608578801155,-0.14112868905067444,-1.1099748512758134,0.3079395294189453,-1.806174635887146,-1.1113986148205006,1766201841.4161665
0.0063412608578801155,-0.14112868905067444,-1.1099748512758134,0.30850866436958313,-1.8057445287704468,-1.1135771424947694,1766201841.4161572
0.008231261745095253,-0.14051322638988495,-1.1459606941324572,0.30850866436958313,-1.8057445287704468,-1.1135771424947694,1766201841.4260266
0.008231261745095253,-0.14051322638988495,-1.1459606941324572,0.30841580033302307,-1.8056048154830933,-1.1170921685790254,1766201841.4260166
0.008231261745095253,-0.14051322638988495,-1.1459606941324572,0.308756023645401,-1.8056856393814087,-1.1215332194263106,1766201841.436126
0.010148096829652786,-0.13985681533813477,-1.1788023262164942,0.308756023645401,-1.8056856393814087,-1.1215332194263106,1766201841.4361598
0.012047470547258854,-0.13978682458400726,-1.214337467767537,0.308756023645401,-1.8056856393814087,-1.1215332194263106,1766201841.4461312
0.012047470547258854,-0.13978682458400726,-1.214337467767537,0.30817675590515137,-1.8047833442687988,-1.1213099388929646,1766201841.446098
0.012047470547258854,-0.13978682458400726,-1.214337467767537,0.3088245093822479,-1.8051340579986572,-1.127232035760817,1766201841.4560583
0.01400340348482132,-0.1392863243818283,-1.2483560755141192,0.3088245093822479,-1.8051340579986572,-1.127232035760817,1766201841.456092
0.01400340348482132,-0.1392863243818283,-1.2483560755141192,0.3089529871940613,-1.8048121929168701,-1.131212147690368,1766201841.4661257
0.014967652037739754,-0.13844725489616394,-1.2839641007695046,0.3089529871940613,-1.8048121929168701,-1.131212147690368,1766201841.46616
0.014967652037739754,-0.13844725489616394,-1.2839641007695046,0.30977779626846313,-1.8051258325576782,-1.139037015348765,1766201841.4661763
0.016987724229693413,-0.13783717155456543,-1.3209662831252167,0.30977779626846313,-1.8051258325576782,-1.139037015348765,1766201841.4661853
0.0196521133184433,-0.13762661814689636,-1.3605596869496706,0.30977779626846313,-1.8051258325576782,-1.139037015348765,1766201841.4760313
0.0196521133184433,-0.13762661814689636,-1.3605596869496706,0.31090953946113586,-1.805343747138977,-1.1454742647060274,1766201841.4760227
0.0196521133184433,-0.13762661814689636,-1.3605596869496706,0.311217337846756,-1.8049308061599731,-1.1490870167912373,1766201841.486136
0.02187374420464039,-0.13704808056354523,-1.3955389198222068,0.311217337846756,-1.8049308061599731,-1.1490870167912373,1766201841.48617
0.02187374420464039,-0.13704808056354523,-1.3955389198222068,0.31166285276412964,-1.8048384189605713,-1.1537153052599065,1766201841.4961202
0.02413300983607769,-0.13665932416915894,-1.4341223868338435,0.31166285276412964,-1.8048384189605713,-1.1537153052599065,1766201841.496155
0.02413300983607769,-0.13665932416915894,-1.4341223868338435,0.31069228053092957,-1.804158329963684,-1.1546311726234149,1766201841.5061622
0.02656424045562744,-0.13630956411361694,-1.474746380344636,0.31069228053092957,-1.804158329963684,-1.1546311726234149,1766201841.5061958
0.02656424045562744,-0.13630956411361694,-1.474746380344636,0.31145110726356506,-1.8040573596954346,-1.1604428296127007,1766201841.506212
0.029032081365585327,-0.13609786331653595,-1.5180878546640926,0.31145110726356506,-1.8040573596954346,-1.1604428296127007,1766201841.5062206
0.029032081365585327,-0.13609786331653595,-1.5180878546640926,0.3120223879814148,-1.8039215803146362,-1.1656536631710324,1766201841.5161228
0.03159140795469284,-0.13601301610469818,-1.5602870782429776,0.3120223879814148,-1.8039215803146362,-1.1656536631710324,1766201841.5161572
0.0358126126229763,-0.13583509624004364,-1.6215504606456717,0.3120223879814148,-1.8039215803146362,-1.1656536631710324,1766201841.5261018
0.0358126126229763,-0.13583509624004364,-1.6215504606456717,0.31225883960723877,-1.8036268949508667,-1.1696586523122385,1766201841.5260658
0.0358126126229763,-0.13583509624004364,-1.6215504606456717,0.3136362135410309,-1.8038418292999268,-1.1800911331168464,1766201841.5361066
0.037204209715127945,-0.13612520694732666,-1.6465068650322439,0.3136362135410309,-1.8038418292999268,-1.1800911331168464,1766201841.5361426
0.04048636928200722,-0.13621306419372559,-1.6957403938569289,0.3136362135410309,-1.8038418292999268,-1.1800911331168464,1766201841.546135
0.04048636928200722,-0.13621306419372559,-1.6957403938569289,0.3136701285839081,-1.8038842678070068,-1.1832344295713602,1766201841.546101
0.04394746944308281,-0.13629120588302612,-1.7286235257020786,0.3136701285839081,-1.8038842678070068,-1.1832344295713602,1766201841.556122
0.04394746944308281,-0.13629120588302612,-1.7286235257020786,0.31463414430618286,-1.8043240308761597,-1.1925490994796635,1766201841.5560868
0.04394746944308281,-0.13629120588302612,-1.7286235257020786,0.31372907757759094,-1.803153395652771,-1.1889387085454448,1766201841.566073
0.04394746944308281,-0.13629120588302612,-1.7286235257020786,0.31391197443008423,-1.8030447959899902,-1.191916607705855,1766201841.5661066
0.04394746944308281,-0.13629120588302612,-1.7286235257020786,0.31489112973213196,-1.8031166791915894,-1.198549639026974,1766201841.5759673
0.04394746944308281,-0.13629120588302612,-1.7286235257020786,0.3144594430923462,-1.8025240898132324,-1.1990745594812484,1766201841.5861409
0.055159296840429306,-0.13830488920211792,-1.9015203586202547,0.3144594430923462,-1.8025240898132324,-1.1990745594812484,1766201841.5861928
0.05793137103319168,-0.138982355594635,-1.9459790641417036,0.3144594430923462,-1.8025240898132324,-1.1990745594812484,1766201841.5960686
0.05793137103319168,-0.138982355594635,-1.9459790641417036,0.3151686489582062,-1.8023549318313599,-1.202979257472618,1766201841.5960565
0.06345905363559723,-0.140323668718338,-2.025377380453775,0.3151686489582062,-1.8023549318313599,-1.202979257472618,1766201841.6060052
0.06345905363559723,-0.140323668718338,-2.025377380453775,0.3150891661643982,-1.8021413087844849,-1.2060016885251719,1766201841.605987
0.0668283998966217,-0.14113010466098785,-2.0757479030992934,0.3150891661643982,-1.8021413087844849,-1.2060016885251719,1766201841.6060207
0.0668283998966217,-0.14113010466098785,-2.0757479030992934,0.3152138888835907,-1.801788091659546,-1.2076241942296961,1766201841.6060145
0.06840308010578156,-0.1426083743572235,-2.1202540523232747,0.3152138888835907,-1.801788091659546,-1.2076241942296961,1766201841.6175148
0.06840308010578156,-0.1426083743572235,-2.1202540523232747,0.315292090177536,-1.8016177415847778,-1.2096430202007116,1766201841.617491
0.07318053394556046,-0.143541619181633,-2.186967864872402,0.315292090177536,-1.8016177415847778,-1.2096430202007116,1766201841.625996
0.07318053394556046,-0.143541619181633,-2.186967864872402,0.31524893641471863,-1.8014445304870605,-1.2103774640228995,1766201841.625978
0.07673144340515137,-0.14433468878269196,-2.2358197063005565,0.31524893641471863,-1.8014445304870605,-1.2103774640228995,1766201841.6360765
0.07673144340515137,-0.14433468878269196,-2.2358197063005565,0.3150336742401123,-1.8011380434036255,-1.2106850164489888,1766201841.636062
0.07673144340515137,-0.14433468878269196,-2.2358197063005565,0.31505757570266724,-1.8011733293533325,-1.211635982218204,1766201841.6460495
0.08005314320325851,-0.14608290791511536,-2.2786193793104297,0.31505757570266724,-1.8011733293533325,-1.211635982218204,1766201841.6460915
0.08005314320325851,-0.14608290791511536,-2.2786193793104297,0.31495869159698486,-1.8010482788085938,-1.2112886136377716,1766201841.6560946
0.08297579735517502,-0.14782005548477173,-2.3004062478953964,0.31495869159698486,-1.8010482788085938,-1.2112886136377716,1766201841.6561296
0.08737152069807053,-0.14931775629520416,-2.357813500526766,0.31495869159698486,-1.8010482788085938,-1.2112886136377716,1766201841.6661348
0.08737152069807053,-0.14931775629520416,-2.357813500526766,0.3149079382419586,-1.8007906675338745,-1.211069391237645,1766201841.6660945
0.0894290953874588,-0.15069255232810974,-2.386092694868849,0.3149079382419586,-1.8007906675338745,-1.211069391237645,1766201841.666162
0.0894290953874588,-0.15069255232810974,-2.386092694868849,0.31504160165786743,-1.80085289478302,-1.2112708491552504,1766201841.6661522
0.0894290953874588,-0.15069255232810974,-2.386092694868849,0.31462281942367554,-1.8006095886230469,-1.209226279914106,1766201841.6760776
0.09385868161916733,-0.15230488777160645,-2.4420960796598927,0.31462281942367554,-1.8006095886230469,-1.209226279914106,1766201841.6761112
0.09385868161916733,-0.15230488777160645,-2.4420960796598927,0.3146390914916992,-1.8007102012634277,-1.2090162905646202,1766201841.6861207
0.09671784192323685,-0.15348145365715027,-2.4853045252352266,0.3146390914916992,-1.8007102012634277,-1.2090162905646202,1766201841.6861563
0.09671784192323685,-0.15348145365715027,-2.4853045252352266,0.31460192799568176,-1.8008208274841309,-1.2079709441246655,1766201841.6961145
0.09973268210887909,-0.1549951583147049,-2.523846450600061,0.31460192799568176,-1.8008208274841309,-1.2079709441246655,1766201841.6961508
0.09973268210887909,-0.1549951583147049,-2.523846450600061,0.31446921825408936,-1.80089271068573,-1.2052809484131548,1766201841.7060654
0.10295964777469635,-0.15705738961696625,-2.555728869161067,0.31446921825408936,-1.80089271068573,-1.2052809484131548,1766201841.7061005
0.10614901781082153,-0.15832287073135376,-2.5882525079364798,0.31446921825408936,-1.80089271068573,-1.2052809484131548,1766201841.7161524
0.10614901781082153,-0.15832287073135376,-2.5882525079364798,0.314053475856781,-1.800858497619629,-1.2024639063487512,1766201841.7161167
0.10962104797363281,-0.15973323583602905,-2.6139382203158923,0.314053475856781,-1.800858497619629,-1.2024639063487512,1766201841.7161777
0.10962104797363281,-0.15973323583602905,-2.6139382203158923,0.3144243061542511,-1.8012301921844482,-1.2036263584353661,1766201841.7161682
0.10962104797363281,-0.15973323583602905,-2.6139382203158923,0.31378453969955444,-1.800713062286377,-1.1982159894059559,1766201841.7260826
0.11242352426052094,-0.16094526648521423,-2.6481862687249262,0.31378453969955444,-1.800713062286377,-1.1982159894059559,1766201841.7261117
0.11509233713150024,-0.1628776490688324,-2.677114322969982,0.31378453969955444,-1.800713062286377,-1.1982159894059559,1766201841.7360542
0.11509233713150024,-0.1628776490688324,-2.677114322969982,0.3133160471916199,-1.8005807399749756,-1.1948437338218252,1766201841.7360425
0.11509233713150024,-0.1628776490688324,-2.677114322969982,0.3138425946235657,-1.8008369207382202,-1.1961188506505682,1766201841.74612
0.11784374713897705,-0.164181187748909,-2.698979924402425,0.3138425946235657,-1.8008369207382202,-1.1961188506505682,1766201841.7461543
0.11784374713897705,-0.164181187748909,-2.698979924402425,0.3125568628311157,-1.8005002737045288,-1.189933561645263,1766201841.7561214
0.12068548053503036,-0.16578471660614014,-2.7223429679421844,0.3125568628311157,-1.8005002737045288,-1.189933561645263,1766201841.7561567
0.12068548053503036,-0.16578471660614014,-2.7223429679421844,0.3135733902454376,-1.801141381263733,-1.1923252285196178,1766201841.7561731
0.12336810678243637,-0.16704817116260529,-2.7471007265740393,0.3135733902454376,-1.801141381263733,-1.1923252285196178,1766201841.7563448
0.12336810678243637,-0.16704817116260529,-2.7471007265740393,0.3126800060272217,-1.800930380821228,-1.188440791904209,1766201841.7661176
0.12651732563972473,-0.16831645369529724,-2.7671498390655205,0.3126800060272217,-1.800930380821228,-1.188440791904209,1766201841.7661543
0.12651732563972473,-0.16831645369529724,-2.7671498390655205,0.3127234876155853,-1.801923394203186,-1.1927120450881386,1766201841.776015
0.12907150387763977,-0.16988758742809296,-2.7935485497751693,0.3127234876155853,-1.801923394203186,-1.1927120450881386,1766201841.7760253
0.12907150387763977,-0.16988758742809296,-2.7935485497751693,0.3118972182273865,-1.8004498481750488,-1.1831738028584735,1766201841.7861097
0.13194209337234497,-0.1712207943201065,-2.8164475700380893,0.3118972182273865,-1.8004498481750488,-1.1831738028584735,1766201841.7861454
0.13194209337234497,-0.1712207943201065,-2.8164475700380893,0.3117314577102661,-1.800399661064148,-1.1819865102899925,1766201841.7961187
0.13471044600009918,-0.17287912964820862,-2.834733735444163,0.3117314577102661,-1.800399661064148,-1.1819865102899925,1766201841.7961543
0.13471044600009918,-0.17287912964820862,-2.834733735444163,0.31219935417175293,-1.800885558128357,-1.1853528135887526,1766201841.8061152
0.13710469007492065,-0.1747226119041443,-2.8550822582577893,0.31219935417175293,-1.800885558128357,-1.1853528135887526,1766201841.8061504
0.13710469007492065,-0.1747226119041443,-2.8550822582577893,0.311604380607605,-1.8003572225570679,-1.1806691068852848,1766201841.816106
0.13977451622486115,-0.1764257848262787,-2.8734695722401677,0.311604380607605,-1.8003572225570679,-1.1806691068852848,1766201841.8161416
0.13977451622486115,-0.1764257848262787,-2.8734695722401677,0.31151282787323,-1.8002973794937134,-1.1800612244857571,1766201841.8161576
0.14201802015304565,-0.1780059039592743,-2.902213759286528,0.31151282787323,-1.8002973794937134,-1.1800612244857571,1766201841.8161669
0.14435258507728577,-0.17982839047908783,-2.926112589269492,0.31151282787323,-1.8002973794937134,-1.1800612244857571,1766201841.826177
0.14435258507728577,-0.17982839047908783,-2.926112589269492,0.311229407787323,-1.7999732494354248,-1.1798367452137584,1766201841.8261495
0.14435258507728577,-0.17982839047908783,-2.926112589269492,0.31113743782043457,-1.7997771501541138,-1.1794033036310108,1766201841.8361003
0.14624670147895813,-0.18255068361759186,-2.9319173911630005,0.31113743782043457,-1.7997771501541138,-1.1794033036310108,1766201841.8361375
0.14624670147895813,-0.18255068361759186,-2.9319173911630005,0.31116533279418945,-1.799622654914856,-1.1796145723291713,1766201841.8461301
0.14748243987560272,-0.18442346155643463,-2.972168250782255,0.31116533279418945,-1.799622654914856,-1.1796145723291713,1766201841.8461654
0.14998121559619904,-0.186085045337677,-2.992347487058164,0.31116533279418945,-1.799622654914856,-1.1796145723291713,1766201841.856134
0.14998121559619904,-0.186085045337677,-2.992347487058164,0.31107407808303833,-1.7994381189346313,-1.1797199222534243,1766201841.8561
0.14998121559619904,-0.186085045337677,-2.992347487058164,0.3108632564544678,-1.7991613149642944,-1.1798616649667464,1766201841.8660936
0.1535671353340149,-0.1884343922138214,-2.9922904941457724,0.3108632564544678,-1.7991613149642944,-1.1798616649667464,1766201841.8661287
0.1535671353340149,-0.1884343922138214,-2.9922904941457724,0.3111852705478668,-1.799230694770813,-1.180968919967752,1766201841.8661451
0.1536632925271988,-0.19002746045589447,-3.043334845603106,0.3111852705478668,-1.799230694770813,-1.180968919967752,1766201841.866155
0.1536632925271988,-0.19002746045589447,-3.043334845603106,0.3116084933280945,-1.7992775440216064,-1.1824141736201177,1766201841.8760684
0.1535380482673645,-0.19170565903186798,-3.0525849597556656,0.3116084933280945,-1.7992775440216064,-1.1824141736201177,1766201841.876079
0.15538428723812103,-0.19317731261253357,-3.065281091186568,0.3116084933280945,-1.7992775440216064,-1.1824141736201177,1766201841.8861375
0.15538428723812103,-0.19317731261253357,-3.065281091186568,0.31121712923049927,-1.7990236282348633,-1.1820327666806725,1766201841.8861024
0.15538428723812103,-0.19317731261253357,-3.065281091186568,0.3112752437591553,-1.7989141941070557,-1.183168383959582,1766201841.8960965
0.15781238675117493,-0.1974717676639557,-3.120983758218946,0.3112752437591553,-1.7989141941070557,-1.183168383959582,1766201841.896131
0.15781238675117493,-0.1974717676639557,-3.120983758218946,0.3113674223423004,-1.7988492250442505,-1.1844666568136812,1766201841.9061356
0.15956443548202515,-0.19912029802799225,3.1361262279148043,0.3113674223423004,-1.7988492250442505,-1.1844666568136812,1766201841.9061713
0.15956443548202515,-0.19912029802799225,3.1361262279148043,0.310973197221756,-1.7986308336257935,-1.1852465113414261,1766201841.9061873
0.1613989621400833,-0.201028510928154,3.1160754662819916,0.310973197221756,-1.7986308336257935,-1.1852465113414261,1766201841.9061978
0.1613989621400833,-0.201028510928154,3.1160754662819916,0.3109954595565796,-1.7985435724258423,-1.1863661482544656,1766201841.9160705
0.1613989621400833,-0.201028510928154,3.1160754662819916,0.31137481331825256,-1.7985522747039795,-1.1879217094463226,1766201841.9261315
0.1613989621400833,-0.201028510928154,3.1160754662819916,0.3118536174297333,-1.798901915550232,-1.1893466262401164,1766201841.9361181
0.1613989621400833,-0.201028510928154,3.1160754662819916,0.3119618594646454,-1.798742651939392,-1.1908334718154607,1766201841.9461207
0.1613989621400833,-0.201028510928154,3.1160754662819916,0.3130653202533722,-1.7994904518127441,-1.1960698978129491,1766201841.956111
0.1613989621400833,-0.201028510928154,3.1160754662819916,0.31314417719841003,-1.7995532751083374,-1.1969645381649046,1766201841.9661107
0.17054995894432068,-0.21600987017154694,2.959419816211303,0.31314417719841003,-1.7995532751083374,-1.1969645381649046,1766201841.9661622
0.17054995894432068,-0.21600987017154694,2.959419816211303,0.31260931491851807,-1.7992643117904663,-1.1948246341109037,1766201841.9661515
0.17054995894432068,-0.21600987017154694,2.959419816211303,0.3123588562011719,-1.7991808652877808,-1.194875591688331,1766201841.9760997
0.17168201506137848,-0.2181989550590515,2.936714969264731,0.3123588562011719,-1.7991808652877808,-1.194875591688331,1766201841.9761364
0.17168201506137848,-0.2181989550590515,2.936714969264731,0.31285279989242554,-1.7994537353515625,-1.1958835012657374,1766201841.9860997
0.1724715232849121,-0.22039952874183655,2.9145318037677286,0.31285279989242554,-1.7994537353515625,-1.1958835012657374,1766201841.9861367
0.1724715232849121,-0.22039952874183655,2.9145318037677286,0.31330421566963196,-1.7999094724655151,-1.1993061254893171,1766201841.9960177
0.17342330515384674,-0.2226608246564865,2.8904461465913576,0.31330421566963196,-1.7999094724655151,-1.1993061254893171,1766201841.9960475
0.17421481013298035,-0.22483162581920624,2.868887858284978,0.31330421566963196,-1.7999094724655151,-1.1993061254893171,1766201842.0060387
0.17421481013298035,-0.22483162581920624,2.868887858284978,0.31355950236320496,-1.8000248670578003,-1.1977123408573855,1766201842.0060263
0.17421481013298035,-0.22483162581920624,2.868887858284978,0.313479483127594,-1.8001043796539307,-1.198153783439429,1766201842.0160577
0.17495141923427582,-0.22711876034736633,2.8454284729714336,0.313479483127594,-1.8001043796539307,-1.198153783439429,1766201842.0160682
0.17495141923427582,-0.22711876034736633,2.8454284729714336,0.3131922781467438,-1.8001108169555664,-1.1968593005744887,1766201842.0160725
0.175544872879982,-0.2293873131275177,2.8221496047327683,0.3131922781467438,-1.8001108169555664,-1.1968593005744887,1766201842.016075
0.17613571882247925,-0.23186293244361877,2.796455143478551,0.3131922781467438,-1.8001108169555664,-1.1968593005744887,1766201842.0260625
0.17613571882247925,-0.23186293244361877,2.796455143478551,0.31287235021591187,-1.8002008199691772,-1.197028702040792,1766201842.0260296
0.17613571882247925,-0.23186293244361877,2.796455143478551,0.3132125437259674,-1.8003859519958496,-1.1967159106769383,1766201842.036046
0.1766687035560608,-0.23424315452575684,2.773187397124186,0.3132125437259674,-1.8003859519958496,-1.1967159106769383,1766201842.0360572
0.1766687035560608,-0.23424315452575684,2.773187397124186,0.3132530748844147,-1.800527572631836,-1.1966018075923008,1766201842.0461087
0.1768217235803604,-0.23612600564956665,2.7529038143573255,0.3132530748844147,-1.800527572631836,-1.1966018075923008,1766201842.0461442
0.1768217235803604,-0.23612600564956665,2.7529038143573255,0.3135218918323517,-1.800826907157898,-1.1966586295634258,1766201842.056106
0.1775127649307251,-0.2386932373046875,2.7295640506796772,0.3135218918323517,-1.800826907157898,-1.1966586295634258,1766201842.05614
0.1775127649307251,-0.2386932373046875,2.7295640506796772,0.3134726881980896,-1.800966501235962,-1.1966910663410815,1766201842.0661037
0.17815549671649933,-0.2412550002336502,2.702286943721341,0.3134726881980896,-1.800966501235962,-1.1966910663410815,1766201842.0661407
0.17815549671649933,-0.2412550002336502,2.702286943721341,0.3136732876300812,-1.8010753393173218,-1.1963463545718773,1766201842.0661573
0.1781284660100937,-0.2429768294095993,2.6880850773433798,0.3136732876300812,-1.8010753393173218,-1.1963463545718773,1766201842.0661664
0.17840322852134705,-0.24497072398662567,2.6680191219314677,0.3136732876300812,-1.8010753393173218,-1.1963463545718773,1766201842.0760965
0.17840322852134705,-0.24497072398662567,2.6680191219314677,0.3136381208896637,-1.8011984825134277,-1.1961523594989656,1766201842.0760877
0.17840322852134705,-0.24497072398662567,2.6680191219314677,0.31394708156585693,-1.8014594316482544,-1.1967788791055127,1766201842.0861053
0.17867925763130188,-0.24705862998962402,2.6506031160584946,0.31394708156585693,-1.8014594316482544,-1.1967788791055127,1766201842.0861416
0.17867925763130188,-0.24705862998962402,2.6506031160584946,0.31396228075027466,-1.8015495538711548,-1.1963800515011078,1766201842.0961034
0.17895200848579407,-0.24928387999534607,2.6298127851358144,0.31396228075027466,-1.8015495538711548,-1.1963800515011078,1766201842.0961397
0.17895200848579407,-0.24928387999534607,2.6298127851358144,0.31397703289985657,-1.8016473054885864,-1.1961103229636472,1766201842.1060655
0.1790199726819992,-0.2509845197200775,2.6127833531726843,0.31397703289985657,-1.8016473054885864,-1.1961103229636472,1766201842.1060994
0.1790199726819992,-0.2509845197200775,2.6127833531726843,0.313833087682724,-1.8017611503601074,-1.1950844086118881,1766201842.1161075
0.17919059097766876,-0.2530466318130493,2.595252940146299,0.313833087682724,-1.8017611503601074,-1.1950844086118881,1766201842.1161463
0.17919059097766876,-0.2530466318130493,2.595252940146299,0.3139483332633972,-1.8017371892929077,-1.1953577532609745,1766201842.1161942
0.17917180061340332,-0.2550101578235626,2.5764376310253922,0.3139483332633972,-1.8017371892929077,-1.1953577532609745,1766201842.1162086
0.17912501096725464,-0.25687137246131897,2.558871354073708,0.3139483332633972,-1.8017371892929077,-1.1953577532609745,1766201842.1260846
0.17912501096725464,-0.25687137246131897,2.558871354073708,0.3140524625778198,-1.8017584085464478,-1.1950358545815076,1766201842.126074
0.17912501096725464,-0.25687137246131897,2.558871354073708,0.31385642290115356,-1.8024468421936035,-1.1947161693463755,1766201842.1361253
0.17902138829231262,-0.2586156725883484,2.543607937395721,0.31385642290115356,-1.8024468421936035,-1.1947161693463755,1766201842.1361628
0.17902138829231262,-0.2586156725883484,2.543607937395721,0.31438517570495605,-1.8026039600372314,-1.1967239246720698,1766201842.1461036
0.1788320392370224,-0.26021674275398254,2.5283096549506867,0.31438517570495605,-1.8026039600372314,-1.1967239246720698,1766201842.1461377
0.1788320392370224,-0.26021674275398254,2.5283096549506867,0.31455278396606445,-1.8033034801483154,-1.1968141186737251,1766201842.1561384
0.17853140830993652,-0.2616458237171173,2.5153482057614296,0.31455278396606445,-1.8033034801483154,-1.1968141186737251,1766201842.1561735
0.17853140830993652,-0.2616458237171173,2.5153482057614296,0.31421059370040894,-1.8033051490783691,-1.194312122811806,1766201842.1562436
0.1789809912443161,-0.26412224769592285,2.500322969324706,0.31421059370040894,-1.8033051490783691,-1.194312122811806,1766201842.1562655
0.1789809912443161,-0.26412224769592285,2.500322969324706,0.31433311104774475,-1.8035897016525269,-1.1944064249043298,1766201842.1661496
0.1787199079990387,-0.26569730043411255,2.4850435258597448,0.31433311104774475,-1.8035897016525269,-1.1944064249043298,1766201842.1661766
0.1787199079990387,-0.26569730043411255,2.4850435258597448,0.31444352865219116,-1.8039007186889648,-1.195147725561511,1766201842.1760402
0.17762741446495056,-0.2663491666316986,2.469523126929805,0.31444352865219116,-1.8039007186889648,-1.195147725561511,1766201842.1760492
0.17762741446495056,-0.2663491666316986,2.469523126929805,0.31422314047813416,-1.8042351007461548,-1.1959350591058127,1766201842.1860998
0.17798183858394623,-0.2684619724750519,2.4556886891948606,0.31422314047813416,-1.8042351007461548,-1.1959350591058127,1766201842.186135
0.17624865472316742,-0.26798179745674133,2.4574226602901823,0.31422314047813416,-1.8042351007461548,-1.1959350591058127,1766201842.1961617
0.17624865472316742,-0.26798179745674133,2.4574226602901823,0.31435084342956543,-1.804635763168335,-1.196138786916728,1766201842.196125
0.17624865472316742,-0.26798179745674133,2.4574226602901823,0.31503942608833313,-1.8052096366882324,-1.1967538874801804,1766201842.206056
0.17609304189682007,-0.2696130573749542,2.4463132051875744,0.31503942608833313,-1.8052096366882324,-1.1967538874801804,1766201842.20609
0.1753210574388504,-0.27065086364746094,2.4317865125258935,0.31503942608833313,-1.8052096366882324,-1.1967538874801804,1766201842.2161367
0.1753210574388504,-0.27065086364746094,2.4317865125258935,0.31468233466148376,-1.8055708408355713,-1.1969117456883225,1766201842.2161005
0.1746765375137329,-0.2716025412082672,2.4226441201853293,0.31468233466148376,-1.8055708408355713,-1.1969117456883225,1766201842.2162237
0.1746765375137329,-0.2716025412082672,2.4226441201853293,0.31615036725997925,-1.8061659336090088,-1.1980346257012235,1766201842.2162051
0.1746765375137329,-0.2716025412082672,2.4226441201853293,0.3160906434059143,-1.806777000427246,-1.1981568429159237,1766201842.2259893
0.17397575080394745,-0.27269452810287476,2.410813972100522,0.3160906434059143,-1.806777000427246,-1.1981568429159237,1766201842.2259998
0.17397575080394745,-0.27269452810287476,2.410813972100522,0.31643548607826233,-1.8075520992279053,-1.198685886045618,1766201842.2361166
0.17328640818595886,-0.27370521426200867,2.399236117538412,0.31643548607826233,-1.8075520992279053,-1.198685886045618,1766201842.2361526
0.17328640818595886,-0.27370521426200867,2.399236117538412,0.3169192373752594,-1.8082122802734375,-1.1997708032702334,1766201842.2461174
0.17248085141181946,-0.2745237648487091,2.3894094458101036,0.3169192373752594,-1.8082122802734375,-1.1997708032702334,1766201842.2461512
0.17248085141181946,-0.2745237648487091,2.3894094458101036,0.31731075048446655,-1.8090170621871948,-1.20118983429031,1766201842.2561011
0.171656996011734,-0.2754230797290802,2.379686527549579,0.31731075048446655,-1.8090170621871948,-1.20118983429031,1766201842.2561355
0.171656996011734,-0.2754230797290802,2.379686527549579,0.31754162907600403,-1.8097957372665405,-1.202014706782929,1766201842.2661207
0.17083102464675903,-0.2763500511646271,2.372455148223522,0.31754162907600403,-1.8097957372665405,-1.202014706782929,1766201842.266157
0.17083102464675903,-0.2763500511646271,2.372455148223522,0.318085253238678,-1.8106558322906494,-1.204177262091833,1766201842.2661738
0.1699635237455368,-0.27697402238845825,2.3643458775171338,0.318085253238678,-1.8106558322906494,-1.204177262091833,1766201842.2661831
0.1699635237455368,-0.27697402238845825,2.3643458775171338,0.31826236844062805,-1.8111310005187988,-1.2054172275212491,1766201842.2760687
0.16898666322231293,-0.2777007222175598,2.355836882331027,0.31826236844062805,-1.8111310005187988,-1.2054172275212491,1766201842.2761
0.16898666322231293,-0.2777007222175598,2.355836882331027,0.3186732232570648,-1.8119659423828125,-1.2065202943635573,1766201842.2861357
0.16803951561450958,-0.2783239781856537,2.34647922135035,0.3186732232570648,-1.8119659423828125,-1.2065202943635573,1766201842.2861457
0.16803951561450958,-0.2783239781856537,2.34647922135035,0.31893545389175415,-1.8128222227096558,-1.2076320491132064,1766201842.2961178
0.16725485026836395,-0.2788369357585907,2.3385942579599766,0.31893545389175415,-1.8128222227096558,-1.2076320491132064,1766201842.2961533
0.16725485026836395,-0.2788369357585907,2.3385942579599766,0.31954553723335266,-1.8135930299758911,-1.2086253196635661,1766201842.306106
0.16617177426815033,-0.279250830411911,2.33021204178627,0.31954553723335266,-1.8135930299758911,-1.2086253196635661,1766201842.3061407
0.16617177426815033,-0.279250830411911,2.33021204178627,0.32030513882637024,-1.8147704601287842,-1.2100497195770772,1766201842.3161175
0.1652284860610962,-0.27961596846580505,2.324022127715157,0.32030513882637024,-1.8147704601287842,-1.2100497195770772,1766201842.3161523
0.1652284860610962,-0.27961596846580505,2.324022127715157,0.3205966651439667,-1.8156723976135254,-1.2116374748069243,1766201842.3161678
0.16446077823638916,-0.2800470292568207,2.317038236480325,0.3205966651439667,-1.8156723976135254,-1.2116374748069243,1766201842.3161774
0.16446077823638916,-0.2800470292568207,2.317038236480325,0.32139909267425537,-1.8168494701385498,-1.2135867952003756,1766201842.3261302
0.1635150909423828,-0.28031861782073975,2.310224808366092,0.32139909267425537,-1.8168494701385498,-1.2135867952003756,1766201842.3261654
0.1635150909423828,-0.28031861782073975,2.310224808366092,0.3218516707420349,-1.8178449869155884,-1.2152286254083424,1766201842.3360946
0.1622772514820099,-0.2804577648639679,2.30285982355641,0.3218516707420349,-1.8178449869155884,-1.2152286254083424,1766201842.3361304
0.1622772514820099,-0.2804577648639679,2.30285982355641,0.32314741611480713,-1.8191275596618652,-1.21775427275242,1766201842.3461
0.16125468909740448,-0.28057771921157837,2.2966209929312713,0.32314741611480713,-1.8191275596618652,-1.21775427275242,1766201842.3461342
0.16125468909740448,-0.28057771921157837,2.2966209929312713,0.3236994743347168,-1.8204773664474487,-1.2188926879595456,1766201842.3561044
0.16030804812908173,-0.2807137966156006,2.2900666151101388,0.3236994743347168,-1.8204773664474487,-1.2188926879595456,1766201842.3561397
0.16030804812908173,-0.2807137966156006,2.2900666151101388,0.32381731271743774,-1.8214715719223022,-1.2204962121124945,1766201842.3561556
0.15934865176677704,-0.2807331681251526,2.2848036972233623,0.32381731271743774,-1.8214715719223022,-1.2204962121124945,1766201842.3562872
0.15934865176677704,-0.2807331681251526,2.2848036972233623,0.3246510922908783,-1.8226535320281982,-1.2228574376970844,1766201842.3660927
0.1583847850561142,-0.28065770864486694,2.2799956008604685,0.3246510922908783,-1.8226535320281982,-1.2228574376970844,1766201842.3661032
0.1583847850561142,-0.28065770864486694,2.2799956008604685,0.3256853520870209,-1.8240774869918823,-1.2260027280783088,1766201842.3760948
0.15739339590072632,-0.2805632948875427,2.272850521300806,0.3256853520870209,-1.8240774869918823,-1.2260027280783088,1766201842.3761296
0.15739339590072632,-0.2805632948875427,2.272850521300806,0.32688480615615845,-1.8256806135177612,-1.2289582478002519,1766201842.3861237
0.15649667382240295,-0.2804078459739685,2.2686553338128777,0.32688480615615845,-1.8256806135177612,-1.2289582478002519,1766201842.3861594
0.15649667382240295,-0.2804078459739685,2.2686553338128777,0.3280869126319885,-1.8273652791976929,-1.2314045883672229,1766201842.3960924
0.1555561125278473,-0.2801892161369324,2.2636475561446088,0.3280869126319885,-1.8273652791976929,-1.2314045883672229,1766201842.3961272
0.15475893020629883,-0.27996960282325745,2.260457705841466,0.3280869126319885,-1.8273652791976929,-1.2314045883672229,1766201842.4061472
0.15475893020629883,-0.27996960282325745,2.260457705841466,0.32842403650283813,-1.8287365436553955,-1.2322646278127785,1766201842.4061122
0.15384052693843842,-0.27967897057533264,2.2564273988830448,0.32842403650283813,-1.8287365436553955,-1.2322646278127785,1766201842.4061742
0.15384052693843842,-0.27967897057533264,2.2564273988830448,0.32889193296432495,-1.8302806615829468,-1.234998450255278,1766201842.4061632
0.15384052693843842,-0.27967897057533264,2.2564273988830448,0.32996901869773865,-1.831812858581543,-1.2372325711787358,1766201842.42613
0.15308237075805664,-0.2793942391872406,2.2524033879581036,0.32996901869773865,-1.831812858581543,-1.2372325711787358,1766201842.4261642
0.15308237075805664,-0.2793942391872406,2.2524033879581036,0.3316397964954376,-1.8341128826141357,-1.242690713414014,1766201842.4261794
0.15224622189998627,-0.2789945900440216,2.2499434687372304,0.3316397964954376,-1.8341128826141357,-1.242690713414014,1766201842.4261892
0.15146511793136597,-0.27864381670951843,2.2460605132284854,0.3316397964954376,-1.8341128826141357,-1.242690713414014,1766201842.4360638
0.15146511793136597,-0.27864381670951843,2.2460605132284854,0.3318348526954651,-1.8354436159133911,-1.2425119947245644,1766201842.4360547
0.15146511793136597,-0.27864381670951843,2.2460605132284854,0.33286628127098083,-1.837198257446289,-1.2452876199333665,1766201842.4461029
0.1508362740278244,-0.27826282382011414,2.2430717180752073,0.33286628127098083,-1.837198257446289,-1.2452876199333665,1766201842.4461367
0.15010051429271698,-0.2779362201690674,2.2411289807607098,0.33286628127098083,-1.837198257446289,-1.2452876199333665,1766201842.4561422
0.15010051429271698,-0.2779362201690674,2.2411289807607098,0.3345828652381897,-1.8396447896957397,-1.2489143962216773,1766201842.4561062
0.14938335120677948,-0.2776094377040863,2.238618771298467,0.3345828652381897,-1.8396447896957397,-1.2489143962216773,1766201842.4562995
0.14938335120677948,-0.2776094377040863,2.238618771298467,0.33545154333114624,-1.8413009643554688,-1.2511372869014183,1766201842.4561594
0.14867332577705383,-0.2771923840045929,2.2370089288086965,0.33545154333114624,-1.8413009643554688,-1.2511372869014183,1766201842.4661608
0.14867332577705383,-0.2771923840045929,2.2370089288086965,0.3358919620513916,-1.8433208465576172,-1.2532162305025054,1766201842.4661264
0.1479794979095459,-0.27682584524154663,2.23528724445313,0.3358919620513916,-1.8433208465576172,-1.2532162305025054,1766201842.4761364
0.1479794979095459,-0.27682584524154663,2.23528724445313,0.3369712233543396,-1.8453524112701416,-1.256004985505254,1766201842.4761016
0.14732301235198975,-0.2764413058757782,2.233687614177622,0.3369712233543396,-1.8453524112701416,-1.256004985505254,1766201842.4861658
0.14732301235198975,-0.2764413058757782,2.233687614177622,0.33811667561531067,-1.8474656343460083,-1.258498299086142,1766201842.4861312
0.14668157696723938,-0.2761096656322479,2.232187003707443,0.33811667561531067,-1.8474656343460083,-1.258498299086142,1766201842.4961817
0.14668157696723938,-0.2761096656322479,2.232187003707443,0.3398319482803345,-1.8501828908920288,-1.2629719382969156,1766201842.4961462
0.14668157696723938,-0.2761096656322479,2.232187003707443,0.3399128019809723,-1.8521395921707153,-1.2640376265033042,1766201842.506116
0.146073579788208,-0.27574583888053894,2.2300009353624644,0.3399128019809723,-1.8521395921707153,-1.2640376265033042,1766201842.5061505
0.14548316597938538,-0.27538543939590454,2.228538361052417,0.3399128019809723,-1.8521395921707153,-1.2640376265033042,1766201842.516145
0.14548316597938538,-0.27538543939590454,2.228538361052417,0.34129804372787476,-1.8545478582382202,-1.2667191756760925,1766201842.51611
0.1448965221643448,-0.2750628590583801,2.227643825508122,0.34129804372787476,-1.8545478582382202,-1.2667191756760925,1766201842.5261428
0.1448965221643448,-0.2750628590583801,2.227643825508122,0.34267541766166687,-1.857144832611084,-1.2696306960546113,1766201842.5261075
0.14448168873786926,-0.27469298243522644,2.226925232936869,0.34267541766166687,-1.857144832611084,-1.2696306960546113,1766201842.526283
0.14448168873786926,-0.27469298243522644,2.226925232936869,0.34375569224357605,-1.8596651554107666,-1.2720612276525918,1766201842.526159
0.14448168873786926,-0.27469298243522644,2.226925232936869,0.3444882035255432,-1.8619956970214844,-1.274054967344026,1766201842.5360863
0.14403170347213745,-0.27433958649635315,2.226609718298576,0.3444882035255432,-1.8619956970214844,-1.274054967344026,1766201842.5360954
0.14345984160900116,-0.2739429175853729,2.2257861215344565,0.3444882035255432,-1.8619956970214844,-1.274054967344026,1766201842.5461693
0.14345984160900116,-0.2739429175853729,2.2257861215344565,0.34591156244277954,-1.8646273612976074,-1.2765495526501285,1766201842.5461352
0.14301711320877075,-0.27356526255607605,2.224933988065932,0.34591156244277954,-1.8646273612976074,-1.2765495526501285,1766201842.5561008
0.14301711320877075,-0.27356526255607605,2.224933988065932,0.34705573320388794,-1.8673895597457886,-1.2787637895118706,1766201842.5560658
0.14258384704589844,-0.2731931805610657,2.224690279101227,0.34705573320388794,-1.8673895597457886,-1.2787637895118706,1766201842.5561295
0.14258384704589844,-0.2731931805610657,2.224690279101227,0.3480485677719116,-1.8701368570327759,-1.281180585631491,1766201842.5561173
0.14258384704589844,-0.2731931805610657,2.224690279101227,0.34914854168891907,-1.87288498878479,-1.2836479918442847,1766201842.56613
0.142202228307724,-0.2727711498737335,2.224718300932531,0.34914854168891907,-1.87288498878479,-1.2836479918442847,1766201842.5661612
0.142202228307724,-0.2727711498737335,2.224718300932531,0.3505159616470337,-1.876055359840393,-1.2855710196001093,1766201842.5761476
0.1418534517288208,-0.272391676902771,2.225098451368293,0.3505159616470337,-1.876055359840393,-1.2855710196001093,1766201842.5761826
0.1415202021598816,-0.2720523178577423,2.226433194432855,0.3505159616470337,-1.876055359840393,-1.2855710196001093,1766201842.586145
0.1415202021598816,-0.2720523178577423,2.226433194432855,0.35201358795166016,-1.8792012929916382,-1.2891119618715516,1766201842.5861099
0.14119502902030945,-0.27166685461997986,2.2281017956581897,0.35201358795166016,-1.8792012929916382,-1.2891119618715516,1766201842.596156
0.14119502902030945,-0.27166685461997986,2.2281017956581897,0.35273846983909607,-1.8819382190704346,-1.2870130226036345,1766201842.5961204
0.14119502902030945,-0.27166685461997986,2.2281017956581897,0.35450685024261475,-1.8852983713150024,-1.2921636693695666,1766201842.606079
0.14088790118694305,-0.2712860405445099,2.2287539737471787,0.35450685024261475,-1.8852983713150024,-1.2921636693695666,1766201842.6061144
0.14088790118694305,-0.2712860405445099,2.2287539737471787,0.35562005639076233,-1.8883283138275146,-1.2940832137807785,1766201842.6061301
0.14059971272945404,-0.27089881896972656,2.2301829438699152,0.35562005639076233,-1.8883283138275146,-1.2940832137807785,1766201842.6062632
0.14059971272945404,-0.27089881896972656,2.2301829438699152,0.35684043169021606,-1.891753911972046,-1.2947847549479048,1766201842.6160607
0.14025679230690002,-0.2705700397491455,2.2320266531323827,0.35684043169021606,-1.891753911972046,-1.2947847549479048,1766201842.6160703
0.14025679230690002,-0.2705700397491455,2.2320266531323827,0.35761725902557373,-1.8948644399642944,-1.2947486681050908,1766201842.6260135
0.13998277485370636,-0.2702082097530365,2.234155205785225,0.35761725902557373,-1.8948644399642944,-1.2947486681050908,1766201842.6260474
0.1396520584821701,-0.2698543965816498,2.2359524844277043,0.35761725902557373,-1.8948644399642944,-1.2947486681050908,1766201842.636155
0.1396520584821701,-0.2698543965816498,2.2359524844277043,0.3596259653568268,-1.8986220359802246,-1.29957643524338,1766201842.6361191
0.1396520584821701,-0.2698543965816498,2.2359524844277043,0.3601771593093872,-1.9019173383712769,-1.2987151445955423,1766201842.6461334
0.1393475979566574,-0.269493043422699,2.238929103592826,0.3601771593093872,-1.9019173383712769,-1.2987151445955423,1766201842.6461675
0.1391209363937378,-0.2691669762134552,2.241257148775792,0.3601771593093872,-1.9019173383712769,-1.2987151445955423,1766201842.6561515
0.1391209363937378,-0.2691669762134552,2.241257148775792,0.36171582341194153,-1.905696153640747,-1.3006517702134015,1766201842.6561174
0.1391209363937378,-0.2691669762134552,2.241257148775792,0.36231064796447754,-1.9088371992111206,-1.300210810706836,1766201842.66612
0.13887718319892883,-0.26879796385765076,2.2431774348737052,0.36231064796447754,-1.9088371992111206,-1.300210810706836,1766201842.666156
0.13887718319892883,-0.26879796385765076,2.2431774348737052,0.364829957485199,-1.9130762815475464,-1.3049823674027383,1766201842.6661723
0.138614684343338,-0.26845645904541016,2.2462088128464814,0.364829957485199,-1.9130762815475464,-1.3049823674027383,1766201842.6661813
0.13844940066337585,-0.2680974304676056,2.2485324873479575,0.364829957485199,-1.9130762815475464,-1.3049823674027383,1766201842.6761518
0.13844940066337585,-0.2680974304676056,2.2485324873479575,0.364849328994751,-1.9163594245910645,-1.303221089410879,1766201842.6761181
0.13844940066337585,-0.2680974304676056,2.2485324873479575,0.3674499988555908,-1.920685052871704,-1.3069756285934353,1766201842.6861072
0.1382528394460678,-0.26770225167274475,2.2514278578095612,0.3674499988555908,-1.920685052871704,-1.3069756285934353,1766201842.6861424
0.1382528394460678,-0.26770225167274475,2.2514278578095612,0.3678341209888458,-1.9241669178009033,-1.3043460856484963,1766201842.6961086
0.13802435994148254,-0.2672663927078247,2.254943108242131,0.3678341209888458,-1.9241669178009033,-1.3043460856484963,1766201842.6961436
0.13802435994148254,-0.2672663927078247,2.254943108242131,0.36884260177612305,-1.9279911518096924,-1.306428341572006,1766201842.7061193
0.13785292208194733,-0.2668856084346771,2.2575478342144164,0.36884260177612305,-1.9279911518096924,-1.306428341572006,1766201842.7061586
0.13785292208194733,-0.2668856084346771,2.2575478342144164,0.3703548014163971,-1.932165503501892,-1.3076872956279684,1766201842.7161243
0.13763470947742462,-0.26643750071525574,2.261031204971879,0.3703548014163971,-1.932165503501892,-1.3076872956279684,1766201842.7161598
0.13763470947742462,-0.26643750071525574,2.261031204971879,0.3713966906070709,-1.9360682964324951,-1.308459404805353,1766201842.716176
0.13754692673683167,-0.2660485804080963,2.2625513004169724,0.3713966906070709,-1.9360682964324951,-1.308459404805353,1766201842.716185
0.13730183243751526,-0.26558154821395874,2.2644052039611156,0.3713966906070709,-1.9360682964324951,-1.308459404805353,1766201842.7260273
0.13730183243751526,-0.26558154821395874,2.2644052039611156,0.37313133478164673,-1.9403979778289795,-1.3107550943834436,1766201842.7260168
0.13718754053115845,-0.2651306092739105,2.2669042106865405,0.37313133478164673,-1.9403979778289795,-1.3107550943834436,1766201842.7361536
0.13718754053115845,-0.2651306092739105,2.2669042106865405,0.3742671012878418,-1.9444867372512817,-1.3100245654074927,1766201842.7361183
0.13718754053115845,-0.2651306092739105,2.2669042106865405,0.3757777512073517,-1.948914647102356,-1.3112511553003918,1766201842.7461276
0.1370873749256134,-0.26464080810546875,2.2705506401831266,0.3757777512073517,-1.948914647102356,-1.3112511553003918,1766201842.7461612
0.13702704012393951,-0.26413771510124207,2.2740654283395934,0.3757777512073517,-1.948914647102356,-1.3112511553003918,1766201842.7561598
0.13702704012393951,-0.26413771510124207,2.2740654283395934,0.3766174614429474,-1.9530539512634277,-1.3112333420225555,1766201842.7561233
0.13702704012393951,-0.26413771510124207,2.2740654283395934,0.3785198926925659,-1.9576953649520874,-1.3125609329600076,1766201842.7661185
0.1369694173336029,-0.26367053389549255,2.2765434797752904,0.3785198926925659,-1.9576953649520874,-1.3125609329600076,1766201842.7661543
0.1369694173336029,-0.26367053389549255,2.2765434797752904,0.380109041929245,-1.9623411893844604,-1.3137344441696683,1766201842.7661698
0.13675998151302338,-0.26306605339050293,2.278895700552883,0.380109041929245,-1.9623411893844604,-1.3137344441696683,1766201842.766179
0.13675998151302338,-0.26306605339050293,2.278895700552883,0.3804439306259155,-1.9664338827133179,-1.3121149288954095,1766201842.7761261
0.1367385983467102,-0.2625328004360199,2.282402258578012,0.3804439306259155,-1.9664338827133179,-1.3121149288954095,1766201842.7761605
0.13672007620334625,-0.2619839906692505,2.2861449135855456,0.3804439306259155,-1.9664338827133179,-1.3121149288954095,1766201842.7861323
0.13672007620334625,-0.2619839906692505,2.2861449135855456,0.38266289234161377,-1.9712282419204712,-1.3149010132446968,1766201842.7860978
0.13677211105823517,-0.2614938020706177,2.2893136265603995,0.38266289234161377,-1.9712282419204712,-1.3149010132446968,1766201842.7961576
0.13677211105823517,-0.2614938020706177,2.2893136265603995,0.3836326003074646,-1.975706934928894,-1.3134687152464504,1766201842.7961226
0.136805459856987,-0.2609683871269226,2.2928201625391926,0.3836326003074646,-1.975706934928894,-1.3134687152464504,1766201842.8061032
0.136805459856987,-0.2609683871269226,2.2928201625391926,0.3849210739135742,-1.9802721738815308,-1.3138670841908828,1766201842.8060699
0.13688130676746368,-0.26038244366645813,2.2971543062138418,0.3849210739135742,-1.9802721738815308,-1.3138670841908828,1766201842.8061306
0.13688130676746368,-0.26038244366645813,2.2971543062138418,0.38653433322906494,-1.9851412773132324,-1.314413288151414,1766201842.8061202
0.13688130676746368,-0.26038244366645813,2.2971543062138418,0.3875158429145813,-1.9899659156799316,-1.3141545687796652,1766201842.816008
0.13690127432346344,-0.2598676383495331,2.3006748605912555,0.3875158429145813,-1.9899659156799316,-1.3141545687796652,1766201842.816017
0.1369524449110031,-0.2593595087528229,2.303890754504169,0.3875158429145813,-1.9899659156799316,-1.3141545687796652,1766201842.8261046
0.1369524449110031,-0.2593595087528229,2.303890754504169,0.3903210461139679,-1.995841383934021,-1.322111908657853,1766201842.8260725
0.1369524449110031,-0.2593595087528229,2.303890754504169,0.3907884359359741,-2.0000159740448,-1.317195097869782,1766201842.8361008
0.13698934018611908,-0.2588483989238739,2.307346797961939,0.3907884359359741,-2.0000159740448,-1.317195097869782,1766201842.8361387
0.13705883920192719,-0.2583426237106323,2.3108987730544044,0.3907884359359741,-2.0000159740448,-1.317195097869782,1766201842.846159
0.13705883920192719,-0.2583426237106323,2.3108987730544044,0.392215758562088,-2.004926919937134,-1.3164192969401034,1766201842.8461244
0.13705883920192719,-0.2583426237106323,2.3108987730544044,0.39358603954315186,-2.009995937347412,-1.3170882680573806,1766201842.8561292
0.1371859312057495,-0.2578853368759155,2.3140353472404334,0.39358603954315186,-2.009995937347412,-1.3170882680573806,1766201842.8561637
0.1371859312057495,-0.2578853368759155,2.3140353472404334,0.396049439907074,-2.015598773956299,-1.3207738274544945,1766201842.8561802
0.13735069334506989,-0.25743812322616577,2.3173482909538823,0.396049439907074,-2.015598773956299,-1.3207738274544945,1766201842.8561914
0.13752381503582,-0.25699594616889954,2.3205800897953806,0.396049439907074,-2.015598773956299,-1.3207738274544945,1766201842.866097
0.13752381503582,-0.25699594616889954,2.3205800897953806,0.39664340019226074,-2.020301580429077,-1.317725376798639,1766201842.8660874
0.13752381503582,-0.25699594616889954,2.3205800897953806,0.39791712164878845,-2.0252997875213623,-1.3173545977232297,1766201842.8760388
0.13767117261886597,-0.25655075907707214,2.3236648727274765,0.39791712164878845,-2.0252997875213623,-1.3173545977232297,1766201842.876049
0.13767117261886597,-0.25655075907707214,2.3236648727274765,0.39985746145248413,-2.0307295322418213,-1.318049767574213,1766201842.8861094
0.13788725435733795,-0.2561660706996918,2.326568111745834,0.39985746145248413,-2.0307295322418213,-1.318049767574213,1766201842.8861456
0.13788725435733795,-0.2561660706996918,2.326568111745834,0.40163981914520264,-2.0362422466278076,-1.3185021062804636,1766201842.8960905
0.13808590173721313,-0.2557304799556732,2.3288337061627287,0.40163981914520264,-2.0362422466278076,-1.3185021062804636,1766201842.8961258
0.13834013044834137,-0.25538089871406555,2.331092823469636,0.40163981914520264,-2.0362422466278076,-1.3185021062804636,1766201842.906137
0.13834013044834137,-0.25538089871406555,2.331092823469636,0.40301045775413513,-2.0415539741516113,-1.3184155585738198,1766201842.9061034
0.1386474370956421,-0.2549828588962555,2.3335537640106425,0.40301045775413513,-2.0415539741516113,-1.3184155585738198,1766201842.9061625
0.1386474370956421,-0.2549828588962555,2.3335537640106425,0.4040454924106598,-2.0467641353607178,-1.3178313058907178,1766201842.9061527
0.1386474370956421,-0.2549828588962555,2.3335537640106425,0.4058624804019928,-2.05228590965271,-1.3197534408288356,1766201842.9260135
0.13893167674541473,-0.25458037853240967,2.3373275759062624,0.4058624804019928,-2.05228590965271,-1.3197534408288356,1766201842.926026
0.13916903734207153,-0.25423961877822876,2.339515530543902,0.4058624804019928,-2.05228590965271,-1.3197534408288356,1766201842.936164
0.13916903734207153,-0.25423961877822876,2.339515530543902,0.4077247083187103,-2.0578596591949463,-1.319274099523213,1766201842.9361274
0.13941644132137299,-0.2539196312427521,2.342140865117834,0.4077247083187103,-2.0578596591949463,-1.319274099523213,1766201842.9361908
0.13941644132137299,-0.2539196312427521,2.342140865117834,0.40984004735946655,-2.063685894012451,-1.3203638143548992,1766201842.9361804
0.13941644132137299,-0.2539196312427521,2.342140865117834,0.41138771176338196,-2.069395065307617,-1.3207192706080402,1766201842.9461074
0.13964776694774628,-0.2535504102706909,2.3441956722578343,0.41138771176338196,-2.069395065307617,-1.3207192706080402,1766201842.9461174
0.13992391526699066,-0.2532629370689392,2.346949254101941,0.41138771176338196,-2.069395065307617,-1.3207192706080402,1766201842.9561298
0.13992391526699066,-0.2532629370689392,2.346949254101941,0.41274356842041016,-2.0748724937438965,-1.3190664802514147,1766201842.9560945
0.13992391526699066,-0.2532629370689392,2.346949254101941,0.41504397988319397,-2.0811235904693604,-1.3249132527475442,1766201842.966132
0.14015722274780273,-0.25290459394454956,2.349364585258935,0.41504397988319397,-2.0811235904693604,-1.3249132527475442,1766201842.9661674
0.14015722274780273,-0.25290459394454956,2.349364585258935,0.41562727093696594,-2.0863301753997803,-1.3202563164077372,1766201842.9661832
0.14043830335140228,-0.25258928537368774,2.352013464338018,0.41562727093696594,-2.0863301753997803,-1.3202563164077372,1766201842.9661925
0.14069364964962006,-0.2523331940174103,2.3542400515771984,0.41562727093696594,-2.0863301753997803,-1.3202563164077372,1766201842.9760592
0.14069364964962006,-0.2523331940174103,2.3542400515771984,0.4174119830131531,-2.0923240184783936,-1.3218949445610997,1766201842.97605
0.14069364964962006,-0.2523331940174103,2.3542400515771984,0.4190033972263336,-2.0981709957122803,-1.3216007130334857,1766201842.986076
0.14092153310775757,-0.25207599997520447,2.356400246869341,0.4190033972263336,-2.0981709957122803,-1.3216007130334857,1766201842.9861124
0.14092153310775757,-0.25207599997520447,2.356400246869341,0.42073625326156616,-2.1040196418762207,-1.3213935364176388,1766201842.9961195
0.14115069806575775,-0.25182411074638367,2.358401945891325,0.42073625326156616,-2.1040196418762207,-1.3213935364176388,1766201842.9961555
0.14115069806575775,-0.25182411074638367,2.358401945891325,0.42295041680336,-2.110295295715332,-1.3240317357751432,1766201843.0061226
0.14145521819591522,-0.25157302618026733,2.360505725122421,0.42295041680336,-2.110295295715332,-1.3240317357751432,1766201843.0061562
0.14145521819591522,-0.25157302618026733,2.360505725122421,0.4243253767490387,-2.116107940673828,-1.322669759415124,1766201843.0160735
0.14183782041072845,-0.2513786554336548,2.362804888463803,0.4243253767490387,-2.116107940673828,-1.322669759415124,1766201843.016109
0.14183782041072845,-0.2513786554336548,2.362804888463803,0.42684876918792725,-2.1226279735565186,-1.3235701401317248,1766201843.0161386
0.14203175902366638,-0.25111812353134155,2.3663891990171653,0.42684876918792725,-2.1226279735565186,-1.3235701401317248,1766201843.0161483
0.1422775834798813,-0.25093311071395874,2.368041669861553,0.42684876918792725,-2.1226279735565186,-1.3235701401317248,1766201843.0262113
0.1422775834798813,-0.25093311071395874,2.368041669861553,0.42875802516937256,-2.129087448120117,-1.3257916590693501,1766201843.0261834
0.1425202637910843,-0.2507665157318115,2.3699582267119808,0.42875802516937256,-2.129087448120117,-1.3257916590693501,1766201843.036156
0.1425202637910843,-0.2507665157318115,2.3699582267119808,0.4293915331363678,-2.1343436241149902,-1.3214873768927495,1766201843.0361195
0.1425202637910843,-0.2507665157318115,2.3699582267119808,0.43169939517974854,-2.1408426761627197,-1.3235444835642052,1766201843.0461116
0.14295212924480438,-0.2506836950778961,2.372594038323457,0.43169939517974854,-2.1408426761627197,-1.3235444835642052,1766201843.0461218
0.1431974172592163,-0.2505168616771698,2.374575941762784,0.43169939517974854,-2.1408426761627197,-1.3235444835642052,1766201843.0561497
0.1431974172592163,-0.2505168616771698,2.374575941762784,0.4331072270870209,-2.14694881439209,-1.323879559065102,1766201843.0561163
0.14354558289051056,-0.250417560338974,2.3774085602031434,0.4331072270870209,-2.14694881439209,-1.323879559065102,1766201843.0561776
0.14354558289051056,-0.250417560338974,2.3774085602031434,0.4349654018878937,-2.153210163116455,-1.3237728955080417,1766201843.056166
0.14354558289051056,-0.250417560338974,2.3774085602031434,0.43667539954185486,-2.159451961517334,-1.32483534455255,1766201843.0661566
0.1436416655778885,-0.2502705454826355,2.3785206451173226,0.43667539954185486,-2.159451961517334,-1.32483534455255,1766201843.0661654
0.1436416655778885,-0.2502705454826355,2.3785206451173226,0.4385281801223755,-2.1657135486602783,-1.3246056298993394,1766201843.0761073
0.14388033747673035,-0.25022435188293457,2.3803858291861557,0.4385281801223755,-2.1657135486602783,-1.3246056298993394,1766201843.0761423
0.14388033747673035,-0.25022435188293457,2.3803858291861557,0.4403742849826813,-2.172236442565918,-1.326496948587477,1766201843.0861287
0.144120991230011,-0.25015324354171753,2.382305962208918,0.4403742849826813,-2.172236442565918,-1.326496948587477,1766201843.0861633
0.14445796608924866,-0.2501024901866913,2.383798981605238,0.4403742849826813,-2.172236442565918,-1.326496948587477,1766201843.0961628
0.14445796608924866,-0.2501024901866913,2.383798981605238,0.4421476125717163,-2.178377628326416,-1.3248387660367003,1766201843.0961273
0.14445796608924866,-0.2501024901866913,2.383798981605238,0.44398096203804016,-2.184572458267212,-1.326214544584883,1766201843.1061296
0.14468799531459808,-0.2501131296157837,2.386021718386828,0.44398096203804016,-2.184572458267212,-1.326214544584883,1766201843.106163
0.14468799531459808,-0.2501131296157837,2.386021718386828,0.44587773084640503,-2.190967559814453,-1.3266391394039523,1766201843.1161013
0.14520514011383057,-0.2505960166454315,2.3821172363281784,0.44587773084640503,-2.190967559814453,-1.3266391394039523,1766201843.1161358
0.14520514011383057,-0.2505960166454315,2.3821172363281784,0.4475848078727722,-2.1972239017486572,-1.3257429257325177,1766201843.116151
0.145637646317482,-0.2506398558616638,2.384038047282151,0.4475848078727722,-2.1972239017486572,-1.3257429257325177,1766201843.1161606
0.14578111469745636,-0.2501634359359741,2.392665323062718,0.4475848078727722,-2.1972239017486572,-1.3257429257325177,1766201843.1260471
0.14578111469745636,-0.2501634359359741,2.392665323062718,0.4496414065361023,-2.203320264816284,-1.3260280499699029,1766201843.1260357
0.146000936627388,-0.2501620948314667,2.3952106657581913,0.4496414065361023,-2.203320264816284,-1.3260280499699029,1766201843.1360571
0.146000936627388,-0.2501620948314667,2.3952106657581913,0.4511009156703949,-2.2094616889953613,-1.3260202034328843,1766201843.1360452
0.14643187820911407,-0.25105953216552734,2.386867521343499,0.4511009156703949,-2.2094616889953613,-1.3260202034328843,1766201843.1460683
0.14643187820911407,-0.25105953216552734,2.386867521343499,0.45294228196144104,-2.215869903564453,-1.3274101561504557,1766201843.146053
0.14643187820911407,-0.25105953216552734,2.386867521343499,0.45453140139579773,-2.221400260925293,-1.325188049158342,1766201843.1560683
0.14664430916309357,-0.25063738226890564,2.3941977823428147,0.45453140139579773,-2.221400260925293,-1.325188049158342,1766201843.156103
0.14664430916309357,-0.25063738226890564,2.3941977823428147,0.4560784101486206,-2.2273802757263184,-1.3250289240786104,1766201843.1561186
0.14694194495677948,-0.2508377134799957,2.394081395722955,0.4560784101486206,-2.2273802757263184,-1.3250289240786104,1766201843.1561306
0.1472369283437729,-0.25120803713798523,2.392732767667348,0.4560784101486206,-2.2273802757263184,-1.3250289240786104,1766201843.1661627
0.1472369283437729,-0.25120803713798523,2.392732767667348,0.4571317434310913,-2.233048439025879,-1.3248807446788782,1766201843.166133
0.1472369283437729,-0.25120803713798523,2.392732767667348,0.45936456322669983,-2.2390286922454834,-1.3263727680072765,1766201843.1760387
0.1475856602191925,-0.25131526589393616,2.3940423970484708,0.45936456322669983,-2.2390286922454834,-1.3263727680072765,1766201843.1760485
0.1475856602191925,-0.25131526589393616,2.3940423970484708,0.46078741550445557,-2.2447926998138428,-1.32531787412502,1766201843.1861234
0.14771461486816406,-0.2510337829589844,2.4011155391201164,0.46078741550445557,-2.2447926998138428,-1.32531787412502,1766201843.1861584
0.14771461486816406,-0.2510337829589844,2.4011155391201164,0.46197646856307983,-2.25019907951355,-1.3243915901094028,1766201843.1961267
0.14794297516345978,-0.25110945105552673,2.4036782593342427,0.46197646856307983,-2.25019907951355,-1.3243915901094028,1766201843.196162
0.14794297516345978,-0.25110945105552673,2.4036782593342427,0.46359121799468994,-2.255772113800049,-1.3253323772451024,1766201843.206106
0.14822138845920563,-0.25118356943130493,2.40599933001322,0.46359121799468994,-2.255772113800049,-1.3253323772451024,1766201843.2061448
0.1485283374786377,-0.25113189220428467,2.4120091934944767,0.46359121799468994,-2.255772113800049,-1.3253323772451024,1766201843.206189
0.1485283374786377,-0.25113189220428467,2.4120091934944767,0.46553584933280945,-2.261399745941162,-1.3261680042597412,1766201843.206178
0.14864929020404816,-0.251169890165329,2.4124710660335213,0.46553584933280945,-2.261399745941162,-1.3261680042597412,1766201843.2160609
0.14864929020404816,-0.251169890165329,2.4124710660335213,0.4666793644428253,-2.266664505004883,-1.3247911208165062,1766201843.216052
0.14913572371006012,-0.2511943280696869,2.41730408509953,0.4666793644428253,-2.266664505004883,-1.3247911208165062,1766201843.2259939
0.14913572371006012,-0.2511943280696869,2.41730408509953,0.4682700037956238,-2.2721071243286133,-1.3247123572376225,1766201843.2259836
0.14967048168182373,-0.25203749537467957,2.4066494358459214,0.4682700037956238,-2.2721071243286133,-1.3247123572376225,1766201843.236145
0.14967048168182373,-0.25203749537467957,2.4066494358459214,0.4695512056350708,-2.2772977352142334,-1.3249182781851339,1766201843.2361102
0.15003901720046997,-0.25215914845466614,2.408648114067442,0.4695512056350708,-2.2772977352142334,-1.3249182781851339,1766201843.246156
0.15003901720046997,-0.25215914845466614,2.408648114067442,0.4712279140949249,-2.2823326587677,-1.3251366429727647,1766201843.2461214
0.15044143795967102,-0.2522874176502228,2.4100887824472617,0.4712279140949249,-2.2823326587677,-1.3251366429727647,1766201843.2561548
0.15044143795967102,-0.2522874176502228,2.4100887824472617,0.4722806215286255,-2.2872705459594727,-1.3245172403786012,1766201843.2561204
0.15044143795967102,-0.2522874176502228,2.4100887824472617,0.47382068634033203,-2.2922298908233643,-1.32419516320422,1766201843.2660687
0.1508672833442688,-0.2523994445800781,2.4111542092175617,0.47382068634033203,-2.2922298908233643,-1.32419516320422,1766201843.2661047
0.1508672833442688,-0.2523994445800781,2.4111542092175617,0.47521623969078064,-2.297098398208618,-1.3247573572060447,1766201843.266121
0.15135341882705688,-0.2524760067462921,2.412694770989907,0.47521623969078064,-2.297098398208618,-1.3247573572060447,1766201843.2661302
0.15135341882705688,-0.2524760067462921,2.412694770989907,0.47650420665740967,-2.3017287254333496,-1.323458943495058,1766201843.2761207
0.1518009752035141,-0.25259071588516235,2.4149902345347023,0.47650420665740967,-2.3017287254333496,-1.323458943495058,1766201843.2761548
0.1518009752035141,-0.25259071588516235,2.4149902345347023,0.47815757989883423,-2.306424379348755,-1.3243162819277068,1766201843.2861297
0.15230022370815277,-0.25272220373153687,2.417150610640399,0.47815757989883423,-2.306424379348755,-1.3243162819277068,1766201843.2861648
0.15230022370815277,-0.25272220373153687,2.417150610640399,0.4795321226119995,-2.311011552810669,-1.3237407840717197,1766201843.2961092
0.15277573466300964,-0.2528761029243469,2.4188969421573487,0.4795321226119995,-2.311011552810669,-1.3237407840717197,1766201843.2961438
0.1531427949666977,-0.25298604369163513,2.4206148905965703,0.4795321226119995,-2.311011552810669,-1.3237407840717197,1766201843.3061328
0.1531427949666977,-0.25298604369163513,2.4206148905965703,0.48042213916778564,-2.3153724670410156,-1.3228934671923203,1766201843.306099
0.1535041183233261,-0.2531335949897766,2.4238075206863883,0.48042213916778564,-2.3153724670410156,-1.3228934671923203,1766201843.3061593
0.1535041183233261,-0.2531335949897766,2.4238075206863883,0.4816267192363739,-2.3198235034942627,-1.323144668358135,1766201843.3061485
0.1535041183233261,-0.2531335949897766,2.4238075206863883,0.4828062057495117,-2.324230909347534,-1.3235829254408105,1766201843.3161087
0.15391361713409424,-0.253246009349823,2.4257341737786278,0.4828062057495117,-2.324230909347534,-1.3235829254408105,1766201843.3161435
0.15435819327831268,-0.2534347474575043,2.4286121141621413,0.4828062057495117,-2.324230909347534,-1.3235829254408105,1766201843.3260963
0.15435819327831268,-0.2534347474575043,2.4286121141621413,0.4841651916503906,-2.3283958435058594,-1.322450151966334,1766201843.3260615
0.15435819327831268,-0.2534347474575043,2.4286121141621413,0.48509615659713745,-2.3326125144958496,-1.3222453213161351,1766201843.3360994
0.15477365255355835,-0.25362321734428406,2.4305247989277308,0.48509615659713745,-2.3326125144958496,-1.3222453213161351,1766201843.336135
0.15477365255355835,-0.25362321734428406,2.4305247989277308,0.4865570366382599,-2.3367440700531006,-1.322239821180812,1766201843.3461263
0.15523761510849,-0.253790944814682,2.4326203669132687,0.4865570366382599,-2.3367440700531006,-1.322239821180812,1766201843.3461607
0.15523761510849,-0.253790944814682,2.4326203669132687,0.4878487288951874,-2.340951919555664,-1.3217792538547712,1766201843.3560984
0.15566031634807587,-0.2539547383785248,2.4346495581775267,0.4878487288951874,-2.340951919555664,-1.3217792538547712,1766201843.356133
0.15566031634807587,-0.2539547383785248,2.4346495581775267,0.4890345633029938,-2.3450422286987305,-1.321643220451719,1766201843.3561492
0.15617360174655914,-0.2541406750679016,2.4360340052777514,0.4890345633029938,-2.3450422286987305,-1.321643220451719,1766201843.3561609
0.15617360174655914,-0.2541406750679016,2.4360340052777514,0.4899143874645233,-2.348997116088867,-1.3208976411709414,1766201843.366102
0.15662655234336853,-0.25428369641304016,2.437698077697136,0.4899143874645233,-2.348997116088867,-1.3208976411709414,1766201843.366136
0.15662655234336853,-0.25428369641304016,2.437698077697136,0.4912976324558258,-2.353048324584961,-1.3205204352595723,1766201843.3760407
0.1570584625005722,-0.254459410905838,2.4392337500055983,0.4912976324558258,-2.353048324584961,-1.3205204352595723,1766201843.376051
0.15754219889640808,-0.25462260842323303,2.4382417851098155,0.4912976324558258,-2.353048324584961,-1.3205204352595723,1766201843.3860605
0.15754219889640808,-0.25462260842323303,2.4382417851098155,0.49209699034690857,-2.35672926902771,-1.3198115036073326,1766201843.3860471
0.1579720824956894,-0.2547282874584198,2.4393774550797893,0.49209699034690857,-2.35672926902771,-1.3198115036073326,1766201843.3960524
0.1579720824956894,-0.2547282874584198,2.4393774550797893,0.49340927600860596,-2.360691785812378,-1.3206496418944744,1766201843.396032
0.1579720824956894,-0.2547282874584198,2.4393774550797893,0.49435338377952576,-2.3645637035369873,-1.3193839009620658,1766201843.4061205
0.1583855003118515,-0.25487807393074036,2.441754232315021,0.49435338377952576,-2.3645637035369873,-1.3193839009620658,1766201843.4061549
0.1583855003118515,-0.25487807393074036,2.441754232315021,0.4954996407032013,-2.3683032989501953,-1.3196253253273154,1766201843.4061704
0.1587512493133545,-0.25495702028274536,2.4438477194376684,0.4954996407032013,-2.3683032989501953,-1.3196253253273154,1766201843.406181
0.1587512493133545,-0.25495702028274536,2.4438477194376684,0.49664121866226196,-2.3719842433929443,-1.3194139213479807,1766201843.4160533
0.15916591882705688,-0.25508004426956177,2.4443015416732097,0.49664121866226196,-2.3719842433929443,-1.3194139213479807,1766201843.4160628
0.15916591882705688,-0.25508004426956177,2.4443015416732097,0.49730244278907776,-2.375441312789917,-1.3182956128377914,1766201843.4261162
0.1595085710287094,-0.2551339864730835,2.44490243313371,0.49730244278907776,-2.375441312789917,-1.3182956128377914,1766201843.4261534
0.1595085710287094,-0.2551339864730835,2.44490243313371,0.49842342734336853,-2.379455327987671,-1.3194911149782207,1766201843.4361036
0.15984807908535004,-0.25523391366004944,2.445825408881478,0.49842342734336853,-2.379455327987671,-1.3194911149782207,1766201843.4361389
0.16021376848220825,-0.25530773401260376,2.4457775414174465,0.49842342734336853,-2.379455327987671,-1.3194911149782207,1766201843.4460857
0.16021376848220825,-0.25530773401260376,2.4457775414174465,0.4993849992752075,-2.3830041885375977,-1.3195023144318816,1766201843.4460497
0.1604817658662796,-0.25524333119392395,2.4480904909843346,0.4993849992752075,-2.3830041885375977,-1.3195023144318816,1766201843.4560921
0.1604817658662796,-0.25524333119392395,2.4480904909843346,0.5006673336029053,-2.3866662979125977,-1.3191332075583468,1766201843.4560564
0.1604817658662796,-0.25524333119392395,2.4480904909843346,0.5012391209602356,-2.3902812004089355,-1.3185282867065768,1766201843.4661043
0.1608380675315857,-0.25529077649116516,2.4487922090346603,0.5012391209602356,-2.3902812004089355,-1.3185282867065768,1766201843.4661431
0.1608380675315857,-0.25529077649116516,2.4487922090346603,0.502305269241333,-2.3937952518463135,-1.3188631593753934,1766201843.4662116
0.16116128861904144,-0.2553253173828125,2.449663540097035,0.502305269241333,-2.3937952518463135,-1.3188631593753934,1766201843.4662306
0.16151981055736542,-0.255337119102478,2.450595488715651,0.502305269241333,-2.3937952518463135,-1.3188631593753934,1766201843.4760895
0.16151981055736542,-0.255337119102478,2.450595488715651,0.50331050157547,-2.397125482559204,-1.3180773706111397,1766201843.476081
0.16183710098266602,-0.2553413510322571,2.4514018175025525,0.50331050157547,-2.397125482559204,-1.3180773706111397,1766201843.486147
0.16183710098266602,-0.2553413510322571,2.4514018175025525,0.5043889284133911,-2.400470733642578,-1.3180484571731876,1766201843.4861112
0.1621614247560501,-0.2553005814552307,2.453148446039327,0.5043889284133911,-2.400470733642578,-1.3180484571731876,1766201843.496157
0.1621614247560501,-0.2553005814552307,2.453148446039327,0.5050219297409058,-2.4039151668548584,-1.3183987736062701,1766201843.4961207
0.1621614247560501,-0.2553005814552307,2.453148446039327,0.5063276290893555,-2.407362461090088,-1.317934004398642,1766201843.5060775
0.16250529885292053,-0.2553043067455292,2.453481043784928,0.5063276290893555,-2.407362461090088,-1.317934004398642,1766201843.5061064
0.16250529885292053,-0.2553043067455292,2.453481043784928,0.5072629451751709,-2.4106361865997314,-1.3183850303789324,1766201843.5061107
0.16277989745140076,-0.2552242875099182,2.4549865955745234,0.5072629451751709,-2.4106361865997314,-1.3183850303789324,1766201843.5061135
0.16309158504009247,-0.2551688551902771,2.4557057632841564,0.5072629451751709,-2.4106361865997314,-1.3183850303789324,1766201843.516054
0.16309158504009247,-0.2551688551902771,2.4557057632841564,0.5087077021598816,-2.4139111042022705,-1.3179093645165032,1766201843.5160444
0.16338855028152466,-0.25506502389907837,2.457405884602365,0.5087077021598816,-2.4139111042022705,-1.3179093645165032,1766201843.526157
0.16338855028152466,-0.25506502389907837,2.457405884602365,0.5094594359397888,-2.4169678688049316,-1.3180803240486942,1766201843.5261211
0.16338855028152466,-0.25506502389907837,2.457405884602365,0.5099906921386719,-2.419929265975952,-1.317362487666636,1766201843.536086
0.16360095143318176,-0.25485798716545105,2.4603266388576857,0.5099906921386719,-2.419929265975952,-1.317362487666636,1766201843.53612
0.16360095143318176,-0.25485798716545105,2.4603266388576857,0.5111696720123291,-2.4231760501861572,-1.3189953730135195,1766201843.546131
0.16385146975517273,-0.25469380617141724,2.4626290695390307,0.5111696720123291,-2.4231760501861572,-1.3189953730135195,1766201843.546165
0.16385146975517273,-0.25469380617141724,2.4626290695390307,0.5118032097816467,-2.4261856079101562,-1.317849733392199,1766201843.5560837
0.16410845518112183,-0.254538357257843,2.4644090536436014,0.5118032097816467,-2.4261856079101562,-1.317849733392199,1766201843.5561178
0.16436201333999634,-0.2543680965900421,2.466174306245836,0.5118032097816467,-2.4261856079101562,-1.317849733392199,1766201843.5661259
0.16437514126300812,-0.25385862588882446,2.4694652783447903,0.5118032097816467,-2.4261856079101562,-1.317849733392199,1766201843.5661516
0.16437514126300812,-0.25385862588882446,2.4694652783447903,0.512808084487915,-2.4293429851531982,-1.3198051306660044,1766201843.5660913
0.16437514126300812,-0.25385862588882446,2.4694652783447903,0.5136052370071411,-2.4321770668029785,-1.3185310136525816,1766201843.5661423
0.16437514126300812,-0.25385862588882446,2.4694652783447903,0.5145280361175537,-2.4348926544189453,-1.3178928738832727,1766201843.576216
0.16468024253845215,-0.2536519765853882,2.4700867786639478,0.5145280361175537,-2.4348926544189453,-1.3178928738832727,1766201843.5762382
0.16468024253845215,-0.2536519765853882,2.4700867786639478,0.5150172114372253,-2.438021421432495,-1.320083224067982,1766201843.5859685
0.16486740112304688,-0.25331541895866394,2.4730080321115135,0.5150172114372253,-2.438021421432495,-1.320083224067982,1766201843.5859933
0.16486740112304688,-0.25331541895866394,2.4730080321115135,0.5157930850982666,-2.4406557083129883,-1.3186326427682347,1766201843.596071
0.1651121824979782,-0.25307947397232056,2.4746391967945307,0.5157930850982666,-2.4406557083129883,-1.3186326427682347,1766201843.596084
0.1651121824979782,-0.25307947397232056,2.4746391967945307,0.5167363882064819,-2.443444013595581,-1.3198041054849488,1766201843.6061294
0.16534265875816345,-0.2529379725456238,2.4755182445475588,0.5167363882064819,-2.443444013595581,-1.3198041054849488,1766201843.6061392
0.16534265875816345,-0.2529379725456238,2.4755182445475588,0.5175352096557617,-2.446049451828003,-1.3193136164531933,1766201843.6159968
0.1655551642179489,-0.25271713733673096,2.477061849050963,0.5175352096557617,-2.446049451828003,-1.3193136164531933,1766201843.6160204
0.1655551642179489,-0.25271713733673096,2.477061849050963,0.5185474157333374,-2.448871612548828,-1.3216218331956968,1766201843.6160305
0.16579236090183258,-0.25253042578697205,2.478139987670073,0.5185474157333374,-2.448871612548828,-1.3216218331956968,1766201843.6160367
0.1659448742866516,-0.2523086965084076,2.479542389527423,0.5185474157333374,-2.448871612548828,-1.3216218331956968,1766201843.6260014
0.1659448742866516,-0.2523086965084076,2.479542389527423,0.5193410515785217,-2.451444387435913,-1.3215079307691702,1766201843.6259813
0.1660347282886505,-0.25198307633399963,2.4817965579611005,0.5193410515785217,-2.451444387435913,-1.3215079307691702,1766201843.6360793
0.1660347282886505,-0.25198307633399963,2.4817965579611005,0.520113468170166,-2.45393443107605,-1.3204570703950262,1766201843.6360614
0.1660347282886505,-0.25198307633399963,2.4817965579611005,0.5205660462379456,-2.4562535285949707,-1.3207924893465715,1766201843.6461072
0.16612330079078674,-0.25176504254341125,2.4833629217431312,0.5205660462379456,-2.4562535285949707,-1.3207924893465715,1766201843.646145
0.16612330079078674,-0.25176504254341125,2.4833629217431312,0.5217481255531311,-2.458617925643921,-1.3214401402556637,1766201843.6561515
0.16614922881126404,-0.2515261769294739,2.48556474656196,0.5217481255531311,-2.458617925643921,-1.3214401402556637,1766201843.656186
0.16614922881126404,-0.2515261769294739,2.48556474656196,0.5222719311714172,-2.460649251937866,-1.3200473972406863,1766201843.6562023
0.16615664958953857,-0.2512609660625458,2.4875908921949934,0.5222719311714172,-2.460649251937866,-1.3200473972406863,1766201843.656214
0.16615664958953857,-0.2512609660625458,2.4875908921949934,0.5227267146110535,-2.462998151779175,-1.3218448096255866,1766201843.6661475
0.16616332530975342,-0.2510119676589966,2.4895826524975653,0.5227267146110535,-2.462998151779175,-1.3218448096255866,1766201843.6661813
0.1661228984594345,-0.250747412443161,2.49129359596866,0.5227267146110535,-2.462998151779175,-1.3218448096255866,1766201843.6761427
0.1661228984594345,-0.250747412443161,2.49129359596866,0.5235017538070679,-2.4649930000305176,-1.321903703741559,1766201843.6761088
0.1661228984594345,-0.250747412443161,2.49129359596866,0.5243295431137085,-2.4673209190368652,-1.3220287988568455,1766201843.6860957
0.166123166680336,-0.25052693486213684,2.493320091092077,0.5243295431137085,-2.4673209190368652,-1.3220287988568455,1766201843.6861298
0.16655664145946503,-0.25087064504623413,2.4984267224455805,0.5243295431137085,-2.4673209190368652,-1.3220287988568455,1766201843.6961448
0.16655664145946503,-0.25087064504623413,2.4984267224455805,0.5246959924697876,-2.4691507816314697,-1.3225216543985399,1766201843.696109
0.16657471656799316,-0.250747948884964,2.499335058618792,0.5246959924697876,-2.4691507816314697,-1.3225216543985399,1766201843.7061167
0.16657471656799316,-0.250747948884964,2.499335058618792,0.525233268737793,-2.4712421894073486,-1.3231327955465766,1766201843.706084
0.16597746312618256,-0.24986736476421356,2.5003877625929056,0.525233268737793,-2.4712421894073486,-1.3231327955465766,1766201843.716115
0.16597746312618256,-0.24986736476421356,2.5003877625929056,0.5258238315582275,-2.4727463722229004,-1.3212519785061423,1766201843.7160797
0.16648413240909576,-0.2503933608531952,2.5029210986376724,0.5258238315582275,-2.4727463722229004,-1.3212519785061423,1766201843.7161407
0.16648413240909576,-0.2503933608531952,2.5029210986376724,0.5265467166900635,-2.4749228954315186,-1.3228481105413314,1766201843.7161314
0.16648413240909576,-0.2503933608531952,2.5029210986376724,0.5269827246665955,-2.4766151905059814,-1.3239842165946607,1766201843.7261016
0.16640566289424896,-0.2502129077911377,2.505361298320456,0.5269827246665955,-2.4766151905059814,-1.3239842165946607,1766201843.726137
0.16640566289424896,-0.2502129077911377,2.505361298320456,0.527679979801178,-2.47835636138916,-1.3227908886917628,1766201843.736033
0.16628240048885345,-0.2500447630882263,2.507553007341591,0.527679979801178,-2.47835636138916,-1.3227908886917628,1766201843.736042
0.16628240048885345,-0.2500447630882263,2.507553007341591,0.5285990834236145,-2.480242967605591,-1.3226880817398607,1766201843.7461061
0.16620367765426636,-0.2499060332775116,2.509247816853319,0.5285990834236145,-2.480242967605591,-1.3226880817398607,1766201843.746143
0.16620367765426636,-0.2499060332775116,2.509247816853319,0.5282317399978638,-2.4817068576812744,-1.3245338359956378,1766201843.7560983
0.16607765853405,-0.249750018119812,2.510795886828762,0.5282317399978638,-2.4817068576812744,-1.3245338359956378,1766201843.7561321
0.16607765853405,-0.249750018119812,2.510795886828762,0.528807520866394,-2.483452081680298,-1.3261256835576762,1766201843.766127
0.1659477800130844,-0.24956850707530975,2.513659436891995,0.528807520866394,-2.483452081680298,-1.3261256835576762,1766201843.7661703
0.1659477800130844,-0.24956850707530975,2.513659436891995,0.5294225215911865,-2.484804630279541,-1.3240030547268171,1766201843.766187
0.16581591963768005,-0.24941915273666382,2.515833454025395,0.5294225215911865,-2.484804630279541,-1.3240030547268171,1766201843.7661963
0.16572214663028717,-0.24932405352592468,2.517232482791367,0.5294225215911865,-2.484804630279541,-1.3240030547268171,1766201843.7761087
0.16572214663028717,-0.24932405352592468,2.517232482791367,0.5299350023269653,-2.4859886169433594,-1.322843595793053,1766201843.7760751
0.16572214663028717,-0.24932405352592468,2.517232482791367,0.5304709076881409,-2.4877209663391113,-1.3244427033271524,1766201843.7861075
0.16559697687625885,-0.24924562871456146,2.518690313117408,0.5304709076881409,-2.4877209663391113,-1.3244427033271524,1766201843.7861433
0.1654852032661438,-0.24912002682685852,2.5201495946827874,0.5304709076881409,-2.4877209663391113,-1.3244427033271524,1766201843.7960885
0.1654852032661438,-0.24912002682685852,2.5201495946827874,0.5304580330848694,-2.489076614379883,-1.325266309090148,1766201843.7960536
0.1654852032661438,-0.24912002682685852,2.5201495946827874,0.5307169556617737,-2.4902873039245605,-1.3238333704312502,1766201843.8060727
0.16538013517856598,-0.2490135133266449,2.521483076184174,0.5307169556617737,-2.4902873039245605,-1.3238333704312502,1766201843.8061066
0.16538013517856598,-0.2490135133266449,2.521483076184174,0.5310389995574951,-2.4913761615753174,-1.3231098797398704,1766201843.816131
0.16525401175022125,-0.24896284937858582,2.5225423649239684,0.5310389995574951,-2.4913761615753174,-1.3231098797398704,1766201843.816167
0.16525401175022125,-0.24896284937858582,2.5225423649239684,0.5311920046806335,-2.4925484657287598,-1.323220656322052,1766201843.8161833
0.1651233583688736,-0.24887850880622864,2.5246636979654444,0.5311920046806335,-2.4925484657287598,-1.323220656322052,1766201843.8161924
0.1651233583688736,-0.24887850880622864,2.5246636979654444,0.5316176414489746,-2.4940366744995117,-1.3256888783848741,1766201843.8260343
0.16440241038799286,-0.248084157705307,2.524389092925341,0.5316176414489746,-2.4940366744995117,-1.3256888783848741,1766201843.8260684
0.16430823504924774,-0.2480066418647766,2.524964652975643,0.5316176414489746,-2.4940366744995117,-1.3256888783848741,1766201843.836064
0.16430823504924774,-0.2480066418647766,2.524964652975643,0.5321232080459595,-2.495030164718628,-1.3240086820729724,1766201843.8360543
0.16430823504924774,-0.2480066418647766,2.524964652975643,0.5327137112617493,-2.4958598613739014,-1.3233513458405577,1766201843.8460982
0.16416104137897491,-0.24792180955410004,2.5262691079834676,0.5327137112617493,-2.4958598613739014,-1.3233513458405577,1766201843.8461313
0.16416104137897491,-0.24792180955410004,2.5262691079834676,0.532951295375824,-2.4971561431884766,-1.3232836680710667,1766201843.8560815
0.16404518485069275,-0.24781474471092224,2.52758252934567,0.532951295375824,-2.4971561431884766,-1.3232836680710667,1766201843.8561268
0.16404518485069275,-0.24781474471092224,2.52758252934567,0.5335399508476257,-2.4980976581573486,-1.3234966050300752,1766201843.8561552
0.16391725838184357,-0.24775072932243347,2.529036858261321,0.5335399508476257,-2.4980976581573486,-1.3234966050300752,1766201843.8562243
0.16391725838184357,-0.24775072932243347,2.529036858261321,0.5334072113037109,-2.4989969730377197,-1.3247915001396604,1766201843.8661335
0.163834348320961,-0.24769900739192963,2.5297455994913687,0.5334072113037109,-2.4989969730377197,-1.3247915001396604,1766201843.8661668
0.16373446583747864,-0.24766682088375092,2.530705666959491,0.5334072113037109,-2.4989969730377197,-1.3247915001396604,1766201843.8761685
0.16373446583747864,-0.24766682088375092,2.530705666959491,0.5333384275436401,-2.500222682952881,-1.326486550548727,1766201843.8761346
0.16361694037914276,-0.24758514761924744,2.5324846409117128,0.5333384275436401,-2.500222682952881,-1.326486550548727,1766201843.8861284
0.16361694037914276,-0.24758514761924744,2.5324846409117128,0.5345109105110168,-2.5007903575897217,-1.3241104098231642,1766201843.886086
0.16361694037914276,-0.24758514761924744,2.5324846409117128,0.5343027114868164,-2.501723051071167,-1.3260842748522792,1766201843.8961322
0.16352520883083344,-0.24754716455936432,2.533605717185863,0.5343027114868164,-2.501723051071167,-1.3260842748522792,1766201843.8961678
0.16352520883083344,-0.24754716455936432,2.533605717185863,0.5342668294906616,-2.502424955368042,-1.3267124148070129,1766201843.9061482
0.16340602934360504,-0.2475181668996811,2.5353088366085883,0.5342668294906616,-2.502424955368042,-1.3267124148070129,1766201843.906182
0.16340602934360504,-0.2475181668996811,2.5353088366085883,0.5347075462341309,-2.502927541732788,-1.3243251712254298,1766201843.9061985
0.16335466504096985,-0.24742770195007324,2.5372735862167657,0.5347075462341309,-2.502927541732788,-1.3243251712254298,1766201843.906209
0.16323311626911163,-0.24738860130310059,2.5391484929317656,0.5347075462341309,-2.502927541732788,-1.3243251712254298,1766201843.9160557
0.16323311626911163,-0.24738860130310059,2.5391484929317656,0.5350342988967896,-2.503513813018799,-1.323480586789344,1766201843.9160461
0.16323311626911163,-0.24738860130310059,2.5391484929317656,0.5351756811141968,-2.504042148590088,-1.3240345575547634,1766201843.926133
0.16316749155521393,-0.24736735224723816,2.5407728373098775,0.5351756811141968,-2.504042148590088,-1.3240345575547634,1766201843.9261677
0.16316749155521393,-0.24736735224723816,2.5407728373098775,0.5354146957397461,-2.5047695636749268,-1.3250975925614377,1766201843.9360614
0.16309550404548645,-0.24736575782299042,2.542604814043039,0.5354146957397461,-2.5047695636749268,-1.3250975925614377,1766201843.9360723
0.16309550404548645,-0.24736575782299042,2.542604814043039,0.5355688333511353,-2.505312204360962,-1.3256054689306298,1766201843.9461045
0.16305707395076752,-0.2474099099636078,2.5437296002775165,0.5355688333511353,-2.505312204360962,-1.3256054689306298,1766201843.9461381
0.16303199529647827,-0.24746249616146088,2.544735202304496,0.5355688333511353,-2.505312204360962,-1.3256054689306298,1766201843.9561667
0.16303199529647827,-0.24746249616146088,2.544735202304496,0.5357236266136169,-2.5058465003967285,-1.3258049905977598,1766201843.9561331
0.1629670113325119,-0.24741710722446442,2.547382757621198,0.5357236266136169,-2.5058465003967285,-1.3258049905977598,1766201843.956193
0.1629670113325119,-0.24741710722446442,2.547382757621198,0.5355496406555176,-2.5061566829681396,-1.3249564432514294,1766201843.956182
0.1629670113325119,-0.24741710722446442,2.547382757621198,0.5359525084495544,-2.5067696571350098,-1.326130577299395,1766201843.9660957
0.16289149224758148,-0.24738164246082306,2.5497034774661107,0.5359525084495544,-2.5067696571350098,-1.326130577299395,1766201843.9661224
0.16286605596542358,-0.24743306636810303,2.5500477501842354,0.5359525084495544,-2.5067696571350098,-1.326130577299395,1766201843.9761636
0.16286605596542358,-0.24743306636810303,2.5500477501842354,0.5357744693756104,-2.507808208465576,-1.3298103774912942,1766201843.9761293
0.16281691193580627,-0.24746498465538025,2.551562781695565,0.5357744693756104,-2.507808208465576,-1.3298103774912942,1766201843.9861355
0.16281691193580627,-0.24746498465538025,2.551562781695565,0.5359564423561096,-2.507894515991211,-1.3293934204823838,1766201843.9860885
0.1627691239118576,-0.2475145161151886,2.5527235209836587,0.5359564423561096,-2.507894515991211,-1.3293934204823838,1766201843.9961052
0.1627691239118576,-0.2475145161151886,2.5527235209836587,0.5361579060554504,-2.5078961849212646,-1.3275964659227462,1766201843.9960701
0.1627691239118576,-0.2475145161151886,2.5527235209836587,0.5362251400947571,-2.5080978870391846,-1.3276246062774069,1766201844.006099
0.16272257268428802,-0.24756290018558502,2.5538249183447572,0.5362251400947571,-2.5080978870391846,-1.3276246062774069,1766201844.006133
0.16272257268428802,-0.24756290018558502,2.5538249183447572,0.5360433459281921,-2.5088274478912354,-1.330523213165203,1766201844.006149
0.16268232464790344,-0.24766065180301666,2.5537127640892314,0.5360433459281921,-2.5088274478912354,-1.330523213165203,1766201844.0061595
0.16260205209255219,-0.24765364825725555,2.5553915758472896,0.5360433459281921,-2.5088274478912354,-1.330523213165203,1766201844.0160956
0.16260205209255219,-0.24765364825725555,2.5553915758472896,0.5360699892044067,-2.5088586807250977,-1.3301969216338314,1766201844.0160387
0.16255515813827515,-0.24769851565361023,2.5558273185297464,0.5360699892044067,-2.5088586807250977,-1.3301969216338314,1766201844.026141
0.16255515813827515,-0.24769851565361023,2.5558273185297464,0.5361946821212769,-2.50830078125,-1.3270302131381468,1766201844.0261056
0.16255515813827515,-0.24769851565361023,2.5558273185297464,0.5360560417175293,-2.508941650390625,-1.330137952933644,1766201844.0361037
0.16257725656032562,-0.24794404208660126,2.5548939475257426,0.5360560417175293,-2.508941650390625,-1.330137952933644,1766201844.0361392
0.16252918541431427,-0.2480076253414154,2.5557202768495526,0.5360560417175293,-2.508941650390625,-1.330137952933644,1766201844.0461373
0.16252918541431427,-0.2480076253414154,2.5557202768495526,0.5360565185546875,-2.5088984966278076,-1.3300136925845238,1766201844.046093
0.1624959260225296,-0.24805879592895508,2.5564208288769112,0.5360565185546875,-2.5088984966278076,-1.3300136925845238,1766201844.0561304
0.1624959260225296,-0.24805879592895508,2.5564208288769112,0.5360515117645264,-2.508852243423462,-1.3301683378538072,1766201844.056096
0.1624959260225296,-0.24805879592895508,2.5564208288769112,0.5359827876091003,-2.5087430477142334,-1.33016509826611,1766201844.06614
0.16248828172683716,-0.2481088489294052,2.5566819972875434,0.5359827876091003,-2.5087430477142334,-1.33016509826611,1766201844.066176
0.16248828172683716,-0.2481088489294052,2.5566819972875434,0.5359780788421631,-2.5085670948028564,-1.3299784107185757,1766201844.0661922
0.16247956454753876,-0.24814581871032715,2.5575219048953706,0.5359780788421631,-2.5085670948028564,-1.3299784107185757,1766201844.0662014
0.16250726580619812,-0.24824674427509308,2.5574950137828805,0.5359780788421631,-2.5085670948028564,-1.3299784107185757,1766201844.076162
0.16250726580619812,-0.24824674427509308,2.5574950137828805,0.5361517071723938,-2.507856845855713,-1.3273800585162334,1766201844.076128
0.16250726580619812,-0.24824674427509308,2.5574950137828805,0.5357481837272644,-2.5081186294555664,-1.3301052793793777,1766201844.086133
0.16252253949642181,-0.24839022755622864,2.557710627215726,0.5357481837272644,-2.5081186294555664,-1.3301052793793777,1766201844.0861678
0.16250480711460114,-0.24846363067626953,2.558302268229454,0.5357481837272644,-2.5081186294555664,-1.3301052793793777,1766201844.0961268
0.16250480711460114,-0.24846363067626953,2.558302268229454,0.5355936288833618,-2.5077521800994873,-1.329608503142197,1766201844.096092
0.16249769926071167,-0.2485317438840866,2.5591237034825194,0.5355936288833618,-2.5077521800994873,-1.329608503142197,1766201844.106154
0.16249769926071167,-0.2485317438840866,2.5591237034825194,0.5356270670890808,-2.507448196411133,-1.3295727376349844,1766201844.1061206
0.16255761682987213,-0.24873122572898865,2.559535928002754,0.5356270670890808,-2.507448196411133,-1.3295727376349844,1766201844.1061804
0.16255761682987213,-0.24873122572898865,2.559535928002754,0.5355206727981567,-2.5067479610443115,-1.327854458854087,1766201844.1061697
0.16255761682987213,-0.24873122572898865,2.559535928002754,0.535367488861084,-2.5066781044006348,-1.329772630031924,1766201844.1160583
0.16256606578826904,-0.2488662749528885,2.5594561402532006,0.535367488861084,-2.5066781044006348,-1.329772630031924,1766201844.116067
0.16256606578826904,-0.2488662749528885,2.5594561402532006,0.5352734327316284,-2.5062661170959473,-1.3294072377609631,1766201844.1260762
0.1625911444425583,-0.2490229606628418,2.560711325497615,0.5352734327316284,-2.5062661170959473,-1.3294072377609631,1766201844.1260858
0.1626649796962738,-0.24922922253608704,2.560557737123743,0.5352734327316284,-2.5062661170959473,-1.3294072377609631,1766201844.1360588
0.1626649796962738,-0.24922922253608704,2.560557737123743,0.5355251431465149,-2.5055787563323975,-1.3283225213546235,1766201844.1360471
0.1626649796962738,-0.24922922253608704,2.560557737123743,0.5355039834976196,-2.505098819732666,-1.3275614667108253,1766201844.1461093
0.1626717448234558,-0.24945148825645447,2.560868014945569,0.5355039834976196,-2.505098819732666,-1.3275614667108253,1766201844.1461437
0.1626717448234558,-0.24945148825645447,2.560868014945569,0.5353099703788757,-2.5046894550323486,-1.3272392386210161,1766201844.1560984
0.16273373365402222,-0.2496853619813919,2.56164915106487,0.5353099703788757,-2.5046894550323486,-1.3272392386210161,1766201844.1561327
0.16273373365402222,-0.2496853619813919,2.56164915106487,0.5353530645370483,-2.504265546798706,-1.3266096536548528,1766201844.1661208
0.16280679404735565,-0.24990303814411163,2.561255145571296,0.5353530645370483,-2.504265546798706,-1.3266096536548528,1766201844.1661563
0.16280679404735565,-0.24990303814411163,2.561255145571296,0.5352530479431152,-2.5038669109344482,-1.3265099073084188,1766201844.166172
0.1629037857055664,-0.25015413761138916,2.561458059554446,0.5352530479431152,-2.5038669109344482,-1.3265099073084188,1766201844.1661808
0.16298364102840424,-0.25035277009010315,2.5617116319279063,0.5352530479431152,-2.5038669109344482,-1.3265099073084188,1766201844.1760628
0.16298364102840424,-0.25035277009010315,2.5617116319279063,0.5351510643959045,-2.503356695175171,-1.3253447499341733,1766201844.1760542
0.16298364102840424,-0.25035277009010315,2.5617116319279063,0.5350551605224609,-2.502979040145874,-1.325530665966119,1766201844.1860833
0.16311891376972198,-0.25067970156669617,2.561206918480294,0.5350551605224609,-2.502979040145874,-1.325530665966119,1766201844.1860926
0.16323161125183105,-0.2509329319000244,2.5613122461751656,0.5350551605224609,-2.502979040145874,-1.325530665966119,1766201844.1961603
0.16323161125183105,-0.2509329319000244,2.5613122461751656,0.5346716046333313,-2.5025792121887207,-1.324740767840586,1766201844.1961248
0.16337665915489197,-0.25120866298675537,2.560939661011437,0.5346716046333313,-2.5025792121887207,-1.324740767840586,1766201844.2060905
0.16337665915489197,-0.25120866298675537,2.560939661011437,0.53477942943573,-2.502366781234741,-1.3259100001089872,1766201844.206057
0.16337665915489197,-0.25120866298675537,2.560939661011437,0.5346211194992065,-2.5020062923431396,-1.3257218545084144,1766201844.2161314
0.16348296403884888,-0.25144633650779724,2.5618723497484868,0.5346211194992065,-2.5020062923431396,-1.3257218545084144,1766201844.2161667
0.16348296403884888,-0.25144633650779724,2.5618723497484868,0.5344380736351013,-2.501796245574951,-1.3267666063249481,1766201844.2161832
0.1636173576116562,-0.25179439783096313,2.5610241493306747,0.5344380736351013,-2.501796245574951,-1.3267666063249481,1766201844.2161922
0.1637296974658966,-0.25206229090690613,2.5611589720013956,0.5344380736351013,-2.501796245574951,-1.3267666063249481,1766201844.2261803
0.1637296974658966,-0.25206229090690613,2.5611589720013956,0.5346986651420593,-2.501723289489746,-1.3294421555785627,1766201844.2261348
0.16384238004684448,-0.2523922622203827,2.5603011827387654,0.5346986651420593,-2.501723289489746,-1.3294421555785627,1766201844.2361357
0.16384238004684448,-0.2523922622203827,2.5603011827387654,0.5344465374946594,-2.5015556812286377,-1.3292220690240106,1766201844.2360947
0.16384238004684448,-0.2523922622203827,2.5603011827387654,0.5338925123214722,-2.501619815826416,-1.330428535374436,1766201844.246064
0.16394869983196259,-0.2527025043964386,2.5596809616406153,0.5338925123214722,-2.501619815826416,-1.330428535374436,1766201844.2460985
0.16401255130767822,-0.2529880404472351,2.559612485753263,0.5338925123214722,-2.501619815826416,-1.330428535374436,1766201844.2561545
0.16401255130767822,-0.2529880404472351,2.559612485753263,0.5338485240936279,-2.5014288425445557,-1.330562442526562,1766201844.2561202
0.16401255130767822,-0.2529880404472351,2.559612485753263,0.5348159074783325,-2.500655174255371,-1.3263023844979052,1766201844.2660956
0.1640825718641281,-0.253237783908844,2.5596545899692678,0.5348159074783325,-2.500655174255371,-1.3263023844979052,1766201844.266132
0.1640825718641281,-0.253237783908844,2.5596545899692678,0.5337351560592651,-2.5012052059173584,-1.330327231890884,1766201844.2661486
0.16413134336471558,-0.25353169441223145,2.5594732680142114,0.5337351560592651,-2.5012052059173584,-1.330327231890884,1766201844.2661576
0.16421671211719513,-0.2538045048713684,2.558702384032072,0.5337351560592651,-2.5012052059173584,-1.330327231890884,1766201844.276153
0.16421671211719513,-0.2538045048713684,2.558702384032072,0.5338847637176514,-2.5004138946533203,-1.3245379758697784,1766201844.2761192
0.16431201994419098,-0.25414106249809265,2.5570409716527265,0.5338847637176514,-2.5004138946533203,-1.3245379758697784,1766201844.286136
0.16431201994419098,-0.25414106249809265,2.5570409716527265,0.5337949991226196,-2.5002410411834717,-1.3250720577650623,1766201844.2861013
0.164401113986969,-0.2544262111186981,2.5567628448254767,0.5337949991226196,-2.5002410411834717,-1.3250720577650623,1766201844.2961211
0.164401113986969,-0.2544262111186981,2.5567628448254767,0.5338907241821289,-2.5004682540893555,-1.3261259318300695,1766201844.296076
0.164401113986969,-0.2544262111186981,2.5567628448254767,0.5331912636756897,-2.5006539821624756,-1.3261744083784122,1766201844.3061192
0.16448506712913513,-0.2547125518321991,2.55638036831032,0.5331912636756897,-2.5006539821624756,-1.3261744083784122,1766201844.3061528
0.16458837687969208,-0.25502511858940125,2.555878298140116,0.5331912636756897,-2.5006539821624756,-1.3261744083784122,1766201844.3161528
0.16458837687969208,-0.25502511858940125,2.555878298140116,0.5344799757003784,-2.5006966590881348,-1.322850807496759,1766201844.3161168
0.16458837687969208,-0.25502511858940125,2.555878298140116,0.5333681106567383,-2.500852346420288,-1.3262554959328066,1766201844.316169
0.16465528309345245,-0.2552799582481384,2.556432842592583,0.5333681106567383,-2.500852346420288,-1.3262554959328066,1766201844.3161783
0.16465528309345245,-0.2552799582481384,2.556432842592583,0.5333322882652283,-2.500985622406006,-1.3261275916835216,1766201844.326109
0.1648036539554596,-0.2556554079055786,2.5560950020073734,0.5333322882652283,-2.500985622406006,-1.3261275916835216,1766201844.3261437
0.1648036539554596,-0.2556554079055786,2.5560950020073734,0.5333392024040222,-2.501185894012451,-1.3258296921563602,1766201844.3361197
0.164831280708313,-0.2559340298175812,2.5567358929178345,0.5333392024040222,-2.501185894012451,-1.3258296921563602,1766201844.3361547
0.164831280708313,-0.2559340298175812,2.5567358929178345,0.5332444906234741,-2.501340389251709,-1.3246683948028781,1766201844.3460553
0.16489192843437195,-0.2562101483345032,2.5570265736019624,0.5332444906234741,-2.501340389251709,-1.3246683948028781,1766201844.346068
0.16489192843437195,-0.2562101483345032,2.5570265736019624,0.5337542295455933,-2.5011255741119385,-1.322113864047418,1766201844.356116
0.16496801376342773,-0.25652873516082764,2.5570473161171545,0.5337542295455933,-2.5011255741119385,-1.322113864047418,1766201844.3561504
0.16503536701202393,-0.256814569234848,2.557423384012332,0.5337542295455933,-2.5011255741119385,-1.322113864047418,1766201844.366158
0.16503536701202393,-0.256814569234848,2.557423384012332,0.5334658026695251,-2.5014116764068604,-1.3204989611031408,1766201844.3661215
0.16517408192157745,-0.2571812570095062,2.556135301286097,0.5334658026695251,-2.5014116764068604,-1.3204989611031408,1766201844.366183
0.16517408192157745,-0.2571812570095062,2.556135301286097,0.5335121154785156,-2.501626968383789,-1.31865281661173,1766201844.366174
0.16517408192157745,-0.2571812570095062,2.556135301286097,0.5339186787605286,-2.502089262008667,-1.3180775496979222,1766201844.3761206
0.16518452763557434,-0.25737687945365906,2.5573996605230547,0.5339186787605286,-2.502089262008667,-1.3180775496979222,1766201844.3761542
0.16518452763557434,-0.25737687945365906,2.5573996605230547,0.5336571931838989,-2.5023694038391113,-1.3159977448569655,1766201844.386134
0.16529616713523865,-0.2577330768108368,2.5566777804820293,0.5336571931838989,-2.5023694038391113,-1.3159977448569655,1766201844.3861685
0.16529616713523865,-0.2577330768108368,2.5566777804820293,0.5337323546409607,-2.5028531551361084,-1.3151014041664422,1766201844.3961015
0.16540499031543732,-0.2580995559692383,2.555455609646954,0.5337323546409607,-2.5028531551361084,-1.3151014041664422,1766201844.3961363
0.16552239656448364,-0.25844213366508484,2.554226087535459,0.5337323546409607,-2.5028531551361084,-1.3151014041664422,1766201844.406158
0.16552239656448364,-0.25844213366508484,2.554226087535459,0.5337024331092834,-2.503202438354492,-1.3137551725871255,1766201844.406124
0.16561366617679596,-0.25872179865837097,2.5538861772160986,0.5337024331092834,-2.503202438354492,-1.3137551725871255,1766201844.4161556
0.16561366617679596,-0.25872179865837097,2.5538861772160986,0.5337060689926147,-2.503708839416504,-1.3119662647823194,1766201844.4161203
0.16567786037921906,-0.2590165138244629,2.5539576998103097,0.5337060689926147,-2.503708839416504,-1.3119662647823194,1766201844.416181
0.16567786037921906,-0.2590165138244629,2.5539576998103097,0.5330942869186401,-2.5044829845428467,-1.313252022527569,1766201844.4161713
0.16578471660614014,-0.2593466341495514,2.5531488486793736,0.5330942869186401,-2.5044829845428467,-1.313252022527569,1766201844.426157
0.16578471660614014,-0.2593466341495514,2.5531488486793736,0.5330824255943298,-2.504883050918579,-1.3099338743924172,1766201844.4261215
0.16578471660614014,-0.2593466341495514,2.5531488486793736,0.5333699584007263,-2.5049614906311035,-1.3059253208823747,1766201844.4360445
0.1657876819372177,-0.259628027677536,2.5530324384182963,0.5333699584007263,-2.5049614906311035,-1.3059253208823747,1766201844.436054
0.1657876819372177,-0.259628027677536,2.5530324384182963,0.5333302021026611,-2.5055341720581055,-1.3039702016319004,1766201844.446104
0.1659015566110611,-0.2599821388721466,2.5519367284174987,0.5333302021026611,-2.5055341720581055,-1.3039702016319004,1766201844.4461389
0.16595138609409332,-0.26022034883499146,2.5521067041411984,0.5333302021026611,-2.5055341720581055,-1.3039702016319004,1766201844.4560995
0.16595138609409332,-0.26022034883499146,2.5521067041411984,0.533555269241333,-2.5057437419891357,-1.2985552602706254,1766201844.4560652
0.16595138609409332,-0.26022034883499146,2.5521067041411984,0.5333568453788757,-2.5062427520751953,-1.295991922921416,1766201844.4661293
0.1660483181476593,-0.26049894094467163,2.5518573951027914,0.5333568453788757,-2.5062427520751953,-1.295991922921416,1766201844.4661648
0.1660483181476593,-0.26049894094467163,2.5518573951027914,0.5333728194236755,-2.506683349609375,-1.2922801178239356,1766201844.4661808
0.16665926575660706,-0.26129764318466187,2.555798028472879,0.5333728194236755,-2.506683349609375,-1.2922801178239356,1766201844.4661896
0.16665926575660706,-0.26129764318466187,2.555798028472879,0.5330654978752136,-2.5070993900299072,-1.288635955462192,1766201844.4760375
0.16616939008235931,-0.26095375418663025,2.5522599854429746,0.5330654978752136,-2.5070993900299072,-1.288635955462192,1766201844.476046
0.16624873876571655,-0.2612918019294739,2.551072224248075,0.5330654978752136,-2.5070993900299072,-1.288635955462192,1766201844.4861386
0.16624873876571655,-0.2612918019294739,2.551072224248075,0.5330954194068909,-2.5076797008514404,-1.284425688998199,1766201844.486108
0.16624873876571655,-0.2612918019294739,2.551072224248075,0.5321192741394043,-2.5083744525909424,-1.2823792677905088,1766201844.4960766
0.16629698872566223,-0.261400431394577,2.552446821721905,0.5321192741394043,-2.5083744525909424,-1.2823792677905088,1766201844.4961123
0.16629698872566223,-0.261400431394577,2.552446821721905,0.5322402715682983,-2.508533239364624,-1.2749779907334848,1766201844.5061116
0.1663871705532074,-0.2616364657878876,2.551866525075835,0.5322402715682983,-2.508533239364624,-1.2749779907334848,1766201844.5061462
0.1663871705532074,-0.2616364657878876,2.551866525075835,0.5320225358009338,-2.5092382431030273,-1.2713382196468488,1766201844.5061617
0.1664898544549942,-0.2618989646434784,2.551252933503422,0.5320225358009338,-2.5092382431030273,-1.2713382196468488,1766201844.5061727
0.16659218072891235,-0.2620943486690521,2.5515418030058656,0.5320225358009338,-2.5092382431030273,-1.2713382196468488,1766201844.516037
0.16659218072891235,-0.2620943486690521,2.5515418030058656,0.5321923494338989,-2.5098605155944824,-1.2662091542328264,1766201844.5160286
0.16659218072891235,-0.2620943486690521,2.5515418030058656,0.5321048498153687,-2.510749578475952,-1.2632044396126894,1766201844.5261028
0.1666775941848755,-0.26224324107170105,2.552210527896143,0.5321048498153687,-2.510749578475952,-1.2632044396126894,1766201844.5261128
0.1666775941848755,-0.26224324107170105,2.552210527896143,0.5318045616149902,-2.5114805698394775,-1.259202421682613,1766201844.5360923
0.16679438948631287,-0.2624874413013458,2.5525605126734714,0.5318045616149902,-2.5114805698394775,-1.259202421682613,1766201844.5361288
0.16679438948631287,-0.2624874413013458,2.5525605126734714,0.5314248204231262,-2.512486457824707,-1.2542354265900506,1766201844.5461128
0.16692224144935608,-0.2626437246799469,2.552650007983387,0.5314248204231262,-2.512486457824707,-1.2542354265900506,1766201844.546147
0.16692224144935608,-0.2626437246799469,2.552650007983387,0.5311532616615295,-2.5124495029449463,-1.243671978621209,1766201844.5561025
0.1670493185520172,-0.2627626359462738,2.552987944968005,0.5311532616615295,-2.5124495029449463,-1.243671978621209,1766201844.5561364
0.1670493185520172,-0.2627626359462738,2.552987944968005,0.5307085514068604,-2.5135252475738525,-1.2400358158149487,1766201844.556152
0.16717474162578583,-0.2628823220729828,2.5528242777251777,0.5307085514068604,-2.5135252475738525,-1.2400358158149487,1766201844.5561638
0.16717474162578583,-0.2628823220729828,2.5528242777251777,0.5303608775138855,-2.5137808322906494,-1.2305077093500538,1766201844.5761008
0.16734668612480164,-0.26298078894615173,2.553866365054385,0.5303608775138855,-2.5137808322906494,-1.2305077093500538,1766201844.5761354
0.16734668612480164,-0.26298078894615173,2.553866365054385,0.5301735997200012,-2.514539957046509,-1.2232633762790626,1766201844.5761518
0.16749629378318787,-0.2630990445613861,2.5546400016353634,0.5301735997200012,-2.514539957046509,-1.2232633762790626,1766201844.576161
0.16749629378318787,-0.2630990445613861,2.5546400016353634,0.5302093029022217,-2.5152902603149414,-1.216256286660509,1766201844.5860798
0.16770796477794647,-0.263191819190979,2.5550563649130376,0.5302093029022217,-2.5152902603149414,-1.216256286660509,1766201844.5860898
0.16770796477794647,-0.263191819190979,2.5550563649130376,0.5295624732971191,-2.5159554481506348,-1.208214197542695,1766201844.5960686
0.1678561568260193,-0.26325803995132446,2.556070745930707,0.5295624732971191,-2.5159554481506348,-1.208214197542695,1766201844.5961046
0.16803811490535736,-0.2633161246776581,2.557130952735633,0.5295624732971191,-2.5159554481506348,-1.208214197542695,1766201844.606146
0.16803811490535736,-0.2633161246776581,2.557130952735633,0.5292189717292786,-2.5172481536865234,-1.2028399174078301,1766201844.6061127
0.1682574301958084,-0.26346367597579956,2.556730854519437,0.5292189717292786,-2.5172481536865234,-1.2028399174078301,1766201844.6061726
0.1682574301958084,-0.26346367597579956,2.556730854519437,0.5290355682373047,-2.5177149772644043,-1.1921371960270442,1766201844.6061618
0.16851933300495148,-0.263555109500885,2.5574726954982396,0.5290355682373047,-2.5177149772644043,-1.1921371960270442,1766201844.616038
0.16851933300495148,-0.263555109500885,2.5574726954982396,0.5283520817756653,-2.518704652786255,-1.184199875170987,1766201844.616028
0.1686742752790451,-0.26350846886634827,2.559719560982222,0.5283520817756653,-2.518704652786255,-1.184199875170987,1766201844.626047
0.1686742752790451,-0.26350846886634827,2.559719560982222,0.5280703902244568,-2.519606590270996,-1.1753959252929398,1766201844.6260347
0.1686742752790451,-0.26350846886634827,2.559719560982222,0.5277563333511353,-2.5205860137939453,-1.1657944785397303,1766201844.636119
0.1689266413450241,-0.26350200176239014,2.559973053919524,0.5277563333511353,-2.5205860137939453,-1.1657944785397303,1766201844.6361558
0.1689266413450241,-0.26350200176239014,2.559973053919524,0.5272640585899353,-2.5221941471099854,-1.160228739240464,1766201844.6461089
0.1691361665725708,-0.26352429389953613,2.560691445114039,0.5272640585899353,-2.5221941471099854,-1.160228739240464,1766201844.646143
0.1693945825099945,-0.26360684633255005,2.5614656697874487,0.5272640585899353,-2.5221941471099854,-1.160228739240464,1766201844.656121
0.1693945825099945,-0.26360684633255005,2.5614656697874487,0.5270334482192993,-2.5228593349456787,-1.1488094046652195,1766201844.656086
0.16963902115821838,-0.26361963152885437,2.5620737617182656,0.5270334482192993,-2.5228593349456787,-1.1488094046652195,1766201844.6561484
0.16963902115821838,-0.26361963152885437,2.5620737617182656,0.5264949202537537,-2.5234122276306152,-1.1362855305161252,1766201844.6561372
0.16963902115821838,-0.26361963152885437,2.5620737617182656,0.5262705683708191,-2.5248639583587646,-1.1279189587947456,1766201844.6760464
0.16987639665603638,-0.26362869143486023,2.562620800859472,0.5262705683708191,-2.5248639583587646,-1.1279189587947456,1766201844.6760585
0.16987639665603638,-0.26362869143486023,2.562620800859472,0.5255105495452881,-2.52571702003479,-1.117333782974384,1766201844.6760638
0.1700686812400818,-0.2635904848575592,2.5643262306336214,0.5255105495452881,-2.52571702003479,-1.117333782974384,1766201844.6760669
0.17032001912593842,-0.263662189245224,2.5642178332429095,0.5255105495452881,-2.52571702003479,-1.117333782974384,1766201844.6860545
0.17032001912593842,-0.263662189245224,2.5642178332429095,0.5246069431304932,-2.526409387588501,-1.1026238262438395,1766201844.6860442
0.17059242725372314,-0.2636466920375824,2.564324254851095,0.5246069431304932,-2.526409387588501,-1.1026238262438395,1766201844.6960588
0.17059242725372314,-0.2636466920375824,2.564324254851095,0.524564266204834,-2.5274949073791504,-1.0918472999048312,1766201844.6960468
0.17059242725372314,-0.2636466920375824,2.564324254851095,0.5239520072937012,-2.528660297393799,-1.0806497308310368,1766201844.706127
0.17076686024665833,-0.2635411024093628,2.5663285049903526,0.5239520072937012,-2.528660297393799,-1.0806497308310368,1766201844.7061634
0.17076686024665833,-0.2635411024093628,2.5663285049903526,0.5232540369033813,-2.529658555984497,-1.068562309339853,1766201844.706192
0.1710258424282074,-0.2635641098022461,2.5665600116690457,0.5232540369033813,-2.529658555984497,-1.068562309339853,1766201844.7062025
0.1710258424282074,-0.2635641098022461,2.5665600116690457,0.5227870941162109,-2.5306808948516846,-1.0558597867751347,1766201844.715987
0.17124004662036896,-0.263530969619751,2.567619168738262,0.5227870941162109,-2.5306808948516846,-1.0558597867751347,1766201844.7159958
0.17124004662036896,-0.263530969619751,2.567619168738262,0.5224761962890625,-2.53181529045105,-1.044362214635164,1766201844.7261178
0.17151275277137756,-0.2634525001049042,2.56897281836516,0.5224761962890625,-2.53181529045105,-1.044362214635164,1766201844.7261534
0.17151275277137756,-0.2634525001049042,2.56897281836516,0.5220590233802795,-2.5327932834625244,-1.0323937396505511,1766201844.7360759
0.17173779010772705,-0.2633627653121948,2.569680471236143,0.5220590233802795,-2.5327932834625244,-1.0323937396505511,1766201844.7361088
0.17173779010772705,-0.2633627653121948,2.569680471236143,0.5216002464294434,-2.5340540409088135,-1.0203369905986517,1766201844.746122
0.1719624400138855,-0.26328715682029724,2.570212115571577,0.5216002464294434,-2.5340540409088135,-1.0203369905986517,1766201844.7461562
0.1719624400138855,-0.26328715682029724,2.570212115571577,0.5208166837692261,-2.535245895385742,-1.0058276947457374,1766201844.7560906
0.1722717583179474,-0.2632482349872589,2.5700774287699075,0.5208166837692261,-2.535245895385742,-1.0058276947457374,1766201844.7561238
0.17254257202148438,-0.26312336325645447,2.5713412636183874,0.5208166837692261,-2.535245895385742,-1.0058276947457374,1766201844.7661026
0.17254257202148438,-0.26312336325645447,2.5713412636183874,0.5202096700668335,-2.5362322330474854,-0.9940993202686805,1766201844.7660692
0.17279678583145142,-0.2629143297672272,2.57315666577054,0.5202096700668335,-2.5362322330474854,-0.9940993202686805,1766201844.766128
0.17279678583145142,-0.2629143297672272,2.57315666577054,0.5199145078659058,-2.5372300148010254,-0.979851961576657,1766201844.766119
0.17305375635623932,-0.26280906796455383,2.574855016845755,0.5199145078659058,-2.5372300148010254,-0.979851961576657,1766201844.7760508
0.17305375635623932,-0.26280906796455383,2.574855016845755,0.5196741819381714,-2.5384585857391357,-0.9671773826707268,1766201844.7760413
0.17332544922828674,-0.262638121843338,2.575917646357411,0.5196741819381714,-2.5384585857391357,-0.9671773826707268,1766201844.7860577
0.17332544922828674,-0.262638121843338,2.575917646357411,0.5187374353408813,-2.5393929481506348,-0.9530020188025319,1766201844.7860458
0.17354635894298553,-0.26244840025901794,2.577370948132393,0.5187374353408813,-2.5393929481506348,-0.9530020188025319,1766201844.796126
0.17354635894298553,-0.26244840025901794,2.577370948132393,0.5194998979568481,-2.5421390533447266,-0.9502847615257697,1766201844.7960927
0.17354635894298553,-0.26244840025901794,2.577370948132393,0.5176796913146973,-2.541987180709839,-0.9259383551222186,1766201844.8061042
0.17378796637058258,-0.2622343897819519,2.5783343296567294,0.5176796913146973,-2.541987180709839,-0.9259383551222186,1766201844.8061354
0.17413784563541412,-0.2621971368789673,2.5763722187373226,0.5176796913146973,-2.541987180709839,-0.9259383551222186,1766201844.8160985
0.17413784563541412,-0.2621971368789673,2.5763722187373226,0.5172770023345947,-2.5427300930023193,-0.9118341541781902,1766201844.8160646
0.17438247799873352,-0.26197853684425354,2.577994567536948,0.5172770023345947,-2.5427300930023193,-0.9118341541781902,1766201844.8161242
0.17438247799873352,-0.26197853684425354,2.577994567536948,0.5168859958648682,-2.5443027019500732,-0.8977758214271963,1766201844.816115
0.17465505003929138,-0.26173996925354004,2.579136579503397,0.5168859958648682,-2.5443027019500732,-0.8977758214271963,1766201844.826151
0.17465505003929138,-0.26173996925354004,2.579136579503397,0.5160868167877197,-2.5454084873199463,-0.8821455475371224,1766201844.8261168
0.17465505003929138,-0.26173996925354004,2.579136579503397,0.515652060508728,-2.5466771125793457,-0.8685954416653086,1766201844.8360822
0.17486312985420227,-0.26153287291526794,2.579761412394379,0.515652060508728,-2.5466771125793457,-0.8685954416653086,1766201844.8361168
0.17486312985420227,-0.26153287291526794,2.579761412394379,0.5151731371879578,-2.547882318496704,-0.8520441310926976,1766201844.8461356
0.17512184381484985,-0.26127710938453674,2.58108437814092,0.5151731371879578,-2.547882318496704,-0.8520441310926976,1766201844.8461702
0.17512184381484985,-0.26127710938453674,2.58108437814092,0.5145969986915588,-2.549133777618408,-0.8371955700283845,1766201844.8561082
0.1752464920282364,-0.2609092593193054,2.584551438960898,0.5145969986915588,-2.549133777618408,-0.8371955700283845,1766201844.8561447
0.17555458843708038,-0.2608548700809479,2.583391912882654,0.5145969986915588,-2.549133777618408,-0.8371955700283845,1766201844.8661654
0.17555458843708038,-0.2608548700809479,2.583391912882654,0.513889491558075,-2.5503973960876465,-0.8218793798494551,1766201844.8661292
0.1755749136209488,-0.26040127873420715,2.584934576027423,0.513889491558075,-2.5503973960876465,-0.8218793798494551,1766201844.8661907
0.1755749136209488,-0.26040127873420715,2.584934576027423,0.5133174657821655,-2.5518698692321777,-0.8052067010830376,1766201844.8661814
0.17578423023223877,-0.2601305842399597,2.5865048703955242,0.5133174657821655,-2.5518698692321777,-0.8052067010830376,1766201844.8761578
0.17578423023223877,-0.2601305842399597,2.5865048703955242,0.5133371949195862,-2.553279399871826,-0.7913499303084732,1766201844.8761227
0.17578423023223877,-0.2601305842399597,2.5865048703955242,0.5123658180236816,-2.5545668601989746,-0.7730469165692544,1766201844.886091
0.1759520322084427,-0.2598918676376343,2.587969053932463,0.5123658180236816,-2.5545668601989746,-0.7730469165692544,1766201844.8861246
0.1759520322084427,-0.2598918676376343,2.587969053932463,0.5115617513656616,-2.5561025142669678,-0.7552967145380848,1766201844.8961086
0.17611995339393616,-0.25959283113479614,2.5898160739272598,0.5115617513656616,-2.5561025142669678,-0.7552967145380848,1766201844.8961437
0.17611995339393616,-0.25959283113479614,2.5898160739272598,0.5132673978805542,-2.558875799179077,-0.7496091054360399,1766201844.90612
0.1762913018465042,-0.2593369781970978,2.59112409341347,0.5132673978805542,-2.558875799179077,-0.7496091054360399,1766201844.906154
0.1764259934425354,-0.2590564787387848,2.5922899149062992,0.5132673978805542,-2.558875799179077,-0.7496091054360399,1766201844.916146
0.1764259934425354,-0.2590564787387848,2.5922899149062992,0.5128251314163208,-2.560107946395874,-0.7331038546340348,1766201844.916109
0.17655731737613678,-0.2588260769844055,2.5935346416368157,0.5128251314163208,-2.560107946395874,-0.7331038546340348,1766201844.916171
0.17655731737613678,-0.2588260769844055,2.5935346416368157,0.511785089969635,-2.561845541000366,-0.714001023973438,1766201844.916162
0.17655731737613678,-0.2588260769844055,2.5935346416368157,0.5118567943572998,-2.5635828971862793,-0.6983359424684129,1766201844.9261289
0.17657843232154846,-0.25834277272224426,2.5999389431990254,0.5118567943572998,-2.5635828971862793,-0.6983359424684129,1766201844.926163
0.17657843232154846,-0.25834277272224426,2.5999389431990254,0.5111714005470276,-2.5650405883789062,-0.6798984342321145,1766201844.936126
0.1766301393508911,-0.2579527795314789,2.60252371210323,0.5111714005470276,-2.5650405883789062,-0.6798984342321145,1766201844.9361613
0.1766301393508911,-0.2579527795314789,2.60252371210323,0.5100550055503845,-2.5658159255981445,-0.6548619792396415,1766201844.9461238
0.17671796679496765,-0.2576941251754761,2.6030036857646452,0.5100550055503845,-2.5658159255981445,-0.6548619792396415,1766201844.9461584
0.17671796679496765,-0.2576941251754761,2.6030036857646452,0.5109348297119141,-2.5682239532470703,-0.6443491585329703,1766201844.9560995
0.1768302023410797,-0.2574673891067505,2.604193268222824,0.5109348297119141,-2.5682239532470703,-0.6443491585329703,1766201844.9561338
0.1768302023410797,-0.2574673891067505,2.604193268222824,0.5111590027809143,-2.5699267387390137,-0.6255335504103597,1766201844.9661212
0.17691978812217712,-0.25711435079574585,2.6063735938827404,0.5111590027809143,-2.5699267387390137,-0.6255335504103597,1766201844.9661567
0.17691978812217712,-0.25711435079574585,2.6063735938827404,0.5098876357078552,-2.5709540843963623,-0.5999391617174413,1766201844.966173
0.17693056166172028,-0.2566024363040924,2.6068272444127314,0.5098876357078552,-2.5709540843963623,-0.5999391617174413,1766201844.966182
0.1769680678844452,-0.256292462348938,2.608762002673003,0.5098876357078552,-2.5709540843963623,-0.5999391617174413,1766201844.98615
0.1769680678844452,-0.256292462348938,2.608762002673003,0.5102595090866089,-2.5731608867645264,-0.5869942835182665,1766201844.9861166
0.17706063389778137,-0.25602200627326965,2.609751153397508,0.5102595090866089,-2.5731608867645264,-0.5869942835182665,1766201844.9861763
0.17706063389778137,-0.25602200627326965,2.609751153397508,0.5105339288711548,-2.5750885009765625,-0.5695632165007297,1766201844.9861653
0.17706063389778137,-0.25602200627326965,2.609751153397508,0.5105072259902954,-2.5768814086914062,-0.5499228473778,1766201844.996013
0.17714843153953552,-0.2556968927383423,2.6109966409153533,0.5105072259902954,-2.5768814086914062,-0.5499228473778,1766201844.9960227
0.17714843153953552,-0.2556968927383423,2.6109966409153533,0.5093747973442078,-2.5781939029693604,-0.5265931994239859,1766201845.0061214
0.17716574668884277,-0.25519365072250366,2.61529606958077,0.5093747973442078,-2.5781939029693604,-0.5265931994239859,1766201845.0061553
0.17716574668884277,-0.25519365072250366,2.61529606958077,0.5096500515937805,-2.5802810192108154,-0.507519235107285,1766201845.0061722
0.17726168036460876,-0.25483232736587524,2.6171670415766366,0.5096500515937805,-2.5802810192108154,-0.507519235107285,1766201845.0062857
0.17726168036460876,-0.25483232736587524,2.6171670415766366,0.5103469491004944,-2.5822951793670654,-0.4896763467877025,1766201845.0260487
0.1774066984653473,-0.25465700030326843,2.616802073793548,0.5103469491004944,-2.5822951793670654,-0.4896763467877025,1766201845.0260594
0.1774066984653473,-0.25465700030326843,2.616802073793548,0.5101415514945984,-2.584223985671997,-0.47097202192071197,1766201845.0260642
0.17748692631721497,-0.2543579638004303,2.6175158721092746,0.5101415514945984,-2.584223985671997,-0.47097202192071197,1766201845.026067
0.17757262289524078,-0.25402018427848816,2.6187407785284944,0.5101415514945984,-2.584223985671997,-0.47097202192071197,1766201845.0360544
0.17757262289524078,-0.25402018427848816,2.6187407785284944,0.5110191106796265,-2.5863687992095947,-0.4519728931588547,1766201845.0360446
0.17757262289524078,-0.25402018427848816,2.6187407785284944,0.5110040307044983,-2.5885355472564697,-0.43167443596953187,1766201845.0460439
0.17763447761535645,-0.25368452072143555,2.620055479258776,0.5110040307044983,-2.5885355472564697,-0.43167443596953187,1766201845.0460556
0.17773878574371338,-0.25327304005622864,2.619994426104429,0.5110040307044983,-2.5885355472564697,-0.43167443596953187,1766201845.0561633
0.17773878574371338,-0.25327304005622864,2.619994426104429,0.5115441083908081,-2.590097427368164,-0.40984523268677664,1766201845.0561292
0.1778458058834076,-0.25295326113700867,2.6229541768696074,0.5115441083908081,-2.590097427368164,-0.40984523268677664,1766201845.0561903
0.1778458058834076,-0.25295326113700867,2.6229541768696074,0.5105351209640503,-2.590909481048584,-0.3819797706710024,1766201845.056179
0.1778458058834076,-0.25295326113700867,2.6229541768696074,0.5096558332443237,-2.5918447971343994,-0.35338410002543413,1766201845.0661223
0.1779354214668274,-0.2526741325855255,2.6235903663757476,0.5096558332443237,-2.5918447971343994,-0.35338410002543413,1766201845.066156
0.1779354214668274,-0.2526741325855255,2.6235903663757476,0.5102719664573669,-2.5938920974731445,-0.3332430238011521,1766201845.0861244
0.17792102694511414,-0.25226637721061707,2.6252355529578417,0.5102719664573669,-2.5938920974731445,-0.3332430238011521,1766201845.0861585
0.17792102694511414,-0.25226637721061707,2.6252355529578417,0.5106196403503418,-2.595874309539795,-0.3115679825392583,1766201845.0861752
0.17797909677028656,-0.2519718408584595,2.626823821249319,0.5106196403503418,-2.595874309539795,-0.3115679825392583,1766201845.0861852
0.17797909677028656,-0.2519718408584595,2.626823821249319,0.5121814608573914,-2.5987894535064697,-0.2957012085530552,1766201845.0960448
0.17803052067756653,-0.2516534626483917,2.628242970727573,0.5121814608573914,-2.5987894535064697,-0.2957012085530552,1766201845.0960546
0.17806515097618103,-0.2513042986392975,2.6299606815991243,0.5121814608573914,-2.5987894535064697,-0.2957012085530552,1766201845.1061509
0.17806515097618103,-0.2513042986392975,2.6299606815991243,0.5132810473442078,-2.600698947906494,-0.2751517973946377,1766201845.1061156
0.1780855655670166,-0.2509218156337738,2.6319493004421615,0.5132810473442078,-2.600698947906494,-0.2751517973946377,1766201845.1061854
0.1780855655670166,-0.2509218156337738,2.6319493004421615,0.5119732618331909,-2.602168083190918,-0.24709205577381188,1766201845.1061745
0.1780855655670166,-0.2509218156337738,2.6319493004421615,0.5144197940826416,-2.605544090270996,-0.23404759284620444,1766201845.1160667
0.17818935215473175,-0.250698447227478,2.63237771560642,0.5144197940826416,-2.605544090270996,-0.23404759284620444,1766201845.116076
0.17818935215473175,-0.250698447227478,2.63237771560642,0.5152863264083862,-2.607065200805664,-0.20986959238478553,1766201845.1260726
0.1782197654247284,-0.2503202259540558,2.635341823520164,0.5152863264083862,-2.607065200805664,-0.20986959238478553,1766201845.1261005
0.17852355539798737,-0.25036248564720154,2.630431245242309,0.5152863264083862,-2.607065200805664,-0.20986959238478553,1766201845.136133
0.17852355539798737,-0.25036248564720154,2.630431245242309,0.5156404972076416,-2.609937906265259,-0.18930888034974844,1766201845.1360974
0.17852355539798737,-0.25036248564720154,2.630431245242309,0.5175073742866516,-2.6112489700317383,-0.16577095849164614,1766201845.146117
0.1784939020872116,-0.25010132789611816,2.6303209600655575,0.5175073742866516,-2.6112489700317383,-0.16577095849164614,1766201845.1461527
0.17853356897830963,-0.24985793232917786,2.6308534892762094,0.5175073742866516,-2.6112489700317383,-0.16577095849164614,1766201845.1561527
0.17853356897830963,-0.24985793232917786,2.6308534892762094,0.5177860856056213,-2.6134934425354004,-0.14129695421898417,1766201845.1561186
0.17855370044708252,-0.24957476556301117,2.6322007363387505,0.5177860856056213,-2.6134934425354004,-0.14129695421898417,1766201845.1561809
0.17855370044708252,-0.24957476556301117,2.6322007363387505,0.5187668204307556,-2.614774465560913,-0.11602054612067256,1766201845.1561687
0.17857934534549713,-0.24932816624641418,2.6323975053840747,0.5187668204307556,-2.614774465560913,-0.11602054612067256,1766201845.1660151
0.17857934534549713,-0.24932816624641418,2.6323975053840747,0.5198286175727844,-2.617091417312622,-0.09360946405850817,1766201845.1660056
0.17861242592334747,-0.24907466769218445,2.6332011294521966,0.5198286175727844,-2.617091417312622,-0.09360946405850817,1766201845.1761534
0.17861242592334747,-0.24907466769218445,2.6332011294521966,0.5207141637802124,-2.618997812271118,-0.06902643309865514,1766201845.1761198
0.1786993145942688,-0.24880626797676086,2.6349539142676326,0.5207141637802124,-2.618997812271118,-0.06902643309865514,1766201845.186163
0.1786993145942688,-0.24880626797676086,2.6349539142676326,0.52170330286026,-2.6210546493530273,-0.04476777225414787,1766201845.1861286
0.1786993145942688,-0.24880626797676086,2.6349539142676326,0.522989809513092,-2.622875928878784,-0.020727906885752215,1766201845.1961246
0.1786264330148697,-0.24858985841274261,2.634861988392187,0.522989809513092,-2.622875928878784,-0.020727906885752215,1766201845.1961598
0.17868572473526,-0.24829937517642975,2.637032529640284,0.522989809513092,-2.622875928878784,-0.020727906885752215,1766201845.2061574
0.17868572473526,-0.24829937517642975,2.637032529640284,0.5237221121788025,-2.624864101409912,0.004726910806833728,1766201845.2061234
0.1786624640226364,-0.248045414686203,2.636820870715064,0.5237221121788025,-2.624864101409912,0.004726910806833728,1766201845.2061832
0.1786624640226364,-0.248045414686203,2.636820870715064,0.5250813961029053,-2.627007484436035,0.02779526713568453,1766201845.206173
0.1786624640226364,-0.248045414686203,2.636820870715064,0.5250032544136047,-2.63008975982666,0.047988275235338,1766201845.2160542
0.1786743700504303,-0.2477918416261673,2.6375670208644793,0.5250032544136047,-2.63008975982666,0.047988275235338,1766201845.2160625
0.1786743700504303,-0.2477918416261673,2.6375670208644793,0.5268433690071106,-2.6306111812591553,0.07963723909467446,1766201845.2261155
0.17867127060890198,-0.24754439294338226,2.638136132910384,0.5268433690071106,-2.6306111812591553,0.07963723909467446,1766201845.22615
0.17866750061511993,-0.24730220437049866,2.6391115655866377,0.5268433690071106,-2.6306111812591553,0.07963723909467446,1766201845.236155
0.17866750061511993,-0.24730220437049866,2.6391115655866377,0.5290323495864868,-2.6326069831848145,0.10209462079945873,1766201845.2361195
0.17868530750274658,-0.2470819503068924,2.6392069227085733,0.5290323495864868,-2.6326069831848145,0.10209462079945873,1766201845.2461178
0.17868530750274658,-0.2470819503068924,2.6392069227085733,0.5303417444229126,-2.6342201232910156,0.12703683671936533,1766201845.2460804
0.17868530750274658,-0.2470819503068924,2.6392069227085733,0.5317915678024292,-2.6361072063446045,0.15146166687942383,1766201845.2561164
0.17872051894664764,-0.24687500298023224,2.6398297110700426,0.5317915678024292,-2.6361072063446045,0.15146166687942383,1766201845.2561579
0.17872051894664764,-0.24687500298023224,2.6398297110700426,0.5331454873085022,-2.6378684043884277,0.1751374781418816,1766201845.256181
0.17870166897773743,-0.24661223590373993,2.639992711763122,0.5331454873085022,-2.6378684043884277,0.1751374781418816,1766201845.2561932
0.17870882153511047,-0.24647268652915955,2.640643472835637,0.5331454873085022,-2.6378684043884277,0.1751374781418816,1766201845.2661076
0.17870882153511047,-0.24647268652915955,2.640643472835637,0.5346140265464783,-2.6395065784454346,0.19862028266473541,1766201845.266099
0.17870883643627167,-0.24630068242549896,2.6414785168561172,0.5346140265464783,-2.6395065784454346,0.19862028266473541,1766201845.2761505
0.17870883643627167,-0.24630068242549896,2.6414785168561172,0.5359805226325989,-2.6412107944488525,0.2223732408632795,1766201845.2761164
0.17870883643627167,-0.24630068242549896,2.6414785168561172,0.5374693274497986,-2.642862319946289,0.24490666286012405,1766201845.2861044
0.17867553234100342,-0.24611423909664154,2.6417570079381685,0.5374693274497986,-2.642862319946289,0.24490666286012405,1766201845.2861404
0.17867553234100342,-0.24611423909664154,2.6417570079381685,0.5389771461486816,-2.644627094268799,0.2668533856172386,1766201845.2961097
0.17863620817661285,-0.24591894447803497,2.642506155834027,0.5389771461486816,-2.644627094268799,0.2668533856172386,1766201845.2961462
0.17861172556877136,-0.2457648515701294,2.642865902135121,0.5389771461486816,-2.644627094268799,0.2668533856172386,1766201845.3061378
0.17861172556877136,-0.2457648515701294,2.642865902135121,0.5403730273246765,-2.6460018157958984,0.2896500222328932,1766201845.3061042
0.17855994403362274,-0.24565282464027405,2.643470920961594,0.5403730273246765,-2.6460018157958984,0.2896500222328932,1766201845.3061647
0.17855994403362274,-0.24565282464027405,2.643470920961594,0.5419235825538635,-2.64721417427063,0.3103268099002817,1766201845.3061538
0.17855994403362274,-0.24565282464027405,2.643470920961594,0.5432665944099426,-2.6484289169311523,0.3319194840072328,1766201845.316064
0.1785399168729782,-0.245487242937088,2.64377656721178,0.5432665944099426,-2.6484289169311523,0.3319194840072328,1766201845.3160732
0.1785399168729782,-0.245487242937088,2.64377656721178,0.5446208715438843,-2.6497137546539307,0.3525698829933803,1766201845.3260736
0.17852157354354858,-0.2454315572977066,2.643773905173685,0.5446208715438843,-2.6497137546539307,0.3525698829933803,1766201845.326103
0.17850250005722046,-0.24532698094844818,2.6439619164979242,0.5446208715438843,-2.6497137546539307,0.3525698829933803,1766201845.3361533
0.17850250005722046,-0.24532698094844818,2.6439619164979242,0.5461654663085938,-2.6510894298553467,0.37279785301151636,1766201845.336118
0.17850250005722046,-0.24532698094844818,2.6439619164979242,0.5475045442581177,-2.6522598266601562,0.3931322609979524,1766201845.3461242
0.17847132682800293,-0.24519844353199005,2.6440041388367943,0.5475045442581177,-2.6522598266601562,0.3931322609979524,1766201845.3461576
0.17847132682800293,-0.24519844353199005,2.6440041388367943,0.5489417910575867,-2.653339147567749,0.4127024104949875,1766201845.3561041
0.1784587800502777,-0.24510689079761505,2.6437605946780147,0.5489417910575867,-2.653339147567749,0.4127024104949875,1766201845.3561387
0.1784587800502777,-0.24510689079761505,2.6437605946780147,0.5503963232040405,-2.654623508453369,0.43263128463930944,1766201845.3661191
0.17840515077114105,-0.24498148262500763,2.6437129358398983,0.5503963232040405,-2.654623508453369,0.43263128463930944,1766201845.3661554
0.17840515077114105,-0.24498148262500763,2.6437129358398983,0.551766037940979,-2.655825138092041,0.4520614745589632,1766201845.3661711
0.17840999364852905,-0.24492214620113373,2.642830201084278,0.551766037940979,-2.655825138092041,0.4520614745589632,1766201845.3661802
0.17840999364852905,-0.24492214620113373,2.642830201084278,0.5530577301979065,-2.6567959785461426,0.470215750995988,1766201845.3761191
0.17833687365055084,-0.2447824329137802,2.6428546055539317,0.5530577301979065,-2.6567959785461426,0.470215750995988,1766201845.3761535
0.17833687365055084,-0.2447824329137802,2.6428546055539317,0.5545563101768494,-2.6580111980438232,0.4877027003897876,1766201845.3961134
0.17828139662742615,-0.24467156827449799,2.6424471647634995,0.5545563101768494,-2.6580111980438232,0.4877027003897876,1766201845.3961496
0.17828139662742615,-0.24467156827449799,2.6424471647634995,0.5558896660804749,-2.6587629318237305,0.5059267516073374,1766201845.3961666
0.17821469902992249,-0.24462170898914337,2.6419579818624404,0.5558896660804749,-2.6587629318237305,0.5059267516073374,1766201845.3961763
0.17821469902992249,-0.24462170898914337,2.6419579818624404,0.5571282505989075,-2.659287452697754,0.5228697031382705,1766201845.4061265
0.17815162241458893,-0.24453161656856537,2.6415994958130353,0.5571282505989075,-2.659287452697754,0.5228697031382705,1766201845.4061608
0.17815162241458893,-0.24453161656856537,2.6415994958130353,0.5583067536354065,-2.660304546356201,0.5395575620724852,1766201845.4061766
0.17809680104255676,-0.244453564286232,2.641166506925133,0.5583067536354065,-2.660304546356201,0.5395575620724852,1766201845.406187
0.17809680104255676,-0.244453564286232,2.641166506925133,0.5601112842559814,-2.660799980163574,0.5551696637924022,1766201845.4161158
0.17811013758182526,-0.2444126456975937,2.641223122608251,0.5601112842559814,-2.660799980163574,0.5551696637924022,1766201845.4161494
0.1780747026205063,-0.2443050891160965,2.6412030602857413,0.5601112842559814,-2.660799980163574,0.5551696637924022,1766201845.426151
0.1780747026205063,-0.2443050891160965,2.6412030602857413,0.5611018538475037,-2.6616766452789307,0.5725282114645401,1766201845.426117
0.17800705134868622,-0.24427005648612976,2.641034629899411,0.5611018538475037,-2.6616766452789307,0.5725282114645401,1766201845.436153
0.17800705134868622,-0.24427005648612976,2.641034629899411,0.5624021887779236,-2.662585973739624,0.588492972975576,1766201845.436118
0.1779419630765915,-0.24424995481967926,2.640454784068749,0.5624021887779236,-2.662585973739624,0.588492972975576,1766201845.4461586
0.1779419630765915,-0.24424995481967926,2.640454784068749,0.5632650852203369,-2.6630301475524902,0.6060344459562319,1766201845.4461255
0.1778874397277832,-0.24420712888240814,2.63998717395761,0.5632650852203369,-2.6630301475524902,0.6060344459562319,1766201845.4561615
0.1778874397277832,-0.24420712888240814,2.63998717395761,0.5651500225067139,-2.6639676094055176,0.6211366780174413,1766201845.4561276
0.17779956758022308,-0.2441830039024353,2.640111802456332,0.5651500225067139,-2.6639676094055176,0.6211366780174413,1766201845.4561875
0.17779956758022308,-0.2441830039024353,2.640111802456332,0.5664387345314026,-2.6643404960632324,0.636713350589064,1766201845.456177
0.17779956758022308,-0.2441830039024353,2.640111802456332,0.5680658221244812,-2.664691209793091,0.6510477567431647,1766201845.4661312
0.17773501574993134,-0.24417734146118164,2.6399566400630676,0.5680658221244812,-2.664691209793091,0.6510477567431647,1766201845.4661398
0.17767241597175598,-0.24413235485553741,2.639356240628424,0.5680658221244812,-2.664691209793091,0.6510477567431647,1766201845.4761477
0.17767241597175598,-0.24413235485553741,2.639356240628424,0.5689412355422974,-2.665412187576294,0.6684312442113419,1766201845.4761136
0.17767241597175598,-0.24413235485553741,2.639356240628424,0.5709072947502136,-2.6658215522766113,0.6819973985622249,1766201845.4861174
0.17753644287586212,-0.2441255897283554,2.638312599937777,0.5709072947502136,-2.6658215522766113,0.6819973985622249,1766201845.486152
0.17753872275352478,-0.2441059798002243,2.638895433445847,0.5709072947502136,-2.6658215522766113,0.6819973985622249,1766201845.4961143
0.17753872275352478,-0.2441059798002243,2.638895433445847,0.5721371173858643,-2.666250228881836,0.6972622534629561,1766201845.4960754
0.17753872275352478,-0.2441059798002243,2.638895433445847,0.5736224055290222,-2.666775703430176,0.7128861435350594,1766201845.5061045
0.17744606733322144,-0.24410715699195862,2.63890229422887,0.5736224055290222,-2.666775703430176,0.7128861435350594,1766201845.5061383
0.17744606733322144,-0.24410715699195862,2.63890229422887,0.5751194357872009,-2.6672563552856445,0.7282120372919346,1766201845.5061662
0.17735953629016876,-0.24406719207763672,2.6383737915910817,0.5751194357872009,-2.6672563552856445,0.7282120372919346,1766201845.506177
0.17735953629016876,-0.24406719207763672,2.6383737915910817,0.575999915599823,-2.667638063430786,0.7431465532083205,1766201845.5261223
0.1772497594356537,-0.24406184256076813,2.6379373443990644,0.575999915599823,-2.667638063430786,0.7431465532083205,1766201845.5261555
0.1772497594356537,-0.24406184256076813,2.6379373443990644,0.5773377418518066,-2.668193817138672,0.7588788991578463,1766201845.5261714
0.1771344542503357,-0.24404726922512054,2.6376410584570253,0.5773377418518066,-2.668193817138672,0.7588788991578463,1766201845.5261812
0.1771344542503357,-0.24404726922512054,2.6376410584570253,0.5785080194473267,-2.668490409851074,0.773493063223798,1766201845.5360467
0.1770496815443039,-0.24407297372817993,2.637438340428257,0.5785080194473267,-2.668490409851074,0.773493063223798,1766201845.5360563
0.1770496815443039,-0.24407297372817993,2.637438340428257,0.5799749493598938,-2.6688663959503174,0.7883563503309082,1766201845.5459964
0.17693638801574707,-0.24407102167606354,2.6371004714081345,0.5799749493598938,-2.6688663959503174,0.7883563503309082,1766201845.5460093
0.17680741846561432,-0.2440733015537262,2.636721668624548,0.5799749493598938,-2.6688663959503174,0.7883563503309082,1766201845.5561523
0.17680741846561432,-0.2440733015537262,2.636721668624548,0.581677258014679,-2.6691503524780273,0.8019034034610233,1766201845.5561178
0.17668300867080688,-0.24409526586532593,2.6362514025852057,0.581677258014679,-2.6691503524780273,0.8019034034610233,1766201845.55618
0.17668300867080688,-0.24409526586532593,2.6362514025852057,0.5827852487564087,-2.6696362495422363,0.8178809937472782,1766201845.5561683
0.17668300867080688,-0.24409526586532593,2.6362514025852057,0.583797037601471,-2.6699862480163574,0.8328770858177748,1766201845.5661092
0.17654311656951904,-0.24412767589092255,2.635694843773722,0.583797037601471,-2.6699862480163574,0.8328770858177748,1766201845.5661182
0.17642095685005188,-0.24417360126972198,2.634750125910586,0.583797037601471,-2.6699862480163574,0.8328770858177748,1766201845.5760522
0.17642095685005188,-0.24417360126972198,2.634750125910586,0.5853473544120789,-2.67026686668396,0.8463927777958602,1766201845.576041
0.17642095685005188,-0.24417360126972198,2.634750125910586,0.5869151949882507,-2.670273542404175,0.8586701157191966,1766201845.5860376
0.17627137899398804,-0.24420396983623505,2.63450860514046,0.5869151949882507,-2.670273542404175,0.8586701157191966,1766201845.5860622
0.17627137899398804,-0.24420396983623505,2.63450860514046,0.5882019400596619,-2.6706464290618896,0.8726708713837026,1766201845.5959744
0.17615029215812683,-0.24422143399715424,2.633932503809208,0.5882019400596619,-2.6706464290618896,0.8726708713837026,1766201845.5959928
0.17615029215812683,-0.24422143399715424,2.633932503809208,0.5891820788383484,-2.670670986175537,0.8880402985171287,1766201845.6060822
0.1759716123342514,-0.24427300691604614,2.6335505455451815,0.5891820788383484,-2.670670986175537,0.8880402985171287,1766201845.6061265
0.1759716123342514,-0.24427300691604614,2.6335505455451815,0.5905893445014954,-2.670578956604004,0.9005907864798577,1766201845.6061432
0.17583420872688293,-0.2443300038576126,2.6328724231945193,0.5905893445014954,-2.670578956604004,0.9005907864798577,1766201845.6061542
0.17583420872688293,-0.2443300038576126,2.6328724231945193,0.5912677645683289,-2.671360969543457,0.9175507849296779,1766201845.6161447
0.1756260246038437,-0.24439281225204468,2.6323619221990406,0.5912677645683289,-2.671360969543457,0.9175507849296779,1766201845.6161978
0.1756260246038437,-0.24439281225204468,2.6323619221990406,0.5932170748710632,-2.670938491821289,0.9263773719564697,1766201845.6259887
0.17510777711868286,-0.24396173655986786,2.63948309791574,0.5932170748710632,-2.670938491821289,0.9263773719564697,1766201845.6260107
0.17485833168029785,-0.24397705495357513,2.639115602623397,0.5932170748710632,-2.670938491821289,0.9263773719564697,1766201845.6360297
0.17485833168029785,-0.24397705495357513,2.639115602623397,0.594278872013092,-2.671008825302124,0.9416078226584433,1766201845.6360106
0.17485833168029785,-0.24397705495357513,2.639115602623397,0.5949505567550659,-2.671553373336792,0.9594011550249134,1766201845.6460264
0.17492063343524933,-0.24452264606952667,2.6310802488482787,0.5949505567550659,-2.671553373336792,0.9594011550249134,1766201845.6460414
0.17492063343524933,-0.24452264606952667,2.6310802488482787,0.596656858921051,-2.6715052127838135,0.9682964073321435,1766201845.6559901
0.17444723844528198,-0.24412839114665985,2.6373447608716183,0.596656858921051,-2.6715052127838135,0.9682964073321435,1766201845.6560135
0.17444723844528198,-0.24412839114665985,2.6373447608716183,0.5978860855102539,-2.6715731620788574,0.9836284809525213,1766201845.666024
0.1742337942123413,-0.24416859447956085,2.6368468112529317,0.5978860855102539,-2.6715731620788574,0.9836284809525213,1766201845.6660447
0.17395243048667908,-0.24417288601398468,2.6373608436711504,0.5978860855102539,-2.6715731620788574,0.9836284809525213,1766201845.6760578
0.17395243048667908,-0.24417288601398468,2.6373608436711504,0.5987734794616699,-2.6717722415924072,0.998808974219078,1766201845.6760406
0.1737489253282547,-0.24420206248760223,2.6373062102344074,0.5987734794616699,-2.6717722415924072,0.998808974219078,1766201845.6760676
0.1737489253282547,-0.24420206248760223,2.6373062102344074,0.5999866127967834,-2.6718151569366455,1.0129117495774598,1766201845.676064
0.1737489253282547,-0.24420206248760223,2.6373062102344074,0.6012704968452454,-2.6713907718658447,1.0280225126352631,1766201845.6860929
0.17354311048984528,-0.2442369908094406,2.6369150948609827,0.6012704968452454,-2.6713907718658447,1.0280225126352631,1766201845.686126
0.17354311048984528,-0.2442369908094406,2.6369150948609827,0.6031137704849243,-2.671955108642578,1.0418979467847584,1766201845.696001
0.17335137724876404,-0.2442733496427536,2.6365325410741485,0.6031137704849243,-2.671955108642578,1.0418979467847584,1766201845.696012
0.17335137724876404,-0.2442733496427536,2.6365325410741485,0.604756236076355,-2.671734571456909,1.0570985601285832,1766201845.7061293
0.17309261858463287,-0.24430441856384277,2.637343576571496,0.604756236076355,-2.671734571456909,1.0570985601285832,1766201845.7061632
0.17309261858463287,-0.24430441856384277,2.637343576571496,0.6057310104370117,-2.671415090560913,1.0711675567654402,1766201845.7061796
0.17287379503250122,-0.24433773756027222,2.6371825181395256,0.6057310104370117,-2.671415090560913,1.0711675567654402,1766201845.70619
0.17287379503250122,-0.24433773756027222,2.6371825181395256,0.6073192954063416,-2.671283483505249,1.08683946454313,1766201845.7160425
0.17265194654464722,-0.24431854486465454,2.638010097884784,0.6073192954063416,-2.671283483505249,1.08683946454313,1766201845.7160535
0.17249572277069092,-0.24444378912448883,2.6367232784601757,0.6073192954063416,-2.671283483505249,1.08683946454313,1766201845.726094
0.17249572277069092,-0.24444378912448883,2.6367232784601757,0.6085821390151978,-2.6714963912963867,1.1036228912115729,1766201845.7260416
0.17249572277069092,-0.24444378912448883,2.6367232784601757,0.6095730066299438,-2.6711437702178955,1.1220873952443828,1766201845.7361238
0.17216211557388306,-0.24434132874011993,2.638243272307312,0.6095730066299438,-2.6711437702178955,1.1220873952443828,1766201845.7361612
0.17216211557388306,-0.24434132874011993,2.638243272307312,0.611116886138916,-2.6707963943481445,1.138656947806504,1766201845.7461216
0.17195308208465576,-0.24446368217468262,2.6372162159614354,0.611116886138916,-2.6707963943481445,1.138656947806504,1766201845.7461553
0.17195308208465576,-0.24446368217468262,2.6372162159614354,0.6124956607818604,-2.6707799434661865,1.156861229438466,1766201845.756097
0.17173779010772705,-0.24452467262744904,2.6373034156093937,0.6124956607818604,-2.6707799434661865,1.156861229438466,1766201845.7561314
0.17173779010772705,-0.24452467262744904,2.6373034156093937,0.615802526473999,-2.672351121902466,1.1732646878898847,1766201845.7561471
0.17151710391044617,-0.24452854692935944,2.6374948689649282,0.615802526473999,-2.672351121902466,1.1732646878898847,1766201845.7561584
0.1713091880083084,-0.24460770189762115,2.6371203486201003,0.615802526473999,-2.672351121902466,1.1732646878898847,1766201845.766174
0.1713091880083084,-0.24460770189762115,2.6371203486201003,0.6161208152770996,-2.670417547225952,1.1886955695259755,1766201845.7661417
0.1713091880083084,-0.24460770189762115,2.6371203486201003,0.6194621920585632,-2.671692371368408,1.2143290496467771,1766201845.7761023
0.17108365893363953,-0.24457472562789917,2.6376529749119264,0.6194621920585632,-2.671692371368408,1.2143290496467771,1766201845.7761364
0.17108365893363953,-0.24457472562789917,2.6376529749119264,0.6203972101211548,-2.6713507175445557,1.2285782829068836,1766201845.7861247
0.1709100753068924,-0.24460184574127197,2.63733459242662,0.6203972101211548,-2.6713507175445557,1.2285782829068836,1766201845.7861605
0.1709100753068924,-0.24460184574127197,2.63733459242662,0.6202906966209412,-2.6690945625305176,1.2475775323166325,1766201845.8061287
0.17066916823387146,-0.2445860356092453,2.6374391741437866,0.6202906966209412,-2.6690945625305176,1.2475775323166325,1766201845.8061633
0.17066916823387146,-0.2445860356092453,2.6374391741437866,0.6259765625,-2.6703453063964844,1.289344957410479,1766201845.8062012
0.17024847865104675,-0.2445511370897293,2.6365349201407646,0.6259765625,-2.6703453063964844,1.289344957410479,1766201845.8062117
0.17024847865104675,-0.2445511370897293,2.6365349201407646,0.6278610825538635,-2.669970750808716,1.3089502475897483,1766201845.8161218
0.17005063593387604,-0.2444831281900406,2.6368245223782183,0.6278610825538635,-2.669970750808716,1.3089502475897483,1766201845.8161557
0.17005063593387604,-0.2444831281900406,2.6368245223782183,0.6294703483581543,-2.669832468032837,1.3276177284523574,1766201845.8260927
0.16983014345169067,-0.24445277452468872,2.636638984742891,0.6294703483581543,-2.669832468032837,1.3276177284523574,1766201845.8261037
0.16983014345169067,-0.24445277452468872,2.636638984742891,0.6312344670295715,-2.6695878505706787,1.3447313362252205,1766201845.8361235
0.16965821385383606,-0.24439217150211334,2.636416645751336,0.6312344670295715,-2.6695878505706787,1.3447313362252205,1766201845.836158
0.16948983073234558,-0.24438972771167755,2.635804193972937,0.6312344670295715,-2.6695878505706787,1.3447313362252205,1766201845.8461506
0.16948983073234558,-0.24438972771167755,2.635804193972937,0.632699728012085,-2.668647289276123,1.3643870516864067,1766201845.8461173
0.1692434549331665,-0.24427056312561035,2.637136716579397,0.632699728012085,-2.668647289276123,1.3643870516864067,1766201845.8561525
0.1692434549331665,-0.24427056312561035,2.637136716579397,0.6345828175544739,-2.668341875076294,1.38495924038814,1766201845.856119
0.1692434549331665,-0.24427056312561035,2.637136716579397,0.635852575302124,-2.665210008621216,1.3952552280777017,1766201845.8661256
0.16904112696647644,-0.2442159503698349,2.6368316543368913,0.635852575302124,-2.665210008621216,1.3952552280777017,1766201845.8661609
0.16904112696647644,-0.2442159503698349,2.6368316543368913,0.6353685855865479,-2.66518235206604,1.4255196501152558,1766201845.8661761
0.1688574105501175,-0.244174525141716,2.6364080362164444,0.6353685855865479,-2.66518235206604,1.4255196501152558,1766201845.8661854
0.16869720816612244,-0.24417002499103546,2.6359326777625003,0.6353685855865479,-2.66518235206604,1.4255196501152558,1766201845.8760216
0.16869720816612244,-0.24417002499103546,2.6359326777625003,0.6371322870254517,-2.664525032043457,1.4443275235105755,1766201845.876012
0.168451189994812,-0.24407975375652313,2.6369666538965126,0.6371322870254517,-2.664525032043457,1.4443275235105755,1766201845.8861458
0.168451189994812,-0.24407975375652313,2.6369666538965126,0.638615608215332,-2.6639411449432373,1.4632156911475493,1766201845.8861105
0.16823258996009827,-0.24403034150600433,2.637795506162247,0.638615608215332,-2.6639411449432373,1.4632156911475493,1766201845.8960981
0.16823258996009827,-0.24403034150600433,2.637795506162247,0.640363335609436,-2.663296937942505,1.481443418052279,1766201845.8960636
0.16802716255187988,-0.2439347207546234,2.6384901460912307,0.640363335609436,-2.663296937942505,1.481443418052279,1766201845.9061546
0.16802716255187988,-0.2439347207546234,2.6384901460912307,0.6416887044906616,-2.6629209518432617,1.500834869340317,1766201845.9061205
0.16790129244327545,-0.2439323514699936,2.637619917981488,0.6416887044906616,-2.6629209518432617,1.500834869340317,1766201845.906181
0.16790129244327545,-0.2439323514699936,2.637619917981488,0.6428967714309692,-2.661895513534546,1.5181014943545683,1766201845.9061706
0.16790129244327545,-0.2439323514699936,2.637619917981488,0.644749641418457,-2.6611404418945312,1.5340985685632358,1766201845.9160452
0.1676505208015442,-0.24374151229858398,2.639947879139119,0.644749641418457,-2.6611404418945312,1.5340985685632358,1766201845.9160545
0.1676505208015442,-0.24374151229858398,2.639947879139119,0.6462205648422241,-2.6606287956237793,1.5504584178400902,1766201845.9261098
0.16749873757362366,-0.24372178316116333,2.6401027231491296,0.6462205648422241,-2.6606287956237793,1.5504584178400902,1766201845.9261441
0.16749873757362366,-0.24372178316116333,2.6401027231491296,0.6474342942237854,-2.6596810817718506,1.5676583481350446,1766201845.9361153
0.16737858951091766,-0.2436639815568924,2.640154346572545,0.6474342942237854,-2.6596810817718506,1.5676583481350446,1766201845.9361498
0.16737858951091766,-0.2436639815568924,2.640154346572545,0.6489474773406982,-2.659048318862915,1.5829524794993532,1766201845.9460847
0.16731931269168854,-0.24374915659427643,2.6382528804613146,0.6489474773406982,-2.659048318862915,1.5829524794993532,1766201845.9461188
0.16731931269168854,-0.24374915659427643,2.6382528804613146,0.6502711176872253,-2.65838885307312,1.598385379658461,1766201845.9560828
0.1671784669160843,-0.24369867146015167,2.638295511681537,0.6502711176872253,-2.65838885307312,1.598385379658461,1766201845.9561162
0.16707195341587067,-0.24361123144626617,2.6381708580481513,0.6502711176872253,-2.65838885307312,1.598385379658461,1766201845.9661732
0.16707195341587067,-0.24361123144626617,2.6381708580481513,0.6512661576271057,-2.6576125621795654,1.612803885061766,1766201845.9661376
0.16692426800727844,-0.2435445636510849,2.6384211568820954,0.6512661576271057,-2.6576125621795654,1.612803885061766,1766201845.966198
0.16692426800727844,-0.2435445636510849,2.6384211568820954,0.652202308177948,-2.6569480895996094,1.6273902533141837,1766201845.9661891
0.16692426800727844,-0.2435445636510849,2.6384211568820954,0.6532354950904846,-2.656052589416504,1.6408810456637477,1766201845.9760175
0.16680467128753662,-0.2435053437948227,2.638389044767326,0.6532354950904846,-2.656052589416504,1.6408810456637477,1766201845.9760277
0.16680467128753662,-0.2435053437948227,2.638389044767326,0.6541435718536377,-2.6553525924682617,1.653836014416512,1766201845.9861019
0.16666293144226074,-0.24348857998847961,2.6376605192475355,0.6541435718536377,-2.6553525924682617,1.653836014416512,1766201845.9861114
0.16666293144226074,-0.24348857998847961,2.6376605192475355,0.6548835635185242,-2.654726028442383,1.6685696782524024,1766201845.9960973
0.1665545403957367,-0.24341817200183868,2.6380256906859954,0.6548835635185242,-2.654726028442383,1.6685696782524024,1766201845.9961321
0.1665545403957367,-0.24341817200183868,2.6380256906859954,0.6558069586753845,-2.6539089679718018,1.67992659057246,1766201846.0061023
0.16646867990493774,-0.24339324235916138,2.637410049777984,0.6558069586753845,-2.6539089679718018,1.67992659057246,1766201846.0061357
0.1666105091571808,-0.24377432465553284,2.6307118894920243,0.6558069586753845,-2.6539089679718018,1.67992659057246,1766201846.0160613
0.1666105091571808,-0.24377432465553284,2.6307118894920243,0.6557831764221191,-2.6533517837524414,1.6954164253855961,1766201846.0160518
0.16655422747135162,-0.24374090135097504,2.63072182773895,0.6557831764221191,-2.6533517837524414,1.6954164253855961,1766201846.016068
0.16655422747135162,-0.24374090135097504,2.63072182773895,0.6586995124816895,-2.653082847595215,1.6983317849359854,1766201846.0160656
0.16655422747135162,-0.24374090135097504,2.63072182773895,0.6586450934410095,-2.651723623275757,1.7137607752717998,1766201846.0260043
0.1665346920490265,-0.2436840981245041,2.6300144499978333,0.6586450934410095,-2.651723623275757,1.7137607752717998,1766201846.0260167
0.1665346920490265,-0.2436840981245041,2.6300144499978333,0.6591849327087402,-2.6511361598968506,1.7258232228825456,1766201846.0361068
0.16651180386543274,-0.2436428815126419,2.6302666524697584,0.6591849327087402,-2.6511361598968506,1.7258232228825456,1766201846.0361416
0.16651180386543274,-0.2436428815126419,2.6302666524697584,0.6598451733589172,-2.6503872871398926,1.7360538255786262,1766201846.0460985
0.1664767563343048,-0.24363479018211365,2.629546004419114,0.6598451733589172,-2.6503872871398926,1.7360538255786262,1766201846.0461297
0.16647182404994965,-0.24361395835876465,2.6288895153077654,0.6598451733589172,-2.6503872871398926,1.7360538255786262,1766201846.0561538
0.16647182404994965,-0.24361395835876465,2.6288895153077654,0.6609107255935669,-2.649609088897705,1.7471758686467247,1766201846.0561197
0.16646888852119446,-0.24356530606746674,2.6287966554363735,0.6609107255935669,-2.649609088897705,1.7471758686467247,1766201846.0661402
0.16646888852119446,-0.24356530606746674,2.6287966554363735,0.6630666255950928,-2.649506092071533,1.7511943209342569,1766201846.066105
0.16643816232681274,-0.24352476000785828,2.62864537926831,0.6630666255950928,-2.649506092071533,1.7511943209342569,1766201846.066166
0.16643816232681274,-0.24352476000785828,2.62864537926831,0.6623725891113281,-2.6515984535217285,1.753413874524703,1766201846.066157
0.16643816232681274,-0.24352476000785828,2.62864537926831,0.6638337969779968,-2.6493170261383057,1.7672465200406267,1766201846.0761187
0.1663847416639328,-0.24346010386943817,2.6286714700032174,0.6638337969779968,-2.6493170261383057,1.7672465200406267,1766201846.0761523
0.1663847416639328,-0.24346010386943817,2.6286714700032174,0.664166271686554,-2.6469974517822266,1.7866671430799967,1766201846.0861142
0.16633692383766174,-0.24342656135559082,2.628171061817042,0.664166271686554,-2.6469974517822266,1.7866671430799967,1766201846.0861487
0.16633692383766174,-0.24342656135559082,2.628171061817042,0.6648960113525391,-2.6485884189605713,1.7861586008625598,1766201846.0961187
0.16631506383419037,-0.24337977170944214,2.6276536526160355,0.6648960113525391,-2.6485884189605713,1.7861586008625598,1766201846.0961533
0.16622845828533173,-0.24337387084960938,2.627364277629857,0.6648960113525391,-2.6485884189605713,1.7861586008625598,1766201846.1061602
0.16622845828533173,-0.24337387084960938,2.627364277629857,0.6657779216766357,-2.6478939056396484,1.7971485176009747,1766201846.1061273
0.16618186235427856,-0.24331580102443695,2.626912236614953,0.6657779216766357,-2.6478939056396484,1.7971485176009747,1766201846.106186
0.16618186235427856,-0.24331580102443695,2.626912236614953,0.6660211086273193,-2.6481757164001465,1.8009002797212328,1766201846.1061754
0.16618186235427856,-0.24331580102443695,2.626912236614953,0.6677142381668091,-2.646034002304077,1.8195388217223631,1766201846.1160598
0.16608059406280518,-0.24328215420246124,2.6259952617645435,0.6677142381668091,-2.646034002304077,1.8195388217223631,1766201846.116069
0.16604213416576385,-0.24327506124973297,2.626028600875873,0.6677142381668091,-2.646034002304077,1.8195388217223631,1766201846.1260214
0.16604213416576385,-0.24327506124973297,2.626028600875873,0.6680857539176941,-2.645216226577759,1.8284951644687157,1766201846.126011
0.16596361994743347,-0.24327142536640167,2.624556700193537,0.6680857539176941,-2.645216226577759,1.8284951644687157,1766201846.1361547
0.16596361994743347,-0.24327142536640167,2.624556700193537,0.6686486005783081,-2.642655611038208,1.8448987130968393,1766201846.136119
0.16593503952026367,-0.24327006936073303,2.6239205040888125,0.6686486005783081,-2.642655611038208,1.8448987130968393,1766201846.1461434
0.16593503952026367,-0.24327006936073303,2.6239205040888125,0.6690160036087036,-2.6419475078582764,1.8543479863171575,1766201846.1461089
0.16591712832450867,-0.24330353736877441,2.6229582732091044,0.6690160036087036,-2.6419475078582764,1.8543479863171575,1766201846.156152
0.16591712832450867,-0.24330353736877441,2.6229582732091044,0.6693152189254761,-2.6422414779663086,1.8572652368849372,1766201846.1561182
0.1659037470817566,-0.24327881634235382,2.6224980903126593,0.6693152189254761,-2.6422414779663086,1.8572652368849372,1766201846.1561787
0.1659037470817566,-0.24327881634235382,2.6224980903126593,0.6703344583511353,-2.641759157180786,1.8673040496231288,1766201846.1561675
0.1659037470817566,-0.24327881634235382,2.6224980903126593,0.6718936562538147,-2.640791416168213,1.8763677151567915,1766201846.1761003
0.16589605808258057,-0.2433226853609085,2.6216989483081155,0.6718936562538147,-2.640791416168213,1.8763677151567915,1766201846.176135
0.16589605808258057,-0.2433226853609085,2.6216989483081155,0.6714684963226318,-2.6411471366882324,1.8852548932867916,1766201846.1761503
0.16590307652950287,-0.243363156914711,2.6206719729416927,0.6714684963226318,-2.6411471366882324,1.8852548932867916,1766201846.1761591
0.16590307652950287,-0.243363156914711,2.6206719729416927,0.6714577078819275,-2.6405913829803467,1.8922868057150755,1766201846.1861267
0.16590698063373566,-0.24343086779117584,2.6201342717828466,0.6714577078819275,-2.6405913829803467,1.8922868057150755,1766201846.186161
0.16590698063373566,-0.24343086779117584,2.6201342717828466,0.6732272505760193,-2.638784170150757,1.904070053101414,1766201846.196048
0.16593775153160095,-0.24348677694797516,2.619524195557754,0.6732272505760193,-2.638784170150757,1.904070053101414,1766201846.196059
0.16593775153160095,-0.24348677694797516,2.619524195557754,0.6733558177947998,-2.6379895210266113,1.9119960196719492,1766201846.2061117
0.1658557951450348,-0.24351513385772705,2.618348666782196,0.6733558177947998,-2.6379895210266113,1.9119960196719492,1766201846.2061453
0.1658506840467453,-0.24354258179664612,2.6172296294850095,0.6733558177947998,-2.6379895210266113,1.9119960196719492,1766201846.2161553
0.1658506840467453,-0.24354258179664612,2.6172296294850095,0.6735503077507019,-2.6375293731689453,1.920584476906489,1766201846.2161202
0.1658412218093872,-0.2436082512140274,2.6162542033117133,0.6735503077507019,-2.6375293731689453,1.920584476906489,1766201846.2161803
0.1658412218093872,-0.2436082512140274,2.6162542033117133,0.6738971471786499,-2.6382386684417725,1.9264020254968617,1766201846.2161713
0.1658412218093872,-0.2436082512140274,2.6162542033117133,0.6736860871315002,-2.6376380920410156,1.9352885943564828,1766201846.2261038
0.165846586227417,-0.24368636310100555,2.6155691917894,0.6736860871315002,-2.6376380920410156,1.9352885943564828,1766201846.226138
0.165846586227417,-0.24368636310100555,2.6155691917894,0.675068736076355,-2.6358909606933594,1.945354462678489,1766201846.2361023
0.16583438217639923,-0.24376769363880157,2.6147314842202216,0.675068736076355,-2.6358909606933594,1.945354462678489,1766201846.2361379
0.16583438217639923,-0.24376769363880157,2.6147314842202216,0.6748100519180298,-2.63411545753479,1.9593466585913306,1766201846.246119
0.16583481431007385,-0.2438962757587433,2.613502330637295,0.6748100519180298,-2.63411545753479,1.9593466585913306,1766201846.2461524
0.16596630215644836,-0.24415349960327148,2.6120108754961686,0.6748100519180298,-2.63411545753479,1.9593466585913306,1766201846.25613
0.16596630215644836,-0.24415349960327148,2.6120108754961686,0.6759508848190308,-2.634988307952881,1.9595639251860837,1766201846.256096
0.16587679088115692,-0.24406543374061584,2.6116734842212987,0.6759508848190308,-2.634988307952881,1.9595639251860837,1766201846.256157
0.16587679088115692,-0.24406543374061584,2.6116734842212987,0.6759604215621948,-2.6348016262054443,1.9659462481374648,1766201846.2561457
0.16587679088115692,-0.24406543374061584,2.6116734842212987,0.6764656901359558,-2.6341404914855957,1.974205943527453,1766201846.2661211
0.16599953174591064,-0.24437382817268372,2.6100012143445057,0.6764656901359558,-2.6341404914855957,1.974205943527453,1766201846.2661483
0.166070818901062,-0.24455071985721588,2.608974682353688,0.6764656901359558,-2.6341404914855957,1.974205943527453,1766201846.276135
0.166070818901062,-0.24455071985721588,2.608974682353688,0.6766846776008606,-2.633925199508667,1.9799063840036728,1766201846.2761006
0.166070818901062,-0.24455071985721588,2.608974682353688,0.6774755716323853,-2.632793664932251,1.9868117108977448,1766201846.2861066
0.16609327495098114,-0.24471037089824677,2.60793725913542,0.6774755716323853,-2.632793664932251,1.9868117108977448,1766201846.286141
0.16609327495098114,-0.24471037089824677,2.60793725913542,0.6777735948562622,-2.6329360008239746,1.990943149584695,1766201846.2961037
0.1661393642425537,-0.2448112517595291,2.6072661166318865,0.6777735948562622,-2.6329360008239746,1.990943149584695,1766201846.2961388
0.1661393642425537,-0.2448112517595291,2.6072661166318865,0.6780263185501099,-2.632500171661377,1.9966892438530826,1766201846.306076
0.1659153550863266,-0.2445438951253891,2.6121800933060553,0.6780263185501099,-2.632500171661377,1.9966892438530826,1766201846.3061092
0.16589663922786713,-0.2446817010641098,2.612840201746807,0.6780263185501099,-2.632500171661377,1.9966892438530826,1766201846.3161404
0.16589663922786713,-0.2446817010641098,2.612840201746807,0.6780931949615479,-2.6319260597229004,2.002327421966225,1766201846.316105
0.16597847640514374,-0.24481602013111115,2.6119651533539905,0.6780931949615479,-2.6319260597229004,2.002327421966225,1766201846.3161657
0.16597847640514374,-0.24481602013111115,2.6119651533539905,0.6786403059959412,-2.6310648918151855,2.0084660780888277,1766201846.3161561
0.16604752838611603,-0.24502412974834442,2.61042110893605,0.6786403059959412,-2.6310648918151855,2.0084660780888277,1766201846.3261368
0.16604752838611603,-0.24502412974834442,2.61042110893605,0.6785205602645874,-2.631427764892578,2.0101525974282946,1766201846.326103
0.16603606939315796,-0.2450716197490692,2.6116098003072876,0.6785205602645874,-2.631427764892578,2.0101525974282946,1766201846.3361592
0.16603606939315796,-0.2450716197490692,2.6116098003072876,0.6788303852081299,-2.631248712539673,2.0143845086182424,1766201846.3361242
0.16603606939315796,-0.2450716197490692,2.6116098003072876,0.679207980632782,-2.6307899951934814,2.0186222236221947,1766201846.346091
0.16606776416301727,-0.24511677026748657,2.612184835048148,0.679207980632782,-2.6307899951934814,2.0186222236221947,1766201846.3461242
0.16606776416301727,-0.24511677026748657,2.612184835048148,0.6788210868835449,-2.631040096282959,2.020156381659705,1766201846.3561304
0.1662469506263733,-0.2451636791229248,2.6140828797123707,0.6788210868835449,-2.631040096282959,2.020156381659705,1766201846.3561645
0.1662469506263733,-0.2451636791229248,2.6140828797123707,0.6799763441085815,-2.62968373298645,2.027505818931257,1766201846.3561792
0.1662181168794632,-0.24518586695194244,2.6136259389735885,0.6799763441085815,-2.62968373298645,2.027505818931257,1766201846.3561902
0.16632886230945587,-0.24517981708049774,2.6156249036905264,0.6799763441085815,-2.62968373298645,2.027505818931257,1766201846.366088
0.16632886230945587,-0.24517981708049774,2.6156249036905264,0.680124819278717,-2.6292102336883545,2.0310198566266586,1766201846.3660765
0.16632886230945587,-0.24517981708049774,2.6156249036905264,0.6802971363067627,-2.6290764808654785,2.032935156038238,1766201846.3760946
0.16650424897670746,-0.2450537234544754,2.6177579701811022,0.6802971363067627,-2.6290764808654785,2.032935156038238,1766201846.3761282
0.16673800349235535,-0.24507081508636475,2.6193718188499355,0.6802971363067627,-2.6290764808654785,2.032935156038238,1766201846.3861558
0.16673800349235535,-0.24507081508636475,2.6193718188499355,0.6803290843963623,-2.6288869380950928,2.035094253005404,1766201846.3861213
0.1669406294822693,-0.24473387002944946,2.624040387379082,0.6803290843963623,-2.6288869380950928,2.035094253005404,1766201846.3961356
0.1669406294822693,-0.24473387002944946,2.624040387379082,0.6804701089859009,-2.628746271133423,2.0372102801815264,1766201846.3961008
0.1671975702047348,-0.2445327788591385,2.628771115229392,0.6804701089859009,-2.628746271133423,2.0372102801815264,1766201846.4061606
0.1671975702047348,-0.2445327788591385,2.628771115229392,0.680214524269104,-2.630143165588379,2.035492129803731,1766201846.4061267
0.1671975702047348,-0.2445327788591385,2.628771115229392,0.6803154945373535,-2.629974842071533,2.0373259119893294,1766201846.4161212
0.16749757528305054,-0.24428397417068481,2.6337727008649776,0.6803154945373535,-2.629974842071533,2.0373259119893294,1766201846.4161568
0.16749757528305054,-0.24428397417068481,2.6337727008649776,0.6804920434951782,-2.629615068435669,2.039853829800262,1766201846.4161732
0.1677536517381668,-0.24401098489761353,2.639546236311664,0.6804920434951782,-2.629615068435669,2.039853829800262,1766201846.4161825
0.16806936264038086,-0.24375055730342865,2.645490333040362,0.6804920434951782,-2.629615068435669,2.039853829800262,1766201846.4261045
0.16806936264038086,-0.24375055730342865,2.645490333040362,0.6806777119636536,-2.629432439804077,2.0415742315816194,1766201846.4260707
0.16806936264038086,-0.24375055730342865,2.645490333040362,0.6806194186210632,-2.6296169757843018,2.0420761880144127,1766201846.436126
0.1683177351951599,-0.2434251308441162,2.6522093139614795,0.6806194186210632,-2.6296169757843018,2.0420761880144127,1766201846.436162
0.16866561770439148,-0.24334454536437988,2.653146645855532,0.6806194186210632,-2.6296169757843018,2.0420761880144127,1766201846.4461558
0.16866561770439148,-0.24334454536437988,2.653146645855532,0.6807449460029602,-2.629307746887207,2.043866477401189,1766201846.4461217
0.16888953745365143,-0.24285390973091125,2.659447423644986,0.6807449460029602,-2.629307746887207,2.043866477401189,1766201846.4561224
0.16888953745365143,-0.24285390973091125,2.659447423644986,0.6803052425384521,-2.6301653385162354,2.0421845456504895,1766201846.4560895
0.16914349794387817,-0.2423601895570755,2.667653101779918,0.6803052425384521,-2.6301653385162354,2.0421845456504895,1766201846.45615
0.16914349794387817,-0.2423601895570755,2.667653101779918,0.6810545325279236,-2.6286699771881104,2.048220660438624,1766201846.4561388
0.16914349794387817,-0.2423601895570755,2.667653101779918,0.6810315251350403,-2.628344774246216,2.0497848712203646,1766201846.4661229
0.16934220492839813,-0.2418268620967865,2.6752220666632236,0.6810315251350403,-2.628344774246216,2.0497848712203646,1766201846.4661562
0.16963419318199158,-0.24132731556892395,2.682643214941043,0.6810315251350403,-2.628344774246216,2.0497848712203646,1766201846.476121
0.16963419318199158,-0.24132731556892395,2.682643214941043,0.681093156337738,-2.628309488296509,2.0501954472103336,1766201846.4760869
0.1699066460132599,-0.2407216578722,2.691371500105389,0.681093156337738,-2.628309488296509,2.0501954472103336,1766201846.4861667
0.1699066460132599,-0.2407216578722,2.691371500105389,0.6811246871948242,-2.628248929977417,2.0507963317743783,1766201846.4861314
0.1699066460132599,-0.2407216578722,2.691371500105389,0.6811484098434448,-2.6281893253326416,2.0512827713759925,1766201846.4961152
0.17024463415145874,-0.24000242352485657,2.7011039521894893,0.6811484098434448,-2.6281893253326416,2.0512827713759925,1766201846.496151
0.1706271916627884,-0.23921291530132294,2.7083995584638396,0.6811484098434448,-2.6281893253326416,2.0512827713759925,1766201846.5061584
0.1706271916627884,-0.23921291530132294,2.7083995584638396,0.6811801791191101,-2.628145694732666,2.0515820650933603,1766201846.506123
0.1706271916627884,-0.23921291530132294,2.7083995584638396,0.681180477142334,-2.628136157989502,2.0517053605822455,1766201846.5161285
0.1710127294063568,-0.2384558469057083,2.719118885072581,0.681180477142334,-2.628136157989502,2.0517053605822455,1766201846.5161648
0.1710127294063568,-0.2384558469057083,2.719118885072581,0.6812015175819397,-2.6281256675720215,2.051830523217025,1766201846.516181
0.17096078395843506,-0.23692870140075684,2.740214500523038,0.6812015175819397,-2.6281256675720215,2.051830523217025,1766201846.5161903
0.17137135565280914,-0.23592153191566467,2.753696925772031,0.6812015175819397,-2.6281256675720215,2.051830523217025,1766201846.5261507
0.17137135565280914,-0.23592153191566467,2.753696925772031,0.681175172328949,-2.6280980110168457,2.051683495458857,1766201846.5261154
0.17190304398536682,-0.23500210046768188,2.7645939372087427,0.681175172328949,-2.6280980110168457,2.051683495458857,1766201846.5360615
0.17190304398536682,-0.23500210046768188,2.7645939372087427,0.6812180876731873,-2.6280722618103027,2.051681685706008,1766201846.5360503
0.1723293960094452,-0.23402708768844604,2.7768548194801115,0.6812180876731873,-2.6280722618103027,2.051681685706008,1766201846.5460448
0.1723293960094452,-0.23402708768844604,2.7768548194801115,0.6812295317649841,-2.6281347274780273,2.051229380096741,1766201846.5460312
0.1723293960094452,-0.23402708768844604,2.7768548194801115,0.6811594367027283,-2.6281635761260986,2.0509505934840337,1766201846.5561056
0.17287753522396088,-0.232991024851799,2.7897324535536483,0.6811594367027283,-2.6281635761260986,2.0509505934840337,1766201846.5561404
0.17287753522396088,-0.232991024851799,2.7897324535536483,0.6811479926109314,-2.628338098526001,2.050303498426264,1766201846.5561557
0.17338921129703522,-0.23185086250305176,2.8039217306377404,0.6811479926109314,-2.628338098526001,2.050303498426264,1766201846.5561666
0.1740085631608963,-0.2308320701122284,2.8160670159992307,0.6811479926109314,-2.628338098526001,2.050303498426264,1766201846.5661237
0.1740085631608963,-0.2308320701122284,2.8160670159992307,0.6810639500617981,-2.628220796585083,2.0503160522669166,1766201846.5660892
0.1740085631608963,-0.2308320701122284,2.8160670159992307,0.6810217499732971,-2.6281683444976807,2.0500962154431153,1766201846.576124
0.17457319796085358,-0.22959671914577484,2.8321382172959484,0.6810217499732971,-2.6281683444976807,2.0500962154431153,1766201846.5761585
0.17457319796085358,-0.22959671914577484,2.8321382172959484,0.6807390451431274,-2.628566265106201,2.0480283579714396,1766201846.5861294
0.17520582675933838,-0.22819846868515015,2.8503650969785994,0.6807390451431274,-2.628566265106201,2.0480283579714396,1766201846.5861652
0.17520582675933838,-0.22819846868515015,2.8503650969785994,0.6808562278747559,-2.628310441970825,2.048852322910758,1766201846.5960524
0.1758091300725937,-0.22700300812721252,2.86513520841416,0.6808562278747559,-2.628310441970825,2.048852322910758,1766201846.5960886
0.1758091300725937,-0.22700300812721252,2.86513520841416,0.6799569129943848,-2.6298038959503174,2.043462657773092,1766201846.6061099
0.17645329236984253,-0.22585001587867737,2.8800942163059395,0.6799569129943848,-2.6298038959503174,2.043462657773092,1766201846.6061451
0.17645329236984253,-0.22585001587867737,2.8800942163059395,0.6799172759056091,-2.6296756267547607,2.0433655404248525,1766201846.6061609
0.17737653851509094,-0.22448062896728516,2.896472671122788,0.6799172759056091,-2.6296756267547607,2.0433655404248525,1766201846.6061716
0.17737653851509094,-0.22448062896728516,2.896472671122788,0.6804238557815552,-2.628761053085327,2.046200411238425,1766201846.6160834
0.17772425711154938,-0.222996786236763,2.9191045732837195,0.6804238557815552,-2.628761053085327,2.046200411238425,1766201846.6160932
0.17867803573608398,-0.2215956747531891,2.9380927635286476,0.6804238557815552,-2.628761053085327,2.046200411238425,1766201846.6260095
0.17867803573608398,-0.2215956747531891,2.9380927635286476,0.680514931678772,-2.629284620285034,2.043773080399075,1766201846.6259935
0.17867803573608398,-0.2215956747531891,2.9380927635286476,0.6800307035446167,-2.629988193511963,2.041298458370135,1766201846.636116
0.17976856231689453,-0.21937105059623718,2.9758158514857613,0.6800307035446167,-2.629988193511963,2.041298458370135,1766201846.6461437
0.17976856231689453,-0.21937105059623718,2.9758158514857613,0.6805169582366943,-2.6290628910064697,2.0437103076900414,1766201846.6461084
0.18058103322982788,-0.2169736921787262,3.001037391527005,0.6805169582366943,-2.6290628910064697,2.0437103076900414,1766201846.6560822
0.18058103322982788,-0.2169736921787262,3.001037391527005,0.6805112361907959,-2.6290974617004395,2.0432283162560987,1766201846.6560478
0.18058103322982788,-0.2169736921787262,3.001037391527005,0.6804037094116211,-2.629406452178955,2.042443793023976,1766201846.656098
0.18058103322982788,-0.2169736921787262,3.001037391527005,0.6804368495941162,-2.6290104389190674,2.043205903625129,1766201846.6660998
0.18136417865753174,-0.21340976655483246,3.0539941744219394,0.6804368495941162,-2.6290104389190674,2.043205903625129,1766201846.6661355
0.18136417865753174,-0.21340976655483246,3.0539941744219394,0.6804467439651489,-2.6290392875671387,2.0428481741303215,1766201846.6761389
0.1823902130126953,-0.21225863695144653,3.0782554803438895,0.6804467439651489,-2.6290392875671387,2.0428481741303215,1766201846.6761732
0.1823902130126953,-0.21225863695144653,3.0782554803438895,0.6803827881813049,-2.629438877105713,2.041798238466048,1766201846.6860528
0.1823902130126953,-0.21225863695144653,3.0782554803438895,0.6802843809127808,-2.6287317276000977,2.0444881921468574,1766201846.696094
0.18294686079025269,-0.20825281739234924,3.1364008476760703,0.6802843809127808,-2.6287317276000977,2.0444881921468574,1766201846.696129
0.18294686079025269,-0.20825281739234924,3.1364008476760703,0.680269181728363,-2.6294360160827637,2.0421153595567674,1766201846.7061007
0.18342988193035126,-0.2065535932779312,-3.122104411637699,0.680269181728363,-2.6294360160827637,2.0421153595567674,1766201846.7061353
0.18338413536548615,-0.20442450046539307,-3.0891274541483402,0.680269181728363,-2.6294360160827637,2.0421153595567674,1766201846.7161126
0.18338413536548615,-0.20442450046539307,-3.0891274541483402,0.680480420589447,-2.628582000732422,2.0444259806386698,1766201846.7160783
0.18338413536548615,-0.20442450046539307,-3.0891274541483402,0.6801732778549194,-2.628894567489624,2.0441216500647363,1766201846.7260537
0.1840292066335678,-0.20267778635025024,-3.0617169628066034,0.6801732778549194,-2.628894567489624,2.0441216500647363,1766201846.726087
0.1840292066335678,-0.20267778635025024,-3.0617169628066034,0.6801100969314575,-2.6291182041168213,2.0433785149403394,1766201846.726106
0.18458010256290436,-0.20086516439914703,-3.0338913257899964,0.6801100969314575,-2.6291182041168213,2.0433785149403394,1766201846.726115
0.18530453741550446,-0.19756096601486206,-2.9872060801009477,0.6801100969314575,-2.6291182041168213,2.0433785149403394,1766201846.7361035
0.18530453741550446,-0.19756096601486206,-2.9872060801009477,0.6803712844848633,-2.6293091773986816,2.0424614591827166,1766201846.736069
0.18530453741550446,-0.19756096601486206,-2.9872060801009477,0.6804723143577576,-2.6283013820648193,2.0457170409665397,1766201846.7460415
0.18513880670070648,-0.19644050300121307,-2.9715619452378803,0.6804723143577576,-2.6283013820648193,2.0457170409665397,1766201846.7460532
0.18523654341697693,-0.1938803344964981,-2.950871936721178,0.6804723143577576,-2.6283013820648193,2.0457170409665397,1766201846.756056
0.18523654341697693,-0.1938803344964981,-2.950871936721178,0.679993212223053,-2.6299350261688232,2.0408105094002975,1766201846.7560465
0.18523654341697693,-0.1938803344964981,-2.950871936721178,0.6806290745735168,-2.6282997131347656,2.046321935624708,1766201846.766094
0.18546439707279205,-0.19238291680812836,-2.9012610792914146,0.6806290745735168,-2.6282997131347656,2.046321935624708,1766201846.766128
0.18546439707279205,-0.19238291680812836,-2.9012610792914146,0.680367112159729,-2.6286702156066895,2.0455143418566815,1766201846.7661436
0.18658120930194855,-0.18921880424022675,-2.8660338962494105,0.680367112159729,-2.6286702156066895,2.0455143418566815,1766201846.7661526
0.18658120930194855,-0.18921880424022675,-2.8660338962494105,0.680576503276825,-2.629051923751831,2.0438615609242055,1766201846.7760375
0.1865420937538147,-0.1872490495443344,-2.832001368992398,0.680576503276825,-2.629051923751831,2.0438615609242055,1766201846.7760706
0.1867656260728836,-0.18394452333450317,-2.820536229420376,0.680576503276825,-2.629051923751831,2.0438615609242055,1766201846.7861078
0.1867656260728836,-0.18394452333450317,-2.820536229420376,0.6805526614189148,-2.628990650177002,2.0441425361834953,1766201846.7860737
0.1867656260728836,-0.18394452333450317,-2.820536229420376,0.680439293384552,-2.6286635398864746,2.0458006380832887,1766201846.7959807
0.1872781366109848,-0.1816679835319519,-2.7821109346409436,0.680439293384552,-2.6286635398864746,2.0458006380832887,1766201846.7959912
0.1872781366109848,-0.1816679835319519,-2.7821109346409436,0.6806633472442627,-2.6287600994110107,2.045205286755778,1766201846.8060632
0.1869174689054489,-0.17998136579990387,-2.7550468208727654,0.6806633472442627,-2.6287600994110107,2.045205286755778,1766201846.8060973
0.1869174689054489,-0.17998136579990387,-2.7550468208727654,0.6806831955909729,-2.628922939300537,2.044608210358747,1766201846.806114
0.18715296685695648,-0.1777728796005249,-2.7171112285116084,0.6806831955909729,-2.628922939300537,2.044608210358747,1766201846.806123
0.18715296685695648,-0.1777728796005249,-2.7171112285116084,0.6800574660301208,-2.630096435546875,2.0411630801893392,1766201846.8260596
0.18689897656440735,-0.1758577674627304,-2.6873514284221827,0.6800574660301208,-2.630096435546875,2.0411630801893392,1766201846.8260703
0.18689897656440735,-0.1758577674627304,-2.6873514284221827,0.6803070902824402,-2.629167318344116,2.0442351581983083,1766201846.8260756
0.1868123561143875,-0.17337030172348022,-2.658631428488245,0.6803070902824402,-2.629167318344116,2.0442351581983083,1766201846.8260784
0.18640950322151184,-0.17116370797157288,-2.6340925813556733,0.6803070902824402,-2.629167318344116,2.0442351581983083,1766201846.8360531
0.18640950322151184,-0.17116370797157288,-2.6340925813556733,0.6799179315567017,-2.6298978328704834,2.042146225885965,1766201846.8360438
0.18640950322151184,-0.17116370797157288,-2.6340925813556733,0.6802917122840881,-2.629119634628296,2.0443582090341774,1766201846.8460524
0.1860511153936386,-0.16881097853183746,-2.6021318332688135,0.6802917122840881,-2.629119634628296,2.0443582090341774,1766201846.846064
0.18588462471961975,-0.16696986556053162,-2.56918778368901,0.6802917122840881,-2.629119634628296,2.0443582090341774,1766201846.8561654
0.18588462471961975,-0.16696986556053162,-2.56918778368901,0.6805678009986877,-2.6292641162872314,2.0437623802670237,1766201846.8561306
0.18522639572620392,-0.16498208045959473,-2.5414920886608505,0.6805678009986877,-2.6292641162872314,2.0437623802670237,1766201846.856191
0.18522639572620392,-0.16498208045959473,-2.5414920886608505,0.680564284324646,-2.629424810409546,2.0432638365715783,1766201846.8561816
0.1849656105041504,-0.16249072551727295,-2.5159252814489514,0.680564284324646,-2.629424810409546,2.0432638365715783,1766201846.8661344
0.1849656105041504,-0.16249072551727295,-2.5159252814489514,0.6808518171310425,-2.627634048461914,2.0467672322575963,1766201846.8660998
0.1849656105041504,-0.16249072551727295,-2.5159252814489514,0.6806178092956543,-2.6290743350982666,2.0441996598174987,1766201846.8761055
0.18431542813777924,-0.16062384843826294,-2.4893690080486195,0.6806178092956543,-2.6290743350982666,2.0441996598174987,1766201846.8761404
0.18431542813777924,-0.16062384843826294,-2.4893690080486195,0.680594801902771,-2.6291799545288086,2.0437492617416995,1766201846.8861046
0.18454214930534363,-0.15811511874198914,-2.4538950410095146,0.680594801902771,-2.6291799545288086,2.0437492617416995,1766201846.8861384
0.18330082297325134,-0.15641023218631744,-2.4366690036401955,0.680594801902771,-2.6291799545288086,2.0437492617416995,1766201846.8961139
0.18330082297325134,-0.15641023218631744,-2.4366690036401955,0.6805919408798218,-2.629103422164917,2.0439985558677467,1766201846.896079
0.18301714956760406,-0.15488210320472717,-2.406452391394526,0.6805919408798218,-2.629103422164917,2.0439985558677467,1766201846.9061255
0.18301714956760406,-0.15488210320472717,-2.406452391394526,0.6806426048278809,-2.6293046474456787,2.043440224624156,1766201846.906092
0.18253470957279205,-0.15281924605369568,-2.381117355538756,0.6806426048278809,-2.6293046474456787,2.043440224624156,1766201846.9161289
0.18253470957279205,-0.15281924605369568,-2.381117355538756,0.6806166172027588,-2.629254102706909,2.0436022895110346,1766201846.9160945
0.18180832266807556,-0.15059874951839447,-2.3589827640373424,0.6806166172027588,-2.629254102706909,2.0436022895110346,1766201846.9161537
0.18180832266807556,-0.15059874951839447,-2.3589827640373424,0.6799863576889038,-2.6301686763763428,2.040638794471107,1766201846.9161444
0.18180832266807556,-0.15059874951839447,-2.3589827640373424,0.6804969310760498,-2.629422664642334,2.0430105116557713,1766201846.9261084
0.1813403218984604,-0.1491253823041916,-2.3313517478748307,0.6804969310760498,-2.629422664642334,2.0430105116557713,1766201846.9261425
0.1813403218984604,-0.1491253823041916,-2.3313517478748307,0.6803687214851379,-2.628756523132324,2.0447165609189355,1766201846.936118
0.18006877601146698,-0.147251158952713,-2.3189053147668406,0.6803687214851379,-2.628756523132324,2.0447165609189355,1766201846.9361522
0.18006877601146698,-0.147251158952713,-2.3189053147668406,0.6798108816146851,-2.6296679973602295,2.042287415897258,1766201846.9461074
0.1801563948392868,-0.14570626616477966,-2.287248310155524,0.6798108816146851,-2.6296679973602295,2.042287415897258,1766201846.946142
0.17870667576789856,-0.1439969837665558,-2.2757236234811837,0.6798108816146851,-2.6296679973602295,2.042287415897258,1766201846.9560506
0.17870667576789856,-0.1439969837665558,-2.2757236234811837,0.6804293394088745,-2.6293418407440186,2.043115478434161,1766201846.9560184
0.1777375489473343,-0.1424526572227478,-2.2517250863087397,0.6804293394088745,-2.6293418407440186,2.043115478434161,1766201846.956076
0.1777375489473343,-0.1424526572227478,-2.2517250863087397,0.6805276274681091,-2.629141330718994,2.0435390030367424,1766201846.9560668
0.1777375489473343,-0.1424526572227478,-2.2517250863087397,0.6804897785186768,-2.62895131111145,2.043883580780663,1766201846.9660683
0.17793427407741547,-0.14058367908000946,-2.2190559095626003,0.6804897785186768,-2.62895131111145,2.043883580780663,1766201846.9660795
0.17737005650997162,-0.1387649029493332,-2.1978931312222847,0.6804897785186768,-2.62895131111145,2.043883580780663,1766201846.9761183
0.17737005650997162,-0.1387649029493332,-2.1978931312222847,0.6804584860801697,-2.6291186809539795,2.043426744629005,1766201846.976084
0.17737005650997162,-0.1387649029493332,-2.1978931312222847,0.6805519461631775,-2.6288468837738037,2.0440448849988724,1766201846.9860651
0.1766384243965149,-0.1370706558227539,-2.1769568364591603,0.6805519461631775,-2.6288468837738037,2.0440448849988724,1766201846.9861019
0.1766384243965149,-0.1370706558227539,-2.1769568364591603,0.6805171966552734,-2.629054069519043,2.0434000781989003,1766201846.9959557
0.17617657780647278,-0.1354411095380783,-2.161832583172715,0.6805171966552734,-2.629054069519043,2.0434000781989003,1766201846.995967
0.17617657780647278,-0.1354411095380783,-2.161832583172715,0.6804497241973877,-2.629242420196533,2.0430018883057195,1766201847.0060477
0.17527511715888977,-0.13382861018180847,-2.140412922912244,0.6804497241973877,-2.629242420196533,2.0430018883057195,1766201847.0060978
0.17527511715888977,-0.13382861018180847,-2.140412922912244,0.6802709102630615,-2.628739833831787,2.0449767320714614,1766201847.016107
0.17496274411678314,-0.13222333788871765,-2.126971606514115,0.6802709102630615,-2.628739833831787,2.0449767320714614,1766201847.016144
0.17496274411678314,-0.13222333788871765,-2.126971606514115,0.6804092526435852,-2.629275321960449,2.042916714406258,1766201847.0161605
0.17412841320037842,-0.1305789202451706,-2.1070543120698293,0.6804092526435852,-2.629275321960449,2.042916714406258,1766201847.0161698
0.1735416203737259,-0.12902840971946716,-2.0910793261744804,0.6804092526435852,-2.629275321960449,2.042916714406258,1766201847.0260894
0.1735416203737259,-0.12902840971946716,-2.0910793261744804,0.6802791357040405,-2.628901958465576,2.043854131778882,1766201847.0260532
0.1735416203737259,-0.12902840971946716,-2.0910793261744804,0.6804661750793457,-2.62923526763916,2.0428042076289024,1766201847.036048
0.17295043170452118,-0.12756898999214172,-2.0765924497795574,0.6804661750793457,-2.62923526763916,2.0428042076289024,1766201847.0360584
0.17295043170452118,-0.12756898999214172,-2.0765924497795574,0.6803768873214722,-2.629244565963745,2.0430279600360954,1766201847.0461113
0.17257265746593475,-0.12601721286773682,-2.0653404295760796,0.6803768873214722,-2.629244565963745,2.0430279600360954,1766201847.046149
0.17257265746593475,-0.12601721286773682,-2.0653404295760796,0.6804622411727905,-2.628845453262329,2.044001201519287,1766201847.0560784
0.1720951348543167,-0.12451693415641785,-2.050472874749558,0.6804622411727905,-2.628845453262329,2.044001201519287,1766201847.056113
0.17164698243141174,-0.12290472537279129,-2.0363285357385914,0.6804622411727905,-2.628845453262329,2.044001201519287,1766201847.0661073
0.17164698243141174,-0.12290472537279129,-2.0363285357385914,0.6798985004425049,-2.6299798488616943,2.0407500860529018,1766201847.0660696
0.1711069941520691,-0.1213933527469635,-2.023162827205027,0.6798985004425049,-2.6299798488616943,2.0407500860529018,1766201847.0661337
0.1711069941520691,-0.1213933527469635,-2.023162827205027,0.6804440021514893,-2.6291403770446777,2.0430296249160143,1766201847.0661244
0.1711069941520691,-0.1213933527469635,-2.023162827205027,0.6804093718528748,-2.6292338371276855,2.042956278193003,1766201847.0761008
0.1705418825149536,-0.11997335404157639,-2.0109021834805207,0.6804093718528748,-2.6292338371276855,2.042956278193003,1766201847.0761356
0.1705418825149536,-0.11997335404157639,-2.0109021834805207,0.6804147958755493,-2.6293201446533203,2.042722933753342,1766201847.0860898
0.16985778510570526,-0.11861472576856613,-1.997407327898935,0.6804147958755493,-2.6293201446533203,2.042722933753342,1766201847.0861177
0.1692868024110794,-0.11713157594203949,-1.983754523229742,0.6804147958755493,-2.6293201446533203,2.042722933753342,1766201847.0961602
0.1692868024110794,-0.11713157594203949,-1.983754523229742,0.6799281239509583,-2.6299118995666504,2.041036296793068,1766201847.0961223
0.1692868024110794,-0.11713157594203949,-1.983754523229742,0.6805202960968018,-2.6288647651672363,2.0440344447676977,1766201847.106111
0.1688968986272812,-0.11570478975772858,-1.9752036396127934,0.6805202960968018,-2.6288647651672363,2.0440344447676977,1766201847.1061456
0.1688968986272812,-0.11570478975772858,-1.9752036396127934,0.6804611682891846,-2.6292688846588135,2.0427854590261836,1766201847.1161144
0.16861259937286377,-0.1141785979270935,-1.964274487944684,0.6804611682891846,-2.6292688846588135,2.0427854590261836,1766201847.1161487
0.16861259937286377,-0.1141785979270935,-1.964274487944684,0.680212140083313,-2.6291465759277344,2.043663396365392,1766201847.116164
0.16830071806907654,-0.11267750710248947,-1.9536013212308045,0.680212140083313,-2.6291465759277344,2.043663396365392,1766201847.1161728
0.16830071806907654,-0.11267750710248947,-1.9536013212308045,0.6804965734481812,-2.629056215286255,2.0435177229669086,1766201847.1361089
0.1679912656545639,-0.1111314594745636,-1.9440956910357867,0.6804965734481812,-2.629056215286255,2.0435177229669086,1766201847.1361456
0.1679912656545639,-0.1111314594745636,-1.9440956910357867,0.6804454326629639,-2.62933087348938,2.042806013590739,1766201847.1361613
0.16803450882434845,-0.10911403596401215,-1.9421724074787468,0.6804454326629639,-2.62933087348938,2.042806013590739,1766201847.1361709
0.16803450882434845,-0.10911403596401215,-1.9421724074787468,0.680415689945221,-2.6293106079101562,2.0430650625806703,1766201847.146107
0.16776804625988007,-0.10768499225378036,-1.9303458363050914,0.680415689945221,-2.6293106079101562,2.0430650625806703,1766201847.146142
0.16728223860263824,-0.10620903968811035,-1.9191779223209826,0.680415689945221,-2.6293106079101562,2.0430650625806703,1766201847.1561508
0.16728223860263824,-0.10620903968811035,-1.9191779223209826,0.6804252862930298,-2.6293108463287354,2.0430152651474636,1766201847.1561162
0.16699379682540894,-0.10466540604829788,-1.912179526305993,0.6804252862930298,-2.6293108463287354,2.0430152651474636,1766201847.1561933
0.16699379682540894,-0.10466540604829788,-1.912179526305993,0.6802337169647217,-2.6289830207824707,2.0439926491251006,1766201847.1561837
0.16699379682540894,-0.10466540604829788,-1.912179526305993,0.6804227828979492,-2.6291892528533936,2.043273387091786,1766201847.1660337
0.1664423942565918,-0.10319238156080246,-1.8992765120327642,0.6804227828979492,-2.6291892528533936,2.043273387091786,1766201847.1660435
0.1664423942565918,-0.10319238156080246,-1.8992765120327642,0.679956316947937,-2.6300015449523926,2.0409045390072804,1766201847.176121
0.16659484803676605,-0.10147251188755035,-1.8977584629002784,0.679956316947937,-2.6300015449523926,2.0409045390072804,1766201847.1761556
0.16659484803676605,-0.10147251188755035,-1.8977584629002784,0.6799948215484619,-2.629971504211426,2.041033773743397,1766201847.1861145
0.16627870500087738,-0.10010802000761032,-1.8876183850543187,0.6799948215484619,-2.629971504211426,2.041033773743397,1766201847.1861496
0.16627870500087738,-0.10010802000761032,-1.8876183850543187,0.6801882386207581,-2.6290557384490967,2.0439573775317093,1766201847.1961143
0.16619136929512024,-0.09754414111375809,-1.8779701581902928,0.6801882386207581,-2.6290557384490967,2.0439573775317093,1766201847.19615
0.16619136929512024,-0.09754414111375809,-1.8779701581902928,0.6802706718444824,-2.628901720046997,2.0441541156515863,1766201847.2061708
0.16549310088157654,-0.09686193615198135,-1.8678843398463207,0.6802706718444824,-2.628901720046997,2.0441541156515863,1766201847.2062051
0.1642431765794754,-0.09550030529499054,-1.8698968851008695,0.6802706718444824,-2.628901720046997,2.0441541156515863,1766201847.216127
0.1642431765794754,-0.09550030529499054,-1.8698968851008695,0.680230438709259,-2.629012107849121,2.043861615657648,1766201847.2160916
0.16513362526893616,-0.09369324892759323,-1.8766622934346109,0.680230438709259,-2.629012107849121,2.043861615657648,1766201847.216153
0.16513362526893616,-0.09369324892759323,-1.8766622934346109,0.6804357767105103,-2.6293232440948486,2.0427551326668363,1766201847.216143
0.16513362526893616,-0.09369324892759323,-1.8766622934346109,0.6803956031799316,-2.628673791885376,2.045272220610526,1766201847.2361124
0.16491566598415375,-0.09167149662971497,-1.8737019465864628,0.6803956031799316,-2.628673791885376,2.045272220610526,1766201847.2361465
0.16491566598415375,-0.09167149662971497,-1.8737019465864628,0.6804208159446716,-2.6293554306030273,2.0426661602177942,1766201847.2361627
0.165474534034729,-0.09030138701200485,-1.850585536694702,0.6804208159446716,-2.6293554306030273,2.0426661602177942,1766201847.2361717
0.16547811031341553,-0.08835245668888092,-1.848501642501463,0.6804208159446716,-2.6293554306030273,2.0426661602177942,1766201847.2461278
0.16547811031341553,-0.08835245668888092,-1.848501642501463,0.6804755330085754,-2.6292991638183594,2.042800763962715,1766201847.2460935
0.16536679863929749,-0.0869748517870903,-1.8420587435973763,0.6804755330085754,-2.6292991638183594,2.042800763962715,1766201847.2561579
0.16536679863929749,-0.0869748517870903,-1.8420587435973763,0.6804367899894714,-2.6292386054992676,2.0427794512961555,1766201847.2561233
0.16536679863929749,-0.0869748517870903,-1.8420587435973763,0.6803240776062012,-2.628817319869995,2.043977656028248,1766201847.2661242
0.16544607281684875,-0.08500263094902039,-1.8393999438472375,0.6803240776062012,-2.628817319869995,2.043977656028248,1766201847.2661586
0.16441190242767334,-0.0836954265832901,-1.8453736939245386,0.6803240776062012,-2.628817319869995,2.043977656028248,1766201847.2661839
0.16441190242767334,-0.0836954265832901,-1.8453736939245386,0.6802733540534973,-2.6288836002349854,2.043819912323986,1766201847.2661748
0.16441190242767334,-0.0836954265832901,-1.8453736939245386,0.680221438407898,-2.6287872791290283,2.044827135289115,1766201847.2760582
0.1651221215724945,-0.08175911009311676,-1.8261253476212025,0.680221438407898,-2.6287872791290283,2.044827135289115,1766201847.2760675
0.16535137593746185,-0.0795309767127037,-1.830093480473416,0.680221438407898,-2.6287872791290283,2.044827135289115,1766201847.286172
0.16535137593746185,-0.0795309767127037,-1.830093480473416,0.6804353594779968,-2.6290457248687744,2.043150281114575,1766201847.2861369
0.16535137593746185,-0.0795309767127037,-1.830093480473416,0.6803832054138184,-2.6291253566741943,2.0430839320478142,1766201847.2961242
0.1645292490720749,-0.0783563107252121,-1.8325418712784125,0.6803832054138184,-2.6291253566741943,2.0430839320478142,1766201847.296159
0.16530349850654602,-0.076361283659935,-1.8152516721597836,0.6803832054138184,-2.6291253566741943,2.0430839320478142,1766201847.306069
0.16530349850654602,-0.076361283659935,-1.8152516721597836,0.680182933807373,-2.628979444503784,2.043724540267262,1766201847.306057
0.1647392064332962,-0.0744929313659668,-1.8273914033848015,0.680182933807373,-2.628979444503784,2.043724540267262,1766201847.3161502
0.1647392064332962,-0.0744929313659668,-1.8273914033848015,0.6798974871635437,-2.629971504211426,2.0406629535344996,1766201847.3161159
0.16333186626434326,-0.0730108916759491,-1.802759694677631,0.6798974871635437,-2.629971504211426,2.0406629535344996,1766201847.3161764
0.16333186626434326,-0.0730108916759491,-1.802759694677631,0.6801941990852356,-2.6289772987365723,2.043611836125777,1766201847.316167
0.16333186626434326,-0.0730108916759491,-1.802759694677631,0.6803814172744751,-2.6291439533233643,2.042630614421684,1766201847.3261323
0.1652190387248993,-0.0709458589553833,-1.8022797461171343,0.6803814172744751,-2.6291439533233643,2.042630614421684,1766201847.3261666
0.1652190387248993,-0.0709458589553833,-1.8022797461171343,0.6804617047309875,-2.6289384365081787,2.043365711171451,1766201847.3361297
0.16525277495384216,-0.06933712214231491,-1.7956408186544566,0.6804617047309875,-2.6289384365081787,2.043365711171451,1766201847.336164
0.16545996069908142,-0.06724540144205093,-1.7953455294191434,0.6804617047309875,-2.6289384365081787,2.043365711171451,1766201847.3461554
0.16545996069908142,-0.06724540144205093,-1.7953455294191434,0.68039870262146,-2.629249095916748,2.042606787698532,1766201847.3461194
0.16545996069908142,-0.06724540144205093,-1.7953455294191434,0.6805191040039062,-2.6287031173706055,2.0442202770482636,1766201847.3561265
0.16494417190551758,-0.06596560031175613,-1.7970418640191352,0.6805191040039062,-2.6287031173706055,2.0442202770482636,1766201847.3561606
0.16555605828762054,-0.06415131688117981,-1.7837645076477426,0.6805191040039062,-2.6287031173706055,2.0442202770482636,1766201847.3661525
0.16555605828762054,-0.06415131688117981,-1.7837645076477426,0.6802434921264648,-2.628819465637207,2.044632588125287,1766201847.3661196
0.1659918576478958,-0.06200988590717316,-1.7838524787229846,0.6802434921264648,-2.628819465637207,2.044632588125287,1766201847.3661773
0.1659918576478958,-0.06200988590717316,-1.7838524787229846,0.6802218556404114,-2.6287717819213867,2.0447243706171148,1766201847.3661683
0.16557759046554565,-0.06072431430220604,-1.7812326424915426,0.6802218556404114,-2.6287717819213867,2.0447243706171148,1766201847.3760922
0.16557759046554565,-0.06072431430220604,-1.7812326424915426,0.6804019808769226,-2.6291937828063965,2.0426938229115597,1766201847.3760831
0.16557759046554565,-0.06072431430220604,-1.7812326424915426,0.6804454922676086,-2.6291215419769287,2.0428524557067598,1766201847.3861291
0.16522479057312012,-0.059824083000421524,-1.770942944154485,0.6804454922676086,-2.6291215419769287,2.0428524557067598,1766201847.3861647
0.16522479057312012,-0.059824083000421524,-1.770942944154485,0.6804077625274658,-2.629232406616211,2.0426417186567836,1766201847.396108
0.16478672623634338,-0.05844571441411972,-1.7627832688646163,0.6804077625274658,-2.629232406616211,2.0426417186567836,1766201847.3961422
0.16464418172836304,-0.05693327262997627,-1.7575850438171896,0.6804077625274658,-2.629232406616211,2.0426417186567836,1766201847.4061394
0.16464418172836304,-0.05693327262997627,-1.7575850438171896,0.6804537773132324,-2.629049301147461,2.0431328842893213,1766201847.4061038
0.16464418172836304,-0.05693327262997627,-1.7575850438171896,0.6801084280014038,-2.6291162967681885,2.043547914249069,1766201847.4161217
0.1648617386817932,-0.05538415163755417,-1.754575601618758,0.6801084280014038,-2.6291162967681885,2.043547914249069,1766201847.4161565
0.1648617386817932,-0.05538415163755417,-1.754575601618758,0.6803345680236816,-2.6293601989746094,2.0425941806723213,1766201847.4161725
0.1640312373638153,-0.05405617505311966,-1.7638642253894525,0.6803345680236816,-2.6293601989746094,2.0425941806723213,1766201847.416182
0.1640312373638153,-0.05405617505311966,-1.7638642253894525,0.6801384687423706,-2.6290860176086426,2.0436385362306497,1766201847.4261339
0.1621672809123993,-0.05286247283220291,-1.7386740394484281,0.6801384687423706,-2.6290860176086426,2.0436385362306497,1766201847.4261694
0.1621672809123993,-0.05286247283220291,-1.7386740394484281,0.6801720261573792,-2.6290762424468994,2.043718850688834,1766201847.4360445
0.16425979137420654,-0.05077553167939186,-1.7445985157256605,0.6801720261573792,-2.6290762424468994,2.043718850688834,1766201847.4360547
0.164019376039505,-0.04950137063860893,-1.7345149229622596,0.6801720261573792,-2.6290762424468994,2.043718850688834,1766201847.4461615
0.164019376039505,-0.04950137063860893,-1.7345149229622596,0.6804506182670593,-2.629040479660034,2.0433649927990847,1766201847.4461243
0.16405676305294037,-0.04766882210969925,-1.7293586592510506,0.6804506182670593,-2.629040479660034,2.0433649927990847,1766201847.4561274
0.16405676305294037,-0.04766882210969925,-1.7293586592510506,0.6804349422454834,-2.6292102336883545,2.0428601177351595,1766201847.456093
0.16412337124347687,-0.0455302931368351,-1.7339711625745364,0.6804349422454834,-2.6292102336883545,2.0428601177351595,1766201847.4661055
0.16412337124347687,-0.0455302931368351,-1.7339711625745364,0.6804962158203125,-2.629002094268799,2.043381991697731,1766201847.4660718
0.16251526772975922,-0.045039284974336624,-1.732837828347155,0.6804962158203125,-2.629002094268799,2.043381991697731,1766201847.466131
0.16251526772975922,-0.045039284974336624,-1.732837828347155,0.6805024147033691,-2.628988265991211,2.043355854003539,1766201847.4661217
0.16251526772975922,-0.045039284974336624,-1.732837828347155,0.6805267333984375,-2.629009962081909,2.043276739055361,1766201847.476117
0.16293960809707642,-0.043182410299777985,-1.7143753597495939,0.6805267333984375,-2.629009962081909,2.043276739055361,1766201847.4761517
0.1624140441417694,-0.0418776236474514,-1.7069633367557646,0.6805267333984375,-2.629009962081909,2.043276739055361,1766201847.4861455
0.1624140441417694,-0.0418776236474514,-1.7069633367557646,0.6804360151290894,-2.6291277408599854,2.0430468082706907,1766201847.486112
0.162131205201149,-0.040089357644319534,-1.700332121629933,0.6804360151290894,-2.6291277408599854,2.0430468082706907,1766201847.4961584
0.162131205201149,-0.040089357644319534,-1.700332121629933,0.6802554726600647,-2.628997802734375,2.0435808064265686,1766201847.4961112
0.162131205201149,-0.040089357644319534,-1.700332121629933,0.6804120540618896,-2.6291937828063965,2.0427242269025068,1766201847.5061212
0.162131205201149,-0.040089357644319534,-1.700332121629933,0.6803328990936279,-2.6287131309509277,2.044241918309169,1766201847.5160983
0.1609022319316864,-0.0371224470436573,-1.6857765629265207,0.6803328990936279,-2.6287131309509277,2.044241918309169,1766201847.5161335
0.1609022319316864,-0.0371224470436573,-1.6857765629265207,0.6802724003791809,-2.628807544708252,2.0440420214040897,1766201847.516149
0.159895122051239,-0.03618237003684044,-1.6768765479700791,0.6802724003791809,-2.628807544708252,2.0440420214040897,1766201847.5161579
0.15892118215560913,-0.034779466688632965,-1.665769099608015,0.6802724003791809,-2.628807544708252,2.0440420214040897,1766201847.5261486
0.15892118215560913,-0.034779466688632965,-1.665769099608015,0.6802809238433838,-2.628662347793579,2.044399759885793,1766201847.5261397
0.15892118215560913,-0.034779466688632965,-1.665769099608015,0.6804215908050537,-2.629140853881836,2.043089099648673,1766201847.5461047
0.15805041790008545,-0.03343639895319939,-1.6525904000794778,0.6804215908050537,-2.629140853881836,2.043089099648673,1766201847.5461392
0.15805041790008545,-0.03343639895319939,-1.6525904000794778,0.6804149150848389,-2.6291136741638184,2.043075537031933,1766201847.5461545
0.15649905800819397,-0.03217629715800285,-1.652113116944478,0.6804149150848389,-2.6291136741638184,2.043075537031933,1766201847.5461648
0.15507636964321136,-0.031170060858130455,-1.636405248563204,0.6804149150848389,-2.6291136741638184,2.043075537031933,1766201847.5560246
0.15507636964321136,-0.031170060858130455,-1.636405248563204,0.6803914308547974,-2.628937005996704,2.0433341318163585,1766201847.5560155
0.1538247913122177,-0.029843909665942192,-1.6175693772128583,0.6803914308547974,-2.628937005996704,2.0433341318163585,1766201847.556031
0.1538247913122177,-0.029843909665942192,-1.6175693772128583,0.6804150938987732,-2.6290149688720703,2.043217704578305,1766201847.5560286
0.1538247913122177,-0.029843909665942192,-1.6175693772128583,0.6802413463592529,-2.6288681030273438,2.043660723901479,1766201847.566127
0.1532660722732544,-0.028470918536186218,-1.5793151765527933,0.6802413463592529,-2.6288681030273438,2.043660723901479,1766201847.5661616
0.1511227935552597,-0.02754262648522854,-1.572246593839402,0.6802413463592529,-2.6288681030273438,2.043660723901479,1766201847.5761552
0.1511227935552597,-0.02754262648522854,-1.572246593839402,0.6804393529891968,-2.629145860671997,2.042904873018338,1766201847.576119
0.15009227395057678,-0.026196133345365524,-1.5411878875462501,0.6804393529891968,-2.629145860671997,2.042904873018338,1766201847.5861142
0.15009227395057678,-0.026196133345365524,-1.5411878875462501,0.6804481148719788,-2.62894868850708,2.0434394793106345,1766201847.586078
0.15009227395057678,-0.026196133345365524,-1.5411878875462501,0.6804738640785217,-2.629030704498291,2.0431406070119698,1766201847.5959728
0.15009227395057678,-0.026196133345365524,-1.5411878875462501,0.6803861856460571,-2.629218339920044,2.042848446716925,1766201847.606051
0.15009227395057678,-0.026196133345365524,-1.5411878875462501,0.6804473400115967,-2.629042863845825,2.0431859959369296,1766201847.6060827
0.15009227395057678,-0.026196133345365524,-1.5411878875462501,0.6801748275756836,-2.628999710083008,2.0435867848016884,1766201847.6160154
0.15009227395057678,-0.026196133345365524,-1.5411878875462501,0.6802089810371399,-2.628941059112549,2.0437071507674625,1766201847.626117
0.15009227395057678,-0.026196133345365524,-1.5411878875462501,0.6799502372741699,-2.6298012733459473,2.041230440458367,1766201847.6361172
0.15009227395057678,-0.026196133345365524,-1.5411878875462501,0.6796565055847168,-2.629611015319824,2.0418658400851886,1766201847.6460595
0.1363597810268402,-0.02305447869002819,-1.3556006079107892,0.6796565055847168,-2.629611015319824,2.0418658400851886,1766201847.6461046
0.1363597810268402,-0.02305447869002819,-1.3556006079107892,0.6800932288169861,-2.6290626525878906,2.0437335490788855,1766201847.6560557
0.13385413587093353,-0.023093799129128456,-1.3141722329800414,0.6800932288169861,-2.6290626525878906,2.0437335490788855,1766201847.6561046
0.13385413587093353,-0.023093799129128456,-1.3141722329800414,0.6801166534423828,-2.6290369033813477,2.043717852598512,1766201847.6659994
0.13083308935165405,-0.022463973611593246,-1.2755547172202641,0.6801166534423828,-2.6290369033813477,2.043717852598512,1766201847.6660264
0.13083308935165405,-0.022463973611593246,-1.2755547172202641,0.679733157157898,-2.629650354385376,2.041790147666246,1766201847.6660607
0.1283143311738968,-0.022916899994015694,-1.2452262728096664,0.679733157157898,-2.629650354385376,2.041790147666246,1766201847.6660721
0.1283143311738968,-0.022916899994015694,-1.2452262728096664,0.6804273128509521,-2.6291205883026123,2.0429081073999185,1766201847.6761003
0.12684693932533264,-0.022233646363019943,-1.2047606505588517,0.6804273128509521,-2.6291205883026123,2.0429081073999185,1766201847.6761403
0.12516626715660095,-0.022437088191509247,-1.1713874607384647,0.6804273128509521,-2.6291205883026123,2.0429081073999185,1766201847.6861346
0.12516626715660095,-0.022437088191509247,-1.1713874607384647,0.6804825663566589,-2.628927230834961,2.0434683931524815,1766201847.6860962
0.12516626715660095,-0.022437088191509247,-1.1713874607384647,0.680195689201355,-2.6289801597595215,2.043672172309026,1766201847.6959753
0.12396795302629471,-0.023349886760115623,-1.1407979176618277,0.680195689201355,-2.6289801597595215,2.043672172309026,1766201847.6959944
0.12175499647855759,-0.02309589646756649,-1.1039168935060504,0.680195689201355,-2.6289801597595215,2.043672172309026,1766201847.706129
0.12175499647855759,-0.02309589646756649,-1.1039168935060504,0.6804722547531128,-2.6290602684020996,2.043065803675198,1766201847.7061138
0.12001240998506546,-0.02330632694065571,-1.0686315606897243,0.6804722547531128,-2.6290602684020996,2.043065803675198,1766201847.7061362
0.12001240998506546,-0.02330632694065571,-1.0686315606897243,0.6805056929588318,-2.6289360523223877,2.0434278782675444,1766201847.7061336
0.12001240998506546,-0.02330632694065571,-1.0686315606897243,0.6805490851402283,-2.628875255584717,2.043734740395136,1766201847.7160609
0.11780018359422684,-0.023533906787633896,-1.0304107520186638,0.6805490851402283,-2.628875255584717,2.043734740395136,1766201847.7160726
0.11780018359422684,-0.023533906787633896,-1.0304107520186638,0.6803430914878845,-2.6292896270751953,2.042758390619313,1766201847.7261436
0.11584646999835968,-0.023943975567817688,-0.9935327988291701,0.6803430914878845,-2.6292896270751953,2.042758390619313,1766201847.7261786
0.11584646999835968,-0.023943975567817688,-0.9935327988291701,0.6805737018585205,-2.628915309906006,2.0437491674316344,1766201847.7361217
0.11389891803264618,-0.024393223226070404,-0.9541483664617795,0.6805737018585205,-2.628915309906006,2.0437491674316344,1766201847.736158
0.11191046237945557,-0.02485361136496067,-0.9140688877827035,0.6805737018585205,-2.628915309906006,2.0437491674316344,1766201847.746164
0.11191046237945557,-0.02485361136496067,-0.9140688877827035,0.6801701784133911,-2.6290407180786133,2.043677857205855,1766201847.7461257
0.11191046237945557,-0.02485361136496067,-0.9140688877827035,0.6799679398536682,-2.629890203475952,2.0410753012094296,1766201847.7561011
0.108144611120224,-0.02605142816901207,-0.8393477754137723,0.6799679398536682,-2.629890203475952,2.0410753012094296,1766201847.7561545
0.108144611120224,-0.02605142816901207,-0.8393477754137723,0.6802372932434082,-2.6287989616394043,2.043981992344605,1766201847.7561436
0.108144611120224,-0.02605142816901207,-0.8393477754137723,0.6801493167877197,-2.629027843475342,2.0436927444177857,1766201847.7661228
0.10601112991571426,-0.02664162963628769,-0.7995994437259251,0.6801493167877197,-2.629027843475342,2.0436927444177857,1766201847.766157
0.10601112991571426,-0.02664162963628769,-0.7995994437259251,0.6805123686790466,-2.628735065460205,2.0442545778476964,1766201847.776106
0.10421852022409439,-0.027473831549286842,-0.7609894403039098,0.6805123686790466,-2.628735065460205,2.0442545778476964,1766201847.77614
0.10235622525215149,-0.028322668746113777,-0.7245464152663599,0.6805123686790466,-2.628735065460205,2.0442545778476964,1766201847.7861416
0.10235622525215149,-0.028322668746113777,-0.7245464152663599,0.6802117824554443,-2.628974437713623,2.0437181803648903,1766201847.7861073
0.10030102729797363,-0.029109561815857887,-0.6870789134575656,0.6802117824554443,-2.628974437713623,2.0437181803648903,1766201847.796151
0.10030102729797363,-0.029109561815857887,-0.6870789134575656,0.6804531812667847,-2.629040479660034,2.0430941324571035,1766201847.7961168
0.0982804000377655,-0.030002238228917122,-0.6512910603384476,0.6804531812667847,-2.629040479660034,2.0430941324571035,1766201847.806149
0.0982804000377655,-0.030002238228917122,-0.6512910603384476,0.6804764866828918,-2.6290156841278076,2.043313842511117,1766201847.8061152
0.09604618698358536,-0.030770594254136086,-0.616776585109597,0.6804764866828918,-2.6290156841278076,2.043313842511117,1766201847.8063214
0.09604618698358536,-0.030770594254136086,-0.616776585109597,0.6804807782173157,-2.629038095474243,2.0430844876840286,1766201847.8061674
0.09604618698358536,-0.030770594254136086,-0.616776585109597,0.6804832220077515,-2.6288678646087646,2.043642289405134,1766201847.8161597
0.0938016027212143,-0.03167111054062843,-0.5801613037201021,0.6804832220077515,-2.6288678646087646,2.043642289405134,1766201847.816194
0.09163937717676163,-0.0326041504740715,-0.5450800548803416,0.6804832220077515,-2.6288678646087646,2.043642289405134,1766201847.8261487
0.09163937717676163,-0.0326041504740715,-0.5450800548803416,0.6804754734039307,-2.629009962081909,2.0432794248430395,1766201847.8261156
0.09163937717676163,-0.0326041504740715,-0.5450800548803416,0.6805014610290527,-2.6288068294525146,2.0439607827024093,1766201847.836051
0.08969081938266754,-0.033687151968479156,-0.5114509935271662,0.6805014610290527,-2.6288068294525146,2.0439607827024093,1766201847.836087
0.08706476539373398,-0.03412855416536331,-0.48569485596199846,0.6805014610290527,-2.6288068294525146,2.0439607827024093,1766201847.8461514
0.08706476539373398,-0.03412855416536331,-0.48569485596199846,0.6803603172302246,-2.6292247772216797,2.0427914728512677,1766201847.8461177
0.08502789586782455,-0.035702869296073914,-0.4436670673792603,0.6803603172302246,-2.6292247772216797,2.0427914728512677,1766201847.85615
0.08502789586782455,-0.035702869296073914,-0.4436670673792603,0.6804221272468567,-2.6291043758392334,2.042973448535524,1766201847.8561163
0.08277396112680435,-0.036770664155483246,-0.4119495133447367,0.6804221272468567,-2.6291043758392334,2.042973448535524,1766201847.8661518
0.08277396112680435,-0.036770664155483246,-0.4119495133447367,0.6801269054412842,-2.6291534900665283,2.043486105478671,1766201847.8661177
0.08017393946647644,-0.03744605928659439,-0.3883082280000427,0.6801269054412842,-2.6291534900665283,2.043486105478671,1766201847.8662884
0.08017393946647644,-0.03744605928659439,-0.3883082280000427,0.6801493167877197,-2.62895131111145,2.043701931277954,1766201847.8661683
0.08017393946647644,-0.03744605928659439,-0.3883082280000427,0.6801775097846985,-2.6289641857147217,2.043673719372058,1766201847.8761172
0.07765968143939972,-0.038643866777420044,-0.358107932053542,0.6801775097846985,-2.6289641857147217,2.043673719372058,1766201847.8761501
0.07497061043977737,-0.04024656489491463,-0.3172292320018709,0.6801775097846985,-2.6289641857147217,2.043673719372058,1766201847.8861454
0.07497061043977737,-0.04024656489491463,-0.3172292320018709,0.6802099347114563,-2.628614902496338,2.045103799663133,1766201847.8861122
0.07369077205657959,-0.0415671281516552,-0.2943982240116398,0.6802099347114563,-2.628614902496338,2.045103799663133,1766201847.8961236
0.07369077205657959,-0.0415671281516552,-0.2943982240116398,0.6803068518638611,-2.6292734146118164,2.0428161345488536,1766201847.89609
0.07049231976270676,-0.043362583965063095,-0.2581349371262909,0.6803068518638611,-2.6292734146118164,2.0428161345488536,1766201847.9061491
0.07049231976270676,-0.043362583965063095,-0.2581349371262909,0.6803902983665466,-2.629096746444702,2.0429848293612305,1766201847.9061155
0.06876160949468613,-0.04431702196598053,-0.2363322409715798,0.6803902983665466,-2.629096746444702,2.0429848293612305,1766201847.9161582
0.06876160949468613,-0.04431702196598053,-0.2363322409715798,0.6802393198013306,-2.628697395324707,2.044850621747855,1766201847.9161246
0.06654036045074463,-0.04585945978760719,-0.2111090643202963,0.6802393198013306,-2.628697395324707,2.044850621747855,1766201847.9161832
0.06654036045074463,-0.04585945978760719,-0.2111090643202963,0.6804229021072388,-2.6289050579071045,2.0434665093967372,1766201847.9161737
0.06654036045074463,-0.04585945978760719,-0.2111090643202963,0.6801759004592896,-2.6290090084075928,2.043662438296822,1766201847.9261122
0.06413105130195618,-0.047419868409633636,-0.1788474369766901,0.6801759004592896,-2.6290090084075928,2.043662438296822,1766201847.9261463
0.06413105130195618,-0.047419868409633636,-0.1788474369766901,0.6802082061767578,-2.6289727687835693,2.0435506658721314,1766201847.9361098
0.05917460098862648,-0.05053490400314331,-0.12985622049118187,0.6802082061767578,-2.6289727687835693,2.0435506658721314,1766201847.9461393
0.05917460098862648,-0.05053490400314331,-0.12985622049118187,0.6802428364753723,-2.6288559436798096,2.0436648868044065,1766201847.9461052
0.056672487407922745,-0.05224679410457611,-0.10084647254340687,0.6802428364753723,-2.6288559436798096,2.0436648868044065,1766201847.9561384
0.056672487407922745,-0.05224679410457611,-0.10084647254340687,0.6804767847061157,-2.6289162635803223,2.0434709928210246,1766201847.9561045
0.05345408618450165,-0.05419110879302025,-0.06849863910735088,0.6804767847061157,-2.6289162635803223,2.0434709928210246,1766201847.9661458
0.05345408618450165,-0.05419110879302025,-0.06849863910735088,0.680169403553009,-2.628870964050293,2.0444520855021135,1766201847.9661095
0.0517088957130909,-0.05580735579133034,-0.04515178840353124,0.680169403553009,-2.628870964050293,2.0444520855021135,1766201847.96617
0.0517088957130909,-0.05580735579133034,-0.04515178840353124,0.6804025173187256,-2.6291704177856445,2.042857575500282,1766201847.966161
0.0517088957130909,-0.05580735579133034,-0.04515178840353124,0.6803513765335083,-2.6292929649353027,2.0426243729720435,1766201847.9761162
0.04925205931067467,-0.057109296321868896,-0.030735569423278514,0.6803513765335083,-2.6292929649353027,2.0426243729720435,1766201847.97615
0.045901186764240265,-0.05915772542357445,-0.0004912449863479575,0.6803513765335083,-2.6292929649353027,2.0426243729720435,1766201847.98615
0.045901186764240265,-0.05915772542357445,-0.0004912449863479575,0.6801223158836365,-2.629007577896118,2.043475562173496,1766201847.986115
0.045901186764240265,-0.05915772542357445,-0.0004912449863479575,0.6803377270698547,-2.6292741298675537,2.0427750355947905,1766201847.996118
0.04418912157416344,-0.0606815330684185,0.015430609710903868,0.6803377270698547,-2.6292741298675537,2.0427750355947905,1766201847.996152
0.04162614792585373,-0.06238280236721039,0.039123349720150864,0.6803377270698547,-2.6292741298675537,2.0427750355947905,1766201848.0061457
0.04162614792585373,-0.06238280236721039,0.039123349720150864,0.6797303557395935,-2.629523754119873,2.042393162661052,1766201848.006112
0.03942829743027687,-0.0642627403140068,0.06206623431984417,0.6797303557395935,-2.629523754119873,2.042393162661052,1766201848.0161345
0.03942829743027687,-0.0642627403140068,0.06206623431984417,0.680311381816864,-2.629404067993164,2.042385510464823,1766201848.0160983
0.036797069013118744,-0.06584806740283966,0.08045119886057868,0.680311381816864,-2.629404067993164,2.042385510464823,1766201848.0162659
0.036797069013118744,-0.06584806740283966,0.08045119886057868,0.6805083751678467,-2.6288797855377197,2.0438131648226396,1766201848.0161514
0.036797069013118744,-0.06584806740283966,0.08045119886057868,0.6804317235946655,-2.629182815551758,2.0427569736368794,1766201848.0261056
0.03421078622341156,-0.06762942671775818,0.10007139224865114,0.6804317235946655,-2.629182815551758,2.0427569736368794,1766201848.0261347
0.03421078622341156,-0.06762942671775818,0.10007139224865114,0.6803772449493408,-2.6292245388031006,2.042655933922028,1766201848.0361195
0.031645797193050385,-0.06925304234027863,0.11782204570325898,0.6803772449493408,-2.6292245388031006,2.042655933922028,1766201848.0361536
0.029207926243543625,-0.07113336026668549,0.1371913742818066,0.6803772449493408,-2.6292245388031006,2.042655933922028,1766201848.0461736
0.029207926243543625,-0.07113336026668549,0.1371913742818066,0.6802045702934265,-2.62904953956604,2.043347595308662,1766201848.0461414
0.026636535301804543,-0.07275482267141342,0.15154711589908335,0.6802045702934265,-2.62904953956604,2.043347595308662,1766201848.0561178
0.026636535301804543,-0.07275482267141342,0.15154711589908335,0.6804796457290649,-2.628706455230713,2.0443125332913974,1766201848.056084
0.024077998474240303,-0.0746481865644455,0.17244011793665165,0.6804796457290649,-2.628706455230713,2.0443125332913974,1766201848.056144
0.024077998474240303,-0.0746481865644455,0.17244011793665165,0.6804656386375427,-2.628990650177002,2.0431359529023854,1766201848.0561337
0.021366499364376068,-0.07655584812164307,0.18696624046344062,0.6804656386375427,-2.628990650177002,2.0431359529023854,1766201848.0761468
0.021366499364376068,-0.07655584812164307,0.18696624046344062,0.6802350282669067,-2.629000186920166,2.0435120400789613,1766201848.0761118
0.019125353544950485,-0.07826099544763565,0.20212334551017647,0.6802350282669067,-2.629000186920166,2.0435120400789613,1766201848.0761728
0.019125353544950485,-0.07826099544763565,0.20212334551017647,0.6803632974624634,-2.6282951831817627,2.0459311205097923,1766201848.0761628
0.019125353544950485,-0.07826099544763565,0.20212334551017647,0.6805152297019958,-2.62829327583313,2.046013933433303,1766201848.0860834
0.016680045053362846,-0.07981711626052856,0.21320209477067775,0.6805152297019958,-2.62829327583313,2.046013933433303,1766201848.0861175
0.016680045053362846,-0.07981711626052856,0.21320209477067775,0.680503785610199,-2.628810167312622,2.0440107371432163,1766201848.0960925
0.01394061278551817,-0.08195410668849945,0.22930715044001446,0.680503785610199,-2.628810167312622,2.0440107371432163,1766201848.0961256
0.011728190816938877,-0.08378738164901733,0.24679849138062282,0.680503785610199,-2.628810167312622,2.0440107371432163,1766201848.1061842
0.011728190816938877,-0.08378738164901733,0.24679849138062282,0.6801921129226685,-2.628974676132202,2.0436496618490603,1766201848.1061509
0.008885656483471394,-0.08548866212368011,0.25442283900762397,0.6801921129226685,-2.628974676132202,2.0436496618490603,1766201848.1161282
0.008885656483471394,-0.08548866212368011,0.25442283900762397,0.679742157459259,-2.629518985748291,2.0423973207083446,1766201848.1160932
0.006636086851358414,-0.08743399381637573,0.2696419562883751,0.679742157459259,-2.629518985748291,2.0423973207083446,1766201848.1161544
0.006636086851358414,-0.08743399381637573,0.2696419562883751,0.6801009178161621,-2.6291022300720215,2.0433861311264585,1766201848.1161451
0.006636086851358414,-0.08743399381637573,0.2696419562883751,0.680405855178833,-2.6289381980895996,2.0435094757437193,1766201848.126112
0.0037999339401721954,-0.08904552459716797,0.27799940334083867,0.680405855178833,-2.6289381980895996,2.0435094757437193,1766201848.1261456
0.0037999339401721954,-0.08904552459716797,0.27799940334083867,0.6803421974182129,-2.629303216934204,2.042589998915605,1766201848.136113
0.001125830807723105,-0.09082383662462234,0.28867172630351456,0.6803421974182129,-2.629303216934204,2.042589998915605,1766201848.1361487
0.001125830807723105,-0.09082383662462234,0.28867172630351456,0.6800912618637085,-2.6290955543518066,2.043637631090237,1766201848.1461086
-0.0015553564298897982,-0.09257327020168304,0.3004619366803233,0.6800912618637085,-2.6290955543518066,2.043637631090237,1766201848.146143
-0.0015553564298897982,-0.09257327020168304,0.3004619366803233,0.680252194404602,-2.6286776065826416,2.0448569462106896,1766201848.1561158
-0.004380795173346996,-0.09443959593772888,0.3089441328007418,0.680252194404602,-2.6286776065826416,2.0448569462106896,1766201848.1561496
-0.007130216807126999,-0.0961197018623352,0.32130066780075744,0.680252194404602,-2.6286776065826416,2.0448569462106896,1766201848.166166
-0.007130216807126999,-0.0961197018623352,0.32130066780075744,0.6801878213882446,-2.628998041152954,2.0436263880534455,1766201848.1661305
-0.00987179297953844,-0.09798092395067215,0.3300582174062839,0.6801878213882446,-2.628998041152954,2.0436263880534455,1766201848.1661906
-0.00987179297953844,-0.09798092395067215,0.3300582174062839,0.6803992390632629,-2.629159927368164,2.0429041298502573,1766201848.1661816
-0.012385331094264984,-0.09966413676738739,0.3364858882915623,0.6803992390632629,-2.629159927368164,2.0429041298502573,1766201848.1761508
-0.012385331094264984,-0.09966413676738739,0.3364858882915623,0.680424690246582,-2.62904691696167,2.0430570913622828,1766201848.176117
-0.012385331094264984,-0.09966413676738739,0.3364858882915623,0.680347204208374,-2.6293067932128906,2.042649390257558,1766201848.1861389
-0.015419152565300465,-0.10141423344612122,0.34679285694352735,0.680347204208374,-2.6293067932128906,2.042649390257558,1766201848.1861732
-0.015419152565300465,-0.10141423344612122,0.34679285694352735,0.6801611185073853,-2.628910779953003,2.0443981384088294,1766201848.1961265
-0.018118571490049362,-0.10336799919605255,0.3588424860652327,0.6801611185073853,-2.628910779953003,2.0443981384088294,1766201848.1961598
-0.02137063443660736,-0.10506489872932434,0.36478074686641243,0.6801611185073853,-2.628910779953003,2.0443981384088294,1766201848.2061756
-0.02137063443660736,-0.10506489872932434,0.36478074686641243,0.680377721786499,-2.629234552383423,2.042541478247519,1766201848.206142
-0.024280378594994545,-0.10693622380495071,0.37529223519354354,0.680377721786499,-2.629234552383423,2.042541478247519,1766201848.206203
-0.024280378594994545,-0.10693622380495071,0.37529223519354354,0.6803486347198486,-2.6292994022369385,2.0427045926926586,1766201848.2061915
-0.024280378594994545,-0.10693622380495071,0.37529223519354354,0.6796751618385315,-2.629685401916504,2.041624375086655,1766201848.2161143
-0.02726733684539795,-0.10855863988399506,0.3799040493226661,0.6796751618385315,-2.629685401916504,2.041624375086655,1766201848.2161481
-0.03062625415623188,-0.11055660247802734,0.3868841711900171,0.6796751618385315,-2.629685401916504,2.041624375086655,1766201848.2261412
-0.03062625415623188,-0.11055660247802734,0.3868841711900171,0.6798813343048096,-2.6299805641174316,2.0406329803283216,1766201848.226108
-0.03339365869760513,-0.11273246258497238,0.39287390493077445,0.6798813343048096,-2.6299805641174316,2.0406329803283216,1766201848.2361507
-0.03339365869760513,-0.11273246258497238,0.39287390493077445,0.6803252696990967,-2.629439353942871,2.0425838966561063,1766201848.236116
-0.036488648504018784,-0.11465323716402054,0.3983938804010991,0.6803252696990967,-2.629439353942871,2.0425838966561063,1766201848.2461405
-0.036488648504018784,-0.11465323716402054,0.3983938804010991,0.6799694895744324,-2.6299264430999756,2.040805907420811,1766201848.246107
-0.036488648504018784,-0.11465323716402054,0.3983938804010991,0.6799612045288086,-2.6299338340759277,2.0407860462472214,1766201848.2561188
-0.03964678570628166,-0.11649823188781738,0.39833863072862524,0.6799612045288086,-2.6299338340759277,2.0407860462472214,1766201848.2561526
-0.03964678570628166,-0.11649823188781738,0.39833863072862524,0.6803958415985107,-2.629338026046753,2.042327826231993,1766201848.2661176
-0.04266241937875748,-0.11845224350690842,0.40406505225866995,0.6803958415985107,-2.629338026046753,2.042327826231993,1766201848.2661514
-0.04266241937875748,-0.11845224350690842,0.40406505225866995,0.6803256273269653,-2.62943434715271,2.042292801404302,1766201848.266167
-0.04577692225575447,-0.12068672478199005,0.4074540817720306,0.6803256273269653,-2.62943434715271,2.042292801404302,1766201848.2661757
-0.048880722373723984,-0.12298144400119781,0.41285663620304464,0.6803256273269653,-2.62943434715271,2.042292801404302,1766201848.2761238
-0.048880722373723984,-0.12298144400119781,0.41285663620304464,0.6802250146865845,-2.629044771194458,2.0434998651527105,1766201848.276088
-0.051661890000104904,-0.1250031590461731,0.4180504163662948,0.6802250146865845,-2.629044771194458,2.0434998651527105,1766201848.2861302
-0.051661890000104904,-0.1250031590461731,0.4180504163662948,0.6804690361022949,-2.629051923751831,2.0431011710243485,1766201848.2860951
-0.051661890000104904,-0.1250031590461731,0.4180504163662948,0.6804293990135193,-2.6293232440948486,2.042519489830891,1766201848.2961006
-0.054592378437519073,-0.12720534205436707,0.41801670177673045,0.6804293990135193,-2.6293232440948486,2.042519489830891,1766201848.2961347
-0.05770545080304146,-0.1295933574438095,0.4173337036957816,0.6804293990135193,-2.6293232440948486,2.042519489830891,1766201848.3061776
-0.05770545080304146,-0.1295933574438095,0.4173337036957816,0.6805253028869629,-2.628937244415283,2.04350395127666,1766201848.3061411
-0.06038173660635948,-0.13194410502910614,0.41984645888912187,0.6805253028869629,-2.628937244415283,2.04350395127666,1766201848.316102
-0.06038173660635948,-0.13194410502910614,0.41984645888912187,0.6804014444351196,-2.629338026046753,2.0423893970626152,1766201848.3160663
-0.06356161087751389,-0.13423655927181244,0.4169571357111275,0.6804014444351196,-2.629338026046753,2.0423893970626152,1766201848.3161278
-0.06356161087751389,-0.13423655927181244,0.4169571357111275,0.6804342269897461,-2.629012107849121,2.043200023983521,1766201848.3161187
-0.06662742048501968,-0.13664530217647552,0.4195332582621645,0.6804342269897461,-2.629012107849121,2.043200023983521,1766201848.3261566
-0.06662742048501968,-0.13664530217647552,0.4195332582621645,0.6803858280181885,-2.6291539669036865,2.042807304156564,1766201848.3261225
-0.06973770260810852,-0.13888683915138245,0.41643682391394593,0.6803858280181885,-2.6291539669036865,2.042807304156564,1766201848.3361356
-0.06973770260810852,-0.13888683915138245,0.41643682391394593,0.6801097393035889,-2.6289517879486084,2.0443688087750895,1766201848.3361008
-0.07318203151226044,-0.1412312537431717,0.41266091772343083,0.6801097393035889,-2.6289517879486084,2.0443688087750895,1766201848.346163
-0.07318203151226044,-0.1412312537431717,0.41266091772343083,0.6804307699203491,-2.628962516784668,2.043347251158052,1766201848.3461277
-0.07653824239969254,-0.14359153807163239,0.4126808793105851,0.6804307699203491,-2.628962516784668,2.043347251158052,1766201848.3561568
-0.07653824239969254,-0.14359153807163239,0.4126808793105851,0.6803544759750366,-2.6292731761932373,2.0427806918856932,1766201848.3561175
-0.07996782660484314,-0.145712748169899,0.4054155366292252,0.6803544759750366,-2.6292731761932373,2.0427806918856932,1766201848.3561826
-0.07996782660484314,-0.145712748169899,0.4054155366292252,0.6799080967903137,-2.6299023628234863,2.0408491237493873,1766201848.3561726
-0.07996782660484314,-0.145712748169899,0.4054155366292252,0.6801494359970093,-2.628983497619629,2.043859155639659,1766201848.3661137
-0.08309967815876007,-0.14788272976875305,0.4024975264634049,0.6801494359970093,-2.628983497619629,2.043859155639659,1766201848.3661473
-0.08670435845851898,-0.15019425749778748,0.39445055462983303,0.6801494359970093,-2.628983497619629,2.043859155639659,1766201848.376161
-0.08670435845851898,-0.15019425749778748,0.39445055462983303,0.6804145574569702,-2.629185914993286,2.042721511491876,1766201848.3761268
-0.0896369218826294,-0.15231209993362427,0.3900396255336523,0.6804145574569702,-2.629185914993286,2.042721511491876,1766201848.3861663
-0.0896369218826294,-0.15231209993362427,0.3900396255336523,0.6803315877914429,-2.629300355911255,2.042711174018245,1766201848.386132
-0.09346280246973038,-0.15478524565696716,0.38208164859892335,0.6803315877914429,-2.629300355911255,2.042711174018245,1766201848.3961618
-0.09346280246973038,-0.15478524565696716,0.38208164859892335,0.6804100275039673,-2.6291449069976807,2.0429211607038575,1766201848.396128
-0.09562034159898758,-0.156767338514328,0.37254664429094014,0.6804100275039673,-2.6291449069976807,2.0429211607038575,1766201848.4061546
-0.09562034159898758,-0.156767338514328,0.37254664429094014,0.6803968548774719,-2.629122257232666,2.0430119585995046,1766201848.406121
-0.09812949597835541,-0.15901228785514832,0.36731704559860856,0.6803968548774719,-2.629122257232666,2.0430119585995046,1766201848.4061806
-0.09812949597835541,-0.15901228785514832,0.36731704559860856,0.680328369140625,-2.6293551921844482,2.0426330658064265,1766201848.40617
-0.09812949597835541,-0.15901228785514832,0.36731704559860856,0.6801442503929138,-2.6297621726989746,2.04190825887638,1766201848.4161074
-0.1011308878660202,-0.16148090362548828,0.36319787491980526,0.6801442503929138,-2.6297621726989746,2.04190825887638,1766201848.4161425
-0.1011308878660202,-0.16148090362548828,0.36319787491980526,0.6802037954330444,-2.629340887069702,2.042837159774511,1766201848.4261174
-0.10341235995292664,-0.16376441717147827,0.354440044526569,0.6802037954330444,-2.629340887069702,2.042837159774511,1766201848.4261508
-0.10542243719100952,-0.16591636836528778,0.3454232907664202,0.6802037954330444,-2.629340887069702,2.042837159774511,1766201848.436145
-0.10542243719100952,-0.16591636836528778,0.3454232907664202,0.680341362953186,-2.6292777061462402,2.0426057781774665,1766201848.4361098
-0.10745318979024887,-0.1680290848016739,0.3365971429895368,0.680341362953186,-2.6292777061462402,2.0426057781774665,1766201848.4461644
-0.10745318979024887,-0.1680290848016739,0.3365971429895368,0.68035489320755,-2.629143476486206,2.0429056804694206,1766201848.44613
-0.1091177687048912,-0.17014729976654053,0.32676106918333936,0.68035489320755,-2.629143476486206,2.0429056804694206,1766201848.4561617
-0.1091177687048912,-0.17014729976654053,0.32676106918333936,0.6801025867462158,-2.6291418075561523,2.0435430190396,1766201848.4561281
-0.11093432456254959,-0.17205305397510529,0.3141880348896387,0.6801025867462158,-2.6291418075561523,2.0435430190396,1766201848.46617
-0.11093432456254959,-0.17205305397510529,0.3141880348896387,0.6800632476806641,-2.628929376602173,2.0442586896147388,1766201848.4661355
-0.11266683042049408,-0.1739269345998764,0.3054662763918613,0.6800632476806641,-2.628929376602173,2.0442586896147388,1766201848.466195
-0.11266683042049408,-0.1739269345998764,0.3054662763918613,0.6801226735115051,-2.6290876865386963,2.043487877916095,1766201848.4661856
-0.11266683042049408,-0.1739269345998764,0.3054662763918613,0.6801664233207703,-2.628918409347534,2.043783878597072,1766201848.4761336
-0.1141115054488182,-0.17551986873149872,0.30010347992581177,0.6801664233207703,-2.628918409347534,2.043783878597072,1766201848.4761684
-0.1141115054488182,-0.17551986873149872,0.30010347992581177,0.6801344752311707,-2.6290180683135986,2.0435460081740326,1766201848.486095
-0.11552291363477707,-0.1771007776260376,0.29060589143111165,0.6801344752311707,-2.6290180683135986,2.0435460081740326,1766201848.4861298
-0.11685429513454437,-0.1782345175743103,0.27630915843776294,0.6801344752311707,-2.6290180683135986,2.0435460081740326,1766201848.496147
-0.11685429513454437,-0.1782345175743103,0.27630915843776294,0.6801753044128418,-2.628939151763916,2.0438052108836633,1766201848.4961119
-0.11830045282840729,-0.1796635091304779,0.2720145321332997,0.6801753044128418,-2.628939151763916,2.0438052108836633,1766201848.506161
-0.11830045282840729,-0.1796635091304779,0.2720145321332997,0.6803936958312988,-2.6293044090270996,2.042689950176901,1766201848.5061274
-0.1196771189570427,-0.180671826004982,0.2619899055156336,0.6803936958312988,-2.6293044090270996,2.042689950176901,1766201848.5161684
-0.1196771189570427,-0.180671826004982,0.2619899055156336,0.6804024577140808,-2.629218101501465,2.042726277504258,1766201848.5161326
-0.12081371992826462,-0.18164798617362976,0.2543965131194906,0.6804024577140808,-2.629218101501465,2.042726277504258,1766201848.5161927
-0.12081371992826462,-0.18164798617362976,0.2543965131194906,0.680435299873352,-2.6291449069976807,2.0428361027004507,1766201848.5161839
-0.12206467986106873,-0.18221962451934814,0.2430682973738621,0.680435299873352,-2.6291449069976807,2.0428361027004507,1766201848.5261483
-0.12206467986106873,-0.18221962451934814,0.2430682973738621,0.680345892906189,-2.6292905807495117,2.0426045837865496,1766201848.526115
-0.12311428040266037,-0.18271423876285553,0.233179083490094,0.680345892906189,-2.6292905807495117,2.0426045837865496,1766201848.536128
-0.12311428040266037,-0.18271423876285553,0.233179083490094,0.680272102355957,-2.628891706466675,2.0438487953423348,1766201848.5360928
-0.12420811504125595,-0.18295985460281372,0.22120179376781965,0.680272102355957,-2.628891706466675,2.0438487953423348,1766201848.546157
-0.12420811504125595,-0.18295985460281372,0.22120179376781965,0.6804453134536743,-2.6291024684906006,2.043023410587059,1766201848.5461204
-0.12420811504125595,-0.18295985460281372,0.22120179376781965,0.6801849603652954,-2.629051923751831,2.0433453645615054,1766201848.5561104
-0.12498108297586441,-0.18310298025608063,0.20975123923673655,0.6801849603652954,-2.629051923751831,2.0433453645615054,1766201848.556144
-0.1258602738380432,-0.18311147391796112,0.1980407513693885,0.6801849603652954,-2.629051923751831,2.0433453645615054,1766201848.5661364
-0.1258602738380432,-0.18311147391796112,0.1980407513693885,0.6803755760192871,-2.629103899002075,2.0428859641419335,1766201848.5661006
-0.12661641836166382,-0.1828158050775528,0.18278072358733996,0.6803755760192871,-2.629103899002075,2.0428859641419335,1766201848.5661623
-0.12661641836166382,-0.1828158050775528,0.18278072358733996,0.6803936958312988,-2.629181146621704,2.042746036215711,1766201848.5661528
-0.12687177956104279,-0.1821916401386261,0.16587394068314687,0.6803936958312988,-2.629181146621704,2.042746036215711,1766201848.5761569
-0.12687177956104279,-0.1821916401386261,0.16587394068314687,0.6804494857788086,-2.628810405731201,2.043894007659946,1766201848.5761213
-0.12687177956104279,-0.1821916401386261,0.16587394068314687,0.6804518699645996,-2.629005193710327,2.043306245743808,1766201848.586075
-0.12743966281414032,-0.18155047297477722,0.15303946163556142,0.6804518699645996,-2.629005193710327,2.043306245743808,1766201848.5861099
-0.12767085433006287,-0.18086467683315277,0.13699779436502502,0.6804518699645996,-2.629005193710327,2.043306245743808,1766201848.596112
-0.12767085433006287,-0.18086467683315277,0.13699779436502502,0.6803528070449829,-2.6292638778686523,2.0426305082726803,1766201848.5960793
-0.1276775747537613,-0.18030506372451782,0.12214831609804401,0.6803528070449829,-2.6292638778686523,2.0426305082726803,1766201848.6061625
-0.1276775747537613,-0.18030506372451782,0.12214831609804401,0.6803662776947021,-2.6291592121124268,2.0428355638430524,1766201848.606129
-0.12743446230888367,-0.17936769127845764,0.1038492240291445,0.6803662776947021,-2.6291592121124268,2.0428355638430524,1766201848.616029
-0.12743446230888367,-0.17936769127845764,0.1038492240291445,0.6802514791488647,-2.6288461685180664,2.0437607791912358,1766201848.616019
-0.12687145173549652,-0.1783542037010193,0.08604846114277677,0.6802514791488647,-2.6288461685180664,2.0437607791912358,1766201848.616036
-0.12687145173549652,-0.1783542037010193,0.08604846114277677,0.6797497272491455,-2.629633665084839,2.0417065450073038,1766201848.6160336
-0.12687145173549652,-0.1783542037010193,0.08604846114277677,0.6801908016204834,-2.629075050354004,2.0434221586118286,1766201848.6261218
-0.12625852227210999,-0.17743688821792603,0.06822675498097733,0.6801908016204834,-2.629075050354004,2.0434221586118286,1766201848.6261559
-0.1254114806652069,-0.17635242640972137,0.047484940893608094,0.6801908016204834,-2.629075050354004,2.0434221586118286,1766201848.6361144
-0.1254114806652069,-0.17635242640972137,0.047484940893608094,0.6804823875427246,-2.6289875507354736,2.043324864883628,1766201848.6360798
-0.12507812678813934,-0.1756904274225235,0.03363641235944746,0.6804823875427246,-2.6289875507354736,2.043324864883628,1766201848.6461549
-0.12507812678813934,-0.1756904274225235,0.03363641235944746,0.6804654002189636,-2.628964900970459,2.043257753390968,1766201848.646121
-0.12367960810661316,-0.17457659542560577,0.013766050654055619,0.6804654002189636,-2.628964900970459,2.043257753390968,1766201848.656147
-0.12367960810661316,-0.17457659542560577,0.013766050654055619,0.6804158687591553,-2.6291332244873047,2.042985640486387,1766201848.6561139
-0.12210187315940857,-0.17329224944114685,-0.008152034524221178,0.6804158687591553,-2.6291332244873047,2.042985640486387,1766201848.6660945
-0.12210187315940857,-0.17329224944114685,-0.008152034524221178,0.6803542375564575,-2.6292619705200195,2.042669672131211,1766201848.6660604
-0.12036831676959991,-0.17235149443149567,-0.02977866205776991,0.6803542375564575,-2.6292619705200195,2.042669672131211,1766201848.6661196
-0.12036831676959991,-0.17235149443149567,-0.02977866205776991,0.6798867583274841,-2.629929542541504,2.0407781357918844,1766201848.6661105
-0.12036831676959991,-0.17235149443149567,-0.02977866205776991,0.6803309321403503,-2.6293885707855225,2.042480235262196,1766201848.6760786
-0.11836794763803482,-0.17124488949775696,-0.04925528427927833,0.6803309321403503,-2.6293885707855225,2.042480235262196,1766201848.6761124
-0.11836794763803482,-0.17124488949775696,-0.04925528427927833,0.6803766489028931,-2.629232168197632,2.0427979470271262,1766201848.6860902
-0.11643388867378235,-0.17002418637275696,-0.07666924737851327,0.6803766489028931,-2.629232168197632,2.0427979470271262,1766201848.6861238
-0.11430691182613373,-0.1688784509897232,-0.09900007637518465,0.6803766489028931,-2.629232168197632,2.0427979470271262,1766201848.6961343
-0.11430691182613373,-0.1688784509897232,-0.09900007637518465,0.6802793741226196,-2.628566026687622,2.0451144259637855,1766201848.6961002
-0.11125597357749939,-0.1675432324409485,-0.12767870413684204,0.6802793741226196,-2.628566026687622,2.0451144259637855,1766201848.7061615
-0.11125597357749939,-0.1675432324409485,-0.12767870413684204,0.6796931028366089,-2.629608631134033,2.0418167701324146,1766201848.7061281
-0.10853785276412964,-0.16613078117370605,-0.154809436908407,0.6796931028366089,-2.629608631134033,2.0418167701324146,1766201848.7061892
-0.10853785276412964,-0.16613078117370605,-0.154809436908407,0.6801348328590393,-2.629035711288452,2.0437269002044998,1766201848.706177
-0.1055757999420166,-0.16495150327682495,-0.17868397169100145,0.6801348328590393,-2.629035711288452,2.0437269002044998,1766201848.7261534
-0.1055757999420166,-0.16495150327682495,-0.17868397169100145,0.6801003217697144,-2.629065990447998,2.0436950996123895,1766201848.7261195
-0.10287538170814514,-0.16394731402397156,-0.2022148829308481,0.6801003217697144,-2.629065990447998,2.0436950996123895,1766201848.7261775
-0.10287538170814514,-0.16394731402397156,-0.2022148829308481,0.6803492307662964,-2.6291825771331787,2.042590888237404,1766201848.7261684
-0.10287538170814514,-0.16394731402397156,-0.2022148829308481,0.6801812648773193,-2.628986120223999,2.0437120307557763,1766201848.73608
-0.10013661533594131,-0.16298918426036835,-0.21675604080115415,0.6801812648773193,-2.628986120223999,2.0437120307557763,1766201848.7361135
-0.09715338051319122,-0.16191866993904114,-0.23817344389070383,0.6801812648773193,-2.628986120223999,2.0437120307557763,1766201848.7461605
-0.09715338051319122,-0.16191866993904114,-0.23817344389070383,0.6804627180099487,-2.6290528774261475,2.043068861187259,1766201848.7461264
-0.09715338051319122,-0.16191866993904114,-0.23817344389070383,0.6803905963897705,-2.6291394233703613,2.0429293900447707,1766201848.7560866
-0.09387987852096558,-0.16048447787761688,-0.2620555697131527,0.6803905963897705,-2.6291394233703613,2.0429293900447707,1766201848.7561204
-0.09387987852096558,-0.16048447787761688,-0.2620555697131527,0.6804619431495667,-2.6290383338928223,2.0431761471396856,1766201848.7661216
-0.0905018150806427,-0.1590975970029831,-0.28579500534555285,0.6804619431495667,-2.6290383338928223,2.0431761471396856,1766201848.7661562
-0.0905018150806427,-0.1590975970029831,-0.28579500534555285,0.6804586052894592,-2.6289005279541016,2.043621441901282,1766201848.7760224
-0.08564989268779755,-0.15722908079624176,-0.31301587052989827,0.6804586052894592,-2.6289005279541016,2.043621441901282,1766201848.776056
-0.08564989268779755,-0.15722908079624176,-0.31301587052989827,0.6803415417671204,-2.629291534423828,2.042715915108074,1766201848.7760732
-0.08413596451282501,-0.1569277048110962,-0.3246795652576374,0.6803415417671204,-2.629291534423828,2.042715915108074,1766201848.7760835
-0.0801280215382576,-0.15516780316829681,-0.35358068970643175,0.6803415417671204,-2.629291534423828,2.042715915108074,1766201848.7861557
-0.0801280215382576,-0.15516780316829681,-0.35358068970643175,0.6803793907165527,-2.6291956901550293,2.0427270329402187,1766201848.7861211
-0.075648732483387,-0.15353816747665405,-0.37583962228353257,0.6803793907165527,-2.6291956901550293,2.0427270329402187,1766201848.7961483
-0.075648732483387,-0.15353816747665405,-0.37583962228353257,0.6801468133926392,-2.628999948501587,2.0436528929444284,1766201848.796115
-0.075648732483387,-0.15353816747665405,-0.37583962228353257,0.6801410913467407,-2.629061460494995,2.0436194430590673,1766201848.8060706
-0.07258791476488113,-0.1521306335926056,-0.40031322339684733,0.6801410913467407,-2.629061460494995,2.0436194430590673,1766201848.806104
-0.06817536056041718,-0.15054301917552948,-0.42154376937461724,0.6801410913467407,-2.629061460494995,2.0436194430590673,1766201848.8160923
-0.06817536056041718,-0.15054301917552948,-0.42154376937461724,0.6803796291351318,-2.629157543182373,2.042874755705716,1766201848.8160577
-0.06493553519248962,-0.14849542081356049,-0.4525508319016493,0.6803796291351318,-2.629157543182373,2.042874755705716,1766201848.8161168
-0.06493553519248962,-0.14849542081356049,-0.4525508319016493,0.6803716421127319,-2.629225730895996,2.042718709809082,1766201848.8161077
-0.06062775477766991,-0.14798913896083832,-0.46758069381038875,0.6803716421127319,-2.629225730895996,2.042718709809082,1766201848.8261688
-0.06062775477766991,-0.14798913896083832,-0.46758069381038875,0.6804158687591553,-2.628858804702759,2.0438049046361884,1766201848.8261356
-0.05693253502249718,-0.14667806029319763,-0.49129213986068526,0.6804158687591553,-2.628858804702759,2.0438049046361884,1766201848.8361368
-0.05693253502249718,-0.14667806029319763,-0.49129213986068526,0.6801584362983704,-2.6289947032928467,2.0436178257935174,1766201848.8361018
-0.05279923230409622,-0.1455317884683609,-0.509665499362728,0.6801584362983704,-2.6289947032928467,2.0436178257935174,1766201848.8461485
-0.05279923230409622,-0.1455317884683609,-0.509665499362728,0.6802070140838623,-2.6289453506469727,2.0437163073807207,1766201848.8461149
-0.04889508709311485,-0.1441698968410492,-0.5303788489564379,0.6802070140838623,-2.6289453506469727,2.0437163073807207,1766201848.8561237
-0.04889508709311485,-0.1441698968410492,-0.5303788489564379,0.6802349090576172,-2.628922700881958,2.0436022024435068,1766201848.85609
-0.04459929093718529,-0.14277978241443634,-0.5533090154070527,0.6802349090576172,-2.628922700881958,2.0436022024435068,1766201848.8561504
-0.04459929093718529,-0.14277978241443634,-0.5533090154070527,0.6803444623947144,-2.6292643547058105,2.0426467323855397,1766201848.85614
-0.04459929093718529,-0.14277978241443634,-0.5533090154070527,0.6803634166717529,-2.629289150238037,2.042560214741331,1766201848.8760533
-0.040541213005781174,-0.14155477285385132,-0.5784228512862937,0.6803634166717529,-2.629289150238037,2.042560214741331,1766201848.8760648
-0.040541213005781174,-0.14155477285385132,-0.5784228512862937,0.6803749203681946,-2.6292097568511963,2.043003298288399,1766201848.87607
-0.03662702441215515,-0.1403249055147171,-0.5962848730075555,0.6803749203681946,-2.6292097568511963,2.043003298288399,1766201848.8760731
-0.03662702441215515,-0.1403249055147171,-0.5962848730075555,0.6804465055465698,-2.6289079189300537,2.043563387578606,1766201848.8860915
-0.03276300057768822,-0.13880868256092072,-0.6204858689150553,0.6804465055465698,-2.6289079189300537,2.043563387578606,1766201848.8861268
-0.028187882155179977,-0.137358158826828,-0.6547463440853458,0.6804465055465698,-2.6289079189300537,2.043563387578606,1766201848.8960917
-0.028187882155179977,-0.137358158826828,-0.6547463440853458,0.6804140210151672,-2.6291277408599854,2.0429068789783114,1766201848.8960593
-0.024339068681001663,-0.13588522374629974,-0.6834987190895124,0.6804140210151672,-2.6291277408599854,2.0429068789783114,1766201848.9060917
-0.024339068681001663,-0.13588522374629974,-0.6834987190895124,0.6804255247116089,-2.6289963722229004,2.0431017550060258,1766201848.9060805
-0.024339068681001663,-0.13588522374629974,-0.6834987190895124,0.6803148984909058,-2.6293134689331055,2.0425366577030806,1766201848.9160504
-0.020533468574285507,-0.13476316630840302,-0.707092534262275,0.6803148984909058,-2.6293134689331055,2.0425366577030806,1766201848.9160867
-0.020533468574285507,-0.13476316630840302,-0.707092534262275,0.6803803443908691,-2.629030466079712,2.0432884062233208,1766201848.9161024
-0.01685350574553013,-0.13402628898620605,-0.733719259561482,0.6803803443908691,-2.629030466079712,2.0432884062233208,1766201848.9161115
-0.012953018769621849,-0.1329396665096283,-0.760777806305757,0.6803803443908691,-2.629030466079712,2.0432884062233208,1766201848.9261339
-0.012953018769621849,-0.1329396665096283,-0.760777806305757,0.6798732876777649,-2.6299657821655273,2.040650741721397,1766201848.9261012
-0.012953018769621849,-0.1329396665096283,-0.760777806305757,0.6801435351371765,-2.6289305686950684,2.0437428202359937,1766201848.9361014
-0.009100517258048058,-0.1321631669998169,-0.7920354515090878,0.6801435351371765,-2.6289305686950684,2.0437428202359937,1766201848.9361362
-0.009100517258048058,-0.1321631669998169,-0.7920354515090878,0.6803646087646484,-2.629271984100342,2.042674947916175,1766201848.9460943
-0.005714486353099346,-0.13156190514564514,-0.8189379645676085,0.6803646087646484,-2.629271984100342,2.042674947916175,1766201848.9461272
-0.005714486353099346,-0.13156190514564514,-0.8189379645676085,0.6801513433456421,-2.6289737224578857,2.043734069987548,1766201848.9561083
-0.001963634043931961,-0.13074617087841034,-0.8466781546738759,0.6801513433456421,-2.6289737224578857,2.043734069987548,1766201848.9561424
-0.001963634043931961,-0.13074617087841034,-0.8466781546738759,0.6802303791046143,-2.628835678100586,2.0437904370817095,1766201848.9660559
0.0019264072179794312,-0.12977398931980133,-0.8801453691070769,0.6802303791046143,-2.628835678100586,2.0437904370817095,1766201848.9660912
0.0019264072179794312,-0.12977398931980133,-0.8801453691070769,0.6802577972412109,-2.62894344329834,2.043583373010326,1766201848.9760792
0.005169051233679056,-0.12939952313899994,-0.907704268530327,0.6802577972412109,-2.62894344329834,2.043583373010326,1766201848.9761124
0.005169051233679056,-0.12939952313899994,-0.907704268530327,0.6804317235946655,-2.6290793418884277,2.04299763753852,1766201848.9761276
0.00872519426047802,-0.12851113080978394,-0.938074663083026,0.6804317235946655,-2.6290793418884277,2.04299763753852,1766201848.9761384
0.00872519426047802,-0.12851113080978394,-0.938074663083026,0.6804143786430359,-2.6291043758392334,2.0428240195186866,1766201848.9861276
0.011932927183806896,-0.12791676819324493,-0.964379220792776,0.6804143786430359,-2.6291043758392334,2.0428240195186866,1766201848.9861622
0.015193454921245575,-0.1272556632757187,-0.989509458182518,0.6804143786430359,-2.6291043758392334,2.0428240195186866,1766201848.996116
0.015193454921245575,-0.1272556632757187,-0.989509458182518,0.680392861366272,-2.629246711730957,2.0426642054656887,1766201848.9960833
0.015193454921245575,-0.1272556632757187,-0.989509458182518,0.6804091930389404,-2.6290528774261475,2.0430561533683096,1766201849.006132
0.01859396882355213,-0.12669025361537933,-1.0169081807823896,0.6804091930389404,-2.6290528774261475,2.0430561533683096,1766201849.0061648
0.01859396882355213,-0.12669025361537933,-1.0169081807823896,0.6804161071777344,-2.629063129425049,2.0430993788738743,1766201849.0160768
0.021849030628800392,-0.126203253865242,-1.047207503382702,0.6804161071777344,-2.629063129425049,2.0430993788738743,1766201849.0161116
0.021849030628800392,-0.126203253865242,-1.047207503382702,0.6802570819854736,-2.6285946369171143,2.0451893267299766,1766201849.0161278
0.024533305317163467,-0.12611636519432068,-1.0807001383575003,0.6802570819854736,-2.6285946369171143,2.0451893267299766,1766201849.016137
0.027483100071549416,-0.12587758898735046,-1.1083391064416959,0.6802570819854736,-2.6285946369171143,2.0451893267299766,1766201849.0261507
0.027483100071549416,-0.12587758898735046,-1.1083391064416959,0.6802080869674683,-2.6288869380950928,2.043613828717768,1766201849.0261214
0.027483100071549416,-0.12587758898735046,-1.1083391064416959,0.6803048849105835,-2.6292943954467773,2.0425484443331032,1766201849.036101
0.03160831704735756,-0.12501193583011627,-1.1398132718013536,0.6803048849105835,-2.6292943954467773,2.0425484443331032,1766201849.0361357
0.03160831704735756,-0.12501193583011627,-1.1398132718013536,0.6803582310676575,-2.6291441917419434,2.0429351982421085,1766201849.046128
0.03339129686355591,-0.12457151710987091,-1.1569720735350366,0.6803582310676575,-2.6291441917419434,2.0429351982421085,1766201849.0461624
0.03339129686355591,-0.12457151710987091,-1.1569720735350366,0.6803070902824402,-2.629411220550537,2.0424072335560663,1766201849.0560627
0.03575253486633301,-0.12400684505701065,-1.1800156629771177,0.6803070902824402,-2.629411220550537,2.0424072335560663,1766201849.0560956
0.03575253486633301,-0.12400684505701065,-1.1800156629771177,0.6803795695304871,-2.6291556358337402,2.0425579817643107,1766201849.0660422
0.038211021572351456,-0.12354359030723572,-1.2014307173667067,0.6803795695304871,-2.6291556358337402,2.0425579817643107,1766201849.0660758
0.038211021572351456,-0.12354359030723572,-1.2014307173667067,0.6802111864089966,-2.62893009185791,2.043674769582133,1766201849.066092
0.04212503880262375,-0.1242203339934349,-1.230288382743723,0.6802111864089966,-2.62893009185791,2.043674769582133,1766201849.066101
0.0453871414065361,-0.12248172610998154,-1.2658103835847223,0.6802111864089966,-2.62893009185791,2.043674769582133,1766201849.0761547
0.0453871414065361,-0.12248172610998154,-1.2658103835847223,0.6804638504981995,-2.62907075881958,2.042990966017548,1766201849.0761206
0.0453871414065361,-0.12248172610998154,-1.2658103835847223,0.680217444896698,-2.628945827484131,2.043376227242715,1766201849.0861218
0.0453871414065361,-0.12248172610998154,-1.2658103835847223,0.6804518699645996,-2.6289384365081787,2.04329549931497,1766201849.0961108
0.04840432107448578,-0.11910948157310486,-1.2721725227023812,0.6804518699645996,-2.6289384365081787,2.04329549931497,1766201849.0961468
0.04840432107448578,-0.11910948157310486,-1.2721725227023812,0.680245041847229,-2.6290299892425537,2.043272514372844,1766201849.1061435
0.04840432107448578,-0.11910948157310486,-1.2721725227023812,0.6804273724555969,-2.6291120052337646,2.042949455851751,1766201849.116102
0.05310996621847153,-0.11971857398748398,-1.3255906238753767,0.6804273724555969,-2.6291120052337646,2.042949455851751,1766201849.1161358
0.05310996621847153,-0.11971857398748398,-1.3255906238753767,0.6803825497627258,-2.629256248474121,2.042681405616845,1766201849.116152
0.05310996621847153,-0.11971857398748398,-1.3255906238753767,0.68018639087677,-2.629046678543091,2.0434611511013316,1766201849.126106
0.05934703350067139,-0.12168586999177933,-1.3493664240632093,0.68018639087677,-2.629046678543091,2.0434611511013316,1766201849.1261396
0.05934703350067139,-0.12168586999177933,-1.3493664240632093,0.680321455001831,-2.629333972930908,2.0428326518367808,1766201849.1360812
0.05934703350067139,-0.12168586999177933,-1.3493664240632093,0.6801873445510864,-2.6289963722229004,2.0434723026928303,1766201849.1461165
0.06484988331794739,-0.12114710360765457,-1.3978937766133408,0.6801873445510864,-2.6289963722229004,2.0434723026928303,1766201849.14615
0.06484988331794739,-0.12114710360765457,-1.3978937766133408,0.6801449060440063,-2.6290032863616943,2.043679409909123,1766201849.156114
0.06491529941558838,-0.122149758040905,-1.3951083051879993,0.6801449060440063,-2.6290032863616943,2.043679409909123,1766201849.15615
0.06491529941558838,-0.122149758040905,-1.3951083051879993,0.680097222328186,-2.6290977001190186,2.04352993215837,1766201849.1561654
0.06765370070934296,-0.12205061316490173,-1.4178952332248553,0.680097222328186,-2.6290977001190186,2.04352993215837,1766201849.1561759
0.06765370070934296,-0.12205061316490173,-1.4178952332248553,0.6801307797431946,-2.629061222076416,2.0437226046127,1766201849.1661143
0.06932506710290909,-0.12235303223133087,-1.4291855395468809,0.6801307797431946,-2.629061222076416,2.0437226046127,1766201849.1661263
0.06932506710290909,-0.12235303223133087,-1.4291855395468809,0.6802194714546204,-2.628821849822998,2.0440830242026613,1766201849.1761036
0.07132493704557419,-0.12245161086320877,-1.4483618645442025,0.6802194714546204,-2.628821849822998,2.0440830242026613,1766201849.1761398
0.07132493704557419,-0.12245161086320877,-1.4483618645442025,0.6802006959915161,-2.628833532333374,2.0439365071041586,1766201849.1860974
0.07168355584144592,-0.12314110994338989,-1.4447300103962752,0.6802006959915161,-2.628833532333374,2.0439365071041586,1766201849.1861312
0.07168355584144592,-0.12314110994338989,-1.4447300103962752,0.6803611516952515,-2.6292788982391357,2.042699329433653,1766201849.1961162
0.07308173924684525,-0.12361801415681839,-1.4561456897379639,0.6803611516952515,-2.6292788982391357,2.042699329433653,1766201849.1961532
0.07417474687099457,-0.12402373552322388,-1.4677193707972427,0.6803611516952515,-2.6292788982391357,2.042699329433653,1766201849.2061448
0.07417474687099457,-0.12402373552322388,-1.4677193707972427,0.6803494691848755,-2.6292672157287598,2.042721361742409,1766201849.2061052
0.07417474687099457,-0.12402373552322388,-1.4677193707972427,0.680433988571167,-2.6291348934173584,2.0430202917374825,1766201849.2160234
0.07491666823625565,-0.12456578016281128,-1.4802580251663158,0.680433988571167,-2.6291348934173584,2.0430202917374825,1766201849.216058
0.07491666823625565,-0.12456578016281128,-1.4802580251663158,0.6804044246673584,-2.6292946338653564,2.042590170572947,1766201849.2160738
0.07677929848432541,-0.1250699758529663,-1.4771404310042524,0.6804044246673584,-2.6292946338653564,2.042590170572947,1766201849.216083
0.07727521657943726,-0.1258808821439743,-1.499084252132447,0.6804044246673584,-2.6292946338653564,2.042590170572947,1766201849.2261267
0.07727521657943726,-0.1258808821439743,-1.499084252132447,0.6804246306419373,-2.6291372776031494,2.0429157809553127,1766201849.2260914
0.0787726566195488,-0.12626107037067413,-1.5153768684660445,0.6804246306419373,-2.6291372776031494,2.0429157809553127,1766201849.2360168
0.0787726566195488,-0.12626107037067413,-1.5153768684660445,0.6803811192512512,-2.629272699356079,2.0425770287089944,1766201849.2360072
0.0787726566195488,-0.12626107037067413,-1.5153768684660445,0.680321455001831,-2.6293447017669678,2.0426365575291756,1766201849.2460723
0.07875577360391617,-0.1273382008075714,-1.5135708065742155,0.680321455001831,-2.6293447017669678,2.0426365575291756,1766201849.2461054
0.08092574030160904,-0.12758469581604004,-1.5168457809148306,0.680321455001831,-2.6293447017669678,2.0426365575291756,1766201849.2561011
0.08092574030160904,-0.12758469581604004,-1.5168457809148306,0.6803611516952515,-2.629249334335327,2.042656064499088,1766201849.2560694
0.0815727710723877,-0.12840205430984497,-1.5231156111784527,0.6803611516952515,-2.629249334335327,2.042656064499088,1766201849.2661426
0.0815727710723877,-0.12840205430984497,-1.5231156111784527,0.6804000735282898,-2.629059314727783,2.0430840858547343,1766201849.2661088
0.08153627812862396,-0.12938402593135834,-1.5411366766281889,0.6804000735282898,-2.629059314727783,2.0430840858547343,1766201849.266167
0.08153627812862396,-0.12938402593135834,-1.5411366766281889,0.6803303956985474,-2.629207134246826,2.0426646325939206,1766201849.266158
0.08313923329114914,-0.1300431191921234,-1.5453636985875536,0.6803303956985474,-2.629207134246826,2.0426646325939206,1766201849.2861485
0.08313923329114914,-0.1300431191921234,-1.5453636985875536,0.6803196668624878,-2.629246234893799,2.04270754043612,1766201849.286116
0.08322650194168091,-0.1310303509235382,-1.5466036079113008,0.6803196668624878,-2.629246234893799,2.04270754043612,1766201849.2861743
0.08322650194168091,-0.1310303509235382,-1.5466036079113008,0.6804097294807434,-2.6290245056152344,2.043233543898764,1766201849.2861652
0.08354785293340683,-0.1318095177412033,-1.5463746588346743,0.6804097294807434,-2.6290245056152344,2.043233543898764,1766201849.2961156
0.08354785293340683,-0.1318095177412033,-1.5463746588346743,0.6803925037384033,-2.62914776802063,2.0427500793938034,1766201849.2960818
0.08354785293340683,-0.1318095177412033,-1.5463746588346743,0.6803930401802063,-2.629265785217285,2.042651566218893,1766201849.306149
0.08365105837583542,-0.13260988891124725,-1.5595250589667229,0.6803930401802063,-2.629265785217285,2.042651566218893,1766201849.3061843
0.08365105837583542,-0.13260988891124725,-1.5595250589667229,0.6802948713302612,-2.628706932067871,2.044827558177245,1766201849.3160667
0.08407099545001984,-0.13335953652858734,-1.5662296507276352,0.6802948713302612,-2.628706932067871,2.044827558177245,1766201849.3161001
0.08407099545001984,-0.13335953652858734,-1.5662296507276352,0.6804065108299255,-2.629206657409668,2.042944443058197,1766201849.316116
0.08481474220752716,-0.13396859169006348,-1.5658803254944613,0.6804065108299255,-2.629206657409668,2.042944443058197,1766201849.3161256
0.08481474220752716,-0.13396859169006348,-1.5658803254944613,0.6803672909736633,-2.6292853355407715,2.0425870224718032,1766201849.3261194
0.08521798998117447,-0.13471370935440063,-1.5719044512001983,0.6803672909736633,-2.6292853355407715,2.0425870224718032,1766201849.3261538
0.08521798998117447,-0.13471370935440063,-1.5719044512001983,0.6804212927818298,-2.6291189193725586,2.042912503575496,1766201849.3360264
0.08560813963413239,-0.13545365631580353,-1.5782093463056042,0.6804212927818298,-2.6291189193725586,2.042912503575496,1766201849.33606
0.08560813963413239,-0.13545365631580353,-1.5782093463056042,0.6802999377250671,-2.628861427307129,2.0437539092987147,1766201849.3461022
0.08596312999725342,-0.1360834687948227,-1.5838674658704475,0.6802999377250671,-2.628861427307129,2.0437539092987147,1766201849.346136
0.08596312999725342,-0.1360834687948227,-1.5838674658704475,0.6804507970809937,-2.6290245056152344,2.043194629078999,1766201849.3561132
0.08619438856840134,-0.1367298811674118,-1.5880670019844223,0.6804507970809937,-2.6290245056152344,2.043194629078999,1766201849.3561482
0.08619438856840134,-0.1367298811674118,-1.5880670019844223,0.6803706884384155,-2.6292648315429688,2.042666678779189,1766201849.3661158
0.08647038787603378,-0.1373659074306488,-1.5938494364184437,0.6803706884384155,-2.6292648315429688,2.042666678779189,1766201849.3661501
0.08647038787603378,-0.1373659074306488,-1.5938494364184437,0.6803741455078125,-2.629256010055542,2.0426789370754665,1766201849.3661654
0.08676689118146896,-0.1379428505897522,-1.5981728096384087,0.6803741455078125,-2.629256010055542,2.0426789370754665,1766201849.3661742
0.08676689118146896,-0.1379428505897522,-1.5981728096384087,0.6801550388336182,-2.6288604736328125,2.044541229935004,1766201849.3860998
0.08556616306304932,-0.1382572501897812,-1.5960252871470502,0.6801550388336182,-2.6288604736328125,2.044541229935004,1766201849.3861334
0.08556616306304932,-0.1382572501897812,-1.5960252871470502,0.6801927089691162,-2.6287789344787598,2.0446444030342277,1766201849.386149
0.08769305050373077,-0.13914822041988373,-1.6075254165492876,0.6801927089691162,-2.6287789344787598,2.0446444030342277,1766201849.386158
0.0882066935300827,-0.13965176045894623,-1.6118954206886271,0.6801927089691162,-2.6287789344787598,2.0446444030342277,1766201849.396062
0.0882066935300827,-0.13965176045894623,-1.6118954206886271,0.6803480982780457,-2.6292757987976074,2.042706970789003,1766201849.396053
0.08849197626113892,-0.14016760885715485,-1.622894195582303,0.6803480982780457,-2.6292757987976074,2.042706970789003,1766201849.406127
0.08849197626113892,-0.14016760885715485,-1.622894195582303,0.6802433729171753,-2.628664970397949,2.045019339350227,1766201849.40609
0.08911749720573425,-0.140761137008667,-1.624181552223247,0.6802433729171753,-2.628664970397949,2.045019339350227,1766201849.4062028
0.08911749720573425,-0.140761137008667,-1.624181552223247,0.6801515221595764,-2.628995180130005,2.0439024306404447,1766201849.4061441
0.08911749720573425,-0.140761137008667,-1.624181552223247,0.6801702380180359,-2.6289656162261963,2.043767382672926,1766201849.416027
0.08960871398448944,-0.1411920189857483,-1.6283038979077855,0.6801702380180359,-2.6289656162261963,2.043767382672926,1766201849.4160354
0.09026645869016647,-0.14169836044311523,-1.6318323459375104,0.6801702380180359,-2.6289656162261963,2.043767382672926,1766201849.4260538
0.09026645869016647,-0.14169836044311523,-1.6318323459375104,0.6801485419273376,-2.6290252208709717,2.0437289078763827,1766201849.4260435
0.09087374806404114,-0.14214172959327698,-1.6360262668367613,0.6801485419273376,-2.6290252208709717,2.0437289078763827,1766201849.4361577
0.09087374806404114,-0.14214172959327698,-1.6360262668367613,0.6804497241973877,-2.6291093826293945,2.0428494764273797,1766201849.436124
0.09087374806404114,-0.14214172959327698,-1.6360262668367613,0.6803808212280273,-2.629194974899292,2.0428199790897823,1766201849.4460597
0.09153661131858826,-0.142545685172081,-1.6400949182810662,0.6803808212280273,-2.629194974899292,2.0428199790897823,1766201849.4460928
0.09153661131858826,-0.142545685172081,-1.6400949182810662,0.6804081201553345,-2.629225254058838,2.0427813363981437,1766201849.4560654
0.09203244000673294,-0.14290271699428558,-1.6436711302724365,0.6804081201553345,-2.629225254058838,2.0427813363981437,1766201849.4561005
0.09203244000673294,-0.14290271699428558,-1.6436711302724365,0.6803742051124573,-2.6292386054992676,2.0425626262222125,1766201849.4561179
0.09268038719892502,-0.14331120252609253,-1.6468937331581517,0.6803742051124573,-2.6292386054992676,2.0425626262222125,1766201849.4561768
0.09364759922027588,-0.14386849105358124,-1.6526548571818673,0.6803742051124573,-2.6292386054992676,2.0425626262222125,1766201849.4660356
0.09364759922027588,-0.14386849105358124,-1.6526548571818673,0.6804064512252808,-2.6291701793670654,2.0428318109820363,1766201849.4660056
0.09364759922027588,-0.14386849105358124,-1.6526548571818673,0.6803765296936035,-2.629101514816284,2.042933267548176,1766201849.4760513
0.09437032043933868,-0.14392884075641632,-1.658583328839691,0.6803765296936035,-2.629101514816284,2.042933267548176,1766201849.476063
0.09437032043933868,-0.14392884075641632,-1.658583328839691,0.6803621053695679,-2.629216194152832,2.04271220865507,1766201849.4861155
0.09474775195121765,-0.14470495283603668,-1.6579884765241817,0.6803621053695679,-2.629216194152832,2.04271220865507,1766201849.486148
0.09474775195121765,-0.14470495283603668,-1.6579884765241817,0.6803990602493286,-2.6292150020599365,2.0427820705575073,1766201849.4961028
0.09505638480186462,-0.14498759806156158,-1.6650575766878883,0.6803990602493286,-2.6292150020599365,2.0427820705575073,1766201849.4961367
0.09505638480186462,-0.14498759806156158,-1.6650575766878883,0.6799571514129639,-2.62985897064209,2.0410707496126284,1766201849.5061352
0.09560726583003998,-0.14549480378627777,-1.6676788883647773,0.6799571514129639,-2.62985897064209,2.0410707496126284,1766201849.506169
0.09560726583003998,-0.14549480378627777,-1.6676788883647773,0.6801203489303589,-2.629035711288452,2.0436259079266077,1766201849.516076
0.09648729860782623,-0.14612895250320435,-1.6659748815399353,0.6801203489303589,-2.629035711288452,2.0436259079266077,1766201849.5161085
0.09648729860782623,-0.14612895250320435,-1.6659748815399353,0.6804197430610657,-2.6291582584381104,2.042894724851877,1766201849.5161242
0.09725379943847656,-0.146567702293396,-1.6636334158184118,0.6804197430610657,-2.6291582584381104,2.042894724851877,1766201849.5161333
0.09834931790828705,-0.14717082679271698,-1.672294041383659,0.6804197430610657,-2.6291582584381104,2.042894724851877,1766201849.5261443
0.09834931790828705,-0.14717082679271698,-1.672294041383659,0.6801273822784424,-2.6290640830993652,2.0436191293403647,1766201849.5261092
0.09825517982244492,-0.1478804498910904,-1.671532202281546,0.6801273822784424,-2.6290640830993652,2.0436191293403647,1766201849.5361545
0.09825517982244492,-0.1478804498910904,-1.671532202281546,0.6801385283470154,-2.6290292739868164,2.0437256648601516,1766201849.5361214
0.09914205968379974,-0.1484200358390808,-1.6697584490214352,0.6801385283470154,-2.6290292739868164,2.0437256648601516,1766201849.5461974
0.09914205968379974,-0.1484200358390808,-1.6697584490214352,0.6803441047668457,-2.6292450428009033,2.042773283295689,1766201849.5461643
0.09909133613109589,-0.14922009408473969,-1.684845030034022,0.6803441047668457,-2.6292450428009033,2.042773283295689,1766201849.5561476
0.09909133613109589,-0.14922009408473969,-1.684845030034022,0.6802643537521362,-2.62870454788208,2.0448933674038656,1766201849.5561123
0.09979745745658875,-0.14991973340511322,-1.6877109886709567,0.6802643537521362,-2.62870454788208,2.0448933674038656,1766201849.5561728
0.09979745745658875,-0.14991973340511322,-1.6877109886709567,0.6803895831108093,-2.6292386054992676,2.042710187054674,1766201849.556163
0.10071399807929993,-0.15066155791282654,-1.6818649200350504,0.6803895831108093,-2.6292386054992676,2.042710187054674,1766201849.566089
0.10071399807929993,-0.15066155791282654,-1.6818649200350504,0.6804746389389038,-2.628901481628418,2.043652298772332,1766201849.5660565
0.10091303288936615,-0.15147177875041962,-1.6884821503891652,0.6804746389389038,-2.628901481628418,2.043652298772332,1766201849.5761614
0.10145474970340729,-0.1520560383796692,-1.6906400425748263,0.6804746389389038,-2.628901481628418,2.043652298772332,1766201849.5863833
0.10145474970340729,-0.1520560383796692,-1.6906400425748263,0.6804081201553345,-2.6290957927703857,2.0430065761203005,1766201849.576127
0.10145474970340729,-0.1520560383796692,-1.6906400425748263,0.6804116368293762,-2.629098653793335,2.042914591516275,1766201849.5863607
0.10145474970340729,-0.1520560383796692,-1.6906400425748263,0.6803929209709167,-2.6291122436523438,2.0429908609923384,1766201849.5959659
0.10202811658382416,-0.15259230136871338,-1.6868491779732362,0.6803929209709167,-2.6291122436523438,2.0429908609923384,1766201849.5959837
0.1023603230714798,-0.15320056676864624,-1.692229839911465,0.6803929209709167,-2.6291122436523438,2.0429908609923384,1766201849.6061692
0.1023603230714798,-0.15320056676864624,-1.692229839911465,0.6804149150848389,-2.6288607120513916,2.0437552698400543,1766201849.6061294
0.1025843471288681,-0.1538093537092209,-1.6923457058994549,0.6804149150848389,-2.6288607120513916,2.0437552698400543,1766201849.606194
0.1025843471288681,-0.1538093537092209,-1.6923457058994549,0.6804197430610657,-2.628919839859009,2.0435192712779835,1766201849.6061852
0.1025843471288681,-0.1538093537092209,-1.6923457058994549,0.6801835298538208,-2.6289494037628174,2.0437003000999603,1766201849.616031
0.10374708473682404,-0.154108926653862,-1.6799401721019944,0.6801835298538208,-2.6289494037628174,2.0437003000999603,1766201849.6160417
0.1037377268075943,-0.15485922992229462,-1.6941870449058212,0.6801835298538208,-2.6289494037628174,2.0437003000999603,1766201849.6260154
0.1037377268075943,-0.15485922992229462,-1.6941870449058212,0.6802958846092224,-2.629281759262085,2.0426146054802174,1766201849.6259918
0.10413374751806259,-0.15531764924526215,-1.6959319235874992,0.6802958846092224,-2.629281759262085,2.0426146054802174,1766201849.635992
0.10413374751806259,-0.15531764924526215,-1.6959319235874992,0.6800841093063354,-2.6291351318359375,2.0435056282463173,1766201849.6359725
0.10413374751806259,-0.15531764924526215,-1.6959319235874992,0.6799543499946594,-2.629883050918579,2.040899436276025,1766201849.6460714
0.10459217429161072,-0.15575535595417023,-1.697061491678387,0.6799543499946594,-2.629883050918579,2.040899436276025,1766201849.6460888
0.10459217429161072,-0.15575535595417023,-1.697061491678387,0.6804124712944031,-2.6290836334228516,2.043048310046973,1766201849.6560519
0.10506262630224228,-0.15615276992321014,-1.6979441987777548,0.6804124712944031,-2.6290836334228516,2.043048310046973,1766201849.6560693
0.10506262630224228,-0.15615276992321014,-1.6979441987777548,0.6804655194282532,-2.6288158893585205,2.043813864426838,1766201849.6661139
0.10506262630224228,-0.15615276992321014,-1.6979441987777548,0.6803969144821167,-2.629293918609619,2.0426803869811234,1766201849.66613
0.10500946640968323,-0.15663613379001617,-1.693123048950742,0.6803969144821167,-2.629293918609619,2.0426803869811234,1766201849.6661253
0.10567250847816467,-0.15682649612426758,-1.6959364166576654,0.6803969144821167,-2.629293918609619,2.0426803869811234,1766201849.6661327
0.10567250847816467,-0.15682649612426758,-1.6959364166576654,0.6802086234092712,-2.6289987564086914,2.0435291708943035,1766201849.675997
0.10623462498188019,-0.157113716006279,-1.696382558265676,0.6802086234092712,-2.6289987564086914,2.0435291708943035,1766201849.6760175
0.10623462498188019,-0.157113716006279,-1.696382558265676,0.6803663372993469,-2.6292712688446045,2.04260551077865,1766201849.6960523
0.10674840211868286,-0.1573919802904129,-1.6977265392401013,0.6803663372993469,-2.6292712688446045,2.04260551077865,1766201849.6960692
0.10674840211868286,-0.1573919802904129,-1.6977265392401013,0.6803653836250305,-2.629251480102539,2.0428500667497036,1766201849.6960757
0.10717643797397614,-0.15762457251548767,-1.6983672254944342,0.6803653836250305,-2.629251480102539,2.0428500667497036,1766201849.6960797
0.10717643797397614,-0.15762457251548767,-1.6983672254944342,0.680539071559906,-2.6288323402404785,2.0437802370156106,1766201849.7060838
0.10804595053195953,-0.15790188312530518,-1.7027716768949466,0.680539071559906,-2.6288323402404785,2.0437802370156106,1766201849.7060957
0.10841289162635803,-0.15789994597434998,-1.6964155599933282,0.680539071559906,-2.6288323402404785,2.0437802370156106,1766201849.7161052
0.10841289162635803,-0.15789994597434998,-1.6964155599933282,0.6804323196411133,-2.6289703845977783,2.043253315661359,1766201849.7160656
0.10848723351955414,-0.15840768814086914,-1.6900318479897143,0.6804323196411133,-2.6289703845977783,2.043253315661359,1766201849.7161305
0.10848723351955414,-0.15840768814086914,-1.6900318479897143,0.680203914642334,-2.628941059112549,2.0436756739846937,1766201849.716121
0.10848723351955414,-0.15840768814086914,-1.6900318479897143,0.6803958415985107,-2.6293060779571533,2.0427451871644777,1766201849.7261028
0.10889774560928345,-0.15853863954544067,-1.6915007977871261,0.6803958415985107,-2.6293060779571533,2.0427451871644777,1766201849.726133
0.11005161702632904,-0.15866735577583313,-1.698304730004113,0.6803958415985107,-2.6293060779571533,2.0427451871644777,1766201849.7359645
0.11005161702632904,-0.15866735577583313,-1.698304730004113,0.6803824305534363,-2.629093647003174,2.043203302363764,1766201849.735951
0.11005161702632904,-0.15866735577583313,-1.698304730004113,0.6803778409957886,-2.6292316913604736,2.0426636938062117,1766201849.746101
0.11081268638372421,-0.15871773660182953,-1.6946596751396985,0.6803778409957886,-2.6292316913604736,2.0426636938062117,1766201849.7461355
0.11126288771629333,-0.15885671973228455,-1.6961275610888942,0.6803778409957886,-2.6292316913604736,2.0426636938062117,1766201849.7561736
0.11126288771629333,-0.15885671973228455,-1.6961275610888942,0.6803539991378784,-2.6291439533233643,2.043056969644183,1766201849.7561336
0.11171509325504303,-0.15899758040905,-1.6966528204854716,0.6803539991378784,-2.6291439533233643,2.043056969644183,1766201849.7561994
0.11171509325504303,-0.15899758040905,-1.6966528204854716,0.6803584098815918,-2.629246473312378,2.042659191636804,1766201849.756189
0.11171509325504303,-0.15899758040905,-1.6966528204854716,0.6801327466964722,-2.6290111541748047,2.0435665667613594,1766201849.766041
0.11210878193378448,-0.15912938117980957,-1.697488040023637,0.6801327466964722,-2.6290111541748047,2.0435665667613594,1766201849.7660518
0.11238129436969757,-0.15915358066558838,-1.6973299314823411,0.6801327466964722,-2.6290111541748047,2.0435665667613594,1766201849.7761424
0.11238129436969757,-0.15915358066558838,-1.6973299314823411,0.6801540851593018,-2.6290035247802734,2.043570740311279,1766201849.7761075
0.11242027580738068,-0.1594308614730835,-1.693556000238343,0.6801540851593018,-2.6290035247802734,2.043570740311279,1766201849.7861187
0.11242027580738068,-0.1594308614730835,-1.693556000238343,0.6804056167602539,-2.6290907859802246,2.0428508357504556,1766201849.7860837
0.1132839098572731,-0.15956495702266693,-1.7000069812948604,0.6804056167602539,-2.6290907859802246,2.0428508357504556,1766201849.7961428
0.1132839098572731,-0.15956495702266693,-1.7000069812948604,0.6804012060165405,-2.629234790802002,2.042815412351275,1766201849.7961078
0.1132839098572731,-0.15956495702266693,-1.7000069812948604,0.6804332733154297,-2.628993034362793,2.0433005383214806,1766201849.8060787
0.11219071596860886,-0.15995706617832184,-1.7042778658989797,0.6804332733154297,-2.628993034362793,2.0433005383214806,1766201849.8061132
0.11219071596860886,-0.15995706617832184,-1.7042778658989797,0.6804490685462952,-2.6290392875671387,2.04302529507449,1766201849.8161108
0.11393878608942032,-0.15977902710437775,-1.6993614042301315,0.6804490685462952,-2.6290392875671387,2.04302529507449,1766201849.816151
0.11393878608942032,-0.15977902710437775,-1.6993614042301315,0.680331289768219,-2.629343271255493,2.0425621715564692,1766201849.8161693
0.11356176435947418,-0.16014942526817322,-1.712198056830833,0.680331289768219,-2.629343271255493,2.0425621715564692,1766201849.8161783
0.11449820548295975,-0.1601378619670868,-1.699729369065919,0.680331289768219,-2.629343271255493,2.0425621715564692,1766201849.826132
0.11449820548295975,-0.1601378619670868,-1.699729369065919,0.6803523302078247,-2.6293108463287354,2.042478687586682,1766201849.8260965
0.11449820548295975,-0.1601378619670868,-1.699729369065919,0.6803762316703796,-2.6292920112609863,2.042486738683276,1766201849.8360593
0.11518510431051254,-0.1603105515241623,-1.7046821134190246,0.6803762316703796,-2.6292920112609863,2.042486738683276,1766201849.8360689
0.11518510431051254,-0.1603105515241623,-1.7046821134190246,0.680199384689331,-2.6286725997924805,2.04487716805583,1766201849.8460674
0.11494406312704086,-0.16056911647319794,-1.7000094848031464,0.680199384689331,-2.6286725997924805,2.04487716805583,1766201849.8460991
0.11515769362449646,-0.1608092039823532,-1.7003448537734958,0.680199384689331,-2.6286725997924805,2.04487716805583,1766201849.856132
0.11515769362449646,-0.1608092039823532,-1.7003448537734958,0.68030846118927,-2.6293296813964844,2.042556816211929,1766201849.8560977
0.11515769362449646,-0.1608092039823532,-1.7003448537734958,0.6800293922424316,-2.6289288997650146,2.044319600968248,1766201849.8660512
0.11555057018995285,-0.16090695559978485,-1.7016699679667227,0.6800293922424316,-2.6289288997650146,2.044319600968248,1766201849.8660843
0.11555057018995285,-0.16090695559978485,-1.7016699679667227,0.6803679466247559,-2.629070281982422,2.0429864066477963,1766201849.8661075
0.11597900092601776,-0.16129356622695923,-1.704724567464479,0.6803679466247559,-2.629070281982422,2.0429864066477963,1766201849.866122
0.11616604775190353,-0.16166891157627106,-1.7052940265238505,0.6803679466247559,-2.629070281982422,2.0429864066477963,1766201849.876148
0.11616604775190353,-0.16166891157627106,-1.7052940265238505,0.680125892162323,-2.628995656967163,2.0435653982181026,1766201849.8761137
0.11616604775190353,-0.16166891157627106,-1.7052940265238505,0.6801090240478516,-2.6290500164031982,2.0437065268173455,1766201849.8860967
0.1157337874174118,-0.1621103435754776,-1.6983741329562054,0.6801090240478516,-2.6290500164031982,2.0437065268173455,1766201849.886131
0.1157337874174118,-0.1621103435754776,-1.6983741329562054,0.6804152727127075,-2.6292245388031006,2.0428203396385802,1766201849.8961022
0.11653786152601242,-0.16216029226779938,-1.7068380190614418,0.6804152727127075,-2.6292245388031006,2.0428203396385802,1766201849.896136
0.11653786152601242,-0.16216029226779938,-1.7068380190614418,0.6803914308547974,-2.6291089057922363,2.042909998840942,1766201849.9061034
0.11624845862388611,-0.1626778095960617,-1.721135538800961,0.6803914308547974,-2.6291089057922363,2.042909998840942,1766201849.906138
0.11624845862388611,-0.1626778095960617,-1.721135538800961,0.6802229881286621,-2.628964900970459,2.0434437243104195,1766201849.9061544
0.11639907211065292,-0.16302746534347534,-1.7216705690708576,0.6802229881286621,-2.628964900970459,2.0434437243104195,1766201849.9061635
0.11656372994184494,-0.16337071359157562,-1.722960463072231,0.6802229881286621,-2.628964900970459,2.0434437243104195,1766201849.9161553
0.11656372994184494,-0.16337071359157562,-1.722960463072231,0.6803882122039795,-2.6291887760162354,2.042649009448132,1766201849.916122
0.1168273314833641,-0.16355907917022705,-1.7227713726443483,0.6803882122039795,-2.6291887760162354,2.042649009448132,1766201849.9261458
0.1168273314833641,-0.16355907917022705,-1.7227713726443483,0.6804388761520386,-2.628959894180298,2.043333605109421,1766201849.9261112
0.1168273314833641,-0.16355907917022705,-1.7227713726443483,0.6803512573242188,-2.629251480102539,2.0428316668416118,1766201849.9360952
0.11707976460456848,-0.16384398937225342,-1.7239225114679326,0.6803512573242188,-2.629251480102539,2.0428316668416118,1766201849.9361289
0.11738757789134979,-0.16416172683238983,-1.7244106386320988,0.6803512573242188,-2.629251480102539,2.0428316668416118,1766201849.9460034
0.11738757789134979,-0.16416172683238983,-1.7244106386320988,0.6803783178329468,-2.6292409896850586,2.042871761436765,1766201849.9459927
0.11766752600669861,-0.16448114812374115,-1.7244785283254702,0.6803783178329468,-2.6292409896850586,2.042871761436765,1766201849.956067
0.11766752600669861,-0.16448114812374115,-1.7244785283254702,0.6802226305007935,-2.6286444664001465,2.045052438142197,1766201849.956052
0.1179657131433487,-0.16475777328014374,-1.7250772292512078,0.6802226305007935,-2.6286444664001465,2.045052438142197,1766201849.966066
0.1179657131433487,-0.16475777328014374,-1.7250772292512078,0.68030846118927,-2.629276990890503,2.042697268121491,1766201849.9660316
0.11886875331401825,-0.1648632287979126,-1.7131918978685694,0.68030846118927,-2.629276990890503,2.042697268121491,1766201849.966198
0.11886875331401825,-0.1648632287979126,-1.7131918978685694,0.6800681948661804,-2.6291117668151855,2.0433658650910353,1766201849.9660826
0.11886875331401825,-0.1648632287979126,-1.7131918978685694,0.6800848245620728,-2.6290712356567383,2.0433671128327013,1766201849.9760797
0.11859848350286484,-0.16529133915901184,-1.706527196580866,0.6800848245620728,-2.6290712356567383,2.0433671128327013,1766201849.9761155
0.11790391057729721,-0.1658143401145935,-1.714369089984355,0.6800848245620728,-2.6290712356567383,2.0433671128327013,1766201849.9860208
0.11790391057729721,-0.1658143401145935,-1.714369089984355,0.6802976131439209,-2.629338026046753,2.042588381492611,1766201849.9860117
0.11886025965213776,-0.1659262478351593,-1.7204216164139448,0.6802976131439209,-2.629338026046753,2.042588381492611,1766201849.9960566
0.11886025965213776,-0.1659262478351593,-1.7204216164139448,0.6801083087921143,-2.6290574073791504,2.043510682863002,1766201849.996045
0.11886025965213776,-0.1659262478351593,-1.7204216164139448,0.6801465749740601,-2.6290223598480225,2.0435559796328304,1766201850.0060956
0.11997868120670319,-0.16590727865695953,-1.7075521121915158,0.6801465749740601,-2.6290223598480225,2.0435559796328304,1766201850.0061312
0.11997868120670319,-0.16590727865695953,-1.7075521121915158,0.6803867220878601,-2.629173755645752,2.042781239889836,1766201850.0061467
0.12099845707416534,-0.16592061519622803,-1.7159478004578845,0.6803867220878601,-2.629173755645752,2.042781239889836,1766201850.0061557
0.12099845707416534,-0.16592061519622803,-1.7159478004578845,0.6803579926490784,-2.629206418991089,2.0427674203445485,1766201850.0159755
0.12083127349615097,-0.16618852317333221,-1.709444645294163,0.6803579926490784,-2.629206418991089,2.0427674203445485,1766201850.015984
0.12192287296056747,-0.16615824401378632,-1.7179650385758731,0.6803579926490784,-2.629206418991089,2.0427674203445485,1766201850.0260382
0.12192287296056747,-0.16615824401378632,-1.7179650385758731,0.6803934574127197,-2.6284983158111572,2.045534683538811,1766201850.0260284
0.12192287296056747,-0.16615824401378632,-1.7179650385758731,0.6802482008934021,-2.6286613941192627,2.0448596132010284,1766201850.036042
0.12201330810785294,-0.16625741124153137,-1.715358971657653,0.6802482008934021,-2.6286613941192627,2.0448596132010284,1766201850.0360532
0.12252255529165268,-0.1663758009672165,-1.7162520802287593,0.6802482008934021,-2.6286613941192627,2.0448596132010284,1766201850.0460565
0.12252255529165268,-0.1663758009672165,-1.7162520802287593,0.6804007291793823,-2.629089593887329,2.043035093780394,1766201850.046042
0.12252255529165268,-0.1663758009672165,-1.7162520802287593,0.6803231239318848,-2.6292600631713867,2.042565388780597,1766201850.0561013
0.1234055683016777,-0.16645261645317078,-1.7215556386407305,0.6803231239318848,-2.6292600631713867,2.042565388780597,1766201850.056136
0.12393005192279816,-0.1665068119764328,-1.7228277436883204,0.6803231239318848,-2.6292600631713867,2.042565388780597,1766201850.0661306
0.12393005192279816,-0.1665068119764328,-1.7228277436883204,0.6801906824111938,-2.6287083625793457,2.044694781983301,1766201850.0660956
0.12443476915359497,-0.16662262380123138,-1.7223688506956714,0.6801906824111938,-2.6287083625793457,2.044694781983301,1766201850.0661552
0.12443476915359497,-0.16662262380123138,-1.7223688506956714,0.6803737282752991,-2.629181146621704,2.0427002101307457,1766201850.066146
0.12443476915359497,-0.16662262380123138,-1.7223688506956714,0.6803319454193115,-2.6292996406555176,2.042619926414135,1766201850.0760772
0.12495844066143036,-0.16677217185497284,-1.7244038233787116,0.6803319454193115,-2.6292996406555176,2.042619926414135,1766201850.0761118
0.12495844066143036,-0.16677217185497284,-1.7244038233787116,0.6803123950958252,-2.629269599914551,2.0428490601752722,1766201850.086089
0.12538528442382812,-0.16688251495361328,-1.7245383867354165,0.6803123950958252,-2.629269599914551,2.0428490601752722,1766201850.0861228
0.12538528442382812,-0.16688251495361328,-1.7245383867354165,0.6801484823226929,-2.6289851665496826,2.0435090902232087,1766201850.0960703
0.12579773366451263,-0.16701656579971313,-1.7248244125496395,0.6801484823226929,-2.6289851665496826,2.0435090902232087,1766201850.096104
0.12579773366451263,-0.16701656579971313,-1.7248244125496395,0.680158257484436,-2.6289865970611572,2.043647481795583,1766201850.106079
0.1261768341064453,-0.16712690889835358,-1.724822029080393,0.680158257484436,-2.6289865970611572,2.043647481795583,1766201850.1061134
0.1261768341064453,-0.16712690889835358,-1.724822029080393,0.6801670789718628,-2.628936767578125,2.04385707240153,1766201850.10613
0.12599247694015503,-0.16737325489521027,-1.7181156064066123,0.6801670789718628,-2.628936767578125,2.04385707240153,1766201850.1061394
0.12599247694015503,-0.16737325489521027,-1.7181156064066123,0.6802951097488403,-2.629269599914551,2.0427587829335336,1766201850.1160069
0.12694275379180908,-0.16740326583385468,-1.7254795837290848,0.6802951097488403,-2.629269599914551,2.0427587829335336,1766201850.116034
0.12694275379180908,-0.16740326583385468,-1.7254795837290848,0.6801539659500122,-2.629035711288452,2.0435539180655513,1766201850.1260285
0.12740826606750488,-0.16753917932510376,-1.7243456462893028,0.6801539659500122,-2.629035711288452,2.0435539180655513,1766201850.1260388
0.12740826606750488,-0.16753917932510376,-1.7243456462893028,0.6801751852035522,-2.628962755203247,2.043753155593764,1766201850.1360898
0.12769988179206848,-0.16777484118938446,-1.7231138226618794,0.6801751852035522,-2.628962755203247,2.043753155593764,1766201850.1361232
0.12769988179206848,-0.16777484118938446,-1.7231138226618794,0.680167555809021,-2.629063129425049,2.0436437236354066,1766201850.146093
0.12823277711868286,-0.1680697202682495,-1.7251925161499166,0.680167555809021,-2.629063129425049,2.0436437236354066,1766201850.146126
0.12823277711868286,-0.1680697202682495,-1.7251925161499166,0.6804611682891846,-2.628901958465576,2.0434943392978937,1766201850.1560867
0.128515362739563,-0.1681363582611084,-1.723134276452204,0.6804611682891846,-2.628901958465576,2.0434943392978937,1766201850.1561222
0.128515362739563,-0.1681363582611084,-1.723134276452204,0.6802961826324463,-2.6286978721618652,2.044733475234723,1766201850.1660912
0.12892085313796997,-0.16832105815410614,-1.7232380572145383,0.6802961826324463,-2.6286978721618652,2.044733475234723,1766201850.1661258
0.12892085313796997,-0.16832105815410614,-1.7232380572145383,0.6802991032600403,-2.6294102668762207,2.0423534652014514,1766201850.1761014
0.12875603139400482,-0.16869468986988068,-1.7389467422410498,0.6802991032600403,-2.6294102668762207,2.0423534652014514,1766201850.1761348
0.12875603139400482,-0.16869468986988068,-1.7389467422410498,0.6802419424057007,-2.6286752223968506,2.044879436971911,1766201850.1761506
0.1290559470653534,-0.16891391575336456,-1.7388667417697765,0.6802419424057007,-2.6286752223968506,2.044879436971911,1766201850.1761613
0.1299787163734436,-0.16896577179431915,-1.7252749584668536,0.6802419424057007,-2.6286752223968506,2.044879436971911,1766201850.1861064
0.1299787163734436,-0.16896577179431915,-1.7252749584668536,0.6802793145179749,-2.6293869018554688,2.0424679309245946,1766201850.1860728
0.12968747317790985,-0.1692776083946228,-1.717993037234603,0.6802793145179749,-2.6293869018554688,2.0424679309245946,1766201850.1961408
0.12968747317790985,-0.1692776083946228,-1.717993037234603,0.6803268790245056,-2.6293041706085205,2.04264118403404,1766201850.1961017
0.12968747317790985,-0.1692776083946228,-1.717993037234603,0.6803351640701294,-2.6292479038238525,2.0426989324257083,1766201850.2060928
0.12998586893081665,-0.16950681805610657,-1.7190591944259845,0.6803351640701294,-2.6292479038238525,2.0426989324257083,1766201850.2061276
0.12998586893081665,-0.16950681805610657,-1.7190591944259845,0.6800850629806519,-2.6290600299835205,2.0436537475398313,1766201850.2160387
0.13027867674827576,-0.16971154510974884,-1.7191220386687536,0.6800850629806519,-2.6290600299835205,2.0436537475398313,1766201850.2160735
0.13027867674827576,-0.16971154510974884,-1.7191220386687536,0.6801466345787048,-2.6289875507354736,2.0436340493859193,1766201850.2160904
0.13122114539146423,-0.16980643570423126,-1.7281046999122005,0.6801466345787048,-2.6289875507354736,2.0436340493859193,1766201850.2162232
0.13122114539146423,-0.16980643570423126,-1.7281046999122005,0.6802001595497131,-2.628887176513672,2.0437337420081536,1766201850.2260866
0.13156628608703613,-0.1699608713388443,-1.7287726740114397,0.6802001595497131,-2.628887176513672,2.0437337420081536,1766201850.2261224
0.13156628608703613,-0.1699608713388443,-1.7287726740114397,0.680323600769043,-2.6292853355407715,2.0426318519858797,1766201850.236098
0.1319350004196167,-0.1701374500989914,-1.7288571218110913,0.680323600769043,-2.6292853355407715,2.0426318519858797,1766201850.2361326
0.13230672478675842,-0.17024268209934235,-1.7295901990437998,0.680323600769043,-2.6292853355407715,2.0426318519858797,1766201850.246108
0.13230672478675842,-0.17024268209934235,-1.7295901990437998,0.6804630160331726,-2.628927230834961,2.043367802300514,1766201850.2460744
0.13262595236301422,-0.17039243876934052,-1.7292988727393366,0.6804630160331726,-2.628927230834961,2.043367802300514,1766201850.256159
0.13262595236301422,-0.17039243876934052,-1.7292988727393366,0.6803866624832153,-2.629173994064331,2.042857461637571,1766201850.2561235
0.1325872838497162,-0.1705119013786316,-1.7260848682221854,0.6803866624832153,-2.629173994064331,2.042857461637571,1766201850.2661138
0.1325872838497162,-0.1705119013786316,-1.7260848682221854,0.680335283279419,-2.629274845123291,2.042610823452051,1766201850.266079
0.13288885354995728,-0.17060326039791107,-1.7263361484723656,0.680335283279419,-2.629274845123291,2.042610823452051,1766201850.2661383
0.13288885354995728,-0.17060326039791107,-1.7263361484723656,0.6804357767105103,-2.6292591094970703,2.0427564237743776,1766201850.266129
0.13288885354995728,-0.17060326039791107,-1.7263361484723656,0.6803768873214722,-2.629242181777954,2.0427991753600097,1766201850.2760847
0.13317783176898956,-0.1706557422876358,-1.7264102313911265,0.6803768873214722,-2.629242181777954,2.0427991753600097,1766201850.27612
0.13317783176898956,-0.1706557422876358,-1.7264102313911265,0.6804330348968506,-2.628955602645874,2.0434397401793793,1766201850.2860892
0.13343167304992676,-0.17069637775421143,-1.7267846618008909,0.6804330348968506,-2.628955602645874,2.0434397401793793,1766201850.2861226
0.13372047245502472,-0.17072567343711853,-1.7274106839745527,0.6804330348968506,-2.628955602645874,2.0434397401793793,1766201850.296117
0.13372047245502472,-0.17072567343711853,-1.7274106839745527,0.6803409457206726,-2.6292037963867188,2.042694617415486,1766201850.2960753
0.13407087326049805,-0.17066751420497894,-1.7266960860252665,0.6803409457206726,-2.6292037963867188,2.042694617415486,1766201850.3061454
0.13407087326049805,-0.17066751420497894,-1.7266960860252665,0.6802141070365906,-2.628865957260132,2.043645445860932,1766201850.3061109
0.13476985692977905,-0.17061656713485718,-1.73147716885161,0.6802141070365906,-2.628865957260132,2.043645445860932,1766201850.306171
0.13476985692977905,-0.17061656713485718,-1.73147716885161,0.6802839040756226,-2.6292948722839355,2.0427643577460595,1766201850.3061619
0.13476985692977905,-0.17061656713485718,-1.73147716885161,0.680310070514679,-2.629277467727661,2.042807328445016,1766201850.3160195
0.13504575192928314,-0.1705554723739624,-1.732568371209388,0.680310070514679,-2.629277467727661,2.042807328445016,1766201850.316028
0.13475264608860016,-0.17056895792484283,-1.7260694226556323,0.680310070514679,-2.629277467727661,2.042807328445016,1766201850.3261416
0.13475264608860016,-0.17056895792484283,-1.7260694226556323,0.6802924871444702,-2.62929630279541,2.042721014616564,1766201850.3261063
0.13475264608860016,-0.17056895792484283,-1.7260694226556323,0.6802312731742859,-2.628622531890869,2.0451457934755393,1766201850.336123
0.1350204199552536,-0.17047430574893951,-1.727086443133389,0.6802312731742859,-2.628622531890869,2.0451457934755393,1766201850.3361564
0.13525201380252838,-0.17048507928848267,-1.7284481299935373,0.6802312731742859,-2.628622531890869,2.0451457934755393,1766201850.3461564
0.13525201380252838,-0.17048507928848267,-1.7284481299935373,0.6803063750267029,-2.6293129920959473,2.042716815583548,1766201850.346115
0.13525201380252838,-0.17048507928848267,-1.7284481299935373,0.6803812980651855,-2.6292057037353516,2.0427032484286105,1766201850.35608
0.13635024428367615,-0.170148566365242,-1.7383476867726373,0.6803812980651855,-2.6292057037353516,2.0427032484286105,1766201850.3561282
0.13635024428367615,-0.170148566365242,-1.7383476867726373,0.6801717877388,-2.6290388107299805,2.0434051848519466,1766201850.366121
0.1356997787952423,-0.1700773388147354,-1.7308670741473153,0.6801717877388,-2.6290388107299805,2.0434051848519466,1766201850.3661656
0.1356997787952423,-0.1700773388147354,-1.7308670741473153,0.6804002523422241,-2.6292574405670166,2.0427250277930664,1766201850.3661897
0.13667556643486023,-0.17007438838481903,-1.740689498215224,0.6804002523422241,-2.6292574405670166,2.0427250277930664,1766201850.3661995
0.13616372644901276,-0.16996075212955475,-1.7347181484658305,0.6804002523422241,-2.6292574405670166,2.0427250277930664,1766201850.3760905
0.13616372644901276,-0.16996075212955475,-1.7347181484658305,0.6801773905754089,-2.628810405731201,2.044606084672228,1766201850.3760636
0.13616372644901276,-0.16996075212955475,-1.7347181484658305,0.6804359555244446,-2.6290950775146484,2.043004305007033,1766201850.3859503
0.1362789273262024,-0.16989697515964508,-1.7351741302235606,0.6804359555244446,-2.6290950775146484,2.043004305007033,1766201850.3859596
0.1366707980632782,-0.16988573968410492,-1.7394903355672047,0.6804359555244446,-2.6290950775146484,2.043004305007033,1766201850.3960547
0.1366707980632782,-0.16988573968410492,-1.7394903355672047,0.6804363131523132,-2.629049301147461,2.043070044571746,1766201850.3960433
0.1363043338060379,-0.16981585323810577,-1.7359913264599236,0.6804363131523132,-2.629049301147461,2.043070044571746,1766201850.4061387
0.1363043338060379,-0.16981585323810577,-1.7359913264599236,0.6804711818695068,-2.628974676132202,2.0432343975383382,1766201850.4061038
0.1363043338060379,-0.16981585323810577,-1.7359913264599236,0.6803780794143677,-2.6291370391845703,2.042942154586761,1766201850.416078
0.13681939244270325,-0.16932149231433868,-1.7453753027564716,0.6803780794143677,-2.6291370391845703,2.042942154586761,1766201850.4161134
0.1365889608860016,-0.1692458689212799,-1.7486840012705085,0.6803780794143677,-2.6291370391845703,2.042942154586761,1766201850.4261384
0.1365889608860016,-0.1692458689212799,-1.7486840012705085,0.680449366569519,-2.628912925720215,2.043499454706872,1766201850.426105
0.1366281509399414,-0.16937163472175598,-1.7454205482420073,0.680449366569519,-2.628912925720215,2.043499454706872,1766201850.426165
0.1366281509399414,-0.16937163472175598,-1.7454205482420073,0.6803064346313477,-2.6293506622314453,2.0427276124135374,1766201850.426154
0.1366281509399414,-0.16937163472175598,-1.7454205482420073,0.6801923513412476,-2.6289634704589844,2.0436137718436265,1766201850.4360528
0.1364501267671585,-0.16978363692760468,-1.7414622400314244,0.6801923513412476,-2.6289634704589844,2.0436137718436265,1766201850.4360611
0.1364501267671585,-0.16978363692760468,-1.7414622400314244,0.6801339983940125,-2.629070997238159,2.043643173574827,1766201850.4460912
0.13630546629428864,-0.16980470716953278,-1.7418430925810806,0.6801339983940125,-2.629070997238159,2.043643173574827,1766201850.4461293
0.13642875850200653,-0.16986854374408722,-1.74502143386931,0.6801339983940125,-2.629070997238159,2.043643173574827,1766201850.4561486
0.13642875850200653,-0.16986854374408722,-1.74502143386931,0.6801671981811523,-2.6290550231933594,2.043537784226716,1766201850.4561138
0.13597720861434937,-0.16986222565174103,-1.742309019934935,0.6801671981811523,-2.6290550231933594,2.043537784226716,1766201850.4561741
0.13597720861434937,-0.16986222565174103,-1.742309019934935,0.6803386211395264,-2.629202365875244,2.0427609497612904,1766201850.4561646
0.13597720861434937,-0.16986222565174103,-1.742309019934935,0.680333137512207,-2.629326343536377,2.0427055823561044,1766201850.466005
0.13576233386993408,-0.16993916034698486,-1.742545890359319,0.680333137512207,-2.629326343536377,2.0427055823561044,1766201850.466016
0.13556644320487976,-0.16999273002147675,-1.7427038877570087,0.680333137512207,-2.629326343536377,2.0427055823561044,1766201850.4761596
0.13556644320487976,-0.16999273002147675,-1.7427038877570087,0.6802091002464294,-2.628934383392334,2.043519008334253,1766201850.4761248
0.13529691100120544,-0.17003773152828217,-1.7422842123650681,0.6802091002464294,-2.628934383392334,2.043519008334253,1766201850.486136
0.13529691100120544,-0.17003773152828217,-1.7422842123650681,0.6804081797599792,-2.6290719509124756,2.0428440230851654,1766201850.4861019
0.13498960435390472,-0.1701570749282837,-1.7435643489070498,0.6804081797599792,-2.6290719509124756,2.0428440230851654,1766201850.4961305
0.13498960435390472,-0.1701570749282837,-1.7435643489070498,0.6804965734481812,-2.628833055496216,2.0437222835858315,1766201850.4960928
0.13498960435390472,-0.1701570749282837,-1.7435643489070498,0.680263340473175,-2.6289327144622803,2.043584261648371,1766201850.5061352
0.13474127650260925,-0.17025256156921387,-1.7438287004902873,0.680263340473175,-2.6289327144622803,2.043584261648371,1766201850.5061677
0.13474127650260925,-0.17025256156921387,-1.7438287004902873,0.6803625822067261,-2.629384994506836,2.042333348746304,1766201850.5061839
0.13444223999977112,-0.17032253742218018,-1.7440191516113852,0.6803625822067261,-2.629384994506836,2.042333348746304,1766201850.5061927
0.13444223999977112,-0.17032253742218018,-1.7440191516113852,0.6804049015045166,-2.6284492015838623,2.0458454684074736,1766201850.5160518
0.13417291641235352,-0.17042028903961182,-1.7439445874021822,0.6804049015045166,-2.6284492015838623,2.0458454684074736,1766201850.516104
0.13417291641235352,-0.17042028903961182,-1.7439445874021822,0.6803423166275024,-2.6291325092315674,2.042979915338682,1766201850.5260584
0.13382358849048615,-0.1705223172903061,-1.7433595666297248,0.6803423166275024,-2.6291325092315674,2.042979915338682,1766201850.5260937
0.13301144540309906,-0.17055177688598633,-1.7372998515979383,0.6803423166275024,-2.6291325092315674,2.042979915338682,1766201850.536158
0.13301144540309906,-0.17055177688598633,-1.7372998515979383,0.6801477670669556,-2.629049777984619,2.043540960802635,1766201850.5361245
0.132624089717865,-0.1705988645553589,-1.7363078069300302,0.6801477670669556,-2.629049777984619,2.043540960802635,1766201850.546139
0.132624089717865,-0.1705988645553589,-1.7363078069300302,0.6801558136940002,-2.628838062286377,2.0445248936088825,1766201850.546105
0.13229921460151672,-0.1706492155790329,-1.735742784738234,0.6801558136940002,-2.628838062286377,2.0445248936088825,1766201850.5561693
0.13229921460151672,-0.1706492155790329,-1.735742784738234,0.6803367137908936,-2.6292080879211426,2.042614183271435,1766201850.5561345
0.13196931779384613,-0.17067456245422363,-1.7356799223314736,0.6803367137908936,-2.6292080879211426,2.042614183271435,1766201850.5561953
0.13196931779384613,-0.17067456245422363,-1.7356799223314736,0.6802966594696045,-2.6293222904205322,2.042637902983181,1766201850.5561852
0.13196931779384613,-0.17067456245422363,-1.7356799223314736,0.6803367733955383,-2.6290979385375977,2.042853870436048,1766201850.566102
0.13175149261951447,-0.17073747515678406,-1.7352461897868479,0.6803367733955383,-2.6290979385375977,2.042853870436048,1766201850.5661352
0.13175149261951447,-0.17073747515678406,-1.7352461897868479,0.6797042489051819,-2.6294338703155518,2.042614408663389,1766201850.5761135
0.13144271075725555,-0.17072667181491852,-1.7338634747580737,0.6797042489051819,-2.6294338703155518,2.042614408663389,1766201850.5761485
0.1311086118221283,-0.17070281505584717,-1.7320758040955029,0.6797042489051819,-2.6294338703155518,2.042614408663389,1766201850.5861402
0.1311086118221283,-0.17070281505584717,-1.7320758040955029,0.6803088188171387,-2.6292595863342285,2.042574480915631,1766201850.5861058
0.13117390871047974,-0.17069470882415771,-1.7340011015877914,0.6803088188171387,-2.6292595863342285,2.042574480915631,1766201850.5961752
0.13117390871047974,-0.17069470882415771,-1.7340011015877914,0.6801292896270752,-2.6290409564971924,2.0434685307121607,1766201850.5961316
0.13079920411109924,-0.17066919803619385,-1.7311997738151075,0.6801292896270752,-2.6290409564971924,2.0434685307121607,1766201850.6061156
0.13079920411109924,-0.17066919803619385,-1.7311997738151075,0.6804009675979614,-2.6290717124938965,2.043005326001769,1766201850.6060803
0.1306755393743515,-0.17055469751358032,-1.7305071085507922,0.6804009675979614,-2.6290717124938965,2.043005326001769,1766201850.6161075
0.1306755393743515,-0.17055469751358032,-1.7305071085507922,0.6803735494613647,-2.629206418991089,2.0427491016576886,1766201850.616073
0.12943637371063232,-0.17065684497356415,-1.7175617297254386,0.6803735494613647,-2.629206418991089,2.0427491016576886,1766201850.6162581
0.12943637371063232,-0.17065684497356415,-1.7175617297254386,0.6803820133209229,-2.629328966140747,2.042624847104028,1766201850.616124
0.12943637371063232,-0.17065684497356415,-1.7175617297254386,0.6803567409515381,-2.629338026046753,2.0425699177395154,1766201850.6260142
0.12898996472358704,-0.17067241668701172,-1.7168483360109417,0.6803567409515381,-2.629338026046753,2.0425699177395154,1766201850.6260421
0.1291477531194687,-0.17047859728336334,-1.7210392896109339,0.6803567409515381,-2.629338026046753,2.0425699177395154,1766201850.636053
0.1291477531194687,-0.17047859728336334,-1.7210392896109339,0.6802845597267151,-2.6286301612854004,2.0451560295144144,1766201850.6360419
0.1291477531194687,-0.17047859728336334,-1.7210392896109339,0.6803655624389648,-2.629338502883911,2.0425324952934143,1766201850.6460972
0.1284269541501999,-0.1705055981874466,-1.7277010813927542,0.6803655624389648,-2.629338502883911,2.0425324952934143,1766201850.6461306
0.12710227072238922,-0.17053796350955963,-1.713393819352716,0.6803655624389648,-2.629338502883911,2.0425324952934143,1766201850.6561685
0.12710227072238922,-0.17053796350955963,-1.713393819352716,0.6801658868789673,-2.628828525543213,2.0446454056935206,1766201850.6561341
0.12710227072238922,-0.17053796350955963,-1.713393819352716,0.6803593635559082,-2.629298210144043,2.042652755340698,1766201850.6660821
0.12680761516094208,-0.17040811479091644,-1.7115677913175216,0.6803593635559082,-2.629298210144043,2.042652755340698,1766201850.6661267
0.12680761516094208,-0.17040811479091644,-1.7115677913175216,0.6802635192871094,-2.6294212341308594,2.042497319749948,1766201850.666155
0.12643927335739136,-0.1704987734556198,-1.7059087897067127,0.6802635192871094,-2.6294212341308594,2.042497319749948,1766201850.6661718
0.12643927335739136,-0.1704987734556198,-1.7059087897067127,0.6803557276725769,-2.629343271255493,2.0423487476793927,1766201850.6761
0.12675872445106506,-0.17027123272418976,-1.7127314752468856,0.6803557276725769,-2.629343271255493,2.0423487476793927,1766201850.676135
0.12675872445106506,-0.17027123272418976,-1.7127314752468856,0.6801316738128662,-2.6289820671081543,2.043763292359374,1766201850.6860566
0.1261608600616455,-0.1701384335756302,-1.708970201824407,0.6801316738128662,-2.6289820671081543,2.043763292359374,1766201850.6860843
0.1261608600616455,-0.1701384335756302,-1.708970201824407,0.6803174018859863,-2.62933087348938,2.0426892905710825,1766201850.6960452
0.12540487945079803,-0.16991472244262695,-1.705322766172734,0.6803174018859863,-2.62933087348938,2.0426892905710825,1766201850.6960583
0.12483742833137512,-0.1698896884918213,-1.702330085632148,0.6803174018859863,-2.62933087348938,2.0426892905710825,1766201850.7061455
0.12483742833137512,-0.1698896884918213,-1.702330085632148,0.6803230047225952,-2.6293253898620605,2.0425699406824354,1766201850.7061126
0.12381592392921448,-0.1698710322380066,-1.686075479660755,0.6803230047225952,-2.6293253898620605,2.0425699406824354,1766201850.7161572
0.12381592392921448,-0.1698710322380066,-1.686075479660755,0.6803953051567078,-2.629303216934204,2.042493078302791,1766201850.716123
0.1236359104514122,-0.16960905492305756,-1.6900070150216047,0.6803953051567078,-2.629303216934204,2.042493078302791,1766201850.7161822
0.1236359104514122,-0.16960905492305756,-1.6900070150216047,0.6804094910621643,-2.629354476928711,2.0424259367183826,1766201850.7161732
0.1236359104514122,-0.16960905492305756,-1.6900070150216047,0.6804320216178894,-2.6291961669921875,2.042560195407712,1766201850.7260125
0.12207489460706711,-0.16957975924015045,-1.69986949151279,0.6804320216178894,-2.6291961669921875,2.042560195407712,1766201850.7260437
0.12207489460706711,-0.16957975924015045,-1.69986949151279,0.6804071664810181,-2.62925124168396,2.0426080246494225,1766201850.7361271
0.12165751308202744,-0.1693177968263626,-1.682508844169375,0.6804071664810181,-2.62925124168396,2.0426080246494225,1766201850.736161
0.12165751308202744,-0.1693177968263626,-1.682508844169375,0.6803710460662842,-2.629301071166992,2.0426827158036667,1766201850.7461011
0.11994481086730957,-0.16936080157756805,-1.6715211729699102,0.6803710460662842,-2.629301071166992,2.0426827158036667,1766201850.7461348
0.11994481086730957,-0.16936080157756805,-1.6715211729699102,0.680465042591095,-2.6289262771606445,2.0435382766910046,1766201850.7561014
0.11885953694581985,-0.16926124691963196,-1.6713889106025477,0.680465042591095,-2.6289262771606445,2.0435382766910046,1766201850.756137
0.11885953694581985,-0.16926124691963196,-1.6713889106025477,0.6803228259086609,-2.6294033527374268,2.0425028322978225,1766201850.7561533
0.11809304356575012,-0.1694672852754593,-1.6772907122992988,0.6803228259086609,-2.6294033527374268,2.0425028322978225,1766201850.7561636
0.11670728772878647,-0.1695900559425354,-1.667811044474201,0.6803228259086609,-2.6294033527374268,2.0425028322978225,1766201850.7661238
0.11670728772878647,-0.1695900559425354,-1.667811044474201,0.6804145574569702,-2.6290228366851807,2.043032929465998,1766201850.7660904
0.11401864886283875,-0.16983573138713837,-1.6497791534777149,0.6804145574569702,-2.6290228366851807,2.043032929465998,1766201850.7761505
0.11401864886283875,-0.16983573138713837,-1.6497791534777149,0.6803642511367798,-2.6290395259857178,2.0431454847050197,1766201850.7761157
0.11232342571020126,-0.17017987370491028,-1.646722456602315,0.6803642511367798,-2.6290395259857178,2.0431454847050197,1766201850.7861362
0.11232342571020126,-0.17017987370491028,-1.646722456602315,0.6804280877113342,-2.629063606262207,2.0430173965545233,1766201850.7861023
0.11142110824584961,-0.1705213189125061,-1.669744993451367,0.6804280877113342,-2.629063606262207,2.0430173965545233,1766201850.7961285
0.11142110824584961,-0.1705213189125061,-1.669744993451367,0.6803455352783203,-2.629317045211792,2.042695908530859,1766201850.7960932
0.11142110824584961,-0.1705213189125061,-1.669744993451367,0.6801028251647949,-2.6291067600250244,2.0436138307685563,1766201850.8059978
0.1093868687748909,-0.17111322283744812,-1.6413306029504442,0.6801028251647949,-2.6291067600250244,2.0436138307685563,1766201850.806011
0.1093868687748909,-0.17111322283744812,-1.6413306029504442,0.6800965070724487,-2.629045248031616,2.0438733285359474,1766201850.8161266
0.10781088471412659,-0.17160643637180328,-1.6416992689452992,0.6800965070724487,-2.629045248031616,2.0438733285359474,1766201850.8161602
0.10781088471412659,-0.17160643637180328,-1.6416992689452992,0.6803364753723145,-2.6292123794555664,2.042860879580888,1766201850.8161755
0.10597854852676392,-0.17226731777191162,-1.6397344455533436,0.6803364753723145,-2.6292123794555664,2.042860879580888,1766201850.8161843
0.10419922322034836,-0.1728966385126114,-1.6362405362027008,0.6803364753723145,-2.6292123794555664,2.042860879580888,1766201850.8260543
0.10419922322034836,-0.1728966385126114,-1.6362405362027008,0.6802115440368652,-2.6287410259246826,2.0445994227167836,1766201850.8260262
0.10419922322034836,-0.1728966385126114,-1.6362405362027008,0.6801722049713135,-2.6290247440338135,2.0436738279539473,1766201850.8361168
0.10033440589904785,-0.17413000762462616,-1.6318146240348506,0.6801722049713135,-2.6290247440338135,2.0436738279539473,1766201850.8361502
0.09881166368722916,-0.1745409220457077,-1.6157661274925545,0.6801722049713135,-2.6290247440338135,2.0436738279539473,1766201850.846133
0.09881166368722916,-0.1745409220457077,-1.6157661274925545,0.6803371906280518,-2.629260540008545,2.042592327492169,1766201850.8460999
0.09555759280920029,-0.1760372668504715,-1.6060587514522568,0.6803371906280518,-2.629260540008545,2.042592327492169,1766201850.8561692
0.09555759280920029,-0.1760372668504715,-1.6060587514522568,0.6804265379905701,-2.629244327545166,2.042653417753817,1766201850.856134
0.09555759280920029,-0.1760372668504715,-1.6060587514522568,0.6801144480705261,-2.629142999649048,2.043313000740437,1766201850.8660924
0.09439992159605026,-0.1769983321428299,-1.610672232480141,0.6801144480705261,-2.629142999649048,2.043313000740437,1766201850.8661275
0.09439992159605026,-0.1769983321428299,-1.610672232480141,0.6803674697875977,-2.62929630279541,2.0424597374255478,1766201850.8661435
0.08977362513542175,-0.17858584225177765,-1.601292020963522,0.6803674697875977,-2.62929630279541,2.0424597374255478,1766201850.866152
0.08800338208675385,-0.17976492643356323,-1.591614367271776,0.6803674697875977,-2.62929630279541,2.0424597374255478,1766201850.876159
0.08800338208675385,-0.17976492643356323,-1.591614367271776,0.6803911924362183,-2.6291747093200684,2.042672450252011,1766201850.8761246
0.08800338208675385,-0.17976492643356323,-1.591614367271776,0.6801300644874573,-2.629866123199463,2.041503280175728,1766201850.8861063
0.08574648946523666,-0.1810312569141388,-1.5891581452083405,0.6801300644874573,-2.629866123199463,2.041503280175728,1766201850.8861387
0.08131562173366547,-0.18274043500423431,-1.58424815873725,0.6801300644874573,-2.629866123199463,2.041503280175728,1766201850.896133
0.08131562173366547,-0.18274043500423431,-1.58424815873725,0.6799365878105164,-2.6294305324554443,2.0431088903333188,1766201850.8960984
0.075299471616745,-0.1859821230173111,-1.5528967625162144,0.6799365878105164,-2.6294305324554443,2.0431088903333188,1766201850.9061594
0.075299471616745,-0.1859821230173111,-1.5528967625162144,0.6801142692565918,-2.6290416717529297,2.0435391609935913,1766201850.9061067
0.075299471616745,-0.1859821230173111,-1.5528967625162144,0.6798509359359741,-2.629917621612549,2.0408511670721015,1766201850.9061487
0.075299471616745,-0.1859821230173111,-1.5528967625162144,0.6803485155105591,-2.629262924194336,2.0427618864920247,1766201850.9161112
0.07232020050287247,-0.18768365681171417,-1.5648828983936771,0.6803485155105591,-2.629262924194336,2.0427618864920247,1766201850.9161563
0.07232020050287247,-0.18768365681171417,-1.5648828983936771,0.6801490783691406,-2.629081964492798,2.0436067514548673,1766201850.9261038
0.06831429153680801,-0.18977056443691254,-1.5362754175460103,0.6801490783691406,-2.629081964492798,2.0436067514548673,1766201850.926137
0.06831429153680801,-0.18977056443691254,-1.5362754175460103,0.6803039908409119,-2.629361867904663,2.0425804186946666,1766201850.9361079
0.0643886998295784,-0.1917988806962967,-1.512736725014247,0.6803039908409119,-2.629361867904663,2.0425804186946666,1766201850.9361408
0.0643886998295784,-0.1917988806962967,-1.512736725014247,0.6799083948135376,-2.6297152042388916,2.0422819204624956,1766201850.946088
0.06062155216932297,-0.19380031526088715,-1.5207465320934221,0.6799083948135376,-2.6297152042388916,2.0422819204624956,1766201850.9461317
0.05612076446413994,-0.19612368941307068,-1.4987152280215779,0.6799083948135376,-2.6297152042388916,2.0422819204624956,1766201850.956159
0.05612076446413994,-0.19612368941307068,-1.4987152280215779,0.6801701784133911,-2.6290323734283447,2.043471412366051,1766201850.9561253
0.05612076446413994,-0.19612368941307068,-1.4987152280215779,0.6802750825881958,-2.6287338733673096,2.0446951930863158,1766201850.9661038
0.053027037531137466,-0.19821178913116455,-1.4939601198733277,0.6802750825881958,-2.6287338733673096,2.0446951930863158,1766201850.9661374
0.053027037531137466,-0.19821178913116455,-1.4939601198733277,0.68049556016922,-2.629162073135376,2.0426784046621416,1766201850.9661546
0.04918991029262543,-0.20051218569278717,-1.4779254770358081,0.68049556016922,-2.629162073135376,2.0426784046621416,1766201850.9661639
0.04918991029262543,-0.20051218569278717,-1.4779254770358081,0.6802884340286255,-2.6288950443267822,2.0437074256391368,1766201850.9760735
0.04497471824288368,-0.2030702382326126,-1.465489414524044,0.6802884340286255,-2.6288950443267822,2.0437074256391368,1766201850.9760828
0.040598999708890915,-0.20575614273548126,-1.454162303609175,0.6802884340286255,-2.6288950443267822,2.0437074256391368,1766201850.986129
0.040598999708890915,-0.20575614273548126,-1.454162303609175,0.6803722381591797,-2.6292874813079834,2.0427114843004848,1766201850.9860952
0.037581004202365875,-0.2080037146806717,-1.4325250270535648,0.6803722381591797,-2.6292874813079834,2.0427114843004848,1766201850.996091
0.037581004202365875,-0.2080037146806717,-1.4325250270535648,0.6804915070533752,-2.628967523574829,2.0433247486502633,1766201850.9960568
0.037581004202365875,-0.2080037146806717,-1.4325250270535648,0.6804264783859253,-2.6291418075561523,2.0428706111199118,1766201851.00609
0.03309307619929314,-0.2104002982378006,-1.4138315605873477,0.6804264783859253,-2.6291418075561523,2.0428706111199118,1766201851.0061355
0.03309307619929314,-0.2104002982378006,-1.4138315605873477,0.6804485321044922,-2.629026174545288,2.043303800772888,1766201851.0161228
0.02773355506360531,-0.21406328678131104,-1.385136543993721,0.6804485321044922,-2.629026174545288,2.043303800772888,1766201851.0161562
0.02294667810201645,-0.21730506420135498,-1.3573762101225855,0.6804485321044922,-2.629026174545288,2.043303800772888,1766201851.0261157
0.02294667810201645,-0.21730506420135498,-1.3573762101225855,0.6803923845291138,-2.6291048526763916,2.043026268003445,1766201851.0260825
0.018551863729953766,-0.22043702006340027,-1.343535301156798,0.6803923845291138,-2.6291048526763916,2.043026268003445,1766201851.026141
0.018551863729953766,-0.22043702006340027,-1.343535301156798,0.6803480982780457,-2.6292426586151123,2.0427202836161444,1766201851.0261316
0.018551863729953766,-0.22043702006340027,-1.343535301156798,0.680216908454895,-2.6288139820098877,2.043947585335809,1766201851.0360084
0.01261071115732193,-0.22423459589481354,-1.3077554078018017,0.680216908454895,-2.6288139820098877,2.043947585335809,1766201851.0360215
0.01261071115732193,-0.22423459589481354,-1.3077554078018017,0.6804764270782471,-2.6288700103759766,2.0437355109811124,1766201851.046097
0.007271141279488802,-0.22782430052757263,-1.2821855262297475,0.6804764270782471,-2.6288700103759766,2.0437355109811124,1766201851.046131
0.007271141279488802,-0.22782430052757263,-1.2821855262297475,0.6801425218582153,-2.628998279571533,2.0435233887989828,1766201851.0561175
0.0024367901496589184,-0.2317904382944107,-1.255841439959391,0.6801425218582153,-2.628998279571533,2.0435233887989828,1766201851.0561512
0.0024367901496589184,-0.2317904382944107,-1.255841439959391,0.6803565621376038,-2.6291773319244385,2.0427715250543477,1766201851.056168
-0.002841907786205411,-0.23583844304084778,-1.2278521344316966,0.6803565621376038,-2.6291773319244385,2.0427715250543477,1766201851.0561771
-0.002841907786205411,-0.23583844304084778,-1.2278521344316966,0.6802356839179993,-2.628843307495117,2.0438294285936336,1766201851.0660598
-0.008472368121147156,-0.23976023495197296,-1.1975461613507332,0.6802356839179993,-2.628843307495117,2.0438294285936336,1766201851.0660691
-0.008472368121147156,-0.23976023495197296,-1.1975461613507332,0.6801690459251404,-2.6290347576141357,2.043532415439904,1766201851.076054
-0.013428671285510063,-0.24429357051849365,-1.1752897294778353,0.6801690459251404,-2.6290347576141357,2.043532415439904,1766201851.076064
-0.019554562866687775,-0.24897868931293488,-1.1401426926828868,0.6801690459251404,-2.6290347576141357,2.043532415439904,1766201851.086153
-0.019554562866687775,-0.24897868931293488,-1.1401426926828868,0.6802064180374146,-2.6289689540863037,2.0437143673440903,1766201851.0861192
-0.019554562866687775,-0.24897868931293488,-1.1401426926828868,0.6803591847419739,-2.629237174987793,2.0427033051711505,1766201851.0960863
-0.03666168823838234,-0.2635383903980255,-1.0548119428513498,0.6803591847419739,-2.629237174987793,2.0427033051711505,1766201851.1061928
-0.03666168823838234,-0.2635383903980255,-1.0548119428513498,0.6803379058837891,-2.6292471885681152,2.042890947584301,1766201851.106143
-0.03666168823838234,-0.2635383903980255,-1.0548119428513498,0.6803975105285645,-2.6291000843048096,2.042929133099112,1766201851.1061819
-0.043040063232183456,-0.2699364423751831,-1.0148899571644587,0.6803975105285645,-2.6291000843048096,2.042929133099112,1766201851.1261308
-0.043040063232183456,-0.2699364423751831,-1.0148899571644587,0.6803576946258545,-2.6292359828948975,2.042730885851282,1766201851.1260977
-0.04909035563468933,-0.27583083510398865,-0.9828996310310854,0.6803576946258545,-2.6292359828948975,2.042730885851282,1766201851.1261554
-0.04909035563468933,-0.27583083510398865,-0.9828996310310854,0.6801035404205322,-2.6291210651397705,2.043395541260577,1766201851.126146
-0.04909035563468933,-0.27583083510398865,-0.9828996310310854,0.6803853511810303,-2.6291615962982178,2.042925418402309,1766201851.136085
-0.05532442033290863,-0.2820091247558594,-0.9486931746013241,0.6803853511810303,-2.6291615962982178,2.042925418402309,1766201851.136094
-0.05532442033290863,-0.2820091247558594,-0.9486931746013241,0.6801388263702393,-2.6290528774261475,2.0438169751484954,1766201851.1461039
-0.06143574044108391,-0.2884189188480377,-0.916691291130347,0.6801388263702393,-2.6290528774261475,2.0438169751484954,1766201851.1461127
-0.06770604848861694,-0.2949938476085663,-0.8796966535353812,0.6801388263702393,-2.6290528774261475,2.0438169751484954,1766201851.1560545
-0.06770604848861694,-0.2949938476085663,-0.8796966535353812,0.6803479790687561,-2.629202365875244,2.0428393681773542,1766201851.1560433
-0.07398489117622375,-0.3020068407058716,-0.8471223170307643,0.6803479790687561,-2.629202365875244,2.0428393681773542,1766201851.1661336
-0.07398489117622375,-0.3020068407058716,-0.8471223170307643,0.6804338097572327,-2.628990888595581,2.0432465250610683,1766201851.1661007
-0.08028960227966309,-0.3091411888599396,-0.808939938958605,0.6804338097572327,-2.628990888595581,2.0432465250610683,1766201851.1661592
-0.08028960227966309,-0.3091411888599396,-0.808939938958605,0.6804165840148926,-2.629150390625,2.042765078952206,1766201851.1661499
-0.08028960227966309,-0.3091411888599396,-0.808939938958605,0.6804248094558716,-2.6291022300720215,2.0430188462486476,1766201851.176117
-0.08582590520381927,-0.31662118434906006,-0.776690850853218,0.6804248094558716,-2.6291022300720215,2.0430188462486476,1766201851.1761508
-0.09210996329784393,-0.3242263197898865,-0.7380323373594941,0.6804248094558716,-2.6291022300720215,2.0430188462486476,1766201851.1861567
-0.09210996329784393,-0.3242263197898865,-0.7380323373594941,0.6797845959663391,-2.6295745372772217,2.041980348539746,1766201851.1861236
-0.09808891266584396,-0.33204400539398193,-0.6961094936057808,0.6797845959663391,-2.6295745372772217,2.041980348539746,1766201851.196157
-0.09808891266584396,-0.33204400539398193,-0.6961094936057808,0.6802137494087219,-2.629030704498291,2.043484282276272,1766201851.1961236
-0.09808891266584396,-0.33204400539398193,-0.6961094936057808,0.6804782152175903,-2.628822088241577,2.043862720741487,1766201851.2061293
-0.1042972132563591,-0.3402605950832367,-0.6523756406794385,0.6804782152175903,-2.628822088241577,2.043862720741487,1766201851.2061615
-0.1042972132563591,-0.3402605950832367,-0.6523756406794385,0.6804129481315613,-2.629197597503662,2.042774609952694,1766201851.206178
-0.11012720316648483,-0.3488730788230896,-0.6118487844022035,0.6804129481315613,-2.629197597503662,2.042774609952694,1766201851.206187
-0.11631090939044952,-0.35718753933906555,-0.5671703178622426,0.6804129481315613,-2.629197597503662,2.042774609952694,1766201851.216152
-0.11631090939044952,-0.35718753933906555,-0.5671703178622426,0.680474579334259,-2.629035234451294,2.043441965229416,1766201851.2161176
-0.12196224182844162,-0.36595454812049866,-0.5247497487611492,0.680474579334259,-2.629035234451294,2.043441965229416,1766201851.2261376
-0.12196224182844162,-0.36595454812049866,-0.5247497487611492,0.6804755330085754,-2.628896713256836,2.0437886913141563,1766201851.2261043
-0.12196224182844162,-0.36595454812049866,-0.5247497487611492,0.6804125905036926,-2.629134178161621,2.042967687963808,1766201851.2361164
-0.12779663503170013,-0.37485790252685547,-0.47678247694789216,0.6804125905036926,-2.629134178161621,2.042967687963808,1766201851.2361507
-0.133440300822258,-0.3838539123535156,-0.4305004590687865,0.6804125905036926,-2.629134178161621,2.042967687963808,1766201851.2461581
-0.133440300822258,-0.3838539123535156,-0.4305004590687865,0.6803937554359436,-2.629227638244629,2.0428794754685566,1766201851.246125
-0.133440300822258,-0.3838539123535156,-0.4305004590687865,0.6803191304206848,-2.6293792724609375,2.042540188920565,1766201851.2561076
-0.13886943459510803,-0.3932700753211975,-0.38325716722600484,0.6803191304206848,-2.6293792724609375,2.042540188920565,1766201851.2561529
-0.13886943459510803,-0.3932700753211975,-0.38325716722600484,0.6804361343383789,-2.629059076309204,2.0432338918224087,1766201851.2661197
-0.1434764713048935,-0.40246978402137756,-0.3399450075316591,0.6804361343383789,-2.629059076309204,2.0432338918224087,1766201851.2661529
-0.1434764713048935,-0.40246978402137756,-0.3399450075316591,0.6803659200668335,-2.629284143447876,2.042718103315508,1766201851.2661705
-0.1488700956106186,-0.41184836626052856,-0.28966518185778894,0.6803659200668335,-2.629284143447876,2.042718103315508,1766201851.2661796
-0.15404032170772552,-0.42129409313201904,-0.24263099573700267,0.6803659200668335,-2.629284143447876,2.042718103315508,1766201851.2761557
-0.15404032170772552,-0.42129409313201904,-0.24263099573700267,0.6802213191986084,-2.628863573074341,2.0438887324489086,1766201851.2761226
-0.15973488986492157,-0.43094703555107117,-0.18710666294366327,0.6802213191986084,-2.628863573074341,2.0438887324489086,1766201851.286039
-0.15973488986492157,-0.43094703555107117,-0.18710666294366327,0.6804210543632507,-2.6291158199310303,2.042883198572744,1766201851.286029
-0.15973488986492157,-0.43094703555107117,-0.18710666294366327,0.6801642775535583,-2.6290464401245117,2.04367224699201,1766201851.296127
-0.16398319602012634,-0.4405849874019623,-0.14435082469797403,0.6801642775535583,-2.6290464401245117,2.04367224699201,1766201851.2961607
-0.16398319602012634,-0.4405849874019623,-0.14435082469797403,0.6804023385047913,-2.6292316913604736,2.0429200094282502,1766201851.3061075
-0.16974692046642303,-0.4503491222858429,-0.08948846139613602,0.6804023385047913,-2.6292316913604736,2.0429200094282502,1766201851.3061903
-0.16974692046642303,-0.4503491222858429,-0.08948846139613602,0.6804585456848145,-2.628986358642578,2.0432678429731697,1766201851.3062081
-0.1745837777853012,-0.4599893093109131,-0.042649443101163566,0.6804585456848145,-2.628986358642578,2.0432678429731697,1766201851.3062172
-0.17905277013778687,-0.46941033005714417,-0.000785128659090707,0.6804585456848145,-2.628986358642578,2.0432678429731697,1766201851.316044
-0.17905277013778687,-0.46941033005714417,-0.000785128659090707,0.6803829073905945,-2.629242181777954,2.0425855415739926,1766201851.3160357
-0.1837283819913864,-0.47893932461738586,0.045075436521810966,0.6803829073905945,-2.629242181777954,2.0425855415739926,1766201851.3361514
-0.1837283819913864,-0.47893932461738586,0.045075436521810966,0.6804870963096619,-2.62882137298584,2.043827351220493,1766201851.336118
-0.18819355964660645,-0.4884820580482483,0.09039818768313575,0.6804870963096619,-2.62882137298584,2.043827351220493,1766201851.336176
-0.18819355964660645,-0.4884820580482483,0.09039818768313575,0.680231511592865,-2.6287221908569336,2.044899590710476,1766201851.336167
-0.18819355964660645,-0.4884820580482483,0.09039818768313575,0.6803764700889587,-2.629157543182373,2.0428744957451106,1766201851.3460453
-0.19263026118278503,-0.4981984496116638,0.13464676311352086,0.6803764700889587,-2.629157543182373,2.0428744957451106,1766201851.3460553
-0.19688226282596588,-0.5077683329582214,0.1758322067835907,0.6803764700889587,-2.629157543182373,2.0428744957451106,1766201851.356154
-0.19688226282596588,-0.5077683329582214,0.1758322067835907,0.6809769868850708,-2.627877712249756,2.0479042940560936,1766201851.35612
-0.19688226282596588,-0.5077683329582214,0.1758322067835907,0.6803046464920044,-2.629352331161499,2.042571071290841,1766201851.3661053
-0.20065532624721527,-0.5168720483779907,0.21252258167091392,0.6803046464920044,-2.629352331161499,2.042571071290841,1766201851.3661385
-0.20065532624721527,-0.5168720483779907,0.21252258167091392,0.6803435683250427,-2.6290578842163086,2.043151230339002,1766201851.3661556
-0.20478081703186035,-0.5259348750114441,0.2522781330252692,0.6803435683250427,-2.6290578842163086,2.043151230339002,1766201851.366165
-0.20478081703186035,-0.5259348750114441,0.2522781330252692,0.680092990398407,-2.6290524005889893,2.043662417546236,1766201851.376039
-0.2085353136062622,-0.5345701575279236,0.28491235924086716,0.680092990398407,-2.6290524005889893,2.043662417546236,1766201851.3760688
-0.21218977868556976,-0.5433971881866455,0.3199317351994942,0.680092990398407,-2.6290524005889893,2.043662417546236,1766201851.3860679
-0.21218977868556976,-0.5433971881866455,0.3199317351994942,0.6804043650627136,-2.6290531158447266,2.043154974259012,1766201851.3860564
-0.21218977868556976,-0.5433971881866455,0.3199317351994942,0.6803797483444214,-2.629027843475342,2.043164156780741,1766201851.3961222
-0.2153240144252777,-0.5516271591186523,0.3492840413651943,0.6803797483444214,-2.629027843475342,2.043164156780741,1766201851.3961563
-0.2153240144252777,-0.5516271591186523,0.3492840413651943,0.6803162097930908,-2.6292238235473633,2.042945160202459,1766201851.4061406
-0.2186400443315506,-0.5600963830947876,0.37746286199903856,0.6803162097930908,-2.6292238235473633,2.042945160202459,1766201851.4061751
-0.2186400443315506,-0.5600963830947876,0.37746286199903856,0.6803610324859619,-2.6292731761932373,2.042585807860975,1766201851.406192
-0.22232580184936523,-0.5683947801589966,0.4040777639786148,0.6803610324859619,-2.6292731761932373,2.042585807860975,1766201851.406264
-0.2251351922750473,-0.5761943459510803,0.4243046912677531,0.6803610324859619,-2.6292731761932373,2.042585807860975,1766201851.416094
-0.2251351922750473,-0.5761943459510803,0.4243046912677531,0.6803800463676453,-2.6292667388916016,2.042794456139436,1766201851.4160857
-0.2251351922750473,-0.5761943459510803,0.4243046912677531,0.6804426908493042,-2.6291139125823975,2.042929357972449,1766201851.436116
-0.22835929691791534,-0.5840805172920227,0.4540340448220231,0.6804426908493042,-2.6291139125823975,2.042929357972449,1766201851.4361498
-0.22835929691791534,-0.5840805172920227,0.4540340448220231,0.6802572011947632,-2.6287481784820557,2.044782495338518,1766201851.4361658
-0.23141078650951385,-0.591849148273468,0.47559070357784633,0.6802572011947632,-2.6287481784820557,2.044782495338518,1766201851.436175
-0.23428507149219513,-0.5992005467414856,0.49231726427645933,0.6802572011947632,-2.6287481784820557,2.044782495338518,1766201851.4461317
-0.23428507149219513,-0.5992005467414856,0.49231726427645933,0.6804822087287903,-2.6289849281311035,2.0434532507540317,1766201851.4461024
-0.23428507149219513,-0.5992005467414856,0.49231726427645933,0.6804183125495911,-2.629263401031494,2.042870347883133,1766201851.4561157
-0.23761893808841705,-0.606871485710144,0.5179210121612647,0.6804183125495911,-2.629263401031494,2.042870347883133,1766201851.456149
-0.24065659940242767,-0.6140196919441223,0.5337631333061986,0.6804183125495911,-2.629263401031494,2.042870347883133,1766201851.466187
-0.24065659940242767,-0.6140196919441223,0.5337631333061986,0.6804167032241821,-2.629131317138672,2.0430277786916897,1766201851.4661536
-0.24379950761795044,-0.6213040351867676,0.5507276497231931,0.6804167032241821,-2.629131317138672,2.0430277786916897,1766201851.4662132
-0.24379950761795044,-0.6213040351867676,0.5507276497231931,0.6803802847862244,-2.6291582584381104,2.042986022242163,1766201851.4662042
-0.24379950761795044,-0.6213040351867676,0.5507276497231931,0.6804021000862122,-2.6292150020599365,2.042847855335436,1766201851.4760876
-0.2471596896648407,-0.6286919116973877,0.5693175036296506,0.6804021000862122,-2.6292150020599365,2.042847855335436,1766201851.4760964
-0.24986059963703156,-0.6353548169136047,0.5854770399748888,0.6804021000862122,-2.6292150020599365,2.042847855335436,1766201851.4861135
-0.24986059963703156,-0.6353548169136047,0.5854770399748888,0.6801945567131042,-2.6289875507354736,2.0436787147318722,1766201851.4861014
-0.24986059963703156,-0.6353548169136047,0.5854770399748888,0.680389404296875,-2.6291861534118652,2.0428422851417793,1766201851.4961166
-0.253081351518631,-0.6423951983451843,0.601014560090131,0.680389404296875,-2.6291861534118652,2.0428422851417793,1766201851.4961503
-0.2566092312335968,-0.6496725678443909,0.6069059510244824,0.680389404296875,-2.6291861534118652,2.0428422851417793,1766201851.5061705
-0.2566092312335968,-0.6496725678443909,0.6069059510244824,0.6801823377609253,-2.628993272781372,2.0435680246045127,1766201851.5061393
-0.2597348392009735,-0.6561304330825806,0.6279010786652969,0.6801823377609253,-2.628993272781372,2.0435680246045127,1766201851.5061963
-0.2597348392009735,-0.6561304330825806,0.6279010786652969,0.6804389357566833,-2.6288552284240723,2.0438359122295875,1766201851.5061874
-0.2630069851875305,-0.6634792685508728,0.6366619580263491,0.6804389357566833,-2.6288552284240723,2.0438359122295875,1766201851.5161576
-0.2630069851875305,-0.6634792685508728,0.6366619580263491,0.6803821325302124,-2.6292383670806885,2.0428426673689506,1766201851.516124
-0.2630069851875305,-0.6634792685508728,0.6366619580263491,0.6804009079933167,-2.6291096210479736,2.0431472050188177,1766201851.5261064
-0.26638200879096985,-0.6704924702644348,0.6471900411275261,0.6804009079933167,-2.6291096210479736,2.0431472050188177,1766201851.526139
-0.26638200879096985,-0.6704924702644348,0.6471900411275261,0.6803598403930664,-2.6292741298675537,2.042826513267784,1766201851.5360744
-0.27009332180023193,-0.6773637533187866,0.6635130770044758,0.6803598403930664,-2.6292741298675537,2.042826513267784,1766201851.5361207
-0.27009332180023193,-0.6773637533187866,0.6635130770044758,0.6802526712417603,-2.628666400909424,2.045009389487769,1766201851.5461276
-0.2737322151660919,-0.6839079856872559,0.6765849855481827,0.6802526712417603,-2.628666400909424,2.045009389487769,1766201851.5461612
-0.2737322151660919,-0.6839079856872559,0.6765849855481827,0.680477499961853,-2.6288368701934814,2.043809177283477,1766201851.5561106
-0.27753058075904846,-0.6910403370857239,0.6871070482374296,0.680477499961853,-2.6288368701934814,2.043809177283477,1766201851.556149
-0.27753058075904846,-0.6910403370857239,0.6871070482374296,0.6804326176643372,-2.6290597915649414,2.0431194311527996,1766201851.5561657
-0.2812257409095764,-0.6977031826972961,0.700802639934109,0.6804326176643372,-2.6290597915649414,2.0431194311527996,1766201851.556175
-0.28481802344322205,-0.7048400640487671,0.7135313143022858,0.6804326176643372,-2.6290597915649414,2.0431194311527996,1766201851.5661051
-0.28481802344322205,-0.7048400640487671,0.7135313143022858,0.6803296208381653,-2.629373550415039,2.04264539318645,1766201851.5660691
-0.2890588939189911,-0.7111202478408813,0.7201833386088397,0.6803296208381653,-2.629373550415039,2.04264539318645,1766201851.5761518
-0.2890588939189911,-0.7111202478408813,0.7201833386088397,0.6803446412086487,-2.629319429397583,2.0425748233468264,1766201851.5761173
-0.2890588939189911,-0.7111202478408813,0.7201833386088397,0.6803943514823914,-2.629042148590088,2.0431126293727075,1766201851.5860136
-0.293152779340744,-0.7182304859161377,0.7315496203989523,0.6803943514823914,-2.629042148590088,2.0431126293727075,1766201851.586025
-0.293152779340744,-0.7182304859161377,0.7315496203989523,0.6803503632545471,-2.629209280014038,2.042791111145169,1766201851.5959644
-0.29710111021995544,-0.7247937917709351,0.7376942904385563,0.6803503632545471,-2.629209280014038,2.042791111145169,1766201851.595982
-0.29710111021995544,-0.7247937917709351,0.7376942904385563,0.6798782348632812,-2.629890203475952,2.0409424513207557,1766201851.6060479
-0.3010825514793396,-0.7315808534622192,0.7442039368864571,0.6798782348632812,-2.629890203475952,2.0409424513207557,1766201851.606063
-0.3010825514793396,-0.7315808534622192,0.7442039368864571,0.6803628206253052,-2.628993272781372,2.0433431665034703,1766201851.6060688
-0.305562824010849,-0.7382022142410278,0.7573862848075037,0.6803628206253052,-2.628993272781372,2.0433431665034703,1766201851.6060717
-0.305562824010849,-0.7382022142410278,0.7573862848075037,0.6803008317947388,-2.629270315170288,2.0426694004793124,1766201851.616079
-0.30985796451568604,-0.7448342442512512,0.7673383209492896,0.6803008317947388,-2.629270315170288,2.0426694004793124,1766201851.6161113
-0.30985796451568604,-0.7448342442512512,0.7673383209492896,0.6801128387451172,-2.62902569770813,2.043805920358627,1766201851.6260228
-0.313717782497406,-0.7515381574630737,0.7670079908587875,0.6801128387451172,-2.62902569770813,2.043805920358627,1766201851.6260471
-0.313717782497406,-0.7515381574630737,0.7670079908587875,0.6801473498344421,-2.6289241313934326,2.043771316757696,1766201851.6359823
-0.3188195824623108,-0.7579805254936218,0.7843088874104253,0.6801473498344421,-2.6289241313934326,2.043771316757696,1766201851.6360028
-0.3188195824623108,-0.7579805254936218,0.7843088874104253,0.6804054379463196,-2.6291894912719727,2.042563764642122,1766201851.6460516
-0.32314637303352356,-0.7645029425621033,0.7881092226573658,0.6804054379463196,-2.6291894912719727,2.042563764642122,1766201851.6460688
-0.32314637303352356,-0.7645029425621033,0.7881092226573658,0.6805171966552734,-2.628753662109375,2.0441324417124074,1766201851.656029
-0.3280808627605438,-0.7709224224090576,0.8003852804186061,0.6805171966552734,-2.628753662109375,2.0441324417124074,1766201851.6560457
-0.3280808627605438,-0.7709224224090576,0.8003852804186061,0.6804326772689819,-2.6290347576141357,2.0429606451747593,1766201851.666025
-0.3280808627605438,-0.7709224224090576,0.8003852804186061,0.6804239153862,-2.6291251182556152,2.0428892036723565,1766201851.6660466
-0.33266881108283997,-0.7774112224578857,0.8051658353999501,0.6804239153862,-2.6291251182556152,2.0428892036723565,1766201851.6660397
-0.33767080307006836,-0.7836820483207703,0.8151485046229643,0.6804239153862,-2.6291251182556152,2.0428892036723565,1766201851.6660504
-0.33767080307006836,-0.7836820483207703,0.8151485046229643,0.6803597211837769,-2.629310369491577,2.042478085272367,1766201851.675995
-0.34246933460235596,-0.7901835441589355,0.8192592017131579,0.6803597211837769,-2.629310369491577,2.042478085272367,1766201851.6760182
-0.34783822298049927,-0.7964724898338318,0.829687629308981,0.6803597211837769,-2.629310369491577,2.042478085272367,1766201851.6860023
-0.34783822298049927,-0.7964724898338318,0.829687629308981,0.6802213191986084,-2.6287283897399902,2.044712789822873,1766201851.6859827
-0.34783822298049927,-0.7964724898338318,0.829687629308981,0.6803699731826782,-2.62926983833313,2.0428074855439973,1766201851.6961515
-0.35297659039497375,-0.8027878999710083,0.8355971507561039,0.6803699731826782,-2.62926983833313,2.0428074855439973,1766201851.69619
-0.35297659039497375,-0.8027878999710083,0.8355971507561039,0.6803685426712036,-2.6292505264282227,2.042597186431236,1766201851.7060704
-0.35798346996307373,-0.8091424703598022,0.839302268440601,0.6803685426712036,-2.6292505264282227,2.042597186431236,1766201851.706109
-0.35798346996307373,-0.8091424703598022,0.839302268440601,0.6801462769508362,-2.6289758682250977,2.0435564427770827,1766201851.716123
-0.36356768012046814,-0.8154547214508057,0.8498181278733183,0.6801462769508362,-2.6289758682250977,2.0435564427770827,1766201851.7161586
-0.36356768012046814,-0.8154547214508057,0.8498181278733183,0.679698646068573,-2.6296610832214355,2.0416190590731147,1766201851.7161763
-0.36892572045326233,-0.8217042088508606,0.8555387354195984,0.679698646068573,-2.6296610832214355,2.0416190590731147,1766201851.7161856
-0.3742590844631195,-0.8280363082885742,0.85588857148106,0.679698646068573,-2.6296610832214355,2.0416190590731147,1766201851.7261524
-0.3742590844631195,-0.8280363082885742,0.85588857148106,0.6804103255271912,-2.6290416717529297,2.043063369187065,1766201851.726122
-0.3742590844631195,-0.8280363082885742,0.85588857148106,0.6803807020187378,-2.6291537284851074,2.0428233217670564,1766201851.7360244
-0.37998253107070923,-0.8343518376350403,0.865976165671921,0.6803807020187378,-2.6291537284851074,2.0428233217670564,1766201851.7360358
-0.385526567697525,-0.8406237959861755,0.8702647050440327,0.6803807020187378,-2.6291537284851074,2.0428233217670564,1766201851.7461555
-0.385526567697525,-0.8406237959861755,0.8702647050440327,0.6803276538848877,-2.6293208599090576,2.0426191149924255,1766201851.7461185
-0.385526567697525,-0.8406237959861755,0.8702647050440327,0.6803916096687317,-2.629246473312378,2.04280405736727,1766201851.7561376
-0.391104131937027,-0.8468101620674133,0.8745595131553702,0.6803916096687317,-2.629246473312378,2.04280405736727,1766201851.7561724
-0.391104131937027,-0.8468101620674133,0.8745595131553702,0.6801814436912537,-2.6290040016174316,2.043671491850209,1766201851.7661161
-0.39689159393310547,-0.8532798290252686,0.8811023218994821,0.6801814436912537,-2.6290040016174316,2.043671491850209,1766201851.7661521
-0.39689159393310547,-0.8532798290252686,0.8811023218994821,0.6804367899894714,-2.6291348934173584,2.0429000163790976,1766201851.7661695
-0.4023955166339874,-0.8595836758613586,0.8851692401535269,0.6804367899894714,-2.6291348934173584,2.0429000163790976,1766201851.7661786
-0.4074614346027374,-0.8662973642349243,0.8743155897019461,0.6804367899894714,-2.6291348934173584,2.0429000163790976,1766201851.7760653
-0.4074614346027374,-0.8662973642349243,0.8743155897019461,0.6804426908493042,-2.629042148590088,2.043141312579947,1766201851.7760546
-0.4138466417789459,-0.8724867701530457,0.8939061129207119,0.6804426908493042,-2.629042148590088,2.043141312579947,1766201851.7860665
-0.4138466417789459,-0.8724867701530457,0.8939061129207119,0.680411159992218,-2.6291909217834473,2.042748354765457,1766201851.786053
-0.4194090664386749,-0.8789536952972412,0.8978187330383579,0.680411159992218,-2.6291909217834473,2.042748354765457,1766201851.7961717
-0.4194090664386749,-0.8789536952972412,0.8978187330383579,0.6805077195167542,-2.6289148330688477,2.04354311165231,1766201851.7961364
-0.4194090664386749,-0.8789536952972412,0.8978187330383579,0.6803550124168396,-2.629277467727661,2.0428371709005293,1766201851.8061194
-0.4253549575805664,-0.8857449293136597,0.8985300676904221,0.6803550124168396,-2.629277467727661,2.0428371709005293,1766201851.8061545
-0.4253549575805664,-0.8857449293136597,0.8985300676904221,0.680375337600708,-2.629265546798706,2.042575865977245,1766201851.8160882
-0.4306803047657013,-0.8917823433876038,0.9096240741878351,0.680375337600708,-2.629265546798706,2.042575865977245,1766201851.816123
-0.4306803047657013,-0.8917823433876038,0.9096240741878351,0.6804084777832031,-2.629153251647949,2.0427984825403778,1766201851.81614
-0.43628498911857605,-0.8986036777496338,0.9071168544746102,0.6804084777832031,-2.629153251647949,2.0427984825403778,1766201851.8161492
-0.43628498911857605,-0.8986036777496338,0.9071168544746102,0.6803643107414246,-2.629286050796509,2.0425785435775063,1766201851.8261025
-0.44186142086982727,-0.9051627516746521,0.9109280832130591,0.6803643107414246,-2.629286050796509,2.0425785435775063,1766201851.8261333
-0.4472140669822693,-0.9117698669433594,0.9171535587632217,0.6803643107414246,-2.629286050796509,2.0425785435775063,1766201851.8460414
-0.4472140669822693,-0.9117698669433594,0.9171535587632217,0.6803616881370544,-2.629133939743042,2.0431068491872613,1766201851.8460271
-0.4522431194782257,-0.9179854989051819,0.9255938731044251,0.6803616881370544,-2.629133939743042,2.0431068491872613,1766201851.8460526
-0.4522431194782257,-0.9179854989051819,0.9255938731044251,0.6803863048553467,-2.629041910171509,2.0432864548994347,1766201851.846049
-0.4522431194782257,-0.9179854989051819,0.9255938731044251,0.6799254417419434,-2.6298398971557617,2.041045337001526,1766201851.8561215
-0.457589715719223,-0.9244464039802551,0.9276295708521107,0.6799254417419434,-2.6298398971557617,2.041045337001526,1766201851.8561575
-0.46309971809387207,-0.9312570095062256,0.92846160687756,0.6799254417419434,-2.6298398971557617,2.041045337001526,1766201851.8661594
-0.46309971809387207,-0.9312570095062256,0.92846160687756,0.6804097294807434,-2.6288788318634033,2.043722742308048,1766201851.8661256
-0.46841341257095337,-0.937889039516449,0.9284502381450344,0.6804097294807434,-2.6288788318634033,2.043722742308048,1766201851.8761315
-0.46841341257095337,-0.937889039516449,0.9284502381450344,0.6803069114685059,-2.6293485164642334,2.0426029097119054,1766201851.8760967
-0.4734613597393036,-0.9442355036735535,0.9321986332167183,0.6803069114685059,-2.6293485164642334,2.0426029097119054,1766201851.8762212
-0.4734613597393036,-0.9442355036735535,0.9321986332167183,0.680241584777832,-2.6287524700164795,2.0447625917728804,1766201851.8761504
-0.4734613597393036,-0.9442355036735535,0.9321986332167183,0.6804315447807312,-2.629072904586792,2.0431217730445796,1766201851.8861263
-0.4789417088031769,-0.9508881568908691,0.9347458792075019,0.6804315447807312,-2.629072904586792,2.0431217730445796,1766201851.8861618
-0.4789417088031769,-0.9508881568908691,0.9347458792075019,0.6803937554359436,-2.6291744709014893,2.0428060558689602,1766201851.8961284
-0.48382899165153503,-0.9571792483329773,0.935798168812709,0.6803937554359436,-2.6291744709014893,2.0428060558689602,1766201851.8961635
-0.48382899165153503,-0.9571792483329773,0.935798168812709,0.6803728342056274,-2.629204511642456,2.042712458825444,1766201851.9060948
-0.4887261390686035,-0.9636365175247192,0.9370914200022107,0.6803728342056274,-2.629204511642456,2.042712458825444,1766201851.9061308
-0.4941098392009735,-0.970277726650238,0.9390823817862602,0.6803728342056274,-2.629204511642456,2.042712458825444,1766201851.9161825
-0.4941098392009735,-0.970277726650238,0.9390823817862602,0.6803926229476929,-2.629185914993286,2.0427877010518847,1766201851.916148
-0.4991039037704468,-0.9765336513519287,0.9428563997677162,0.6803926229476929,-2.629185914993286,2.0427877010518847,1766201851.9162087
-0.4991039037704468,-0.9765336513519287,0.9428563997677162,0.6804473400115967,-2.6290745735168457,2.042999570989738,1766201851.9162
-0.4991039037704468,-0.9765336513519287,0.9428563997677162,0.680321455001831,-2.6286351680755615,2.045010009109631,1766201851.926062
-0.5043851137161255,-0.9833264946937561,0.9426567634945767,0.680321455001831,-2.6286351680755615,2.045010009109631,1766201851.9260967
-0.5043851137161255,-0.9833264946937561,0.9426567634945767,0.6801373362541199,-2.629148006439209,2.043385693071297,1766201851.946114
-0.5093548893928528,-0.9898197650909424,0.9487820125134481,0.6801373362541199,-2.629148006439209,2.043385693071297,1766201851.9461484
-0.5093548893928528,-0.9898197650909424,0.9487820125134481,0.6803292632102966,-2.6285593509674072,2.045405085421373,1766201851.9461658
-0.5146449208259583,-0.9967172741889954,0.946600053853046,0.6803292632102966,-2.6285593509674072,2.045405085421373,1766201851.9461749
-0.5146449208259583,-0.9967172741889954,0.946600053853046,0.6804013252258301,-2.629045248031616,2.0431720568593623,1766201851.956127
-0.5194322466850281,-1.0032775402069092,0.9523787926857926,0.6804013252258301,-2.629045248031616,2.0431720568593623,1766201851.9561617
-0.5194322466850281,-1.0032775402069092,0.9523787926857926,0.6802405118942261,-2.628671884536743,2.0450073737973358,1766201851.9661155
-0.5247299075126648,-1.0102068185806274,0.9523297499648513,0.6802405118942261,-2.628671884536743,2.0450073737973358,1766201851.9661508
-0.5247299075126648,-1.0102068185806274,0.9523297499648513,0.6801125407218933,-2.6290640830993652,2.0436663932385875,1766201851.9662225
-0.5297881364822388,-1.0169645547866821,0.9579880262586531,0.6801125407218933,-2.6290640830993652,2.0436663932385875,1766201851.966241
-0.5297881364822388,-1.0169645547866821,0.9579880262586531,0.680142343044281,-2.6290624141693115,2.04355040464305,1766201851.9759777
-0.535132646560669,-1.024001955986023,0.9593868524991883,0.680142343044281,-2.6290624141693115,2.04355040464305,1766201851.9759862
-0.5402705073356628,-1.0308939218521118,0.966163401968636,0.680142343044281,-2.6290624141693115,2.04355040464305,1766201851.9860632
-0.5402705073356628,-1.0308939218521118,0.966163401968636,0.6805099248886108,-2.628812313079834,2.0439309878292136,1766201851.9860494
-0.545155942440033,-1.038217306137085,0.9594037267535235,0.6805099248886108,-2.628812313079834,2.0439309878292136,1766201851.9960308
-0.545155942440033,-1.038217306137085,0.9594037267535235,0.6805123090744019,-2.6289234161376953,2.043621339373289,1766201851.9960175
-0.545155942440033,-1.038217306137085,0.9594037267535235,0.6803410649299622,-2.6293675899505615,2.042540676738929,1766201852.0061255
-0.5504334568977356,-1.0452778339385986,0.9679694887011505,0.6803410649299622,-2.6293675899505615,2.042540676738929,1766201852.0061631
-0.5504334568977356,-1.0452778339385986,0.9679694887011505,0.6802736520767212,-2.628955125808716,2.043652725395478,1766201852.0161107
-0.5564137101173401,-1.0524989366531372,0.9811311858643679,0.6802736520767212,-2.628955125808716,2.043652725395478,1766201852.0161462
-0.5564137101173401,-1.0524989366531372,0.9811311858643679,0.6802451014518738,-2.628983974456787,2.0434023586422687,1766201852.016164
-0.56195467710495,-1.0599758625030518,0.9857015924551772,0.6802451014518738,-2.628983974456787,2.0434023586422687,1766201852.0161731
-0.56195467710495,-1.0599758625030518,0.9857015924551772,0.6804614067077637,-2.629103183746338,2.0429843376183077,1766201852.0261188
-0.5671830177307129,-1.0673503875732422,0.9924536433984358,0.6804614067077637,-2.629103183746338,2.0429843376183077,1766201852.026148
-0.5729816555976868,-1.0751545429229736,0.9982028170677979,0.6804614067077637,-2.629103183746338,2.0429843376183077,1766201852.0360703
-0.5729816555976868,-1.0751545429229736,0.9982028170677979,0.6802623271942139,-2.6286494731903076,2.0449555413572047,1766201852.0360594
-0.5729816555976868,-1.0751545429229736,0.9982028170677979,0.6804508566856384,-2.6291213035583496,2.0428655031939496,1766201852.0461788
-0.5779536962509155,-1.0832078456878662,0.9924926611229835,0.6804508566856384,-2.6291213035583496,2.0428655031939496,1766201852.04619
-0.5842417478561401,-1.0911027193069458,1.0061314899435707,0.6804508566856384,-2.6291213035583496,2.0428655031939496,1766201852.05615
-0.5842417478561401,-1.0911027193069458,1.0061314899435707,0.68034827709198,-2.629343032836914,2.0423270129063265,1766201852.0561152
-0.5900513529777527,-1.099190354347229,1.0120512516306206,0.68034827709198,-2.629343032836914,2.0423270129063265,1766201852.0561745
-0.5900513529777527,-1.099190354347229,1.0120512516306206,0.6804144382476807,-2.629149913787842,2.042756426146234,1766201852.0561655
-0.5900513529777527,-1.099190354347229,1.0120512516306206,0.6802523136138916,-2.6286206245422363,2.0451119264252244,1766201852.066119
-0.5953928828239441,-1.1074343919754028,1.0161907428652632,0.6802523136138916,-2.6286206245422363,2.0451119264252244,1766201852.0661283
-0.5953928828239441,-1.1074343919754028,1.0161907428652632,0.6803579330444336,-2.6292123794555664,2.0426459072761336,1766201852.0761056
-0.6009268760681152,-1.1159279346466064,1.0211274373137018,0.6803579330444336,-2.6292123794555664,2.0426459072761336,1766201852.0761404
-0.6009268760681152,-1.1159279346466064,1.0211274373137018,0.6802955865859985,-2.629361391067505,2.042482103922569,1766201852.08612
-0.6063705682754517,-1.1245582103729248,1.0238952959089507,0.6802955865859985,-2.629361391067505,2.042482103922569,1766201852.0861592
-0.6063705682754517,-1.1245582103729248,1.0238952959089507,0.6801612377166748,-2.628969669342041,2.0438070386402196,1766201852.096093
-0.6117925643920898,-1.1333396434783936,1.0266508631287956,0.6801612377166748,-2.628969669342041,2.0438070386402196,1766201852.0961294
-0.6167592406272888,-1.141994833946228,1.0306982292836557,0.6801612377166748,-2.628969669342041,2.0438070386402196,1766201852.1061687
-0.6167592406272888,-1.141994833946228,1.0306982292836557,0.6801526546478271,-2.628998279571533,2.043762767223486,1766201852.1061318
-0.6167592406272888,-1.141994833946228,1.0306982292836557,0.6803921461105347,-2.6290242671966553,2.0431922683674477,1766201852.1161015
-0.6218183040618896,-1.1510504484176636,1.0321447827010213,0.6803921461105347,-2.6290242671966553,2.0431922683674477,1766201852.1161358
-0.6218183040618896,-1.1510504484176636,1.0321447827010213,0.680175244808197,-2.6290409564971924,2.043507145866439,1766201852.116154
-0.6268721222877502,-1.160102367401123,1.033539141993932,0.680175244808197,-2.6290409564971924,2.043507145866439,1766201852.1161633
-0.6268721222877502,-1.160102367401123,1.033539141993932,0.6801760196685791,-2.6288132667541504,2.044558362441206,1766201852.1260607
-0.6319348216056824,-1.169252634048462,1.0329590704605442,0.6801760196685791,-2.6288132667541504,2.044558362441206,1766201852.126072
-0.636486828327179,-1.1784039735794067,1.038271691527904,0.6801760196685791,-2.6288132667541504,2.044558362441206,1766201852.1361573
-0.636486828327179,-1.1784039735794067,1.038271691527904,0.6801657676696777,-2.628787040710449,2.0445500828601326,1766201852.136122
-0.636486828327179,-1.1784039735794067,1.038271691527904,0.6801505088806152,-2.629211187362671,2.043402570713337,1766201852.1461031
-0.6412388682365417,-1.187684178352356,1.0388232528687547,0.6801505088806152,-2.629211187362671,2.043402570713337,1766201852.1461377
-0.6412388682365417,-1.187684178352356,1.0388232528687547,0.6800975799560547,-2.6292502880096436,2.0435681238252035,1766201852.156061
-0.6458665728569031,-1.197039008140564,1.0392960195929546,0.6800975799560547,-2.6292502880096436,2.0435681238252035,1766201852.156096
-0.6503812670707703,-1.206384301185608,1.0382114639914544,0.6800975799560547,-2.6292502880096436,2.0435681238252035,1766201852.166136
-0.6503812670707703,-1.206384301185608,1.0382114639914544,0.6840110421180725,-2.6243972778320312,2.075008778495936,1766201852.166102
-0.6549884676933289,-1.2158541679382324,1.040237004005045,0.6840110421180725,-2.6243972778320312,2.075008778495936,1766201852.1661625
-0.6549884676933289,-1.2158541679382324,1.040237004005045,0.683915913105011,-2.619917392730713,2.0525685534829767,1766201852.1661537
-0.6549884676933289,-1.2158541679382324,1.040237004005045,0.6840132474899292,-2.619290590286255,2.05167562517201,1766201852.176032
-0.6593018174171448,-1.225210428237915,1.0425736383282247,0.6840132474899292,-2.619290590286255,2.05167562517201,1766201852.1760418
-0.6637178063392639,-1.2347079515457153,1.0413702321471983,0.6840132474899292,-2.619290590286255,2.05167562517201,1766201852.1861315
-0.6637178063392639,-1.2347079515457153,1.0413702321471983,0.6838733553886414,-2.619666337966919,2.0521980009229766,1766201852.1860967
-0.6681153774261475,-1.244274616241455,1.0404226720702163,0.6838733553886414,-2.619666337966919,2.0521980009229766,1766201852.1961641
-0.6681153774261475,-1.244274616241455,1.0404226720702163,0.6838492751121521,-2.619873046875,2.0530172429747733,1766201852.1961293
-0.6681153774261475,-1.244274616241455,1.0404226720702163,0.6838537454605103,-2.619858980178833,2.052414654837809,1766201852.206103
-0.6723634600639343,-1.253815770149231,1.038046911399319,0.6838537454605103,-2.619858980178833,2.052414654837809,1766201852.206144
-0.6723634600639343,-1.253815770149231,1.038046911399319,0.6838899254798889,-2.619455575942993,2.0514624798511183,1766201852.2160676
-0.6764258742332458,-1.2634581327438354,1.041092377009672,0.6838899254798889,-2.619455575942993,2.0514624798511183,1766201852.2161036
-0.6764258742332458,-1.2634581327438354,1.041092377009672,0.6840463280677795,-2.619175434112549,2.0534708961598573,1766201852.2161224
-0.6806570291519165,-1.2731389999389648,1.0402388892368042,0.6840463280677795,-2.619175434112549,2.0534708961598573,1766201852.2162216
-0.6848659515380859,-1.2829447984695435,1.0390094979365865,0.6840463280677795,-2.619175434112549,2.0534708961598573,1766201852.2261498
-0.6848659515380859,-1.2829447984695435,1.0390094979365865,0.6840088367462158,-2.6191437244415283,2.052630540549471,1766201852.2261143
-0.6887062191963196,-1.2926757335662842,1.0403781487773225,0.6840088367462158,-2.6191437244415283,2.052630540549471,1766201852.236137
-0.6887062191963196,-1.2926757335662842,1.0403781487773225,0.6837356090545654,-2.6196882724761963,2.049744271726405,1766201852.2361026
-0.6927375197410583,-1.3025604486465454,1.0399847212485982,0.6837356090545654,-2.6196882724761963,2.049744271726405,1766201852.24611
-0.6927375197410583,-1.3025604486465454,1.0399847212485982,0.6839279532432556,-2.619602680206299,2.0523025708471336,1766201852.2460735
-0.6966831684112549,-1.312532663345337,1.037830749236185,0.6839279532432556,-2.619602680206299,2.0523025708471336,1766201852.256176
-0.6966831684112549,-1.312532663345337,1.037830749236185,0.6840653419494629,-2.619377851486206,2.053113427128892,1766201852.256141
-0.7002851963043213,-1.322508692741394,1.0397694145507133,0.6840653419494629,-2.619377851486206,2.053113427128892,1766201852.2661538
-0.7002851963043213,-1.322508692741394,1.0397694145507133,0.6840754747390747,-2.619194269180298,2.052267897864189,1766201852.2661157
-0.7041035294532776,-1.3326257467269897,1.0378137942682693,0.6840754747390747,-2.619194269180298,2.052267897864189,1766201852.266181
-0.7041035294532776,-1.3326257467269897,1.0378137942682693,0.6841145753860474,-2.6192870140075684,2.0540889515911824,1766201852.2661717
-0.7041035294532776,-1.3326257467269897,1.0378137942682693,0.6840176582336426,-2.6195852756500244,2.054070393663593,1766201852.2760699
-0.7075136303901672,-1.3426666259765625,1.0389690180768758,0.6840176582336426,-2.6195852756500244,2.054070393663593,1766201852.276106
-0.7075136303901672,-1.3426666259765625,1.0389690180768758,0.6837422847747803,-2.6244289875030518,2.0743491968294667,1766201852.2860625
-0.7112917900085449,-1.3529505729675293,1.0382610232027198,0.6837422847747803,-2.6244289875030518,2.0743491968294667,1766201852.2860985
-0.7146607637405396,-1.363178014755249,1.0392909789940612,0.6837422847747803,-2.6244289875030518,2.0743491968294667,1766201852.2961566
-0.7146607637405396,-1.363178014755249,1.0392909789940612,0.6803073883056641,-2.629401922225952,2.0428024216159013,1766201852.2961216
-0.7146607637405396,-1.363178014755249,1.0392909789940612,0.6808201670646667,-2.6331794261932373,2.0311830734202445,1766201852.3060813
-0.7181636691093445,-1.3735032081604004,1.03743001832632,0.6808201670646667,-2.6331794261932373,2.0311830734202445,1766201852.3061168
-0.7181636691093445,-1.3735032081604004,1.03743001832632,0.6839657425880432,-2.623446226119995,2.073662839723758,1766201852.3160644
-0.7213498950004578,-1.3838415145874023,1.039218045453021,0.6839657425880432,-2.623446226119995,2.073662839723758,1766201852.3161001
-0.7213498950004578,-1.3838415145874023,1.039218045453021,0.683940052986145,-2.6197617053985596,2.0537309856337562,1766201852.3161175
-0.7247360348701477,-1.3942924737930298,1.0363133494341852,0.683940052986145,-2.6197617053985596,2.0537309856337562,1766201852.316127
-0.7276630401611328,-1.4046462774276733,1.0374230530404027,0.683940052986145,-2.6197617053985596,2.0537309856337562,1766201852.3261273
-0.7276630401611328,-1.4046462774276733,1.0374230530404027,0.6839538216590881,-2.6194493770599365,2.052109675329849,1766201852.326092
-0.7276630401611328,-1.4046462774276733,1.0374230530404027,0.6838842630386353,-2.619832754135132,2.053103748480288,1766201852.336087
-0.7308662533760071,-1.4152367115020752,1.0357684265328353,0.6838842630386353,-2.619832754135132,2.053103748480288,1766201852.3361223
-0.7338055372238159,-1.4255928993225098,1.0360691215607736,0.6838842630386353,-2.619832754135132,2.053103748480288,1766201852.3461492
-0.7338055372238159,-1.4255928993225098,1.0360691215607736,0.6839054226875305,-2.6234982013702393,2.0705612293764992,1766201852.3461142
-0.7338055372238159,-1.4255928993225098,1.0360691215607736,0.6837836503982544,-2.6236867904663086,2.0693791940489508,1766201852.3561022
-0.7366524338722229,-1.4360264539718628,1.0372117235067861,0.6837836503982544,-2.6236867904663086,2.0693791940489508,1766201852.3561368
-0.7366524338722229,-1.4360264539718628,1.0372117235067861,0.6837394833564758,-2.6237401962280273,2.0689270874457684,1766201852.3661194
-0.7396304607391357,-1.4465259313583374,1.0339582894518784,0.6837394833564758,-2.6237401962280273,2.0689270874457684,1766201852.3661554
-0.7396304607391357,-1.4465259313583374,1.0339582894518784,0.6839409470558167,-2.6235342025756836,2.070380230301343,1766201852.3661735
-0.7423444986343384,-1.456920862197876,1.0355545384035663,0.6839409470558167,-2.6235342025756836,2.070380230301343,1766201852.3661828
-0.7452980875968933,-1.467443823814392,1.032097747085983,0.6839409470558167,-2.6235342025756836,2.070380230301343,1766201852.3761628
-0.7452980875968933,-1.467443823814392,1.032097747085983,0.6842485666275024,-2.6231393814086914,2.072868131346129,1766201852.3761282
-0.7452980875968933,-1.467443823814392,1.032097747085983,0.6841546893119812,-2.623295307159424,2.071674004877636,1766201852.3860605
-0.747756838798523,-1.477877140045166,1.032308677996626,0.6841546893119812,-2.623295307159424,2.071674004877636,1766201852.3860977
-0.747756838798523,-1.477877140045166,1.032308677996626,0.6841312646865845,-2.6232900619506836,2.0717408160737802,1766201852.3960903
-0.7506654262542725,-1.4884614944458008,1.0311117405964363,0.6841312646865845,-2.6232900619506836,2.0717408160737802,1766201852.3961258
-0.7532011866569519,-1.499047875404358,1.0327367665658664,0.6841312646865845,-2.6232900619506836,2.0717408160737802,1766201852.4061544
-0.7532011866569519,-1.499047875404358,1.0327367665658664,0.683944821357727,-2.623438835144043,2.0709355153090248,1766201852.4061186
-0.7557520270347595,-1.5097404718399048,1.032361527271657,0.683944821357727,-2.623438835144043,2.0709355153090248,1766201852.4161613
-0.7557520270347595,-1.5097404718399048,1.032361527271657,0.6840373873710632,-2.623253345489502,2.072466076198125,1766201852.4161267
-0.7585647702217102,-1.5204871892929077,1.0308127147342057,0.6840373873710632,-2.623253345489502,2.072466076198125,1766201852.4161878
-0.7585647702217102,-1.5204871892929077,1.0308127147342057,0.6840149760246277,-2.623201370239258,2.072750381534506,1766201852.4161782
-0.7611484527587891,-1.5313595533370972,1.0295848961274578,0.6840149760246277,-2.623201370239258,2.072750381534506,1766201852.4260752
-0.7611484527587891,-1.5313595533370972,1.0295848961274578,0.6839699745178223,-2.622993230819702,2.0736507995165803,1766201852.4260643
-0.7639241218566895,-1.5422025918960571,1.0289183553929455,0.6839699745178223,-2.622993230819702,2.0736507995165803,1766201852.4360316
-0.7639241218566895,-1.5422025918960571,1.0289183553929455,0.6838901042938232,-2.623385190963745,2.0716230695387403,1766201852.4360218
-0.7639241218566895,-1.5422025918960571,1.0289183553929455,0.6839314103126526,-2.623443365097046,2.071338627869196,1766201852.4461036
-0.7665319442749023,-1.553093433380127,1.0261933577283269,0.6839314103126526,-2.623443365097046,2.071338627869196,1766201852.446139
-0.7665319442749023,-1.553093433380127,1.0261933577283269,0.6841627359390259,-2.6234805583953857,2.0712739372653672,1766201852.45609
-0.7691875100135803,-1.56398344039917,1.0271668566091354,0.6841627359390259,-2.6234805583953857,2.0712739372653672,1766201852.4561257
-0.77181476354599,-1.5749397277832031,1.0238506317874199,0.6841627359390259,-2.6234805583953857,2.0712739372653672,1766201852.4661362
-0.77181476354599,-1.5749397277832031,1.0238506317874199,0.683933436870575,-2.6230242252349854,2.073513427960502,1766201852.4661002
-0.774660050868988,-1.5858702659606934,1.0222490587422084,0.683933436870575,-2.6230242252349854,2.073513427960502,1766201852.4661639
-0.774660050868988,-1.5858702659606934,1.0222490587422084,0.6841349005699158,-2.6230833530426025,2.0730333572573194,1766201852.466154
-0.7770671248435974,-1.5966778993606567,1.0223979303595347,0.6841349005699158,-2.6230833530426025,2.0730333572573194,1766201852.4761329
-0.7770671248435974,-1.5966778993606567,1.0223979303595347,0.6841447353363037,-2.6232950687408447,2.0718542690539916,1766201852.4760983
-0.7798321843147278,-1.6075173616409302,1.0199860848513636,0.6841447353363037,-2.6232950687408447,2.0718542690539916,1766201852.4861526
-0.7798321843147278,-1.6075173616409302,1.0199860848513636,0.6841714978218079,-2.6233885288238525,2.0711085239566884,1766201852.4861171
-0.7823501825332642,-1.6182353496551514,1.021221275663608,0.6841714978218079,-2.6233885288238525,2.0711085239566884,1766201852.496131
-0.7823501825332642,-1.6182353496551514,1.021221275663608,0.6839854121208191,-2.6235053539276123,2.0705638701991265,1766201852.4960961
-0.7823501825332642,-1.6182353496551514,1.021221275663608,0.6840049028396606,-2.6234896183013916,2.070626915948882,1766201852.5061169
-0.784728467464447,-1.6288132667541504,1.016735934058928,0.6840049028396606,-2.6234896183013916,2.070626915948882,1766201852.5061512
-0.7874741554260254,-1.6393089294433594,1.018424572057715,0.6840049028396606,-2.6234896183013916,2.070626915948882,1766201852.5161302
-0.7874741554260254,-1.6393089294433594,1.018424572057715,0.6840482950210571,-2.6234054565429688,2.0711644189153744,1766201852.5160935
-0.7898414731025696,-1.6498312950134277,1.0182151339931356,0.6840482950210571,-2.6234054565429688,2.0711644189153744,1766201852.5161567
-0.7898414731025696,-1.6498312950134277,1.0182151339931356,0.6839730739593506,-2.6233789920806885,2.071592729396117,1766201852.5161474
-0.791991651058197,-1.6601402759552002,1.0196512068872614,0.6839730739593506,-2.6233789920806885,2.071592729396117,1766201852.526036
-0.791991651058197,-1.6601402759552002,1.0196512068872614,0.683935284614563,-2.6235239505767822,2.0707717665448637,1766201852.526026
-0.791991651058197,-1.6601402759552002,1.0196512068872614,0.6838425993919373,-2.6236891746520996,2.070042099095821,1766201852.5360935
-0.7943535447120667,-1.6705141067504883,1.0185593560451391,0.6838425993919373,-2.6236891746520996,2.070042099095821,1766201852.5361295
-0.7963871955871582,-1.6808546781539917,1.0203928170045984,0.6838425993919373,-2.6236891746520996,2.070042099095821,1766201852.546155
-0.7963871955871582,-1.6808546781539917,1.0203928170045984,0.6838256120681763,-2.6236608028411865,2.0698417830431,1766201852.5461204
-0.7986960411071777,-1.6910706758499146,1.0183556556369342,0.6838256120681763,-2.6236608028411865,2.0698417830431,1766201852.5561619
-0.7986960411071777,-1.6910706758499146,1.0183556556369342,0.6839951872825623,-2.623434066772461,2.0713630253389823,1766201852.5561278
-0.8011598587036133,-1.7012556791305542,1.0193478683859292,0.6839951872825623,-2.623434066772461,2.0713630253389823,1766201852.5661528
-0.8011598587036133,-1.7012556791305542,1.0193478683859292,0.6842221021652222,-2.6234402656555176,2.071437634820105,1766201852.5661144
-0.8031346797943115,-1.7112953662872314,1.0236656703423057,0.6842221021652222,-2.6234402656555176,2.071437634820105,1766201852.5661805
-0.8031346797943115,-1.7112953662872314,1.0236656703423057,0.6839618682861328,-2.623589515686035,2.0700656807199795,1766201852.5661712
-0.8031346797943115,-1.7112953662872314,1.0236656703423057,0.6841684579849243,-2.623516798019409,2.0704659554659828,1766201852.5760665
-0.8058680891990662,-1.721305251121521,1.0207597499364633,0.6841684579849243,-2.623516798019409,2.0704659554659828,1766201852.5761023
-0.8058680891990662,-1.721305251121521,1.0207597499364633,0.6842084527015686,-2.6234331130981445,2.07095580032139,1766201852.58609
-0.8082951903343201,-1.731175422668457,1.0150482011623196,0.6842084527015686,-2.6234331130981445,2.07095580032139,1766201852.5861278
-0.8107336759567261,-1.7408826351165771,1.0200636048031353,0.6842084527015686,-2.6234331130981445,2.07095580032139,1766201852.5961268
-0.8107336759567261,-1.7408826351165771,1.0200636048031353,0.6842207312583923,-2.6233713626861572,2.071135240606625,1766201852.596091
-0.8107336759567261,-1.7408826351165771,1.0200636048031353,0.6841447949409485,-2.6233363151550293,2.0713296968728967,1766201852.6061206
-0.8134878277778625,-1.750639796257019,1.0157549337060263,0.6841447949409485,-2.6233363151550293,2.0713296968728967,1766201852.606156
-0.8134878277778625,-1.750639796257019,1.0157549337060263,0.6840736269950867,-2.6234800815582275,2.070298403953424,1766201852.6160908
-0.8163954615592957,-1.7602481842041016,1.016116501700558,0.6840736269950867,-2.6234800815582275,2.070298403953424,1766201852.6161263
-0.8163954615592957,-1.7602481842041016,1.016116501700558,0.6842408776283264,-2.623326539993286,2.0716196694098294,1766201852.6161442
-0.8187279105186462,-1.7697827816009521,1.0157060906037756,0.6842408776283264,-2.623326539993286,2.0716196694098294,1766201852.6161535
-0.8217135071754456,-1.7793023586273193,1.0158769825439224,0.6842408776283264,-2.623326539993286,2.0716196694098294,1766201852.6261392
-0.8217135071754456,-1.7793023586273193,1.0158769825439224,0.6839354038238525,-2.6233603954315186,2.0710542384484234,1766201852.6261044
-0.8217135071754456,-1.7793023586273193,1.0158769825439224,0.6838133931159973,-2.623380184173584,2.070812944233275,1766201852.6360774
-0.8243398070335388,-1.788716435432434,1.0166531507890457,0.6838133931159973,-2.623380184173584,2.070812944233275,1766201852.6361136
-0.8243398070335388,-1.788716435432434,1.0166531507890457,0.6842190027236938,-2.623342275619507,2.071965245793312,1766201852.646116
-0.8276917934417725,-1.7983583211898804,1.0101984840359644,0.6842190027236938,-2.623342275619507,2.071965245793312,1766201852.6461515
-0.8306052088737488,-1.8079015016555786,1.0081331101547197,0.6842190027236938,-2.623342275619507,2.071965245793312,1766201852.6561449
-0.8306052088737488,-1.8079015016555786,1.0081331101547197,0.6840001940727234,-2.623450994491577,2.0710106896975233,1766201852.6561103
-0.8331772685050964,-1.8173720836639404,1.006857053354612,0.6840001940727234,-2.623450994491577,2.0710106896975233,1766201852.666136
-0.8331772685050964,-1.8173720836639404,1.006857053354612,0.6843276619911194,-2.6233551502227783,2.0722074133885022,1766201852.6661005
-0.8361532092094421,-1.826867699623108,1.0057542212137391,0.6843276619911194,-2.6233551502227783,2.0722074133885022,1766201852.6661632
-0.8361532092094421,-1.826867699623108,1.0057542212137391,0.6838352680206299,-2.623508930206299,2.070399976184127,1766201852.6661544
-0.8361532092094421,-1.826867699623108,1.0057542212137391,0.6838042140007019,-2.6235620975494385,2.0700909408719315,1766201852.6760948
-0.8391267657279968,-1.836429476737976,1.0046126421473363,0.6838042140007019,-2.6235620975494385,2.0700909408719315,1766201852.6761298
-0.8391267657279968,-1.836429476737976,1.0046126421473363,0.6798282861709595,-2.629584312438965,2.0400744994221878,1766201852.686038
-0.8421787619590759,-1.8459192514419556,1.0027694532265625,0.6798282861709595,-2.629584312438965,2.0400744994221878,1766201852.68605
-0.8452367782592773,-1.8554418087005615,1.001572123284476,0.6798282861709595,-2.629584312438965,2.0400744994221878,1766201852.6960626
-0.8452367782592773,-1.8554418087005615,1.001572123284476,0.679702639579773,-2.6333680152893066,2.0305980286158514,1766201852.6960492
-0.8486515879631042,-1.8649077415466309,0.9982748120215315,0.679702639579773,-2.6333680152893066,2.0305980286158514,1766201852.7061577
-0.8486515879631042,-1.8649077415466309,0.9982748120215315,0.6796908974647522,-2.6332650184631348,2.030875401687473,1766201852.7061217
-0.8486515879631042,-1.8649077415466309,0.9982748120215315,0.6797984838485718,-2.629664421081543,2.041761754875444,1766201852.7161355
-0.8516212105751038,-1.8743785619735718,0.999855618496216,0.6797984838485718,-2.629664421081543,2.041761754875444,1766201852.71617
-0.8516212105751038,-1.8743785619735718,0.999855618496216,0.679935872554779,-2.6299855709075928,2.0405960412592137,1766201852.7161875
-0.8548676371574402,-1.8837802410125732,0.9991730353560602,0.679935872554779,-2.6299855709075928,2.0405960412592137,1766201852.716197
-0.8583807349205017,-1.8931351900100708,1.0015612481025078,0.679935872554779,-2.6299855709075928,2.0405960412592137,1766201852.7261443
-0.8583807349205017,-1.8931351900100708,1.0015612481025078,0.6799416542053223,-2.6299984455108643,2.040381406120754,1766201852.7261093
-0.8583807349205017,-1.8931351900100708,1.0015612481025078,0.6798949241638184,-2.629973888397217,2.040583743636217,1766201852.7361012
-0.8616355657577515,-1.9024955034255981,0.9999876208912551,0.6798949241638184,-2.629973888397217,2.040583743636217,1766201852.7361357
-0.8616355657577515,-1.9024955034255981,0.9999876208912551,0.6796801686286926,-2.629564046859741,2.0423066080519323,1766201852.7460852
-0.8649730086326599,-1.9117156267166138,0.9986588745958206,0.6796801686286926,-2.629564046859741,2.0423066080519323,1766201852.7461205
-0.8649730086326599,-1.9117156267166138,0.9986588745958206,0.6798921227455139,-2.6299667358398438,2.040562925995962,1766201852.7559881
-0.8682716488838196,-1.9209057092666626,0.9967312259785777,0.6798921227455139,-2.6299667358398438,2.040562925995962,1766201852.7559977
-0.8715770244598389,-1.930068850517273,0.9951585282620097,0.6798921227455139,-2.6299667358398438,2.040562925995962,1766201852.7661564
-0.8715770244598389,-1.930068850517273,0.9951585282620097,0.6796432733535767,-2.6297552585601807,2.0413456958634812,1766201852.7661211
-0.8749529123306274,-1.9391655921936035,0.9950508120269752,0.6796432733535767,-2.6297552585601807,2.0413456958634812,1766201852.7661834
-0.8749529123306274,-1.9391655921936035,0.9950508120269752,0.6798528432846069,-2.6299798488616943,2.0405408618792156,1766201852.7661743
-0.8784612417221069,-1.9482101202011108,0.9947701701746686,0.6798528432846069,-2.6299798488616943,2.0405408618792156,1766201852.7760222
-0.8784612417221069,-1.9482101202011108,0.9947701701746686,0.6799490451812744,-2.6299121379852295,2.0408428479311307,1766201852.776013
-0.8784612417221069,-1.9482101202011108,0.9947701701746686,0.6799268126487732,-2.6299526691436768,2.0406984102006014,1766201852.7860582
-0.8818575143814087,-1.9573085308074951,0.9943219215111383,0.6799268126487732,-2.6299526691436768,2.0406984102006014,1766201852.786068
-0.8851587176322937,-1.9662775993347168,0.9939919578870564,0.6799268126487732,-2.6299526691436768,2.0406984102006014,1766201852.7961571
-0.8851587176322937,-1.9662775993347168,0.9939919578870564,0.6797418594360352,-2.6296682357788086,2.04175544503777,1766201852.796122
-0.8851587176322937,-1.9662775993347168,0.9939919578870564,0.6799963712692261,-2.6299264430999756,2.0407635733917644,1766201852.8060746
-0.8885290026664734,-1.975270390510559,0.9945780201155718,0.6799963712692261,-2.6299264430999756,2.0407635733917644,1766201852.8061101
-0.8885290026664734,-1.975270390510559,0.9945780201155718,0.6799322366714478,-2.6299679279327393,2.0407263239356204,1766201852.8160875
-0.8919716477394104,-1.9841277599334717,0.9940379679714008,0.6799322366714478,-2.6299679279327393,2.0407263239356204,1766201852.8161237
-0.8919716477394104,-1.9841277599334717,0.9940379679714008,0.6799940466880798,-2.629956007003784,2.0406699564330295,1766201852.816141
-0.8953739404678345,-1.9929860830307007,0.9927586163760753,0.6799940466880798,-2.629956007003784,2.0406699564330295,1766201852.81615
-0.898540198802948,-2.001633644104004,0.9903245098460495,0.6799940466880798,-2.629956007003784,2.0406699564330295,1766201852.826146
-0.898540198802948,-2.001633644104004,0.9903245098460495,0.6800071597099304,-2.6299149990081787,2.040746309742055,1766201852.8261113
-0.9018006920814514,-2.0103373527526855,0.9907902142681455,0.6800071597099304,-2.6299149990081787,2.040746309742055,1766201852.8361387
-0.9018006920814514,-2.0103373527526855,0.9907902142681455,0.6799633502960205,-2.629912853240967,2.0407511754780288,1766201852.8361037
-0.9050754308700562,-2.0189759731292725,0.9896078002718431,0.6799633502960205,-2.629912853240967,2.0407511754780288,1766201852.8461442
-0.9050754308700562,-2.0189759731292725,0.9896078002718431,0.6799673438072205,-2.6298835277557373,2.0408655557809015,1766201852.84611
-0.9050754308700562,-2.0189759731292725,0.9896078002718431,0.6799801588058472,-2.6299521923065186,2.0405581881571253,1766201852.8560958
-0.9082865118980408,-2.027498722076416,0.9880216044872773,0.6799801588058472,-2.6299521923065186,2.0405581881571253,1766201852.8561301
-0.9114429950714111,-2.035940647125244,0.9865566159713957,0.6799801588058472,-2.6299521923065186,2.0405581881571253,1766201852.8661485
-0.9114429950714111,-2.035940647125244,0.9865566159713957,0.6799715757369995,-2.629880905151367,2.040822289467231,1766201852.866112
-0.9144911170005798,-2.044379234313965,0.9826701874290635,0.6799715757369995,-2.629880905151367,2.040822289467231,1766201852.8661752
-0.9144911170005798,-2.044379234313965,0.9826701874290635,0.6807587146759033,-2.6281545162200928,2.046877200806693,1766201852.8661659
-0.9144911170005798,-2.044379234313965,0.9826701874290635,0.6799400448799133,-2.6299047470092773,2.040783024506956,1766201852.876102
-0.9174838662147522,-2.0527257919311523,0.9816249127233507,0.6799400448799133,-2.6299047470092773,2.040783024506956,1766201852.876137
-0.9174838662147522,-2.0527257919311523,0.9816249127233507,0.6798664331436157,-2.629937171936035,2.040705170158919,1766201852.8860881
-0.9205064177513123,-2.0611042976379395,0.9792176615751855,0.6798664331436157,-2.629937171936035,2.040705170158919,1766201852.886126
-0.9234594106674194,-2.0693247318267822,0.9761218387563722,0.6798664331436157,-2.629937171936035,2.040705170158919,1766201852.8961008
-0.9234594106674194,-2.0693247318267822,0.9761218387563722,0.6806838512420654,-2.6281683444976807,2.04678460735496,1766201852.8960662
-0.9263297915458679,-2.077486991882324,0.972618228817944,0.6806838512420654,-2.6281683444976807,2.04678460735496,1766201852.9061246
-0.9263297915458679,-2.077486991882324,0.972618228817944,0.679939329624176,-2.629911422729492,2.0407368177361835,1766201852.9060884
-0.9291471242904663,-2.085563898086548,0.9685705245702746,0.679939329624176,-2.629911422729492,2.0407368177361835,1766201852.9161637
-0.9319254159927368,-2.093463182449341,0.9645378846889529,0.679939329624176,-2.629911422729492,2.0407368177361835,1766201852.91619
-0.9319254159927368,-2.093463182449341,0.9645378846889529,0.6796472072601318,-2.6295669078826904,2.0421803830831693,1766201852.9161294
-0.9319254159927368,-2.093463182449341,0.9645378846889529,0.6799811124801636,-2.6298980712890625,2.0408107362145973,1766201852.9161808
-0.93471759557724,-2.101320505142212,0.9612442917538296,0.6799811124801636,-2.6298980712890625,2.0408107362145973,1766201852.9261436
-0.93471759557724,-2.101320505142212,0.9612442917538296,0.6799466013908386,-2.6299359798431396,2.0406604907346617,1766201852.9261088
-0.93471759557724,-2.101320505142212,0.9612442917538296,0.6799355149269104,-2.6299586296081543,2.0406043579854902,1766201852.936049
-0.9373897314071655,-2.1091091632843018,0.9560508496180699,0.6799355149269104,-2.6299586296081543,2.0406043579854902,1766201852.9360852
-0.9373897314071655,-2.1091091632843018,0.9560508496180699,0.6799709796905518,-2.6299777030944824,2.0404800493069972,1766201852.946111
-0.9400493502616882,-2.1167843341827393,0.9526786061679872,0.6799709796905518,-2.6299777030944824,2.0404800493069972,1766201852.946146
-0.9400493502616882,-2.1167843341827393,0.9526786061679872,0.6799853444099426,-2.6298155784606934,2.0411216943034907,1766201852.9560854
-0.9428178668022156,-2.1243221759796143,0.9473731655515207,0.6799853444099426,-2.6298155784606934,2.0411216943034907,1766201852.9561214
-0.9428178668022156,-2.1243221759796143,0.9473731655515207,0.6805878281593323,-2.628033399581909,2.046744086489481,1766201852.966122
-0.9449802041053772,-2.1319637298583984,0.9418246988296425,0.6805878281593323,-2.628033399581909,2.046744086489481,1766201852.9661562
-0.9449802041053772,-2.1319637298583984,0.9418246988296425,0.6799803376197815,-2.629859209060669,2.0409763207598024,1766201852.9661732
-0.9476275444030762,-2.139261245727539,0.9413007909456443,0.6799803376197815,-2.629859209060669,2.0409763207598024,1766201852.9661822
-0.9501180052757263,-2.146512269973755,0.9372205268018757,0.6799803376197815,-2.629859209060669,2.0409763207598024,1766201852.9761643
-0.9501180052757263,-2.146512269973755,0.9372205268018757,0.6808889508247375,-2.628037691116333,2.047599932249069,1766201852.97613
-0.9525986909866333,-2.153594732284546,0.933569070217411,0.6808889508247375,-2.628037691116333,2.047599932249069,1766201852.9860609
-0.9525986909866333,-2.153594732284546,0.933569070217411,0.679793655872345,-2.629406452178955,2.0421375472892374,1766201852.9860501
-0.9549580812454224,-2.1605193614959717,0.9282978700586946,0.679793655872345,-2.629406452178955,2.0421375472892374,1766201852.9961379
-0.9549580812454224,-2.1605193614959717,0.9282978700586946,0.6808767318725586,-2.6280951499938965,2.047804436505875,1766201852.9961033
-0.9549580812454224,-2.1605193614959717,0.9282978700586946,0.6799782514572144,-2.629873752593994,2.0410918125016337,1766201853.0061154
-0.9574670195579529,-2.167173147201538,0.9232035294616097,0.6799782514572144,-2.629873752593994,2.0410918125016337,1766201853.006153
-0.9574670195579529,-2.167173147201538,0.9232035294616097,0.6799466609954834,-2.6299593448638916,2.0406611401136625,1766201853.0160906
-0.9597511887550354,-2.1735970973968506,0.9181505878213112,0.6799466609954834,-2.6299593448638916,2.0406611401136625,1766201853.0161266
-0.9597511887550354,-2.1735970973968506,0.9181505878213112,0.6799464225769043,-2.6299071311950684,2.0408251107688797,1766201853.0161445
-0.961854875087738,-2.179758071899414,0.9142579988324621,0.6799464225769043,-2.6299071311950684,2.0408251107688797,1766201853.0161536
-0.9639663696289062,-2.1856114864349365,0.9105215404999855,0.6799464225769043,-2.6299071311950684,2.0408251107688797,1766201853.0260673
-0.9639663696289062,-2.1856114864349365,0.9105215404999855,0.6800073385238647,-2.6298956871032715,2.0408931692213828,1766201853.0260544
-0.9658651351928711,-2.1913535594940186,0.9092338828830592,0.6800073385238647,-2.6298956871032715,2.0408931692213828,1766201853.0360134
-0.9658651351928711,-2.1913535594940186,0.9092338828830592,0.6800525784492493,-2.629804849624634,2.0412516927000213,1766201853.0360038
-0.967433750629425,-2.1969997882843018,0.9012021079066582,0.6800525784492493,-2.629804849624634,2.0412516927000213,1766201853.0460684
-0.967433750629425,-2.1969997882843018,0.9012021079066582,0.6800516247749329,-2.629849433898926,2.0409233924903556,1766201853.046057
-0.9694556593894958,-2.202148675918579,0.9054758754822605,0.6800516247749329,-2.629849433898926,2.0409233924903556,1766201853.0560725
-0.9694556593894958,-2.202148675918579,0.9054758754822605,0.6800395846366882,-2.629889965057373,2.0408929084597367,1766201853.0560572
-0.9694556593894958,-2.202148675918579,0.9054758754822605,0.6804344654083252,-2.629251718521118,2.042630070984728,1766201853.0661216
-0.9709396362304688,-2.2074244022369385,0.9004597148456013,0.6804344654083252,-2.629251718521118,2.042630070984728,1766201853.0661573
-0.9709396362304688,-2.2074244022369385,0.9004597148456013,0.6803921461105347,-2.6293132305145264,2.042553404160029,1766201853.0661747
-0.9726559519767761,-2.2123467922210693,0.9040166262130327,0.6803921461105347,-2.6293132305145264,2.042553404160029,1766201853.0661838
-0.9741927981376648,-2.2172443866729736,0.90409258494659,0.6803921461105347,-2.6293132305145264,2.042553404160029,1766201853.0759869
-0.9741927981376648,-2.2172443866729736,0.90409258494659,0.6804039478302002,-2.6290769577026367,2.0431507226007164,1766201853.075978
-0.9741927981376648,-2.2172443866729736,0.90409258494659,0.6803876161575317,-2.629220485687256,2.042885203592265,1766201853.0860598
-0.975599467754364,-2.222071886062622,0.8984540410723302,0.6803876161575317,-2.629220485687256,2.042885203592265,1766201853.0860949
-0.975599467754364,-2.222071886062622,0.8984540410723302,0.6804190874099731,-2.629138469696045,2.0428038206370083,1766201853.0960922
-0.9771953225135803,-2.22662353515625,0.9020824166729036,0.6804190874099731,-2.629138469696045,2.0428038206370083,1766201853.096128
-0.9771953225135803,-2.22662353515625,0.9020824166729036,0.6799030303955078,-2.6298701763153076,2.0409781284265325,1766201853.1061153
-0.9787726402282715,-2.23073148727417,0.9026154063106965,0.6799030303955078,-2.6298701763153076,2.0409781284265325,1766201853.106151
-0.9787726402282715,-2.23073148727417,0.9026154063106965,0.6803331971168518,-2.6293067932128906,2.0424575411666934,1766201853.1160994
-0.9800263047218323,-2.235105276107788,0.9098054359665795,0.6803331971168518,-2.6293067932128906,2.0424575411666934,1766201853.1161346
-0.9800263047218323,-2.235105276107788,0.9098054359665795,0.6803614497184753,-2.6291604042053223,2.042822307057194,1766201853.1161523
-0.9815249443054199,-2.239750862121582,0.8993385068107544,0.6803614497184753,-2.6291604042053223,2.042822307057194,1766201853.1161616
-0.9815249443054199,-2.239750862121582,0.8993385068107544,0.6803196668624878,-2.6293270587921143,2.0423355014615714,1766201853.1260397
-0.9829027652740479,-2.2438852787017822,0.8991410125533507,0.6803196668624878,-2.6293270587921143,2.0423355014615714,1766201853.126051
-0.9829027652740479,-2.2438852787017822,0.8991410125533507,0.6803489327430725,-2.6293091773986816,2.0424595344320093,1766201853.1361127
-0.9837745428085327,-2.247659921646118,0.9038830957714277,0.6803489327430725,-2.6293091773986816,2.0424595344320093,1766201853.1361492
-0.9859440922737122,-2.2514827251434326,0.8957795589921224,0.6803489327430725,-2.6293091773986816,2.0424595344320093,1766201853.1461308
-0.9859440922737122,-2.2514827251434326,0.8957795589921224,0.6799566149711609,-2.6299068927764893,2.0407010238171788,1766201853.146093
-0.9865566492080688,-2.2553131580352783,0.9007987271997334,0.6799566149711609,-2.6299068927764893,2.0407010238171788,1766201853.1561494
-0.9865566492080688,-2.2553131580352783,0.9007987271997334,0.6801884174346924,-2.6289663314819336,2.04366238960673,1766201853.1561146
-0.9883100986480713,-2.259385585784912,0.8890385327154547,0.6801884174346924,-2.6289663314819336,2.04366238960673,1766201853.156174
-0.9883100986480713,-2.259385585784912,0.8890385327154547,0.6804388165473938,-2.6291656494140625,2.042761319662393,1766201853.156165
-0.9891480803489685,-2.2627151012420654,0.8943902995805957,0.6804388165473938,-2.6291656494140625,2.042761319662393,1766201853.1761372
-0.9891480803489685,-2.2627151012420654,0.8943902995805957,0.6801841259002686,-2.629084587097168,2.043523135722554,1766201853.1761017
-0.9915009140968323,-2.2663228511810303,0.8907911474628725,0.6801841259002686,-2.629084587097168,2.043523135722554,1766201853.1761632
-0.9915009140968323,-2.2663228511810303,0.8907911474628725,0.6802611351013184,-2.6286673545837402,2.0449378073196494,1766201853.176154
-0.9915009140968323,-2.2663228511810303,0.8907911474628725,0.6803557276725769,-2.6293036937713623,2.042631255635217,1766201853.185997
-0.9923139810562134,-2.2694482803344727,0.89731549828617,0.6803557276725769,-2.6293036937713623,2.042631255635217,1766201853.186009
-0.9923139810562134,-2.2694482803344727,0.89731549828617,0.6804601550102234,-2.629070520401001,2.0430207461305296,1766201853.196092
-0.9938557744026184,-2.272740125656128,0.8953305517801492,0.6804601550102234,-2.629070520401001,2.0430207461305296,1766201853.1961284
-0.9953425526618958,-2.2759125232696533,0.8939206396504918,0.6804601550102234,-2.629070520401001,2.0430207461305296,1766201853.2061646
-0.9953425526618958,-2.2759125232696533,0.8939206396504918,0.6801369786262512,-2.6289899349212646,2.044065561965566,1766201853.2061293
-0.9975694417953491,-2.279738426208496,0.883913920092496,0.6801369786262512,-2.6289899349212646,2.044065561965566,1766201853.216157
-0.9975694417953491,-2.279738426208496,0.883913920092496,0.6803430914878845,-2.6293752193450928,2.042285153928685,1766201853.2161222
-0.9982851147651672,-2.2821521759033203,0.8911375329406619,0.6803430914878845,-2.6293752193450928,2.042285153928685,1766201853.2161841
-0.9982851147651672,-2.2821521759033203,0.8911375329406619,0.6803775429725647,-2.629239082336426,2.0425112889489196,1766201853.2161746
-0.9998281002044678,-2.285025119781494,0.8889931405842487,0.6803775429725647,-2.629239082336426,2.0425112889489196,1766201853.2260454
-0.9998281002044678,-2.285025119781494,0.8889931405842487,0.6803766489028931,-2.629209518432617,2.0424632874822755,1766201853.2260342
-0.9998281002044678,-2.285025119781494,0.8889931405842487,0.679714024066925,-2.6295480728149414,2.0422086794129046,1766201853.2360933
-1.001219630241394,-2.28790545463562,0.8876437308848711,0.679714024066925,-2.6295480728149414,2.0422086794129046,1766201853.2361295
-1.001219630241394,-2.28790545463562,0.8876437308848711,0.6801855564117432,-2.628835916519165,2.0444243598842493,1766201853.2461174
-1.0025296211242676,-2.2907886505126953,0.8853450618915147,0.6801855564117432,-2.628835916519165,2.0444243598842493,1766201853.2461526
-1.0041230916976929,-2.2932701110839844,0.881910960123832,0.6801855564117432,-2.628835916519165,2.0444243598842493,1766201853.2561677
-1.0041230916976929,-2.2932701110839844,0.881910960123832,0.6801620721817017,-2.6288721561431885,2.044416221559179,1766201853.256133
-1.0051727294921875,-2.296067476272583,0.881356299416933,0.6801620721817017,-2.6288721561431885,2.044416221559179,1766201853.256193
-1.0051727294921875,-2.296067476272583,0.881356299416933,0.6803213357925415,-2.628633975982666,2.04508986500198,1766201853.2561836
-1.0062025785446167,-2.2987849712371826,0.8755643620358246,0.6803213357925415,-2.628633975982666,2.04508986500198,1766201853.2761424
-1.0062025785446167,-2.2987849712371826,0.8755643620358246,0.6804015636444092,-2.629333734512329,2.0424247187626463,1766201853.2761073
-1.0074379444122314,-2.3011274337768555,0.8736612488031729,0.6804015636444092,-2.629333734512329,2.0424247187626463,1766201853.2761683
-1.0074379444122314,-2.3011274337768555,0.8736612488031729,0.6803713440895081,-2.6286027431488037,2.0452423979091883,1766201853.276159
-1.0074379444122314,-2.3011274337768555,0.8736612488031729,0.6803213357925415,-2.628659248352051,2.0448787076764967,1766201853.2860456
-1.0087467432022095,-2.303366184234619,0.8715182206660368,0.6803213357925415,-2.628659248352051,2.0448787076764967,1766201853.2860556
-1.0097062587738037,-2.3057761192321777,0.8694272632990999,0.6803213357925415,-2.628659248352051,2.0448787076764967,1766201853.296155
-1.0097062587738037,-2.3057761192321777,0.8694272632990999,0.680490255355835,-2.6290669441223145,2.0431010315041993,1766201853.2961202
-1.0110279321670532,-2.307755470275879,0.871578585576738,0.680490255355835,-2.6290669441223145,2.0431010315041993,1766201853.306115
-1.0110279321670532,-2.307755470275879,0.871578585576738,0.6804100275039673,-2.6292343139648438,2.042496209948075,1766201853.3060796
-1.012329339981079,-2.3097426891326904,0.867824570492119,0.6804100275039673,-2.6292343139648438,2.042496209948075,1766201853.306141
-1.012329339981079,-2.3097426891326904,0.867824570492119,0.6804313659667969,-2.6292572021484375,2.0425260034618846,1766201853.3061316
-1.0128835439682007,-2.3119966983795166,0.862893182983998,0.6804313659667969,-2.6292572021484375,2.0425260034618846,1766201853.3160417
-1.0128835439682007,-2.3119966983795166,0.862893182983998,0.6801806688308716,-2.6291377544403076,2.0432597063013165,1766201853.3160315
-1.0128835439682007,-2.3119966983795166,0.862893182983998,0.6801534295082092,-2.629040002822876,2.0441297155724842,1766201853.3260946
-1.0139963626861572,-2.313762664794922,0.8633019436078655,0.6801534295082092,-2.629040002822876,2.0441297155724842,1766201853.3261302
-1.0139963626861572,-2.313762664794922,0.8633019436078655,0.6804231405258179,-2.629143476486206,2.042952870133078,1766201853.3360615
-1.0150463581085205,-2.315498113632202,0.8610310810416109,0.6804231405258179,-2.629143476486206,2.042952870133078,1766201853.3360968
-1.0150463581085205,-2.315498113632202,0.8610310810416109,0.680343747138977,-2.6294186115264893,2.0423235013891556,1766201853.3461237
-1.0155295133590698,-2.3174633979797363,0.8577607431771082,0.680343747138977,-2.6294186115264893,2.0423235013891556,1766201853.3461604
-1.0155295133590698,-2.3174633979797363,0.8577607431771082,0.6801041960716248,-2.6292037963867188,2.0433244226405005,1766201853.356055
-1.016309380531311,-2.319147825241089,0.8557969145114424,0.6801041960716248,-2.6292037963867188,2.0433244226405005,1766201853.35609
-1.016309380531311,-2.319147825241089,0.8557969145114424,0.680354654788971,-2.6293420791625977,2.042378560554373,1766201853.3661215
-1.0170336961746216,-2.3207027912139893,0.8540449955962215,0.680354654788971,-2.6293420791625977,2.042378560554373,1766201853.3661575
-1.0170336961746216,-2.3207027912139893,0.8540449955962215,0.6803160309791565,-2.629464864730835,2.042616118583291,1766201853.366175
-1.0176945924758911,-2.322255849838257,0.8504935480717541,0.6803160309791565,-2.629464864730835,2.042616118583291,1766201853.3661842
-1.017806053161621,-2.3241217136383057,0.8440021010216335,0.6803160309791565,-2.629464864730835,2.042616118583291,1766201853.376101
-1.017806053161621,-2.3241217136383057,0.8440021010216335,0.6803330183029175,-2.629490613937378,2.0427339021422726,1766201853.3760912
-1.0182271003723145,-2.3255622386932373,0.8440217129182906,0.6803330183029175,-2.629490613937378,2.0427339021422726,1766201853.3860855
-1.0182271003723145,-2.3255622386932373,0.8440217129182906,0.6816397905349731,-2.6280479431152344,2.052361287986765,1766201853.386075
-1.0182271003723145,-2.3255622386932373,0.8440217129182906,0.6823612451553345,-2.6281652450561523,2.0570394720843894,1766201853.3960888
-1.018821358680725,-2.3267245292663574,0.842413958189904,0.6823612451553345,-2.6281652450561523,2.0570394720843894,1766201853.3961241
-1.018821358680725,-2.3267245292663574,0.842413958189904,0.6801518201828003,-2.6291019916534424,2.0431883598980485,1766201853.4060698
-1.0193284749984741,-2.3280739784240723,0.8404912424302872,0.6801518201828003,-2.6291019916534424,2.0431883598980485,1766201853.406105
-1.0193284749984741,-2.3280739784240723,0.8404912424302872,0.6801425218582153,-2.6290485858917236,2.0433008447813035,1766201853.416069
-1.019490361213684,-2.3294999599456787,0.8410779240775249,0.6801425218582153,-2.6290485858917236,2.0433008447813035,1766201853.4161036
-1.019490361213684,-2.3294999599456787,0.8410779240775249,0.6807751655578613,-2.627898931503296,2.0488435451329408,1766201853.4161208
-1.0201845169067383,-2.3305838108062744,0.8433508124001569,0.6807751655578613,-2.627898931503296,2.0488435451329408,1766201853.4161303
-1.0201845169067383,-2.3305838108062744,0.8433508124001569,0.6803660988807678,-2.6292219161987305,2.042121541122283,1766201853.4261107
-1.0205721855163574,-2.3315889835357666,0.8437561858566427,0.6803660988807678,-2.6292219161987305,2.042121541122283,1766201853.4261444
-1.0205721855163574,-2.3315889835357666,0.8437561858566427,0.6810359358787537,-2.6279006004333496,2.0484768650121072,1766201853.4359806
-1.021011233329773,-2.3327159881591797,0.8425779878160088,0.6810359358787537,-2.6279006004333496,2.0484768650121072,1766201853.4359922
-1.021011233329773,-2.3327159881591797,0.8425779878160088,0.6804285049438477,-2.628748655319214,2.043601679755196,1766201853.4461083
-1.0214219093322754,-2.3337481021881104,0.8396934398562298,0.6804285049438477,-2.628748655319214,2.043601679755196,1766201853.4461412
-1.0214219093322754,-2.3337481021881104,0.8396934398562298,0.6801691055297852,-2.629051685333252,2.042810914391824,1766201853.4560797
-1.0216604471206665,-2.334899425506592,0.8389825296771919,0.6801691055297852,-2.629051685333252,2.042810914391824,1766201853.4561138
-1.0216604471206665,-2.334899425506592,0.8389825296771919,0.6806700825691223,-2.6279780864715576,2.0482488912284387,1766201853.456129
-1.0219730138778687,-2.3359005451202393,0.83914560435151,0.6806700825691223,-2.6279780864715576,2.0482488912284387,1766201853.4561384
-1.0219730138778687,-2.3359005451202393,0.83914560435151,0.6803391575813293,-2.6292295455932617,2.0422523382055537,1766201853.4660766
-1.022331714630127,-2.336750030517578,0.8375706907435145,0.6803391575813293,-2.6292295455932617,2.0422523382055537,1766201853.4660873
-1.022331714630127,-2.336750030517578,0.8375706907435145,0.680396556854248,-2.628941535949707,2.0429740549004363,1766201853.4761443
-1.0227046012878418,-2.3374674320220947,0.8358914094022719,0.680396556854248,-2.628941535949707,2.0429740549004363,1766201853.4761777
-1.0227046012878418,-2.3374674320220947,0.8358914094022719,0.6801161766052246,-2.6291098594665527,2.0429761742973276,1766201853.4861217
-1.0230540037155151,-2.338251829147339,0.8340986544687777,0.6801161766052246,-2.6291098594665527,2.0429761742973276,1766201853.486155
-1.0230540037155151,-2.338251829147339,0.8340986544687777,0.6804240942001343,-2.628934144973755,2.0429529279825287,1766201853.496063
-1.0233505964279175,-2.339029312133789,0.8324456625178263,0.6804240942001343,-2.628934144973755,2.0429529279825287,1766201853.4960968
-1.0233505964279175,-2.339029312133789,0.8324456625178263,0.680243968963623,-2.6286163330078125,2.0446382161443375,1766201853.5061026
-1.023193597793579,-2.340045690536499,0.8248880712304515,0.680243968963623,-2.6286163330078125,2.0446382161443375,1766201853.506136
-1.023193597793579,-2.340045690536499,0.8248880712304515,0.6802060604095459,-2.628972291946411,2.0430938371729455,1766201853.5160933
-1.023775339126587,-2.3404903411865234,0.8276750840853792,0.6802060604095459,-2.628972291946411,2.0430938371729455,1766201853.5161283
-1.023775339126587,-2.3404903411865234,0.8276750840853792,0.6802341938018799,-2.62872052192688,2.044232116737112,1766201853.5161448
-1.0240572690963745,-2.3410658836364746,0.8263342370069277,0.6802341938018799,-2.62872052192688,2.044232116737112,1766201853.516154
-1.0243061780929565,-2.3415539264678955,0.8258843618078946,0.6802341938018799,-2.62872052192688,2.044232116737112,1766201853.52612
-1.0243061780929565,-2.3415539264678955,0.8258843618078946,0.6804397702217102,-2.6291544437408447,2.042387097930319,1766201853.5261116
-1.0243061780929565,-2.3415539264678955,0.8258843618078946,0.6803640127182007,-2.629401683807373,2.0421264160513437,1766201853.5359795
-1.0245598554611206,-2.3420510292053223,0.8251963269903229,0.6803640127182007,-2.629401683807373,2.0421264160513437,1766201853.5359895
-1.02486252784729,-2.342460870742798,0.8235705744693962,0.6803640127182007,-2.629401683807373,2.0421264160513437,1766201853.5460582
-1.02486252784729,-2.342460870742798,0.8235705744693962,0.6804310083389282,-2.6290855407714844,2.0423611134458683,1766201853.5460458
-1.02486252784729,-2.342460870742798,0.8235705744693962,0.6802464723587036,-2.6286134719848633,2.0446206491413252,1766201853.5561197
-1.0251637697219849,-2.342794895172119,0.822571580095311,0.6802464723587036,-2.6286134719848633,2.0446206491413252,1766201853.5561566
-1.0251637697219849,-2.342794895172119,0.822571580095311,0.6804624795913696,-2.6289007663726807,2.0430732268923633,1766201853.5661056
-1.0255743265151978,-2.3429768085479736,0.8203031394073117,0.6804624795913696,-2.6289007663726807,2.0430732268923633,1766201853.5661392
-1.0255743265151978,-2.3429768085479736,0.8203031394073117,0.680396556854248,-2.6288204193115234,2.043316022661364,1766201853.5661561
-1.0259699821472168,-2.3431355953216553,0.8178235079118925,0.680396556854248,-2.6288204193115234,2.043316022661364,1766201853.5661654
-1.0263035297393799,-2.3432223796844482,0.8182046981777216,0.680396556854248,-2.6288204193115234,2.043316022661364,1766201853.5860837
-1.0265955924987793,-2.3432552814483643,0.817349501857802,0.680396556854248,-2.6288204193115234,2.043316022661364,1766201853.5860915
-1.0265955924987793,-2.3432552814483643,0.817349501857802,0.6801778078079224,-2.6289680004119873,2.0431896250569337,1766201853.5860724
-1.0265955924987793,-2.3432552814483643,0.817349501857802,0.6803982257843018,-2.6288816928863525,2.0431167900604414,1766201853.5860887
-1.0265955924987793,-2.3432552814483643,0.817349501857802,0.6803629398345947,-2.6291093826293945,2.0424810862146545,1766201853.5959895
-1.026857852935791,-2.3432300090789795,0.8169871041873299,0.6803629398345947,-2.6291093826293945,2.0424810862146545,1766201853.5960124
-1.026857852935791,-2.3432300090789795,0.8169871041873299,0.6804035305976868,-2.6289267539978027,2.042824650196122,1766201853.605965
-1.0271183252334595,-2.3430979251861572,0.8161445110025314,0.6804035305976868,-2.6289267539978027,2.042824650196122,1766201853.605987
-1.0271183252334595,-2.3430979251861572,0.8161445110025314,0.6800873279571533,-2.6290500164031982,2.0433419714102308,1766201853.6060176
-1.0273021459579468,-2.342923641204834,0.8167093362428666,0.6800873279571533,-2.6290500164031982,2.0433419714102308,1766201853.6060243
-1.0274664163589478,-2.342669725418091,0.8168048443611704,0.6800873279571533,-2.6290500164031982,2.0433419714102308,1766201853.6161578
-1.0275615453720093,-2.3423991203308105,0.8166022447663559,0.6800873279571533,-2.6290500164031982,2.0433419714102308,1766201853.6260262
-1.0275615453720093,-2.3423991203308105,0.8166022447663559,0.6803141832351685,-2.629240036010742,2.0422858178601504,1766201853.616116
-1.0275615453720093,-2.3423991203308105,0.8166022447663559,0.6801090836524963,-2.629096508026123,2.04299626333238,1766201853.6260028
-1.0275615453720093,-2.3423991203308105,0.8166022447663559,0.6801778078079224,-2.628951072692871,2.0431373022898485,1766201853.635967
-1.027675747871399,-2.3420281410217285,0.8171130266978855,0.6801778078079224,-2.628951072692871,2.0431373022898485,1766201853.6359854
-1.027675747871399,-2.3420281410217285,0.8171130266978855,0.6801819205284119,-2.6288037300109863,2.0441361498995687,1766201853.646015
-1.0276682376861572,-2.3416190147399902,0.8120837421670084,0.6801819205284119,-2.6288037300109863,2.0441361498995687,1766201853.6460576
-1.0277410745620728,-2.341231107711792,0.8133318985275575,0.6801819205284119,-2.6288037300109863,2.0441361498995687,1766201853.656051
-1.0277410745620728,-2.341231107711792,0.8133318985275575,0.6803390979766846,-2.6292543411254883,2.0420902818939246,1766201853.655992
-1.0278860330581665,-2.3406472206115723,0.8130517183772359,0.6803390979766846,-2.6292543411254883,2.0420902818939246,1766201853.6561725
-1.0278860330581665,-2.3406472206115723,0.8130517183772359,0.6803059577941895,-2.6293063163757324,2.0422028069528158,1766201853.6560636
-1.0278860330581665,-2.3406472206115723,0.8130517183772359,0.6801623702049255,-2.6290040016174316,2.0430487540874402,1766201853.665982
-1.0280861854553223,-2.3397817611694336,0.8119867360989589,0.6801623702049255,-2.6290040016174316,2.0430487540874402,1766201853.6660008
-1.0280861854553223,-2.3397817611694336,0.8119867360989589,0.680852472782135,-2.6279208660125732,2.048016632164837,1766201853.6760185
-1.0280861854553223,-2.3397817611694336,0.8119867360989589,0.6804095506668091,-2.6280477046966553,2.046691395536894,1766201853.6860733
-1.0280863046646118,-2.339104413986206,0.813173335380249,0.6804095506668091,-2.6280477046966553,2.046691395536894,1766201853.6760528
-1.0280863046646118,-2.339104413986206,0.813173335380249,0.6800954341888428,-2.6290886402130127,2.043073671187936,1766201853.6959937
-1.0280863046646118,-2.339104413986206,0.813173335380249,0.6803268790245056,-2.6292662620544434,2.0423005304103743,1766201853.7062633
-1.0280141830444336,-2.338364362716675,0.8130736154697552,0.6803268790245056,-2.6292662620544434,2.0423005304103743,1766201853.6861107
-1.0280141830444336,-2.338364362716675,0.8130736154697552,0.6804426312446594,-2.628847360610962,2.043403011476278,1766201853.7063127
-1.0281449556350708,-2.3375747203826904,0.8191383600623036,0.6804426312446594,-2.628847360610962,2.043403011476278,1766201853.6960173
-1.0279879570007324,-2.336733102798462,0.8196334965894262,0.6804426312446594,-2.628847360610962,2.043403011476278,1766201853.7062829
-1.0279244184494019,-2.3357646465301514,0.8196457001640542,0.6804426312446594,-2.628847360610962,2.043403011476278,1766201853.7063327
-1.0276288986206055,-2.334918737411499,0.8217364991479563,0.6804426312446594,-2.628847360610962,2.043403011476278,1766201853.7160304
-1.0276288986206055,-2.334918737411499,0.8217364991479563,0.6801892518997192,-2.6289031505584717,2.04328953965915,1766201853.7159894
-1.027302622795105,-2.3340694904327393,0.8222504223812063,0.6801892518997192,-2.6289031505584717,2.04328953965915,1766201853.7260215
-1.027302622795105,-2.3340694904327393,0.8222504223812063,0.6801741123199463,-2.629005193710327,2.0430707172190887,1766201853.7259681
-1.027043104171753,-2.3332700729370117,0.8216821420702896,0.6801741123199463,-2.629005193710327,2.0430707172190887,1766201853.7359655
-1.027043104171753,-2.3332700729370117,0.8216821420702896,0.6804514527320862,-2.6289596557617188,2.042924031521406,1766201853.7359552
-1.026706576347351,-2.3324220180511475,0.8230225125718522,0.6804514527320862,-2.6289596557617188,2.042924031521406,1766201853.7460165
-1.026706576347351,-2.3324220180511475,0.8230225125718522,0.6804391145706177,-2.6290831565856934,2.0424575562774088,1766201853.7459936
-1.0264686346054077,-2.3313791751861572,0.8239918033299121,0.6804391145706177,-2.6290831565856934,2.0424575562774088,1766201853.7559977
-1.0264686346054077,-2.3313791751861572,0.8239918033299121,0.6804318428039551,-2.629053831100464,2.042626352264926,1766201853.7559779
